Date,Close,High,Low,Open,Volume,Sector,return_ratio,pct_change_open,pct_change_high,pct_change_low,ma_5,ma_10,ma_15,ma_20,ma_25,ma_30,up_or_down
2022-01-10,387.595947265625,390.11942745389706,385.60626709323424,388.2268099078543,2408661,Construction Materials,0.0,0.0,0.0,0.0,0.0,0.0,0.0,0.0,0.0,0.0,0
2022-01-11,385.9459533691406,393.0796265903925,381.7725272061692,389.1973586734504,2105501,Construction Materials,-0.0042569947083415105,0.0024999529677676158,0.007587930587858782,-0.009942109903878005,0.0,0.0,0.0,0.0,0.0,0.0,0
2022-01-12,386.1885986328125,390.8473379472046,384.00482290963447,386.5283030025109,1370663,Construction Materials,0.0006287027019034053,-0.006857846312310123,-0.0056789731448331215,0.00584718790480121,0.0,0.0,0.0,0.0,0.0,0.0,1
2022-01-13,384.7327270507813,388.7120574075378,383.0342349147933,387.2562070052624,2490304,Construction Materials,-0.0037698460989922244,0.0018831842250548458,-0.005463208604366221,-0.002527541158173441,0.0,0.0,0.0,0.0,0.0,0.0,0
2022-01-14,390.8473205566406,393.07961268215627,382.5975015250398,383.4710058515741,2146874,Construction Materials,0.01589309428582153,-0.00977441054582473,0.011235965520975277,-0.0011401941391756543,387.062109375,0.0,0.0,0.0,0.0,0.0,1
2022-01-17,395.7971801757813,396.6707141037816,383.37393538325455,391.62375424593216,3057067,Construction Materials,0.012664432781811508,0.02126040370706317,0.009135811946902272,0.00202937513998358,388.7023559570313,0.0,0.0,0.0,0.0,0.0,1
2022-01-18,369.4463195800781,397.9324667190833,367.8448899671527,397.9324667190833,7265319,Construction Materials,-0.06657667592275485,0.01610911596845943,0.0031808564898783143,-0.040506262901200185,385.4024291992188,0.0,0.0,0.0,0.0,0.0,0
2022-01-19,363.8170166015625,370.75656416934345,362.1185244882213,370.7080476709887,3999114,Construction Materials,-0.015237133732754593,-0.06841467164656712,-0.0682927502091063,-0.015567337307425322,380.92811279296876,0.0,0.0,0.0,0.0,0.0,0
2022-01-20,364.0596923828125,368.6213395708292,361.4876957230625,364.2052715108446,3354873,Construction Materials,0.0006670270223114727,-0.01754150254087672,-0.005759101267156508,-0.0017420505235139494,376.793505859375,0.0,0.0,0.0,0.0,0.0,1
2022-01-21,357.79949951171875,363.5743847009538,353.3348856263571,363.5743847009538,1426135,Construction Materials,-0.01719551217032589,-0.0017322286612538873,-0.013691434347646303,-0.02255349267254525,370.18394165039064,378.62302551269534,0.0,0.0,0.0,0.0,0
2022-01-24,342.4645690917969,360.2744793209857,338.72788024828174,357.1686530984747,4250468,Construction Materials,-0.04285900466839421,-0.01761876488561731,-0.009076286776039888,-0.04134039963866443,359.5174194335938,374.1098876953125,0.0,0.0,0.0,0.0,0
2022-01-25,341.154296875,346.00713182343526,333.3412444557608,341.5910638681007,3178488,Construction Materials,-0.0038260081043468563,-0.04361409965638585,-0.039601327089391125,-0.015902546281613028,353.8590148925781,369.63072204589844,0.0,0.0,0.0,0.0,0
2022-01-27,341.2998962402344,343.8718929915655,330.429563082691,340.5719709547998,2852549,Construction Materials,0.0004267844977128288,-0.0029833711156286302,-0.006171083297090374,-0.008734836812119062,349.3555908203125,365.1418518066406,0.0,0.0,0.0,0.0,1
2022-01-28,350.0835266113281,356.2951494495504,342.61014890919336,343.9689367770304,3157848,Construction Materials,0.02573581318908791,0.009974296512737624,0.036127571666026315,0.03686288149542527,346.56035766601565,361.6769317626953,0.0,0.0,0.0,0.0,1
2022-01-31,354.40252685546875,358.3818573977026,352.31581377214906,353.8687268641615,1955762,Construction Materials,0.012337056490337783,0.02878105848711665,0.005856683570842902,0.02832859707704727,345.88096313476564,358.03245239257814,367.70900472005206,0.0,0.0,0.0,1
2022-02-01,369.2036743164063,371.5815752718993,355.7127991799725,359.1097836196175,6354846,Construction Materials,0.041763662331261386,0.014810737309001842,0.036831434409216435,0.009641876052774334,351.2287841796875,355.37310180664065,366.48285319010415,0.0,0.0,0.0,1
2022-02-02,368.8154296875,374.92998943720994,366.7287167328753,372.4065391400927,3322525,Construction Materials,-0.001051573036550013,0.03702699321208036,0.00901124917956575,0.030968572337846334,356.7610107421875,355.3100128173828,365.3408182779948,0.0,0.0,0.0,0
2022-02-03,370.6595153808594,372.98887015646864,366.1949014496524,366.1949014496524,3772405,Construction Materials,0.005000023168558521,-0.01667972239365978,-0.0051772846542764706,-0.0014556135335639375,362.6329345703125,355.9942626953125,364.3055460611979,0.0,0.0,0.0,1
2022-02-04,369.2036743164063,373.571225738807,366.8743194816633,371.7271543954419,5637748,Construction Materials,-0.00392770454835667,0.015107400250219394,0.0015613216075163194,0.0018553454166656547,366.45696411132815,356.5086608886719,363.27027587890626,0.0,0.0,0.0,0
2022-02-07,371.3874206542969,372.600629286788,363.1861480702681,368.81542427728607,2535377,Construction Materials,0.005914747034773793,-0.007832976643558198,-0.0025981563491660475,-0.01005295605483103,369.85394287109375,357.86745300292966,361.97294921875,368.2452392578125,0.0,0.0,1
2022-02-08,365.2243347167969,374.73590868381785,362.2641173404567,371.7271451879301,2089451,Construction Materials,-0.016594762220653814,0.00789479159216211,0.005730745546826066,-0.002538727687469433,369.0580749511719,360.1434295654297,359.93475952148435,367.1266586303711,0.0,0.0,0
2022-02-09,371.5330505371094,374.5418142807115,365.7581944289163,368.1846120254736,2140597,Construction Materials,0.017273536346378515,-0.009529928627261097,-0.0005179498377619884,0.009645109524264006,369.6015991210937,363.1813049316406,360.07387491861977,366.40601348876953,0.0,0.0,1
2022-02-10,363.8170166015625,373.0859188580553,362.4096827170533,370.5139224388661,4638095,Construction Materials,-0.02076809566306992,0.006326474103788282,-0.0038871372091048295,-0.00915498753784938,368.23309936523435,365.4330169677734,360.07387491861977,365.28743438720704,0.0,0.0,0
2022-02-11,357.07159423828125,364.78761375465336,355.8098689829765,363.96262587879056,2050063,Construction Materials,-0.01854070055955781,-0.017681647472117534,-0.022242343342256055,-0.018210919985902962,365.8066833496094,366.13182373046874,359.6080017089844,363.90437774658204,0.0,0.0,0
2022-02-14,344.6483459472656,354.2569532766519,343.6292328306107,351.34525229081646,1341336,Construction Materials,-0.03479203748345583,-0.03466667369351273,-0.02886792226745971,-0.0342335534064363,360.4588684082031,365.1564056396484,358.73125813802085,361.5944290161133,366.68796508789063,0.0,0
2022-02-15,352.849609375,354.2569433263666,343.3380649361703,346.49240758222703,2027130,Construction Materials,0.023796033041137088,-0.013812182395943173,-2.8087763004336352e-08,-0.0008473315615260546,357.9839233398437,363.5209991455078,359.42359415690106,359.4470504760742,365.2981115722656,0.0,1
2022-02-16,350.0835266113281,357.0230746951081,348.91883437069407,354.3540154613963,1368175,Construction Materials,-0.007839268317659243,0.02268912018599889,0.007808262959558165,0.016254444247424837,353.6940185546875,361.64780883789064,360.0188761393229,358.4789108276367,363.8636145019531,0.0,0
2022-02-17,349.2099914550781,353.77166815974925,346.9776992238967,351.8305341780772,1439893,Construction Materials,-0.0024952192544033247,-0.0071213565338982265,-0.009106992701061412,-0.005563285657245731,350.7726135253906,359.5028564453125,360.5462158203125,357.7485595703125,362.38447021484376,0.0,0
2022-02-18,328.391357421875,343.5807253740016,327.27521127179085,342.3190000946638,11901556,Construction Materials,-0.05961637565539479,-0.027034419015488753,-0.028806554348342672,-0.05678315348846752,345.03656616210935,355.4216247558594,359.1000712076823,355.96514282226565,360.1308154296875,0.0,0
2022-02-21,328.58544921875,331.25450849487714,321.5003218971361,324.3635064229052,5812598,Construction Materials,0.0005910380784646119,-0.0524525184602469,-0.035875751952344936,-0.017645361383202718,341.82398681640626,351.1414276123047,357.3789326985677,354.5044403076172,357.64034057617187,362.5439687093099,1
2022-02-22,327.4207763671875,328.48840596821145,321.3547327469986,324.1693710628955,3078034,Construction Materials,-0.0035445052552741663,-0.0005985117196154466,-0.00835038454037662,-0.0004528429373830134,336.73822021484375,347.36107177734374,354.59340616861977,353.7522506713867,354.9052844238281,360.538129679362,0
2022-02-23,321.20916748046875,330.4780706842226,319.89889607811403,328.9251575265932,5312647,Construction Materials,-0.018971333938053836,0.014670684180014604,0.006057031785175582,-0.00453031034097362,330.9633483886719,342.3286834716797,351.41965535481773,352.75499420166017,352.9757983398438,358.38023681640624,0
2022-02-24,297.9155578613281,312.86228400655386,293.15975578022267,306.6991775217242,12821969,Construction Materials,-0.07251850811685501,-0.06757154172092183,-0.0533039503686189,-0.08358622247749836,320.7044616699219,335.73853759765626,346.57005818684894,350.58577728271484,350.33973999023436,355.43780212402345,0
2022-02-25,299.6140441894531,306.65065492634136,297.0905640702844,301.8463364375518,5240212,Construction Materials,0.005701234068868688,-0.01582280436284722,-0.019854195912225703,0.013408417126014482,314.9489990234375,329.99278259277344,341.9307495117188,348.0623031616211,347.7619140625,352.6005126953125,1
2022-02-28,305.00067138671875,306.6506470892172,294.0332764351923,297.2846521005544,7116898,Construction Materials,0.017978553748500214,-0.015112604614769487,-2.5557174043733255e-08,-0.010290759804706617,310.23204345703124,326.02801513671875,337.5049662272135,345.5922103881836,345.6499609375,349.73895772298175,1
2022-03-02,295.19793701171875,305.583015403635,292.14065699034165,303.5933353501952,6623505,Construction Materials,-0.03214004195607445,0.02122101899665818,-0.003481589540789698,-0.006436752560106229,303.7874755859375,320.2628479003906,332.83653971354164,341.89192352294924,343.75929565429686,346.385649617513,0
2022-03-03,281.6585693359375,301.9434147266883,279.4262473526671,299.516997105322,11872107,Construction Materials,-0.0458653871800051,-0.013426968810666295,-0.011910350030872263,-0.04352153434807582,295.8773559570312,313.42035217285155,326.84490763346355,337.5340805053711,341.37946655273436,343.4593912760417,0
2022-03-04,283.9878845214844,287.4819313303561,275.3498449241012,276.8056952928518,6171233,Construction Materials,0.008269995800371577,-0.07582642064378076,-0.04789468056265567,-0.014588473585378625,293.0918212890625,306.8981414794922,321.52296549479166,333.2004989624023,339.08698608398436,340.7984202067057,1
2022-03-07,272.9234619140625,280.4938729344473,269.8176355563196,279.47478939609545,6936569,Construction Materials,-0.03896089661030888,0.009642482610120462,-0.024307817759435135,-0.020091565220625163,287.7537048339844,301.3513519287109,315.9130900065104,328.38648834228513,336.0005834960937,337.7605458577474,0
2022-03-08,274.5733947753906,276.1748243805187,265.9353545125402,272.7778399250666,6513565,Construction Materials,0.006045405000203452,-0.02396262462707277,-0.01539801389864226,-0.014388537041972072,281.6682495117187,295.950146484375,311.2414265950521,323.54578704833983,332.80741821289064,334.98634236653646,1
2022-03-09,283.0658569335937,284.03642392436166,272.72932440578614,277.3880341137306,7788795,Construction Materials,0.030929661503257266,0.016900911708702004,0.02846602532101583,0.025547448949385876,279.24183349609376,291.5146545410156,306.58917643229165,319.4378631591797,329.3619055175781,333.0063852945963,1
2022-03-10,284.5702514648437,293.1112290735501,282.4349922529903,291.17009510617555,5031572,Construction Materials,0.005314644964768522,0.04968513164772714,0.03194944163782676,0.03558718105708114,279.824169921875,287.85076293945315,302.22162475585935,315.08972320556643,325.9920983886719,331.12025044759116,1
2022-03-11,284.8128662109375,287.2877999369785,281.7555568066679,284.3760992619416,4357253,Construction Materials,0.0008525653853308501,-0.02333342591984433,-0.019867642583936362,-0.0024056348007819306,279.9891662597656,286.5404937744141,297.92848307291666,311.13951568603517,322.558232421875,329.2373494466146,1
2022-03-14,282.6291198730469,288.7436800739297,280.5423771450966,285.9775582233002,2658414,Construction Materials,-0.0076673022779572,0.005631482271242216,0.005067671294327614,-0.004305787879824274,281.9302978515625,284.8420013427734,294.87766723632814,307.4173919677734,319.09525024414063,326.98886922200523,0
2022-03-15,286.414306640625,292.9656334106626,284.23053105061246,284.9584562472833,6826748,Construction Materials,0.013392769893202816,-0.0035635732480139293,0.014621803447444792,0.013146512634019336,284.29848022460936,282.9833648681641,292.0662577311198,304.5056900024414,315.6963256835937,324.72259521484375,1
2022-03-16,300.2449035644531,302.28310016246394,288.2583953426635,291.1700963057207,6876362,Construction Materials,0.04828877819005695,0.02179840577549652,0.03180395817532866,0.014171117638779762,287.7342895507812,283.4880615234375,290.25453287760416,301.8754547119141,313.0971484375,322.42396952311196,1
2022-03-17,297.1876220703125,305.631537051595,296.459696832994,304.9521579350433,9901093,Construction Materials,-0.010182625775975285,0.04733336906566077,0.011077155445777143,0.02845121468389955,290.257763671875,285.040966796875,288.65309651692706,299.2306594848633,310.12333129882813,320.0363759358724,0
2022-03-21,291.5097961425781,300.09931977390863,291.1700917782994,296.99349361386544,4583683,Construction Materials,-0.01910518980629361,-0.026098075104859952,-0.01810093726274209,-0.017842577291962813,291.59714965820314,285.79315795898435,288.2260457356771,296.3456497192383,307.2310424804688,317.39805196126304,0
2022-03-22,292.0436096191406,293.9847436539895,287.3363536607612,291.6068722329125,3537814,Construction Materials,0.0018312025311884028,-0.01813716965785228,-0.02037517487385776,-0.013166661775335431,293.48004760742185,287.7051727294922,287.7213500976562,294.52826232910155,304.62992309570313,314.8260498046875,1
2022-03-23,289.0833740234375,294.4214922861456,286.8510522510569,294.08178792737544,4697043,Construction Materials,-0.01013627930281924,0.008487165187541112,0.001485616657271871,-0.0016889662707881836,294.01386108398435,289.1561706542969,286.6601969401042,292.55315856933595,302.40732421875,312.08258158365885,0
2022-03-24,288.3069152832031,290.83039540515665,286.31726478245656,288.20988227876023,4048136,Construction Materials,-0.002685933574898103,-0.01996691359230074,-0.012197128861431095,-0.001860852398523405,291.6262634277344,289.68027648925784,286.20079549153644,290.5974655151367,299.82561645507815,309.51866760253904,0
2022-03-25,289.0348205566406,291.07301703809736,285.8804780270428,291.07301703809736,3115402,Construction Materials,0.002524758286572837,0.009934200509363,0.0008342375376642064,-0.0015255341159592373,289.995703125,290.1267333984375,286.6925455729167,288.98874816894534,297.3836682128906,306.7687266031901,1
2022-03-28,283.2114562988281,290.58777187970395,280.00859684813435,290.58777187970395,4811353,Construction Materials,-0.020147621821473005,-0.0016670908328473288,-0.0016670908328473288,-0.02053963677209536,288.33603515625,289.9665924072266,286.6407836914062,288.2535430908203,294.7437268066406,304.081874593099,0
2022-03-29,293.5479736328125,294.3244153126899,284.42462098782005,284.42462098782005,8193664,Construction Materials,0.03649752544995177,-0.02120925754038716,0.01285891491171487,0.01577103056618223,288.63690795898435,291.0584777832031,288.0157511393229,287.95023956298826,293.3499914550781,301.96442057291665,1
2022-03-30,300.3873596191406,302.12198394023653,296.174700553622,298.1571283491602,6489029,Construction Materials,0.023299040022954687,0.048281711033477004,0.02649310835889196,0.04131175256555997,290.897705078125,292.4557830810547,289.73668212890624,287.7195739746094,292.22206787109377,300.4890543619792,1
2022-03-31,296.6207580566406,301.0316719888408,296.1251511091776,300.38735875758084,4950492,Construction Materials,-0.012539148009675372,0.007480050605427557,-0.0036088467882278152,-0.00016729803170834057,292.5604736328125,292.09336853027344,290.640342203776,287.7907150268555,290.99006713867186,298.61475931803386,0
2022-04-01,302.27069091796875,303.8070603632568,295.8773491629107,296.2738286730385,3456879,Construction Materials,0.019047665100529576,-0.013694085202373807,0.009219589274708895,-0.0008368149255093549,295.2076477050781,292.60167541503904,291.82037150065105,288.82132110595705,290.2325280761719,297.0209981282552,1
2022-04-04,308.91180419921875,310.7455559541005,302.4193652894304,302.8158447973771,3638554,Construction Materials,0.0219707483417646,0.02208097878114712,0.022838493557547412,0.02211056758832064,300.34771728515625,294.3418762207031,293.4269673665365,290.06751708984376,290.6723779296875,295.67772521972654,1
2022-04-05,314.0165710449219,314.90868781023346,307.62325914003566,311.6872424339068,5323145,Construction Materials,0.01652499767348181,0.02929634558081262,0.01339723698815476,0.01720754173802619,304.4414367675781,296.53917236328124,295.51946411132815,292.1221725463867,291.24847900390625,295.1985656738281,1
2022-04-06,317.8822937011719,322.1445011551384,312.67842099020424,314.01653548775334,7255760,Construction Materials,0.012310568972160985,0.007473174184665199,0.02297749673157745,0.016432963698194802,307.9404235839844,299.4190643310547,297.61732991536456,294.2876174926758,291.76374389648436,294.8417938232422,1
2022-04-07,322.7392578125,324.5234307654624,317.2380024168775,317.3867087041645,5192205,Construction Materials,0.015279127549941318,0.01073247054068771,0.007384666203500867,0.014582334822575094,313.16412353515625,302.8622985839844,299.11695353190106,296.2712875366211,292.86539672851563,294.6857432047526,1
2022-04-08,334.3860168457031,336.8144727628782,320.6081496183974,324.3747503569883,8276853,Construction Materials,0.036087208950481786,0.022017436336117413,0.0378741281282049,0.010623403173152024,319.5871887207031,307.3974182128906,301.5968465169271,298.76207580566404,294.97449462890626,295.1249715169271,1
2022-04-11,357.0352478027344,366.2535246869576,335.3276398666564,335.47634614660086,30662312,Construction Materials,0.06773378615135806,0.03422459910148623,0.08740435552721881,0.045911154366409024,329.2118774414063,314.77979736328126,305.9652099609375,302.3731948852539,297.8963891601563,297.0956278483073,1
2022-04-12,356.4900817871094,368.3351002810279,352.6243535326356,360.80186840725054,19884358,Construction Materials,-0.0015269249156212306,0.07549123075754083,0.005683428154990455,0.05158153283414779,337.7065795898437,321.0740081787109,310.2616414388021,306.06624298095704,301.23905395507813,298.9914957682292,0
2022-04-13,365.9561767578125,370.9122461600069,355.84578307755714,356.7874483637529,17817591,Construction Materials,0.026553599817557227,-0.011126383744128554,0.006996742577649151,0.009135584404902364,347.32135620117185,327.6308898925781,315.38649495442706,310.04333648681643,304.894365234375,301.0233459472656,1
2022-04-18,360.2071228027344,376.3143485700848,357.3326085618352,365.75792665552615,10936057,Construction Materials,-0.015709678699815544,0.02514235949978727,0.014564367895654629,0.004178286086234051,354.81492919921874,333.9895263671875,320.1798421223958,313.0414474487305,307.98001586914063,303.19031880696616,0
2022-04-19,351.13751220703125,366.74913060437984,347.9160671409117,363.5276855382603,9971239,Construction Materials,-0.025178876322970556,-0.006097587925596226,-0.02541815905253353,-0.02635231488898382,358.16522827148435,338.87620849609374,324.3200215657552,315.7389419555664,310.6427062988281,305.50628356933595,0
2022-04-20,368.0377197265625,372.49818240692485,351.8809447841405,351.8809447841405,13525255,Construction Materials,0.04812988339897695,-0.03203811213683749,0.01567570669648477,0.011396075139073591,360.36572265625,344.78880004882814,329.97510579427086,319.5653381347656,313.9717004394531,308.3079447428385,1
2022-04-21,374.0345764160156,380.9730738124987,371.5069627861994,375.5709458826005,14385266,Construction Materials,0.01629413608449859,0.06732391011679373,0.022751497338356685,0.05577459732608814,363.87462158203124,350.7906005859375,335.34087931315105,323.6648864746094,317.6279187011719,311.678315226237,1
2022-04-22,370.9122619628906,377.6525045372673,367.7899139069215,374.6788627692573,5946333,Construction Materials,-0.008347662622645413,-0.00237527189768838,-0.008716020904053767,-0.010005327629396321,364.8658386230469,356.0935974121094,340.04253946940105,327.756330871582,321.0078369140625,314.8896107991537,0
2022-04-25,373.0433349609375,384.19449066772455,366.7491210232175,368.53329383652505,12835090,Construction Materials,0.005745490825159294,-0.016402230131986273,0.017322766437026793,-0.0028298570579273763,367.4330810546875,361.12400512695314,345.1373779296875,331.99315185546874,323.9197741699219,317.88886006673175,1
2022-04-26,381.7660217285156,387.5646290052093,377.9498422216695,378.6437040408951,11192640,Construction Materials,0.023382502648094494,0.027434184030208364,0.008771959045085431,0.030540553627510514,373.55878295898435,365.86200561523435,350.43706665039065,336.6297119140625,327.30291015625,321.12871907552085,1
2022-04-27,381.1712951660156,384.29364316712696,372.9442318521786,381.61735352315947,11121579,Construction Materials,-0.0015578300022806024,0.007853423813811045,-0.00843984613992832,-0.013244112869757685,376.185498046875,368.2756103515625,355.2543660481771,341.5277038574219,330.8893701171875,324.3406667073568,0
2022-04-28,379.9818420410156,386.4742807713971,377.1073278760249,386.4742807713971,7163762,Construction Materials,-0.0031205212461813403,0.012727217993095952,0.005674404568076108,0.011162784320783992,377.374951171875,370.6247863769531,359.65205078125,345.84939727783205,334.4068994140625,327.58575744628905,0
2022-04-29,368.9298400878906,382.11297337296304,367.4925677769807,381.320014321774,10529413,Construction Materials,-0.029085605495675293,-0.0133366350778511,-0.011284858049878443,-0.02549608397481229,376.978466796875,370.9221527099609,363.0552205403646,349.27652130126955,337.60075805664064,330.3362752278646,0
2022-05-02,374.8275146484375,377.156873266464,365.5101104257781,368.3350759731954,5959678,Construction Materials,0.01598589737046452,-0.034052601124737625,-0.012970248203694523,-0.0053945508699529965,377.335302734375,372.3841918945312,366.52777099609375,353.1868591308594,341.06158203125,332.8223622639974,1
2022-05-04,364.8658447265625,378.6437119654688,361.4461446522261,376.2152257968012,5415006,Construction Materials,-0.026576677358433387,0.021393970701229836,0.003942228829419525,-0.011118613843042358,373.95526733398435,373.75702514648435,368.55975952148435,356.3166168212891,344.0948229980469,335.07830301920575,0
2022-05-05,363.1312255859375,372.052150864563,361.74353214804097,367.74036426333765,5794511,Construction Materials,-0.004754128580944483,-0.022526630907917844,-0.017408346930390728,0.000822771248814913,370.3472534179688,373.26637573242186,368.9661580403646,359.027587890625,347.29161376953124,337.46568400065104,0
2022-05-06,362.1895446777344,369.0784932240293,357.3821513234417,357.3821513234417,5868878,Construction Materials,-0.002593224823019935,-0.028167190622779947,-0.007992582850612773,-0.012056555092226029,366.7887939453125,372.0818725585938,369.3461222330729,361.4362365722656,350.03727661132814,339.8038818359375,0
2022-05-09,363.5276794433594,365.75791060558856,356.2918304390164,360.1575584036578,3690073,Construction Materials,0.003694570385281537,0.007765936463078438,-0.008996955063499512,-0.0030508543316661862,365.70836181640624,371.3434143066406,369.18422241210936,363.718505859375,352.56288940429687,342.2853586832682,1
2022-05-10,355.0528564453125,370.6148976374206,351.8809596389282,365.3118968436764,6322735,Construction Materials,-0.02331273098935327,0.014311343243397223,0.013279239876972992,-0.012379938082367037,361.75343017578126,369.54436645507815,368.8406046549479,365.3341857910156,354.9001733398438,344.5102233886719,0
2022-05-11,355.8953552246094,362.58604936035545,348.11434994778244,356.83702057312365,5728451,Construction Materials,0.0023728826962039484,-0.02319901526278323,-0.02166358753586839,-0.010704215695588437,359.95933227539064,366.9572998046875,369.1577941894531,366.40965270996094,357.0451599121094,346.73890787760416,1
2022-05-12,370.2679443359375,378.643713983252,346.23100699537764,353.7146901727259,7493279,Construction Materials,0.04038431213089999,-0.008750018132599902,0.04428649323718914,-0.005410127312152735,361.3866760253906,365.86696472167966,369.3064758300781,367.07128753662107,359.4994055175781,349.6407908121745,1
2022-05-13,355.9449157714844,375.2240078810335,352.971274086258,374.6788523385209,10195371,Construction Materials,-0.03868287488440558,0.05926856516917001,-0.00903146143968403,0.019467543214494176,360.13775024414065,363.46327209472656,368.100498453776,367.04402923583984,361.1765393066406,351.72068888346354,0
2022-05-16,364.7667236328125,374.38151078486976,357.18394317240046,363.7755097098972,50459752,Construction Materials,0.024784194043641516,-0.029100501831292536,-0.002245317672825653,0.011934877978520664,360.38555908203125,363.0469604492188,367.6907958984375,366.9845565795898,363.0519165039062,353.8666676839193,1
2022-05-17,365.5596618652344,368.880234367897,360.8018474058154,367.7403444713119,9431128,Construction Materials,0.0021738228326444453,0.010899125025146894,-0.014694305831074894,0.010128966608302203,362.48692016601564,362.12017517089845,367.19188435872394,367.25218353271487,364.7647326660156,356.1646311442057,1
2022-05-18,357.9273681640625,369.326328740947,356.53967466546214,366.0057559143125,11887905,Construction Materials,-0.02087838045978263,-0.004716884027215373,0.001209320347061782,-0.011813056864865112,362.89332275390626,361.42632751464845,365.60264078776044,367.59167633056643,365.70638671875,358.0198537190755,0
2022-05-19,360.8018493652344,361.7435146433015,354.1111557300274,355.0032421648324,9179791,Construction Materials,0.008030906426396367,-0.030061040220514923,-0.020531474491666257,-0.006811356794200751,361.00010375976564,361.1933898925781,364.244677734375,367.2298828125,365.85705078125,359.74952189127606,1
2022-05-20,359.8106384277344,364.7667078275654,358.8689731419876,364.7667078275654,4308673,Construction Materials,-0.0027472446143052,0.02750246900055009,0.00835728371590827,0.013435943304727527,361.77324829101565,360.95549926757815,362.8999308268229,366.51868591308596,365.989873046875,361.27599080403644,0
2022-05-23,360.2567138671875,364.0728632865709,359.21592109417054,362.4373663569139,3889679,Construction Materials,0.0012397505571328793,-0.006385839005221494,-0.0019021597259433198,0.0009667816895544412,360.8712463378906,360.62840270996094,362.32172241210935,365.9859085083008,365.76189453125,362.688471476237,1
2022-05-24,358.2742614746094,362.4869203758212,357.2830476155007,361.5948037030663,4200025,Construction Materials,-0.005502888124685912,-0.002324712438777299,-0.0043561140383631125,-0.005380812389334744,359.41416625976564,360.95054321289064,361.2181722005208,365.24745483398436,365.684580078125,363.8729715983073,0
2022-05-25,358.5220642089844,361.0496474447836,357.4812715093728,359.2158957592791,2440985,Construction Materials,0.0006916565352896864,-0.006578932881294186,-0.0039650339094924325,0.0005548091217733031,359.53310546875,361.2132141113281,360.795253499349,364.0852569580078,365.97996215820314,364.67750651041666,1
2022-05-26,362.1895446777344,363.08163111732193,356.53964372738216,358.9680995768456,3900318,Construction Materials,0.01022944146224769,-0.0006898252147492512,0.00562798963222666,-0.002634061857324288,359.81064453125,360.40537414550784,360.7324747721354,363.13616943359375,365.74603515625,364.84931640625,1
2022-05-27,363.0816345214844,364.9153862613802,360.554051210714,364.7667102282962,1603075,Construction Materials,0.0024630469235211727,0.016153554196838282,0.005050531304531258,0.011259357981524776,360.46484375,361.1190460205078,360.7919474283854,362.29115905761716,365.30791748046875,365.06903483072915,1
2022-05-30,368.2855224609375,369.2271877913256,363.52770771132526,365.2623320834993,5001959,Construction Materials,0.014332556220618242,0.001358736532982796,0.011815894018941009,0.008247463842455671,362.07060546875,361.47092590332034,361.1091369628906,362.25894317626955,365.2028479003906,365.1466796875,1
2022-05-31,366.1544189453125,369.5245402505492,365.4110084993287,368.2855228405762,11507115,Construction Materials,-0.0057865525133452556,0.00827676574212366,0.0008053373886205417,0.005180625157461094,363.6466369628906,361.5304016113281,361.8492411295573,361.8252883911133,364.92729125976564,365.3449228922526,0
2022-06-01,368.3846435546875,369.7227883829066,365.9066087800031,366.74914665328544,2369910,Construction Materials,0.006090940035078818,-0.004171698565397675,0.0005364951735626899,0.0013562817461623133,365.61915283203126,362.5761291503906,362.6818603515625,362.00122833251953,364.3920361328125,365.9198272705078,1
2022-06-02,370.2184143066406,373.0433801444125,367.6908308067365,368.136858939364,5215564,Construction Materials,0.004977869691467962,0.003783818718440024,0.008981301304227252,0.0048761678087267946,367.2249267578125,363.5177856445313,362.6785583496094,362.3555877685547,363.9539208984375,365.9925170898438,1
2022-06-03,363.6763610839844,372.0521303445186,362.1399916927368,371.70519944181694,8010976,Construction Materials,-0.017670793698656095,0.009692972642657116,-0.0026571971321676102,-0.015096485005679394,367.3438720703125,363.90435791015625,363.19398803710936,362.4299285888672,363.30170166015625,365.6472432454427,0
2022-06-06,361.6939392089844,366.2535291125072,360.6531767334773,362.7842805282209,10390245,Construction Materials,-0.005451060577847611,-0.023999984199823965,-0.015585453647697034,-0.004105635923582374,366.0255554199219,364.04808044433594,362.9891357421875,362.33824157714844,363.012265625,365.3399658203125,0
2022-06-07,360.1575927734375,364.27112459310246,358.5220958149501,360.4053962595552,5708056,Construction Materials,-0.004247642188605183,-0.006557296984318173,-0.005412656430119345,-0.005908948141893355,364.82619018554686,364.2364135742188,362.6289978027344,362.5934783935547,362.42546875,364.9104410807292,0
2022-06-08,359.8601989746094,361.34701984394303,358.621181583498,360.20712989401017,5020929,Construction Materials,-0.0008257324149075762,-0.0005501204132976056,-0.008027275706867232,0.0002763728364432172,363.1213012695313,364.37022705078124,362.7578531901042,362.7917205810547,362.22524291992187,364.1802469889323,0
2022-06-09,362.0904235839844,365.26232014636406,359.31503677898775,359.8106437262691,5238450,Construction Materials,0.006197475063176805,-0.001100717156425235,0.010835291526998025,0.0019347858718941069,361.495703125,364.3603149414063,362.84375813802086,362.38284454345705,362.18361083984377,363.5442179361979,1
2022-06-10,361.9417419433594,363.3790141679916,360.0584416227513,360.0584416227513,3916129,Construction Materials,-0.0004106201957879696,0.0006886897338997944,-0.005156036838450229,0.002068949995601699,361.148779296875,364.24632568359374,362.98583170572914,362.6826858520508,362.17369873046874,362.94288126627606,0
2022-06-13,359.5133056640625,361.7435370137169,358.72031636784953,359.8602063411165,4509163,Construction Materials,-0.0067094672923271315,-0.0005505641826958341,-0.004500747402871874,-0.0037164112827654527,360.7126525878906,363.3691040039063,362.93627115885414,362.4200149536133,362.01312377929685,362.6289967854818,0
2022-06-14,356.39093017578125,360.1079821394396,354.8545607972477,358.9185436607367,6976071,Construction Materials,-0.008685006755212776,-0.0026167457912453784,-0.004521310561010128,-0.010776516952660353,359.9593200683594,362.39275512695315,362.8107157389323,361.9615783691406,362.06664672851565,362.0144439697266,0
2022-06-15,358.7698974609375,359.26550443063104,355.845804239966,356.7378907355247,4077501,Construction Materials,0.0066751622550631495,-0.006075620676966875,-0.0023395141196352887,0.0027933794636634257,359.741259765625,361.4312805175781,362.8272379557292,362.0037048339844,362.18162841796874,361.8112457275391,1
2022-06-16,356.24224853515625,360.9505142816197,355.4988381541357,360.6531622289898,2940387,Construction Materials,-0.007045320534609378,0.010975205031886537,0.004690152074742215,-0.0009750461624000728,358.5716247558594,360.0336639404297,362.430751546224,361.77572479248045,361.6206005859375,361.5816131591797,0
2022-06-17,354.21026611328125,357.87773911300417,353.5164043365915,355.8457628732553,4012167,Construction Materials,-0.005703934416061984,-0.013329702493173001,-0.008513009531877502,-0.005576484659802539,357.02532958984375,359.08705444335936,361.8393269856771,361.49570617675784,361.55121459960935,361.3156372070313,0
2022-06-20,354.16070556640625,356.7874465356681,352.97126706564217,354.358960441257,2297837,Construction Materials,-0.0001399184372006257,-0.004178221541808469,-0.0030465504226061535,-0.0015420423614354029,355.9548095703125,358.33373107910154,360.8976725260417,361.19090576171874,361.1269738769531,361.00340474446614,0
2022-06-21,355.74664306640625,357.7786495991566,354.9536840898597,354.9536840898597,3693727,Construction Materials,0.0044780165474982425,0.001678308480931534,0.002778133236224889,0.005616369402240418,355.8259521484375,357.89263610839845,360.2038208007813,361.0645248413086,360.734453125,361.0265309651693,1
2022-06-22,354.8050231933594,355.7466582369831,352.3765370687745,355.7466582369831,2588905,Construction Materials,-0.0026468833688224613,0.00223402145876217,-0.005679465123058947,-0.007260516333823297,355.03297729492186,357.3871185302734,359.2985127766927,360.87867279052733,360.60955932617185,360.9901865641276,0
2022-06-23,355.7962646484375,358.81945514030946,354.90414788084945,355.251078818306,2799410,Construction Materials,0.002793763871087984,-0.001393068373805928,0.008637598786042311,0.007173039479588361,354.94378051757815,356.75770263671876,358.3370361328125,360.5590087890625,360.4093359375,360.50779724121094,1
2022-06-24,357.4317321777344,358.8194255637268,356.044038791742,358.8194255637268,2713333,Construction Materials,0.004596640526602691,0.010044576802667127,-8.242747784326099e-08,0.0032118275249779504,355.58807373046875,356.30670166015625,357.9207275390625,360.276513671875,360.3141796875,360.55735778808594,1
2022-06-27,361.9417419433594,362.4869277265927,357.3326034549259,359.06722774354205,3073581,Construction Materials,0.01261782141766421,0.0006906041372367611,0.01022102456438656,0.00361911595980291,357.1442810058594,356.54954528808594,357.93724772135414,359.9593246459961,360.3815808105469,360.46319173177085,1
2022-06-28,363.2303466796875,364.1224331420695,360.3062535674627,362.63561228828354,4285971,Construction Materials,0.0035602545575685873,0.009937928802820517,0.004511901782870309,0.008321799029211485,358.6410217285156,357.2334869384766,358.14209798177086,359.81312103271483,360.57982421875,360.3855478922526,1
2022-06-29,362.2886962890625,364.2711241757332,360.9010028182829,361.7435407200077,4586257,Construction Materials,-0.0025924331467144235,-0.0024599668042715184,0.00040835449873433127,0.0016506770141553329,360.13775634765625,357.5853668212891,358.3039978027344,359.5083236694336,360.7304895019531,360.5309254964193,0
2022-06-30,359.8106384277344,362.7347314734135,358.9185519856542,362.3382217218694,4383329,Construction Materials,-0.006840008773972173,0.001643929842335412,-0.0042177175195980965,-0.005493059917117793,360.9406311035156,357.94220581054685,358.152012125651,358.9879348754883,360.6353332519531,360.4978851318359,0
2022-07-01,364.3206481933594,365.3614409133112,358.9185507163166,360.7523024376583,2763265,Construction Materials,0.012534398052632456,-0.004376903095330786,0.00724140594210021,-3.536561599126742e-09,362.31841430664065,358.9532440185547,358.31060587565105,359.02014923095703,360.6848937988281,360.6482187906901,1
2022-07-04,365.3118896484375,366.6500345325699,362.83385477021056,363.7259715259317,2275112,Construction Materials,0.0027207940587326007,0.008242966346104774,0.0035269009669920415,0.010908614352977741,362.99244384765626,360.0683624267578,358.697178141276,359.2010467529297,360.5659484863281,360.8167246500651,1
2022-07-05,363.4285583496094,367.988148188501,362.3877958888549,365.7083683937785,3120800,Construction Materials,-0.00515540652301405,0.005450248327140583,0.0036495664254798665,-0.0012293750307235118,363.03208618164064,360.8365539550781,359.1663533528646,359.3645950317383,360.4569140625,360.98853454589846,0
2022-07-06,365.0144958496094,367.09605095933335,363.7259299599661,363.7754785520886,2209031,Construction Materials,0.00436382189446527,-0.005285331178445096,-0.002424255328763114,0.0036925472830260375,363.57724609375,361.8575012207031,359.58265991210936,359.62230987548827,360.32210815429687,361.2049489339193,1
2022-07-07,363.7259521484375,366.6500149992964,362.8834142848367,366.6500149992964,2378264,Construction Materials,-0.0035301165181745864,0.007901952211427643,-0.0012150388403017187,-0.002316347573080968,364.3603088378906,362.6504699707031,360.0815734863281,359.70408630371094,360.0624096679687,361.25616251627605,0
2022-07-08,365.2127685546875,365.80747268698735,362.7842824331567,363.775496319586,2126285,Construction Materials,0.00408773802767648,-0.007839952439974374,-0.0022979470280688474,-0.00027317823790695694,364.5387329101562,363.42857360839844,360.81507364908856,359.86763763427734,360.12386596679687,361.3272003173828,1
2022-07-11,365.9561767578125,366.6995871681417,363.62681808889175,363.8746215590015,3135297,Construction Materials,0.0020355482259477586,0.0002724901496071741,0.0024387541200332485,0.002322414990209243,364.66759033203124,363.83001708984375,361.6014383951823,360.18978118896484,360.29435546875,361.249555460612,1
2022-07-12,367.6412353515625,369.57411458731593,364.51891756641686,365.559680078316,2870836,Construction Materials,0.004604536555930849,0.0046308767346701085,0.0078389164312207,0.002453337963942648,365.5101257324219,364.27110595703124,362.3944112141927,360.7522964477539,360.593701171875,361.299116007487,1
2022-07-13,367.9385986328125,370.6644367604145,367.04648195513096,369.6732228958319,2291028,Construction Materials,0.0008088409369140237,0.01125272572903735,0.002950212501533267,0.006933973154503281,366.0949462890625,364.8360961914062,363.2699829101563,361.21073150634766,360.9168371582031,361.28424784342445,1
2022-07-14,366.6500244140625,369.5245387435874,365.26233097044167,369.5245387435874,2772420,Construction Materials,-0.003502144715281541,-0.0004022042794437075,-0.003075282934585588,-0.004860831181886627,366.6797607421875,365.52003479003906,363.9935668945312,361.73112030029296,361.09922119140623,361.16530151367186,0
2022-07-15,365.9066162109375,368.03772011055554,364.7667262413231,364.7667262413231,3856534,Construction Materials,-0.002027568944835134,-0.012875498115608841,-0.004023599185285942,-0.001356845990118427,366.8185302734375,365.6786315917969,364.5585591634115,362.3159378051758,361.25781616210935,361.23964335123696,0
2022-07-18,367.4430236816406,369.1280692484242,366.35268228581054,367.3438962366653,1745124,Construction Materials,0.004198905957517374,0.007065255161560868,0.002962601598393677,0.004347863800050034,367.11589965820315,365.89174499511716,364.92531127929686,362.9800537109375,361.5750048828125,361.4312795003255,1
2022-07-19,367.6907958984375,368.23595142526426,366.0552688190641,366.0552688190641,1567448,Construction Materials,0.0006743146578598314,-0.003507959246914938,-0.0024168246673204052,-0.0008118228175395537,367.1258117675781,366.31796875,365.22267456054686,363.57726135253904,362.02699951171877,361.68238627115886,1
2022-07-20,364.6180419921875,368.6820250635897,363.37902460758,366.6995972482177,7381308,Construction Materials,-0.008356896448119766,0.0017601943860341418,0.001211379922571254,-0.007311038631182654,366.4617004394531,366.2783233642578,365.3779642740885,364.06791229248046,362.26092529296875,361.8409810384115,0
2022-07-21,367.4925537109375,368.08728810128974,363.0320911574669,364.7667154838166,3275734,Construction Materials,0.007883624471911377,-0.005271022327010377,-0.001613143364386671,-0.000954742642307882,366.6302062988281,366.6549835205078,365.8900919596354,364.6527267456055,362.7109375,362.02105204264325,1
2022-07-22,369.2767028808594,369.8218886408861,365.7083572671552,366.74911969624463,3091493,Construction Materials,0.004854926043821983,0.005434717939652556,0.004712470643971178,0.007371982188008497,367.3042236328125,367.061376953125,366.2204956054687,365.2449752807617,363.31359497070315,362.2655507405599,1
2022-07-25,367.8890075683594,370.2183661226345,367.1455971946192,369.27670088278535,3224932,Construction Materials,-0.0037578739781689574,0.00689185345184784,0.0010720768400309666,0.003930016634577704,367.39342041015624,367.25466003417966,366.3923034667969,365.5423385620117,363.86272705078125,362.54474080403645,0
2022-07-26,366.6996154785156,367.8890540772025,365.3118917392069,367.78992663161625,3457867,Construction Materials,-0.003233018832786816,-0.004026179414013509,-0.006291724718650027,-0.0049944912030098765,367.1951843261719,367.160498046875,366.61037394205727,365.71580200195314,364.3008459472656,362.88836364746095,0
2022-07-27,367.5916748046875,368.929819597516,365.46057100471086,366.0057265409443,2093379,Construction Materials,0.0024326704706461033,-0.004851139091851864,0.0028290200775993313,0.0004069926790395417,367.7899108886719,367.1258056640625,366.7821858723958,365.9809509277344,364.81231201171875,363.1824228922526,1
2022-07-28,367.5916748046875,369.2271716628348,366.35265745011424,369.2271716628348,2711190,Construction Materials,0.0,0.008801624915369066,0.0008059854463464688,0.0024409923153978497,367.8097351074219,367.219970703125,367.03990071614584,366.37000274658203,365.28412841796876,363.56073710123695,0
2022-07-29,371.5069580078125,372.6964267888325,366.7491433826278,369.12805069522017,6522804,Construction Materials,0.010651174853743006,-0.0002684552362932635,0.009395990848598101,0.0010822520990381168,368.2557861328125,367.7800048828125,367.4595133463542,366.7293182373047,365.8471374511719,364.1372934977214,1
2022-08-01,372.1016845703125,374.6788467086743,370.961794657993,373.6876328284926,2858911,Construction Materials,0.0016008490545889043,0.012352304639771772,0.005319127786983069,0.01148646520755503,369.09832153320315,368.24587097167966,367.8692138671875,367.0688079833984,366.25353515625,364.7353261311849,1
2022-08-02,375.3231506347656,379.436682417284,371.6556772230108,372.1017053443256,9280180,Construction Materials,0.008657488525409818,-0.004243992428015209,0.012698436942475855,0.0018704960322331043,370.8230285644531,369.0091064453125,368.3813415527344,367.6635375976563,366.7372473144531,365.38787638346355,1
2022-08-03,378.3959045410156,379.04018752308855,373.1920315905498,376.66128022419366,4871595,Construction Materials,0.008186955430415699,0.012253571575676858,-0.0010449566754312523,0.004133811109838348,372.98387451171874,370.3868927001953,369.0784952799479,368.3326080322266,367.38153564453125,366.1742390950521,1
2022-08-04,377.9002990722656,380.3783338202805,374.67885389984633,378.64370949667006,6766464,Construction Materials,-0.001309753786450596,0.005263161828835683,0.0035303546727758484,0.00398406767411319,375.04559936523435,371.42766723632815,369.82851359049477,369.041325378418,368.1051220703125,366.911040242513,0
2022-08-05,379.2879943847656,379.6844738965482,376.7108321840069,377.751624933065,5063415,Construction Materials,0.0036721201753657784,-0.0023559999578255386,-0.0018241310349188522,0.005423253175381282,376.601806640625,372.4287963867188,370.72060546875,369.7450866699219,368.70381591796877,367.63958231608075,1
2022-08-08,376.8595275878906,379.58536574568205,375.5213828059945,379.48623830823664,3347503,Construction Materials,-0.006402698827349229,0.0045919415316320045,-0.0002610276629144703,-0.0031574599836072803,377.5533752441406,373.3258483886719,371.34837239583334,370.2902542114258,369.16572143554686,368.1368418375651,0
2022-08-10,376.7108459472656,378.2967943017871,375.075348995504,376.6612973500255,4144801,Construction Materials,-0.00039452801306805174,-0.007444119636076496,-0.003394681566196822,-0.0011877720708143302,377.83091430664064,374.32697143554685,371.9497090657552,370.7437347412109,369.69701293945315,368.58619181315106,0
2022-08-11,376.8595275878906,378.6437004641208,375.2735793371044,378.6437004641208,2409612,Construction Materials,0.0003946837268544723,0.00526309214151377,0.0009170211525952876,0.0005285080507990703,377.5236389160156,375.2537567138672,372.76580810546875,371.18978118896484,370.1708142089844,369.07188618977864,1
2022-08-12,381.4190979003906,384.5909944908156,375.5213933252645,376.6612832642009,5187959,Construction Materials,0.012098859067418921,-0.005235574228463213,0.01570683473514789,0.0006603555427424634,378.22739868164064,376.6364990234375,373.6942443847656,371.92823486328126,370.8785400390625,369.79216817220055,1
2022-08-16,392.6198425292969,395.4943568676685,382.0634202567789,385.4830901552137,11560886,Construction Materials,0.029365977452527448,0.02342106099825747,0.02835054001014381,0.017421183047880096,380.8937683105469,378.74778747558594,375.2504536946615,373.2638961791992,371.9748229980469,370.7354746500651,1
2022-08-17,394.8004760742188,401.3920725719362,393.5119101307483,395.2465344197377,9431378,Construction Materials,0.005554058426782582,0.02532781466650791,0.014912262594535708,0.029964893959947947,384.4819580078125,381.0176666259766,377.0445515950521,374.63176879882815,373.12859497070315,371.7184275309245,1
2022-08-18,406.001220703125,410.85816277774927,393.01631252443326,394.8004854499858,15635959,Construction Materials,0.028370646206618444,-0.001128533537698928,0.02358315186734683,-0.0012594221256234661,390.34003295898435,384.0854736328125,379.66465861002604,376.5472900390625,374.6629943847656,373.13751627604165,1
2022-08-19,416.7558898925781,423.2483287371276,406.6950447640231,408.3801204676735,25171485,Construction Materials,0.02648925333482466,0.034396196352722175,0.030156796388345564,0.034804489797709115,398.3193054199219,387.9214721679688,382.94227294921876,379.15418243408203,376.6156860351563,374.8622294108073,1
2022-08-22,404.4152526855469,416.5576224046594,400.7973281660679,414.4265186671127,11430999,Construction Materials,-0.02961118848305211,0.01480580933399711,-0.015807992325525988,-0.014501569846707252,402.9185363769531,390.5729675292969,385.397178141276,381.0003173828125,378.1262951660156,376.2185394287109,0
2022-08-23,401.8876647949219,410.80858938304937,394.5031095638602,396.4855372501108,15303452,Construction Materials,-0.006249981606382016,-0.04329110375152656,-0.01380129113572004,-0.01570424291750705,404.7721008300781,392.8329345703125,387.42255859375,382.6308654785156,379.565537109375,377.4410359700521,0
2022-08-24,400.5990905761719,403.9692117773738,394.60225859680287,401.8876867924342,15732854,Construction Materials,-0.0032063044766690307,0.013625085998825837,-0.01664857498706862,0.00025132636610214476,405.93182373046875,395.20689086914064,389.3223856608073,384.26636962890626,380.89177978515625,378.5957997639974,0
2022-08-25,393.66058349609375,404.71261212689865,392.4215661552088,400.5990806050498,11274377,Construction Materials,-0.017320326589105983,-0.0032063838473607165,0.0018402401169486104,-0.00552630501748419,403.4636962890625,396.90186462402346,390.5448811848958,385.61441802978516,381.9305712890625,379.4631113688151,0
2022-08-26,399.3105163574219,403.1266958333607,388.75409461836944,396.4855507583791,13259855,Construction Materials,0.014352295094294476,-0.010268445550243865,-0.003918623353997841,-0.009345744100590081,399.97462158203126,399.14696350097654,391.93918863932294,387.2003601074219,383.3182702636719,380.5088419596354,1
2022-08-29,399.9052734375,401.9372499007205,391.6286310456349,393.5119314687695,7557377,Construction Materials,0.0014894600961266047,-0.007499943652225838,-0.0029505511416983987,0.007394228040446427,399.0726257324219,400.9955810546875,393.40618693033855,388.8160400390625,384.6147790527344,381.6173502604167,1
2022-08-30,407.6366882324219,409.2226364128201,400.9459948693365,403.0770985573191,7851221,Construction Materials,0.019333115386211963,0.024307184417122984,0.01812568134428738,0.023791324446388318,400.22243041992186,402.497265625,395.2960998535156,390.62252655029295,386.14917846679685,383.0083526611328,1
2022-09-01,406.1994323730469,410.1642878583844,404.06832859956734,406.00120774844805,10762759,Construction Materials,-0.003525825571803143,0.007254466209057231,0.002301073698705025,0.007787417183823919,401.3424987792969,403.6371612548828,397.25209350585936,392.32741394042966,387.68159545898436,384.30023295084635,0
2022-09-02,411.948486328125,414.6247456008615,401.9867688839522,407.8349548583929,8068140,Construction Materials,0.014153279145398434,0.004516605061630763,0.010874807667353936,-0.005151504258770978,405.0000793457031,404.2318878173828,399.60126953125,394.15868072509767,389.4915502929687,385.7754892985026,1
2022-09-05,414.2778625488281,415.9629080329994,410.4121041304608,413.4848732773525,6074232,Construction Materials,0.005654532782644495,0.013853443290365641,0.0032274060975272523,0.02095923522532872,407.99354858398436,403.9840850830078,402.0958251953125,395.9527786254883,391.3589978027344,387.4308166503906,1
2022-09-06,432.6648559570313,437.125318389578,413.8317923529451,415.7150926634644,23184248,Construction Materials,0.044383239053803036,0.005393714571550801,0.05087571499259669,0.008332327892057734,414.54546508789065,406.8090454101563,405.5122090657552,398.6910064697266,393.9619250488281,389.6032267252604,1
2022-09-07,444.9559020996094,453.48034746802335,432.16924917171184,436.1836532626336,28272706,Construction Materials,0.028407775610503228,0.04923699177729679,0.03741496635038022,0.04431137761191439,422.0093078613281,411.115869140625,409.00127970377605,401.9744018554687,396.8998828125,392.12586669921876,1
2022-09-08,457.8416748046875,459.9232299556692,442.3291839821496,449.9615427859338,14949706,Construction Materials,0.028959662394125285,0.031587358719755265,0.01420763330455066,0.023509157187629803,432.33775634765624,416.8401275634766,413.2040262858073,406.0235092163086,400.329482421875,395.12428894042966,1
2022-09-09,450.7049560546875,480.4413719742988,447.8799904924351,461.2117988133929,29429693,Construction Materials,-0.015587743848448188,0.025002705693031535,0.0446121019384198,0.012549039745271662,440.08905029296875,422.54456481933596,416.1842753092448,409.7232147216797,403.3447546386719,397.9244669596354,0
2022-09-12,471.4708862304688,475.28706580139135,436.72885108032335,450.6058457022618,27759936,Construction Materials,0.04607433287967133,-0.02299584082284567,-0.010728272945617956,-0.024897605717664084,451.52765502929685,429.76060180664064,419.8319417317708,414.4537826538086,407.06775390625,401.38710734049477,1
2022-09-13,482.2255554199219,484.3566592244061,472.0656130909307,479.0041102912173,17846212,Construction Materials,0.02281088716938484,0.06302240607797094,0.019082348491268775,0.08091235997620916,461.439794921875,437.9926300048828,425.01929524739586,419.49410552978514,411.24076416015623,405.20823669433594,1
2022-09-14,519.9907836914062,529.0108664105063,477.765096079765,477.765096079765,57236617,Construction Materials,0.07831444818099365,-0.002586646303930462,0.09219282183010424,0.01207349747742903,476.4467712402344,449.22803955078126,432.89283650716146,425.86265258789064,416.8688757324219,410.15769755045574,1
2022-09-15,534.0164794921875,539.8646656017293,504.92434597483503,524.3521441324681,37879876,Construction Materials,0.026972969984608408,0.09751036322026585,0.020517157359865035,0.05684645052123205,491.6817321777344,462.00974426269534,441.7873291015625,432.8234527587891,423.15515380859375,415.5548573811849,1
2022-09-16,512.1602172851562,545.1676269633398,506.55983473588464,526.2850148928428,42869715,Construction Materials,-0.04092806691624018,0.003686207412334719,0.009822760590749047,0.0032390768519827695,503.9727844238281,472.0309173583984,449.6873046875,438.13140258789065,428.57312866210935,420.1160929361979,0
2022-09-19,559.9367065429688,567.9159656290016,509.48389931760346,512.4575407533093,75771183,Construction Materials,0.09328426466050943,-0.026273737135283803,0.04172723679939172,0.005772397219853342,521.6659484863281,486.5968017578125,460.3957173665365,445.29044342041016,435.8962158203125,426.1674530029297,1
2022-09-20,569.3036499023438,580.5539633864211,562.5138592371004,573.9128184991738,43803577,Construction Materials,0.016728575301316218,0.1199226723359863,0.022253288377660052,0.10408564429714984,539.0815673828125,500.26068115234375,471.68894246419273,453.53486328125,443.41159790039063,432.5475646972656,1
2022-09-21,536.5936279296875,570.7409593531067,528.1187610681569,566.9743585811927,48990918,Construction Materials,-0.057456195789834186,-0.012089745505468374,-0.01690282842282953,-0.06114533465111638,542.4021362304687,509.42445373535156,480.28607177734375,460.2701614379883,449.17054931640627,437.7910858154297,0
2022-09-22,529.3577880859375,543.9781935774445,511.5654859134427,519.8917071386734,24714675,Construction Materials,-0.013484766622495425,-0.08304194136810683,-0.04689126535792332,-0.03134384985913785,541.4703979492188,516.5760650634766,488.4966288248698,466.7080963134766,454.552841796875,442.8743611653646,0
2022-09-23,534.6111450195312,550.1236653686723,530.2993891391706,530.2993891391706,17014661,Construction Materials,0.009924019352938851,0.020018942132733475,0.011297276000739043,0.03662073330118609,545.9605834960937,524.966683959961,496.67413940429685,473.75562438964846,459.6972387695312,448.13770446777346,1
2022-09-26,506.7085571289063,539.2203609073654,494.7148629044228,532.281863616278,17756139,Construction Materials,-0.052192304912770826,0.003738406111169601,-0.019819733539366835,-0.06710271021151237,535.3149536132812,528.4904510498047,502.8361857096354,479.12552642822266,463.2953454589844,452.46600545247395,0
2022-09-27,499.9187316894531,519.3960785865596,469.83538406494137,503.4871077448991,29131156,Construction Materials,-0.013399863380885946,-0.05409681944778233,-0.036764713942638805,-0.050290542502435476,521.4379699707031,530.2597686767579,507.3197774251302,484.12619934082034,467.1154846191406,456.41599324544273,0
2022-09-28,495.656494140625,509.8308406834574,486.73556912079977,490.6508760903909,12029150,Construction Materials,-0.008525860862272694,-0.025494658069798892,-0.018416076473146026,0.03597043907089481,513.2505432128906,527.8263397216797,510.69981689453124,488.52718963623045,470.8662377929688,459.8505482991537,0
2022-09-29,501.9011535644531,514.4400030809886,490.8491248660708,505.1225986704516,11297808,Construction Materials,0.012598764462181,0.029494949026432904,0.009040571950006848,0.008451315264880632,507.75921630859375,524.6148071289062,513.6371154785156,493.3122756958008,474.9183203125,463.4205708821615,1
2022-09-30,511.06982421875,518.5535370002485,496.5981265662752,502.5454095191647,11027478,Construction Materials,0.018267881213625214,-0.005102106217521052,0.00799613928664944,0.011712360089819907,503.0509521484375,524.5057678222656,517.6614400227865,498.26834259033205,479.61468994140625,466.9228576660156,1
2022-10-03,484.3566589355469,515.3816716908514,466.9112885067693,511.565461933633,14296197,Construction Materials,-0.052269110828522036,0.01794873108700501,-0.006116755711948141,-0.05978040687502251,498.5805725097656,516.9477630615235,518.5204915364583,501.772282409668,483.01653564453125,469.1762166341146,0
2022-10-04,487.87548828125,501.95070735583374,478.6571809635855,497.9858517997064,12515966,Construction Materials,0.007264955030114262,-0.026545205148521878,-0.02606022889978532,0.025156582729838783,496.171923828125,508.80494689941406,518.8971537272135,504.5328140258789,486.53534423828125,471.9582244873047,1
2022-10-06,502.4463195800781,509.2856894363768,491.7907701610169,493.5253944850501,9447220,Construction Materials,0.029865881047150156,-0.008956996064318545,0.014612952971382764,0.027438404185208487,497.52988891601564,505.3902160644531,517.7275227864583,507.40733489990237,490.3277294921875,475.3101796468099,1
2022-10-07,517.2153930664062,522.3697173679179,495.4086875975368,502.34718479217713,9384553,Construction Materials,0.029394331117145844,0.017875048387999914,0.025690939688529424,0.007356619229220929,500.5927368164063,504.1759765625,516.6074503580729,510.37602081298826,494.7683679199219,479.1973897298177,1
2022-10-10,518.0579833984375,533.2235443891448,510.8220733286956,512.457600508601,12806265,Construction Materials,0.0016290898208497495,0.020126350903323154,0.020778055580856325,0.031112465560314106,501.99036865234376,502.5206604003906,517.000634765625,513.7436721801757,499.0127478027344,483.3439697265625,1
2022-10-11,495.8052062988281,521.9732170343867,493.9218756838797,520.3872989894057,7659702,Construction Materials,-0.04295422098050128,0.015473862565282825,-0.021098707049116316,-0.03308431355498842,504.280078125,501.4303253173828,512.7252014160156,514.9603881835938,502.2738415527344,486.560459391276,0
2022-10-12,501.0090637207031,502.9914914647764,479.94576893992433,498.3327741664255,11786907,Construction Materials,0.010495770023718931,-0.0423809821373623,-0.03636532479090748,-0.0282961889966995,506.90679321289065,501.5393585205078,508.17222900390624,515.8995635986328,505.00760986328123,489.9305857340495,1
2022-10-13,492.484619140625,500.9594856599985,487.18161886705553,500.9594856599985,6212954,Construction Materials,-0.01701455162661536,0.005270998878142752,-0.004039841307972081,0.015076390699543696,504.914453125,501.2221710205078,505.23162841796875,514.5242553710938,506.90875854492185,492.75885009765625,0
2022-10-14,497.4407043457031,507.50151943301097,493.1289178084433,503.53666381244057,6337662,Construction Materials,0.010063431450359595,0.0051444841872725355,0.013059007684810053,0.01220756020150815,500.9595153808594,500.7761260986328,503.10382283528645,512.6954666137696,508.4927197265625,495.80022583007815,1
2022-10-17,515.9763793945312,518.1075134619458,493.0793626882808,494.6157321211426,9626670,Construction Materials,0.03726207945368798,-0.017716548431160217,0.02089844783279471,-0.00010049120701083325,500.54319458007814,501.26678161621095,501.86150512695315,512.8862747192383,511.10357666015625,499.267822265625,1
2022-10-18,503.3879699707031,519.5943227964225,501.6037668548887,518.4048540525462,10116195,Construction Materials,-0.024397259112132086,0.0480961691804358,0.002869692671588542,0.01728809764037309,502.05974731445315,503.16991271972654,501.6401326497396,510.058837890625,512.3802600097656,502.2381591796875,0
2022-10-19,506.21295166015625,514.4400149438726,502.2480960536524,506.51030373086496,6646701,Construction Materials,0.005611937229285768,-0.02294451957518817,-0.009919869456636365,0.0012845381979558201,503.10052490234375,505.0036590576172,502.05974731445315,506.9043029785156,513.339755859375,504.68976236979165,1
2022-10-20,513.1514282226562,514.4399941428887,502.5454278043249,504.52785552741886,5223412,Construction Materials,0.013706635793779842,-0.0039139346008240095,-4.043422607846736e-08,0.0005920017477591966,507.23388671875,506.074169921875,503.2260762532552,505.73219299316406,513.066181640625,506.96294657389325,1
2022-10-21,508.0962219238281,518.3057735127043,499.373551686725,513.4488011937458,9693780,Construction Materials,-0.009851295389232906,0.017681770329610824,0.007514538942984705,-0.006311620685632624,509.364990234375,505.16225280761716,503.6390808105469,504.6691146850586,512.0293713378907,508.6380981445312,0
2022-10-24,512.3584594726562,516.4719606203774,511.4663428147018,513.4487705000302,1415497,Construction Materials,0.008388642475414931,-5.977950590096981e-08,-0.003538090806703864,0.024215922303316262,508.64140625,504.59230041503906,503.72498982747396,503.55648040771484,512.0373010253907,510.69321492513023,1
2022-10-25,508.5918273925781,517.2154004139155,507.1545853886536,511.6646267789073,5007924,Construction Materials,-0.00735155633802731,-0.0034748232416358382,0.0014394581898407033,-0.008430188000875694,509.682177734375,505.87096252441404,505.3406677246094,503.65064392089846,509.983505859375,511.9305796305338,0
2022-10-27,522.9644165039062,527.9204858813083,508.7405215903199,510.8220465292712,10067299,Construction Materials,0.02825957543402291,-0.001646743209395618,0.020697538122077974,0.003127125825848509,513.032470703125,508.0664978027344,507.6799296061198,504.8029281616211,508.1299365234375,513.2885416666667,1
2022-10-28,515.5303344726562,525.5416313422486,511.1194809373543,525.5416313422486,6679582,Construction Materials,-0.014215273155577024,0.028815484595835494,-0.004506084917482389,0.004676174289395707,513.508251953125,510.3710693359375,508.552197265625,505.79662017822267,507.28740478515624,513.1398600260417,0
2022-10-31,528.2674560546875,533.8677782474141,516.7693386035035,517.8597101844811,8601980,Construction Materials,0.024706832421530045,-0.014617150573110083,0.015842982570001718,0.011053888331134853,517.5424987792969,513.453744506836,509.28900146484375,507.11493530273435,507.24379150390627,512.9482259114583,1
2022-11-01,539.2699584960938,540.8063280789229,529.0604665114377,530.299483997413,8669246,Construction Materials,0.020827522716574842,0.02402151310149292,0.012996757088968192,0.023784553358272564,522.9247985839844,515.7831024169922,510.70313313802086,508.5249420166016,507.4301440429688,513.851883951823,1
2022-11-02,540.2116088867188,544.1764647317589,534.5616772077567,541.9462333189238,7740170,Construction Materials,0.0017461577004049822,0.021962588448544818,0.006231688643155264,0.010398075540577478,529.2487548828125,519.4654663085937,513.6635599772136,511.3176895141602,508.77026611328125,513.1943806966145,1
2022-11-03,534.7598876953125,542.689598726939,533.7686738163592,535.2554946347891,3945015,Construction Materials,-0.01009182531756636,-0.0123457610234875,-0.002732323246564472,-0.001483464724855943,531.6078491210938,522.3201599121094,515.9136149088541,513.6619094848633,510.1639123535156,512.0429219563802,0
2022-11-04,553.6920776367188,555.3771534191363,534.1156025001873,536.1476394577804,8028860,Construction Materials,0.035403160141646906,0.0016667644366734624,0.023379026835893324,0.0006499607430079379,539.2401977539063,526.3742248535157,519.9941121419271,516.2241973876953,512.4853356933594,512.612870279948,1
2022-11-07,563.108642578125,567.9656153205661,548.2900418515169,556.0710474604496,9287441,Construction Materials,0.01700686233691151,0.037160301634113546,0.022666510179487842,0.02653814882954042,546.2084350585938,531.8754669189453,524.3719746907552,518.5188598632812,514.9336352539062,513.7378987630208,1
2022-11-09,559.5402221679688,575.5978987480327,556.2692285402817,564.9918983804113,10307830,Construction Materials,-0.0063370016731028045,0.016042645918543652,0.013437932194467095,0.014552857210063275,550.2624877929687,536.5936431884766,527.2762308756511,520.5929718017578,516.872451171875,514.5688680013021,0
2022-11-10,553.2460327148438,563.4059746431456,546.654436434974,558.0533956716054,5700059,Construction Materials,-0.011248859695443869,-0.012280711862764027,-0.021181321424913913,-0.017284422024454127,552.8693725585938,541.0590637207031,530.6001017252604,523.4650131225586,519.6280261230469,516.1201171875,0
2022-11-11,552.6513061523438,561.9191925559902,548.983802567437,560.035861918123,5254274,Construction Materials,-0.0010749766420946605,0.0035524669536897147,-0.00263891785687409,0.004261130939783753,556.44765625,544.0277526855468,533.6959920247396,526.0471252441406,522.2190588378907,517.8778696695964,0
2022-11-14,575.201416015625,581.3965029115776,552.6512997143576,553.9894747832207,9070550,Construction Materials,0.040803504148536396,-0.010796428489764032,0.03466211977382616,0.0066805197708361685,560.7495239257812,549.9948608398438,537.8326578776042,530.1829650878906,525.1292626953125,520.5293670654297,1
2022-11-15,581.2974243164062,587.7898634912775,570.2453647409152,578.7698408817797,11897606,Construction Materials,0.010598041192262375,0.04473075252603986,0.010996558368828513,0.03183574350707441,564.3872802734375,555.2978576660156,542.7127380371094,534.3758010864258,527.6925439453125,523.1759094238281,1
2022-11-16,572.128662109375,588.285436210491,563.2077372131755,581.3469390690024,8557056,Construction Materials,-0.01577292763306759,0.00445271678858794,0.0008431120541445569,-0.012341402425843806,566.9049682617188,558.5837280273438,546.6974182128906,537.1834152221679,529.85537109375,525.2112040201823,0
2022-11-17,569.155029296875,576.1926237355954,565.2397223208708,572.921629989414,3652873,Construction Materials,-0.005197489672229549,-0.01449273835187137,-0.020556028979389462,0.0036078785382989143,570.086767578125,561.4780700683593,550.7349650065104,540.4717681884765,532.7893640136718,528.0378163655599,0
2022-11-18,569.055908203125,570.9392389199552,558.9455742463698,569.4524179852677,4114267,Construction Materials,-0.00017415482363825063,-0.006055299403184278,-0.00911741073945238,-0.011135360495644675,573.3676879882812,564.9076721191407,553.8077311197917,543.613916015625,535.5112377929687,530.7438303629557,0
2022-11-21,559.0941772460938,568.7585125818304,557.756062706857,567.9655535771385,3480076,Construction Materials,-0.017505715718666104,-0.002611042399977448,-0.003819541887241984,-0.002128134820848282,570.146240234375,565.4478820800781,556.7119873046875,545.9110534667968,538.1756201171875,532.6320922851562,0
2022-11-22,560.8783569335938,573.3676882798118,555.5753868076902,559.0446354318238,7405911,Construction Materials,0.0031911970471383277,-0.015706794345412778,0.008103923890401932,-0.003909730516569954,566.0624267578125,565.224853515625,558.8860473632812,548.5501602172851,540.7131262207031,534.0875244140625,1
2022-11-23,557.954345703125,565.9831543409775,555.278055990875,562.8112576634553,2782614,Construction Materials,-0.005213271637819594,0.006737605537922686,-0.012879229314419427,-0.0005351763664758202,563.2275634765625,565.0662658691406,560.1316731770834,550.8299545288086,542.3922448730468,535.417403157552,0
2022-11-24,552.9486694335938,560.9775386063363,549.6776755479123,559.292462817077,3977412,Construction Materials,-0.008971480028931667,-0.006252175660072634,-0.008844107278192181,-0.01008572260787266,559.9862915039063,565.0365295410156,560.980810546875,553.0477966308594,544.3746728515625,537.3221852620443,0
2022-11-25,559.68896484375,562.414803127238,551.6600957821381,555.4763056783594,4010892,Construction Materials,0.012189730770236995,-0.006823187138078279,0.002562071423523049,0.0036065140034107213,558.1129028320313,565.7402954101562,562.6427490234375,554.8840240478515,546.5137133789062,539.2781819661458,1
2022-11-28,563.4555053710938,567.4699092230244,557.8551231154502,559.0445917935123,4078114,Construction Materials,0.006729703038535373,0.006423831365399479,0.008988216646642622,0.01122979055523099,558.9851684570312,564.5657043457031,563.2936442057292,557.2802825927735,548.5258764648438,541.6438781738282,1
2022-11-29,559.986328125,569.3533119681875,558.7968592958988,564.5954366517827,3646853,Construction Materials,-0.006156967520991596,0.009929162967952765,0.0033189473389731994,0.0016881375493862372,558.8067626953125,562.4345947265625,563.0854899088541,558.8662261962891,550.6014807128906,543.7287322998047,0
2022-11-30,565.7353515625,568.9072482439702,555.6249573585812,560.9279881929339,6139270,Construction Materials,0.010266363924900546,-0.006495710416290157,-0.00078345680062053,-0.0056763059500982704,560.3629638671875,561.795263671875,563.4984985351563,560.1894958496093,552.7365563964844,545.3873647054037,1
2022-12-01,575.845703125,579.860107151656,564.4962923467831,568.4611477802987,8400806,Construction Materials,0.017871168090479506,0.013429815851466742,0.01925245097771855,0.0159664084032074,564.9423706054688,562.4643310546875,565.0051432291667,561.9712005615235,555.4267114257813,547.8026224772135,1
2022-12-02,572.8720703125,579.0176084282298,568.3620592876696,577.4316299312288,7097523,Construction Materials,-0.005163940264488742,0.0157802906776614,-0.0014529344458006355,0.006848170649297547,567.5789916992187,562.845947265625,566.353194173177,563.8768096923828,557.423017578125,550.0245930989583,0
2022-12-05,568.3125,577.2334256436662,566.7761304611483,575.7466047030553,5491648,Construction Materials,-0.00795914227414296,-0.0029181380804759183,-0.003081396417989435,-0.002790349567859729,568.550390625,563.7677795410157,565.8939331054687,564.6078308105468,559.5343041992187,551.8632954915364,0
2022-12-06,575.895263671875,579.8601191876883,565.586615131203,567.4699457007719,6009003,Construction Materials,0.013342595265589008,-0.014375523771524734,0.004550487597098307,-0.002098739283493689,571.732177734375,565.2694702148438,565.5337890625,565.2471618652344,561.4394165039063,554.1232635498047,1
2022-12-07,576.886474609375,583.1806585090778,570.0470746799126,577.7785912954417,5406859,Construction Materials,0.0017211652882507256,0.01816597631781125,0.005726448865014611,0.007886430529610244,573.96240234375,567.1626831054688,565.8509765625,566.1144744873047,562.9440771484375,556.2741973876953,1
2022-12-08,582.5859985351562,585.6091889798806,576.490008549138,578.8193976286686,2897290,Construction Materials,0.009879801618924322,0.001801393040357091,0.004164285003915191,0.011302459315036595,575.3104614257812,570.126416015625,566.7463745117187,567.5814727783203,564.639052734375,558.7406697591146,1
2022-12-09,575.895263671875,592.7458996140813,567.2221422310336,588.6819469099304,7795856,Construction Materials,-0.011484544565273258,0.017039078720697765,0.01218681463423188,-0.016076369374430355,575.9151000976562,571.7470458984375,567.2023315429688,568.7436706542969,566.2844677734375,560.5050313313802,0
2022-12-12,579.90966796875,582.1398991971137,568.3620625745588,574.9040499782013,4062852,Construction Materials,0.006970719417415117,-0.02340465340248854,-0.017892996685211715,0.002009654170130881,578.2345336914062,573.3924621582031,568.5900309244792,568.9790832519532,567.3331713867187,562.6510091145833,1
2022-12-13,579.4140625,583.82497637374,577.9272416773164,581.8425486101619,2436178,Construction Materials,-0.0008546252910146546,0.012068968086454746,0.0028946258089341814,0.016829376435558263,578.9382934570312,575.3352355957031,569.8257446289062,568.8849151611328,567.9853881835937,564.3558959960938,0
2022-12-14,577.084716796875,584.3205658174827,575.9447966673943,579.9592006686519,1682787,Construction Materials,-0.004020174610665395,-0.0032368687130370777,0.0008488664647765543,-0.003430267457489089,578.9779418945312,576.4701721191407,571.1011027018229,569.1327178955078,568.68716796875,565.6163879394531,0
2022-12-15,556.269287109375,578.8689533243114,553.8408008047244,577.8777393631397,5047769,Construction Materials,-0.0360699721923613,-0.0035889788507751375,-0.009329831623407503,-0.038378670995155906,573.714599609375,574.5125305175782,571.3224772135417,568.4884307861328,568.8080981445313,566.1516438802083,0
2022-12-16,551.1644897460938,563.6042123791005,548.6369063423987,553.0973689955889,4854309,Construction Materials,-0.009176845606213568,-0.04288168358044109,-0.026369942380825462,-0.009396011371434754,568.7684448242187,572.3417724609375,570.7541788736979,567.5938598632813,568.7486254882813,566.6984639485677,0
2022-12-19,558.8959350585938,561.3739698163225,550.123716215792,552.0565954265995,2341796,Construction Materials,0.014027473569753424,-0.001881718531547838,-0.003957107689744999,0.002710007030524819,564.5656982421875,571.4001159667969,570.4502075195312,567.5839477539063,568.09640625,566.8719258626302,1
2022-12-20,555.1788940429688,560.035866464967,549.2316105052877,558.9455553492841,2314297,Construction Materials,-0.006650685364593567,0.012478720442350877,-0.0023836220118887974,-0.0016216456120833334,559.7186645507812,569.3284790039063,570.1297119140625,567.298974609375,567.0516650390625,566.6076009114583,0
2022-12-21,534.4625854492188,559.0446798388048,527.524087649801,557.0622518961139,6698446,Construction Materials,-0.03731465445829185,-0.0033693862222291537,-0.0017698627632881658,-0.03952344045805367,551.19423828125,565.0860900878906,568.0448608398438,566.1243865966796,565.5450219726563,565.7716796875,0
2022-12-22,528.1683349609375,539.8150990036058,520.6351330563031,538.7247878459796,7913985,Construction Materials,-0.011776784118556982,-0.03291815948346488,-0.03439721640986482,-0.013059033236167972,545.5740478515625,559.6443237304687,564.8663696289062,564.8853698730469,563.9055541992187,564.9357564290365,0
2022-12-23,486.9338073730469,527.127517184672,481.7299346224952,524.3025818910725,10542194,Construction Materials,-0.07807080595041782,-0.026771008649095984,-0.02350356972665757,-0.07472641772256372,532.7279113769531,550.748178100586,559.1371520996094,561.2476119995117,560.6206701660157,562.7451731363932,0
2022-12-26,509.6326599121094,517.7605656369697,485.5956921618748,489.6101266776544,8583591,Construction Materials,0.04661588946045914,-0.06616876668485616,-0.017769801883480096,0.008024740132474895,522.8752563476562,543.7204772949219,555.2251627604167,558.5564697265625,558.6422094726563,560.5595479329427,1
2022-12-27,518.7022094726562,522.6670649786562,504.8747940451498,515.4312157799851,5808135,Construction Materials,0.017796248698250583,0.0527380617667057,0.0094763867071459,0.03970196234123158,515.5799194335938,537.6492919921875,551.4122924804688,556.4922637939453,556.9551635742188,558.4730407714844,1
2022-12-28,513.8452758789062,522.8652975710976,511.9123968023249,520.3872629854526,3959786,Construction Materials,-0.009363626190618812,0.009615341589212179,0.0003792712526271558,0.013939303051333729,511.4564575195312,531.3253479003906,547.2095458984375,553.8977600097656,555.19080078125,556.5302612304688,0
2022-12-29,518.1570434570312,529.7047090841817,500.1665180124296,512.6558186535357,7354986,Construction Materials,0.008391178785773556,-0.014857097553775178,0.013080637680212615,-0.022945095417235994,509.45419921875,527.5141235351563,542.9142822265625,551.0133270263672,553.7991357421874,554.8303283691406,1
2022-12-30,519.4951782226562,527.2266950035568,517.512750432455,520.3872949278048,3361557,Construction Materials,0.0025824888082139896,0.015081222123988436,-0.004678104683851547,0.034680914846032085,515.9664733886718,524.3471923828125,539.1542765299479,548.344482421875,552.1913842773438,553.1783040364584,1
2023-01-02,521.8741455078125,526.2355110943317,518.4048966772763,522.121948995708,2226882,Construction Materials,0.004579382802541776,0.0033333905051311508,-0.001879995680450719,0.0017239116216474226,518.4147705078125,520.6450134277344,535.2852416992188,546.0225646972656,550.5281298828126,551.9376363118489,1
2023-01-03,526.2850341796875,528.7135203431181,518.4544201422326,522.8653341127257,3247177,Construction Materials,0.008452016084420144,0.0014237767985958438,0.004708935821593041,9.553047294441619e-05,519.9313354492188,517.7556274414062,531.7433064778646,543.5420532226562,549.180078125,550.7845255533854,1
2023-01-04,514.2913208007812,532.0340742583261,512.8541090086093,527.5240629992319,7145153,Construction Materials,-0.022789387119093507,0.008909997627614352,0.006280440706439627,-0.010801935360271298,520.0205444335937,515.7385009765625,527.557080078125,540.4122955322266,547.1223168945312,549.329091389974,0
2023-01-05,520.1394653320312,521.3289340461945,509.0378581646612,514.3904371289497,3166328,Construction Materials,0.011371268179568128,-0.024896733232624757,-0.020121155260694357,-0.007441201653478391,520.4170288085937,514.9356140136719,525.1484252929688,537.2899688720703,544.8940673828125,548.2354512532552,1
2023-01-06,515.2329711914062,523.8069955938668,509.8308433568505,521.2298031641776,3454408,Construction Materials,-0.009433035690712188,0.013296059843961316,0.004753355100472367,0.001557811819828947,519.5645874023437,517.7655303955078,522.7529907226562,534.2568542480469,542.5885034179687,546.753584798177,0
2023-01-09,520.1394653320312,522.8653034066632,516.0755127657732,518.4048411027201,1841059,Construction Materials,0.009522865218193344,-0.005419801485464393,-0.0017977846709280598,0.012248512404244183,519.2176513671875,518.8162109375,520.1692260742187,531.268344116211,540.66158203125,545.309716796875,1
2023-01-10,509.9299926757813,521.8741078302368,498.2832295855528,521.8741078302368,5366443,Construction Materials,-0.01962833689178478,0.0066921958524481795,-0.0018956996571936058,-0.034476123629403,515.9466430664063,517.9389892578125,517.1526326497395,527.794140625,538.0229711914062,543.641172281901,0
2023-01-11,503.63580322265625,511.4168386128456,501.2073169975605,511.4168386128456,3308303,Construction Materials,-0.012343242295079104,-0.02003791539087596,-0.02003791539087596,0.00586832395390835,513.8155395507813,516.9180419921875,515.0975138346354,524.121694946289,535.0929443359375,541.5711873372396,0
2023-01-12,505.9155578613281,509.9795408156768,502.5454367221538,505.41995092176,4129397,Construction Materials,0.004526593669640366,-0.011726027065028566,-0.0028104232959307307,0.002669792876546895,510.97075805664065,515.6938934326172,513.6139953613281,521.6040084838867,532.0261267089844,539.2401824951172,1
2023-01-13,514.0930786132812,515.9268000045189,506.90674807558827,506.90674807558827,4195766,Construction Materials,0.01616380564875719,0.002941706497966212,0.011661760350875738,0.008678441857677743,510.74277954101564,515.1536834716796,515.4246134440104,519.7504379272461,529.5540393066407,537.2808827718098,1
2023-01-16,512.4575805664062,517.0171402558339,508.3936278214336,516.4224361220457,2181662,Construction Materials,-0.0031813267186685534,0.018772068201069914,0.0021133623050895167,0.0029332411759954713,509.20640258789064,514.212026977539,515.6129414876302,517.4285202026367,526.8559558105469,535.4190521240234,0
2023-01-17,512.9531860351562,515.9268276933311,506.8076478418161,512.7053825636417,2346252,Construction Materials,0.0009671151087320418,-0.007197699593217477,-0.002108851868940387,-0.0031195905944252367,509.8110412597656,512.8788421630859,515.2296732584635,515.317234802246,524.1975207519531,533.3209828694661,1
2023-01-18,515.8772583007812,517.8596859929746,508.4927030475828,513.3496750930132,2338626,Construction Materials,0.005700466134592963,0.0012566525558008745,0.0037463806801540933,0.0033248417085698367,512.2593322753906,513.0374359130859,515.3651387532552,514.3879684448242,521.7492224121094,531.2873423258463,1
2023-01-19,514.6878051757812,520.7837947134824,512.5071225485365,514.4400017067511,2809131,Construction Materials,-0.0023056901731196566,0.002123945268963867,0.005646527041202054,0.007894743576247532,514.0137817382813,512.4922698974609,515.1338562011719,513.7139419555664,520.0859631347656,529.0240692138672,0
2023-01-20,513.2009887695312,518.4048616638626,510.8716603401978,515.4312200099589,2656548,Construction Materials,-0.002888773332685113,0.0019267908792459654,-0.00456798593537,-0.0031911014235392887,513.8353637695312,512.2890716552735,514.7142435709635,515.0273010253907,518.5674230957031,526.9342600504557,0
2023-01-23,496.6972961425781,514.1426670011513,493.8723304503733,513.4488051646631,4154237,Construction Materials,-0.032158341445371996,-0.0038461287720551462,-0.008221749018771596,-0.03327514757523331,510.6833068847656,509.9448547363281,513.0357869466146,514.3805328369141,516.0794775390625,524.1605143229167,0
2023-01-24,494.5661926269531,504.0322733702134,493.5749787166872,497.78763783531735,2166537,Construction Materials,-0.004290547849113424,-0.030501906269551515,-0.01966456837731234,-0.0006020821887610106,507.005908203125,508.4084747314453,510.92119750976565,513.173731994629,513.6549694824218,521.3322519938151,0
2023-01-25,456.1566467285156,493.62451987203576,446.7401147229246,492.6333059767104,33646469,Construction Materials,-0.07766310449652891,-0.010354479434284691,-0.020648982313346997,-0.09488905640139,495.06178588867186,503.6605590820312,507.04555257161456,510.2893005371094,510.5227319335938,517.3013163248698,0
2023-01-27,377.1073303222656,453.48034718566896,342.11746243346283,453.48034718566896,91035714,Construction Materials,-0.17329423340244932,-0.07947688131523212,-0.08132532131259107,-0.23419130908884334,467.5456909179687,490.779736328125,497.51007690429685,503.23681488037107,504.48029174804685,511.3292510986328,0
2023-01-30,384.0953979492188,423.8926311965191,348.9073034274194,396.4855720766129,71717149,Construction Materials,0.018530712784027292,-0.12568301021812667,-0.06524586164047308,0.01984651980539298,441.7245727539063,477.77996826171875,488.7675720214844,496.4668258666992,500.36675537109375,505.7602813720703,1
2023-01-31,397.675048828125,411.0068583055648,386.6725679335576,390.5382962885545,40532400,Construction Materials,0.035354890871932776,-0.014999980344579278,-0.030398671603659944,0.10823867581778579,421.9201232910156,466.3017150878906,480.6032775878906,490.25687103271486,495.88845092773437,500.38625183105466,1
2023-02-01,331.16455078125,409.0739648403728,317.6840364753102,405.6047163921245,78282914,Construction Materials,-0.16724835576903596,0.03857859842876454,-0.004702825332795202,-0.17841589287529125,389.239794921875,448.1228515625,468.6855814615885,480.50084686279297,488.38694458007814,492.9191070556641,0
2023-02-02,349.45245361328125,363.77550678398296,312.52973528166444,351.88093980467016,79579639,Construction Materials,0.05522300858859519,-0.13245353028764106,-0.11073415066653292,-0.01622461503206929,367.8989562988281,431.48037109375,458.4066914876302,472.25890350341797,481.8112316894531,486.7521026611328,1
2023-02-03,370.3175354003906,377.3551604502498,315.7016410549639,348.8577595700921,58296804,Construction Materials,0.05970792756315735,-0.008591486189209907,0.037329763585019826,0.01014913275513063,366.54099731445314,417.04334411621096,449.3668233235677,464.76780700683594,475.8976513671875,481.4904093424479,1
2023-02-06,376.4134826660156,380.4278869054,355.3006384635272,367.7403609456005,33168803,Construction Materials,0.01646140590948253,0.05412693528381873,0.008142796964758281,0.12543171228453986,365.0046142578125,403.36459350585943,440.18818359375,457.8268325805664,470.17438354492185,477.8063985188802,1
2023-02-07,380.6756896972656,403.126708938363,368.4342221192077,381.1217480561482,42723721,Construction Materials,0.011323205006000814,0.036388138294472405,0.05966655656504871,0.036964706037331485,361.6047424316406,391.76243286132814,431.40272420247396,450.8536437988281,464.5264453125,473.50783284505206,1
2023-02-08,381.2704162597656,394.1066482189233,378.643705504454,390.1913412585617,18573925,Construction Materials,0.001562291941922922,0.023797102234841105,-0.022375249566554678,0.02771046437142033,371.62591552734375,380.4328552246094,422.6238728841146,444.42066497802733,458.7258605957031,468.92677307128906,1
2023-02-09,354.65631103515625,374.6788433342801,350.88971042416705,374.6788433342801,28134958,Construction Materials,-0.06980375106385583,-0.03975613060568195,-0.04929580602723349,-0.07329844568077859,372.66668701171875,370.28282165527344,411.8758097330729,436.97169036865233,452.3404602050781,463.62047424316404,0
2023-02-10,357.62994384765625,365.2127539756994,346.9248464013363,351.63311217392584,12021081,Construction Materials,0.008384547856544966,-0.06150795960420263,-0.025264541959032494,-0.011299459360144426,370.12916870117186,368.3350830078125,401.40528564453126,429.5574096679687,445.84007934570315,458.2695709228516,1
2023-02-13,339.44122314453125,363.67638563450055,333.5930367456322,360.30626431527895,20202357,Construction Materials,-0.050859054215194766,0.024665345330342925,-0.004206776254317424,-0.03842852362405125,362.734716796875,363.8696655273437,389.82130126953126,420.82481689453124,438.80840942382815,452.2677724202474,0
2023-02-14,333.5434875488281,345.93366167768505,322.24365479320034,340.97759202614225,29650470,Construction Materials,-0.017374836035138563,-0.0536451186211504,-0.04878712134652363,-0.03402163924988011,353.3082763671875,357.4565093994141,378.9443806966146,411.87911224365234,431.3445703125,445.9900838216146,0
2023-02-15,341.8200988769531,347.8665093526654,332.05663650012013,333.5434572605684,14504126,Construction Materials,0.024814189564751565,-0.02180241440910835,0.005587336212401484,0.030452055644717868,345.418212890625,358.5220642089844,368.7613077799479,403.3224578857422,424.6201745605469,439.84125264485675,1
2023-02-16,344.7441711425781,351.18706128368024,343.10867431049536,348.8081540507011,13932368,Construction Materials,0.008554418757796833,0.04576524125372883,0.009545477479835585,0.033283592602948,343.4357849121094,358.0512359619141,361.3338094075521,394.765803527832,418.26450927734373,434.18968098958334,1
2023-02-17,350.19586181640625,352.82260287381314,339.98637065737785,343.3564918968034,12417704,Construction Materials,0.01581372835328798,-0.015629399974133817,0.0046571806607982325,-0.009100042892800753,341.9489685058594,356.0390686035156,359.5397115071615,386.5412063598633,412.03572143554686,428.52489420572914,1
2023-02-20,349.3533630371094,352.8721604020129,342.6130901381882,346.6275247193972,10433187,Construction Materials,-0.0024057930751293366,0.009526637473850075,0.00014046018536273408,0.007725955236768778,343.931396484375,353.333056640625,357.22357584635415,378.3488250732422,405.4461328125,422.9955739339193,0
2023-02-21,349.74981689453125,363.2798800469358,348.4116721323272,350.24542382501824,18031338,Construction Materials,0.0011348219292217632,0.010437425904217701,0.029494306473669463,0.01692457807668757,347.17266235351565,350.24046936035154,354.0285603841146,371.00145111083987,398.937822265625,417.3159189860026,1
2023-02-22,332.453125,348.90728124496434,329.1821313381071,348.90728124496434,12696127,Construction Materials,-0.04945447019275251,-0.0038205854781486748,-0.03956343191952849,-0.05519201086614767,345.299267578125,345.358740234375,354.1144653320313,362.8957977294922,391.71781982421874,411.4000233968099,0
2023-02-23,333.93994140625,340.8288897922267,328.4387166156112,333.0478549874229,10669135,Construction Materials,0.004472258777083127,-0.045454558015963764,-0.023153404606268135,-0.002258369005249339,343.1384216308594,343.2871032714844,353.0802978515625,356.7849624633789,384.4403271484375,405.7434946695964,1
2023-02-24,342.21661376953125,343.9016895721586,335.7241745436325,336.3188787097844,10758533,Construction Materials,0.024784912905079448,0.009821482628930456,0.009015667016388118,0.02218209230353274,341.5425720214844,341.7457702636719,351.2069030761719,355.04042663574216,377.5414794921875,400.2868631998698,1
2023-02-27,327.00146484375,341.42364547145,323.13573662117767,337.4092109619168,8739164,Construction Materials,-0.044460579392057276,0.0032419597029913483,-0.007205675854025206,-0.03749637016627405,337.0721923828125,340.5017944335938,347.9127685546875,352.18572998046875,370.09349853515624,394.05047607421875,0
2023-02-28,339.0942687988281,350.344552200955,321.4506438764882,327.1005749989764,21986286,Construction Materials,0.036980886189168505,-0.030552325271594127,0.026128555675125176,-0.0052148139426155815,334.9410827636719,341.05687255859374,345.140673828125,349.2566909790039,363.78937744140626,388.2716990152995,1
2023-03-01,350.49322509765625,351.7817910090828,341.17582091267843,341.17582091267843,14144946,Construction Materials,0.03361589194416825,0.0430303306979698,0.004102358090338987,0.06136300365840697,338.5491027832031,341.92418518066404,343.0888610839844,350.2231246948242,358.0264587402344,382.8563669840495,1
2023-03-02,367.4430236816406,368.73158971797216,344.2485930320798,351.33579698025073,24526040,Construction Materials,0.04835984655412884,0.02977929690443304,0.04818270627444665,0.009006418189839493,345.2497192382813,344.19407043457034,343.94130859375,351.1226531982422,354.47791381835935,377.90855916341144,1
2023-03-03,388.40716552734375,395.8908182331149,372.2999399524844,379.3375645612354,40022359,Construction Materials,0.05705412946924482,0.0797008668677126,0.07365582248029168,0.08148572714076585,354.4878295898437,348.01520080566405,345.9931233723958,352.02713470458986,354.9299072265625,373.69920450846354,1
2023-03-06,382.1129455566406,401.3424885179026,377.9498352173344,394.3048640154785,24525562,Construction Materials,-0.016205210741046416,0.03945641257953225,0.013770640878004947,0.015175654515472203,365.5101257324219,351.29115905761716,348.83790486653646,352.3121078491211,354.85060913085937,369.32960306803386,0
2023-03-08,388.6549682617188,390.0426616433432,375.3231294806109,381.4190887905857,12403307,Construction Materials,0.01712065184169087,-0.03267972678213504,-0.028155072532409897,-0.006949879301344497,375.422265625,355.1816741943359,352.5120035807292,352.71107177734376,354.48980590820315,365.7281921386719,1
2023-03-09,381.3200073242188,391.52949860580605,379.6349315595537,391.3808225676176,10496900,Construction Materials,-0.01887268023436317,0.026117554337982574,0.003811985479225344,0.011488239706701986,381.58762207031253,360.0683624267578,355.14533081054685,352.7135513305664,356.4960241699219,361.9533192952474,0
2023-03-10,375.0257873535156,378.9906429771829,370.1192664194483,376.6612842483888,8021603,Construction Materials,-0.016506398431256453,-0.03760924774663865,-0.03202531526557417,-0.02506530445187094,383.10417480468755,364.17694702148435,357.1641052246094,353.7320251464844,357.5189575195312,359.24895731608075,0
2023-03-13,364.7667236328125,385.7308920525804,363.18077530625845,379.53580503436007,12295435,Construction Materials,-0.027355622110946998,0.007631580165472052,0.01778473743427811,-0.018746635862307737,378.3760864257813,366.4319580078125,358.1354960123698,354.0888641357422,357.29692504882814,358.8376037597656,0
2023-03-14,350.29498291015625,364.618035730005,337.8056818379222,362.8338325771445,18116432,Construction Materials,-0.039673960877045444,-0.04400631570374103,-0.05473467839256552,-0.06986904372055014,372.01249389648444,368.7613098144531,358.1982706705729,354.6315521240234,356.25218505859374,357.71092325846354,0
2023-03-15,361.9417419433594,363.7754936697859,344.5954990571979,351.38532017967054,17244370,Construction Materials,0.033248432325364785,-0.03155304541518966,-0.00231075256201263,0.020099772100735214,366.6698486328125,371.0460571289062,359.0110656738281,356.05146484375,355.5028271484375,356.5198130289713,1
2023-03-16,375.4718017578125,380.6261259802403,357.0847965739103,362.6851488880532,17263261,Construction Materials,0.0373818718498915,0.03215794189297627,0.04632151589010136,0.03624335648864441,365.5002075195313,373.5439147949219,361.8789774576823,357.73404998779296,355.27088256835935,357.99672139485676,1
2023-03-17,375.1249084472656,383.2528441885984,367.7899014680238,380.6261334322497,12121438,Construction Materials,-0.0009238864514534706,0.049467105557537305,0.0069010454854967485,0.029979167404562856,365.52003173828126,374.3121032714844,364.62464192708336,359.25308685302736,356.0896264648438,358.8524698893229,0
2023-03-20,362.1895446777344,373.24157335858666,357.13434785414256,372.7955452635164,9301805,Construction Materials,-0.03448281753156279,-0.020572912579916447,-0.026121843534408717,-0.028971849339391564,365.0045959472656,371.6903411865234,365.9561706542969,359.85277099609374,356.2720104980469,358.5815368652344,0
2023-03-21,367.6412353515625,371.40786638159136,362.9825480965756,366.4517968021703,7159231,Construction Materials,0.01505203768010177,-0.01701669599313993,-0.004912922642820394,0.016375350838059077,368.4738464355469,370.2431701660156,368.665488688151,360.7671646118164,357.40001098632814,358.28912862141925,1
2023-03-22,372.2503662109375,374.8771072325522,368.1368345960967,370.11926238632816,6498593,Construction Materials,0.012537034522167811,0.01000804366675756,0.009340784525539547,0.014199819045156215,370.5355712890625,368.6027099609375,370.8758951822917,361.8921920776367,358.9482861328125,358.00828450520834,1
2023-03-23,368.8802490234375,373.9849945888311,367.1456246881471,369.7227868933253,8428310,Construction Materials,-0.00905336164421744,-0.0010712101025128762,-0.0023797469264178472,-0.0026925040224163865,369.2172607421875,367.3587341308594,372.10169677734376,363.7135482788086,360.0306921386719,357.59527893066405,0
2023-03-24,368.5332946777344,373.19201183898207,364.8162427669875,369.7227633889517,9512792,Construction Materials,-0.0009405609181344365,-6.357296444825522e-08,-0.002120359804063443,-0.0063445721929498156,367.89893798828126,366.70948486328126,372.17438151041665,365.44321594238284,360.9822570800781,358.05784505208334,0
2023-03-27,366.7491455078125,371.50696016056713,364.221562145308,369.3263077153245,6288107,Construction Materials,-0.004841215693909051,-0.0010723052862453564,-0.004515240479321836,-0.0016300826332981133,368.81085815429685,366.90772705078126,370.7305135091146,366.6698425292969,361.6443884277344,358.3618184407552,0
2023-03-28,355.7962646484375,370.3670917765649,351.1870955140645,368.5333398923944,15688794,Construction Materials,-0.029864775401751253,-0.0021470656337357896,-0.003068228879237078,-0.03578719105609496,366.4418640136719,367.4578552246094,368.9760681152344,368.1095825195313,361.9021044921875,358.9069864908854,0
2023-03-29,360.7027282714844,363.8250459729341,355.05282725206285,356.83700015304913,9558023,Construction Materials,0.013790093125049863,-0.03173753490731779,-0.017663680032289353,0.01100761328470723,364.13233642578126,367.3339538574219,367.1125854492187,369.19000549316405,362.3402209472656,359.812294514974,1
2023-03-31,362.3382263183594,367.3438746253568,360.8018568847007,364.2711055085921,5945285,Construction Materials,0.004534199269055739,0.02083333665610465,0.009671760345725255,0.0161920401454978,362.8239318847656,366.0205963134766,365.8471333821615,369.7822555541992,363.535625,360.49623209635416,1
2023-04-03,371.5069580078125,373.3407097746152,360.3062530259059,365.708380886321,6083504,Construction Materials,0.02530434556302441,0.003945620050544996,0.016324854076781303,-0.001373617816366135,363.4186645507813,365.65880126953124,365.6125447591146,369.98545227050784,365.0383056640625,361.38832499186196,1
2023-04-05,376.6117248535156,377.5533598874665,367.98815201954153,371.2095971213961,6528840,Construction Materials,0.013740703197262283,0.01504263102131409,0.011283661284606339,0.021320470930276336,365.39118041992185,367.10101928710935,366.40221150716144,369.3956802368164,366.4141101074219,362.26885375976565,1
2023-04-06,380.2296447753906,383.1041589348442,373.8858820874197,375.52137891526,5658596,Construction Materials,0.009606498372513927,0.011615491159981728,0.014702025295264542,0.016026956399305403,370.2778564453125,368.3598602294922,368.3978556315104,369.30151519775393,368.5432373046875,363.2980631510417,1
2023-04-10,380.9730529785156,386.17692574129774,379.8827116830911,382.3111977388346,3153982,Construction Materials,0.00195515582054151,0.01808104466165905,0.008020708558729384,0.016039197741810618,374.33192138671876,369.23212890625,369.66660970052084,368.91741943359375,370.218388671875,364.3388376871745,1
2023-04-11,381.0226135253906,385.0865965270456,377.45423746907295,382.5590132056045,3415299,Construction Materials,0.00013008937636804774,0.0006482035269581576,-0.002823392962070903,-0.006392694743223903,378.068798828125,370.4463653564453,370.0366638183594,368.90254974365234,371.4395642089844,365.95782063802085,1
2023-04-12,392.57025146484375,394.2553271880538,379.3375701509875,382.5094364689539,9415387,Construction Materials,0.030306962184236896,-0.00012959238951193441,0.02380952945051229,0.004989565608119362,382.2814575195313,372.8500610351563,371.19968668619794,369.77977294921874,372.4446533203125,367.91216430664065,1
2023-04-13,389.20013427734375,393.1154413071944,386.6229720709514,391.43036556662497,6239974,Construction Materials,-0.008584749289903382,0.023322115083022732,-0.0028912377392321664,0.019205590200475076,384.79913940429685,375.09515991210935,373.0003926595052,371.00144348144534,372.4763720703125,369.47828165690106,0
2023-04-17,388.1097717285156,391.57902021121015,383.64930939362273,388.5558300617834,4916449,Construction Materials,-0.0028015472061763136,-0.00734367018430071,-0.00390832039279676,-0.007691376074732914,386.3751647949219,378.3265106201172,374.3649617513021,372.8921829223633,372.7162451171875,371.5152252197266,0
2023-04-18,379.6844787597656,390.8356353246263,376.5621609714943,388.1097970532159,3986619,Construction Materials,-0.02170853089121272,-0.0011479251475819963,-0.0018984287926939736,-0.018472986262714874,386.11744995117186,380.2246856689453,374.8605692545573,373.7793197631836,372.35742553710935,372.86823221842445,0
2023-04-19,376.7108459472656,384.7892637610424,374.3319385402079,380.6261531116047,3600019,Construction Materials,-0.007831852442884535,-0.01928228557596834,-0.015470369170820009,-0.00592258772238996,385.2550964355469,381.6619476318359,375.3826090494792,373.8412719726563,372.1730590820313,373.7421529134115,0
2023-04-20,377.3551330566406,378.941051051806,374.7779709403267,377.1568781825216,4345525,Construction Materials,0.0017102961497030833,-0.00911465200360484,-0.01519848202643237,0.001191542463243378,382.2120727539062,382.24676513671875,375.9707316080729,373.952783203125,372.26623291015625,374.0725565592448,1
2023-04-21,371.8043518066406,378.6437218850409,370.1192760230796,377.9003114363137,4286701,Construction Materials,-0.014709701190593893,0.001971151255081516,-0.0007846317149853288,-0.012430546292671263,378.7329162597656,381.7660278320312,376.3077453613281,374.4335235595703,372.54773803710935,373.5191294352214,0
2023-04-24,376.9586486816406,379.5358109714244,370.0697299592855,371.80435435152185,3030412,Construction Materials,0.013862927773584888,-0.016131124797496232,0.002356011825423332,-0.00013386512674096185,376.5026916503906,381.4389282226563,377.71857096354165,374.8993942260742,373.6142846679688,373.347319539388,1
2023-04-25,379.1393127441406,384.1449307864739,377.2560124039285,378.2967748881531,4790001,Construction Materials,0.005784889324403464,0.017461927114745368,0.012144097294145784,0.019418725345176524,376.39365844726564,381.25555419921875,378.9476765950521,375.24384155273435,374.3021875,373.03013102213544,1
2023-04-26,383.0545959472656,386.57339293704257,376.8099306809231,378.643682312693,4369712,Construction Materials,0.010326766630415873,0.0009170245362055685,0.006321734210046115,-0.0011824376771700784,377.66240844726565,381.45875244140626,380.3287679036458,375.95255889892576,374.6054992675781,373.08795064290365,1
2023-04-27,385.3839721679688,387.06904798496856,379.3871398623475,383.0546435819592,5093452,Construction Materials,0.006081055403976521,0.011649372418746973,0.0012821757963221714,0.00683954686854249,379.26817626953124,380.74012451171876,381.2539021809896,376.7950927734375,375.01586181640624,373.4332234700521,1
2023-04-28,393.0162963867188,395.98993797350346,380.7252505445644,386.5734062820184,11030482,Construction Materials,0.019804467154704186,0.009186059375641875,0.02304728325598715,0.0035270322623544015,383.51056518554685,381.1217407226562,382.34754028320316,378.10845031738285,376.2489318847656,374.3748758951823,1
2023-05-02,390.9347534179688,395.8908228838391,385.6317530395979,394.5031294832849,7419371,Construction Materials,-0.005296327373412013,0.020512852339049648,-0.0002502969903012131,0.012887252652708403,386.3057861328125,381.40423889160155,383.0612141927084,379.8653747558594,377.18067260742185,375.7295349121094,0
2023-05-03,380.2792053222656,397.030714122342,372.4486215902184,389.4479338644067,13078081,Construction Materials,-0.02725658950129406,-0.012814082426923834,0.0028793070528874143,-0.0341858038023799,386.5337646484375,381.4637115478516,383.0149576822917,380.8441986083985,377.501826171875,376.3407836914063,0
2023-05-04,384.8883361816406,387.4159497166233,377.2560074815356,380.6261286120656,6828148,Construction Materials,0.012120386271105676,-0.022652078712561807,-0.02421667660390625,0.012907514252009866,386.9005126953125,382.2814605712891,383.27267252604173,381.9717041015625,378.14214965820315,376.6546681722005,1
2023-05-05,397.0307312011719,402.4328592689709,384.0458527987026,385.0866153349635,11844907,Construction Materials,0.031547838367855574,0.01171881378496753,0.038761722544804256,0.01799797798448388,389.2298645019531,384.2490203857422,383.57003784179693,383.2478927612305,379.2820471191406,377.3848622639974,1
2023-05-08,401.937255859375,405.3073772322272,397.1794410094012,401.2433939960897,6282119,Construction Materials,0.012358047558079344,0.04195621976388986,0.007142851029803943,0.03419796910964856,391.01405639648436,387.26231079101564,384.419179280599,384.51416931152346,380.68957153320315,378.7097859700521,1
2023-05-09,402.0859069824219,408.7766007158573,399.90525458193343,404.3161382269004,7401793,Construction Materials,0.0003698366371365225,0.007658055626058813,0.008559487634596685,0.006862927158577836,393.244287109375,389.77503662109376,385.35092163085943,385.60698242187505,382.5411572265625,379.8579416910807,1
2023-05-10,404.7126159667969,405.7038298489095,398.9635875503226,404.26658786951447,3823364,Construction Materials,0.006532705918712578,-0.00012255349886169942,-0.007516993050890597,-0.0023547253276161584,398.13096923828124,392.3323669433594,387.0194641113282,386.7939605712891,384.301552734375,380.9400166829427,1
2023-05-11,408.5783996582031,411.3537866005477,402.63111599650847,406.3977168824688,5043085,Construction Materials,0.009551922867962581,0.005271593242927475,0.013926308641804885,0.009192639530601898,402.8689819335938,394.88474731445314,389.14396769205734,388.17174987792976,386.1511596679687,382.26328837076824,1
2023-05-12,406.397705078125,411.1059711735423,403.523190775023,407.3889189929497,5365495,Construction Materials,-0.0053372732917412735,0.0024389952731145303,-0.0006024386673413318,0.0022156131085564468,404.74237670898435,396.9861206054687,391.0801391601563,388.8631225585938,387.5467895507812,383.5254353841146,0
2023-05-15,403.0275573730469,407.8844991871111,399.5583088987944,407.3888922622179,2396533,Construction Materials,-0.008292733110858097,-6.56147738364865e-08,-0.007836110911342842,-0.009825660499495736,404.96043701171874,397.98724670410155,393.1616861979167,389.554493713379,388.6034228515625,384.7347157796224,0
2023-05-16,397.3776245117188,406.1994216845741,396.2872832320521,401.441607327142,3189110,Construction Materials,-0.014018725910839969,-0.014598544653612988,-0.004131261437723799,-0.00818660404224203,404.0187805175782,398.63153381347655,394.52295125325526,390.0178863525391,389.28934204101563,386.1207611083984,0
2023-05-17,402.7301940917969,403.42405591920107,395.79169681554527,396.4855586429495,4399478,Construction Materials,0.013469730679111835,-0.012345627841594653,-0.006832520228273853,-0.0012505736052516037,403.62229614257814,400.8766326904297,396.09567667643233,391.17017211914066,390.15962768554687,387.5216766357422,1
2023-05-18,395.5439147949219,405.2082508110184,392.025117370892,404.415291750503,4266534,Construction Materials,-0.017843904932633325,0.02000005532280813,0.004422628907817749,-0.00951657014272489,401.01539916992186,401.9421905517578,396.92829793294277,392.11182556152346,390.7404797363281,388.6285329182943,0
2023-05-19,399.60784912109375,402.432814583701,392.17374540341456,395.5438663722067,4401094,Construction Materials,0.010274293635079479,-0.021936424164122226,-0.006849406994458795,0.00037912885153712494,399.6574279785156,402.19990234375,397.8765563964844,393.22446136474616,391.0219836425781,389.565229288737,1
2023-05-22,420.1755676269531,429.8894820305332,401.44163090144207,401.9372378531722,17691079,Construction Materials,0.05146975603981874,0.016163495441360975,0.06822671127163171,0.02363209064006555,403.0870300292969,404.0237335205078,399.6871744791667,395.64302215576174,392.2610009765625,391.0173573811849,1
2023-05-23,423.5456848144531,437.0757786673677,420.7207494160575,425.0325056554813,18654251,Construction Materials,0.008020735728480277,0.05745988584104733,0.016716614239759453,0.048024711516152285,408.3206420898438,406.1697113037109,401.8612365722656,397.9723739624024,393.6784375,392.461225382487,1
2023-05-24,418.5896301269531,426.2219894802155,415.9133706682581,424.33868906496,6096592,Construction Materials,-0.01170134619520713,-0.0016323847736099406,-0.02483274003479463,-0.011426531147968988,411.492529296875,407.5574127197266,404.41526489257814,399.94488983154304,395.2346435546875,393.7151112874349,0
2023-05-25,415.5168762207031,420.9189737901641,412.04762759373926,417.30104912907694,4130074,Construction Materials,-0.0073407310766826495,-0.016584959413883937,-0.01244191013353979,-0.009294587159599188,415.48712158203125,408.2512603759766,406.45716756184896,401.5680038452149,396.786884765625,394.8649200439453,0
2023-05-26,420.8198547363281,421.9101960907042,413.8318087482624,417.6975369597338,3769455,Construction Materials,0.012762366149499771,0.0009501242124463349,0.0023549004969165566,0.0043300362264973025,419.7295227050781,409.6934753417969,408.04310913085936,403.3397979736328,398.5254736328125,395.80657348632815,1
2023-05-29,423.2483215332031,427.1140495675749,419.0356625952263,423.1491940965379,7799828,Construction Materials,0.005770798999958249,0.01305168609919205,0.012334031092607223,0.012574803910565091,420.3440734863281,411.7155517578125,409.46384684244794,404.85139923095704,400.583232421875,396.94151306152344,1
2023-05-30,427.1140441894531,429.14605074244105,421.6128193924381,423.2483162037577,3733902,Construction Materials,0.00913346246063429,0.00023424860215426335,0.0047575142445521745,0.0061502087465554744,421.0577453613281,414.68919372558594,411.13238932291665,406.6603637695313,402.5894482421875,398.241655476888,1
2023-05-31,419.8782043457031,427.0149261104114,417.15236618396216,426.6184466095021,6180317,Construction Materials,-0.016941236052028352,0.007962537065645314,-0.00496596584855602,-0.010579500914852713,421.3154602050781,416.40399475097655,412.1434285481771,408.64031372070315,404.21900390625,399.5814463297526,0
2023-06-01,425.4785461425781,427.4609738473776,420.2746734174796,421.2658872698793,3422014,Construction Materials,0.013338015021765681,-0.012546478902076608,0.0010445717694909096,0.007484812472909663,423.30779418945315,419.3974578857422,413.2701049804688,410.66982421875,405.9159619140625,401.207036336263,1
2023-06-02,434.20123291015625,436.13411209764064,427.6592454282495,427.6592454282495,5425758,Construction Materials,0.020500885054390405,0.015176538978278087,0.020289894939882203,0.017570823268321156,425.98406982421875,422.85679626464844,415.12367350260416,412.5283493041992,407.86865234375,403.10190633138023,1
2023-06-05,435.19244384765625,437.7696059969952,433.21001607884887,436.18365773206,3391422,Construction Materials,0.00228283768532056,0.019932720723187636,0.0037499793159687655,0.01297942394543794,428.3728942871094,424.3584838867188,417.26799926757815,414.1911087036133,409.5556982421875,405.2148427327474,1
2023-06-06,455.1158447265625,456.9000478515058,436.13410506727394,437.9182779427704,15043392,Construction Materials,0.0457806682091213,0.003976811556236637,0.04369979457788564,0.006749818517337358,433.97325439453124,427.5154998779297,421.1172139485677,416.8426055908203,412.12294189453127,407.82008260091146,1
2023-06-07,451.7457275390625,457.44520737087737,448.5242824167324,456.9496004289804,4545088,Construction Materials,-0.007404965629190019,0.04345861646975413,0.0011931701953962204,0.0284090998743316,440.3467590332031,430.83110961914065,424.3849161783854,419.1942611694336,414.98160278320313,410.24029642740885,0
2023-06-08,447.7313232421875,455.95838637482393,441.9327159742704,451.9935308411298,4925548,Construction Materials,-0.00888642449092758,-0.010845987354399345,-0.003250271228326551,-0.014696119476397929,444.797314453125,434.05255432128905,427.86407674153645,421.1519073486328,417.495322265625,412.3961873372396,0
2023-06-09,451.6961975097656,454.12465347520407,447.0374799646781,448.02869388921175,4370589,Construction Materials,0.008855476625729386,-0.008771888713849041,-0.004021711091223179,0.011550998163043502,448.2963073730469,437.1401885986328,431.3366333007813,423.41683197021484,419.68194091796875,414.6065948486328,1
2023-06-12,452.2908630371094,454.3724181507449,449.4659277930103,451.993510984924,2768142,Construction Materials,0.0013165165671578105,0.008849471361521033,0.0005455873704385272,0.005432313703370273,451.7159912109375,440.04444274902346,433.47765299479164,425.87999725341797,421.69608520507813,416.58241373697916,1
2023-06-13,454.9176330566406,459.7249962884819,451.547481585586,453.4803607969586,2313541,Construction Materials,0.005807700827499929,0.003289537959946909,0.011780156373754957,0.004631171494570596,451.6763488769531,442.8248016357422,435.5691162109375,428.7569976806641,423.8093542480469,418.7151763916016,1
2023-06-14,460.5179748535156,461.4100612959277,455.3636505759949,456.2061884241691,4260531,Construction Materials,0.012310672064403505,0.006010905571346203,0.0036653760858118556,0.008451312754549356,453.43079833984376,446.88877868652344,438.3643391927083,431.64638671875,426.0415686035156,421.3898020426432,1
2023-06-15,454.3228759765625,464.7801700352358,453.0342798168485,461.9056559088682,2606044,Construction Materials,-0.013452458351758567,0.012493183190666945,0.007303934226841058,-0.0051154077761805805,454.7491088867188,449.77321166992186,440.95140584309894,434.58533477783203,427.87134765625,423.70428670247395,0
2023-06-16,456.8504943847656,461.50921195654087,452.984766106829,457.3461013498716,4270855,Construction Materials,0.00556348478550639,-0.009871181486238778,-0.007037645514108237,-0.00010929351756672201,455.77996826171875,452.0381378173828,443.35344848632815,437.4474670410156,429.88945922851565,425.6982788085937,1
2023-06-19,448.8712158203125,459.9727932308268,445.30283976893577,456.8504755294149,2390979,Construction Materials,-0.01746584202606305,-0.0010836996729476356,-0.0033291182188985857,-0.0169584650802177,455.0960388183594,453.40601501464846,445.0616414388021,438.8822494506836,431.72320556640625,427.262744140625,0
2023-06-20,445.0054931640625,451.5970595589385,442.676134445722,449.5155043159651,3007712,Construction Materials,-0.008612097456918488,-0.016055518394612167,-0.018209193663515588,-0.00589869430111134,453.1136108398438,452.3949798583984,446.25440470377606,439.9552398681641,433.6283203125,428.6933970133463,0
2023-06-21,444.1629333496094,448.375592222682,440.6936848659026,445.0550197669591,2653187,Construction Materials,-0.0018933694693572534,-0.009922871416401025,-0.007133499362026008,-0.004478329472858755,449.8426025390625,451.63670043945314,447.8733866373698,441.23390502929686,435.2856298828125,430.00840759277344,0
2023-06-22,440.9415283203125,448.9703673035291,437.8687590490261,445.4515396583894,2318198,Construction Materials,-0.00725275521080293,0.000890945779328467,0.0013265108341395937,-0.006410179936515492,447.1663330078125,450.9577209472656,448.9042521158854,442.50513763427733,437.1015344238281,431.08717854817706,0
2023-06-23,422.058837890625,441.0901555794491,420.27466509143017,441.0901555794491,4859137,Construction Materials,-0.04282357005841053,-0.009790928284331368,-0.017551741268377552,-0.04018120405714076,440.2080017089844,447.9939849853516,448.0947591145833,442.5670867919922,437.99957397460935,431.6092163085938,0
2023-06-26,428.2539367675781,430.0876884612693,415.61596003326775,422.0093015398151,3401951,Construction Materials,0.014678282553956423,-0.04325839921448249,-0.02494380565743104,-0.011084905765492481,436.0845458984375,445.5902923583984,447.63219197591144,442.81736755371094,438.32270874023436,432.45009562174477,1
2023-06-27,430.0381774902344,436.7784202384306,429.3443156266925,430.1868535325793,3022273,Construction Materials,0.00416631481808083,0.019377658177026413,0.01555666892279306,0.033031348440819785,433.09108276367186,443.1023468017578,445.96034749348956,442.96357421875,438.5824084472656,433.5387807210287,1
2023-06-28,430.43463134765625,437.91828411068633,428.05572406367264,431.5745212702476,6405277,Construction Materials,0.0009219038638281774,0.0032257325538267434,0.002609707392671634,-0.0030013010912673943,430.3454223632813,440.09401245117186,444.53960774739585,443.4913955688477,439.05620849609375,434.46226196289064,1
2023-06-30,422.1579895019531,437.1253252837816,421.2659030512634,432.1692558361197,6318237,Construction Materials,-0.019228568620953235,0.0013780576390878263,-0.0018107461041848572,-0.015862002610200432,426.5887145996094,436.8775238037109,442.8347188313802,443.3253677368164,439.32185302734376,435.3493977864583,0
2023-07-03,432.02056884765625,433.35871361448255,424.2395339622445,424.6360134581143,3025642,Construction Materials,0.02336229466446582,-0.01743123157483939,-0.008616777503920092,0.007058797993008126,428.5810607910156,434.39453125,441.52301025390625,443.2163345336914,439.7698815917969,436.42982177734376,1
2023-07-04,428.8982543945313,435.0437622495488,427.3123061498843,432.6153064134943,1585173,Construction Materials,-0.0072272356417038,0.018790900212158013,0.0038883460332710396,0.00724301235894087,428.7099243164063,432.39723510742186,439.9635030110677,442.90162506103513,439.99587890625,436.7205780029297,0
2023-07-05,428.6008911132813,430.8807012691372,422.9509899432691,429.5921050290148,2057486,Construction Materials,-0.0006933189356757019,-0.006988197920093642,-0.00956929242907667,-0.010206390370338214,428.42246704101564,430.75677490234375,438.2090535481771,441.5758773803711,440.05535278320315,436.8890848795573,0
2023-07-06,427.7087707519531,431.3762740493727,425.7758916696341,428.2043776705533,2151838,Construction Materials,-0.0020814710837649963,-0.003230337201769129,0.0011501391888191215,0.006679028524661623,427.877294921875,429.1113586425781,436.0217732747396,440.3740295410156,440.36857543945314,437.19305623372395,0
2023-07-07,416.6422119140625,429.40370514052034,415.2464316742525,428.7057998077517,3734746,Construction Materials,-0.0258740516787499,0.001170987881829122,-0.004572733892700298,-0.024730052126933466,426.7741394042969,426.6814270019531,433.5097290039063,438.8195739746094,440.0151220703125,437.2305674235026,0
2023-07-10,418.2373962402344,423.5712999889918,410.8098069495867,417.7389011314856,3524816,Construction Materials,0.0038286670926681587,-0.025581409631463048,-0.013582568295771646,-0.010684317519063513,424.0175048828125,426.2992828369141,430.9355224609375,437.1466339111328,439.37656860351564,437.1444854736328,1
2023-07-11,418.4866333007813,420.9791087820248,417.1905582208251,419.732871041403,2512215,Construction Materials,0.0005959224660143647,0.004773244494387541,-0.006119846191265488,0.015532129864712418,421.9351806640625,425.3225524902344,428.9098836263021,435.45642242431643,438.7083361816406,436.9857625325521,1
2023-07-12,420.2812194824219,421.72686748688767,413.7509456431641,418.7358967954913,2231762,Construction Materials,0.0042882759898110745,-0.0023752589198888785,0.0017762370846057252,-0.008244703792745889,420.2712463378906,424.34685668945315,427.2615987141927,433.72460174560547,437.314951171875,436.75800170898435,1
2023-07-13,415.6452026367188,421.37789620868017,413.4019747172556,420.2812009184641,2744632,Construction Materials,-0.011030749485814173,0.0036904027927835426,-0.0008274817307397653,-0.0008434323343140537,417.85853271484376,422.8679138183594,425.36041666666665,431.4809631347656,435.87093017578127,436.6169016520182,0
2023-07-14,415.34613037109375,417.9383110197136,412.8037870630192,415.6452152658193,7579025,Construction Materials,-0.0007195373932571414,-0.011030675753551544,-0.008162709102480292,-0.0014469878975433836,417.59931640625,422.1867279052734,423.6540568033854,429.53212585449216,434.5755224609375,436.27915445963544,0
2023-07-17,415.34613037109375,421.3280716714194,413.80077727974015,416.7419105893577,5100742,Construction Materials,0.0,0.0026385371063084584,0.00811067222680606,0.002415167321536238,417.02106323242185,420.5192840576172,423.20654296875,427.45690765380857,433.12151977539065,435.65065104166666,0
2023-07-18,414.94732666015625,423.4217432222991,413.0530209703907,415.6950692979924,3809061,Construction Materials,-0.0009601719668874686,-0.0025119654749503617,0.004969219218111887,-0.0018070442357915883,416.3132019042969,419.1241912841797,422.31943562825523,425.7607131958008,431.6277783203125,434.97581380208334,0
2023-07-19,418.0379943847656,419.7328899586903,414.9473489893097,416.3431292365684,2260225,Construction Materials,0.0074483374781220135,0.0015589791326378055,-0.008712007171705727,0.004586161879336137,415.86455688476565,418.0679016113281,421.51942342122396,424.41233825683594,430.1525927734375,433.73988545735676,1
2023-07-20,419.6331787109375,422.2751967163352,417.29024560210286,418.7857309363726,2876080,Construction Materials,0.0038158835981392247,0.0058667995897592196,0.0060569634128389005,0.0056462503459771,416.6621520996094,417.2603424072266,420.79932657877606,423.1858505249023,428.5172009277344,432.6694671630859,1
2023-07-21,414.8476257324219,418.2373863062546,414.05001532193256,418.1376812017277,1990506,Construction Materials,-0.011404133946739559,-0.0015474494157093899,-0.009562035472315378,-0.007764931757498927,416.562451171875,417.0808837890625,420.3119689941406,421.8811553955078,426.93819091796877,431.57334391276044,0
2023-07-24,421.47760009765625,427.5093785378705,414.1995839279989,415.744906542218,3203223,Construction Materials,0.01598170979893898,-0.005722456423044253,0.02216920948531942,0.0003612331856817086,417.7887451171875,417.4049041748047,419.6091044108073,421.8520935058594,425.52327514648437,430.56605733235676,1
2023-07-25,438.775390625,440.56996080456577,421.8763946602298,421.8763946602298,6432788,Construction Materials,0.04104082998322056,0.014748197804773655,0.030550399411970686,0.01853408605443052,422.5543579101562,419.43377990722655,420.2675801595052,422.37816619873047,425.1194421386719,430.11554158528645,1
2023-07-26,442.1651611328125,447.0005697692412,435.3856398291391,442.3645713464552,5027847,Construction Materials,0.0077255255883517115,0.048564406412750616,0.014596113073464867,0.03202180861479431,427.3797912597656,421.62217407226564,421.17186482747394,422.98451538085936,425.0058288574219,429.6904591878255,1
2023-07-27,448.3963317871094,453.6305302126398,437.3297347451284,442.9627231560304,4479151,Construction Materials,0.014092405286596499,0.0013521693379616728,0.014832107365816638,0.004465225166250919,433.132421875,424.8972869873047,422.55103556315106,423.88260040283205,425.1751647949219,429.2864044189453,1
2023-07-28,453.4311218261719,455.2755597448559,446.7014381092059,453.6305320325204,4573656,Construction Materials,0.011228437170741401,0.02408285916359687,0.003626364238414448,0.02142937609659512,440.84912109375,428.7057861328125,425.0036295572917,425.44625701904295,425.67474853515625,429.256679280599,1
2023-07-31,461.6064758300781,467.3890069855205,453.4311437854748,453.6305540014807,5162855,Construction Materials,0.01802997988091426,4.842919221204056e-08,0.026606847175045356,0.015065332461776437,448.87489624023436,433.3318206787109,427.8949015299479,426.92555236816406,427.25665405273435,429.4152119954427,1
2023-08-01,460.1608276367188,466.9403794436396,451.2876206912448,462.6034658660004,3111674,Construction Materials,-0.0031317762402698346,0.01978021935552965,-0.0009598589936343771,-0.004727339803646369,453.1519836425781,437.85317077636716,430.6731811523438,428.4886810302734,428.5329296875,429.7915323893229,0
2023-08-02,459.5127868652344,467.9373664046523,448.6455995393163,460.60948219369806,8819107,Construction Materials,-0.0014082919113576065,-0.004310351779508559,0.002135148307800261,-0.005854406437920123,456.6215087890625,442.0006500244141,433.2886189778646,430.0342758178711,429.7119140625,430.2751088460287,0
2023-08-03,472.92230224609375,479.7018233611295,457.070164325844,463.6004378936251,12633488,Construction Materials,0.02918202880128362,0.006493474006836086,0.025141093234054335,0.01877777202134223,461.5267028808594,447.3295623779297,437.1070922851562,432.2949523925781,431.4114208984375,431.23375447591144,1
2023-08-04,470.33013916015625,476.0628329602005,468.68511137224544,475.5643378471532,2994518,Construction Materials,-0.005481160591552348,0.02580648976063582,-0.007585942399450651,0.02541173752509729,464.90650634765626,452.8778137207031,440.77269287109374,434.97934875488284,433.33830688476564,432.2133748372396,0
2023-08-07,472.6730651855469,474.5673405015633,467.3391614708146,471.9751598674598,2245398,Construction Materials,0.004981449901497514,-0.007547197495803237,-0.00314137621149313,-0.0028717573244221306,467.11982421875,457.9973602294922,444.5944885253906,437.7011322021484,434.96440673828124,433.9005157470703,1
2023-08-08,464.7968444824219,474.5673362946686,454.8767797992491,473.52050875254446,5371066,Construction Materials,-0.016663146862479272,0.00327421656156357,-8.864694867050105e-09,-0.026666675294969355,468.0470275878906,460.59950561523436,447.91778971354165,440.01664276123046,436.40035034179687,435.1186126708984,0
2023-08-09,461.2575073242188,465.34517320614,459.11398449154245,464.7968407695458,2483919,Construction Materials,-0.007614804618874538,-0.018422999261384798,-0.019432780942181038,0.00931506043057051,468.3959716796875,462.508740234375,450.79909057617186,442.0654571533203,437.70661499023447,436.15925699869797,0
2023-08-10,455.8239440917969,464.4479034727954,453.3314685235472,461.65631258091946,2526713,Construction Materials,-0.011779891158720357,-0.006756776107657458,-0.0019281810256299714,-0.012594946273307817,464.97630004882814,463.2515014648437,453.21180826822916,444.0743942260742,438.8312219238282,437.00556742350267,0
2023-08-11,455.0263366699219,462.0052683072696,452.633566193691,456.1230320123648,2572588,Construction Materials,-0.0017498146646600654,-0.011985714085919308,-0.005259223149166159,-0.0015394967663047154,461.91553955078126,463.41102294921876,455.89038899739586,446.05840454101565,440.36658691406257,438.1011789957683,0
2023-08-14,439.6228332519531,451.1380576923742,436.3327473934572,449.19391466573,4208119,Construction Materials,-0.03385189422374579,-0.015191334048763716,-0.023521832672409815,-0.03601327877053273,455.3054931640625,461.21265869140626,457.1000712076823,447.2722396850586,441.2220043945313,438.35458780924483,0
2023-08-16,435.8841247558594,438.9747700150389,430.7994686840115,438.9747700150389,1740262,Construction Materials,-0.008504354672476788,-0.022749962359342568,-0.026961342475853134,-0.01268132805181399,449.52294921875,458.7849884033203,456.9073201497396,448.31907958984374,441.91790405273446,438.58745015462245,0
2023-08-17,444.6576232910156,445.6546134777668,432.34478839949367,436.0835015998105,2130151,Construction Materials,0.020128052472822455,-0.006586411367399014,0.015216918873262486,0.0035870975426286478,446.2029724121094,457.2994720458984,457.0734842936198,449.6500610351562,442.8929602050782,439.12267456054695,1
2023-08-18,451.6864013671875,459.56264834753495,438.4762811169467,444.6077952340548,4745941,Construction Materials,0.01580716872489507,0.01954738852300575,0.03120810252862327,0.014181951261980963,445.3754638671875,455.17588195800784,457.292822265625,451.2527221679687,444.334608154297,439.9219289143881,1
2023-08-21,463.8497009277344,467.5884142613808,452.2347709230182,452.73326603417104,3554493,Construction Materials,0.02692863793049871,0.018275592302287036,0.01746392127973051,0.03137795679853861,447.14013671875,454.5278381347656,457.9873942057292,453.70282592773435,446.2747509765626,441.4955118815105,1
2023-08-22,462.404052734375,469.23344183935,460.9584351680954,466.84067139200033,3093757,Construction Materials,-0.00311663064666845,0.031160523019230668,0.0035181102178669654,0.01929012275476305,451.6963806152344,453.5009368896484,458.040565999349,455.7491485595703,448.15706787109383,442.9677337646485,0
2023-08-23,451.9356384277344,465.3950059174175,448.7452880930228,463.1019406635396,3474824,Construction Materials,-0.022639105874476706,-0.008008579709460117,-0.008180226683942693,-0.0264951157052129,454.90668334960935,452.2148162841797,457.4922200520833,456.407160949707,449.63660034179696,444.0827006022136,0
2023-08-24,447.5987548828125,460.60946460226137,445.60477451656897,455.0761812562258,4316497,Construction Materials,-0.009596241535652528,-0.01733043786388444,-0.010282751757773045,-0.0069984324287830635,455.4949096679687,450.84894104003905,456.6979512532552,456.67884063720703,450.8190307617188,444.99328511555996,0
2023-08-25,433.2919616699219,446.95070961676674,428.8055056180777,446.8510349339743,5518417,Construction Materials,-0.03196343389435108,-0.018074218473808523,-0.029653656807267392,-0.037699930205453036,451.81602172851564,448.5957427978516,454.05592854817706,455.92362213134766,451.3653820800782,445.58151041666673,0
2023-08-28,437.5291442871094,443.1621326894682,430.799460607348,437.8780969334273,3347943,Construction Materials,0.009779047367639349,-0.02008037869235957,-0.008476498293395807,0.00465002189371666,446.5519104003906,446.8460235595703,451.86919555664065,455.1285232543945,452.2726428222657,446.3209442138672,1
2023-08-29,439.8721008300781,446.1531270971324,435.1363972463656,438.6757003860072,4051913,Construction Materials,0.005354972516828038,0.0018215194095474452,0.006749210248430781,0.010067182147589726,442.04552001953124,446.87095031738284,449.6824645996094,454.0418045043945,453.00842285156256,447.13847656250005,1
2023-08-30,442.7135009765625,444.15914898530167,438.875112918506,443.3615689688625,2230876,Construction Materials,0.006459605283268388,0.010681851259898956,-0.004469268488163314,0.008592054573691721,440.2010925292969,447.55388793945315,448.2102416992187,453.16943817138673,453.16594726562505,448.06401570638025,1
2023-08-31,427.110595703125,441.0186211669411,423.8205402125815,438.5261456663093,12006942,Construction Materials,-0.035243798165223605,-0.010906275241219232,-0.007070726395111304,-0.03430263476507489,436.10346069335935,445.79918518066404,445.93378092447915,451.54932861328126,452.5637646484376,448.3664357503256,0
2023-09-01,432.5940551757813,436.0835209845235,424.21934331994544,426.2631611233464,3846763,Construction Materials,0.012838500210066828,-0.027964089859066843,-0.011190230855466554,0.0009409716366364229,435.96387939453126,443.88995056152345,444.38512166341144,449.5329162597656,451.93167358398443,448.79846496582036,1
2023-09-04,439.8222351074219,442.6138260146528,433.8402937107192,434.0397039275669,4347480,Construction Materials,0.016708921089318762,0.018243525393390136,0.014974895211326,0.022679188354496338,436.42249755859376,441.48720397949216,443.37151489257815,448.0075210571289,451.38731811523445,449.63095194498703,1
2023-09-05,438.8750915527344,443.11229983845766,436.1832058832787,439.97175641551735,2261743,Construction Materials,-0.0021534690133530043,0.013667073390457363,0.001126204818979959,0.0054004024211768975,436.223095703125,439.1343078613281,443.32166544596356,446.31762237548827,450.4780627441407,450.210868326823,0
2023-09-06,436.4324645996094,440.6696729937803,432.1952562054384,439.67268278338713,2410656,Construction Materials,-0.005565654100994966,-0.0006797564338374418,-0.005512432955636415,-0.009142831782724459,434.9668884277344,437.5839904785156,443.35822143554685,444.89940338134767,449.52892822265625,450.13277079264327,0
2023-09-07,438.1273498535156,439.2738824834364,433.8901415587069,436.6318645729949,2211370,Construction Materials,0.003883499490490827,-0.006916095380640974,-0.0031674303812678772,0.003921573244808796,437.1702392578125,436.63684997558596,442.92286987304686,443.7428955078125,448.6735107421875,449.9981770833334,1
2023-09-08,437.8781127929688,439.8720932147478,435.5850170524869,438.7255301316436,1913450,Construction Materials,-0.0005688689843948991,0.0047950361128503705,0.0013618172059977063,0.003906231857887521,438.22705078125,437.0954650878906,442.0023173014323,442.8456039428711,447.2717431640625,449.6475697835287,0
2023-09-11,449.5428771972656,452.0353527089224,437.92794739809045,437.92794739809045,5287778,Construction Materials,0.026639295419207176,-0.001817953774684189,0.02765180988246163,0.0053788129845642185,440.1711791992187,438.2968383789063,441.04852905273435,442.5714309692383,446.44025268554685,449.5179616292318,1
2023-09-12,443.66064453125,452.5338513367296,435.335770172316,452.5338513367296,5467782,Construction Materials,-0.01308492018089391,0.03335229922049687,0.0011027868170483401,-0.005919186572073354,441.1282897949219,438.6756927490234,439.79896850585936,442.7733215332031,445.279755859375,448.91976725260423,0
2023-09-13,442.5639343261719,448.5957431639197,439.0246313613863,445.6546099658903,2583760,Construction Materials,-0.00247195738138295,-0.015201606135140655,-0.008702350467654996,0.008473600015937555,442.3545837402344,438.6607360839844,439.1741882324219,443.10731201171876,444.390439453125,448.3332041422526,0
2023-09-14,443.8600463867188,445.0564163636724,440.37058070891663,443.4612259686748,2000637,Construction Materials,0.0029286436603117583,-0.004921712797682942,-0.007889791319205641,0.003065771830060182,443.501123046875,440.33568115234374,438.92494099934896,443.0674331665039,443.694541015625,447.8114461263021,1
2023-09-15,443.7104797363281,446.7513181250417,441.1681668771572,443.6606423962372,2963506,Construction Materials,-0.00033696804118377166,0.000449681766713228,0.0038082851949814422,0.0018111704168717324,444.6675964355469,441.44732360839845,439.6195088704427,442.66863708496095,443.21000244140623,446.8377187093099,0
2023-09-18,435.3357543945313,444.358533745446,431.6967463361957,443.6606284517485,3707587,Construction Materials,-0.01887430142910629,-3.143052906828814e-08,-0.005355964901542776,-0.021468957309421666,441.826171875,440.99867553710936,439.47328287760416,441.2429397583008,442.4223791503906,445.6712392171224,0
2023-09-20,426.8613586425781,437.0306711053431,423.7706828607004,435.18623310440574,2289507,Construction Materials,-0.019466344462653717,-0.01910107592128696,-0.016490878611775894,-0.018360257617792364,438.4663146972656,439.79730224609375,438.60590006510415,439.46580505371094,441.91192016601565,444.14418233235676,0
2023-09-21,424.8175354003906,429.303991354201,421.92626987085816,426.2133156119863,2680700,Construction Materials,-0.00478802590303995,-0.020618569269553966,-0.0176799484841641,-0.004352384590154634,434.9170349121094,438.63580932617185,437.4128356933594,438.1098999023437,441.46925659179686,442.81153869628906,0
2023-09-22,419.68304443359375,427.2103084091349,416.7917484608385,424.7178328641575,2666687,Construction Materials,-0.012086344227663859,-0.003508765899726596,-0.0048769240147564785,-0.012169238506033797,430.0816345214844,436.7913787841797,436.91766560872395,436.7141143798828,440.4702734375,441.42572326660155,0
2023-09-25,421.6271362304688,424.66797450023984,413.4518351030995,419.2343659108906,3913804,Construction Materials,0.004632285775325595,-0.012910846988195113,-0.005951012554828772,-0.008013386469556849,425.6649658203125,435.16628112792966,436.18653767903646,436.13087310791013,439.26790283203127,440.28582967122395,1
2023-09-26,428.45654296875,432.693751363438,421.1785266022824,422.0259439406386,6162665,Construction Materials,0.016197740020576168,0.006658752852196859,0.018898945399975497,0.018688250584874444,424.28912353515625,433.0576477050781,435.42882486979164,435.6772430419922,437.85217651367185,439.4001698811849,1
2023-09-27,429.1544494628906,430.5502296762925,424.7178308436463,426.71181127014233,1952178,Construction Materials,0.0016288851357126877,0.011103268405135758,-0.004953900259458854,0.008403334970365384,424.74774169921875,431.6070281982422,434.78078206380206,435.1413604736328,436.5221923828125,439.0512237548828,1
2023-09-28,418.63616943359375,430.2012615773656,417.389931711759,429.7027664886317,3461405,Construction Materials,-0.024509311373704823,0.007009309654650853,-0.0008105165782613666,-0.01725357072325262,423.5114685058594,429.21425170898436,433.5943623860677,433.9374938964844,435.1902136230469,438.4762919108073,0
2023-09-29,423.52142333984375,427.2102992375059,418.7358825665169,422.5244331432568,2835399,Construction Materials,0.01166945014058296,-0.01670534589300776,-0.006952472265871701,0.003224684527578514,424.2791442871094,427.1803894042969,432.6206339518229,433.75803527832034,434.2271203613281,437.7717519124349,1
2023-10-03,430.899169921875,433.09253007239386,421.2283529616949,422.7736755774178,2833284,Construction Materials,0.01742000799829957,0.0005898888078657016,0.013768934984448311,0.005952368781727335,426.1335510253906,425.8992584228516,432.15537109375,433.673291015625,434.13140869140625,437.07884419759114,1
2023-10-04,428.3568420410156,432.6937555842055,423.0229382775857,428.705794703245,3214525,Construction Materials,-0.005900052862298,0.014031429742462409,-0.0009207604853440632,0.00426036211302705,426.1136108398438,425.2013671875,430.74296875,433.1000213623047,433.7645166015625,435.8957489013672,0
2023-10-05,431.5472106933594,433.541191077364,427.45954482100456,428.7057825610075,1287179,Construction Materials,0.0074479227112200785,-2.8323007605912665e-08,0.0019585110305422315,0.010487862813026938,426.5921630859375,425.6699523925781,429.93540649414064,432.73362731933594,433.43152099609375,434.8671875,1
2023-10-06,434.3886413574219,435.6847164442883,430.5003552453701,432.6937458508492,1547935,Construction Materials,0.00658428694162394,0.009302331463826752,0.004944225395509871,0.007113680022372337,429.74265747070314,426.62706298828124,429.3903869628906,432.6314361572266,433.0985266113281,434.28228759765625,1
2023-10-09,428.90521240234375,436.1832289668133,426.213326590429,428.8055072934344,4370429,Construction Materials,-0.012623324905418731,-0.00898612146512301,0.0011442047510719089,-0.009958246497840051,430.8194152832031,427.5492797851563,428.393398030599,432.17032928466796,433.17031127929687,433.65916951497394,0
2023-10-10,435.8841247558594,437.5291524899415,426.7118028056347,428.8553256364524,3288646,Construction Materials,0.016271456143948537,0.00011617934511254369,0.0030856837992516706,0.0011695462908054566,431.81640625,428.9749786376953,427.87164103190105,432.0706298828125,433.3019140625,433.7455749511719,1
2023-10-11,443.7603454589844,445.65462075961824,436.6817089322434,437.5789940298356,3228077,Construction Materials,0.018069528702235882,0.020341751336389935,0.018571261419805696,0.023364495805029195,434.89710693359376,430.50535888671874,428.4332804361979,431.78150329589846,433.4594384765625,433.953281656901,1
2023-10-12,444.25885009765625,448.994553663768,442.71349699433085,447.6486107756224,1700298,Construction Materials,0.0011233645452395358,0.02301211183163021,0.0074944424416756306,0.013812779282274423,437.43943481445314,432.0157989501953,429.5931131998698,431.81141357421876,433.6747888183594,434.09950663248696,1
2023-10-13,438.5759887695313,444.45822494317787,437.5789985561767,443.1621498361076,950920,Construction Materials,-0.01279177967276457,-0.010022282726939169,-0.010103304558093051,-0.011597790609532477,438.276904296875,434.00978088378906,430.5103434244792,431.61201629638674,433.7605297851562,433.9615895589193,0
2023-10-16,441.9158935546875,443.4612161503528,437.6288479871657,437.6786853254548,1353905,Construction Materials,0.00761533889378363,-0.01237349469642357,-0.002243200230916065,0.0001139209860470114,440.87904052734376,435.84922790527344,431.99253336588544,431.51480865478516,433.9120715332031,434.45509948730466,1
2023-10-17,441.3177185058594,443.16215651350194,438.7754055937893,442.21500362625306,1043674,Construction Materials,-0.0013535947847824747,0.01036449444053944,-0.0006743760806119381,0.0026199315056514294,441.96575927734375,436.8910827636719,433.30523885091145,431.3951705932617,434.0496557617187,434.745888264974,0
2023-10-18,431.6967468261719,442.663638777876,430.2012615600305,441.0684484088467,1919224,Construction Materials,-0.021800556098813817,-0.0025927551259102843,-0.00112491043808427,-0.019541077107900984,439.55303955078125,437.2250732421875,433.52125244140626,431.2132202148438,433.335810546875,434.47503865559895,0
2023-10-19,436.1333618164063,438.7255119165161,428.8054779854641,431.2480856452945,1131689,Construction Materials,0.010277156413274646,-0.022264940507486064,-0.008896431774320646,-0.003244489729074429,437.9279418945313,437.6836883544922,433.98651326497395,431.6768203735352,433.03471923828124,434.38364766438804,1
2023-10-20,429.55322265625,438.2270189166986,426.81149967709126,435.684706142678,2066618,Construction Materials,-0.015087447410011001,0.010287861314780766,-0.001136229798080035,-0.004650076574909012,436.123388671875,437.200146484375,434.714316813151,431.9136047363281,432.51429077148435,434.1543395996094,0
2023-10-23,414.6980895996094,431.4475129403479,410.3611761053583,431.4475129403479,1925177,Construction Materials,-0.034582753133081345,-0.009725365941448794,-0.015470305763231385,-0.03854236257499766,430.67982788085936,435.77943420410156,434.1260945638021,431.6643569946289,431.3478125,433.3733642578125,0
2023-10-25,416.6920776367188,421.47761855708194,412.3551640631681,415.7449247505693,3289897,Construction Materials,0.004808288456391585,-0.036395129694372974,-0.02310801217816827,0.004859104793329294,425.75469970703125,433.8602294921875,433.17895507812506,431.41760406494143,430.26707641601564,432.6671630859375,1
2023-10-26,415.0469970703125,421.2283483164896,406.5227432569199,413.3521320307466,2296586,Construction Materials,-0.003947952588243209,-0.0057554345883074065,-0.0005914198752610123,-0.014144168218431119,422.42474975585935,430.9888946533203,432.29163208007816,430.7471267700195,429.45552612304687,431.5173004150391,0
2023-10-27,415.9941711425781,422.6740178165365,413.8506482452034,418.1875618066105,1693364,Construction Materials,0.0022820887247743116,0.011698088388000016,0.0034320327818029295,0.018025818013464256,418.39691162109375,428.1624267578125,431.25476277669276,430.08911285400393,429.02083862304687,430.59508463541664,1
2023-10-30,420.6800231933594,422.3250509230929,414.7479193875973,418.93529035939713,1290400,Construction Materials,0.011264225260442906,0.0017880219812285159,-0.0008256170919762607,0.002168103749984329,416.6222717285156,426.3728302001953,430.3408548990886,430.19130554199216,428.85533813476565,429.86562093098956,1
2023-10-31,423.1725158691406,426.1634865632072,419.7328874006732,422.67402075346286,1078687,Construction Materials,0.005924913326905479,0.008924362497268579,0.009088818273328858,0.012019271899992967,418.31715698242186,424.4984924316406,429.9586751302084,430.17386016845705,428.9949169921875,429.17603658040366,1
2023-11-01,405.4260559082031,424.2193271318572,402.8338753211946,424.2193271318572,5188883,Construction Materials,-0.04193670263412219,0.0036560240339342798,-0.004562003767682343,-0.04026134855462715,416.06395263671874,420.909326171875,427.9281372070313,428.90020446777345,428.34687377929686,427.89988911946614,0
2023-11-02,418.4367980957031,422.125643571323,408.91552345335367,409.76297120644415,3289570,Construction Materials,0.03209152938716375,-0.0340775514004803,-0.0049353799476548055,0.015097161645876822,416.7419128417969,419.5833312988281,426.2399007161459,428.4042022705078,427.946083984375,427.3365905761719,1
2023-11-03,419.6331787109375,422.67401714605546,415.9941704826933,419.7328838183676,1579359,Construction Materials,0.0028591668339856824,0.024330926200016423,0.001299076668484389,0.017310780890779975,417.46971435546874,417.9333129882813,424.59818929036464,427.8085006713867,427.5652331542969,427.0956512451172,1
2023-11-06,419.9821166992188,423.7208299042563,418.7358789642062,420.6800220011161,1061040,Construction Materials,0.0008315309798743176,0.0022565260413531796,0.0024766432658174242,0.00659073774599217,417.33013305664065,416.9762023925781,423.35859781901047,427.0881744384766,427.6190710449219,426.93447062174477,1
2023-11-07,418.2872314453125,422.07581250789735,416.8416138927575,420.5304594232296,662939,Construction Materials,-0.00403561291425214,-0.00035552574418673544,-0.0038823142037426317,-0.004523770631106205,416.353076171875,417.3351165771484,421.7833536783855,426.557275390625,427.40970336914063,426.8879435221354,0
2023-11-08,419.7328796386719,424.71783070326416,417.9383094257093,420.3310798515683,1055490,Construction Materials,0.0034561136096940004,-0.00047411445994849366,0.006259582087086324,0.002630964607180486,419.2144409179688,417.6391967773437,420.34436442057296,425.7497131347656,426.9630517578125,426.8248016357422,1
2023-11-09,417.0409851074219,422.2751836149714,414.6980824970044,421.12865097941534,882283,Construction Materials,-0.006413351590581429,0.0018974831176621354,-0.0057512233104226596,-0.00775288327398671,418.9352783203125,417.8385955810547,419.36731363932296,424.4137451171875,426.51041748046873,426.4442830403646,0
2023-11-10,416.8416137695313,418.5863466407288,414.1995957925776,417.4896513222593,1025880,Construction Materials,-0.0004780617373595364,-0.008641064075533333,-0.008735623397670644,-0.001202047285642771,418.37696533203126,417.92333984375,418.08119710286456,423.0428833007812,425.9221936035156,426.0338551839193,0
2023-11-13,418.1376953125,420.87941843802105,417.1407050850378,420.5803335400733,698694,Construction Materials,0.0031092901959766106,0.007403015159837656,0.00547813328288127,0.00710070536605012,418.0080810546875,417.6691070556641,417.3201619466146,422.0209686279297,425.27215576171875,426.0172393798828,1
2023-11-15,416.8914489746094,422.2253526672393,416.4428216368924,419.7328771497232,2736651,Construction Materials,-0.002980468759123056,-0.002014969133760869,0.0031979093542120474,-0.0016730168972676207,417.7289245605469,417.04100036621094,417.4663859049479,420.7697463989258,424.7916052246094,425.796240234375,0
2023-11-16,418.63616943359375,419.3839120666946,415.74490400408223,418.73587453648565,1724084,Construction Materials,0.004185071349570135,-0.002375326469558181,-0.006729677842874704,-0.0016759026606987248,417.50958251953125,418.36201171875,417.5959920247396,419.6356689453125,424.10168701171875,425.38747355143227,1
2023-11-17,419.8325805664063,426.71180688192754,416.741904851976,420.7298656639566,2116735,Construction Materials,0.002857878081655718,0.004761930488230037,0.0174729993316185,0.0023981072005732074,418.0679016113281,418.5015899658203,417.91503092447914,419.0424606323242,423.14457641601564,425.10333150227865,1
2023-11-20,420.23138427734375,422.9731074250607,416.9413286703744,419.83259426827584,1481395,Construction Materials,0.0009499112965445367,-0.0021326543915887175,-0.008761649892432888,0.00047853075507053866,418.7458557128906,418.56141052246096,418.1975118001302,418.2473617553711,422.1834777832031,424.72613728841145,1
2023-11-21,418.8854370117188,423.02294036094673,417.8386094456018,421.1286650183067,1003554,Construction Materials,-0.0032028718367609343,0.0030871132154228764,0.00011781584930870004,0.002152055249808882,418.89540405273436,418.4517425537109,418.07787272135414,417.7139724731445,421.39585571289064,424.20936381022136,0
2023-11-22,413.0032043457031,419.9322986408043,412.0062141119175,418.73589818997056,1457858,Construction Materials,-0.014042580969104268,-0.005681795202024942,-0.007306085380394123,-0.013958488281929915,418.1177551269531,417.92333984375,417.39991861979166,417.62922821044924,420.2393481445313,423.679296875,0
2023-11-23,414.34912109375,415.4956537050917,407.37018989774367,415.4956537050917,1212949,Construction Materials,0.003258853040084997,-0.007738157867250406,-0.010565143357804785,-0.011252316240343063,417.2603454589844,417.3849639892578,417.9947896321615,417.51208038330077,419.16060424804687,422.9614634195963,1
2023-11-24,413.0530395507813,414.7479351097417,410.1119366317615,414.69809776860114,1929621,Construction Materials,-0.003127993947585672,-0.001919528951454752,-0.0017995822307221854,0.0067303568155197,415.90443725585936,416.9861694335938,417.63587239583336,417.4123825073242,418.41485595703125,421.93788655598956,0
2023-11-28,429.9021911621094,434.1393995589443,415.9941655480899,419.73287883941487,7654493,Construction Materials,0.04079173858556384,0.01214083473713723,0.046754818547973365,0.014342983929311881,417.8385986328125,418.29222717285154,418.3204732259115,418.10778350830077,418.16560913085937,421.45933125813804,1
2023-11-29,434.3387756347656,435.9838033837484,426.7616440106067,433.6907380882848,4081524,Construction Materials,0.010319985717363478,0.033254147941576884,0.004248413819795793,0.025883724711211364,420.92926635742185,419.91233520507814,419.2775838216146,418.7907211303711,418.35703125,421.3180908203125,1
2023-11-30,437.9279479980469,441.666661270654,429.4036939067933,434.68772982845405,6906477,Construction Materials,0.00826353198154095,0.00229885412025177,0.01303456193280561,0.006190926324487034,425.9142150878906,422.0159851074219,420.5869649251302,419.5284927368164,419.2862255859375,421.18515930175784,1
2023-12-01,440.669677734375,442.663658176612,436.681716849901,442.663658176612,2478791,Construction Materials,0.006260686829561157,0.01834863926641206,0.0022573515127668475,0.016949139111708478,431.17832641601564,424.2193359375,421.9827514648438,421.290673828125,420.2453295898438,421.16355794270834,1
2023-12-04,473.1217041015625,474.3679418959779,451.88582425501545,458.6155083448585,13146040,Construction Materials,0.07364252184092601,0.036036051014339376,0.0716216096210831,0.03481736655885803,443.1920593261719,429.5482482910156,425.7214660644531,424.024919128418,422.56831787109377,422.544389851888,1
2023-12-05,507.5178527832031,511.9544713753443,473.12169063627147,473.570348399783,22838581,Construction Materials,0.07270042440128055,0.03260866626359071,0.07923496965064447,0.04699387597799887,458.71519165039064,438.2768951416016,431.7665486653646,428.4191528320313,426.22926513671877,424.9238728841146,1
2023-12-06,499.591796875,522.0739442110809,497.9966064648422,513.4499546134009,13223984,Construction Materials,-0.01561729477049334,0.08421052193908052,0.019766353067590225,0.052576147576573806,471.7657958984375,446.3475311279297,437.1968221028646,432.39963684082034,429.3857360839844,427.2584920247396,0
2023-12-07,503.5797729492188,506.8698285489762,494.8561084074238,502.183992707677,3608185,Construction Materials,0.007982469086089905,-0.02194169422842096,-0.029122532987314598,-0.006306263971781023,484.8961608886719,455.4051879882812,442.9760437011719,436.6642639160156,432.6020263671875,430.2212148030599,1
2023-12-08,492.8621215820313,508.0662224444314,480.8982389362082,507.4181848862614,4085720,Construction Materials,-0.02128292664421272,0.010422857467763169,0.0023603572911019555,-0.028205915283405658,495.33464965820315,463.25648803710936,447.9244405110677,440.3207260131836,436.09946899414064,432.7602162679037,0
2023-12-11,502.4830627441406,504.9755382537842,488.026704788208,496.40141641546506,4277828,Construction Materials,0.019520552992035922,-0.021711418311241126,-0.006083230992560695,0.014823231350916677,501.20692138671876,472.1994903564453,453.43447265625,444.5928298950195,439.4613195800781,435.6747517903646,1
2023-12-12,499.8410339355469,508.96348801761263,496.2518631944499,504.526869536493,3392736,Construction Materials,-0.005257945997553026,0.01636871461750089,0.007897312764136855,0.016853910504367686,499.6715576171875,479.19337463378906,458.7417826334635,448.7428009033203,442.6696337890625,438.4696472167969,0
2023-12-13,507.5178527832031,511.8547966952098,500.538921333101,502.4830644073487,3481573,Construction Materials,0.015358520662483555,-0.004050934157425412,0.005680778180884305,0.008638875652888345,501.25676879882815,486.5112823486328,464.6506103515625,453.2118087768555,446.1710632324219,441.36424153645834,1
2023-12-14,518.6841430664062,521.8246864856206,510.30943160852826,513.2505343949878,5858223,Construction Materials,0.02200176845399171,0.02142852316891264,0.01947796495174292,0.019519981082400495,504.27764282226565,494.58690185546874,471.696006266276,458.3014434814453,450.18693969726564,444.54796244303384,1
2023-12-15,520.8276977539062,527.806629059215,512.9514509401914,522.1237728260304,5777967,Construction Materials,0.004132678270879042,0.017288317958601418,0.011463510118468134,0.005177288852638684,509.8707580566406,502.6027038574219,478.79457804361977,463.41101989746096,454.230732421875,448.3946838378906,1
2023-12-18,524.0679321289062,530.8972907776713,522.7219588245132,528.4048152341142,2875095,Construction Materials,0.0062213173165974744,0.012029795874045623,0.005855670520783729,0.01904762695653428,514.1877319335938,507.69732666015625,486.19557088216146,468.62278747558594,458.5118103027344,451.9157216389974,1
2023-12-19,520.77783203125,528.9531642403064,515.4439585416623,526.8096717166254,2762093,Construction Materials,-0.0062780030907271245,-0.003018790653491643,-0.0036619635683525775,-0.01392327251607639,518.3750915527344,509.02332458496096,492.2539469401042,473.6501098632813,462.6692590332031,455.28721008300784,0
2023-12-20,488.9738464355469,524.7159200833636,484.5372279598628,522.4228548373828,5434428,Construction Materials,-0.06107016013268918,-0.008327138081857921,-0.00801062257190277,-0.0599613790590221,514.6662902832031,507.96152954101564,495.8962849934896,477.15453033447267,465.502705078125,457.58693440755206,0
2023-12-21,502.3833618164063,504.3773422407029,479.0039595969635,479.5522920433544,3610387,Construction Materials,0.027423788569900465,-0.08206104001206638,-0.03876112209332139,-0.011419697070949586,511.4061340332031,507.8418884277344,500.1933125813802,481.6235382080078,468.92238159179686,460.3901387532552,1
2023-12-22,502.2836608886719,508.86380242873815,496.7503773355064,503.5797664306834,2571515,Construction Materials,-0.00019845587117761632,0.05010397152925461,0.008895047045737847,0.03704858254924415,507.69732666015625,508.78404235839844,504.30091145833336,486.02026519775393,472.26828125,463.14183146158854,0
2023-12-26,503.8290100097656,507.0193604345686,501.13712426552325,502.4830671376444,1869260,Construction Materials,0.003076646208956202,-0.0021778065088123855,-0.0036246280151314147,0.008830887967406609,503.6495422363281,508.91863708496095,506.3480651855469,490.55906372070314,475.62813842773437,466.034765625,1
2023-12-27,515.4439086914062,521.4258496046527,511.6055209459863,519.3820319629168,5618393,Construction Materials,0.02305325507440603,0.03363091401574203,0.0284140809884188,0.02088928593307826,502.5827575683594,510.4789245605469,506.8764689127604,494.83614959716795,479.4366394042969,469.3215087890625,1
2023-12-28,512.7022094726562,518.3850657732222,510.5088188661191,516.4409227162585,1945694,Construction Materials,-0.005319102956732102,-0.0056627088841385564,-0.005831670665610633,-0.0021436478594667463,507.32843017578125,510.9973602294922,507.75049641927086,498.7543212890625,483.1893103027344,472.4736592610677,0
2023-12-29,519.3322143554688,520.877536979809,510.0601873322496,513.0511274767763,2686563,Construction Materials,0.01293149270730054,-0.006563761875517771,0.004808146243312272,-0.000878792916576776,510.71820068359375,511.0621673583984,508.8006591796875,502.8245346069336,487.442470703125,475.8883514404297,1
2024-01-01,532.6918334960938,538.0756047327969,518.2354760898378,519.2823035937938,4251624,Construction Materials,0.025724610897102318,0.012145331689773053,0.03301748785848413,0.016028086411423503,516.7998352050781,512.2485809326172,511.4559733072917,507.4256423950195,492.1761791992187,479.69020690917966,1
2024-01-02,529.3021240234375,535.383739931614,516.9394211443982,535.383739931614,2655551,Construction Materials,-0.006363359187260942,0.031007096191006278,-0.005002763138685196,-0.0025008996976016995,521.8944580078125,512.7720001220703,513.2439107259114,510.23466339111326,496.826142578125,483.3391916910807,0
2024-01-03,534.4864501953125,547.347648797251,526.5604263665716,536.829413800309,13711402,Construction Materials,0.009794644564179888,0.0027002573310868083,0.02234641804244064,0.01861147521091433,525.7029663085938,514.1428619384766,515.5536051432292,511.5830932617188,501.00951293945315,487.14769388834634,1
2024-01-04,547.7962646484375,552.8808902080091,535.1344772365921,536.7296371784123,6112049,Construction Materials,0.024902061498961015,-0.00018586280731225369,0.010109190060315187,0.016283128090700094,532.72177734375,520.0251037597657,518.2388326009115,513.9933166503906,505.5478125,491.44472147623696,1
2024-01-05,540.7175903320312,556.2208360412345,536.7795278710198,548.344589416311,5130749,Construction Materials,-0.01292209307222858,0.021640228959515895,0.006040986209468802,0.003074088298183675,536.9988525390625,523.8585266113281,519.7077290852865,515.8502075195313,509.6593981933594,495.7018676757813,0
2024-01-08,528.604248046875,542.6119490302352,525.3141923590133,542.6119490302352,3333769,Construction Materials,-0.02240234551592446,-0.010454448711125108,-0.02446669763013054,-0.021359487306605085,536.1813354492188,526.4905853271484,520.2261657714844,517.6373138427734,513.1767810058594,499.5103719075521,0
2024-01-09,523.6192626953125,537.1783050096064,521.6751196443598,534.2371717634423,2741683,Construction Materials,-0.009430467821591293,-0.01543419248647293,-0.010013867240372898,-0.00692742127965662,535.0447631835938,528.4696105957031,520.1962544759115,518.694123840332,515.1966833496094,503.19591267903644,0
2024-01-10,524.56640625,527.108719032421,516.6901595069023,527.108719032421,1792977,Construction Materials,0.001808840167208725,-0.01334323612767574,-0.018745332570728634,-0.009555679291080366,533.0607543945313,529.3818603515625,520.4488260904948,519.9303924560547,515.8786254882813,506.35138651529945,1
2024-01-11,536.6300048828125,540.3188809974909,523.8187044435637,527.5574179007128,2505937,Construction Materials,0.022997276396428568,0.000851245392251121,0.02506155084916606,0.013796556418772088,530.8275024414063,531.7746398925781,523.6259033203125,521.3860000610351,517.3601538085937,509.76109415690104,1
2024-01-12,530.797607421875,543.110412065242,529.5014714792446,541.3656792132656,2315342,Construction Materials,-0.010868563829581568,0.026173949685892817,0.005166451082734058,0.01084872874426579,528.843505859375,532.9211791992187,525.520186360677,521.9916732788085,518.4488671875,512.8567494710286,0
2024-01-15,529.8504638671875,535.5831576243747,524.9153501146226,535.3837474103558,1838608,Construction Materials,-0.0017843779652433334,-0.011049706386269231,-0.013859528879669236,-0.00866120608090093,529.0927490234375,532.6370422363282,527.3579732259115,522.4428115844727,519.9284008789062,515.8294423421224,0
2024-01-16,527.1087036132812,533.339892040591,523.4198278940239,532.1933290293863,2732941,Construction Materials,-0.0051745925329481635,-0.005959124453070341,-0.004188454307887279,-0.0028490731320242046,529.7906372070313,532.4177001953125,528.9099527994791,522.5948501586914,520.9134265136719,517.629008992513,0
2024-01-17,518.9832153320312,537.7266181594238,516.6901501355835,526.4108041902327,6229815,Construction Materials,-0.015415204161021268,-0.010865459079879347,0.008225010325120907,-0.012857131884967399,528.6739990234375,530.8673767089844,529.1459065755208,522.5051193237305,521.6791137695312,518.0111877441407,0
2024-01-18,522.5724487304688,525.3640091792597,507.46802254021287,521.0769633988178,2084710,Construction Materials,0.006915894950747514,-0.010132468309839937,-0.0229905096059404,-0.017848467970505544,525.8624877929688,528.3449951171875,529.8039225260417,524.1850494384765,522.2812976074218,518.7772094726563,1
2024-01-19,535.4833984375,536.3807139352211,523.6690892090611,525.264249147842,2661086,Construction Materials,0.024706525838468885,0.008035829720262067,0.020969660204116503,0.03192529568218139,526.7996459960938,527.8215759277343,530.8806681315104,525.8400512695313,522.9532678222656,519.840663655599,1
2024-01-23,523.4696655273438,542.1632308198504,515.4937443358742,542.1632308198504,2682760,Construction Materials,-0.02243530414801176,0.03217234315760931,0.01078062043320882,-0.015611662100458834,525.523486328125,527.3081176757812,530.2658569335938,526.8993515014648,523.0589465332031,520.8609151204427,0
2024-01-24,525.8624877929688,529.4017907965537,512.9514526644573,523.4696869968103,3893697,Construction Materials,0.004571081044809855,-0.034479549258203956,-0.023538003497579618,-0.004931760471103774,525.2742431640625,527.5324401855469,530.0365478515625,528.001025390625,523.1307287597656,521.640229288737,1
2024-01-25,558.464111328125,564.2964799338556,524.7657922904865,528.404831033469,8019238,Construction Materials,0.061996480623640604,0.009427755148482486,0.06591343237581104,0.02303208142731883,533.1704223632812,530.9222106933594,531.63505859375,530.1520355224609,524.6381799316406,523.5943318684896,1
2024-01-29,572.3720703125,577.1576721278475,561.1060928127338,569.1817502375416,7828638,Construction Materials,0.024903944053449534,0.07716984556011708,0.022791551341059924,0.06925051338356081,543.1303466796875,534.4964172363282,533.2734456380208,533.1355285644531,527.9741088867188,525.7561391194662,1
2024-01-30,569.1318359375,582.1924441741193,566.3402755251882,572.4717896454141,4572466,Construction Materials,-0.0056610630445872445,0.005780296726835443,0.008723391006325354,0.009328329846172823,549.8600341796875,538.3298400878906,535.1677286783854,535.6255096435547,530.6440478515625,527.4377288818359,0
2024-01-31,558.6135864257812,584.6849040079954,545.3536291844568,571.6741943120021,13741694,Construction Materials,-0.0184812179666467,-0.0013932482750040887,0.004281161424916746,-0.037056602271963834,556.888818359375,541.20615234375,537.1683512369792,536.921597290039,532.8972448730469,528.6972585042317,0
2024-02-01,563.3493041992188,568.0850076816631,552.3824119240845,566.290437479659,6228014,Construction Materials,0.008477627269573684,-0.00941752642660798,-0.02839118337508051,0.012888486228905816,564.386181640625,544.8302124023437,539.8170206705729,538.6239562988281,535.278056640625,530.0066375732422,1
2024-02-02,555.7223510742188,570.5276309173385,552.8808925482942,568.9324709687661,3263916,Construction Materials,-0.013538586216666149,0.004665509629415254,0.004299749513974271,0.0009024194352484916,563.8378295898438,548.5041259765625,541.8940836588541,539.6857513427734,536.8891943359375,531.1714548746745,0
2024-02-05,553.32958984375,561.4550847378937,549.3416288358671,558.3145411036037,2366641,Construction Materials,-0.004305677512958628,-0.018662900092663803,-0.015902027680687825,-0.006401493992881924,560.0293334960937,551.5798400878906,543.0073893229167,539.9624176025391,538.5142895507812,533.3166463216146,0
2024-02-06,564.8946533203125,566.2904640158636,548.2948021095943,557.2677143915358,2969565,Construction Materials,0.02090085852778678,-0.001874976621598634,0.00861222813616025,-0.0019056023998966776,559.1818969726562,554.5209655761719,545.2805257161458,541.1712707519531,540.336787109375,535.4003560384115,1
2024-02-07,566.4898681640625,574.2165425462373,562.6015818763215,568.2844384309217,2248160,Construction Materials,0.00282391563519635,0.01976917692318625,0.013996489494394249,0.026093225235185535,560.7571533203125,558.8229858398438,547.7231526692708,543.0655517578125,541.6887084960938,537.5405629475912,1
2024-02-08,561.6544189453125,569.5306660638449,557.9656037937647,568.2844282825235,2089376,Construction Materials,-0.008535808829946423,-1.7857955336708642e-08,-0.008160469326804587,-0.008240250706539887,560.4181762695313,562.4021789550782,550.026200358073,544.9673095703125,542.9828002929687,539.468076578776,0
2024-02-09,574.4657592773438,580.4975377526584,550.8869169584884,563.0003720997472,6956624,Construction Materials,0.022810005405260902,-0.009298259673850118,0.019255981007323175,-0.012686600727977226,564.1668579101563,564.00234375,553.7250366210938,547.4622772216796,544.58197265625,541.4354715983073,1
2024-02-12,561.803955078125,585.4326340369715,558.5637370585972,580.3479477108424,3475737,Construction Materials,-0.02204100765752659,0.030812724947936188,0.008501493914029101,0.013935382859504797,565.8617309570312,562.9455322265625,556.3404703776042,548.7209747314453,545.1422802734374,543.072196451823,0
2024-02-13,566.5396728515625,568.2844056760064,550.8370774315675,564.6453671587284,2529788,Construction Materials,0.008429484574879798,-0.027057182874605012,-0.02929154844463655,-0.013833084954133157,566.1907348632812,562.6863159179687,558.410888671875,550.5080780029297,546.1751635742188,544.6457784016927,1
2024-02-14,569.1817016601562,571.6242788494343,557.9655624591661,558.4640575347657,2094616,Construction Materials,0.004663448890164457,-0.010947242257678846,0.005877115648554421,0.012941185914421727,566.7291015625,563.7431274414063,561.4583577473958,552.4746398925781,547.79826171875,545.8621073404948,1
2024-02-15,570.5276489257812,573.0699617965754,567.1378578637537,572.1727071164763,1240706,Construction Materials,0.0023647057902584923,0.02454705794715739,0.0025290789783298795,0.01643881992315399,568.5037475585938,564.4609619140625,564.43603515625,554.6455871582032,549.6745971679687,547.2362915039063,1
2024-02-16,583.3389282226562,588.8722723861723,571.3252087600854,571.4747816272161,9619487,Construction Materials,0.022455141869104356,-0.0012197811614914622,0.027574836657040303,0.007383303438963207,570.2783813476562,567.2226196289063,566.0943562825521,557.8633728027344,552.025498046875,548.8647074381511,1
2024-02-19,583.0897216796875,592.2122067812946,580.1486491318875,587.0278453260495,3141571,Construction Materials,-0.0004272071190722926,0.02721566060106384,0.005671746746690243,0.015443814199886496,574.5355346679687,570.1986328125,566.8088663736979,560.8892364501953,553.88388671875,550.0411560058594,0
2024-02-20,587.02783203125,588.2242324709733,577.7059977725036,583.0897084740773,1867263,Construction Materials,0.006753866866694436,-0.006708603149455206,-0.006734029229144345,-0.0042103887737031664,578.6331665039063,572.4119506835938,568.0019327799479,563.4664581298828,556.133095703125,551.5848307291667,1
2024-02-21,586.0308227539062,594.9040598042955,581.4945295500812,590.118519052442,4209055,Construction Materials,-0.0016984020568392433,0.01205442400408474,0.011355920012444898,0.006557888947293922,582.0029907226562,574.3660461425782,569.8297485351562,566.594515991211,558.3803100585938,553.4990498860677,0
2024-02-22,590.9659423828125,593.2091703378717,581.2452879108894,591.2151899333746,1838366,Construction Materials,0.008421262905106142,0.0018583908918730074,-0.0028490131114272677,-0.0004286225003434785,586.0906494140625,577.2971984863282,571.6708577473959,569.8496887207032,560.934599609375,555.7439392089843,1
2024-02-23,601.13525390625,606.8679475624102,585.4824955791396,592.0127692258662,4824640,Construction Materials,0.017207948536652085,0.0013490507450959477,0.023025229392119817,0.007289878742036127,589.6499145507812,579.9641479492187,574.6983846028646,571.9832458496094,564.2206811523438,558.2962341308594,1
2024-02-26,606.7681884765625,613.3981973968896,600.7862475023547,601.1352305700537,5715227,Construction Materials,0.009370494466443224,0.015409230709865218,0.010760577916018255,0.026138701052158986,594.3856079101563,584.4605712890625,578.2609578450521,573.7030517578125,567.5885107421875,560.6341735839844,1
2024-02-27,601.5339965820312,610.6564810062147,597.1971136697512,606.1201878890301,3604237,Construction Materials,-0.008626345273098357,0.008292572229129158,-0.004469717065211598,-0.005974061236462491,597.2868408203125,587.9600036621093,580.7035807291667,575.3231597900391,570.2305346679688,562.9920532226563,0
2024-02-28,587.4765014648438,604.1760880571834,583.3389676103386,602.0824328846961,2831925,Construction Materials,-0.023369410867986495,-0.006661640851126527,-0.010612174193833424,-0.02320531319090746,597.5759765625,589.7894836425781,582.1026896158854,576.7663055419922,572.7908081054687,564.9129211425782,0
2024-02-29,604.076416015625,607.8649667903168,582.2423052289569,587.4765040345254,3263796,Construction Materials,0.028256303885159983,-0.024259018453986148,0.00610563510547979,-0.0018799744955737552,600.1980712890625,593.1443603515625,584.9308227539062,578.8026611328125,575.919365234375,567.4785115559896,1
2024-03-01,615.7411499023438,618.1339508267714,605.1730776642746,606.2697425912884,4011709,Construction Materials,0.0193100302833491,0.03198977053158614,0.016893528328631113,0.039383556003029785,603.1192504882813,596.3845825195312,587.6825154622396,581.8036010742187,578.2104467773438,570.7037760416666,1
2024-03-04,615.2925415039062,619.8786721968679,610.7063499594904,619.3801770845263,1878206,Construction Materials,-0.0007285665388916396,0.021624754745638297,0.002822561950792224,0.00914328891921623,604.82412109375,599.6048645019531,591.2484212239583,584.9017486572266,579.927265625,573.7944458007812,0
2024-03-05,611.2546997070312,623.1189080570192,608.9616342956726,623.1189080570192,2430074,Construction Materials,-0.006562474797769613,0.006036245767650161,0.005227209783920772,-0.002856881484748719,606.76826171875,602.0275512695313,594.229423014323,587.2197509765625,581.6121801757813,576.320155843099,0
2024-03-06,596.4992065429688,611.8030421633972,593.7076462372484,611.1051368741043,4127035,Construction Materials,-0.024139680514742357,-0.019280062003535825,-0.018160042565401602,-0.0250491774840087,608.572802734375,603.0743896484375,596.0505900065104,588.7202178955079,583.1276049804687,578.7544738769532,0
2024-03-07,601.3346557617188,604.7742232264628,594.7046466761317,596.4992168428355,2393414,Construction Materials,0.00810637996783603,-0.023900830069896517,-0.011488695630018086,0.001679278421293784,608.0244506835937,604.1112609863281,598.1043904622396,590.7042297363281,584.6470190429687,581.2702128092448,1
2024-03-11,600.2379150390625,610.5567997296799,598.393507579398,603.0793735124718,2547145,Construction Materials,-0.0018238441974827158,0.011031291381175423,0.009561545914386294,0.0062028452676194945,604.9238037109375,604.0215270996093,599.2309895833333,591.9928375244141,586.4276416015625,582.6626729329427,0
2024-03-12,585.7815551757812,604.0763610863627,582.2920896227029,603.1790456035625,2900178,Construction Materials,-0.024084383043914248,0.00016527192848636574,-0.010613981608568523,-0.026907741733074753,599.0216064453125,601.9228637695312,599.4104451497395,593.1917175292969,587.7257202148437,583.1096557617187,0
2024-03-13,557.5667724609375,588.5731435133562,549.1421930536421,587.5761533077934,5946259,Construction Materials,-0.048166048359745695,-0.02586776249854006,-0.025664334133396194,-0.056930013578821326,588.2840209960938,597.5261413574219,597.4463745117188,592.7430725097656,587.4326049804688,582.7241536458333,0
2024-03-14,580.6969604492188,582.9401884235128,550.0395114671996,553.828062097939,3200499,Construction Materials,0.0414841578277545,-0.05743611448468022,-0.009570526878305508,0.0016340365481073427,585.1235717773437,596.8481872558593,597.0907836914063,593.3188354492188,588.000888671875,583.4602661132812,1
2024-03-15,598.94189453125,602.0325399751817,574.1168128892475,582.042897571438,3693325,Construction Materials,0.03141902803816499,0.050945117093957215,0.03275181902160784,0.04377376701143354,584.64501953125,596.3347351074219,597.6225138346355,594.7395477294922,589.4923876953125,584.6466857910157,1
2024-03-18,582.8903198242188,593.2091436120159,580.4476817684675,593.2091436120159,6348109,Construction Materials,-0.02679988635557662,0.019184575719708663,-0.014656012386854766,0.011027144192764293,581.1755004882813,593.0496520996094,596.4061848958333,594.7171173095703,589.8293701171875,585.5522847493489,0
2024-03-19,578.5534057617188,586.8284123211122,570.8267316466522,580.248301286282,2021483,Construction Materials,-0.0074403604160176995,-0.021848689396148036,-0.01075629288525759,-0.01657505133365833,579.7298706054687,589.3757385253906,594.5251993815104,594.4903015136719,590.4993481445313,586.3930786132812,0
2024-03-20,574.6152954101562,585.7317608285913,564.8946406559796,579.6002465661443,1678012,Construction Materials,-0.0068068225203472554,-0.0011168575913123036,-0.001868777089683249,-0.010392104401909186,583.1395751953125,585.7117980957031,592.7306193033854,593.8696746826172,590.822373046875,586.717100016276,0
2024-03-21,585.4326782226562,589.1215542628275,578.2543363596251,578.2543363596251,1977799,Construction Materials,0.018825434858601664,-0.0023221353242912635,0.005787279538061796,0.02364988927516043,584.08671875,584.6051452636718,592.5943644205729,593.8397674560547,591.472412109375,587.3485270182292,1
2024-03-22,587.576171875,592.9101061541827,579.7996601961664,586.2302593955411,1818091,Construction Materials,0.00366138367754143,0.01379310544582868,0.006430849226176871,0.00267239472213876,581.81357421875,583.229296875,591.4943481445313,593.670278930664,592.1543530273437,588.2125854492188,1
2024-03-26,593.259033203125,598.5929675255229,584.734778777428,587.5761766355085,2175165,Construction Materials,0.009671701474875283,0.002295884967376427,0.009584693045968207,0.008511765218337297,583.8873168945313,582.5314086914062,589.9955403645833,593.2764678955078,592.5511572265625,588.8390279134114,1
2024-03-27,599.6896362304688,608.1640533675576,595.1533427567888,596.2001703504909,5070366,Construction Materials,0.010839452359660884,0.014677235153344403,0.015989305523584463,0.017817589029241798,588.1145629882812,583.922216796875,588.9553466796875,592.9225402832031,593.2151538085938,590.101883951823,1
2024-03-28,610.5068969726562,615.1429255332191,600.4373207494024,605.6715190622863,3861492,Construction Materials,0.01803809852406757,0.015886189207606982,0.01147531184557482,0.008878347163670197,595.2928833007812,589.2162292480468,588.9054931640625,593.3711853027344,594.15431640625,591.5674580891927,1
2024-04-01,619.62939453125,624.7639182794506,611.454062915817,617.5357395017329,3976554,Construction Materials,0.014942497134479371,0.01958853944100758,0.015640255860687846,0.0183478637747978,602.1322265625,593.10947265625,590.4475056966146,594.9788299560547,595.4982592773438,593.2490478515625,1
2024-04-02,632.7896728515625,635.1824127478687,617.7849829685155,620.1278855266289,4503263,Construction Materials,0.02123895095433337,0.004197564382245389,0.016675890146008676,0.010353876826835418,611.1749267578125,596.4942504882813,592.5445068359375,596.4144927978516,597.1712084960938,595.3244486490886,1
2024-04-03,633.0389404296875,638.3728136655893,624.6143610591578,630.0978071658224,4389047,Construction Materials,0.0003939185306260917,0.016077202576895377,0.005022810540233014,0.011054619776975638,619.130908203125,601.5091125488282,594.7312418619791,597.2793823242188,598.4473559570313,596.9811157226562,1
2024-04-04,622.8197631835938,638.8712803690489,621.7230375001375,638.0737004138216,2100754,Construction Materials,-0.016143046807132078,0.0126581828365262,0.0007808394918908945,-0.0046289738745639575,623.75693359375,605.9357482910157,597.2004557291667,597.6557434082031,599.0894189453124,598.3054504394531,0
2024-04-05,625.312255859375,631.3440343050269,616.3393441992956,622.8696177371742,2386291,Construction Materials,0.004001948594310356,-0.02382809801875052,-0.01178210117642775,-0.008659311262598446,626.7180053710938,611.0054443359375,601.7168212890625,598.3586212158203,600.0405493164062,599.5815979003906,1
2024-04-08,628.6521606445312,632.5902841186337,620.2275812546939,625.3122678033985,2965491,Construction Materials,0.005341179153071529,0.003921607342317168,0.001973963078591101,0.006308597839798091,628.52255859375,615.327392578125,604.9138346354167,599.9662689208984,601.6875756835938,601.0023091634115,1
2024-04-09,621.2245483398438,632.0419281560946,616.6882552530388,629.4996154020788,2431726,Construction Materials,-0.011815138433744155,0.006696410440482303,-0.0008668422141561161,-0.005706495661632949,626.2095336914062,618.6922302246094,606.399344889323,600.9607635498047,602.3735009765625,602.0109293619792,0
2024-04-10,623.7669677734375,626.8576131757499,618.5327690153099,618.5327690153099,1293786,Construction Materials,0.004092593314910298,-0.01742152992383339,-0.00820248586271699,0.0029909986878446926,624.3551391601562,621.7430236816406,609.1244547526042,602.1372161865235,602.6945336914063,602.7653198242188,1
2024-04-12,607.0174560546875,628.4029079137002,603.7772379200327,621.6233867560974,4161320,Construction Materials,-0.02685219414317186,0.004996692003412573,0.0024651447242087787,-0.023855698249856117,621.194677734375,622.4758056640625,611.0220581054688,603.1990112304687,602.3635302734375,602.7736287434896,0
2024-04-15,605.0234985351562,613.7471630736134,591.6638659242776,598.1941397799174,2647237,Construction Materials,-0.003284843787674574,-0.0376904207199219,-0.023322210409152944,-0.02006265098281068,617.1369262695313,621.9274658203125,613.0492716471355,605.5718475341797,602.1142822265625,602.8899454752604,0
2024-04-16,615.6912841796875,620.1279027280161,599.4403561337937,603.1292320341383,1983635,Construction Materials,0.017632018707305352,0.008249984287771017,0.010396365210795233,0.013143425950759902,614.5447509765625,621.5336547851563,615.0665120442708,607.3215637207031,602.8819653320312,603.8304382324219,1
2024-04-18,613.398193359375,635.8803092025005,609.1609851972013,635.8803092025005,4944023,Construction Materials,-0.0037244165692026376,0.0543019230852142,0.02540186694581492,0.01621617390944885,612.9794799804688,619.5945068359375,616.7879801432292,608.0443786621094,603.3645068359375,604.1411641438802,0
2024-04-19,607.8151245117188,612.3015805943401,599.2409719318359,610.1580272365056,2001911,Construction Materials,-0.009101867120083429,-0.04045145225247637,-0.03708045093852974,-0.016284715381360115,609.789111328125,617.0721252441406,617.7583862304688,609.2906188964844,603.6675952148438,603.876963297526,0
2024-04-22,614.445068359375,619.2306093069526,611.2546874438384,614.1459834597991,1566507,Construction Materials,0.01090782966775028,0.006535939945518043,0.0113163658762514,0.020048221124254306,611.2746337890625,616.2346557617187,618.7420817057292,611.0852020263671,604.8141357421875,603.8487141927084,1
2024-04-23,634.6340942382812,637.0767323777823,616.8876809996132,619.3801564783995,3751042,Construction Materials,0.03285733244277278,0.008522685419374731,0.02881983352018591,0.009215460709726342,617.1967529296875,617.1668395996094,620.3505615234375,614.0861419677734,607.8968286132813,604.62802734375,1
2024-04-24,642.5103759765625,644.8532787132474,633.1884806689035,639.0707474587944,4701815,Construction Materials,0.012410744726431222,0.03179080048729577,0.012206608623800186,0.0264242586962935,622.5605712890625,618.5526611328125,621.8759602864583,616.9400268554688,610.369365234375,606.1617329915365,1
2024-04-25,636.4286499023438,647.046619540468,627.3062263688455,642.0616686965507,3367321,Construction Materials,-0.009465568653230005,0.004680109752557726,0.0034013021250309805,-0.009289894683244926,627.1666625976562,620.0730712890625,622.1185587565104,619.3826507568359,611.8688354492188,607.331532796224,0
2024-04-26,630.4467163085938,640.067695891152,628.2034884024332,640.067695891152,1663147,Construction Materials,-0.009399221098339794,-0.0031055783308894247,-0.010785812704303233,0.0014303413482463778,631.6929809570313,620.7410461425782,621.9457438151042,621.2420349121094,613.7710913085938,608.3384928385417,0
2024-04-29,627.7548828125,636.378811243712,623.2185288727876,636.0797263639877,2217374,Construction Materials,-0.004269724032912814,-0.006230543351530837,-0.0057632726524403655,-0.007935262413653166,634.3549438476563,622.8147888183594,622.2747517903646,622.645297241211,615.739150390625,609.7376037597656,0
2024-04-30,618.0342407226562,632.0917780065105,614.3952022027005,632.0917780065105,5514688,Construction Materials,-0.015484773366147064,-0.006269573124541239,-0.006736605872881163,-0.014157677060798957,631.0349731445312,624.1158630371094,621.78955078125,623.0216644287109,617.475908203125,611.7531860351562,0
2024-05-02,623.8167724609375,629.0011336059944,607.3165970288462,613.1489652848777,6286712,Construction Materials,0.009356329078984205,-0.029968452969558634,-0.004889550074932747,-0.01152125724367048,627.2962524414063,624.9284118652344,621.4671915690104,623.2310333251953,619.0112719726562,613.1905131022136,1
2024-05-03,620.5765380859375,632.5404200218163,614.4450242532195,627.6053065529762,2566478,Construction Materials,-0.005194208488844221,0.02357720894364057,0.005626836307164762,0.01173758013406423,624.125830078125,625.6462463378906,621.4239908854166,622.6203765869141,620.3312866210938,613.9116678873698,0
2024-05-06,605.6217041015625,623.8666124388732,598.0445421339825,623.1687071344122,3525659,Construction Materials,-0.0240982909706845,-0.007069091628513102,-0.013712653465914437,-0.026691537032413337,619.1608276367188,625.426904296875,620.214306640625,621.2495147705079,620.8257934570313,614.6693806966146,0
2024-05-07,592.162353515625,610.3574250360432,587.0278295405145,608.8619397055978,2548462,Construction Materials,-0.022224022842616598,-0.022958096683966756,-0.021653967584542966,-0.018421224202059383,612.0423217773438,623.1986328125,619.2239664713542,619.7166442871094,620.5247021484375,615.1230122884115,0
2024-05-08,592.760498046875,599.1910968640423,586.2302245525073,589.1713577473381,2526772,Construction Materials,0.0010101022594544151,-0.032339978366492494,-0.018294736352787888,-0.0013587175051505973,606.9875732421875,619.0112731933593,618.4064331054688,618.0890563964844,619.8148461914062,615.727852376302,1
2024-05-09,572.5714721679688,594.3557450235929,570.2784068282857,594.2061721497522,2481928,Construction Materials,-0.034059330784403485,0.008545585823561463,-0.008069799210562167,-0.02721084150241182,596.7385131835938,612.0173828125,615.5317789713541,615.2850219726563,617.932529296875,615.2991455078125,0
2024-05-10,580.0488891601562,584.2362601918904,571.5744724167586,574.2663581408343,3039660,Construction Materials,0.013059360019938238,-0.033557063092728434,-0.017025972940331924,0.002272689221535007,588.6329833984375,606.3794067382812,613.3084920247396,613.2262390136718,615.8228979492187,615.0482360839844,1
2024-05-13,586.4296264648438,589.9689293757261,567.6862235573752,582.2920929448647,2203837,Construction Materials,0.011000343977774163,0.013975631151393664,0.009812244761995492,-0.006802698593138423,584.7945678710937,601.9776977539062,611.8827921549479,611.3593719482421,613.958525390625,614.8205891927083,1
2024-05-14,608.3634643554688,615.093148561057,585.2332783230077,585.3329530076933,3537595,Construction Materials,0.037402335933892195,0.005222224549623844,0.04258566499750405,0.03090977733381428,588.0347900390625,600.0385559082031,611.4773518880208,611.4266723632812,613.3802734375,615.109716796875,1
2024-05-15,611.4042358398438,616.3891868047018,608.0643430339697,610.1579980986293,1479399,Construction Materials,0.004998280900376795,0.04241183579939278,0.0021070601203683204,0.039011904409101295,591.7635375976563,599.3755554199219,609.9286946614583,611.7457092285156,612.8239526367188,615.1396280924479,1
2024-05-16,613.5477905273438,614.5946180621169,604.3754685603061,611.254664396995,2013842,Construction Materials,0.003505953282373797,0.0017973480668667108,-0.0029114215190694237,-0.006066585741992037,599.9588012695312,598.3486572265625,607.9978556315104,611.6385345458984,612.2197778320312,614.9369079589844,1
2024-05-17,618.8318481445312,620.2774961488203,609.3106036150413,614.1459818916256,2065379,Construction Materials,0.008612299968753678,0.004730135675091951,0.00924654710550854,0.008165677317266473,607.7153930664062,598.1741882324219,606.8247355143229,611.9102172851562,612.1240698242187,614.4716471354167,1
2024-05-21,629.7987060546875,632.8395139197739,611.454062484294,619.0312243292179,3811359,Construction Materials,0.01772187055827623,0.00795452967476118,0.02025225459403046,0.003517842716892927,616.389208984375,600.5918884277344,606.7815348307291,613.0093963623046,612.3653393554688,614.3636393229167,1
2024-05-22,631.1446533203125,633.8365391132629,619.7790012021782,629.7987408495645,2209062,Construction Materials,0.002137107067203381,0.01739414119540461,0.0015754787296915485,0.013614986355737768,620.9454467773437,604.4901184082031,607.00751953125,613.8443756103516,613.3304272460938,614.6411356608073,1
2024-05-23,644.5541381835938,646.3487083005898,624.7140096669062,633.0887513481548,4718924,Construction Materials,0.021246294003659738,0.005223907710822484,0.019740372186228594,0.007962529313119138,627.5754272460938,609.669482421875,608.7755126953125,614.3403778076172,614.9116528320312,615.2825317382812,1
2024-05-24,633.3878784179688,654.9727411518069,625.461793950847,646.0496664586686,4865705,Construction Materials,-0.01732400601304407,0.02047250892219088,0.013342693720069132,0.0011970025841736565,631.5434448242188,615.751123046875,609.4135864257812,613.8842529296875,615.6195166015625,615.4403889973959,0
2024-05-27,630.5963134765625,636.777665004252,624.7140468442628,636.777665004252,1632214,Construction Materials,-0.0044073545398103375,-0.014351840014470207,-0.02777989831387151,-0.0011955120421678345,633.896337890625,620.8058654785157,610.0815714518229,613.5926361083984,616.30744140625,615.7527811686198,0
2024-05-28,627.7548828125,634.5842411139156,625.1128345301258,631.9920910210376,2482711,Construction Materials,-0.004505942396645701,-0.007515298111441138,-0.003444567878054805,0.0006383523595754337,633.4875732421875,624.9383911132812,611.5571166992188,613.4580444335937,617.1050317382812,615.8857116699219,0
2024-05-29,628.2034912109375,631.5932821804265,618.5327350978603,624.6641882245735,1702062,Construction Materials,0.0007146235110551125,-0.011594928007129357,-0.004713257499491141,-0.010526258730892302,632.8993408203125,626.9223937988281,613.9598592122396,613.4804748535156,617.6553686523438,616.5919128417969,1
2024-05-30,617.2864990234375,629.0509710674049,614.4948778168589,627.056990692107,2485481,Construction Materials,-0.017378114480796958,0.003830542093879785,-0.004025234569064562,-0.006528122202558162,627.4458129882812,627.5106201171875,615.5949259440105,613.4430877685547,616.96146484375,617.0006795247396,0
2024-05-31,632.1416015625,637.9241323456839,620.7759501993007,623.1188527450419,3662225,Construction Materials,0.024065166762214263,-0.00628035091789414,0.014105631636213145,0.010221521137420808,627.1965576171875,629.3700012207031,619.5662679036458,613.8593292236328,616.5467138671875,617.5490234375,1
2024-06-03,668.781005859375,674.613434969342,651.483250440244,665.9894455036024,11189978,Construction Materials,0.05796075468899908,0.06880002517930817,0.05751358314153987,0.04946599530971629,634.83349609375,634.3649169921875,625.4817423502604,616.2695526123047,617.8408081054688,619.3951171875,1
2024-06-04,554.9247436523438,668.9306141912281,516.789866944242,668.7810413145359,20044195,Construction Materials,-0.17024446150459582,0.0041916517292890365,-0.00842381797269165,-0.2067488049845979,620.2674682617187,626.8775207519532,623.381416829427,613.7347045898438,614.8199291992188,617.6321044921875,0
2024-06-05,597.0974731445312,600.0385456421482,548.5938741098233,573.2693823046768,6564509,Construction Materials,0.07599720498066032,-0.14281454334011057,-0.10298836245127452,0.06154146820570827,614.0462646484375,623.472802734375,622.6303507486979,613.9814605712891,613.5936328125,617.0538513183594,1
2024-06-06,608.2138671875,620.3771599547337,601.9328410167464,606.1700494214191,3774112,Construction Materials,0.018617385842257583,0.05739128607300459,0.03389551298045279,0.0972285135219082,612.23173828125,619.8387756347656,622.4176595052083,614.7541290283203,613.2008178710937,616.1731770833334,1
2024-06-07,619.4299926757812,622.1218783581985,605.4721300203089,608.2138530419195,3023546,Construction Materials,0.0184410880668453,0.003371667112967991,0.0028123511245838895,0.005879873571251304,609.6894165039063,618.4429870605469,622.8098063151042,617.097055053711,613.0253466796875,615.4038309733073,1
2024-06-10,638.4226684570312,641.1145542441778,622.1219025622089,624.1158830191391,4340712,Construction Materials,0.03066153722910059,0.026145458374036146,0.03052886668461441,0.027498825654190817,603.6177490234375,619.2256225585937,624.1158610026042,620.0157440185546,613.7391918945312,615.4702982584636,1
2024-06-11,637.824462890625,648.0436121592908,635.6809096790562,643.9559767924048,2706589,Construction Materials,-0.0009370055230839558,0.03178911851640431,0.01080783125143947,0.021794775366378305,620.1976928710938,620.2325805664062,624.6509114583333,622.5854858398437,615.0273022460938,615.7162231445312,0
2024-06-12,666.6873779296875,673.7161468699152,636.0797657462166,642.8094497882024,5320428,Construction Materials,0.045252129258660956,-0.0017804431444419233,0.03961544289447305,0.0006274469802181049,634.115673828125,624.0809692382812,627.0204264322916,625.5016815185547,618.0083032226562,617.0139729817708,1
2024-06-13,662.5,678.4020061507272,652.6796706912211,676.6572732688611,8012245,Construction Materials,-0.006280871767350482,0.05265607637194991,0.006955242653129856,0.02609720641801938,644.972900390625,628.6023193359375,628.2168172200521,628.0564697265625,620.7978833007812,618.4961649576823,0
2024-06-14,677.2000122070312,689.0,672.2000122070312,689.0,15699653,Construction Materials,0.02218869767099063,0.018240736069402574,0.015621996623220724,0.029907996820457416,656.526904296875,633.1081604003906,631.137626139323,631.2390808105469,624.9830249023438,620.2756062825521,1
2024-06-18,674.0999755859375,682.9500122070312,670.2999877929688,682.9500122070312,2670571,Construction Materials,-0.004577726764933954,-0.008780824082683214,-0.008780824082683214,-0.0028265759886320074,663.6623657226562,633.6400573730468,634.0378702799479,634.0024871826172,628.745068359375,622.0597208658854,0
2024-06-19,666.7999877929688,675.2999877929688,654.2999877929688,674.6500244140625,3104511,Construction Materials,-0.010829236103477857,-0.012153140998045209,-0.0112014412143292,-0.023869909430673908,669.457470703125,644.8275817871094,636.6408772786458,635.8525512695312,631.9598828125,624.0989969889323,0
2024-06-20,659.1500244140625,669.5,657.0499877929688,666.0,2840525,Construction Materials,-0.011472650748280189,-0.012821498704569279,-0.008588757437897221,0.004202965079177279,667.95,651.0328369140625,638.7039794921875,637.2528198242187,633.9913452148437,626.3319193522135,0
2024-06-21,657.4500122070312,667.9500122070312,653.0,659.1500244140625,3723454,Construction Materials,-0.0025790975408708228,-0.010285248627533772,-0.0023151423345313393,-0.006163896002148395,666.9400024414062,655.9564514160156,641.3815470377605,637.8976135253906,635.8331762695312,628.4882364908855,0
2024-06-24,657.75,662.4500122070312,643.25,655.0499877929688,2151184,Construction Materials,0.0004562898888109679,-0.006220187315836623,-0.008234149112187228,-0.014931087289433376,663.05,659.7884521484375,643.0887736002604,639.1157196044921,637.6012646484374,631.3275207519531,1
2024-06-25,648.7999877929688,666.5499877929688,644.0,662.4000244140625,2786086,Construction Materials,-0.013607012097348936,0.011220573632644282,0.006189109382424007,0.0011659541391371153,657.9900024414062,660.8261840820312,641.7567057291667,640.0259033203125,638.799990234375,633.6192240397136,0
2024-06-26,657.0499877929688,665.9000244140625,648.0499877929688,648.7999877929688,4247865,Construction Materials,0.012715783223215205,-0.020531455494923745,-0.0009751157314672465,0.006288800920758897,656.0400024414063,662.7487365722657,648.5650553385417,641.4906585693359,639.8900415039062,635.9732360839844,1
2024-06-27,660.6500244140625,678.1500244140625,652.4500122070312,658.0,6564930,Construction Materials,0.005479090918464546,0.014180043742489934,0.0183961549044529,0.006789637368943557,656.3400024414062,662.1450012207031,652.8018920898437,643.1129852294922,641.0702563476563,637.7161214192708,1
2024-06-28,670.25,674.9500122070312,660.0,666.0,3948035,Construction Materials,0.014531106079125333,0.012158054711246091,-0.0047187378777965305,0.011571749025537592,658.9,662.9200012207032,656.9376342773437,645.7611602783203,642.0980908203124,639.677646891276,1
2024-07-01,695.0,701.7999877929688,664.0499877929688,668.0,6820204,Construction Materials,0.036926519955240655,0.0030030030030030463,0.03978068760698328,0.00613634514086181,666.35,664.7,661.975634765625,648.9040802001953,644.5625756835938,642.3927205403646,1
2024-07-02,692.3499755859375,706.9500122070312,679.2999877929688,696.9500122070312,5783589,Construction Materials,-0.003812984768435279,0.04333834162729233,0.0073383079276738705,0.022965138589467804,675.0599975585938,666.525,665.5707885742188,650.0825286865235,647.0327221679687,644.8433247884115,0
2024-07-03,692.7000122070312,699.4000244140625,687.6500244140625,695.0,1357858,Construction Materials,0.0005055775741127366,-0.0027979226241149346,-0.01067966286526878,0.012292119492336218,682.1900024414062,669.1150024414062,669.2291585286458,656.9712921142578,649.63052734375,646.9400349934896,1
2024-07-04,682.0999755859375,694.6500244140625,671.75,693.2999877929688,4072206,Construction Materials,-0.01530249232610903,-0.002446060729541344,-0.006791535364871315,-0.02312226256024741,686.4799926757812,671.4099975585938,670.2566650390625,661.2214172363281,651.78638671875,648.6385457356771,0
2024-07-05,686.0,691.0,677.0,682.0999755859375,4592446,Construction Materials,0.005717672707306942,-0.016154640709983292,-0.00525447964554715,0.00781540751767773,689.6299926757813,674.2649963378906,671.8233317057292,665.1107238769531,654.5349267578125,650.0200744628906,1
2024-07-08,683.5499877929688,688.5499877929688,679.2000122070312,686.4500122070312,2099399,Construction Materials,-0.0035714463659347606,0.0063774179398803366,-0.0035456037728383016,0.00324964875484679,687.339990234375,676.8449951171875,672.2466634114584,668.3167236328125,656.5912622070313,651.6921447753906,0
2024-07-09,677.6500244140625,688.0,671.4000244140625,682.0,2756185,Construction Materials,-0.008631356132352441,-0.006482645681254895,-0.0007987623305777403,-0.011484080760869042,684.4,679.7299987792969,672.4833333333333,670.2780914306641,656.9460229492188,653.2606018066406,0
2024-07-10,665.0,681.6500244140625,656.2000122070312,680.0,7590766,Construction Materials,-0.018667489055284037,-0.0029325513196480912,-0.009229615677234793,-0.022639278603387658,678.8599975585937,680.525,672.3633341471354,671.6368682861328,661.349033203125,654.5021057128906,0
2024-07-11,679.1500244140625,687.9500122070312,672.5999755859375,680.0,6139579,Construction Materials,0.021278232201597636,0.0,0.009242261523256134,0.02499232409909191,678.2700073242188,682.375,673.6966674804687,672.2600006103515,664.6311352539062,656.2003234863281,1
2024-07-12,676.5,682.4500122070312,673.75,680.5,1807744,Construction Materials,-0.003901972051534308,0.0007352941176470562,-0.007994766919700025,0.0017098192920104172,676.3700073242187,683.0,674.9666666666667,672.9600006103516,667.3625805664062,658.1741068522135,0
2024-07-15,684.2000122070312,690.4500122070312,681.5,686.5499877929688,2184021,Construction Materials,0.011382131865530276,0.008890503736912247,0.011722470300979504,0.011502782931354316,676.5000122070312,681.9200012207032,676.7300008138021,673.3100006103516,669.9533813476562,659.9093872070313,1
2024-07-16,685.3499755859375,692.0,683.25,689.4500122070312,2484802,Construction Materials,0.0016807415352080302,0.0042240542795508595,0.002244895018560733,0.002567865003668457,678.0400024414063,681.2200012207031,679.1666666666666,673.8725006103516,671.8304736328125,660.4616861979167,1
2024-07-18,690.25,692.4500122070312,679.0,685.3499755859375,3034365,Construction Materials,0.007149667452564179,-0.005946822174923039,0.0006503066575596073,-0.00622027076472742,683.0900024414062,680.975,681.3800008138021,675.0450012207032,673.9274951171875,664.9725280761719,1
2024-07-19,677.9000244140625,692.4500122070312,670.4000244140625,691.0499877929688,2613915,Construction Materials,-0.017892032721387174,0.00831693647053533,0.0,-0.012665648874723878,682.8400024414062,680.5550048828125,682.5300008138021,675.9825012207032,674.3760009765625,667.665946451823,0
2024-07-22,687.0999755859375,688.5999755859375,673.75,677.8499755859375,3014997,Construction Materials,0.013571250686746694,-0.019101385486147815,-0.005560021017001038,0.0049969801073104225,684.9599975585937,680.6650024414063,683.6533325195312,677.4649993896485,675.36,670.2954833984375,1
2024-07-23,691.3499755859375,695.0,662.5999755859375,688.0,4681258,Construction Materials,0.006185417189653819,0.014973850821914825,0.00929425594100075,-0.016549201356679033,686.389990234375,681.4450012207031,683.4099975585938,679.1449981689453,675.9259985351563,672.6928161621094,1
2024-07-24,682.4000244140625,693.0,680.0999755859375,691.3499755859375,1157565,Construction Materials,-0.012945615806653765,0.004869150560955715,-0.0028776978417266452,0.026411108730459487,685.8,681.9200012207032,682.7466674804688,680.825,676.2580004882813,674.1587280273437,0
2024-07-25,675.9000244140625,685.0,672.5,678.0999755859375,1226783,Construction Materials,-0.009525204817483979,-0.019165401703775675,-0.011544011544011523,-0.011174791734685385,682.9300048828125,683.0100036621094,681.6266682942709,681.7675018310547,676.622001953125,675.4279134114583,0
2024-07-26,686.4000244140625,691.4500122070312,676.0499877929688,676.0499877929688,1914855,Construction Materials,0.015534841871181149,-0.003023135034324942,0.009416076214644242,0.005278792257202625,684.6300048828125,683.7350036621094,681.9133382161458,683.0550018310547,677.712001953125,676.0850016276041,1
2024-07-29,679.8499755859375,693.5,671.0,692.0,3176753,Construction Materials,-0.00954261158967229,0.023592947999454328,0.002964766442660638,-0.00746984377509563,683.1800048828125,684.0700012207031,681.5033365885416,683.5350006103515,678.6080004882813,676.6633341471354,0
2024-07-30,674.4500122070312,681.0499877929688,671.2000122070312,679.8499755859375,1526425,Construction Materials,-0.007942875005992667,-0.01755783874864525,-0.01795243288685111,0.000298080785441579,679.8000122070313,683.0950012207031,680.8966715494792,682.5075012207031,679.2760009765625,676.5716674804687,0
2024-07-31,679.9500122070312,686.6500244140625,672.3499755859375,677.75,5007055,Construction Materials,0.008154792646533071,-0.003088880872765487,0.008222651378706258,0.0017132946334803556,679.310009765625,682.5550048828125,681.0500040690105,681.8875030517578,680.522001953125,676.7666687011719,1
2024-08-01,664.0,681.0,655.0,680.0,7613696,Construction Materials,-0.02345762470870405,0.0033198081888601294,-0.008228390319921397,-0.025804976895875353,676.9300048828125,679.9300048828125,680.9833374023438,680.4525024414063,680.8000024414063,676.6733357747396,0
2024-08-02,652.7999877929688,662.2999877929688,648.5999755859375,661.0,3552731,Construction Materials,-0.016867488263601293,-0.027941176470588247,-0.02745963613367286,-0.009771029639790041,670.2099975585937,677.4200012207032,679.2266682942708,678.9875030517578,680.4860009765625,676.4616678873698,0
2024-08-05,636.1500244140625,650.5499877929688,633.75,647.0,3071394,Construction Materials,-0.025505459084332438,-0.021180030257186067,-0.017741205219035883,-0.022895430380678317,661.4700073242187,672.3250061035156,676.536669921875,676.495004272461,679.122001953125,675.7516682942709,0
2024-08-06,625.5499877929688,649.0,622.9500122070312,638.0999755859375,2519055,Construction Materials,-0.016662793703194678,-0.0137558337157071,-0.0023825806195573174,-0.01704140085675543,651.6900024414062,665.7450073242187,672.6266682942709,673.595004272461,676.3440014648437,674.6783345540365,0
2024-08-07,643.2999877929688,648.0,633.5499877929688,634.0,2259244,Construction Materials,0.02837503052733581,-0.006425287169416816,-0.0015408320493066618,0.017015772338430768,644.3599975585937,661.8350036621093,669.8233357747396,671.8775024414062,674.382001953125,674.4950012207031,1
2024-08-08,638.5,645.25,637.0999755859375,644.9500122070312,1121594,Construction Materials,-0.007461507669907719,0.01727131262938686,-0.004243827160493874,0.005603327063955055,639.2599975585938,658.0950012207031,666.3733357747395,670.5525024414062,672.2140014648437,673.8766682942709,0
2024-08-09,632.0,645.5,630.0999755859375,645.0,2605583,Construction Materials,-0.01018010963194993,7.75064610010201e-05,0.00038744672607515795,-0.010987286561362941,635.1,652.6549987792969,663.3133341471354,668.1950012207031,670.2100024414062,672.9216674804687,0
2024-08-12,635.4500122070312,641.0,617.75,621.0999755859375,3209718,Construction Materials,0.005458880074416639,-0.03705430141715116,-0.006971340046475594,-0.019600025495086104,634.9599975585937,648.2150024414062,659.8700032552083,666.1425018310547,668.1880029296875,671.7616678873698,1
2024-08-13,624.4000244140625,638.9500122070312,622.0999755859375,635.2999877929688,1379099,Construction Materials,-0.01738923216727961,0.022862683569799147,-0.0031981088813864966,0.007041644007992787,634.7300048828125,643.2100036621093,655.4066731770833,663.1525024414062,665.8220043945313,669.4083353678385,0
2024-08-14,623.2000122070312,628.9000244140625,617.5,626.5,930171,Construction Materials,-0.0019218644460453627,-0.013851704646713259,-0.01572891087090611,-0.0073942706421181725,630.710009765625,637.5350036621094,651.4600056966145,660.0450042724609,663.64400390625,667.1033365885417,0
2024-08-16,640.5,641.9500122070312,623.4500122070312,625.0,958226,Construction Materials,0.027759928520703525,-0.002394253790901857,0.020750496559651443,0.009635647298835925,631.110009765625,635.1850036621094,649.1000040690104,657.557504272461,662.66400390625,665.3633361816406,1
2024-08-19,633.7000122070312,643.6500244140625,632.2000122070312,643.0,938492,Construction Materials,-0.01061668664007609,0.028799999999999937,0.0026482002877241673,0.01403480604487406,631.4500122070312,633.2750061035156,645.586669921875,655.3475036621094,660.8460034179687,663.7500040690104,0
2024-08-20,626.4500122070312,639.4500122070312,624.6500244140625,636.0,1390850,Construction Materials,-0.011440744611555087,-0.010886469673405896,-0.006525304199055504,-0.011942403744364838,629.6500122070313,632.3050048828125,642.0266723632812,652.3150054931641,658.84400390625,661.7650044759115,0
2024-08-21,629.25,631.75,624.7999877929688,627.0,1038309,Construction Materials,0.0044696108842015025,-0.014150943396226467,-0.01204161710851337,0.0002400758393421576,630.6200073242187,632.6750061035157,639.0133382161458,649.2100067138672,656.6460034179687,659.9550048828125,1
2024-08-22,631.7999877929688,639.5,622.4500122070312,629.4500122070312,5299763,Construction Materials,0.004052423985647646,0.0039075154817085345,0.012267510882469246,-0.0037611645836269636,632.3400024414062,631.5250061035156,635.8033365885417,646.6800048828125,654.50400390625,658.426670328776,1
2024-08-23,633.5999755859375,660.0,631.5999755859375,656.0,14351644,Construction Materials,0.002848983583011,0.04217966046243604,0.03205629397967158,0.01469991677960314,630.9599975585937,631.0350036621094,633.7766682942708,644.5650024414062,652.2380029296875,657.3800028483073,1
2024-08-26,627.6500244140625,639.9000244140625,625.4000244140625,638.9500122070312,3688932,Construction Materials,-0.009390706125537052,-0.025990835050257233,-0.030454508463541696,-0.009816262526171404,629.75,630.6000061035156,632.1000040690104,641.6275024414062,650.2280029296875,655.6633361816406,0
2024-08-27,624.4500122070312,629.8499755859375,622.0499877929688,628.7999877929688,2374774,Construction Materials,-0.005098402107159283,-0.01588547495132331,-0.015705654703369487,-0.005356630141216234,629.35,629.5000061035156,631.3200032552083,638.8575042724609,647.7220043945313,653.9283365885417,0
2024-08-28,616.4000244140625,627.25,615.0999755859375,626.0499877929688,2570418,Construction Materials,-0.012891324582599006,-0.004373409754113156,-0.004127928374560663,-0.01117275515379379,626.7800048828125,628.7000061035156,630.7100056966145,635.9550048828125,644.7240063476562,651.6683369954427,0
2024-08-29,612.5,619.0,600.7000122070312,617.7000122070312,6301579,Construction Materials,-0.006327099707320372,-0.013337554107099137,-0.013152650458349902,-0.023410768900110956,622.9200073242188,627.6300048828125,628.6566731770833,632.5825042724609,641.9280053710937,649.2400044759114,0
2024-08-30,617.0499877929688,621.6500244140625,609.4000244140625,612.6500244140625,3540177,Construction Materials,0.007428551498724456,-0.008175469796293577,0.004281137987176997,0.014483123073473214,619.610009765625,625.2850036621094,627.2266723632813,630.2350036621094,639.57400390625,646.8000040690105,1
2024-09-02,620.4000244140625,624.2000122070312,616.2999877929688,620.0,2224671,Construction Materials,0.00542911706890381,0.011997021615998582,0.004101966850837302,0.011322551858347074,618.160009765625,623.9550048828125,626.4533406575521,628.6150054931641,636.93400390625,644.8833374023437,1
2024-09-03,617.7999877929688,622.5,614.1500244140625,622.25,2546441,Construction Materials,-0.004190903479653119,0.003629032258064546,-0.0027235055651799733,-0.0034885014140686454,616.8300048828125,623.0900024414062,625.2766723632812,627.6975036621094,634.4520043945313,642.5733378092448,0
2024-09-04,627.0999755859375,629.0,612.5999755859375,615.0,2347174,Construction Materials,0.01505339588333765,-0.011651265568501379,0.010441767068273045,-0.0025238928055141274,618.9699951171875,622.875,625.4566691080729,627.7750030517578,632.5580029296875,640.4316711425781,1
2024-09-05,631.8499755859375,636.75,627.4000244140625,628.9500122070312,2834101,Construction Materials,0.0075745498085242335,0.022682946678099558,0.012321144674085849,0.024159401596399288,622.839990234375,622.8799987792969,626.0333333333333,627.2025024414063,630.6340014648438,638.746669514974,1
2024-09-06,623.25,631.0,620.2999877929688,627.0,2085086,Construction Materials,-0.013610787241009947,-0.003100424786046996,-0.009030231645072662,-0.011316602398485087,624.0799926757812,621.8450012207031,624.8833333333333,626.4400024414062,629.0040014648438,636.9916687011719,0
2024-09-09,630.1500244140625,631.5,614.75,622.9000244140625,1675042,Construction Materials,0.011071037968812592,-0.006539036022228828,0.0007923930269413404,-0.008947264069302352,626.0299926757813,622.0950012207031,624.6466674804688,626.3475036621094,628.0980029296875,635.1166687011719,1
2024-09-10,627.0499877929688,631.0,623.7000122070312,630.1500244140625,1466555,Construction Materials,-0.00491952154405817,0.01163910694468151,-0.0007917656373713777,0.014558783581994694,627.8799926757813,622.3549987792969,624.6866658528646,625.9275024414062,627.7340014648438,633.3566691080729,0
2024-09-11,623.0,632.0,620.6500244140625,627.0,1659410,Construction Materials,-0.006458795744855195,-0.004998848356772667,0.0015847860538826808,-0.004890151889168637,627.0599975585938,623.0149963378906,624.2699991861979,625.8575012207032,627.632001953125,631.6416687011719,0
2024-09-12,628.1500244140625,629.7000122070312,620.5999755859375,626.0999755859375,1052634,Construction Materials,0.0082664918363764,-0.0014354456364633617,-0.00363922119140625,-8.063937187829939e-05,626.3200073242188,624.5799987792968,624.0266682942708,626.1050018310547,627.0260034179687,629.9150024414063,1
2024-09-13,629.5999755859375,635.75,625.5,628.1500244140625,1898585,Construction Materials,0.002308288013245674,0.0032743154576972966,0.00960773015036831,0.007895624567880732,627.5900024414062,625.8349975585937,623.7600016276042,625.5600006103516,626.6700024414063,628.7683349609375,1
2024-09-16,627.2999877929688,633.8499755859375,626.25,631.0,737033,Construction Materials,-0.00365309384078083,0.004537093807480019,-0.0029886345482698085,0.0011990407673860837,627.0199951171875,626.5249938964844,623.7366658528646,625.2399993896485,626.482001953125,627.9183349609375,0
2024-09-17,623.0,627.4000244140625,620.7000122070312,625.9500122070312,1091216,Construction Materials,-0.006854755103849808,-0.008003150226574829,-0.010175832484512704,-0.008862255956836318,626.2099975585937,627.0449951171875,623.6399983723958,625.0674987792969,625.9840014648438,627.4800008138021,0
2024-09-18,620.0999755859375,626.0,615.0,623.0,736543,Construction Materials,-0.004654934854032899,-0.0047128558982366675,-0.0022314701300338857,-0.00918319976628268,625.6299926757813,626.3449951171875,623.8866617838542,624.6099975585937,625.8119995117188,627.2983337402344,0
2024-09-19,608.4000244140625,624.0,598.0,624.0,2512582,Construction Materials,-0.018867846528811127,0.0016051364365972098,-0.0031948881789137795,-0.027642276422764178,621.6799926757812,624.0,623.613330078125,623.4399993896484,625.22,626.1350016276042,0
2024-09-20,616.5499877929688,618.7999877929688,607.0499877929688,611.0,1799104,Construction Materials,0.013395731511936182,-0.02083333333333337,-0.008333352895883439,0.015133758851118229,619.0699951171875,623.3299987792968,623.5799967447916,622.5875,624.2619995117187,625.4033345540364,1
2024-09-23,622.0499877929688,624.0,617.0999755859375,620.0,1601273,Construction Materials,0.008920606777867324,0.014729950900163713,0.00840338123725215,0.01655545341415321,618.0199951171875,622.5199951171875,623.6899943033854,622.3074981689454,623.7959985351563,625.0716674804687,1
2024-09-24,618.2999877929688,623.9000244140625,615.9000244140625,620.0,1309122,Construction Materials,-0.0060284544226180126,0.0,-0.00016021728515625,-0.0019445004364740948,617.0799926757812,621.6449951171875,623.7233276367188,621.9999969482421,623.4699975585937,624.5,0
2024-09-25,616.0499877929688,619.5999755859375,610.0,618.2999877929688,1456337,Construction Materials,-0.003639010261073161,-0.0027419551726310942,-0.006892208142103229,-0.009579516447779768,616.2699951171875,620.9499938964843,622.9866617838542,621.9824951171875,622.9419970703125,624.2216654459636,0
2024-09-26,625.1500244140625,627.0499877929688,610.8499755859375,616.0499877929688,1936586,Construction Materials,0.014771588022743254,-0.003639010261073161,0.012023906553556563,0.0013934025998976196,619.6199951171875,620.6499938964844,622.5399983723959,622.6149963378906,622.6759985351563,624.2866658528645,1
2024-09-27,634.0,636.4500122070312,623.1500244140625,625.0,3874843,Construction Materials,0.014156562809434892,0.014528061657942848,0.014990869303973309,0.02013595697753212,623.1099975585937,621.0899963378906,623.2566650390625,623.4624969482422,622.6919995117188,624.069999186198,1
2024-09-30,632.5499877929688,643.2999877929688,628.0499877929688,634.0,4215188,Construction Materials,-0.0022870855000493018,0.014399999999999968,0.01076278647899409,0.007863216219101687,625.2099975585937,621.6149963378906,623.4166625976562,624.0699951171875,622.887998046875,624.0316650390625,0
2024-10-01,632.4500122070312,634.75,623.0,630.2000122070312,1508022,Construction Materials,-0.00015805167633675676,-0.005993671597742556,-0.01329082536174453,-0.008040741805783513,628.0400024414063,622.5599975585938,623.7766642252604,624.8024963378906,623.207998046875,624.2316650390625,0
2024-10-03,617.4500122070312,633.0,613.0499877929688,623.0,1552493,Construction Materials,-0.02371728944656859,-0.011424963610863759,-0.002756990941315429,-0.0159711271380919,628.3200073242188,622.2950012207032,623.4066650390625,624.3199981689453,623.2499975585938,623.8383321126302,0
2024-10-04,610.7000122070312,622.0,604.5999755859375,615.4500122070312,1538542,Construction Materials,-0.010932059059927113,-0.012118760502357495,-0.017377567140600347,-0.013783561496268804,625.4300048828125,622.525,622.243330891927,623.2625,623.177998046875,623.134999593099,0
2024-10-07,590.3499755859375,619.3499755859375,586.6500244140625,615.0,3195158,Construction Materials,-0.03332247619833839,-0.0007311921327574078,-0.004260489411676005,-0.029688971049790625,616.7,619.9049987792969,619.6266642252605,621.6174987792969,622.1099975585937,621.6933329264323,0
2024-10-08,606.4000244140625,610.4000244140625,584.4500122070312,588.7000122070312,3481559,Construction Materials,0.027187345628658433,-0.04276420779344514,-0.014450555460840842,-0.0037501271890827415,611.4700073242187,618.3400024414062,618.2333333333333,620.4299987792969,621.5499975585938,620.9849995930989,1
2024-10-09,607.9500122070312,617.4000244140625,605.75,610.0,3148946,Construction Materials,0.002556048368346442,0.03618139519500829,0.011467889449577662,0.036444498841799344,606.5700073242188,617.3050048828125,617.2300008138021,619.475,621.1559985351563,620.434999593099,1
2024-10-10,585.25,613.4500122070312,582.0,610.7999877929688,6417410,Construction Materials,-0.03733861625337209,0.0013114553983093469,-0.006397816732806261,-0.03920759389186956,600.1300048828125,614.2250061035156,614.906669108073,617.5875,619.4819995117188,619.3966654459635,0
2024-10-11,585.2000122070312,592.7999877929688,583.0499877929688,588.9500122070312,1939238,Construction Materials,-8.541271758866209e-05,-0.03577271778424396,-0.03366211427687349,0.0018041027370596652,595.0300048828125,610.2300048828125,613.3600016276042,615.4399993896484,617.6160009765625,618.4866658528646,0
2024-10-14,588.9000244140625,590.7999877929688,583.4000244140625,587.9500122070312,1202564,Construction Materials,0.006322645471378285,-0.0016979369713443493,-0.003373819232767028,0.0006003543922858956,594.7400146484375,605.7200073242187,611.516670735677,613.4050018310547,616.242001953125,617.5483337402344,1
2024-10-15,590.3499755859375,597.0,586.5499877929688,590.2000122070312,1805205,Construction Materials,0.00246213467781331,0.0038268559457188545,0.010494265970099947,0.005399319929871194,591.5300048828125,601.5000061035156,609.4033365885417,611.5575012207031,614.65,616.5466654459635,1
2024-10-16,589.0499877929688,594.4500122070312,576.4000244140625,590.3499755859375,20191089,Construction Materials,-0.0022020629232321065,0.0002540890813360619,-0.004271336336631126,-0.01730451554026602,587.75,597.1600036621094,607.4533365885417,609.8600006103516,613.13,615.5883321126302,0
2024-10-17,571.25,595.7999877929688,569.2999877929688,588.0,3483057,Construction Materials,-0.03021812776817312,-0.00398064823091604,0.0022709656963844083,-0.012317897849347337,584.95,592.5400024414063,604.4666707356771,607.4175018310547,611.06,613.7266662597656,0
2024-10-18,573.9500122070312,577.4000244140625,558.9500122070312,571.5,5208678,Construction Materials,0.004726498393052614,-0.028061224489795866,-0.03088278576014325,-0.018180178829902527,582.7,588.8650024414062,601.0533365885417,605.6950012207031,608.8919995117187,611.7966674804687,1
2024-10-21,571.9000244140625,577.9000244140625,566.2999877929688,574.2999877929688,3650658,Construction Materials,-0.0035717183541574826,0.004899366216918111,0.0008659507773789432,0.013149611638643588,579.3,587.0200073242188,596.9133382161458,603.4625030517578,606.5840014648437,610.0850016276041,0
2024-10-22,558.5,583.25,556.0999755859375,569.0,5527745,Construction Materials,-0.02343071138664743,-0.00922860509424106,0.009257614396818603,-0.018011676544058552,572.9300048828125,582.2300048828125,591.9766723632813,600.2850036621094,603.832001953125,607.6966674804687,0
2024-10-23,555.8499755859375,564.5499877929688,551.7000122070312,561.0,4336713,Construction Materials,-0.00474489599653094,-0.01405975395430581,-0.032061744032629624,-0.007912180492851473,566.2900024414063,577.0200012207031,586.8700032552083,597.1625030517578,601.1460009765625,605.3233337402344,0
2024-10-24,558.9000244140625,562.5499877929688,553.5,557.0,1330005,Construction Materials,0.005487179926399799,-0.007130124777183555,-0.003542644660783245,0.003262620542218375,563.8200073242188,574.3850036621094,582.9666707356771,594.3050048828125,598.6980029296875,603.1866678873698,1
2024-10-25,552.7000122070312,561.0,545.2000122070312,556.0499877929688,1607719,Construction Materials,-0.011093240179281039,-0.0017055874452984732,-0.002755288999382488,-0.014995461233909269,559.5700073242188,571.1350036621094,579.1000040690104,590.682504272461,596.4700024414062,600.6716674804687,0
2024-10-28,569.4000244140625,582.25,547.0499877929688,552.7000122070312,6419282,Construction Materials,0.03021532809515426,-0.006024594298138508,0.037878787878787845,0.0033932053274330354,559.0700073242188,569.1850036621094,577.7033406575521,587.452505493164,594.58400390625,598.6650024414063,1
2024-10-29,575.0,576.25,566.6500244140625,570.0,2417223,Construction Materials,0.009834870645992977,0.03130086377940677,-0.010304851867754428,0.0358286026111958,562.3700073242187,567.6500061035156,575.6100056966146,584.5750061035156,592.7020043945313,596.9216695149739,1
2024-10-30,579.7000122070312,585.75,570.4500122070312,574.9000244140625,2364199,Construction Materials,0.00817393427309776,0.008596534059758687,0.016485900216919758,0.006706057759192863,567.1400146484375,566.7150085449218,573.7266723632813,581.9375061035156,591.1580053710937,595.4783365885417,1
2024-10-31,580.5499877929688,586.7999877929688,574.3499755859375,579.7000122070312,2016146,Construction Materials,0.0014662335139539184,0.008349256547450778,0.0017925527835573885,0.006836643519065877,571.4700073242187,567.6450073242188,573.4133382161458,580.0925048828125,589.7380053710938,594.1600036621094,1
2024-11-01,582.4500122070312,585.5,580.0499877929688,582.9500122070312,216563,Construction Materials,0.0032728007131404002,0.005606347993036387,-0.002215384833012979,0.009924283884954033,577.4200073242188,568.4950073242187,573.2300048828125,578.6800048828125,588.0300048828125,593.2950032552084,1
2024-11-04,571.4000244140625,580.7000122070312,566.0,579.9500122070312,1059806,Construction Materials,-0.018971564188140277,-0.005146238849266127,-0.008198100414976484,-0.024222029288247238,577.8200073242188,568.4450073242188,572.0633382161458,577.7325073242188,585.526005859375,591.7900044759115,0
2024-11-05,572.0,575.0,565.3499755859375,571.0,625470,Construction Materials,0.0010500097310159884,-0.01543238558263238,-0.009815760439486731,-0.0011484530283789596,577.2200073242187,569.7950073242188,570.8400065104166,576.0125061035156,583.1040063476562,590.1216715494792,1
2024-11-06,582.6500244140625,585.0,572.0,572.0,1682970,Construction Materials,0.01861892380080854,0.0017513134851139256,0.017391304347825987,0.011762668614551997,577.810009765625,572.4750122070312,570.4133422851562,574.7475067138672,581.1120068359374,588.933339436849,1
2024-11-07,570.7000122070312,585.0499877929688,569.4000244140625,584.2000122070312,822608,Construction Materials,-0.020509760072607408,0.021328692669634997,8.544921875008882e-05,-0.004545411863527082,575.8400146484375,573.6550109863281,570.3766764322917,574.0200073242188,579.2420068359374,587.4216735839843,0
2024-11-08,564.9000244140625,574.7000122070312,561.5,574.7000122070312,901220,Construction Materials,-0.010162936164200942,-0.01626155392244899,-0.017690754297733702,-0.013874295882217336,572.3300170898438,574.8750122070312,569.7733439127604,573.0050079345704,577.4100073242188,585.413340250651,0
2024-11-11,560.4000244140625,567.7999877929688,558.5499877929688,564.0,745179,Construction Materials,-0.007966011339205714,-0.018618430450244472,-0.012006306364191976,-0.005253806245825943,570.1300170898437,573.9750122070312,569.0066772460938,571.5800079345703,576.2120092773438,582.9600077311198,0
2024-11-12,556.5999755859375,565.5,554.5,561.9500122070312,761972,Construction Materials,-0.006780957641995489,-0.003634730129377206,-0.004050700673504326,-0.007250895857990658,567.0500122070313,572.135009765625,568.8800089518229,569.8925079345703,574.2200073242187,580.4283406575521,0
2024-11-13,545.3499755859375,558.25,541.25,554.0,838603,Construction Materials,-0.020212002323853895,-0.01414718753329669,-0.012820512820512775,-0.02389540126239853,559.5900024414062,568.7000061035156,568.180008951823,567.7075073242188,571.716005859375,577.5250061035156,0
2024-11-14,544.5,552.2999877929688,541.0499877929688,545.3499755859375,1535042,Construction Materials,-0.0015585873732262279,-0.015613762480257254,-0.010658329076634554,-0.00036953756495383683,554.35,565.0950073242187,567.2200073242187,566.3700073242187,570.086005859375,575.093339029948,0
2024-11-18,550.5499877929688,555.0,537.9000244140625,541.0,1707792,Construction Materials,0.011111088692320914,-0.00797648442408705,0.004888669684424141,-0.0058219451991033955,551.4799926757812,561.9050048828125,567.0766723632812,565.2000061035156,568.7000048828126,573.0883382161459,1
2024-11-19,549.5499877929688,560.3499755859375,546.9000244140625,551.0499877929688,1267125,Construction Materials,-0.0018163654930023476,0.018576687232844336,0.009639595650337895,0.01673173376373005,549.3099853515625,559.7200012207031,565.7533365885416,564.0825042724609,567.1260034179687,571.7283386230469,0
2024-11-21,484.1499938964844,500.0,453.0499877929688,494.6000061035156,38274180,Construction Materials,-0.11900645136784616,-0.10244076388703516,-0.10770050542579523,-0.17160364313686527,534.8199890136718,550.9350006103516,559.6966695149739,560.3650039672851,562.8780041503907,567.6533376057943,0
2024-11-22,499.8500061035156,514.8499755859375,477.1499938964844,477.1499938964844,11645446,Construction Materials,0.03242799216142922,-0.03528105942517745,0.02969995117187496,0.05319502649347507,525.7199951171875,542.6549987792969,554.3733357747395,557.5650054931641,559.3100048828124,564.0500040690105,1
2024-11-25,504.9500122070313,514.2999877929688,503.2000122070313,513.5,5805213,Construction Materials,0.01020307300438339,0.07618150805509938,-0.001068248653100956,0.0545950301661291,517.8099975585938,536.0799987792968,549.3333374023438,554.8675048828125,556.6580053710937,561.3733378092448,1
2024-11-26,493.7000122070313,508.2999877929688,491.7000122070313,507.2999877929688,4602794,Construction Materials,-0.022279433068688514,-0.012074025719632342,-0.01166634287849766,-0.022853735534625885,506.44000244140625,528.9599975585937,543.416670735677,551.9175048828125,553.4480053710937,558.3233378092448,0
2024-11-27,515.0,523.5,489.0499877929688,497.0,8458453,Construction Materials,0.0431435836870846,-0.02030354433434811,0.02990362496963539,-0.005389514639561832,499.5300048828125,524.4199951171875,539.656669108073,549.1975036621094,551.1720043945312,555.8600036621094,1
2024-11-28,513.0,522.5499877929688,510.6499938964844,518.5,6194006,Construction Materials,-0.003883495145631022,0.04325955734406439,-0.0018147320096107977,0.044167276643833686,505.3000061035156,520.0599975585938,535.7233357747396,546.0975036621094,549.3520043945313,553.2816711425781,0
2024-11-29,531.5,535.7000122070312,513.5,515.5,6608627,Construction Materials,0.03606237816764124,-0.005785920925747368,0.025165103284381818,0.005581134118437525,511.6300048828125,518.675,532.3133341471354,543.6875030517579,548.3780053710938,551.3633382161458,1
2024-12-02,538.7999877929688,541.0,530.0499877929688,532.0,3153526,Construction Materials,0.01373469010906625,0.03200775945683798,0.00989357415007941,0.0322297717487221,518.4,518.1049987792969,530.1866658528646,541.6000030517578,547.57400390625,550.2816711425781,1
2024-12-03,566.5499877929688,571.9500122070312,539.0,541.0999755859375,5596923,Construction Materials,0.051503341924096,0.01710521726679981,0.057208895022238915,0.016885222928308075,532.9699951171875,519.7049987792968,530.2966634114583,540.8050018310547,548.1280029296875,550.0350036621094,1
2024-12-04,564.7000122070312,572.7000122070312,560.4000244140625,572.7000122070312,1530852,Construction Materials,-0.0032653351439371203,0.05839962677299182,0.0013113034076279728,0.03970319928397492,542.9099975585938,521.2200012207031,530.583329264323,540.4700012207031,547.9400024414062,549.7950032552084,0
2024-12-05,571.0999755859375,573.3499755859375,563.4000244140625,569.0,3051624,Construction Materials,0.01133338629459768,-0.006460646286303384,0.0011349107125062652,0.0053533188245962204,554.5299926757813,529.9149993896484,531.5499959309896,540.425,547.7840014648438,550.2150024414062,1
2024-12-06,565.2999877929688,573.5499877929688,564.5,571.7000122070312,855417,Construction Materials,-0.010155818667332395,0.004745188413060264,0.00034884837454973727,0.0019523882468437392,561.289990234375,536.4599975585937,532.8799967447917,539.5574981689454,547.2080004882813,550.5300028483073,0
2024-12-09,571.2999877929688,576.75,565.0,568.0,1156965,Construction Materials,0.010613833592010291,-0.0064719470492006215,0.005579308299429986,0.0008857395925598865,567.789990234375,543.0949951171875,534.6666625976562,539.5874969482422,546.8380004882813,550.9433349609375,1
2024-12-10,573.5,574.5499877929688,566.0999755859375,571.75,1086901,Construction Materials,0.0038508878943448455,0.00660211267605626,-0.0038144988418400416,0.0019468594441371945,569.1799926757812,551.0749938964843,536.1966634114583,540.0174957275391,546.48,551.6366678873698,1
2024-12-11,578.4500122070312,584.2000122070312,575.4500122070312,578.0,2670785,Construction Materials,0.008631233142164296,0.010931351114997767,0.016795796047496925,0.016516581918972983,571.9299926757812,557.4199951171875,538.1233317057291,540.9199951171875,546.7619995117187,551.9383341471354,1
2024-12-12,571.75,579.7000122070312,570.2000122070312,578.0,2304456,Construction Materials,-0.01158269870453954,0.0,-0.007702841331686416,-0.009123294619222566,572.0599975585938,563.2949951171875,543.9633321126302,541.6774963378906,546.7519995117187,551.830000813802,0
2024-12-13,572.75,574.9500122070312,564.0499877929688,570.0,2266790,Construction Materials,0.0017490161783997316,-0.01384083044982698,-0.008193893220591497,-0.010785731817609112,573.55,567.4199951171875,548.8233317057292,543.0474975585937,546.3559985351562,551.5983337402344,1
2024-12-16,576.9500122070312,578.75,571.8499755859375,573.25,1121729,Construction Materials,0.007333063652608107,0.0057017543859649855,0.006609248999546846,0.01382853995527733,574.6800048828125,571.2349975585937,553.6233317057291,544.6699981689453,546.6059985351562,551.4783345540365,1
2024-12-17,571.0999755859375,578.5,569.5499877929688,576.0,1085240,Construction Materials,-0.010139590081149952,0.004797208896641925,-0.0004319654427645814,-0.0040220125752600255,574.2,571.6899963378906,558.7833292643229,545.6974975585938,546.8539965820313,551.1,0
2024-12-18,564.5499877929688,579.0,563.0999755859375,577.0,1635003,Construction Materials,-0.011469073845167932,0.0017361111111111605,0.0008643042350906516,-0.011324751725525162,571.4199951171875,571.6749938964844,562.0866617838542,546.4474975585938,547.0199951171875,550.8716654459636,0
2024-12-19,563.2999877929688,564.4000244140625,553.6500244140625,555.75,1365391,Construction Materials,-0.002214152912989542,-0.03682842287694976,-0.02521584729868309,-0.016782013108847638,569.7299926757812,570.8949951171875,565.4399943033854,550.404997253418,547.2879956054687,550.5816650390625,0
2024-12-20,548.7999877929688,569.5999755859375,547.0,563.5,2113009,Construction Materials,-0.025741168674282333,0.013945119208277124,0.009213236971903793,-0.012011241977457399,564.939990234375,569.2449951171875,566.5933268229167,552.8524963378907,547.42599609375,549.4533304850261,0
2024-12-23,550.6500244140625,554.5,547.25,551.0,832775,Construction Materials,0.003371058058025511,-0.022182786157941448,-0.026509789735163602,0.0004570383912247955,559.6799926757812,567.1799987792969,567.3833292643229,555.1374969482422,547.6719970703125,548.7849975585938,1
2024-12-24,543.0999755859375,557.0,542.0,552.0,978111,Construction Materials,-0.013711156802651336,0.001814882032667775,0.004508566275924331,-0.009593421653723122,554.0799926757812,564.1399963378906,565.8199951171875,557.6074951171875,547.3739965820313,548.0583292643229,0
2024-12-26,548.7999877929688,550.75,540.4000244140625,544.0,1688865,Construction Materials,0.010495327680472899,-0.01449275362318836,-0.011220825852782723,-0.002951984475899394,550.9299926757812,561.1749938964844,564.7599934895833,559.297494506836,547.3439965820312,547.6716613769531,1
2024-12-27,547.9500122070312,553.4500122070312,546.5,550.0,1167271,Construction Materials,-0.0015487893674264175,0.011029411764705843,0.004902427974636803,0.01128788917534096,547.8599975585937,558.7949951171875,563.2166625976563,561.0449951171875,549.8959973144531,547.3833292643229,0
2024-12-30,544.5999755859375,558.9000244140625,541.4500122070312,548.0,3433945,Construction Materials,-0.00611376320186674,-0.0036363636363636598,0.009847343186962565,-0.009240599804151373,547.0199951171875,555.9799926757812,561.8366617838542,561.6999938964843,551.68599609375,547.358329264323,0
2024-12-31,535.7999877929688,549.0499877929688,533.5,545.9500122070312,1065733,Construction Materials,-0.016158626859101077,-0.00374085363680432,-0.01762396885099493,-0.014682818409451737,544.0499877929688,551.864990234375,559.4699951171875,561.5499938964844,552.9199951171875,547.0683288574219,0
2025-01-01,538.5999755859375,542.0,530.5499877929688,537.0,844154,Construction Materials,0.0052258078700266886,-0.016393464615652942,-0.012840338675368712,-0.005529544905400696,543.1499877929688,548.614990234375,557.1433268229167,560.1524932861328,554.7159936523437,546.6699951171875,1
2025-01-02,549.8499755859375,550.7000122070312,538.5,544.0,2762768,Construction Materials,0.020887487021812978,0.013035381750465591,0.01605168303880311,0.014984473451978397,543.3599853515625,547.1449890136719,555.2366577148438,559.4099914550782,556.1099926757812,546.6799947102865,1
2025-01-03,548.7000122070312,553.7000122070312,546.0499877929688,551.7999877929688,2142459,Construction Materials,-0.0020914129852980246,0.014338212854722032,0.005447612009262359,0.014020404443767509,543.5099853515625,545.6849914550781,553.6999918619791,558.2899932861328,557.5379931640625,548.8316619873046,0
2025-01-06,529.9000244140625,548.0,526.0999755859375,547.6500244140625,3644057,Construction Materials,-0.03426277997944582,-0.007520774684147469,-0.01029440505935908,-0.03653513900378502,540.5699951171875,543.7949951171875,550.8433268229167,556.5199951171875,557.473994140625,549.833329264323,0
2025-01-07,535.75,539.7000122070312,525.2999877929688,532.6500244140625,758887,Construction Materials,0.011039772252145363,-0.027389755010142958,-0.015145963125855366,-0.0015206003233088072,540.5599975585938,542.3049926757812,548.0966593424479,554.7424957275391,557.3519946289063,550.8599955240885,1
2025-01-08,538.0499877929688,540.5499877929688,530.25,537.0,1397351,Construction Materials,0.004293024345251917,0.008166667392389027,0.0015749037737864402,0.00942321020761594,540.45,541.7999938964844,545.8933268229167,552.9699951171875,556.2119946289063,552.3383280436198,1
2025-01-09,525.25,539.9000244140625,522.1500244140625,539.0,1332797,Construction Materials,-0.02378958848316881,0.003724394785847407,-0.001202411235934009,-0.015275767253064565,535.5300048828125,539.4449951171875,543.2733276367187,550.3099945068359,554.633994140625,552.6799947102865,0
