Date,Close,High,Low,Open,Volume,Sector,return_ratio,pct_change_open,pct_change_high,pct_change_low,ma_5,ma_10,ma_15,ma_20,ma_25,ma_30,up_or_down
2022-01-10,74.54088592529297,76.47765466830484,73.99461393232092,75.73274244750966,482583,Realty,0.0,0.0,0.0,0.0,0.0,0.0,0.0,0.0,0.0,0.0,0
2022-01-11,74.83885192871094,76.97426863873272,74.1932597729872,75.18647614251924,583964,Realty,0.003997349906956993,-0.0072130796711744605,0.00649358263641564,0.0026845986499501873,0.0,0.0,0.0,0.0,0.0,0.0,1
2022-01-12,78.56341552734375,78.56341552734375,75.0375018627747,75.83207043419714,2043765,Realty,0.04976778107420343,0.008586574671409553,0.020645170349970376,0.01137895938755995,0.0,0.0,0.0,0.0,0.0,0.0,1
2022-01-13,77.32189178466797,81.14577323902775,75.63342701083829,80.25188458090581,928069,Realty,-0.015802822908630665,0.058284234116275924,0.03286972306830549,0.007941697594802566,0.0,0.0,0.0,0.0,0.0,0.0,0
2022-01-14,81.1457748413086,81.1457748413086,76.22935681400207,76.22935681400207,2038012,Realty,0.04945408044709598,-0.050123779496398346,1.974570928986452e-08,0.007879185523067544,77.28216400146485,0.0,0.0,0.0,0.0,0.0,1
2022-01-17,78.61307525634766,82.63559690875735,78.46409128900521,82.63559690875735,997724,Realty,-0.03121172470056477,0.0840390154463242,0.01835982305132089,0.029315929825511233,78.09660186767579,0.0,0.0,0.0,0.0,0.0,0
2022-01-18,77.8681640625,82.38729394944596,77.22257191361074,80.3015411110371,934863,Realty,-0.009475665357430607,-0.028245161710363398,-0.0030047941637736386,-0.01582277134672483,78.7024642944336,0.0,0.0,0.0,0.0,0.0,0
2022-01-19,77.91781616210938,79.25866423710491,77.4708718555369,77.96748000845702,308466,Realty,0.0006376431267793858,-0.029066205583186178,-0.03797466286804885,0.0032153803709611406,78.57334442138672,0.0,0.0,0.0,0.0,0.0,1
2022-01-20,81.79136657714844,81.79136657714844,78.11646903816295,78.16612531009329,826673,Realty,0.04971328260766539,0.0025477968713971677,0.03195489558676967,0.00833341831791845,79.46723937988281,0.0,0.0,0.0,0.0,0.0,1
2022-01-21,82.33763122558594,85.41660018172499,79.60628645233311,83.1321997039489,1959047,Realty,0.006678756833366384,0.06353230858194214,0.04432293720336733,0.019071745465637058,79.70561065673829,78.49388732910157,0.0,0.0,0.0,0.0,1
2022-01-24,78.31510925292969,82.08933448969431,78.26545298101725,80.6491662067217,1096272,Realty,-0.04885399194489182,-0.029868492666737967,-0.03895338476305399,-0.01684331138997086,79.6460174560547,78.87130966186524,0.0,0.0,0.0,0.0,0
2022-01-25,79.35799407958984,80.79815486853246,74.44156821645885,74.44156821645885,1174516,Realty,0.013316521378933466,-0.07697039265541072,-0.01572895710738087,-0.04885788836468952,79.94398345947266,79.32322387695312,0.0,0.0,0.0,0.0,1
2022-01-27,83.03289031982422,83.28119442220266,77.42121609054338,79.30832878414753,1893824,Realty,0.04630782673953093,0.0653769215814648,0.030731389320837632,0.040026667162900376,80.96699829101563,79.77017135620117,0.0,0.0,0.0,0.0,1
2022-01-28,80.74848937988281,84.32406659566837,80.45052145455105,83.82745843854151,1417995,Realty,-0.027512000740217535,0.05698177888344658,0.012522300871175895,0.039127586945481685,80.7584228515625,80.11283111572266,0.0,0.0,0.0,0.0,0
2022-01-31,80.99679565429688,82.38729246983762,79.01036297193657,81.54306009536236,670937,Realty,0.0030750578285854147,-0.027251194128162237,-0.022968224897377487,-0.017901170266846123,80.4902557373047,80.09793319702149,79.15934346516927,0.0,0.0,0.0,1
2022-02-01,79.55662536621094,81.34441776539555,78.61307289742075,81.34441776539555,681042,Realty,-0.01778058349657119,-0.0024360421320283043,-0.012658198530117626,-0.005028328684642758,80.73855895996094,80.19228820800781,79.4937260945638,0.0,0.0,0.0,0
2022-02-02,79.7552719116211,81.24509636144487,79.06001595511994,80.1525523694629,305321,Realty,0.002496920206151998,-0.014652085891991962,-0.0012209984001254615,0.0056853528456060065,80.8180145263672,80.38099899291993,79.82148742675781,0.0,0.0,0.0,1
2022-02-03,78.11647033691406,80.05323926010745,77.61986214351683,79.45731094355868,336245,Realty,-0.020547877719268914,-0.008673977376284947,-0.014669895842514102,-0.01821595650095298,79.83473052978516,80.40086441040039,79.79169108072917,0.0,0.0,0.0,0
2022-02-04,77.17291259765625,78.86138505374869,76.97427234524062,78.46409697127754,316820,Realty,-0.012078857828423106,-0.012499969612445816,-0.014888269573779533,-0.008317327298037802,79.11961517333984,79.93901901245117,79.78175913492838,0.0,0.0,0.0,0
2022-02-07,76.77562713623047,77.76884348946689,75.48444284596737,77.17290761541351,344456,Realty,-0.005147991024999188,-0.016455798329479077,-0.013853948463334431,-0.01935490201961454,78.27538146972657,79.38281860351563,79.49041595458985,78.9383529663086,0.0,0.0,0
2022-02-08,74.34224700927734,77.07359214545923,73.79598252862489,76.9742720196715,437296,Realty,-0.03169469553971005,-0.0025739032243270454,-0.00893997278102543,-0.022368321917509926,77.23250579833984,78.98553237915038,79.20569407145182,78.92842102050781,0.0,0.0,0
2022-02-09,73.64698791503906,75.13681231961448,73.15037978018059,73.79597187102436,275782,Realty,-0.009352139896329992,-0.041290421659783916,-0.02512896793741637,-0.008748480964988592,76.01084899902344,78.41443176269532,78.92428232828776,78.86882781982422,0.0,0.0,0
2022-02-10,73.29936218261719,74.5905387593,73.10071438630078,74.14359447845568,450045,Realty,-0.004720162253246563,0.0047105905460378406,-0.007270385094203302,-0.0006789492280020459,75.04742736816407,77.4410789489746,78.61638539632162,78.60562515258789,0.0,0.0,0
2022-02-11,71.11428833007812,74.09393734595547,70.51836004243052,74.09393734595547,238116,Realty,-0.0298102710238487,-0.0006697427181607818,-0.006657699778078396,-0.035325979582413014,73.83570251464843,76.47765884399413,77.90458017985026,78.2952449798584,0.0,0.0,0
2022-02-14,66.29719543457031,69.62446889590842,64.95635479524181,69.52514877033592,377497,Realty,-0.06773734236289053,-0.06166211081869233,-0.06032164857400468,-0.07887315081975932,71.74001617431641,75.00769882202148,76.83521779378255,77.55281600952148,77.49868560791016,0.0,0
2022-02-15,72.9020767211914,72.9020767211914,62.37398184326712,67.04209913327377,1307921,Realty,0.09962534981045379,-0.03571440954789562,0.04707551637030294,-0.03975550906627934,71.45198211669921,74.34224395751953,76.47434895833334,77.26726608276367,77.4331332397461,0.0,1
2022-02-16,74.64020538330078,80.15255122216175,72.5544526989307,75.4844377105888,2381001,Realty,0.02384196363509261,0.1259259284309162,0.09945497888488486,0.16321662582396934,71.65062561035157,73.8307373046875,76.15982971191406,77.10586814880371,77.42518737792969,0.0,1
2022-02-17,74.78919219970703,77.61985720649866,73.79597587608616,75.43477674794924,748465,Realty,0.0019960665386860033,-0.0006578967022309312,-0.03159842047501549,0.017111605573089106,71.94859161376954,73.4980094909668,75.61024983723958,76.94943695068359,77.27421844482421,0.0,1
2022-02-18,72.60411834716797,76.08037579613426,71.6109019331776,74.49123104927764,414152,Realty,-0.02921643874297153,-0.01250809957089516,-0.019833602711594622,-0.029609662545524218,72.2465576171875,73.04113006591797,75.06729176839193,76.49007453918458,77.08550750732422,0.0,0
2022-02-21,71.75988006591797,75.13681711395961,70.02175148300645,71.61089610042627,789481,Realty,-0.011627966849113713,-0.038666765312899254,-0.012402129620166735,-0.022191459781557232,73.33909454345704,72.53955535888672,74.45149739583333,75.96118698120117,76.71007171630859,76.8054204305013,0
2022-02-22,68.92921447753906,72.60411184935718,67.53871010686979,67.53871010686979,844616,Realty,-0.039446353391040856,-0.056865452260864036,-0.033707912603765045,-0.03546100066833202,72.54452209472656,71.9982521057129,73.74300333658854,75.49189224243165,76.32271728515624,76.61836471557618,0
2022-02-23,68.92921447753906,71.71021564123842,68.63124654895307,69.37615879277885,1093883,Realty,0.0,0.027205859913545627,-0.012311922635641737,0.01617644814883956,71.40232391357422,71.52647476196289,73.02126617431641,74.9704532623291,75.96515930175781,76.4213768005371,0
2022-02-24,64.4597396850586,66.94278044659676,63.069235343069415,66.94278044659676,1719750,Realty,-0.06484151642170344,-0.03507513803769979,-0.06648195312217209,-0.08104196682361586,69.33643341064453,70.64251251220703,72.1108174641927,74.04179573059082,75.42683624267578,75.95125427246094,0
2022-02-25,70.66735076904297,70.86599102471504,64.6583883144625,64.6583883144625,2108018,Realty,0.09630214323411646,-0.034124548112497655,0.05860543216079894,0.02519695954372647,68.94907989501954,70.59781875610352,71.67711334228515,73.53773880004883,74.98187561035157,75.72943623860677,1
2022-02-28,72.70343780517578,74.93817471612553,68.63125206075088,70.4190446205666,1382543,Realty,0.028812273475302685,0.08909371941174071,0.057463158738445985,0.061443903101428665,69.13779144287109,71.23844299316406,71.40563405354818,73.12307090759278,74.59650787353516,75.44802500406901,1
2022-03-02,69.32650756835938,71.95852495931139,68.78023551874305,71.51158061154513,585873,Realty,-0.04644801317188885,0.01551478008350382,-0.039761440255269065,0.0021707815830067645,69.21725006103516,70.88088607788086,71.07125142415364,72.6115650177002,74.23696380615235,75.13847274780274,0
2022-03-03,68.78023529052734,71.21361242498469,68.53193119200559,70.02175578313614,352067,Realty,-0.00787970282930206,-0.020833336582249506,-0.010351970593448168,-0.003610111609312572,69.18745422363281,70.29488906860351,70.74680124918619,72.06281318664551,73.81385345458985,74.83554178873698,0
2022-03-04,67.34007263183594,68.531929239732,66.39651253774868,68.18430502723227,220591,Realty,-0.02093861198072622,-0.026241140847633515,-0.03765689021993568,-0.031159470003466194,69.76352081298828,69.5499771118164,70.34951527913411,71.5239933013916,73.18614074707031,74.48295033772787,0
2022-03-07,64.50940704345703,67.14143221868426,63.168566317251575,67.14143221868426,483464,Realty,-0.04203538068417034,-0.015294909996244721,-0.020289769111615508,-0.04861620132024114,68.5319320678711,68.74050598144531,69.90918986002605,70.89081802368165,72.53657745361328,73.90688501993814,0
2022-03-08,66.44617462158203,67.73735131622222,63.81414980663648,64.2114378579255,604738,Realty,0.030023025584784646,-0.043639140005467314,0.008875579174376425,0.010220011740373902,67.28047943115234,68.20913543701172,69.91912180582682,70.37434539794921,71.95455261230468,73.37716979980469,1
2022-03-09,68.82989501953125,69.52514342270257,66.99243873839126,67.53871075348249,481492,Realty,0.035874456453283576,0.05181744883082873,0.026393002852064473,0.049805394906698996,67.18115692138672,68.19920349121094,69.64764302571615,70.09872779846191,71.5254833984375,73.06099599202474,1
2022-03-10,68.1843032836914,71.21360857531465,67.83667908008078,71.01496833829124,427366,Realty,-0.00937952521439489,0.051470594360279565,0.024285676655803057,0.012602024311823223,67.06197052001953,68.12471237182618,69.21724955240886,69.82559356689453,71.06264465332032,72.68853963216146,0
2022-03-11,67.19109344482422,68.92922220870106,66.5951650984516,66.84346920757686,187495,Realty,-0.014566546712881712,-0.05874112498146544,-0.032077947070996315,-0.018301514733107482,67.03217468261718,68.39784774780273,68.71070963541666,69.52018013000489,70.62562957763672,72.16047973632813,0
2022-03-14,66.79379272460938,68.08497687896582,64.161768150045,67.53870491112919,253743,Realty,-0.005912996795343073,0.010400951832606475,-0.012248003135434726,-0.036540144390499796,67.48905181884766,68.01049194335937,68.32335459391275,69.30415534973145,70.21046478271484,71.69532318115235,0
2022-03-15,64.90669250488281,68.283629899055,64.55906826819745,67.24074961135886,752001,Realty,-0.028252628616360687,-0.004411622937727122,0.0029177217823297408,0.006192162865950701,67.18115539550782,67.23081741333007,67.86647542317708,69.23463020324706,69.73570739746094,71.1589864095052,0
2022-03-16,66.14820098876953,66.74412922553276,65.25430484480535,66.04888087891543,213306,Realty,0.019127588172719312,-0.01772539329695544,-0.022545677138109288,0.010768999541933999,66.64481658935547,66.9129867553711,67.68107452392579,68.89693641662598,69.40794555664063,70.71203893025717,1
2022-03-17,65.94956970214844,67.78701850507304,65.35364138466474,67.43939428467752,460384,Realty,-0.003002822203053035,0.021052792829469258,0.0156251836924306,0.0015222986452103626,66.19786987304687,66.6299201965332,67.48243153889975,68.46240463256837,69.100048828125,70.25184885660808,0
2022-03-21,64.80736541748047,67.29040623807359,64.55906133542116,67.29040623807359,288035,Realty,-0.01731935916832461,-0.002209213890252637,-0.0073260674086481625,-0.012158160316833144,65.72112426757812,66.37664947509765,67.50560658772787,67.96331329345703,68.76036895751953,69.80821202596029,0
2022-03-22,65.50261688232422,65.89990494774375,64.36042411349749,65.80058482579877,280270,Realty,0.010727969889919642,-0.0221401756292543,-0.020664183322214424,-0.0030768294615010072,65.4628890991211,66.47597045898438,67.16129099527994,67.60823822021484,68.53590209960937,69.41920216878255,1
2022-03-23,64.95635223388672,66.74413715661561,64.6583842912788,65.55228054146302,311789,Realty,-0.008339585110299752,-0.003773587803103995,0.012810825896354627,0.004629555847174949,65.47282104492187,66.32698822021484,66.64481862386067,67.26806182861328,68.48226837158204,69.02522633870443,0
2022-03-24,64.31075286865234,65.4032892396963,63.96312869299818,64.55905693378227,258063,Realty,-0.009938971987062617,-0.015151625534256086,-0.020089373749382577,-0.010752752421844702,65.10533142089844,65.87507400512695,66.31043497721355,67.03713874816894,68.13861541748047,68.69084320068359,0
2022-03-25,63.615509033203125,65.00600583452665,63.36720116162727,63.86381311595936,455560,Realty,-0.010810693460068466,-0.01076911359681132,-0.006074364298615853,-0.009316735180844082,64.63851928710938,65.41819458007812,65.96611989339193,66.77145347595214,67.69762756347656,68.35646057128906,0
2022-03-28,61.77805709838867,64.65838221075302,61.57941307264845,63.06923758247059,843729,Realty,-0.028883710320629863,-0.012441717691457521,-0.00534756164928063,-0.02821314585788326,64.03265762329102,64.87689094543457,65.59531885782877,66.63736934661866,67.17718215942382,67.97241706848145,0
2022-03-29,63.168556213378906,65.45295677236672,62.076019780765264,63.36720023444126,1600773,Realty,0.022507977432435267,0.004724373773839385,0.012288809810053758,0.008064492390191136,63.56584548950195,64.51436729431153,65.50592880249023,66.26242961883545,66.79975967407226,67.70755933125814,1
2022-03-30,63.665164947509766,65.00600547137508,62.62228856352346,64.26109322726776,919175,Realty,0.007861644525376743,0.014106556539019266,-0.006828588394349522,0.008799996918092745,63.30760803222656,64.39021453857421,65.32052815755209,65.81051597595214,66.47597106933594,67.61982498168945,1
2022-03-31,65.45295715332031,66.64481370899227,62.77127232541922,64.36042071434781,1633900,Realty,0.028081168206891993,0.0015456862323950382,0.025210105216183942,0.002379085231684286,63.536048889160156,64.3206901550293,65.09539896647135,65.6168384552002,66.3369207763672,67.37152099609375,1
2022-04-01,65.40330505371094,67.63804218022253,64.95636065946483,64.95636065946483,696559,Realty,-0.0007585921518117322,0.009259416556053779,0.014903312290243997,0.03481032410363882,63.89360809326172,64.26606369018555,64.90999908447266,65.44799194335937,66.19588439941407,67.06362431844076,0
2022-04-04,65.10533142089844,66.34685179446524,64.55905942547345,65.55227572432689,620686,Realty,-0.004555941516530382,0.009174083320125481,-0.019089706681883145,-0.006116433093815821,64.55906295776367,64.29586029052734,64.7709482828776,65.3362548828125,66.22170806884766,66.74082895914714,0
2022-04-05,66.29719543457031,68.0849880054349,65.05567492081431,66.24753158296413,1264471,Realty,0.01830670373162846,0.010606128482267607,0.02619771946910454,0.007692421478261435,65.18479080200196,64.37531814575195,64.737841796875,65.42564430236817,66.04690185546875,66.53059819539388,1
2022-04-06,66.59516143798828,67.63803409240792,65.70126517874314,66.54549758783702,1049688,Realty,0.004494398314511372,0.00449776765644061,-0.0065646470113396305,0.009923657831766963,65.77079010009766,64.53919906616211,64.85040639241537,65.43309364318847,65.80257080078125,66.35844090779622,1
2022-04-07,67.98565673828125,72.25649011277238,66.69448001824495,67.53871240781473,1568238,Realty,0.02087982475405159,0.014925349662713305,0.06828193755682888,0.015117134149543743,66.27733001708984,64.906689453125,64.97290344238282,65.39088172912598,65.74893676757813,66.3269889831543,1
2022-04-08,67.34007263183594,69.72378584762805,67.04210469104217,68.97887357328314,399043,Realty,-0.00949588688876779,0.02132349158172242,-0.03505158168064182,0.005212195562543265,66.66468353271485,65.27914581298828,65.06560363769532,65.3486701965332,65.69133026123046,66.27401758829753,0
2022-04-11,66.49583435058594,68.03532278778887,66.04889000566364,68.03532278778887,1028150,Realty,-0.0125369374913753,-0.013678837252856013,-0.02421645697106989,-0.014814789749750257,66.94278411865234,65.75092353820801,65.17816823323568,65.31390724182128,65.65756072998047,66.34188741048177,0
2022-04-12,65.10533142089844,66.54549202318032,64.06245127604673,66.54549202318032,445287,Realty,-0.020911128392740452,-0.02189790102496514,-0.02189790102496514,-0.030075278016732376,66.70441131591797,65.94460105895996,65.1516825358073,65.22948417663574,65.68139770507813,66.15648676554362,0
2022-04-13,64.11211395263672,66.24752289411045,63.91346614990598,66.24752289411045,526770,Realty,-0.01525554738122259,-0.004477675647301171,-0.004477675647301171,-0.002325623250018505,66.20780181884766,65.98929595947266,65.09539998372396,65.18975524902343,65.58803527832032,65.87010930379232,0
2022-04-18,62.57262802124024,64.16177261418835,62.17533997859342,64.06245249793643,496528,Realty,-0.024012403218115486,-0.03298342791875575,-0.031484200296152065,-0.027194991541154456,65.12519607543945,65.70126304626464,64.97952499389649,65.01097660064697,65.33774459838867,65.64497998555501,0
2022-04-19,61.87738037109375,64.2610974350291,61.08280801644863,63.2678848333376,575522,Realty,-0.011111050824179736,-0.012403016644179088,0.0015480373561060912,-0.017571789113190905,64.03265762329102,65.34867057800292,64.86364974975587,64.80736713409424,65.08546768188477,65.41488482157389,0
2022-04-20,60.188907623291016,62.52296825427624,59.79162336761368,61.87737612917362,743025,Realty,-0.02728739868553831,-0.021978112715904774,-0.027047922462111518,-0.02113826608114111,62.77127227783203,64.85702819824219,64.75770645141601,64.57644424438476,64.80538024902344,65.1765126546224,0
2022-04-21,61.48009490966797,62.47331128114035,59.84128638121064,61.03314678474145,977080,Realty,0.021452246557757793,-0.013643586674874197,-0.0007942197007336782,0.00083060152576242,62.046224975585936,64.37531814575195,64.64514236450195,64.37531814575195,64.59283233642579,65.07553558349609,1
2022-04-22,60.53653717041016,62.17534187137374,59.990268936755626,61.82771766508986,783464,Realty,-0.015347369594080229,0.01301867791858724,-0.004769547245954242,0.002489628224164875,61.331109619140626,63.76945571899414,64.43656717936197,64.15432739257812,64.41802612304687,64.87854766845703,0
2022-04-25,58.40111923217773,60.38755188489684,58.10315509203379,60.08958774475289,614681,Realty,-0.03527486106813871,-0.028112471007778694,-0.02875400331815503,-0.03145699924618306,60.49680786132812,62.81100196838379,63.966444651285805,63.858845710754395,64.1081428527832,64.53092180887857,0
2022-04-26,57.95417404174805,59.5929825781758,57.60654982556994,59.09637439002434,585867,Realty,-0.00765302439928961,-0.01652887616649157,-0.013157832730751329,-0.008546958692298823,59.71216659545898,61.872412109375,63.469835917154946,63.57577896118164,63.788327026367185,64.1899175008138,0
2022-04-27,61.033145904541016,63.01957861883808,57.109940536040384,57.70586883480161,1495003,Realty,0.05312769811152851,-0.0235294562411843,0.0574999923215318,-0.00862070877414578,59.88101425170898,61.32614326477051,63.19835688273112,63.53853340148926,63.63735824584961,63.984652582804365,1
2022-04-28,63.118896484375,64.3604206752823,58.997051022735576,61.529751885230574,2685680,Realty,0.0341740631082037,0.06626506328803128,0.021276595080935712,0.03304346789687673,60.20877456665039,61.12749977111817,62.986470286051436,63.536050415039064,63.54200942993164,63.862156041463216,1
2022-04-29,62.622291564941406,65.25431268031201,61.87737928513127,64.06245606367162,1437344,Realty,-0.007867769354246046,0.04116226867231987,0.013888846524786835,0.048821563323321104,60.62592544555664,60.97851753234863,62.721612294514976,63.483906745910645,63.448647003173825,63.78600934346517,0
2022-05-02,59.64264297485352,62.42364808638729,58.7984105657732,62.42364808638729,897733,Realty,-0.04758127682053748,-0.025581410360781653,-0.04337896573660127,-0.049759197220848095,60.874230194091794,60.68551902770996,62.165411376953124,63.19339103698731,63.26192260742187,63.569157409667966,0
2022-05-04,58.45077896118164,61.23178769036452,57.80519062597958,60.33789148615294,717140,Realty,-0.01998342048950441,-0.03341292385456063,-0.019093091040968457,-0.01689195218436368,60.973551177978514,60.34285888671875,61.572791798909506,62.84576473236084,63.05533340454102,63.31919771830241,0
2022-05-05,57.60654830932617,59.99026906523996,57.159600193989874,59.39433698185167,611778,Realty,-0.014443445696697088,-0.01563784350200248,-0.020275720699233002,-0.011168381679889317,60.288231658935544,60.08462295532227,60.98017272949219,62.470825576782225,62.88847305297852,63.07917048136393,0
2022-05-06,56.51401138305664,57.10993967281028,55.719435278292245,56.61333150174236,531928,Realty,-0.018965498859661034,-0.04682273801556314,-0.0480132767748932,-0.025195503656602836,58.967254638671875,59.58801460266113,60.40741806030273,61.98166637420654,62.622291259765625,62.779550298055014,0
2022-05-09,52.64046478271485,56.51400993319716,49.71047589081869,56.41468602823992,2120552,Realty,-0.06854134940247947,-0.0035088108795774398,-0.010434781458836584,-0.10784314947668872,56.970889282226565,58.7984073638916,59.64264144897461,61.28393154144287,62.18130325317383,62.36902071634928,0
2022-05-10,51.29962539672852,54.080630386638575,50.803017227501016,51.89555368427365,438834,Realty,-0.025471647933218988,-0.08010560125610011,-0.04305798773498781,0.021978090474972012,55.302285766601564,58.08825798034668,58.89110794067383,60.44962997436524,61.61516998291015,61.935316467285155,0
2022-05-11,50.40573120117188,53.53436430849667,46.33354556547212,52.04453974097435,1133956,Realty,-0.017424965360734346,0.0028708828815491305,-0.010100956187760524,-0.08797650033292614,53.69327621459962,57.333413696289064,58.1263313293457,59.60291290283203,61.015267028808594,61.494990539550784,0
2022-05-12,48.31997680664063,50.65403370702467,47.97234881183002,50.65403370702467,789348,Realty,-0.04137931034482756,-0.02671761612015844,-0.05380339598082895,0.03536969222530506,51.83596191406251,56.062096786499026,57.335069274902345,58.69412002563477,60.343852844238285,61.04638786315918,0
2022-05-13,51.29962539672852,52.34250179434233,48.71726064345373,48.71726064345373,1069854,Realty,0.06166494247320076,-0.03823531754199372,0.03333333919828596,0.01552794161790172,50.79308471679688,54.88016967773437,56.65637130737305,58.00383472442627,59.743950042724606,60.6507568359375,1
2022-05-16,51.49826431274414,53.83232492155061,50.90233604048097,52.64046458820471,1115487,Realty,0.0038721319011481015,0.08053006045359723,0.02846297131653941,0.044852181098997246,50.56464462280274,53.76776695251465,56.053819783528645,57.37314224243164,59.14007415771484,60.24519348144531,1
2022-05-17,53.48469543457031,54.32893155015694,51.696906879239,51.94521095050223,736746,Realty,0.03857277809913673,-0.013207589316342472,0.00922506373874854,0.015609712649064633,51.0016586303711,53.15197219848633,55.72605819702149,56.918745613098146,58.560035705566406,59.84625142415364,1
2022-05-18,58.252140045166016,59.09637242137203,53.3853784478781,53.43503850727498,3148540,Realty,0.08913661322850541,0.028680748995174588,0.08775141964302668,0.03266097858781514,52.57094039916992,53.13210830688477,55.74592259724935,56.73748359680176,58.196518402099606,59.60787925720215,1
2022-05-19,54.82554244995117,57.01061914472256,54.62689842518657,56.51401097722087,726808,Realty,-0.058823548672340964,0.05762085245857351,-0.035294099979225835,0.023255805492146342,53.87205352783203,52.854007720947266,55.33208236694336,56.46931533813476,57.72970672607422,59.265219624837236,0
2022-05-20,56.662994384765625,58.10315891039407,55.6201179313174,55.8187619674075,1022303,Realty,0.0335145235725085,-0.012302241475898978,0.01916379408015323,0.018181876232477023,54.94472732543945,52.868906021118164,54.90168889363607,56.22846031188965,57.392013244628906,58.94407958984375,1
2022-05-23,56.61332702636719,57.50722317915336,55.76909471781753,57.45755933491685,501325,Realty,-0.0008765395993931557,0.02935925681164786,-0.01025651173561426,0.002678469446686371,55.96773986816406,53.266192245483396,54.50109125773112,56.0322998046875,57.09206176757812,58.611351776123044,0
2022-05-24,54.08063125610352,56.662992262075775,53.63368313884916,56.4643482334272,719148,Realty,-0.04473674138748429,-0.017285995315260094,-0.014680432655347131,-0.03829023206801552,56.086927032470705,53.5442928314209,54.13029047648112,55.816275405883786,56.75238189697266,58.14785092671712,0
2022-05-25,50.803016662597656,54.577237948995325,50.30640849889219,54.47791404296247,980525,Realty,-0.06060607129351803,-0.03518032621668965,-0.03680981589241683,-0.06203703428950014,54.597102355957034,53.584021377563474,53.62043965657552,55.45871753692627,56.30940734863281,57.59661572774251,0
2022-05-26,49.46217346191406,51.49826622122522,48.8165851078406,51.24996213377704,612107,Realty,-0.026392983896776245,-0.05925248728576127,-0.05641494226306443,-0.029614982176364157,53.52442855834961,53.69824104309082,53.07748133341472,54.88016891479492,55.880337982177736,57.02882703145345,0
2022-05-27,51.994876861572266,52.4914850600164,49.71047990649325,49.71047990649325,552287,Realty,0.05120485458667501,-0.030038699799724844,0.0192864519850926,0.018311293112329485,52.59080505371094,53.7677661895752,52.776205698649086,54.323967933654785,55.500929260253905,56.59181187947591,1
2022-05-30,52.64046478271485,53.633681099369845,52.29284058741342,53.38537702020609,885613,Realty,0.012416375614492825,0.07392600354342638,0.021759644217486107,0.05194801349288247,51.79623260498047,53.88198623657227,52.77620569864909,53.824876594543454,55.18508636474609,56.20942357381185,1
2022-05-31,53.28606033325195,54.1302927412108,52.342504013943945,52.9880923880243,531570,Realty,0.012264244877053132,-0.007441824978241196,0.009259324209368813,0.0009497175133850178,51.63731842041015,53.86212272644043,52.90863469441732,53.507047462463376,54.98048400878906,55.899871317545575,1
2022-06-01,53.33572006225586,54.32893643664119,52.34250368787053,53.6336842168075,348876,Realty,0.0009319459666061736,0.012183715240315252,0.0036697325170598205,-6.2296104941239605e-09,52.1438591003418,53.37048072814942,53.10396728515626,53.25129451751709,54.795745849609375,55.615149307250974,1
2022-06-02,54.17995071411133,54.3785947403331,53.33571833869338,53.633682483616205,295595,Realty,0.01582861637323063,-3.23153503956064e-08,0.0009140304771071417,0.018975298865059997,53.08741455078125,53.30592155456543,53.49463221232097,53.07996463775635,54.521618041992184,55.41485074361165,1
2022-06-03,53.33572006225586,55.37181287198182,52.78945181410789,54.62690059119282,310698,Realty,-0.015581975264432724,0.0185185514323023,0.018264873088234435,-0.010242039323752561,53.35558319091797,52.97319412231445,53.63037185668946,52.92105007171631,54.13029098510742,55.14337158203125,0
2022-06-06,53.33572006225586,54.03097228208954,52.590807781466864,53.33572006225586,296331,Realty,0.0,-0.023636349764737163,-0.02421521926674608,-0.003762949335797794,53.49463424682617,52.64543342590332,53.75286890665691,52.95581283569336,53.758828125,54.903344345092776,0
2022-06-07,53.53436279296875,53.93164705976925,52.29284235518023,52.49148259417064,259953,Realty,0.003724384530311431,-0.015828744171819342,-0.0018383015912009082,-0.005665732070988305,53.54429473876953,52.590806579589845,53.75618006388347,53.06754970550537,53.51449691772461,54.741119130452475,1
2022-06-08,53.03775405883789,54.08063045782444,52.29284180401612,53.58402228794326,238635,Realty,-0.009276448027435658,0.020813656612052922,0.00276244850987184,-1.0539953132493451e-08,53.484701538085936,52.814280319213864,53.408554331461595,53.19915084838867,53.29797592163086,54.57723846435547,0
2022-06-09,53.88198852539063,54.13029261997768,52.34250389671485,52.34250389671485,221121,Realty,0.015917613434689892,-0.023169563205929,0.0009182985060052218,0.0009496919843228202,53.4251091003418,53.25626182556152,53.345650736490896,53.47725143432617,53.14899353027344,54.338866551717125,1
2022-06-10,53.78266906738281,54.32893732445763,52.888772800300494,53.43504105737532,244784,Realty,-0.001843277516772046,0.02087284862826433,0.0036697511664038895,0.010436430489904946,53.51449890136719,53.43504104614258,53.15362904866537,53.601403617858885,53.039739837646486,54.027658971150714,0
2022-06-13,50.902339935302734,52.690128677705495,50.70369589974246,52.690128677705495,234345,Realty,-0.05355496820865091,-0.01394052226646525,-0.030164562891503044,-0.041314569895742004,53.02782287597656,53.26122856140137,52.77289657592774,53.571607398986814,52.97021484375,53.636993916829425,0
2022-06-14,50.45539093017578,51.99487554871708,50.0084428050974,51.10098308738009,231169,Realty,-0.008780519828656796,-0.030160214639935345,-0.013195130595355486,-0.013712079214497463,52.41202850341797,52.97816162109375,52.53121388753255,53.42014217376709,52.93644546508789,53.33075218200683,0
2022-06-15,50.3064079284668,51.34928430265917,48.866243512287056,51.20030033970902,333996,Realty,-0.0029527667700595117,0.0019435487602870172,-0.012416439874983753,-0.022840129161028844,51.86575927734375,52.67523040771484,52.49810663859049,53.022855567932126,52.93247253417969,53.059273147583006,0
2022-06-16,47.92268753051758,51.29962454042385,47.47573942790945,50.703692474006495,547874,Realty,-0.04738403110273248,-0.009699315480721338,-0.0009670974563661394,-0.028455309523187977,50.67389907836914,52.049504089355466,52.39547424316406,52.67771282196045,52.91658096313476,52.736477788289385,0
2022-06-17,48.07167053222656,49.16420694889646,46.33354200373022,47.47573847773611,424786,Realty,0.003108819838497423,-0.06366309510742663,-0.041626378568223155,-0.024058549438995547,49.53169937133789,51.52309913635254,52.13392715454101,52.2481466293335,52.78746276855469,52.45506642659505,1
2022-06-20,43.05592727661133,49.412513435038655,42.70830306948064,49.412513435038655,831012,Realty,-0.10433885904282758,0.04079504646801446,0.005050554082979497,-0.07824221454853852,47.96241683959961,50.49511985778808,51.49495798746745,51.5702766418457,52.449769287109376,52.13558184305827,0
2022-06-21,45.53896713256836,46.7804875428218,43.50287441751664,43.50287441751664,756451,Realty,0.05767010521001725,-0.11959802500820493,-0.05326638353819235,0.018604610600972293,46.979132080078124,49.695580291748044,50.978485107421875,51.14319343566895,52.1319401550293,51.943559900919595,1
2022-06-22,46.63150787353516,49.16420878020609,44.49609122917006,45.439647508978354,655698,Realty,0.02399133774348261,0.044520577488136315,0.05095545947874691,0.022831061739072123,46.244152069091804,49.054955673217776,50.53153762817383,50.93461799621582,51.66711486816406,51.81775245666504,1
2022-06-23,49.909122467041016,50.65403474266849,46.73082933326649,47.17777745640693,920286,Realty,0.07028755326537484,0.03825139592214355,0.030303059876806593,0.05022324528657496,46.641439056396486,48.65766906738281,50.24681574503581,50.95696544647217,51.470458068847655,51.870723978678384,1
2022-06-24,50.803016662597656,51.746569142582366,50.10776447564608,50.90233677981091,863230,Realty,0.01791043703777695,0.07894732486805967,0.021568556294955465,0.07226353973511945,47.1877082824707,48.359703826904294,50.07796885172526,50.89737243652344,51.236058959960936,51.854170354207355,1
2022-06-27,52.69012451171875,53.236392724703485,51.64724814350798,51.895552221120994,530779,Realty,0.03714558648463928,0.019512177714089196,0.028790770225095796,0.030723455415979206,49.11454772949219,48.5384822845459,50.03492914835612,50.89985542297363,51.079130859375,51.893899027506514,1
2022-06-28,52.54114532470703,53.58402171249393,51.94521325395765,53.03775348925504,168612,Realty,-0.0028274593843213847,0.022009617765839762,0.0065299125278472925,0.005769234976890525,50.514983367919925,48.74705772399902,49.968714650472,50.862609672546384,51.01755142211914,51.862447357177736,0
2022-06-29,52.98809051513672,54.08063076844224,51.89555405065089,52.4418222828938,356199,Realty,0.008506574945550627,-0.011235981299282716,0.009267857097641441,-0.0009559919037001041,51.78629989624024,49.01522598266602,49.9654037475586,50.84522819519043,51.104954376220704,51.68697903951009,1
2022-06-30,50.70369720458984,53.83233042592418,49.85946476775737,53.53436625932566,251594,Realty,-0.043111448031785904,0.020833447978565678,-0.004591298936235,-0.03923436834119276,51.94521484375,49.293326950073244,49.753517659505206,50.67141551971436,51.154615325927736,51.549584197998044,0
2022-07-01,53.26227569580078,54.00894311209705,49.87738188949226,50.02671689185026,380697,Realty,0.05046137919463867,-0.06552145122039932,0.0032807921331940992,0.0003593524683496163,52.437066650390626,49.812387466430664,49.718824768066405,50.6677433013916,51.20531127929687,51.43622690836589,1
2022-07-04,54.108497619628906,54.25783262301118,51.81871828683103,52.764497780176015,268130,Realty,0.015887828914055158,0.05472637539346015,0.00460830182137717,0.038922179228251474,52.720741271972656,50.91764450073242,49.932568613688154,50.70638217926025,51.26403259277344,51.35273259480794,1
2022-07-05,56.74672317504883,58.98672540564286,53.26227526079144,54.456943876657625,2511510,Realty,0.0487580633630984,0.032075470585024135,0.08715594696692897,0.027857828631922654,53.56185684204102,52.03842010498047,50.35199076334636,50.86700019836426,51.40245910644531,51.441602325439455,1
2022-07-06,55.95027923583984,58.090723553704606,55.55205509413404,57.24450199976338,325723,Realty,-0.014035064839817646,0.05118829527818236,-0.015189889687494573,0.04299064998877733,54.15429458618164,52.970297241210936,50.728248850504556,51.01262645721435,51.507041473388675,51.61317774454753,0
2022-07-07,58.68806076049805,59.2356161163095,56.24894639615945,56.49783553950528,905343,Realty,0.04893240144732802,-0.0130434615408338,0.019708698610828135,0.012544833865183014,55.75116729736328,53.84819107055664,51.44594039916992,51.252930068969725,51.68736587524414,51.920707321166994,1
2022-07-08,58.3396110534668,59.78316877940215,57.244500391169225,58.737835183982334,652156,Realty,-0.005937318468457353,0.039647530265310094,0.009243639198713405,0.017699069205636686,56.76663436889648,54.601850509643555,52.130469767252606,51.480777168273924,51.887521514892576,52.13219846089681,0
2022-07-11,61.923614501953125,63.11828305074496,57.84183061005989,58.488943848331566,1110769,Realty,0.06143344776847548,-0.004237325650003565,0.05578684334464201,0.010434718004505683,58.32965774536133,55.525199508666994,53.38831558227539,52.03184089660645,52.231037292480465,52.44163678487142,1
2022-07-12,59.98228073120117,62.47117204784852,59.73339159953643,61.77428171963791,467760,Realty,-0.03135045953576765,0.05617023757217421,-0.010252354335687164,0.03270230159602794,58.976769256591794,56.26931304931641,54.35120315551758,52.508185386657715,52.48895401000976,52.66484413146973,0
2022-07-13,60.13161849975586,61.52539542264611,59.136061927228425,60.48006178104169,709597,Realty,0.002489698069733537,-0.020950788945956922,-0.015139409013776861,-0.009999928956196169,59.813037109375,56.98366584777832,55.25121053059896,52.99944591522217,52.772708587646484,52.891374079386395,1
2022-07-14,59.43472671508789,60.92806153809138,57.94139189208441,60.43028326375688,674231,Realty,-0.011589439999370676,-0.0008230566540263773,-0.009708737025603376,-0.020202056007959213,59.96237030029297,57.85676879882813,55.886250813802086,53.57504787445068,52.994818115234374,53.06653327941895,0
2022-07-15,60.3805046081543,60.92805993597478,58.73783482694609,59.93250341348417,482937,Realty,0.015912883684990664,-0.008237258265033631,-2.629521700381332e-08,0.013745664521574774,60.370549011230466,58.56859169006348,56.524750010172525,54.19048957824707,53.258731536865234,53.30135943094889,1
2022-07-18,61.077392578125,62.272061192876784,60.48006016962252,61.12717344362257,694688,Realty,0.011541605597588767,0.019933591325164146,0.022058822459049665,0.029661041265981014,60.20130462646485,59.26548118591309,57.08390121459961,55.091562843322755,53.665733642578125,53.55941518147787,1
2022-07-19,62.67028427124024,62.91917340353448,60.728948279795766,60.97783741209001,998247,Realty,0.02607989021597068,-0.002443038392251018,0.010391694096223647,0.0041152093677687684,60.738905334472655,59.85783729553223,57.759177144368486,55.94812870025635,54.1543293762207,53.863945897420244,1
2022-07-20,70.28628540039062,71.68006598021566,63.71561420463615,63.71561420463615,7460309,Realty,0.12152491755403472,0.04489789911774267,0.1392404270871912,0.04918026755674987,62.76983871459961,61.2914379119873,58.91239013671875,57.13086757659912,54.95352447509766,54.43889694213867,1
2022-07-21,70.88362121582031,72.92451512088198,68.79295404203366,69.68895642951179,3458426,Realty,0.008498611244383225,0.09375005325525065,0.017361160646947482,0.07968752872868112,65.05961761474609,62.51099395751953,60.25771840413412,58.179592514038085,55.87196182250977,55.00561803181966,1
2022-07-22,72.82496643066406,73.62140714922892,68.29518088600545,70.53518322436528,2440941,Realty,0.027387782699940022,0.01214291098919551,0.009556347782247787,-0.007235815977956861,67.54850997924805,63.95952949523926,61.56189778645833,59.2806900024414,56.862093658447264,55.64036127726237,1
2022-07-25,76.9565200805664,79.09696046783407,69.88806289161266,72.17784586768124,5536059,Realty,0.05673265436841568,0.023288557117528308,0.074374472461608,0.023323490544171266,70.72433547973633,65.46282005310059,63.08509928385417,60.494009780883786,58.21811737060547,56.50883394877116,1
2022-07-26,73.32273864746094,78.49962947304475,72.6756253953896,77.35473796484061,2082144,Realty,-0.04721862980942004,0.07172411471866047,-0.00755188304653287,0.039886103412253515,72.85482635498047,66.79686584472657,64.19016698201497,61.53308944702148,59.32946823120117,57.27107887268066,0
2022-07-27,75.0649642944336,77.55385563313833,73.27295949236876,73.27295949236876,1681150,Realty,0.023761055289401423,-0.05276701311207477,-0.012048131261959472,0.008219180691316774,73.81056213378906,68.29020042419434,65.46447931925455,62.636933135986325,60.46680648803711,58.09636408487956,1
2022-07-28,73.32273864746094,76.16007318831925,72.92451452345601,75.91118406025284,771284,Realty,-0.023209571380584104,0.03600543210157703,-0.017971800801397264,-0.004755437358157089,74.29838562011719,69.67900161743164,66.44012451171875,63.76788520812988,61.40335113525391,58.94303245544434,0
2022-07-29,73.5716323852539,75.46319139617535,73.17340823629772,73.67118652361948,613694,Realty,0.0033944959283320753,-0.02950813591387802,-0.009150224822141895,0.0034130321534282526,74.44771881103516,70.9981143951416,67.45559260050456,64.78335304260254,62.31409576416016,59.79303118387858,1
2022-08-01,75.01518249511719,76.06051988255051,74.01962597203536,74.46763096471828,1069198,Realty,0.019621015098648442,0.010810799699058071,0.007915494631538067,0.01156455269932155,74.05945129394532,72.39189338684082,68.32836380004883,65.82868728637695,63.20709808349609,60.85833969116211,1
2022-08-02,76.20985412597656,78.64896454519342,73.67118197904193,74.21874109951597,1954900,Realty,0.015925731180313152,-0.0033422557153756083,0.0340313827283838,-0.004707454116629317,74.63687438964844,73.74585037231445,69.41020202636719,66.80184383392334,64.15384643554688,61.880702590942384,1
2022-08-03,75.562744140625,78.15118966784995,73.12362602044682,76.40896569436285,1537325,Realty,-0.008491158955400646,0.02951039808004996,-0.006329070957538652,-0.007432430753600228,74.73643035888672,74.27349624633788,70.43894373575846,67.7824670791626,65.05683258056641,62.84507713317871,0
2022-08-04,73.47207641601562,78.15118916204234,72.6756281379502,76.65785433728993,1707529,Realty,-0.027667969822781524,0.003257322496978299,-6.472167690674269e-09,-0.006126581884374205,74.76629791259765,74.53234176635742,71.37476704915365,68.52166786193848,65.96756774902343,63.63050893147786,0
2022-08-05,72.5760726928711,74.31829662365438,72.17784856102192,73.72096422362739,754777,Realty,-0.012195159941732925,-0.03831166602629399,-0.049044583703527156,-0.0068493329838638095,74.56718597412109,74.50745239257813,72.1878049214681,69.23349094390869,66.74011962890626,64.35627746582031,0
2022-08-08,69.98762512207031,73.02406789558246,69.73873599659423,72.42673551353853,1171965,Realty,-0.03566530227881892,-0.01755577567003741,-0.017414671579810914,-0.03379309044333134,73.56167449951172,73.81056289672851,72.7818204243978,69.63669147491456,67.37528472900391,64.9328608194987,0
2022-08-10,70.18673706054688,72.27740430495378,69.78851291982801,70.03740205834059,1337273,Realty,0.0028449592071351226,-0.032989661045144225,-0.010224897244787035,0.0007137629112781152,72.35705108642578,73.49696273803711,73.28291727701823,70.14691429138183,67.91288528442382,65.52104721069335,1
2022-08-11,68.84273529052734,71.18229160747865,68.24540289403882,70.68451334448928,1538009,Realty,-0.019148942183480067,0.009239510135022444,-0.015151522222002,-0.02211123236802437,71.01304931640625,72.87473983764649,73.18668060302734,70.58247013092041,68.42858352661133,66.04953536987304,0
2022-08-12,67.24984741210938,71.48096271320672,66.65250741085366,69.34051463002345,889908,Realty,-0.02313806782510497,-0.019014047786050203,0.004195862467803568,-0.023340700115117907,69.768603515625,72.26745071411133,72.94442901611328,70.97322616577148,68.77105499267579,66.6010737101237,0
2022-08-16,67.64806365966797,68.59384692723597,66.05517471936147,66.6525071225397,960479,Realty,0.0059214446260125175,-0.03876532387776477,-0.040389995830838576,-0.008961893778581476,68.78300170898437,71.67509384155274,72.59930216471354,71.33660411834717,69.14339309692383,67.08059997558594,1
2022-08-17,66.90139770507812,68.59384841212986,66.15473028606834,68.14584340342775,578197,Realty,-0.011037506680845466,0.022404802840237714,2.164762524792252e-08,0.0015071577227647737,68.16575622558594,70.86371536254883,71.92896067301432,71.62780437469482,69.34250442504883,67.50702997843425,0
2022-08-18,66.20450592041016,68.1956188804225,65.80628180930906,67.00095414261236,767870,Realty,-0.010416699928155193,-0.016800573646694406,-0.005805615823079258,-0.005267174021457155,67.36930999755859,69.8631805419922,71.45441182454427,71.80451545715331,69.59139343261718,67.82228940327963,0
2022-08-19,65.25873565673828,67.69784619467234,64.71117650961327,66.4534004925644,1148932,Realty,-0.014285587521925769,-0.00817232615646768,-0.0072991886271019935,-0.016641348965272695,66.65251007080079,68.83277969360351,70.80066324869792,71.5531379699707,69.79647811889649,68.13257128397623,0
2022-08-22,64.06405639648438,66.10495016858903,63.71561315613536,65.50761781434885,798258,Realty,-0.01830680978157362,-0.014232269096919659,-0.023529493412578706,-0.015384720340079205,66.01535186767578,67.8919776916504,70.18341776529948,71.2121597290039,69.98165130615234,68.31177113850912,0
2022-08-23,71.92896270751953,72.67563014046956,63.864955950758,63.914729222324986,4000285,Realty,0.12276628664223566,-0.024316081780567433,0.09939769949335386,0.0023438963736670537,66.8715316772461,67.82726669311523,70.07390645345052,71.16735954284668,70.44358963012695,68.76474952697754,1
2022-08-24,74.31829833984375,77.05607886572518,70.73429626142499,71.63029108440938,3369149,Realty,0.03321799095087519,0.12071649142478713,0.06027396964827081,0.10756040160684477,68.35491180419922,68.26033401489258,70.02744750976562,71.03544845581055,70.9732258605957,69.17790565490722,1
2022-08-25,80.54052734375,87.06141826422216,74.41785297147936,74.61696124558013,10461420,Realty,0.08372405104666347,0.04169563066065507,0.12984490705700025,0.05207596462740538,71.22211608886718,69.29571304321288,70.31615905761718,71.396337890625,71.68803558349609,69.8631805419922,1
2022-08-26,81.48629760742188,84.27385883198764,79.2462954933758,81.63563260079026,3214514,Realty,0.011742787077061223,0.09406268009374186,-0.03201830946257467,0.06488285174992803,74.4676284790039,70.56006927490235,70.71106262207032,71.71740455627442,72.13603607177734,70.57500317891439,1
2022-08-29,78.15118408203125,81.6356317799562,77.25518172632333,77.75295996888404,2000018,Realty,-0.04092851955869026,-0.04756100379466688,-0.03130540227535006,-0.025125638424560837,77.28505401611328,71.65020294189453,71.02300313313802,71.95882682800293,72.42673858642578,71.19888509114584,0
2022-08-30,86.8125228881836,87.60897111836603,78.15118446354242,78.94763269372487,7708713,Realty,0.11082799202454807,0.015364980642780912,0.07317073694622223,0.011597962974097875,80.26176605224609,73.5666488647461,71.97209981282552,72.62087135314941,72.98624084472657,72.07995236714682,1
2022-09-01,86.16542053222656,90.09786577942968,84.8711940076948,86.41430966421393,5285213,Realty,-0.007454020853541077,0.09457759169873814,0.028409130130075066,0.08598730256337017,82.63119049072266,75.49305114746093,73.05061950683594,73.17838325500489,73.35459686279297,72.91621996561686,0
2022-09-02,93.2836456298828,95.1254313224565,84.8711958266152,87.11119806250828,7467544,Realty,0.082611157163609,0.008064502291371678,0.05580116132090085,2.1431540320193676e-08,85.17981414794922,78.2009651184082,74.59041341145833,74.03207283020019,74.15303314208984,73.93666534423828,1
2022-09-05,94.97608947753906,97.71386979080648,90.69519358586912,94.12986799071868,5595247,Realty,0.018142985688737845,0.08057138558895738,0.027210793500380248,0.06862160598222111,87.87777252197266,81.17270050048828,76.33263702392578,75.0027400970459,74.94947814941406,74.75965881347656,1
2022-09-06,92.58675384521484,97.96276042629373,90.69519498949352,95.47386919389548,3043314,Realty,-0.025157233209620378,0.014278158801936502,0.0025471372285232885,1.547628203368845e-08,90.76488647460937,84.02497024536133,78.02176411946614,75.95847396850586,75.72003875732422,75.48309656778972,0
2022-09-07,94.3289794921875,98.5600946672988,90.99386669678668,91.59119908476254,5671721,Realty,0.018817223572664465,-0.040667358952926946,0.00609756440514464,0.0032931370545901117,92.26817779541015,86.26497192382813,79.80049184163411,77.04611930847167,76.55033264160156,76.19989700317383,1
2022-09-08,92.63653564453124,95.1752001699451,91.59119827815928,95.12542690208991,2498187,Realty,-0.01794192894662272,0.038586980546642335,-0.034343458260463366,0.0065645257538407,93.5624008178711,88.09679565429687,81.51616770426432,78.17856483459472,77.25518676757812,76.72256418863932,0
2022-09-09,95.17520141601562,96.3698737925809,91.98942360282842,93.18408838390026,3541162,Realty,0.02740458452835348,-0.02040819769658242,0.012552362595535271,0.0043478558219069985,93.94071197509766,89.56026306152344,83.44754740397136,79.42798805236816,78.0138006591797,77.45097961425782,1
2022-09-12,91.98942565917967,96.27031421662754,91.39209325529086,95.52364681289312,2590671,Realty,-0.03347275035343256,0.025106844629464442,-0.001033098540397015,-0.006493467663375996,93.34337921142578,90.61057586669922,85.22959340413412,80.58532257080078,78.67086791992188,78.01512832641602,0
2022-09-13,90.8943099975586,93.3334203443606,89.64986439296712,92.78586124014308,1898608,Realty,-0.011904799424212964,-0.0286608150347597,-0.030506744432747257,-0.019063234031165832,93.00489044189453,91.88488845825195,87.01827697753906,81.76754570007324,79.36775726318359,78.60084737141928,0
2022-09-14,91.74053192138672,94.08008814993188,88.80363572343153,90.29697045597013,1506565,Realty,0.00930995486792141,-0.026824030632548013,0.008000004744456835,-0.009439263241116214,92.48720092773438,92.37768936157227,88.33904825846354,82.97216911315918,80.13433563232422,79.20647735595703,1
2022-09-15,90.04808044433594,94.17964134931088,89.6000830671972,92.28808252101588,848115,Realty,-0.01844824137820633,0.02205070729384717,0.00105817502233152,0.008968634417695576,91.96950988769531,92.76595535278321,89.38770039876302,84.12950325012207,80.93675384521484,79.70757395426432,0
2022-09-16,85.76719665527344,90.993868442446,83.12897032931619,90.04808518080436,910598,Realty,-0.04753997828647516,-0.024271794136598523,-0.03382655594375117,-0.07222217342173542,90.08790893554688,92.01431045532226,89.73614501953125,85.10763778686524,81.5599722290039,80.02615203857422,0
2022-09-19,85.21963500976562,89.3014151468392,83.87563525183197,86.21519151127104,778733,Realty,-0.0063842782189633684,-0.042564965838389424,-0.018599641103040687,0.008982006147289612,88.73395080566407,91.03866500854492,89.9850341796875,86.10568275451661,82.21504821777344,80.34804840087891,0
2022-09-20,87.21075439453125,89.4009834154119,84.77164382555536,86.016089543501,1040667,Realty,0.023364561283763408,-0.0023093606159190205,0.0011149685411924182,0.010682584650872462,87.99723968505859,90.50106506347656,90.58900553385416,87.26301765441895,83.01348449707031,80.80600433349609,1
2022-09-21,84.27386474609375,88.60453428473188,83.37786231849769,87.55919685328752,751276,Realty,-0.03367577392062626,0.017939751946130178,-0.008908728967546464,-0.016441600565465175,86.50390625,89.49555358886718,90.41976165771484,87.88026275634766,83.67851654052734,81.19593073527018,0
2022-09-22,89.00275421142578,90.59564312082512,83.77608249291664,84.87119314341034,1686250,Realty,0.05611335708383103,-0.030699273251456938,0.02247186165094872,0.004776089999738442,86.29484100341797,89.13217544555664,90.60891723632812,88.61448554992675,84.56257080078124,81.82976837158203,1
2022-09-23,89.15208435058594,93.13431020485233,87.6089687938605,89.30141174372649,3877083,Realty,0.001677814810151057,0.05219932036103492,0.02802195554416964,0.045751558044838436,86.97181854248046,88.52986373901368,90.33347981770834,89.04506340026856,85.48047393798828,82.46194661458334,1
2022-09-26,85.3191909790039,89.10230880442843,82.13341314374688,89.10230880442843,1455010,Realty,-0.042992751089356185,-0.0022295609376191683,-0.043292331167271825,-0.062499944075330105,86.99172973632812,87.86284027099609,89.68968658447265,89.23670806884766,86.28289215087891,83.01116180419922,0
2022-09-27,85.0205307006836,88.10675447974543,83.87563915162207,86.51386552237419,1055494,Realty,-0.003500505277807986,-0.02905023805539808,-0.011173159686222678,0.021212146691456768,86.55368499755859,87.2754623413086,89.18527170817057,89.58017539978027,87.12115112304687,83.60351791381837,0
2022-09-28,81.63563537597656,84.57252409825635,80.78941384544625,84.57252409825635,1018864,Realty,-0.03981268167595453,-0.022439656492007853,-0.04011304697759077,-0.036795252321080385,86.02603912353516,86.26497268676758,88.33904876708985,89.32133102416992,87.50941802978515,84.06977030436198,0
2022-09-29,82.68097686767578,84.87119830178227,80.09252368764858,82.63119600056221,1164514,Realty,0.01280496546495713,-0.0229545956963364,0.003531574902256862,-0.0086260083422669,84.76168365478516,85.52826232910157,87.67534484863282,89.14710884094238,87.84392517089844,84.59575627644857,1
2022-09-30,96.61876678466795,98.0125398864807,82.68097500259083,82.68097500259083,7279873,Realty,0.1685731161509918,0.000602423835524224,0.15483864782927736,0.03231826387487691,86.25502014160155,86.61341934204101,87.7715825398763,89.31386489868164,88.48705474853516,85.60956497192383,1
2022-10-03,93.58231353759766,100.05343096306984,92.78586527780368,95.62320745613629,5016000,Realty,-0.03142715797478113,0.15653217022585797,0.0208227547102946,0.1222154222890599,87.90764465332032,87.44968719482422,87.87777506510416,89.24417610168457,88.97089538574218,86.55368423461914,0
2022-10-04,101.19831848144533,104.43387706607518,95.22497955597478,95.5734228075286,7251717,Realty,0.08138295214071478,-0.0005206335358549641,0.04378106838357376,0.026287562991069047,91.14320220947266,88.84844360351562,88.56470896402995,89.6747543334961,89.89278076171875,87.7914929707845,1
2022-10-06,103.38854217529295,106.32543844080718,100.10321024542972,101.8454341401354,5200734,Realty,0.021642886232830172,0.06562505713787958,0.018112526584981747,0.0512284771517062,95.49378356933593,90.75991134643554,89.34124298095703,90.12773246765137,90.55582153320313,88.84014561971028,1
2022-10-07,102.4427719116211,104.33433090152444,101.04899120350842,103.04010433067116,2026960,Realty,-0.009147728014854195,0.01173022826818082,-0.01872653965486548,0.009448058216713129,99.446142578125,92.10391311645508,90.16755574544271,90.61804428100587,91.2069155883789,89.77762807210287,0
2022-10-10,100.45165252685548,102.54231966104014,97.61431801649816,100.55120665791314,1780105,Realty,-0.019436406762630143,-0.024154650161948288,-0.017175662363481115,-0.03399017789393832,100.2127197265625,93.23386993408204,91.14651947021484,90.88186683654786,91.49363586425781,90.44133224487305,0
2022-10-11,100.80010223388672,105.37966091504354,99.7547648021526,100.70054809645818,3324372,Realty,0.003468830011911228,0.0014852277114199008,0.027669953862779817,0.02192759043086956,101.65627746582031,94.7819610595703,92.18521728515626,91.3224006652832,91.72659637451171,91.08512573242187,1
2022-10-12,100.50142669677734,103.23920710065234,97.16631390570105,101.2978749433747,2272502,Realty,-0.0029630479581891356,0.005931713959931528,-0.020311830535465702,-0.025948142944202446,101.51689910888672,96.33005065917969,93.07126210530599,91.80275650024414,92.04318328857421,91.83013381958008,0
2022-10-13,100.00364685058594,101.845432442105,98.46053884115602,100.6507600912148,1167327,Realty,-0.0049529629832346656,-0.006388237191763624,-0.013500439394003583,0.013319687486663456,100.83992004394531,98.16685180664062,94.11991424560547,92.21591224670411,92.27016998291016,92.26983795166015,0
2022-10-14,100.75031280517578,104.53343046990288,99.60542892880471,102.09432013046906,2236133,Realty,0.007466387257911045,0.014342266645041013,0.026392916828409607,0.01162790800379132,100.50142822265624,99.97378540039062,94.90308481852213,92.75102386474609,92.59472106933593,92.75600102742513,1
2022-10-17,107.6196517944336,108.5156541274284,100.35209419457136,101.09876153948484,6350700,Realty,0.06818181301869775,-0.009751361189456631,0.03809521642621383,0.007496230615103849,101.93502807617188,101.0738739013672,96.1342559814453,93.8436466217041,93.09249908447265,93.23386789957682,1
2022-10-18,105.18054962158205,109.4116649025622,103.83654981613412,109.01344076878298,3414717,Realty,-0.022664096493366537,0.07828660914117136,0.00825697252934221,0.034722301009551426,102.81111755371094,102.23369750976562,97.45834655761719,94.84169235229493,93.62014404296875,93.57401657104492,0
2022-10-19,100.4018783569336,105.4792153342926,99.05787850932296,105.18055292120904,4956600,Realty,-0.04543303188508829,-0.035159773148555895,-0.035941776151306004,-0.04602109098648666,102.79120788574218,102.15405349731445,98.48376973470052,95.50124855041504,94.00044677734375,93.83452072143555,0
2022-10-20,108.06766510009766,109.41166490558268,100.35210194045024,101.2480967471112,8296040,Realty,0.07635102917010994,-0.03738767352785877,0.03728174843571841,0.013065325551116835,104.40401153564453,102.62196578979493,100.24590504964193,96.69093856811523,94.65353210449219,94.29247690836588,1
2022-10-21,105.92721557617188,110.40721993008944,105.08099405064168,108.51566101711444,4192750,Realty,-0.01980656769018918,0.07177976182757817,0.00909916712597214,0.04712300010414938,105.43939208984375,102.97041015625,101.795654296875,97.53716163635254,95.28869750976563,94.73549957275391,0
2022-10-24,107.81877899169922,108.51566554876902,106.126328274468,107.17166570556653,1081484,Realty,0.0178571994481167,-0.012385265858869454,-0.017132524326925025,0.009947890513126945,105.47921752929688,103.70712280273438,102.54232177734374,98.4704963684082,96.17076080322266,95.15695215861003,1
2022-10-25,105.57876586914062,108.41610026770527,104.53342854548852,108.41610026770527,1661824,Realty,-0.020775723334161,0.011611600453776516,-0.0009175198858177858,-0.015009468007409543,105.5588607788086,104.18498916625977,103.34208526611329,99.48347511291504,96.98512603759765,95.60993016560873,0
2022-10-27,109.61077117919922,110.30766529951808,105.5289909720216,106.52454749062558,2669284,Realty,0.03818954765067106,-0.017447157501597976,0.01744727053585282,0.009523866579195461,107.40063934326172,105.09592361450196,103.90291544596354,100.71298713684082,97.88112670898437,96.23381220499674,1
2022-10-28,114.2401123046875,114.98677970537172,110.00899703414352,110.00899703414352,5565769,Realty,0.0422343632444655,0.03271029659923763,0.04241876022983937,0.04245284656715498,108.63512878417968,106.5195701599121,104.62635345458985,102.34321098327636,99.07977661132813,96.98379821777344,1
2022-10-31,113.24455261230467,116.38055712682105,112.2489961058229,114.88722236709832,2161083,Realty,-0.008714624594622133,0.04434387608715995,0.012121197106489845,0.020361962494614305,110.09859619140624,107.768994140625,105.34647216796876,103.87138977050782,100.04944854736328,97.75701395670573,0
2022-11-01,113.34410858154295,114.24011097100248,109.51121748854268,113.74233270969091,5306705,Realty,0.0008791236924137191,-0.009965334993905173,-0.018391784750489748,-0.024390228084527066,111.203662109375,108.34143981933593,106.20596923828126,104.70765686035156,101.01712951660156,98.67624435424804,1
2022-11-02,109.51122283935548,114.339670690901,99.90410040753144,112.99567083878952,2122623,Realty,-0.033816364962895196,-0.006564502882204115,0.0008714953010138249,-0.08772724202446525,111.99015350341797,108.77450714111328,106.78671061197916,105.50410232543945,101.98481079101562,99.48596394856771,0
2022-11-03,109.95922088623048,112.0001149071811,108.51566688784658,109.3618884591576,958899,Realty,0.004090887082250694,-0.03215859822467204,-0.02046145287618084,0.08619832864904042,112.05984344482422,109.73024139404296,107.41723022460937,105.94214744567871,102.9823583984375,100.24424616495769,1
2022-11-04,114.33966827392578,115.13611655230105,109.90944466363428,110.50677707466888,2172883,Realty,0.03983701732688272,0.010468808024825194,0.027999985961790097,0.012844023501493051,112.07975463867187,110.35744171142578,108.37296498616537,106.48970375061035,104.29051971435547,101.24643961588542,1
2022-11-07,113.94144439697266,116.67922491638478,112.29878216172035,115.18589008761454,1274421,Realty,-0.00348281469558831,0.042342317247964,0.013402470139617595,0.021739146307202084,112.21913299560546,111.15886459350585,109.25237375895182,107.06463737487793,105.54093841552735,102.07772928873698,0
2022-11-09,114.8872299194336,117.3761213492502,113.59300333773142,114.73789491454583,3832231,Realty,0.008300627813403905,-0.003889323360074304,0.0059727550758486014,0.011524801525872874,112.52775726318359,111.8657096862793,109.73687896728515,107.78641624450684,106.27167694091797,102.93556747436523,1
2022-11-10,114.14055633544922,117.42588828834904,113.04544568448264,113.99122133861437,1325633,Realty,-0.006499186937556023,-0.006507645765050585,0.00042399543047411115,-0.004820346651287943,113.45362396240235,112.72188873291016,110.33421274820964,108.45343894958496,107.09400665283204,103.8962796529134,0
2022-11-11,116.08189392089844,117.22678548936253,113.79211837946409,115.4845615011979,1367831,Realty,0.017008306668348405,0.013100483923648154,-0.0016955613612017473,0.006605066577077823,114.67815856933593,113.36900100708007,111.37954711914062,109.23246231079102,107.68934967041015,104.93165842692058,1
2022-11-14,114.8872299194336,117.12723220626854,113.49344919963752,116.48011891541746,772693,Realty,-0.010291561940563465,0.008620697011602063,-0.000849236654220209,-0.002624691271064905,114.7876708984375,113.43371276855468,111.83418477376303,109.9766414642334,108.14929718017578,106.04004491170248,0
2022-11-15,117.82411193847656,119.81522496691044,114.33966413871724,114.78766912741094,2051059,Realty,0.02556317200007774,-0.014529945571531422,0.02294934072981558,0.00745606856648795,115.56420440673828,113.89166870117188,112.62731119791667,110.83033142089843,108.76455078125,107.21148274739583,1
2022-11-16,112.8463363647461,117.9734542499834,111.60189064480956,117.47567596200878,2132232,Realty,-0.04224751192124143,0.02341720896531352,-0.015371758617785614,-0.02394421493652632,115.15602569580078,113.84189147949219,112.96248168945313,111.09166564941407,109.26033813476562,107.75240173339844,0
2022-11-17,111.50232696533205,112.64721844880684,109.16277073114024,112.49788345609392,1134662,Realty,-0.011910084480455718,-0.04237296329773543,-0.04514774815265121,-0.021855542944448803,114.62837982177734,114.04100189208984,113.35738576253256,111.40775451660156,109.68842712402343,108.34973551432292,0
2022-11-18,106.2258758544922,112.4978848629233,104.5334328372296,111.50232835971158,1853110,Realty,-0.04732144390565396,-0.008849545127405767,-0.0013256748629918436,-0.04240766208941649,112.6571762084961,113.66766738891602,113.13172607421875,111.69895439147949,109.91740509033202,108.51732076009115,0
2022-11-21,101.7458724975586,106.22587680197056,100.0036486013984,105.92721440563912,2735928,Realty,-0.0421743131877802,-0.049999977902585924,-0.055752230973898476,-0.04333335386473525,110.02890472412109,112.4082878112793,112.2987767537435,111.38286476135254,109.98709411621094,108.46256510416667,0
2022-11-22,101.2978744506836,106.02676785255828,100.60098793492048,102.19387682487432,2139326,Realty,-0.004403107820277863,-0.03524436663149,-0.001874392148190629,0.005973175397859798,106.7236572265625,111.1439308166504,111.50233154296875,111.15139770507812,110.00899658203124,108.42440185546874,0
2022-11-23,100.45165252685548,103.53787616260364,99.2072068999011,102.0445414102584,1902224,Realty,-0.008353797435701305,-0.0014612951309385114,-0.023474182419817913,-0.013854546199099316,104.24472045898438,109.70037307739258,110.64283447265625,110.78304138183594,109.72227661132813,108.42440185546874,0
2022-11-24,103.38854217529295,105.87743345344396,99.55565112603917,100.55120763729954,4817368,Realty,0.029236847523760767,-0.014634136743827186,0.022596149134507026,0.0035122874338116006,102.62196350097656,108.62517166137695,110.23465576171876,110.67353019714355,109.65059631347657,108.51068318684896,1
2022-11-25,103.28899383544922,105.28010696962654,101.44721570543396,103.33877470200116,2638283,Realty,-0.0009628565965748015,0.027722860124730797,-0.005641678914327541,0.01900007240171675,102.03458709716797,107.34588165283203,109.78997395833333,110.35744132995606,109.76608093261719,108.60360209147136,0
2022-11-28,100.3520965576172,103.7369825245364,99.7547565912261,103.1396501536385,1739084,Realty,-0.02843378726789436,-0.0019269102903231028,-0.014657322161871766,-0.01668314997547249,101.75583190917969,105.89236831665039,108.85746917724609,109.66304054260254,109.45745819091798,108.61521708170572,0
2022-11-29,98.95832061767578,101.84543607425812,97.96276408750902,100.89965281330358,1655390,Realty,-0.01388885721128097,-0.02171810101157201,-0.018234060835834343,-0.017963980515338096,101.28792114257813,104.00578918457032,107.8585942586263,108.9487289428711,109.17870239257813,108.55548400878907,0
2022-11-30,100.99920654296876,102.24365220069627,98.7094310900462,98.85876608807222,1598215,Realty,0.02062369200037173,-0.02022689541863587,0.003910004628462804,0.007621947068277901,101.39743194580079,102.82107620239258,106.93272603352865,108.33148384094238,108.9059194946289,108.3348025004069,1
2022-12-01,102.49253845214844,104.48365144856118,100.8996495741169,101.54676281704972,1645049,Realty,0.01478558060299573,0.027190271893367646,0.02190844321042018,0.022188543281874695,101.21823120117189,101.92009735107422,106.15619150797527,107.98054962158203,108.78247039794923,108.24520212809244,1
2022-12-02,101.44721221923828,103.28899028596152,100.75031808892842,102.74143115468188,1121194,Realty,-0.010199047156961516,0.01176471119797795,-0.011433953025539179,-0.0014800000378474287,100.8498748779297,101.44223098754883,105.18054606119792,107.55494918823243,108.45592803955078,108.28004659016928,0
2022-12-05,100.84988403320312,103.38854874083536,100.05343573542014,101.94499474603433,1052178,Realty,-0.005888069006216412,-0.0077518523899913205,0.0009638825454505451,-0.00691692459862181,100.94943237304688,101.35263214111328,104.24472300211589,106.88045997619629,107.9203189086914,108.03945388793946,0
2022-12-06,99.85432434082033,101.59654829176338,99.00809520253875,100.55121088300008,1000128,Realty,-0.009871698930809192,-0.013671920495032075,-0.017332678240449928,-0.010447822458047984,101.12863311767578,101.20827713012696,103.04673716227214,106.17610397338868,107.38470977783203,107.8370241800944,0
2022-12-07,100.6507568359375,102.29342651810047,99.25697626939032,100.40186772032168,1091109,Realty,0.007975943960111476,-0.0014852447958302317,0.0068592706942740556,0.0025137446220173665,101.05894317626954,101.22818756103516,102.23369852701823,105.46428031921387,106.87697570800782,107.59809010823568,1
2022-12-08,100.75031280517578,102.49253664634082,99.8045371867406,101.19831777877124,836645,Realty,0.0009891229074467933,0.007932621937553508,0.001946460637967995,0.005516598811796891,100.710498046875,100.96436462402343,101.51689758300782,104.79476814270019,106.52653930664063,107.43714167277018,1
2022-12-09,101.69610595703124,103.43832996844957,98.16187706709935,101.54677095123948,2144964,Realty,0.009387495934472856,0.00344327040326875,0.009227923837735519,-0.016458771975143005,100.7602767944336,100.80507583618164,101.21491292317708,104.07547874450684,106.19601470947265,107.17331949869792,1
2022-12-12,101.44721221923828,102.6916578853342,99.30676415445458,102.09432548470689,1278463,Realty,-0.002447426432415356,0.005392141260014416,-0.0072185241519572285,0.011663255854129861,100.87974243164062,100.91458740234376,101.19500223795573,103.40347785949707,105.68031646728515,106.74688949584962,0
2022-12-13,106.8232192993164,108.76455150537974,100.55121008735335,100.55121008735335,6221168,Realty,0.05299314749487638,-0.015114604950151489,0.059137166008426556,0.012531331007455293,102.27352142333984,101.70107727050781,101.56335856119792,102.85343322753906,105.3955874633789,106.53284505208333,1
2022-12-14,109.2125473022461,113.49344338022388,107.12188012749856,107.52010425494892,6515839,Realty,0.02236712222868742,0.06930691496941077,0.04347824552570545,0.06534650388033092,103.98587951660156,102.52241134643555,102.14741821289063,102.67174377441407,105.1686001586914,106.39512634277344,1
2022-12-15,105.18054962158205,110.1583323050881,104.3841013540236,108.96365990375048,2527923,Realty,-0.03691881363691185,0.013425913774959053,-0.02938593610172313,-0.02555760569377985,104.8719268798828,102.79121246337891,102.26688537597656,102.35565490722657,104.81019989013672,106.25077056884766,0
2022-12-16,102.19387817382812,106.07655011624335,101.24809492367288,104.5832153380447,2214093,Realty,-0.02839566306222352,-0.04020096763980863,-0.037053776173191055,-0.030042950886886577,104.97148132324219,102.86587905883789,102.19387766520182,102.15405502319337,104.25467926025391,105.99192581176757,0
2022-12-19,103.04010009765624,104.18499161784,100.55120879094956,103.2392083639954,2333799,Realty,0.00828055397201699,-0.012851077199195426,-0.01783201373282317,-0.006882955508927591,105.29005889892578,103.0849006652832,102.37307790120443,102.21876640319825,103.78079406738281,105.61527353922526,1
2022-12-20,105.47920989990234,108.21699032066472,102.44276708144378,102.64187534657457,5315592,Realty,0.023671461886531908,-0.005785912415317895,0.03870037939451443,0.01881189011289619,105.02125701904296,103.6473892211914,102.80780385335287,102.42783317565917,103.28699798583985,105.33319905598958,1
2022-12-21,104.83209991455078,113.24454909482634,103.73698171504148,106.52454288480368,9784738,Realty,-0.006134952906507896,0.03782732461891536,0.04645812787127168,0.01263353841827386,104.14516754150391,104.06552352905274,103.063330078125,102.64685554504395,102.96642852783204,104.99802805582682,0
2022-12-22,101.04898834228516,109.01344062542093,98.56009700380524,106.02677101924502,5519521,Realty,-0.03608733942513087,-0.004672837376987871,-0.0373625795080208,-0.04990394578335422,103.31885528564453,104.09539108276367,102.96709340413412,102.52987785339356,102.54829498291015,104.56164245605468,0
2022-12-23,89.50053405761719,101.14854248438824,88.10675338886412,100.65076421665454,4145742,Realty,-0.1142856991853265,-0.05070423960769943,-0.07214613258613778,-0.10606060599288503,100.78018646240234,102.87583389282227,102.17064819335937,101.84045486450195,101.87928131103516,103.67559712727865,0
2022-12-26,94.67742156982422,98.2116501807416,87.6089719434828,89.94852819787486,3772532,Realty,0.057841973421905335,-0.10633039999321525,-0.029035438687610715,-0.005649753580004635,99.10765075683594,102.19885482788087,101.75915069580078,101.55672111511231,101.59654327392577,103.00193684895834,1
2022-12-27,97.66409301757812,100.40187344546662,95.07564758667316,95.07564758667316,3366426,Realty,0.031545762423950796,0.05700059235565602,0.022301053497159273,0.08522729439180221,97.5446273803711,101.28294219970704,101.6131352742513,101.49200973510742,101.45119201660157,102.32993621826172,1
2022-12-28,100.10321044921876,101.04898609864416,96.56898178885206,97.56453830213918,4197903,Realty,0.024974556730912756,0.02617800434330042,0.006445224884464196,0.015706800217348382,96.59884948730469,100.3720085144043,101.57663218180339,101.44720993041992,101.4372543334961,101.90516535441081,1
2022-12-29,104.7823257446289,105.77788228377028,99.55565391413673,100.10321304886192,4416179,Realty,0.04674290938734482,0.026020465949020632,0.0467980567416062,0.030927861824359137,97.34551696777343,100.33218612670899,101.84543304443359,101.56169929504395,101.49300567626953,101.6811653137207,1
2022-12-30,111.60188293457033,115.33521983645488,106.67388126228003,106.67388126228003,13566865,Realty,0.06508308668927398,0.06563893418896427,0.09035289179873285,0.07149998084772302,101.76578674316406,101.27298660278322,102.50581817626953,102.06943283081054,101.82552124023438,101.86036554972331,1
2023-01-02,107.86854553222656,112.2987765258714,106.52454577288232,111.50232828563382,3368115,Realty,-0.033452279694353715,0.045263629355362545,-0.02632711252372999,-0.001399925526573309,104.40401153564453,101.75583114624024,102.93390706380208,102.42036590576171,102.12617919921875,102.0644546508789,0
2023-01-03,108.66500091552734,111.203665606613,106.8232227838392,107.71921761863776,3312731,Realty,0.007383573954492961,-0.033928535171973584,-0.009751761801306102,0.002803832757885427,106.60419311523438,102.07441024780275,103.05669250488282,102.86089973449707,102.51444641113281,102.31002553304036,1
2023-01-04,110.8054428100586,112.29877757787344,109.01343805048342,109.01343805048342,4079606,Realty,0.019697619992615323,0.012014758930273928,0.009847804614053324,0.02050317533553736,108.74463958740235,102.67174453735352,103.16288553873697,103.36863403320312,102.9066958618164,102.6551518758138,1
2023-01-05,112.89611053466795,113.39388879311404,110.00899511658206,111.0543324975162,4258256,Realty,0.018867915434381377,0.018721494189438026,0.009751764345619973,0.009132425175303771,110.36739654541016,103.8564567565918,103.67725626627605,103.97592391967774,103.32283874511718,102.97207082112631,1
2023-01-06,115.98233795166016,116.82855949916151,112.24900089313032,113.49344657930692,3914910,Realty,0.027336879918856694,0.021963250122144284,0.030289733799622853,0.0203620237979123,111.24348754882813,106.5046371459961,104.5964869181315,104.69023551940919,103.90424377441406,103.39518229166667,1
2023-01-09,115.1858901977539,118.17255985815022,113.3441120929416,117.37611917267412,2560056,Realty,-0.006866974471907983,0.03421054440050053,0.011504039463897886,0.009756088616360348,112.70695648193359,108.55548400878907,105.40620625813803,105.37716941833496,104.4776840209961,103.88964207967122,0
2023-01-10,111.35299682617188,115.5841120963319,110.55655615614378,115.18588796357108,1644605,Realty,-0.03327571949135111,-0.018659938874627136,-0.02190396624161639,-0.024593742765500082,113.2445556640625,109.92437438964843,105.79779205322265,105.60365829467773,104.93763092041016,104.30279795328777,0
2023-01-11,111.85077667236328,113.79211649867018,111.054335991091,111.35299839825798,1336239,Realty,0.004470286928770051,-0.033275687092200856,-0.015503822845203907,0.004502490419873162,113.45362243652343,111.0991310119629,106.26570383707683,105.73556976318359,105.38563171386718,104.66451695760091,1
2023-01-12,110.95476531982422,113.44365648981125,109.90943558572552,112.44810002181644,1757847,Realty,-0.008010774526525544,0.009834505036333097,-0.0030622508797699677,-0.01030937149052269,113.06535339355469,111.71637496948242,106.92608896891277,106.0242805480957,105.79380981445313,104.94659118652343,0
2023-01-13,114.1903305053711,114.58855463490944,111.20366092707374,111.35299592508731,1578905,Realty,0.029161119634838917,-0.00973875144637093,0.010092218291650523,0.011775379742886338,112.70695190429687,111.9752197265625,108.57207539876302,106.62410316467285,106.29357879638673,105.3713617960612,1
2023-01-16,114.43921661376952,117.9236643630682,113.54322184034451,114.68810573871944,2175293,Realty,0.0021795725373323638,0.029950786558772258,0.02910508592053329,0.021038524215538423,112.5576171875,112.6322868347168,109.88952840169271,107.19405899047851,106.81325897216797,105.82433954874675,1
2023-01-17,119.0685577392578,119.9645601223408,111.90055386558087,114.93699668067605,3567622,Realty,0.040452401392367277,0.0021701547894044104,0.017306922832630134,-0.014467336298360722,114.1007293701172,113.67264251708984,111.31649271647136,107.87352638244629,107.30307250976563,106.46481399536133,1
2023-01-18,119.46678161621094,122.4534511566162,118.62056009886146,119.66588988070724,3809497,Realty,0.003344492320341841,0.04114335102359812,0.020746885844762808,0.06005337776391095,115.62393035888672,114.53877639770508,112.6073974609375,108.60526046752929,107.71324188232421,107.09201482137044,1
2023-01-19,121.35833740234376,122.15477803542186,117.6250005724654,118.86944618242488,2426181,Realty,0.01583332002873794,-0.006655561572945445,-0.0024390747534942525,-0.008392807499529087,117.70464477539062,115.38499908447265,113.71246490478515,109.62072792053223,108.36035339355469,107.77894897460938,1
2023-01-20,120.21344757080078,124.69345182809772,118.96900194377385,123.64811446319776,6827714,Realty,-0.00943396107798744,0.0402009804389869,0.02078243547656977,0.011426154004398503,118.90926818847656,115.80811004638672,114.28656921386718,111.1563735961914,109.08113616943359,108.39619369506836,0
2023-01-23,117.82411193847656,121.30855973823586,115.68366391381144,121.30855973823586,1855073,Realty,-0.019875776634032505,-0.018921070775068216,-0.027145708457315565,-0.027615075996981875,119.58624725341797,116.07193222045899,114.95027364095053,112.31370811462402,109.67249664306641,108.9420903523763,0
2023-01-24,116.87833404541016,120.26322764789433,114.68810519886472,118.42144205553991,1331324,Realty,-0.008027031797704143,-0.023799785348419533,-0.008617133799932897,-0.00860587122904799,119.14820251464843,116.62446594238281,115.49782918294271,113.27442016601563,110.12846160888672,109.27726084391276,0
2023-01-25,112.94588470458984,116.87833753499312,112.34855230878618,116.48011340595951,1236033,Realty,-0.033645665579836725,-0.01639338802064161,-0.02814567826843506,-0.020399263602985163,117.84402313232422,116.73397674560547,115.6405253092448,113.91655387878419,110.45301300048828,109.40170542399089,0
2023-01-27,106.32544708251952,113.84189479614662,101.64632654199922,112.99567321189645,2592713,Realty,-0.05861601455764498,-0.029914464299317878,-0.02597951684534694,-0.09525913371248673,114.83744506835937,116.271044921875,115.20248107910156,113.99370994567872,110.66407135009766,109.4398686726888,0
2023-01-30,107.02232360839844,109.80988484290754,103.98587324921866,106.92276947762882,1529668,Realty,0.006554183828995086,-0.05374456881087242,-0.035417628637147036,0.023016539670548397,112.1992202758789,115.55424423217774,114.60514678955079,113.76473197937011,111.36494293212891,109.60081685384115,1
2023-01-31,110.95476531982422,112.74677000041213,106.02676384144716,108.11743090513764,1737643,Realty,0.03674412570049257,0.011173124614573204,0.026745180196719565,0.019626613966468254,110.82535095214844,115.2057991027832,114.3230717976888,113.91904296875,112.01603668212891,109.86463902791341,1
2023-02-01,102.59210205078124,113.69255113198292,90.19741886459953,112.49788635052866,3001242,Realty,-0.07537002349505062,0.04051571896149131,0.008388543029368645,-0.14929574763329478,107.96810455322266,113.55815353393555,113.7390121459961,113.61539802551269,112.21315704345703,109.76840209960938,0
2023-02-02,102.64187622070312,106.07655078966089,100.15298490790482,102.59210295174326,1339986,Realty,0.0004851657089279815,-0.08805306232972487,-0.06698768095616758,0.1103752875484183,105.90730285644531,111.87566299438477,113.12508544921874,113.20721969604492,112.3147036743164,109.6953946431478,1
2023-02-03,99.9538803100586,104.234768967913,96.81787562172156,103.33877413881136,2605208,Realty,-0.02618810187047571,0.007278057136808291,-0.017362761213832734,-0.033300148660072915,104.63298950195312,109.73521728515625,112.39169311523438,112.56010818481445,112.1215658569336,109.65889104207356,0
2023-02-06,103.63743591308594,104.93166247349131,98.95832314022418,99.9538796957687,1480995,Realty,0.03685255231313578,-0.032755318332844174,0.006685806592930943,0.022107978560339303,103.95601196289063,108.07761611938477,111.68816680908203,111.94286308288574,111.80298797607422,110.13012110392252,1
2023-02-07,103.38854217529295,104.98143107421092,102.54232065982032,103.04009891545051,1157313,Realty,-0.0024015813938287334,0.030876432501423468,0.0004742953608705136,0.036217241823283564,102.44276733398438,106.63405914306641,110.95145517985026,111.35299568176269,111.62378784179687,110.42049179077148,0
2023-02-08,106.7734375,107.9183290249262,103.04010052447552,103.13965465805748,1232001,Realty,0.03273955946654161,0.0009661844626980276,0.027975404037302587,0.004854384623365071,103.27903442382812,105.62356948852539,110.13178049723307,111.1240177154541,111.54812530517579,110.72413660685221,1
2023-02-09,107.56988525390624,108.46588004742482,105.52899134535066,106.7734369980081,841031,Realty,0.007459231177288306,0.035231670612024146,0.005073753712144358,0.02415458455695063,104.26463623046875,105.08596954345703,109.33865407307943,110.90997314453125,111.41870300292969,110.97302576700847,1
2023-02-10,106.7236557006836,108.01788221239352,106.52454743526368,107.02232569430696,442582,Realty,-0.007866788657673207,0.002330998264142181,-0.004130311161771982,0.009433958168471479,105.61859130859375,105.12579040527343,108.36300862630209,110.69841766357422,111.17180480957032,111.03773676554361,0
2023-02-13,103.28899383544922,107.12188509964182,102.39299140597063,106.42499854087728,957985,Realty,-0.032182760632443186,-0.005581332208532297,-0.008294896126457285,-0.03878501367775211,105.54890289306641,104.75245742797851,107.23471171061198,110.15335083007812,110.66407104492187,110.76064046223958,0
2023-02-14,103.7867660522461,106.37521145627298,100.75031566192068,102.99031780693318,1159716,Realty,0.00481921837277155,-0.032273251407420656,-0.006970318368410888,-0.016042853338828933,105.62854766845703,104.0356575012207,106.29888865152995,109.62072830200195,110.20810607910157,110.62458114624023,1
2023-02-15,105.87743377685548,106.4249928979186,103.18943422643903,103.53787748734584,585979,Realty,0.020143875795850086,0.005316613173668605,0.00046797971974976704,0.024209537692200467,105.44934692382813,104.36419067382812,105.56549530029297,108.96117210388184,109.98908355712891,110.53166224161784,1
2023-02-16,109.2125473022461,110.00899555714682,105.72809947916905,106.32543946809132,1222842,Realty,0.031499757846602305,0.026923113051898984,0.03367632509654883,0.024601988292320298,105.77787933349609,105.02125778198243,105.31660614013671,108.44846038818359,109.88355438232422,110.47856572469075,1
2023-02-17,111.95032501220705,112.44810326054142,107.76899076439548,108.11743401913088,949550,Realty,0.025068344046441426,0.016853864512615946,0.022171893226018424,0.019303206009378293,106.82321319580078,106.22090225219726,105.69159800211588,107.97805976867676,109.92337677001953,110.44703954060873,1
2023-02-20,115.03656005859376,116.82855725496889,112.49788786936206,112.54766873405032,2031424,Realty,0.027567897154833654,0.04097613631984198,0.03895533910676985,0.043879942378832304,109.17272644042968,107.36081466674804,106.2258804321289,107.7192153930664,109.95722595214843,110.41551361083984,1
2023-02-21,115.43477630615234,116.8783378280824,113.1450008505808,115.03655977161364,3121516,Realty,0.0034616494734869274,0.022114105654596594,0.0004260993568967475,0.005752223383697741,111.50232849121093,108.56543807983398,106.52454783121745,107.5997486114502,109.99704833984374,110.42380981445312,1
2023-02-22,111.40277862548828,117.0276746097443,110.5067762181344,114.28989411785358,2480869,Realty,-0.03492879537419924,-0.006490681355931005,0.0012777113743829283,-0.02331720016450778,112.6073974609375,109.02837219238282,107.11192626953125,107.3259708404541,109.69041717529296,110.42546920776367,0
2023-02-23,111.90055847167967,112.54767175251489,109.41166708038564,111.40278019342088,696208,Realty,0.004468289322161478,-0.025261322943002762,-0.03828156777590441,-0.009909882228281486,113.14499969482422,109.46143951416016,107.72917175292969,107.2737045288086,109.38776824951172,110.42712860107422,1
2023-02-24,107.52010345458984,112.9458834147954,106.17610368050616,112.29877775743564,1192347,Realty,-0.039145962065939566,0.008042865379653152,0.003538159928853535,-0.029572380041538726,112.25895538330079,109.54108428955078,108.23358662923177,107.33343734741212,108.83423889160156,110.31263987223308,0
2023-02-27,103.43832397460938,108.51566070886106,100.5512085467428,107.76899331866248,1213663,Realty,-0.03796294226692565,-0.04033689884459346,-0.03922429549436768,-0.052977034744928986,109.9393081665039,109.5560173034668,108.2203125,107.15423736572265,108.16323394775391,109.95423965454101,0
2023-02-28,104.28455352783205,106.32544758972467,102.74143776440155,104.4338885364695,838779,Realty,0.008181006040182792,-0.030946793502388936,-0.020183382793130256,0.02178222668144847,107.70926361083984,109.6057960510254,108.28004659016928,106.82072677612305,107.62165161132812,109.61575088500976,1
2023-03-01,107.17166137695312,108.316552899178,104.03565680581316,104.43388093469488,1256861,Realty,0.027684903961836982,-7.279030511675444e-08,0.018726517071777193,0.012596855461370904,106.86304016113282,109.73521881103515,108.30659484863281,107.04970474243164,107.23338470458984,109.21918767293295,1
2023-03-02,112.14944458007812,113.24455524355444,106.82321866574372,107.1716619320098,2312680,Realty,0.046446823154273176,0.0262154482128929,0.04549629961879842,0.02679429289453772,106.9128173828125,110.02890853881836,108.61189880371094,107.52508316040038,107.20152709960938,108.97527643839518,1
2023-03-03,114.8872299194336,116.2312297724358,111.55211692257812,112.49789262771088,2324858,Realty,0.024411938459495408,0.04969812541565388,0.026373669996389015,0.04426844946164188,108.38624267578125,110.32259902954101,109.15613708496093,108.27175064086914,107.54399841308594,108.7595728556315,1
2023-03-06,115.43477630615234,117.07744609535176,114.73788977521612,115.48455717071644,1443530,Realty,0.004765946459869497,0.026548626585293666,0.007280455730983348,0.028558605076486776,110.78553314208985,110.36242065429687,109.96585591634114,108.86161766052246,107.88049652099609,108.60028381347657,1
2023-03-08,114.63833618164062,116.38056011268228,113.34410965181225,114.48900118273836,1490492,Realty,-0.006899481681321262,-0.00862068498480184,-0.005952350396351447,-0.012147514008968074,112.85628967285156,110.2827766418457,110.68929392496744,109.42410736083984,108.02783935546876,108.4940912882487,0
2023-03-09,118.17255401611328,120.0143396253679,114.53877885200052,114.53877885200052,4122008,Realty,0.030829284096314913,0.00043478123442364236,0.031223251625248416,0.010540196608877617,115.0564682006836,110.9597541809082,111.50896860758463,109.9940631866455,108.65105743408203,108.5372319539388,1
2023-03-10,115.63389587402344,119.91478452142952,114.7378934516149,117.3263389865222,2120772,Realty,-0.021482637514491643,0.024337260816474915,-0.0008295267402973483,0.0017384033740368565,115.75335845947265,111.33308792114258,111.93705851236979,110.39726371765137,109.17073822021484,108.62683232625325,0
2023-03-13,109.7601089477539,116.48011561802456,108.5654441334588,115.98233734615266,1500376,Realty,-0.050796411224168114,-0.011455242292388701,-0.028642580788619698,-0.05379608368667699,114.72793426513672,111.55708847045898,111.79104410807291,110.54908638000488,109.56298736572266,108.7413210550944,0
2023-03-14,111.10411071777344,112.34855641935133,106.62410619209312,109.95921915322305,1250780,Realty,0.012244901931167673,-0.05193133998458266,-0.03547008153925546,-0.017881729834579807,113.86180114746094,112.32366714477538,111.5288808186849,110.9398422241211,109.86165435791015,108.8773806254069,1
2023-03-15,113.94144439697266,114.98678181530931,111.00455560525532,111.65166888348784,1541445,Realty,0.02553761207275773,0.01539161284790902,0.023482503736946825,0.04108310559031003,113.72242279052735,113.28935623168945,111.42932535807292,111.44757614135742,110.28377044677734,108.97693659464518,1
2023-03-16,113.14500427246094,114.28989583261878,111.05433702093003,113.34411254575195,817184,Realty,-0.006989907217051949,0.015158247782486978,-0.006060574717273726,0.0004484628167131799,112.71691284179687,113.88669052124024,111.54547373453777,111.81095466613769,110.53863311767579,109.32870000203451,0
2023-03-17,117.02767181396484,117.92366660441984,114.24011052334596,114.24011052334596,1916154,Realty,0.03431585483132937,0.007905112647402346,0.03179433094525552,0.02868661943221107,112.99566802978515,114.3745132446289,111.8872812906901,112.20171089172364,110.91694458007812,109.8082265218099,1
2023-03-20,113.04544830322266,116.97789360317446,110.75566522002688,116.62945033281692,1504580,Realty,-0.03402805036634926,0.020915069133994546,-0.008020213655822062,-0.030501067334025356,113.65273590087891,114.19033508300781,112.2556376139323,112.25646705627442,111.16981628417969,110.24461212158204,0
2023-03-21,121.85612487792967,122.4534572968644,112.2490025221257,113.64278322996928,3824242,Realty,0.07793924219818282,-0.02560817267272375,0.046808533860805746,0.013483168550630475,115.80313873291016,114.83246994018555,113.48349100748698,112.59744529724121,111.91250152587891,110.85190175374349,1
2023-03-22,121.00990295410156,123.69790262896817,119.81523052433236,121.90589778206125,2915656,Realty,-0.006944434879049499,0.07271130042081597,0.010162598587043936,0.06740574822226386,117.21683044433594,115.46962661743164,114.59851430257162,112.87620162963867,112.60142700195313,111.43928044637045,0
2023-03-23,119.0685577392578,121.6570031605582,118.47122534903365,120.46233838010984,1062772,Realty,-0.016042862339788022,-0.011841587882254423,-0.01649906283804692,-0.011217314939153566,118.40154113769532,115.5592269897461,115.39164072672526,113.25949058532714,113.12907196044922,111.84911778767903,0
2023-03-24,117.2267837524414,119.36723185385648,116.28100806822005,119.26767771796376,1485976,Realty,-0.015468180868114634,-0.009917295963294492,-0.01882153305781975,-0.018487335421414786,118.44136352539063,115.7185157775879,115.73013000488281,113.52580184936524,113.44964141845703,112.17101440429687,0
2023-03-27,115.08633422851562,117.47567143787624,113.74233442184205,117.42589057279834,1055397,Realty,-0.01825904844788684,-0.015442466730347215,-0.015846563471423325,-0.021832229428976113,118.84954071044922,116.25113830566406,115.74340362548828,113.90411338806152,113.57508178710937,112.44977035522462,0
2023-03-28,115.08633422851562,122.15478412644168,113.99122355624432,122.15478412644168,1099252,Realty,0.0,0.04027130244085031,0.039830482612221996,0.002188183807439792,117.4955825805664,116.64936065673828,115.72017415364583,114.48651390075683,113.57707275390625,112.84301503499348,0
2023-03-29,117.52545166015624,118.421446462709,114.09077706689436,115.13611446386396,2645963,Realty,0.02119380591962816,-0.05745718199061889,-0.030562353250678465,0.0008733436447492249,116.79869232177734,117.00776138305665,115.9126485188802,115.14855880737305,113.66069976806641,113.30097122192383,1
2023-03-31,121.60723114013672,123.24990092673204,118.12278329999236,118.4712265649081,2661129,Realty,0.03473102568270581,0.02896668970091798,0.040773479874217866,0.03534033457177643,117.30642700195312,117.85398406982422,116.14162699381511,115.87033729553222,114.06887786865235,113.82529780069987,1
2023-04-03,125.09168243408205,127.43123881510434,121.95567777226782,123.20012346382155,2365577,Realty,0.02865332317228697,0.03991599509879795,0.033925689651125746,0.03244839280954959,118.87940673828125,118.66038513183594,116.772146097819,116.51744918823242,114.59652282714843,114.3546023050944,1
2023-04-05,132.7076873779297,133.40457390490718,124.54411934287062,125.2410134653416,4598533,Realty,0.0608833840560179,0.016565648995630733,0.046874966808333474,0.021224444961359445,122.40367736816407,120.62660903930664,118.30198465983072,117.40847206115723,115.60402618408203,115.04651438395182,1
2023-04-06,134.99746704101562,135.99302353780485,130.76635192966134,133.1059005825241,3038970,Realty,0.017254310645659965,0.06279801559861209,0.01940300513791038,0.049960067320889534,126.38590393066406,121.94074325561523,119.8948750813802,118.3866065979004,116.86639190673829,115.71187795003256,1
2023-04-10,134.54946899414062,137.8348088265134,132.85702580503593,135.49525992101192,1486344,Realty,-0.0033185663160545387,0.01795081456217229,0.013543233621808204,0.015987858072993744,129.79070739746095,123.29469985961914,121.26874338785807,119.3821632385254,118.07698852539062,116.34903437296549,0
2023-04-11,137.1876983642578,138.63125235235046,132.55835119983806,135.34591263363043,1720627,Realty,0.019607876492118148,-0.001102232561261185,0.005778246675261167,-0.0022480904068722385,132.90680084228515,125.10661392211914,122.87158966064453,120.33292045593262,119.27763000488281,117.20853169759114,1
2023-04-12,140.82147216796875,141.36903131336592,135.69436196785787,136.59035679415322,2495298,Realty,0.026487606739072245,0.009194545563347756,0.019748641915583454,0.023657587316336937,136.0527587890625,127.46608276367188,124.45784301757813,121.59229927062988,120.42451110839843,118.17256215413411,1
2023-04-13,141.0205841064453,141.6179241334914,137.63569779581854,140.77169496034074,1012397,Realty,0.0014139316640509048,0.030612250120181983,0.001760589414903535,0.014306680099358315,137.71533813476563,130.05950775146485,126.3228520711263,123.15532302856445,121.46984527587891,119.2892448425293,1
2023-04-17,141.86680603027344,143.01168996745622,139.27835296665955,140.3734712299548,1207696,Realty,0.006000697906550778,-0.0028288622261608554,0.00984173325864468,0.011934804684740064,139.08920593261718,132.73755493164063,127.65689748128256,124.69345779418946,122.52712646484375,120.57019424438477,1
2023-04-18,138.2827911376953,141.81701973464007,136.64012899664394,141.36902234989756,1440184,Realty,-0.0252632380531167,0.0070921600158473375,-0.008353654397678989,-0.018942096268521724,139.83587036132812,134.81328887939452,128.8084233601888,125.91052513122558,123.47290466308594,121.7034688313802,0
2023-04-19,134.89791870117188,139.2783616453313,134.40014040338158,137.53613760306524,985350,Realty,-0.02447790074726608,-0.02711262116070723,-0.017900940902995655,-0.016393343666393667,139.37791442871094,136.14235763549806,129.86371409098308,126.99817085266113,124.14191925048829,122.62767740885417,0
2023-04-20,135.04722595214844,136.39123323192302,132.9565665281484,135.34589592443012,1167640,Realty,0.001106816564807822,-0.015924845039317903,-0.020729195686263746,-0.010740865827226997,138.2230651855469,137.13791198730468,131.05174357096354,127.8991485595703,124.91845245361328,123.39093678792318,1
2023-04-21,138.880126953125,139.27834346297607,133.70323637013047,133.70323637013047,1619694,Realty,0.028381930646503406,-0.01213675186144414,0.02116785780610786,0.005615892930147304,137.79497375488282,137.75515594482422,132.63799641927082,129.19088249206544,126.08325317382813,124.19070002237956,1
2023-04-24,139.62680053710938,142.16547267598145,138.68102489074164,142.16547267598145,1017208,Realty,0.005376388979226654,0.06329118528159627,0.02072920413339685,0.037230127375758926,137.34697265625,138.21808929443358,134.2740275065104,130.0794162750244,127.22416076660156,124.99710083007812,1
2023-04-25,140.27391052246094,141.61791792893715,134.00191646820468,139.77613225206045,1181333,Realty,0.004634568599024558,-0.0168067560916616,-0.0038515311540676667,-0.03374007674246238,137.7451965332031,138.79053344726563,135.79059143066405,131.0426166534424,128.2774594116211,125.85161997477213,1
2023-04-26,139.4774627685547,144.85346144689038,137.536115565447,139.17879279953922,3859306,Realty,-0.0056778038834151,-0.004273544008529528,0.022846992564717672,0.026374242924211533,138.66110534667968,139.0195098876953,136.98194020589193,132.06306190490722,129.33075775146483,126.56178359985351,0
2023-04-27,141.56814575195312,142.81259150432788,140.1743725856887,140.3236999995784,666290,Realty,0.014989396436524416,0.008226161306688295,-0.014089203821413432,0.019182285390241915,139.9652893066406,139.09417724609375,138.08037109375,133.2801300048828,130.31237670898437,127.4262585957845,1
2023-04-28,140.97080993652344,143.70859037872225,140.37346994546706,142.36458299433895,388794,Realty,-0.004219422471466894,0.014544107622352254,0.0062739487110785586,0.0014203549201310395,140.3834259033203,139.08919982910157,138.6312459309896,134.5743537902832,131.4293911743164,128.46661529541015,0
2023-05-02,140.52279663085938,142.81257966357808,139.62680183983275,141.86680400838625,549452,Realty,-0.0031780572578521404,-0.0034965085801746953,-0.006234914090959109,-0.005319154010543281,140.5626251220703,138.95479888916014,138.99960123697917,135.8461769104004,132.1760580444336,129.44723815917968,0
2023-05-03,137.4365692138672,141.12012499385173,135.89345369778314,140.12456855650532,506612,Realty,-0.02196246794816803,-0.012280783119481109,-0.011850879479337495,-0.026738048088590927,139.99515686035156,138.87017669677735,139.19207458496095,136.84173278808595,132.83312469482422,130.23040898640951,0
2023-05-04,138.6810302734375,139.37791681933672,136.39124717320806,137.43658458755056,1453276,Realty,0.009054803002494838,-0.019182817093712168,-0.012345568533126738,0.003663115932956984,139.83587036132812,139.2484878540039,139.29163004557293,137.69542274475097,133.6176235961914,131.08160985310872,1
2023-05-05,134.6988067626953,140.1743678897074,133.3547993187609,138.68103303688594,794764,Realty,-0.02871498360583591,0.009054710236506391,0.005714327553073328,-0.022262776515204474,138.46200256347657,139.2136459350586,138.88345235188802,138.17577896118163,134.31650451660155,131.67064768473307,0
2023-05-08,142.71304321289062,143.7583654793072,135.04724531924904,135.2961344666793,1771900,Realty,0.05949745690260144,-0.02440779749099753,0.025568138052313394,0.01269130176891986,138.81044921875,139.59693756103516,138.99628295898438,138.6760467529297,135.42157287597655,132.65956751505533,1
2023-05-09,140.27391052246094,147.54147630850542,136.7396969554073,143.26058014486384,2045222,Realty,-0.017091168652266342,0.05886676444659278,0.026315761288637995,0.012532292918358667,138.76067199707032,139.66164855957032,138.8900899251302,138.93986892700195,136.42907592773437,133.27349370320638,0
2023-05-10,142.2152557373047,142.8623614024541,138.43213790238724,140.8214674870788,1317655,Realty,0.013839674160455395,-0.017025706969207022,-0.03171389512375089,0.01237710032026662,139.7164093017578,139.85578308105468,139.15225423177083,139.32315826416016,137.4166680908203,133.9803387959798,1
2023-05-11,139.8756866455078,143.16102609601953,136.93879804239373,142.9619178365008,1346316,Realty,-0.01645090099277713,0.01519974466690166,0.002090576486581064,-0.01078752291643803,139.95534057617186,139.89560546875,139.4841054280599,139.45755767822266,138.14740631103516,134.67390975952148,0
2023-05-12,139.27835083007812,140.72191993436434,137.48636124997523,139.37791255830024,471151,Realty,-0.004270476376237786,-0.025069650242796948,-0.01703750125414205,0.003998598026338618,140.87124938964843,139.6666259765625,139.76618041992188,139.38040161132812,138.714873046875,135.4089619954427,0
2023-05-15,141.96636962890625,142.61347530783482,137.58591170904702,139.57702480235014,687171,Realty,0.019299616794770547,0.0014285781756604443,0.013441796234394454,0.0007240751603774243,140.72191467285157,139.76618194580078,139.97192993164063,139.42769088745118,139.08522033691406,136.30496317545573,1
2023-05-16,146.09791564941406,148.63658775000323,140.67213578955818,141.96636227132782,2448442,Realty,0.02910228690997374,0.017118415243204455,0.04223382418223354,0.02243125071582619,141.8867156982422,140.32369384765624,140.40333760579426,139.6392463684082,139.52923828125,137.33868255615235,1
2023-05-17,145.30148315429688,147.34237722842883,141.8668159125075,146.6952715129425,829427,Realty,-0.00545136110653599,0.033310068427172324,-0.008707213621932497,0.008492656461379866,142.50396118164062,141.1101852416992,140.73850911458334,139.99018096923828,139.95931884765625,138.2645502726237,0
2023-05-18,145.20191955566406,149.482800292562,143.75835049821302,144.35569046619182,1429886,Realty,-0.0006852208007201988,-0.015948578455333928,0.014526866638067126,0.013333171492846407,143.56920776367187,141.76227416992188,141.1201395670573,140.5053810119629,140.2798876953125,139.0510398864746,0
2023-05-19,144.60458374023438,146.14769937600394,142.96192156760063,145.94859111128878,500622,Realty,-0.004113828641230111,0.011034553885286735,-0.022310934167882324,-0.005540053345438833,144.63445434570312,142.7528518676758,141.32256876627605,140.98324890136718,140.43121215820312,139.70146993001302,0
2023-05-22,143.0614776611328,144.60459339998425,140.42325879770036,144.60459339998425,492810,Realty,-0.010671211376491185,-0.009208706305905312,-0.010558537579504645,-0.01775761504926221,144.85347595214844,142.7876953125,141.46194661458333,141.19231643676758,140.51284790039062,140.04659627278645,0
2023-05-23,142.86236572265625,144.75391710182257,142.01613657403647,143.85792227821483,182196,Realty,-0.0013917928273339264,-0.005163536677594283,0.0010326345680131688,0.011343404148103975,144.20636596679688,143.04654083251953,141.6179178873698,141.3540946960449,140.55267028808595,140.3087595621745,0
2023-05-24,140.27391052246094,143.7085927410141,139.62680484733522,143.7085927410141,411244,Realty,-0.01811852398706859,-0.001038034852970715,-0.007221389111516596,-0.01682436788058672,143.2008514404297,142.85240631103517,141.80707397460938,141.3540946960449,140.63231506347657,140.49957427978515,0
2023-05-25,143.16102600097656,143.80813164172946,138.5814600801537,140.22413739981224,612276,Realty,0.020581984688117227,-0.024246673596487023,0.0006926440431767045,-0.007486705495584944,142.79267272949218,143.18094024658203,142.10574035644532,141.53827285766602,140.96283935546876,140.6986852010091,1
2023-05-26,146.39659118652344,148.23836165761224,143.16103245492152,143.7583572600096,648261,Realty,0.022600880113312405,0.025204076314767843,0.030806533436647854,0.03304606815456457,143.15107421875,143.89276428222655,142.88559265136718,141.77969512939453,141.41681396484375,140.8845225016276,1
2023-05-29,150.22947692871094,151.3245952072637,145.30147505719816,147.2428072864623,1483525,Realty,0.026181523156533215,0.024238243208014154,0.020819398670768985,0.014951293418134615,144.5846740722656,144.71907501220704,143.38668823242188,142.2426284790039,141.8707879638672,141.1914855957031,1
2023-05-30,150.03036499023438,150.7272515181943,147.5912545468813,150.7272515181943,372101,Realty,-0.0013253852875427796,0.02366461422426558,-0.00394743292226396,0.015758817925157098,146.01827392578124,145.11231994628906,144.03711853027343,142.71800689697267,142.28693054199218,141.46360422770184,0
2023-05-31,151.37435913085938,152.5192429558565,149.6819162278692,150.87658091286312,788208,Realty,0.008958147510422121,0.000990725918271096,0.01188896778527071,0.01416521383605307,148.23836364746094,145.7196075439453,144.6477254231771,143.41489639282227,142.73094848632812,141.89998982747395,1
2023-06-01,151.17526245117188,152.320146363786,149.83125508333197,151.82236810769518,335459,Realty,-0.0013152602648865974,0.0062686149772859245,-0.0013053867053886004,0.0009977080680567685,149.8412109375,146.3169418334961,145.40103047688802,144.03960800170898,143.1988604736328,142.44256795247395,0
2023-06-02,155.35659790039062,156.20281182734198,151.47391835989296,151.6730418165751,1370654,Realty,0.027658860195921786,-0.0009835592276769,0.025490163686443745,0.01096342198860567,151.63321228027343,147.39214324951172,146.47291361490886,145.07249755859374,143.7503985595703,143.11954701741536,1
2023-06-05,157.5966033935547,159.78682474437673,154.8090420420597,155.95392598719772,1474730,Realty,0.01441847673956076,0.028224423532031917,0.02294461204063558,0.022017808202747347,153.10663757324218,148.8456558227539,147.51492919921876,145.81667556762696,144.41543029785157,143.7434295654297,1
2023-06-06,160.03570556640625,160.2845946885935,153.06681014516306,158.29348171109547,1591490,Realty,0.015476870188379399,0.01500158273726182,0.003115212690489866,-0.011254070653207049,155.10770568847656,150.5629898071289,148.4441151936849,146.8047653198242,145.19594665527345,144.4237263997396,1
2023-06-07,163.86862182617188,164.2668383882937,158.592168827623,160.03572285404977,1099769,Realty,0.02395038186134757,0.011006398520781113,0.024844831204377638,0.03609769274749941,157.60655822753907,152.9224609375,149.68192443847656,147.88743362426757,146.25322875976562,145.21021677652996,1
2023-06-08,162.97259521484375,164.8641616701857,157.79570447835678,163.8686051750541,986457,Realty,-0.005467957204635665,0.023950167204230377,0.0036362986452569412,-0.0050220912870666545,159.96602478027344,154.90361785888672,150.86663614908855,149.0422790527344,147.22489135742188,145.9933878580729,0
2023-06-09,162.3254852294922,166.65614675293872,160.88193138834333,161.2801478993547,655021,Realty,-0.003970667488595203,-0.015795931581490397,0.01086946407635847,0.01955837087067125,161.35980224609375,156.4965072631836,152.04802958170572,150.19463577270508,148.32995849609375,146.6852991739909,0
2023-06-12,167.35305786132812,168.7468309193706,162.67393004292765,163.27127003408128,2914566,Realty,0.030972170665179766,0.012345736041667887,0.012544896825985363,0.011138594863451257,163.31109313964845,158.2088653564453,153.66746826171874,151.46397018432617,149.31555908203126,147.56470743815103,1
2023-06-13,167.80105590820312,169.94149636797272,167.10416937648654,168.24905330780757,1010957,Realty,0.002676963615724448,0.030487808863661314,0.007079631908304851,0.027233861826475803,164.86416320800782,159.98593444824218,155.33004760742188,152.54912719726562,150.41664489746094,148.47398274739584,1
2023-06-14,167.850830078125,171.63393258255158,167.2534901084858,168.9459331011482,1422710,Realty,0.0002966260829080358,0.004141953726572778,0.009958934402426678,0.0008935787332919887,165.66060485839844,161.63358154296876,157.16850891113282,153.67659454345704,151.44206787109374,149.4877914428711,1
2023-06-15,163.37083435058594,167.8508387822365,161.28015953942077,167.75127705180495,7869650,Realty,-0.026690340020683156,-0.007071232952544748,-0.022041642601736133,-0.03571423571006238,165.74025268554686,162.85313873291017,158.51582946777344,154.5850402832031,152.38187377929688,150.31078491210937,0
2023-06-16,166.75570678710938,169.89170355477108,165.3619338217011,165.8099311897976,1382792,Realty,0.020718951763811555,-0.01157276353495551,0.01215879996395075,0.02530859526637963,166.6262969970703,163.99304962158203,159.87310384114582,155.69259643554688,153.48096801757814,151.3793482462565,1
2023-06-19,168.44815063476562,170.19037444639497,167.3530476391903,167.6019367551373,1138866,Realty,0.010149240948118976,0.010807588860817008,0.0017580075152263674,0.01204094419720625,166.8453155517578,165.0782043457031,161.08768208821616,156.96193008422853,154.5402392578125,152.237185160319,1
2023-06-20,168.99571228027344,170.14059615452584,165.36193720896253,169.44370965754672,1030400,Realty,0.0032506242629819493,0.010988971476506348,-0.0002924859412939407,-0.011897664597782298,167.08424682617186,165.97420501708984,162.35203857421874,158.2685974121094,155.45615112304688,153.1945785522461,1
2023-06-21,167.0543975830078,171.1361704566971,165.66060925290415,169.24461902632743,1001428,Realty,-0.011487360661825652,-0.0011749661974567172,0.005851480038703061,0.001806171655839961,166.92496032714843,166.29278259277345,163.39737447102866,159.6076217651367,156.3262677001953,154.02254994710287,0
2023-06-22,165.9095001220703,168.74684248808828,162.57439465061535,167.05439931844074,758908,Realty,-0.006853441019824769,-0.012941148265079971,-0.013961560330774114,-0.01862974316107502,167.4326934814453,166.5864730834961,164.37965698242186,160.74504547119142,157.15457092285158,154.89034372965494,0
2023-06-23,164.3166046142578,167.25349327342113,161.97704074505037,167.0543850101025,650559,Realty,-0.009600990338952897,-8.565077191935444e-08,-0.008849642414924364,-0.0036743418719087373,166.944873046875,166.78558502197265,164.97699076334635,161.64104614257812,157.9430517578125,155.7249521891276,0
2023-06-26,165.9592742919922,169.14505222234064,162.97260463398038,163.27127463797905,827116,Realty,0.009996979195076694,-0.022645980660098597,0.011309533283273554,0.006146327185326372,166.4470977783203,166.64620666503907,165.5345021565755,162.4275360107422,158.85896362304686,156.52471567789715,1
2023-06-27,173.0489959716797,173.6980484194211,166.65825656587103,168.7552210283543,1532873,Realty,0.0427196473950211,0.03358794376129404,0.02691770251189829,0.022615162469595607,167.25775451660155,167.1710006713867,166.4020548502604,163.57846755981444,160.06642883300782,157.42308502197267,1
2023-06-28,175.94479370117188,177.49255177098516,171.9006565628497,173.74798316822177,1659818,Realty,0.016733975907991416,0.029585823238195363,0.02184540002661195,0.03145598727001331,169.03583374023438,167.98039703369142,167.2071329752604,164.80698928833007,161.49326416015626,158.44452870686848,1
2023-06-30,177.0931396484375,179.68936477335274,174.99617510739657,177.0931396484375,2319331,Realty,0.00652674013881871,0.0192529226481839,0.012376930639895756,0.018007601637141546,171.2725616455078,169.35262756347657,168.14850260416668,166.10288314819337,162.8505487060547,159.5075693766276,1
2023-07-03,185.88037109375,186.7291460340344,177.79211241289818,177.84204303938927,2411592,Realty,0.04961926510962966,0.004228867320543728,0.03917750652388996,0.015977133807557387,175.58531494140624,171.2650939941406,169.7188283284505,167.62907180786132,164.42989990234375,160.88342895507813,1
2023-07-04,176.84349060058594,186.5294378621548,175.74507776984922,185.9802314467865,1136869,Realty,-0.04861664757816875,0.0457607676357763,-0.001069507230773703,-0.011513641495495608,177.762158203125,172.10462799072266,170.35152384440104,168.5914161682129,165.49446044921876,162.0094960530599,0
2023-07-05,180.4382781982422,182.2356741965597,176.84350143829596,176.84350143829596,822389,Realty,0.02032750872224831,-0.04912742573451834,-0.023019228036103234,0.006250096346284151,179.2400146484375,173.24888458251954,171.19400533040366,169.61154479980468,166.71077697753907,163.26202646891275,1
2023-07-06,181.0873413085937,181.7363937630722,179.09023808042812,180.7378421489894,481890,Realty,0.0035971475500249372,0.02202139563523753,-0.0027397513450028166,0.012704660470184592,180.26852416992188,174.6521789550781,172.0764394124349,170.47248077392578,167.89929626464843,164.62247416178386,1
2023-07-07,178.241455078125,182.3854379950702,176.74362772452733,181.1372485337388,695239,Realty,-0.015715544829933648,0.002209865847685455,0.003571349791633649,-0.013102949558015275,180.49818725585936,175.8853744506836,173.06781412760418,171.23592376708984,168.98194396972656,165.7918217976888,0
2023-07-10,176.79356384277344,180.28849444307852,175.24580581530066,178.59095977026803,364179,Realty,-0.008123201388346657,-0.014057234412482078,-0.011497318947406021,-0.008474545467410999,178.68082580566406,177.13307037353516,173.73700459798178,171.9593276977539,169.83942260742188,166.8050542195638,0
2023-07-11,184.23277282714844,185.63073899240808,176.94334299586396,177.74218733459307,1355624,Realty,0.0420785057027917,-0.004752605824879241,0.029631644358848686,0.00968660660759224,180.15868225097657,178.96042022705078,174.78931274414063,172.8033134460449,170.90486938476562,167.9384974161784,1
2023-07-12,182.6850128173828,186.27980468474465,180.73784023784864,184.7320466519448,1362587,Realty,-0.008401111192186006,0.03932583154382807,0.003496542091356414,0.021444701890103834,180.6080291748047,179.92402191162108,175.70193277994792,173.5475112915039,171.8108416748047,169.02698567708333,0
2023-07-13,181.8362579345703,186.6792241985071,178.5410345079264,183.73349993707112,611007,Realty,-0.00464600171477092,-0.005405378941938932,0.0021441911775590405,-0.012154652988169312,180.7578125,180.51316833496094,176.68739013671876,174.24678268432618,172.52954711914063,170.0423823038737,0
2023-07-14,183.43392944335932,184.68211896765644,179.78922212708736,181.83625599427225,476457,Realty,0.008786319774375828,-0.010326064345634656,-0.010698058337370253,0.006991040589638509,181.79630737304686,181.14724731445312,177.85568542480468,175.24993743896485,173.34800048828126,171.11767120361327,1
2023-07-17,187.4281311035156,189.12566576558905,182.73494166012864,184.5323375762544,721327,Realty,0.02177460665143527,0.014826974781459779,0.024060514481701434,0.016384294331942995,183.9232208251953,181.30202331542966,179.39645385742188,176.28355865478517,174.3521063232422,172.1867223103841,1
2023-07-18,192.7703857421875,196.5149541706034,184.7320424685172,187.72769721124985,2360350,Realty,0.028502949942564415,0.017315987414265654,0.03907078595124669,0.010928948728935461,185.63074340820313,182.89471282958982,181.1838612874349,177.49967041015626,175.36879943847657,173.35918172200522,1
2023-07-19,196.3651733398437,197.71322414459607,190.22408686639167,193.26967240686588,1352937,Realty,0.018648028242594705,0.029521350754010856,0.006097601981742251,0.029729787666968877,188.36677551269528,184.48740234374998,182.73827311197914,178.86814346313474,176.51136413574218,174.5701639811198,1
2023-07-20,197.4136505126953,200.2595286996625,194.6676335815365,197.0641665907427,1203823,Realty,0.0053394252912508655,0.019633158873932244,0.012878777158599197,0.02335953762924814,191.48225402832026,186.12003326416013,184.16953023274738,180.3861061096191,177.693876953125,175.6883316040039,1
2023-07-21,194.51785278320312,197.11407777524187,190.8232149474673,196.66473260707056,483467,Realty,-0.01466868031654156,-0.0020269234665156732,-0.015706872700864016,-0.019748627767948723,193.69903869628905,187.74767303466794,185.33117777506507,181.81652374267577,178.9397576904297,176.73984018961588,0
2023-07-24,189.5251007080078,196.4151007980459,187.72770474291875,193.7190144687566,936543,Realty,-0.025667320524866755,-0.014978375122292054,-0.0035460530525525114,-0.0162218742902992,194.11843261718747,189.02082672119138,185.57415974934892,183.07694854736326,179.85053344726563,177.64649403889973,0
2023-07-25,191.17269897460932,193.61914732426192,190.7233538061733,192.72045698738967,409400,Realty,0.008693298462560284,-0.00515466942729037,-0.014234921156386915,0.01595741591448574,193.79889526367185,189.71481933593748,186.52944030761716,184.3376197814941,180.75951538085937,178.44048207600912,1
2023-07-26,194.51785278320312,195.7161116438893,191.1227682351228,192.12131982514265,843268,Realty,0.017498072823871613,-0.0031088405020034404,0.010830356132678798,0.0020942082916359794,193.42943115234374,190.8981033325195,187.46807861328122,185.4110626220703,181.78040100097655,179.33104197184244,1
2023-07-27,200.30946350097656,202.1068442494688,194.41799972936624,194.71756826634453,1070174,Realty,0.02977418594183434,0.013513588411556032,0.03265307363763492,0.01724143870807482,194.00859375,192.74542388916012,188.74955342610673,186.62929611206053,183.1106036376953,180.41299641927083,1
2023-07-28,200.259521484375,204.70307294735807,198.96140138907856,202.7059697966522,1018317,Realty,-0.00024932429915536236,0.04102558182824434,0.012845822750488622,0.023369243928220707,195.15692749023438,194.42798309326173,190.21742451985673,187.7876152038574,184.4846044921875,181.64261932373046,0
2023-07-31,201.35792541503903,202.25663100316527,196.31525199008743,200.75880359297656,893838,Realty,0.0054849024032535,-0.00960586511403172,-0.011951173516686397,-0.013299812830612545,197.52349243164062,195.82096252441406,191.85504862467445,188.56149291992185,185.96625732421876,182.79602661132813,1
2023-08-01,203.5048217773437,205.10249521613545,199.7602532285826,201.45778792335,2415983,Realty,0.010662090195255436,0.0034817119740888636,0.014070560746785254,0.01754831172602489,199.9899169921875,196.8944061279297,193.13985188802081,189.89455947875973,187.4680792236328,183.96458231608074,1
2023-08-02,198.66183471679688,207.0995925596676,193.2197316278463,204.70307485120668,1341312,Realty,-0.02379789834093249,0.016109016987178704,0.009737069953379196,-0.03274185677594266,200.81871337890624,197.124072265625,194.20497334798173,190.80573730468748,188.4925927734375,184.95345306396484,0
2023-08-03,193.61915588378903,200.70887858520567,192.7703961362629,200.70887858520567,488730,Realty,-0.02538322894377998,-0.01951214591624617,-0.030858167780415613,-0.002325515555775981,199.48065185546872,196.74462280273434,194.99049987792966,191.43232803344725,189.19956726074219,185.8389450073242,0
2023-08-04,194.46792602539065,197.61335750185768,193.71901231797577,195.61625428208472,309127,Realty,0.004383709544271808,-0.025373188964129434,-0.01542294045569026,0.0049209640106893104,198.32233276367185,196.73963012695313,195.72609965006507,192.24365158081054,189.89455871582032,186.7908925374349,1
2023-08-07,196.9643096923828,197.7132234174489,195.716120150606,195.716120150606,640703,Realty,0.012836994346647312,0.0005105192760579413,0.0005053601479863001,0.010309302162619494,197.44360961914063,197.48355102539062,196.3618448893229,193.252188873291,190.33791625976562,187.8791493733724,1
2023-08-08,194.91726684570312,198.7117659257946,193.71900798796057,198.3123513854431,596100,Realty,-0.010392963323541893,0.01326529073251237,0.005050458897417398,-0.01020412708523255,195.7260986328125,197.8580078125,196.50497029622392,193.78641357421873,191.0608673095703,188.84441579182942,0
2023-08-09,194.46792602539065,195.9657534402204,189.9245131530695,195.4165470074451,863199,Realty,-0.0023052899703758234,-0.014602239133202799,-0.013819073434230611,-0.019587622682472494,194.88731689453124,197.85301513671874,196.37848714192708,194.37555923461912,191.62205322265626,189.55838012695312,0
2023-08-10,188.52655029296875,195.11698189153373,186.22987850270223,193.7190157079048,675041,Realty,-0.03055195709572267,-0.008686732651537632,-0.004331223868386691,-0.019453174258709738,193.8687957763672,196.67472381591796,195.7860137939453,194.71007385253904,191.91962158203125,189.97777201334637,0
2023-08-11,190.77328491210932,196.4650259455317,181.0374068792304,187.72769950576856,1370296,Realty,0.011917337985812404,-0.03092786828511518,0.006908901731307759,-0.027882054508221676,193.12986755371094,195.7261001586914,195.5363759358724,195.07704162597653,192.42089477539062,190.43377685546875,1
2023-08-14,189.3253936767578,192.1712566582096,185.98023964748336,191.72191147552647,525461,Realty,-0.007589591152757924,0.021276625560711082,-0.021855133078558797,0.027302825716843726,191.60208435058593,194.52284698486326,195.52306213378907,195.17190475463866,192.92216796875,190.54861094156902,0
2023-08-16,203.55474853515625,204.7530074006397,189.32538832040592,189.32538832040592,1979927,Realty,0.07515819501050514,-0.012499996148987225,0.06547155366115787,0.01798658115111107,193.32958068847657,194.52783966064453,196.3485321044922,195.7111228942871,193.6950469970703,191.4389862060547,1
2023-08-17,199.9100341796875,206.4505504330044,196.71467199662325,202.8557584541266,1218380,Realty,-0.017905327100926183,0.07146622148120185,0.00829068668595001,0.03902954454112639,194.41800231933593,194.65265960693358,196.7080108642578,195.88836593627929,194.3840478515625,192.08804473876953,0
2023-08-18,196.5648956298828,202.0569296275645,195.51641336480583,201.20815464233817,697995,Realty,-0.016733219838269586,-0.00812204605057354,-0.021281710299269396,-0.006091353632422414,196.02567138671876,194.94723358154297,196.4583730061849,195.84592819213867,194.973193359375,192.60396321614584,0
2023-08-21,202.1068420410156,202.7059791084253,196.71466938108267,197.4136524686016,745744,Realty,0.028193978346814585,-0.01885859040097837,0.003212210944990357,0.006128672246258349,198.2923828125,195.71112518310548,196.58152770996094,196.2253776550293,195.72010986328124,193.39947611490885,1
2023-08-22,200.658935546875,203.60465963988543,198.26241786635177,202.50626205159887,1921060,Realty,-0.007164064707155027,0.025796643339078162,0.004433418961852231,0.007867987121340514,200.55909118652343,196.0805877685547,196.53492838541666,196.78206939697264,196.24934204101564,194.1949885050456,0
2023-08-23,203.75445556640625,208.5974216496689,201.20814595732577,201.5077144825155,1411833,Realty,0.015426773849341657,-0.0049309466234132016,0.024521845514803742,0.014857723025246905,200.59903259277343,196.964306640625,196.55157063802082,197.4111572265625,196.6887048339844,194.84571126302083,1
2023-08-24,206.001205444336,207.4990328975376,203.3051190759108,204.7030852708901,985865,Realty,0.011026752134985829,0.015857312443747107,-0.005265591220854016,0.010421909652851502,201.81726684570313,198.11763458251954,197.04086201985677,197.98532485961914,197.07414611816407,195.62291768391927,1
2023-08-25,211.6430053710937,219.9809171996397,205.1524200692782,205.1524200692782,2968244,Realty,0.02738721802422739,0.0021950563070092244,0.06015393964879645,0.00908634766189853,204.8328887939453,200.429280090332,198.2424519856771,198.552001953125,197.6433203125,196.6164759318034,1
2023-08-28,213.34054565429688,219.18207867493285,211.19366578473029,213.49033753800123,1564293,Realty,0.00802077196091,0.04064254989488969,-0.003631399190784701,0.029447596637719453,207.07962951660156,202.68600616455078,199.50062662760416,199.2060531616211,198.39622802734374,197.61336313883464,1
2023-08-29,218.68280029296875,222.47729941844923,214.43895599504583,215.48743822187032,1848869,Realty,0.025040972039738874,0.00935452492557709,0.01503417050991418,0.015366418297902307,210.6844024658203,205.6217468261719,200.94852600097656,200.0722969055176,199.56253601074218,198.65518544514973,1
2023-08-30,216.1364898681641,220.1806268785776,212.8911971817452,220.1806268785776,1255987,Realty,-0.011643853203788246,0.021779407168389442,-0.010323176997721006,-0.007217712873664461,213.1608093261719,206.87992095947266,202.36314086914064,200.7038803100586,200.56108764648437,199.4340555826823,0
2023-08-31,219.1820831298828,223.7754267297859,216.436066143062,217.1849798667404,3270995,Realty,0.014091064695167521,-0.01360540686210876,0.016326594678971018,0.01665108284533967,215.79698486328124,208.8071258544922,204.01075134277343,201.7298927307129,201.54765686035157,200.19461924235026,1
2023-09-01,220.48019409179688,221.6285223254782,214.73852245001407,219.68134977255903,1722147,Realty,0.005922523152336545,0.011494210637173596,-0.009594013228718445,-0.007843164604210973,217.56442260742188,211.1986557006836,206.1409942626953,203.07294464111328,202.35448608398437,200.9635040283203,1
2023-09-04,222.2276611328125,226.57135144113352,218.23345474170085,223.52578125726143,1486165,Realty,0.007925732504970862,0.017500035795859015,0.02230231498992885,0.0162752926294365,219.341845703125,213.2107376098633,208.23795267740886,204.46093139648437,203.23321166992187,201.8871643066406,1
2023-09-05,218.3832397460937,223.7754277225128,216.13649856509136,223.37599792609905,802980,Realty,-0.017299472833947616,-0.0006700942071196092,-0.012340146716859457,-0.00960877505738722,219.28193359375,214.98316802978516,210.17514241536458,205.53187789916993,203.91422424316406,202.84910227457684,0
2023-09-06,216.73562622070312,219.2819358291653,215.7870052550728,219.2819358291653,423301,Realty,-0.00754459695398868,-0.018328120008167637,-0.02008036333157881,-0.0016170027382640395,219.40176086425782,216.28128509521486,211.05386759440105,206.62279586791993,204.44345642089843,203.70119984944662,0
2023-09-07,218.43316650390625,221.67845926339285,217.68425279017856,217.8839600665016,868418,Realty,0.007832308480168804,-0.006375243621311366,0.010928959675431837,0.008792223298446977,219.2519775390625,217.52448120117188,212.2887430826823,207.8210578918457,205.23430969238282,204.49837697347004,1
2023-09-08,218.88250732421875,222.47729917317145,218.18352425266912,219.381783123424,773248,Realty,0.0020571089432266376,0.006874407168224961,0.003603597356427901,0.002293558013917396,218.93244018554688,218.24843139648436,213.77658386230468,209.3388557434082,206.24484375,205.1174784342448,1
2023-09-11,231.61404418945312,237.755145767363,225.6726651240126,225.6726651240126,3804868,Realty,0.05816607741237112,0.028675498535123856,0.06867148536489376,0.034324960589923625,220.809716796875,220.07578125,215.7437306722005,211.3808937072754,207.7306884765625,206.16262919108073,1
2023-09-12,217.7341766357422,233.06193435721025,212.69148807305743,232.96208834050333,3628445,Realty,-0.05992670954943313,0.03230086910386332,-0.019739683845770184,-0.057522150694776064,220.67990417480468,219.98091888427734,216.882080078125,212.80133285522462,208.56148315429687,206.70850423177083,0
2023-09-13,221.62852478027344,223.77541986429748,212.6914909992393,218.68280060485168,1890066,Realty,0.017885791770055004,-0.06129447000312205,-0.039845693886156,1.375787017643404e-08,221.65848388671876,220.53012237548828,218.0736846923828,213.70502166748048,209.6299334716797,207.31262766520183,1
2023-09-14,221.9281005859375,225.5728079542032,219.0822223352669,223.17629012804065,1004580,Realty,0.001351702385607112,0.02054797867395375,0.008032106881960877,0.030046953481794203,222.357470703125,220.80472412109376,219.1354777018229,214.80592498779296,210.72834045410156,208.08816986083986,1
2023-09-15,221.7783203125,228.668320377676,218.9324421083208,222.67701067345732,2068445,Realty,-0.0006749044985382424,-0.0022371527651834366,0.01372289706169405,-0.0006836712963267377,222.93663330078124,220.93453674316407,219.81116536458333,216.06659622192382,212.0584112548828,209.0268086751302,0
2023-09-18,221.3788909912109,225.97223453549088,219.78121754205725,223.17628695361128,1911736,Realty,-0.0018010296079719046,0.002242154583645517,-0.011790377599014024,0.003876882866526099,220.8896026611328,220.84965972900392,220.34705505371093,217.0301986694336,213.2826354980469,209.92384084065756,0
2023-09-20,218.83258056640625,227.17049265524105,217.38468377044683,220.28049259905416,1624022,Realty,-0.011502047071442534,-0.012975367562948259,0.0053026785446155245,-0.010904179157856464,221.10928344726562,220.89459381103515,220.35704040527344,217.93888092041016,214.4629229736328,210.652783203125,0
2023-09-21,214.938232421875,220.8796114089632,213.6900429188444,216.6856977261179,1100000,Realty,-0.01779601618027571,-0.01631917030201746,-0.027692334390562956,-0.016995865520608056,219.77122497558594,220.71485443115233,220.27715657552082,218.4980697631836,214.91826232910157,211.32014872233074,0
2023-09-22,212.99105834960932,218.03374695379875,210.6943866328145,216.18642040760352,1018313,Realty,-0.009059226226648343,-0.002304154467755559,-0.012884233347799867,-0.014018698508884597,217.98381652832032,220.17064361572267,219.86442159016926,218.84756240844726,215.44150329589843,211.93758646647134,0
2023-09-25,214.2891845703125,215.68715074901027,209.74577163451184,213.69004750133425,567257,Realty,0.006094745153913506,-0.011547315976473183,-0.010762536706236281,-0.004502326870036044,216.48598937988282,219.71131134033203,219.45168762207032,218.9798713684082,216.15047485351562,212.7963409423828,1
2023-09-26,214.2392578125,217.73418855907687,212.841276371856,214.53882635240151,571047,Realty,-0.00023298776330038518,0.003972009276950406,0.009490773107984962,0.014758365392643746,215.0580627441406,217.9738327026367,218.91912740071615,219.02480697631836,216.635771484375,213.5785400390625,0
2023-09-27,221.62852478027344,223.026506163596,213.340543445172,215.3376466470428,2064295,Realty,0.03449072333064396,0.0037234299647428415,0.024306323409946096,0.0023457248604528136,215.61725158691405,218.36326751708984,219.13547973632814,219.1720932006836,217.47455505371093,214.65531107584636,1
2023-09-28,218.03375244140625,223.87527027960093,217.0851162125345,223.4259250976919,629582,Realty,-0.016219808990882822,0.03756091225379876,0.0038056647642694674,0.017552091631963362,216.23635559082032,218.00379028320313,219.222021484375,219.2669563293457,218.04572692871093,215.13794453938803,0
2023-09-29,219.2819366455078,222.42736807922563,217.6842479967281,219.68135118935865,375022,Realty,0.005724729268405282,-0.016759800397809443,-0.006467450373446759,0.0027598934217443194,217.49453125,217.73917388916016,219.27860616048176,219.27194900512694,218.57695617675782,215.78367462158204,1
2023-10-03,221.478744506836,223.6755549455709,215.68714226894332,219.28193406810087,720496,Realty,0.010018188889308943,-0.0018181658074084561,0.005611660458530787,-0.00917432357262149,218.93244323730468,217.70921630859374,219.45168863932292,219.3218765258789,218.9703857421875,216.6141362508138,1
2023-10-04,218.48309326171875,222.1777311366536,215.68714573266143,222.1777311366536,597467,Realty,-0.013525682799889527,0.01320581688983724,-0.006696412619974446,1.6058992136080974e-08,219.78121032714844,217.41963653564454,218.5762919108073,219.13464813232423,219.17608764648438,217.1600112915039,0
2023-10-05,235.25875854492188,236.1574488730193,220.23055420566487,220.23055420566487,5189882,Realty,0.07678244129905165,-0.0087640508390604,0.06292132728534927,0.021064808742171648,222.50725708007812,219.0622543334961,219.74459737141927,219.97842407226562,219.8391259765625,218.31333872477214,1
2023-10-06,233.8607788085937,237.25586334902744,231.91360625977825,236.65672630168973,1229040,Realty,-0.005942306866595359,0.07458625418834974,0.00465119555300908,0.05304918791242308,225.67266235351562,220.95450897216796,220.5600809733073,220.83468170166014,220.54809753417967,219.31688283284504,0
2023-10-09,225.4230194091797,229.6668636284001,222.3774340398133,228.66831204740703,1170886,Realty,-0.03608026725302238,-0.03375528082011525,-0.0319865634235692,-0.04111950296388822,226.90087890625,222.197705078125,220.79307556152344,221.18417434692384,220.79773498535155,219.9642766316732,0
2023-10-10,231.8636779785156,237.55541903904776,227.17048851585537,227.17048851585537,2461783,Realty,0.02857143243940441,-0.006550201548000789,0.034347817033855144,0.02155369089825876,228.97786560058594,223.9551544189453,221.4654327392578,221.83323287963867,221.25307434082026,220.63829905192054,1
2023-10-11,227.86947631835932,235.6581819908173,226.47151014698755,234.06049330637364,3696353,Realty,-0.01722650867518105,0.030329664894114927,-0.007986502921739747,-0.0030768889631499485,230.85514221191403,225.31817626953125,221.89813842773438,221.646004486084,221.47874694824216,221.12259674072263,0
2023-10-12,231.31446838378903,232.66251911712573,229.0677273193533,229.86657163404584,601286,Realty,0.015118269112167848,-0.017918110028240286,-0.01271189843010967,0.011463769419300052,230.06628417968744,226.28677062988282,222.73026428222656,222.32501907348632,221.99599609374997,221.54365234374998,1
2023-10-13,234.2602081298828,234.9591911926247,228.31881400485685,230.56555507296943,1185799,Realty,0.012734783806114036,0.0030408224821676377,0.009871259385542785,-0.0032693968865040723,230.14617004394526,227.90941619873047,224.01839599609374,222.95660324096679,222.69697937011716,222.14777628580725,1
2023-10-16,239.30288696289065,243.896230458212,232.8622321332356,236.10752486195287,2001309,Realty,0.021525972649234504,0.02403641683264235,0.03803655954135676,0.01989944695614132,232.92214355468747,229.91151123046876,225.77251790364582,223.82534255981446,223.53176818847652,222.8184697469075,1
2023-10-17,238.3542633056641,241.2999874713191,234.70955606900932,240.6509350275384,1062492,Realty,-0.0039641128833254324,0.019242970626378586,-0.010644867212647346,0.007933119591144067,234.2202606201172,231.59906311035155,227.3768564860026,224.65413970947264,224.31063842773435,223.41427205403642,0
2023-10-18,239.55252075195312,240.6509335974883,233.26165791365145,240.15165780164287,1511554,Realty,0.005027212140746862,-0.0020746947267767935,-0.002689821415378102,-0.006168893076224702,236.55686950683594,233.706005859375,229.0644073486328,225.56282119750978,224.62817749023435,223.99176737467445,1
2023-10-19,235.45846557617188,241.4497750552771,235.15889705487905,238.65382758435703,798093,Realty,-0.0170904282824077,-0.006237018020183727,0.0033195028410939464,0.008133523349687977,237.3856689453125,233.7259765625,229.9864034016927,226.39411544799805,225.33714904785154,224.5609415690104,0
2023-10-20,237.1060791015625,238.70376778810248,231.6639758203616,235.4584750233776,605549,Realty,0.006997469899240549,-0.013389068984657193,-0.011372995756761206,-0.014861956227417705,237.95484313964843,234.05050659179688,231.2578918457031,227.50250778198242,225.95625122070308,225.23995666503905,1
2023-10-23,223.2262115478516,243.4468812957174,219.6813503471844,238.6538306044412,1693284,Realty,-0.0585386406215489,0.013570781772651586,0.01987029174933408,-0.05172416397821322,234.73950805664063,233.83082580566406,231.52084350585938,228.01426544189454,226.00817565917964,225.39972483317055,0
2023-10-25,231.8636779785156,233.66107390202268,219.68135153181612,226.67121271691943,2776268,Realty,0.03869378228825271,-0.05020919989917305,-0.040196889529292346,5.392500224132846e-09,233.44139099121094,233.83082580566406,232.21317240397136,228.8929901123047,226.41158996582027,225.8324305216471,1
2023-10-26,229.816650390625,231.4642697138276,221.7283913704356,228.66832211659263,1857991,Realty,-0.0088285824055645,0.008810600056952556,-0.009401669484392694,0.009318223073308873,231.4942169189453,234.02554321289062,232.96874287923177,229.67185974121094,226.74910034179683,225.7725173950195,0
2023-10-27,240.75079345703125,242.59810474894772,230.66541634468788,230.66541634468788,2758376,Realty,0.04757768006722407,0.008733585000361366,0.04810174394901434,0.04030618234776018,232.55268249511718,234.96917572021485,233.33487854003906,230.62797317504882,227.62582885742185,226.53973795572912,1
2023-10-30,239.9519500732422,242.29853716722965,236.20738161153955,241.25007018730332,1078413,Realty,-0.003318133960508174,0.04588747637313162,-0.0012348306761426064,0.024025991215649745,233.12185668945312,235.5383499145508,233.74095662434897,231.72388305664063,228.62637756347652,227.1505187988281,0
2023-10-31,242.5481719970703,247.64079113525267,239.8520857860805,241.15020588372388,3003469,Realty,0.010819757551608467,-0.00041394517938131425,0.022048230379269285,0.015430102775259247,236.9862487792969,235.86287841796874,234.88263346354168,232.88719482421874,229.808662109375,227.83785451253252,1
2023-11-01,238.5539703369141,244.195795999808,236.80650504283585,243.7464508286684,783660,Realty,-0.016467663422359058,0.01076609051785904,-0.013911258802121629,-0.012697745501204172,238.32430725097657,235.88284912109376,235.32865295410156,233.74095611572267,230.77925354003906,228.39704284667965,0
2023-11-02,234.2102813720703,242.9975385198456,229.96643706219984,240.9505046877469,927599,Realty,-0.018208411952687742,-0.011470715292124622,-0.004906953762477406,-0.028884628736861373,239.20303344726562,235.34862518310547,235.75137329101562,234.52731552124024,231.57809448242188,228.82475585937496,0
2023-11-03,241.54962158203125,243.04744895497487,231.96353553720493,236.2573103869809,1974096,Realty,0.03133654153423571,-0.019477835528288412,0.00020539481771408852,0.008684304112016594,239.36279907226563,235.9577407836914,236.4337168375651,234.84185867309571,232.3749383544922,229.58199055989581,1
2023-11-06,243.1972503662109,248.53949239708209,237.60535519337623,242.64804392726828,1213315,Realty,0.006821077894423988,0.02704988696358046,0.022596589537233314,0.02432201097084241,240.01185913085936,236.56685791015624,237.0295196533203,235.30868225097657,233.38147827148438,230.523957824707,1
2023-11-07,246.1429748535156,247.3911643811704,240.65094093183475,243.6465957982061,1026353,Realty,0.012112490921953212,0.004115227367079699,-0.004620304020244159,0.012817832897662917,240.73081970214844,238.85853424072266,237.48552551269532,236.34468002319335,234.4559197998047,231.62902170817057,1
2023-11-08,247.4410858154297,251.6349994251784,246.0930350809768,247.4410858154297,939452,Realty,0.005273808698731397,0.015573745263267602,0.017154351711079263,0.022614057223584894,242.50824279785155,240.41627502441406,238.09131368001303,237.12355041503906,235.4944134521484,232.7340850830078,1
2023-11-09,247.4410858154297,250.1371720476476,245.39405201879995,248.5394834169395,639477,Realty,0.0,0.004439026760208797,-0.00595238095238082,-0.00284032037699411,245.15440368652344,242.17871856689453,238.61721801757812,238.10213088989258,236.65273315429684,233.84081268310547,0
2023-11-10,247.1914520263672,251.73486486103903,245.9432625243523,246.89188349854595,788615,Realty,-0.0010088615164286496,-0.006629127476013963,0.006387266635792477,0.0022380758662816636,246.28276977539062,242.82278442382812,239.3994171142578,238.89598007202147,237.13004089355465,234.69291025797526,0
2023-11-13,248.63934326171875,251.08579158382372,247.04165464006067,248.5394820091072,610718,Realty,0.005857367734532826,0.006673360368166792,-0.002578400403828063,0.004466038648241577,247.37118835449218,243.69152374267577,240.16830139160157,239.61493682861328,237.7211834716797,235.71309661865234,1
2023-11-15,250.237045288086,255.5293567528653,247.74066620594897,249.6379082136976,1183171,Realty,0.006425781235616768,0.004419523995588648,0.017697397933240433,0.002829529161415101,248.19000244140625,244.46041107177734,241.96902364095052,240.16164474487306,238.71374450683595,236.74493357340495,1
2023-11-16,252.2840576171875,254.5307987347481,249.93747048085945,250.58652293125715,854913,Realty,0.008180292916841525,0.003799962611237273,-0.003907801556761958,0.008867354353056633,249.15859680175782,245.8334197998047,243.33038228352865,240.8581344604492,239.5305596923828,237.77177734374996,1
2023-11-17,258.1755065917969,259.6234186157353,250.6863847530313,252.6335573453117,1902883,Realty,0.023352442600828027,0.008168972497439864,0.020007872942300997,0.0029964065441288046,251.30548095703125,248.22994232177734,245.2209726969401,241.7892837524414,240.7428009033203,239.09485778808593,1
2023-11-20,253.63211059570312,260.6219719113327,252.68348960734824,259.4236977821597,616927,Realty,-0.017598090756445584,0.02687742874778487,0.003846160338391247,0.007966546951819531,252.59361267089844,249.43819122314454,246.07972717285156,242.69796600341797,241.63550659179688,239.70730285644532,0
2023-11-21,252.98306274414065,255.7290797395463,248.48958038802223,254.5807362176361,708024,Realty,-0.002559012934277405,-0.01866815408895406,-0.018773905115916478,-0.016597480214647353,253.4623565673828,250.4167724609375,246.94846801757814,243.49181518554687,242.38442077636722,240.34471232096354,0
2023-11-22,254.5807342529297,263.1682691030024,251.3853720939099,253.0329761837625,903709,Realty,0.006315329933391123,-0.006079643168878324,0.029090119008102988,0.01165357397024791,254.33109436035156,251.26054840087892,247.75063883463542,245.05954132080078,242.9955346679688,241.31663614908854,1
2023-11-23,252.3839111328125,257.1270311244282,251.6849280761225,255.5792731324581,440822,Realty,-0.008629180548810123,0.010063103185595779,-0.022955799341484062,0.001191620577273289,254.35106506347657,251.75483093261718,248.67263488769532,246.08555297851564,243.55672058105472,242.00064392089845,0
2023-11-24,250.48667907714844,254.1313863824572,249.63790410850413,252.3839210536977,337673,Realty,-0.007517246432819036,-0.01250239129173969,-0.011650446586151886,-0.008133279903829838,252.81329956054688,252.05939025878905,249.75772806803386,247.1190544128418,243.99408691406254,242.75455067952478,0
2023-11-28,253.28260803222656,259.0742256142459,248.63934917247613,251.98450313754412,956254,Realty,0.011161986598964058,-0.0015825806750525695,0.019449936122214906,-0.004000013297635996,252.74339904785157,252.668505859375,250.53992716471353,247.74564514160156,244.70705261230472,243.48682200113936,1
2023-11-29,259.27392578125,262.61907985121667,255.17987322216064,256.627770044725,1809037,Realty,0.023654674892881422,0.018426795494826065,0.013682774612434612,0.02630526532285704,254.00157165527344,253.73196411132812,251.61170552571613,248.71174392700195,245.5937664794922,244.32061258951822,1
2023-11-30,267.9613342285156,269.35930040657126,259.1241462669332,261.82024783940824,2442952,Realty,0.0335066799374002,0.02023349925761453,0.025665387903929915,0.015456834408482889,256.6776916503906,255.5043930053711,253.0662628173828,249.9824020385742,247.38317138671874,245.27589416503906,1
2023-12-01,264.0669860839844,274.30214011090817,262.81879656850583,269.6089353433582,1248830,Realty,-0.014533246581054038,0.02974822447165093,0.01835035841300514,0.014258224695766542,259.014306640625,256.6826858520508,254.1746561686198,251.25805282592773,248.6713037109375,246.13298492431642,0
2023-12-04,267.7615966796875,271.00688927344726,262.51920095130635,269.109647390232,1232793,Realty,0.013991187048759235,-0.001851896905754824,-0.012013215923610931,-0.0011399322312983795,262.4692901611328,257.6412948608398,255.52935689290365,252.93561859130858,250.1891015625,247.0732874552409,1
2023-12-05,271.3064880371094,272.90414625449307,265.7645082479117,269.00980102121025,1195785,Realty,0.013238983488967238,-0.00037102485916074013,0.007000770298246861,0.012362171166319103,266.0740661621094,259.40873260498046,257.13702596028645,254.4234619140625,251.41132934570314,248.26822153727213,1
2023-12-06,269.7586975097656,274.002541634581,267.61181775306346,272.604575546964,727251,Realty,-0.005704952131966867,0.013362987192687026,0.004024839472624331,0.00695092628180638,268.1710205078125,261.08629608154297,258.54498291015625,255.75153427124025,252.60359924316407,249.3566421508789,0
2023-12-07,277.74713134765625,278.9953208921571,267.1125625231844,271.0069078073516,1489276,Realty,0.02961325774343737,-0.005860751736858405,0.01822165308318424,-0.0018655948532876332,270.1281799316406,263.40293579101564,260.3789886474609,257.3317420959473,254.0115576171875,251.17400614420572,1
2023-12-08,278.99530029296875,283.588643572265,275.60023107727164,278.09660998195704,2042273,Realty,0.004493904002738969,0.026160595801658637,0.016463798265216933,0.031775624755015164,273.1138427734375,266.06407470703124,262.1597381591797,258.9094528198242,255.6292108154297,252.74506022135418,1
2023-12-11,287.8324890136719,294.3729895842161,282.4902320387777,284.986610954768,2704631,Realty,0.031675045104427646,0.024775566207937638,0.03802813073226252,0.024999982527497577,277.1280212402344,269.7986557006836,264.136870320638,260.9290229797363,257.77409912109374,254.67892150878907,1
2023-12-12,283.9381408691406,289.4800898121918,281.64145400772406,289.4800898121918,871429,Realty,-0.013529911643665349,0.01576733321740842,-0.0166214290887734,-0.0030046278943094418,279.65435180664065,272.864208984375,266.1572723388672,262.766357421875,259.46963989257813,256.1184997558594,0
2023-12-13,287.6327819824219,291.37735055782247,282.3404705852065,284.5872117304469,900345,Realty,0.013012133917521096,-0.016902295715464644,0.0065540284544667315,0.0024819378239087087,283.2291687011719,275.70009460449216,268.4672536214193,264.71602935791014,261.24706115722654,257.7078608194987,1
2023-12-14,295.970703125,297.8180297731722,290.57853030676654,293.07490943311336,3373969,Realty,0.028988076689699716,0.029824592788469273,0.022104254853781535,0.029177750198138508,286.87388305664064,278.50103149414065,271.22658487955727,267.00271224975586,263.24017028808595,259.4886118570964,1
2023-12-15,297.6182861328125,309.3512671939949,295.97068212102374,307.6038019295635,5169933,Realty,0.005566709780449708,0.049573989546061625,0.03872578644619584,0.018556607773343226,290.5984802246094,281.8561614990234,274.24220987955727,269.2694236755371,265.24725830078125,261.4574223836263,1
2023-12-18,294.8223571777344,298.3672031356522,294.27316599215595,297.66823530613203,1065444,Realty,-0.009394345325375753,-0.032299882384765,-0.03550676923994811,-0.005735419862206714,291.9964538574219,284.56223754882814,277.1979217529297,271.101766204834,267.14250915527344,263.4778249104818,0
2023-12-19,302.7608642578125,304.5582449897124,295.2217812207622,297.76810614322704,2422984,Realty,0.026926408010815805,0.0003355105625977295,0.020749739880912665,0.0032235872591641623,295.76099853515626,287.7076751708984,280.49647216796876,273.55820388793944,269.36528564453124,265.51819966634116,1
2023-12-20,290.129150390625,306.5553361282135,284.6371166814876,304.3085950653846,2734841,Realty,-0.04172175257245636,0.021965041880649183,0.006557337295427956,-0.03585326426629587,296.26027221679686,289.7447204589844,282.55348714192706,275.4155082702637,271.0248779296875,267.08259633382164,0
2023-12-21,301.9120788574219,302.8107691923364,286.93380503092544,286.93380503092544,2417090,Realty,0.040612701105464666,-0.05709595560626868,-0.012214978813192112,0.008068829449280335,297.44854736328125,292.1612152099609,284.8168701171875,277.7820755004883,273.0918792724609,268.94156646728516,1
2023-12-22,302.7109069824219,306.5553366804183,296.869374113869,301.61249414394064,1883384,Realty,0.0026458965405529167,0.05115705732697884,0.012366031426390478,0.03462669406232122,298.4670715332031,294.53277587890625,287.39313151041665,280.2984252929688,275.1089532470703,270.7838938395182,1
2023-12-26,298.6168518066406,306.15593487304363,296.9193323250988,305.65665905964124,823642,Realty,-0.013524637141730023,0.013408479403941964,-0.0013028701822634936,0.00016828347948960598,299.22597045898436,295.6112121582031,289.4501485188802,282.70493392944337,276.7266070556641,272.48975270589193,0
2023-12-27,295.2217712402344,300.6139437270187,293.3245293155072,300.3643058297289,1032781,Realty,-0.011369353557463047,-0.017314699592000937,-0.018101857631220186,-0.01210700219969385,297.71815185546876,296.7395751953125,291.04450073242185,284.80189208984376,278.3901934814453,274.09076334635415,0
2023-12-28,291.82672119140625,298.06766903553387,290.6284470159825,296.7695640733066,783006,Realty,-0.011499998914597076,-0.011967939221313784,-0.00847024811928565,-0.009191465527333187,298.057666015625,297.1589691162109,292.5157023111979,286.4295318603516,279.9439398193359,275.5303426106771,0
2023-12-29,294.6725769042969,297.5683703872154,290.5785093378513,292.72538913690937,1091211,Realty,0.009751868167768185,-0.013627323775689648,-0.001675118438487666,-0.00017182653193081876,296.609765625,297.02915649414064,293.64406534830727,287.7650939941406,281.5476135253906,277.0115269978841,1
2024-01-01,297.9178771972656,299.1660667024717,294.8223611296792,297.4685167860408,530163,Realty,0.011013241636064208,0.016203335361911764,0.0053691738580188275,0.014604837093763479,295.6511596679687,297.0591156005859,294.9055704752604,289.4576385498047,283.36897216796876,278.5326543172201,1
2024-01-02,304.0090637207031,308.5524615640917,299.8650499714796,302.7608741512691,2179168,Realty,0.0204458576999198,0.017791319304674147,0.03137519894913421,0.017104160018521553,296.72960205078124,297.9777862548828,295.9840087890625,291.27001190185547,285.50986755371093,280.06043955485023,1
2024-01-03,309.4012145996094,310.29990493112246,301.562578565403,304.6580945725045,2196466,Realty,0.017736809596769376,0.006266398941256579,0.005663359022231695,0.005660975142267599,299.56549072265625,298.6418212890625,297.6815470377604,293.1747482299805,287.7546118164062,281.9194096883138,1
2024-01-04,308.8020935058594,314.6436266725132,304.85780235337774,311.5481105055073,3060254,Realty,-0.0019363889522066025,0.022615568257494667,0.013998463010663764,0.010927164118475163,302.9605651855469,300.5091156005859,299.09283447265625,295.12691802978514,289.7357385253906,283.78004404703773,0
2024-01-05,318.2384033203125,321.7333338787009,310.0502681084522,310.5495439025077,2880456,Realty,0.030557790937625562,-0.003205176245104968,0.022532499009003448,0.0170324187702946,307.67373046875,302.141748046875,300.5773478190104,297.15148162841797,291.7468212890625,285.90196634928384,1
2024-01-08,317.5393981933594,321.0343286766196,310.6493984781785,319.8360546072945,2125936,Realty,-0.0021964826358482625,0.029903475587464312,-0.0021726228788739865,0.0019323652689657855,311.59803466796876,303.6245971679688,301.9054219563802,299.0786865234375,293.8857177734375,288.0738159179688,0
2024-01-09,318.2384033203125,323.13130000738096,315.39252519952106,316.7405759381461,1843663,Realty,0.002201317792154711,-0.009678329333286495,0.006531922425260683,0.015268423967914835,314.44390258789065,305.5867523193359,303.46649169921875,300.5989822387695,295.9047900390625,290.3322067260742,1
2024-01-10,318.8375244140625,322.5321776476748,316.4410065881361,319.18702358049245,1041125,Realty,0.0018826172061545687,0.007723821411577125,-0.0018541142863364168,0.003324369808548111,316.33116455078124,307.9483276367188,304.53826904296875,302.3439514160156,297.8060314941406,292.5173706054687,1
2024-01-11,319.686279296875,323.4308476873742,317.0401237289307,319.5365026559302,856153,Realty,0.0026620294595884886,0.0010949037699510278,0.002786295762034152,0.001893298050256842,318.50800170898435,310.7342834472656,306.5087443033854,303.9466262817383,299.803134765625,294.53111572265624,1
2024-01-12,327.4750061035156,331.56904324348545,320.8845595153704,321.53361195414294,2676220,Realty,0.024363656844364145,0.006250019267323603,0.0251620883236765,0.01212602285547515,320.355322265625,314.0145263671875,308.212939453125,305.52184143066404,301.79224975585936,296.51490478515626,1
2024-01-15,327.4750061035156,331.1696287021928,322.53216354406266,325.52781831382174,2053504,Realty,0.0,0.012422360248447228,-0.0012046195187146447,0.005134569364074748,322.3424438476562,316.9702392578125,309.86387939453124,307.0146774291992,303.73143798828124,298.628505452474,0
2024-01-16,319.3867492675781,330.0213181761585,313.6450773174634,327.3751624155638,2526800,Realty,-0.024698852386251358,0.005674919308927162,-0.003467439120351634,-0.027554108492454765,322.5721130371094,318.5080078125,311.2485392252604,308.2428970336914,304.9936083984375,300.34934387207034,0
2024-01-17,315.7919311523437,318.4880325562752,309.70076053583693,315.4424320113341,1142075,Realty,-0.011255376509758497,-0.036449712055682815,-0.03494709276243513,-0.012575733103676767,321.96299438476564,319.14707946777344,312.61988321940106,308.89445037841796,306.2677600097656,301.8321919759115,0
2024-01-18,318.2384033203125,320.48514439356217,307.3541666312022,315.79193974009024,1315835,Realty,0.007747101577426196,0.001107992119283363,0.0062706024501379964,-0.007576971721266479,321.6734191894531,320.09071044921876,314.3806620279948,310.29991302490237,307.49198486328123,303.44818216959635,1
2024-01-19,316.09149169921875,323.5307131887424,314.7933868294785,322.83171489065086,886994,Realty,-0.0067462367793896805,0.022292447224443457,0.009502995219772936,0.024204064906016676,319.39671630859374,319.8760192871094,315.8085896809896,311.0088836669922,308.29681640625,304.72632751464846,0
2024-01-23,311.1986083984375,320.435210946364,307.05462524188107,318.7876068568147,971526,Realty,-0.015479326173819086,-0.012526984950056663,-0.009567877534311764,-0.024583621865568173,316.1414367675781,319.2419403076172,316.6939717610677,311.43326873779296,308.840029296875,305.7997711181641,0
2024-01-24,314.1942443847656,316.29120876962605,301.6124885489783,310.2499839801089,1356596,Realty,0.009626122692980355,-0.026781539473523353,-0.012932418271073165,-0.01772367600265179,315.1029357910156,318.8375244140625,317.37298380533855,312.2121383666992,309.6149047851562,306.6784962972005,1
2024-01-25,315.4924011230469,317.4395585263782,312.0473857945244,315.542316515423,1054256,Realty,0.004131701205485783,0.017058284636860543,0.0036306723832737475,0.03459703308621975,315.04302978515625,318.5030120849609,317.77906290690106,313.22566986083984,310.1241662597656,307.7303049723307,1
2024-01-29,310.4496765136719,318.53795031219903,309.55098619680786,315.6421568585814,812321,Realty,-0.01598366423858255,0.00031640872850569046,0.0034601603874444553,-0.008000065731556538,313.48528442382815,317.5793518066406,317.88890177408854,314.1568176269531,310.9369873046875,308.4908681233724,0
2024-01-30,316.4909362792969,319.53650641673096,312.3968686961573,312.4467840859345,1401717,Realty,0.019459707072231325,-0.010123403047453405,0.0031348104787929376,0.009193582402415856,313.56517333984374,316.48094482421874,317.77240397135415,315.24773559570315,311.5201416015625,309.1748758951823,1
2024-01-31,317.6392822265625,319.23697094246097,313.5452144150032,318.23841930419667,704216,Realty,0.0036283691430967213,0.01853638927731538,-0.0009374061124626243,0.0036759194278699336,314.8533081054687,315.49737243652345,317.77906290690106,316.23380584716796,312.1172766113281,309.8422424316406,1
2024-02-01,314.29412841796875,320.6349374211561,311.2984735005616,319.5365245234313,615297,Realty,-0.010531297593752154,0.004079033644249552,0.0043790870291997575,-0.007165604229149136,314.8732849121094,314.9881103515625,317.5161112467448,316.74805908203126,312.74436767578123,310.4913014729818,0
2024-02-02,322.48223876953125,328.4236022726313,316.54084479305595,316.54084479305595,1365901,Realty,0.026052380910767114,-0.009375077652995056,0.024291379205643837,0.016840337292835628,316.27125244140626,315.6571411132812,317.75909220377605,317.40211029052733,313.8347863769531,311.1486806233724,1
2024-02-05,326.0770263671875,334.41493866902,323.03145604973275,327.3252159191571,2413797,Realty,0.01114724212834961,0.034069445708188484,0.018242709582775962,0.020504814350009504,319.3967224121094,316.4410034179688,318.1851420084635,318.26585693359374,315.20479858398437,312.34694315592446,1
2024-02-06,326.825927734375,334.1153727261406,320.9844252308465,330.5205808577855,1677945,Realty,0.0022967007995962074,0.009762049433483355,-0.0008957911511718875,-0.006336939578327261,321.463720703125,317.5144470214844,318.1418701171875,318.6952331542969,316.4909326171875,313.1774047851562,1
2024-02-07,322.78179931640625,335.5133320040603,320.6349195068888,334.76441831655126,1901685,Realty,-0.012373952232013763,0.012839858406856086,0.004184061530941863,-0.0010888557091401907,322.4922241210937,318.6727661132812,317.82898966471356,318.95735321044924,317.4854895019531,313.8464345296224,0
2024-02-08,342.8526916503906,348.29477948629705,331.56904049384553,333.51622826739174,7955639,Realty,0.06218099154441448,-0.0037285624781641102,0.03809519999068778,0.03410146656444191,328.2039367675781,321.5386108398437,319.3933858235677,320.1880676269531,319.03923461914064,315.3209625244141,1
2024-02-09,345.6985778808594,348.2448722845571,334.365011068106,343.50175216025127,2699845,Realty,0.008300609269740633,0.029940143976603606,-0.00014329012284808318,0.00843254415459338,332.8472045898437,324.559228515625,321.3871622721354,321.53112030029297,320.49112915039063,317.00352274576824,1
2024-02-12,342.2036437988281,355.08495327976493,336.1124729745998,349.2933357446888,3558303,Realty,-0.010109772806863315,0.016860419337062504,0.01964158424023732,0.005226210424684297,336.07252807617186,327.7346252441406,322.98484497070314,322.6569885253906,321.8271911621094,318.68275349934896,0
2024-02-13,334.66455078125,340.256445637689,317.0900371496025,336.21232399040633,2263143,Realty,-0.022031013270011113,-0.03744993223645088,-0.04176045057699984,-0.05659544751983914,337.6402526855469,329.55198669433594,324.2230489095052,323.01646575927737,322.4842370605469,320.0158192952474,0
2024-02-14,340.9554443359375,350.49159960009416,328.6233264034813,331.7687577411148,2626435,Realty,0.01879760954663956,-0.01321654779501269,0.03008070557847331,0.036372285164032014,341.2749816894531,331.88360290527345,326.2068379720052,323.69048767089845,323.42087890625,321.4504048665365,1
2024-02-15,344.79986572265625,351.68989634981705,336.7116218966456,341.45474214014985,1374586,Realty,0.011275436279383433,0.029194986486922758,0.003418902909770427,0.02461266393254613,341.66441650390624,334.9341766357422,328.24721272786456,324.96114349365234,324.48333740234375,322.8100982666016,1
2024-02-16,353.7369079589844,357.88089104717363,341.30492822103986,346.54732417526617,3507270,Realty,0.02591950613900984,0.014914369041113096,0.017603561437541382,0.013641662555396339,343.27208251953124,338.0596435546875,330.7968465169271,326.8583923339844,325.87931274414063,324.28795471191404,1
2024-02-19,345.64862060546875,359.1790126921431,343.9011553542041,355.68408218961383,2444876,Realty,-0.022865262774483974,0.026365109111985863,0.0036272449226644188,0.007606767199924036,343.96107788085936,340.0168029785156,333.14344278971356,328.22890319824216,326.91780639648437,325.51617228190105,0
2024-02-20,344.7499389648437,349.0936445077365,342.05383746280654,348.4945074546864,1629221,Realty,-0.0025999861913258426,-0.0202133721887916,-0.028078946230221113,-0.005371653635460771,345.9781555175781,341.8092041015625,335.0273763020833,329.6618255615234,327.6088037109375,326.39989013671874,0
2024-02-21,339.2080078125,349.692800141152,335.96271494886963,347.2962518016148,950031,Realty,-0.016075220111667177,-0.0034383774419383117,0.0017163177927814743,-0.017807496501480502,345.6286682128906,343.4518249511719,336.4652913411458,331.0622955322266,328.0781237792969,327.12217712402344,0
2024-02-22,339.0581970214844,341.45474533511805,333.36647096004856,339.7571953585238,1077625,Realty,-0.00044164874521013253,-0.021707854328924636,-0.02355797660892278,-0.007727774164511647,344.48033447265624,343.07237548828124,338.11622924804686,332.3054931640625,328.86498168945315,327.81617024739586,0
2024-02-23,349.5929260253906,354.4858228374862,347.0965469913238,347.5458769334297,2312143,Realty,0.031070562801461143,0.022924257915088564,0.0381634101748356,0.041186133661656354,343.6515380859375,343.46181030273436,339.9236083984375,334.01051940917966,330.217021484375,328.8413503011068,1
2024-02-26,353.7868347167969,355.4344693054769,350.0422660577564,352.6884522888472,1128952,Realty,0.011996549069478668,0.01479682452513309,0.0026761196270059795,0.008486742642548561,345.2791809082031,344.62012939453126,341.77092895507815,336.17737731933596,331.6389587402344,329.97803548177086,1
2024-02-27,348.3946533203125,355.3845146442016,346.94677175867594,354.3360476349691,678246,Realty,-0.015241328583639246,0.0046715318730439215,-0.00014054534826890563,-0.00884320151946949,346.00812377929685,345.9931396484375,343.20884399414064,337.7725631713867,332.93108520507815,330.67535705566405,0
2024-02-28,339.1580505371094,350.9908932903646,336.01261903899774,349.49306586522795,919908,Realty,-0.026511895906482286,-0.013667764829646378,-0.01236300731402351,-0.03151536088447482,345.9981323242188,345.8134002685547,344.30059407552085,338.84850158691404,334.049462890625,331.0647918701172,0
2024-02-29,349.4930725097656,359.4785888671875,331.9185576260276,339.1580569851585,2707694,Realty,0.03047258337606662,-0.029571427560324826,0.024182096285333632,-0.012184248986479185,348.085107421875,346.2827209472656,344.7432861328125,340.6084487915039,335.461416015625,332.0683359781901,1
2024-03-01,354.1363220214844,364.27161475771,350.64139139013923,357.4814760061616,2996845,Realty,0.013285669665423772,0.05402619411103915,0.013333272241961902,0.05640791493558672,348.99378662109376,346.3226623535156,345.30580240885416,342.19115295410154,337.0071728515625,333.3464823404948,1
2024-03-04,357.6312561035156,359.4286673010048,348.6942374011568,350.39175686873443,2086864,Realty,0.009868894729807565,-0.019832409826194608,-0.013294880140266807,-0.005553120757543328,349.7626708984375,347.5209259033203,346.3343098958333,343.768864440918,338.8944360351563,334.6595774332682,1
2024-03-05,353.53717041015625,361.82516670738846,350.29187781462343,357.48146129253865,1020764,Realty,-0.011447784899914715,0.020233650720442586,0.006667524391916979,0.004581780374043332,350.7911743164062,348.39964904785154,347.5924845377604,345.104426574707,340.3762854003906,335.9077667236328,0
2024-03-06,348.0950927734375,354.3859556445465,340.05673413438,350.49161051131824,1034787,Realty,-0.015393226207035426,-0.019553044110168227,-0.020560236676013477,-0.029218900946541337,352.5785827636719,349.2883575439453,348.06846110026044,346.3700912475586,341.59451782226563,337.1376495361328,0
2024-03-07,346.94677734375,353.1877250548307,344.550229043993,351.2405371796225,654618,Realty,-0.003298855552769542,0.002136789143716289,-0.0033811458118776505,0.013213956550665706,352.06932373046874,350.07721557617185,348.2115885416667,346.5747955322266,342.9006237792969,338.2294006347656,0
2024-03-11,335.96270751953125,348.19496496579285,334.51479546919427,347.7456045437221,1101781,Realty,-0.031659235771877126,-0.00995025421599649,-0.014136278627075005,-0.029126184599103544,348.4346008300781,348.7141937255859,347.0266418457031,346.08800201416017,343.43984252929687,338.9117441813151,0
2024-03-12,318.488037109375,335.1638301317124,316.640710600522,334.51477770248715,2229559,Realty,-0.05201372062743115,-0.03804743084702722,-0.03742482271494252,-0.053432867875401024,340.60595703125,345.18431396484374,345.2159362792969,344.9022216796875,343.1362829589844,339.1796895345052,0
2024-03-13,286.13494873046875,320.884562687186,281.5915511407749,318.4880449423653,3947236,Realty,-0.10158337083096014,-0.04791038790631785,-0.042603843734912994,-0.11069062911485683,327.1255126953125,338.9583435058594,341.3082702636719,342.4757415771484,341.50864379882813,338.1678232828776,0
2024-03-14,297.069091796875,306.0061405293581,280.5929909073004,280.5929909073004,2667054,Realty,0.03821323859570169,-0.118984227624376,-0.04636689915286496,-0.0035461299510911592,316.9203125,334.74944763183595,338.49900919596354,340.2814239501953,340.4801354980469,337.4821502685547,1
2024-03-15,298.3672180175781,305.00761080617343,288.3817016117237,299.56549217563173,1643094,Realty,0.004369778804153457,0.06761573482995265,-0.003263103549024593,0.02775803728823889,307.20440063476565,329.63686218261716,335.78627726236977,337.9597915649414,338.7007165527344,336.9512532552083,1
2024-03-18,295.671142578125,302.0618668903866,290.57852319042155,297.9178837368138,1062243,Realty,-0.009036098058514908,-0.005499994097624472,-0.009657935774129767,0.007617756488778937,299.1460876464844,323.79034423828125,332.1914916992188,335.05650329589844,336.699619140625,336.05755004882815,0
2024-03-19,288.6313171386719,300.5141051188372,286.83393651435506,296.56981425505114,723123,Realty,-0.023809646684045283,-0.004524969984526228,-0.00512398929226987,-0.01288666015283102,293.17474365234375,316.8903503417969,327.84779052734376,332.2056381225586,334.5567260742188,334.8093597412109,0
2024-03-20,289.1805419921875,293.9735773591496,281.8910972162704,291.5770596756685,1297258,Realty,0.001902859533609691,-0.016835005922378965,-0.021764461794900436,-0.01723240756707778,293.7838623046875,310.4546875,323.9001831054687,329.42716827392576,332.73736572265625,333.5545135498047,1
2024-03-21,307.0546264648437,308.6523151687672,293.57417944931404,293.57417944931404,1165394,Realty,0.061809430017387035,0.00684937208663472,0.049932167174618014,0.041445374999126816,295.7809692382812,306.3506408691406,321.75995483398435,327.81949920654296,331.3813330078125,333.0302744547526,1
2024-03-22,302.2615966796875,308.55245988607174,296.9193392568874,306.25580328015445,1354702,Realty,-0.015609697337372497,0.04319734063339142,-0.0003235202776329382,0.011394598168845027,296.5598449707031,301.8821228027344,318.61118977864584,325.97966918945315,329.67980224609374,331.67723795572914,0
2024-03-26,300.81365966796875,303.1602619459459,294.2731590910942,303.1602619459459,1218001,Realty,-0.00479034395247091,-0.010107698535191001,-0.017475789828792387,-0.008912117925413243,297.5883483886719,298.3672180175781,315.0563456217448,323.540705871582,327.5628723144531,330.1810740152995,0
2024-03-27,310.6993408203125,314.543770780078,303.7594251141122,304.9576688140095,1450302,Realty,0.032863139138213704,0.005928899970353285,0.03754947551853549,0.03223625984890277,302.001953125,297.5883483886719,311.92755126953125,321.38633117675784,326.1649011230469,329.1309305826823,1
2024-03-28,310.8990478515625,315.5423067132692,309.05172129036964,313.944618052957,616973,Realty,0.0006427661890839875,0.029469497435162362,0.0031745531972062757,0.017422656677300807,306.345654296875,300.06475830078125,309.085009765625,319.5115509033203,324.8108654785156,328.3387471516927,1
2024-04-01,323.58062744140625,325.42795395983364,313.54519624767033,313.54519624767033,1418690,Realty,0.04079002389193076,-0.0012722683630120857,0.03132907073392044,0.014539556481158789,309.6508544921875,302.7159118652344,307.4507120768229,318.73267974853513,324.1857702636719,327.75958658854165,1
2024-04-02,329.9714050292969,337.959818231656,324.03001052069106,324.03001052069106,1465087,Realty,0.01975018603067591,0.033439562775947396,0.03850887460445129,0.033439562775947396,315.19281616210935,305.87633056640624,306.3190205891927,317.75659637451173,323.8222985839844,327.2653045654297,1
2024-04-03,328.3736877441406,334.56468915367384,325.8773088354477,328.5234643839871,710163,Realty,-0.004841987095864808,0.013867400294421461,-0.010045954858618589,0.0057010099520973245,320.70482177734374,309.14658508300784,305.8130859375,316.46846466064454,322.97352905273436,326.41986389160155,0
2024-04-04,324.5791931152344,333.41638108022386,322.53217447586843,330.4706720741455,754771,Realty,-0.011555416193586132,0.005927149507599427,-0.003432245274762158,-0.010265011612908603,323.4807922363281,312.7413726806641,306.2191630045573,314.8158615112305,321.8052233886719,325.71754964192706,0
2024-04-05,329.2723999023437,331.51914106922857,323.5806434235512,324.479364269007,809718,Realty,0.01445935810630683,-0.018129620300449067,-0.0056903023326223545,0.003250742191493128,327.15546264648435,316.7505584716797,309.09499308268227,313.60262298583984,321.04033325195314,325.2016316731771,1
2024-04-08,337.06109619140625,340.5560269552417,329.7217659660542,333.8158033392734,2140766,Realty,0.02365426404208959,0.02877359887368991,0.027259016951078685,0.018978646180836556,329.8515563964844,319.75120544433594,311.76112670898436,313.0509231567383,320.956455078125,325.13006795247395,1
2024-04-09,343.0024719238281,345.4988509043509,334.81433667836296,339.0082655549917,1865090,Realty,0.01762699937654011,0.015554872369061945,0.014513981717783064,0.015445054703586258,332.4577697753906,323.82529296875,314.7368103027344,312.8537078857422,320.6968310546875,325.2615437825521,1
2024-04-10,344.9496765136719,348.4945226492632,339.8071111847012,345.69859024429354,2666768,Realty,0.005676940399065522,0.01973498987804656,0.00867056934363486,0.01491206904659692,335.77296752929686,328.2388946533203,318.0220458984375,313.30305633544924,320.329365234375,325.1067687988281,1
2024-04-12,337.8599548339844,349.4930753916302,336.01262819795306,345.49886881572587,1958635,Realty,-0.02055291586686414,-0.0005777328406996185,0.002865332673741783,-0.011166579102830143,338.4291198730469,330.9549560546875,321.303955078125,314.2716522216797,319.53851318359375,324.57587280273435,0
2024-04-15,332.0184020996094,334.41491980956295,320.58497425900924,329.4721077465417,1339530,Realty,-0.017289864190165427,-0.0463873040282865,-0.04314293084396936,-0.04591391109817167,338.9783203125,333.0668914794922,324.15981241861977,316.5658248901367,318.6777624511719,324.0299977620443,0
2024-04-16,332.6175537109375,336.0126231548249,328.1739867725852,329.5220375663959,852537,Realty,0.001804573504176954,0.00015154490677726784,0.004777607847675558,0.023672389921321146,338.08961181640626,333.9705841064453,325.8640075683594,318.34324798583987,318.05866088867185,323.8119812011719,1
2024-04-18,333.666015625,343.1522559552017,331.6689123975891,338.0097212392941,802186,Realty,0.0031521544860306783,0.025757560057536377,0.02124810887562134,0.010649611992024965,336.2223205566406,334.3400451660156,327.9576354980469,320.1081878662109,317.52743041992187,323.28441263834634,1
2024-04-19,339.8570556640625,342.5032114067864,324.97864237109627,329.42217887062714,1124178,Realty,0.01855460175488921,-0.025406199375512695,-0.0018914185675644735,-0.02017153183917597,335.20379638671875,335.48838195800784,330.56052856445314,322.31748352050784,317.68320434570313,322.808437093099,1
2024-04-22,350.7911682128906,354.48582135723217,343.50175365320524,344.4503898715401,1570594,Realty,0.032172680739152026,0.04561991257672715,0.03498539444704418,0.056997934224112035,337.7900390625,338.1095794677734,333.2333170572917,325.42547607421875,318.97532958984374,322.58043416341144,1
2024-04-23,359.52850341796875,370.9619318098022,352.5386419841367,354.4858298586266,3338245,Realty,0.02490751192394769,0.02913464545889788,0.046478898336433705,0.02630812866258303,343.29205932617185,341.13518981933595,336.47528076171875,328.9428741455078,321.91107177734375,322.7801452636719,1
2024-04-24,363.5726318359375,367.4669768546679,357.78101446018104,363.4727705845084,5436571,Realty,0.011248422251704637,0.02535204504356603,-0.009421330480148038,0.014870348528432276,349.4830749511719,343.7863433837891,339.14141438802085,331.7687744140625,324.57121337890624,323.2960632324219,1
2024-04-25,358.87945556640625,374.4568673425311,357.0321289261742,369.6138857635588,5142031,Realty,-0.012908497116056461,0.016895667780490786,0.0190218194508065,-0.0020931393890107897,354.5257629394531,345.37404174804686,341.06861775716146,334.59966735839845,326.99170288085935,323.6938191731771,0
2024-04-26,363.62255859375,371.46119473869066,359.778128843849,364.4713335473712,3085151,Realty,0.0132164239378314,-0.013913309034816024,-0.008000047175260261,0.007691184336641621,359.27886352539065,347.2413299560547,343.4185424804688,337.7401123046875,329.7097595214844,324.6158142089844,1
2024-04-29,367.1174926757813,367.966267637463,357.9807515550352,364.57119826411287,2725855,Realty,0.009611433612775278,0.0002739988239119917,-0.009408592743277655,-0.004995793642569857,362.54412841796875,350.1670837402344,346.2544291178385,340.56101989746094,332.8492065429688,326.23679606119794,1
2024-04-30,362.3743591308594,367.4669782391752,360.47711724006047,366.41851127865823,764092,Realty,-0.012919933371605463,0.005067084353731932,-0.0013568890471766792,0.006973463445118844,363.11329956054686,353.2026794433594,348.4612263997396,343.1347854614258,335.77695922851564,328.7781097412109,0
2024-05-02,359.07916259765625,363.4727835569663,354.48581912835994,362.47423195378775,983838,Realty,-0.009093349046843557,-0.010764410649195866,-0.010869533641766238,-0.016620467222918323,362.2146057128906,355.8488403320313,349.92909749348956,344.90971221923826,337.8579406738281,330.84511210123696,0
2024-05-03,356.9322814941406,362.1746773924485,351.49016308654666,360.4272120930125,924590,Realty,-0.005978851816364483,-0.005647352777993442,-0.003571398528975145,-0.008450707701592286,361.8251708984375,358.1754669189453,350.8577514648438,346.2577560424805,340.0447680664063,332.7972808837891,0
2024-05-06,366.36859130859375,368.46555585120296,355.98366032778824,362.07483143789017,3060172,Realty,0.026437255198527243,0.004571295644715256,0.017369735797231778,0.012784133705998402,362.37437744140624,360.8266204833984,352.2856791178385,348.1575012207031,342.6669653320312,335.15386250813805,1
2024-05-07,358.2303771972656,370.46263397961127,352.53862103572186,368.1659775486028,1673100,Realty,-0.022213187222900554,0.016822892899026387,0.005419985930013915,-0.009677520841530174,360.5969543457031,361.57054138183594,353.6437072753906,349.8400604248047,344.5682067871094,337.4738311767578,0
2024-05-08,358.67974853515625,363.17323075552406,349.4930615841647,357.4315590294985,966391,Realty,0.0012544199668560463,-0.029156465218699523,-0.019676487061009218,-0.00863893845902508,359.8580322265625,361.4856658935547,355.42113037109374,351.3104278564453,346.4794348144531,339.79047139485675,1
2024-05-09,365.2701721191406,376.7535158029778,364.4713430087463,367.5668591399344,6020903,Realty,0.01837411677380607,0.028355918369254773,0.037393408702514064,0.04285716390674188,361.0962341308594,361.655419921875,357.5979715983073,352.720881652832,348.1470166015625,341.7309895833333,1
2024-05-10,368.2658081054688,373.4582884768501,358.6797373788812,367.46697903604496,1923800,Realty,0.008201151407871032,-0.0002717331593037331,-0.008746374454142947,-0.01589042798826057,363.362939453125,362.59405517578125,359.9046244303385,353.9840484619141,349.67879272460937,343.93112996419273,1
2024-05-13,372.2600402832031,377.4525210156264,362.0248859434937,368.46555622954,7043458,Realty,0.010846057629630312,0.0027174610249731668,0.010695257441110106,0.00932628251893397,364.5412292480469,363.4578033447266,362.0648234049479,355.3495666503906,351.4342468261719,346.31267598470055,1
2024-05-14,373.4583129882813,381.44672610033,370.8121572395906,375.95469208579647,2402907,Realty,0.003218913059179318,0.020325199274775718,0.010582006642732678,0.02427256146548018,367.58681640625,364.09188537597663,363.575966389974,357.12948455810545,353.38941162109376,348.40464172363284,1
2024-05-15,381.29693603515625,382.4452642849397,372.5096636370116,374.4568514539226,2082810,Realty,0.020989285214065845,-0.0039840987847866716,0.0026177657751007555,0.004577806752771085,372.11025390625,365.9841430664063,365.0271952311198,359.5934112548828,355.47039306640625,350.75123799641926,1
2024-05-16,375.5552673339844,384.1428172910848,372.2600287306557,383.2940423262861,1137607,Realty,-0.01505826078980732,0.023600024510303186,0.004438682249913617,-0.0006701434371355619,374.1672729492188,367.6317535400391,365.82603759765624,361.7402969360352,357.0101599121094,352.4837259928385,0
2024-05-17,384.9915466308594,387.4380101731068,373.7079260497042,376.9532186606903,1625196,Realty,0.025126206760091252,-0.01654297475408728,0.00857804111829874,0.0038894783412164458,377.5124206542969,370.437680053711,367.5668436686198,364.30657348632815,358.6897229003906,354.31773071289064,1
2024-05-21,387.3381652832031,391.8316475497678,383.14426678510216,387.8374410905992,1808090,Realty,0.006095247214853217,0.028874199479129947,0.011340233176135417,0.02525057692820476,380.5280456542969,372.53463745117193,369.14788411458335,366.68062896728514,360.38526245117185,356.28321329752606,1
2024-05-22,387.4380187988281,389.23539948019385,379.6992439388,388.0371558504088,2227605,Realty,0.0002577941565660158,0.0005149445067706981,-0.0066259274507534105,-0.008991450857946393,383.32398681640626,375.45540161132817,370.50258585611977,368.51297149658205,362.36838500976563,358.3785074869792,1
2024-05-23,384.04296875,389.4351415381605,382.14572671923327,388.4365898931909,606005,Realty,-0.00876282110711224,0.0010293706073243314,0.0005131651906107315,0.0064432121461575065,383.873193359375,377.9917236328125,371.94715983072916,369.7386947631836,364.4493676757813,360.2041931152344,0
2024-05-24,379.8989562988281,387.1384551680454,378.4510443356345,384.4423537446419,445648,Realty,-0.010790491659461887,-0.010282852471872772,-0.005897481056906684,-0.009668255132192827,384.74193115234374,379.4546020507813,373.33514607747395,370.5550109863281,366.3406237792969,361.6321217854818,0
2024-05-27,381.5964965820313,386.63920056151056,377.5024288336217,382.7448248536471,1828957,Realty,0.004468399439002235,-0.004415561590600192,-0.0012896022078667801,-0.002506573878473639,384.06292114257815,380.7876708984375,374.97942708333335,371.69086303710935,368.2578430175781,362.91858927408856,1
2024-05-28,375.35552978515625,381.4467004684639,371.4611847493942,381.4467004684639,890716,Realty,-0.01635488494463533,-0.003391618386165196,-0.013429833512757283,-0.01600319262287475,381.66639404296876,381.0972198486328,375.57855631510415,372.2775115966797,369.6777819824219,363.93211771647134,0
2024-05-29,373.6080627441406,377.45249237223663,367.0675621688396,373.35842485236,536702,Realty,-0.004655498327188146,-0.021204209149457975,-0.010471208929902609,-0.011827945316867372,378.90040283203126,381.11219482421876,376.6037353515625,372.60204010009767,370.59045776367185,365.12372131347655,0
2024-05-30,369.9134521484375,374.4568497358823,368.61531678532725,373.55815939119145,436395,Realty,-0.009889001239872353,0.0005349672741694622,-0.00793647597218694,0.004216538795590363,376.0744995117187,379.9738464355469,377.35264892578124,372.97899475097654,371.00585571289065,366.3868896484375,0
2024-05-31,384.941650390625,386.4394778240516,369.5140156369806,371.91056390916486,2161562,Realty,0.0406262550196661,-0.004410546097324608,0.03200002375873501,0.0024380399042851497,377.0830383300781,380.91248474121096,378.66408081054686,374.272119140625,371.8606164550781,368.1310262044271,1
2024-06-03,398.3222351074219,407.8084754970432,392.3808712526853,405.4119577038143,1910120,Realty,0.0347600336394327,0.09007916699788021,0.05529713939506209,0.06188359479757777,380.4281860351563,382.2455535888672,380.6678426106771,376.34161682128905,373.4383276367187,370.28623352050784,1
2024-06-04,334.564697265625,396.32511905882353,318.68773311605577,396.32511905882353,4359100,Realty,-0.16006522413844748,-0.022413839730966778,-0.0281586998019685,-0.18781022097576383,372.27001953125,376.96820678710935,378.1548197428385,374.7514221191406,372.27601318359376,370.1098215738932,0
2024-06-05,354.585693359375,355.4843837404478,323.5307312693963,344.5003157035238,1671712,Realty,0.059841926710678894,-0.13076335781686288,-0.10304856632696557,0.015196688325549434,368.4655456542969,373.68297424316404,376.8966451009115,374.5691879272461,371.7747412109375,370.23630574544273,1
2024-06-06,377.602294921875,380.84758773769886,358.5299525865116,358.5299525865116,1701467,Realty,0.06491125274806997,0.04072459804379891,0.0713482930821785,0.10817897013923017,370.00331420898436,373.0389068603516,376.65033569335935,375.515315246582,372.3838586425781,370.83876546223956,1
2024-06-07,390.2839050292969,392.63050742049614,376.4539590593637,377.60228732256166,1173438,Realty,0.03358456841488655,0.05319593132584366,0.030938674845729874,0.049993051747962536,371.07176513671874,374.07740173339846,377.6322448730469,376.76600189208983,373.6320483398438,371.72914123535156,1
2024-06-10,399.420654296875,406.36060035463424,390.4836049676314,392.2310703301802,2179677,Realty,0.023410520264452783,0.03874124574653881,0.03496950103124208,0.03726789311320622,371.29144897460935,375.8598175048828,378.5941853841146,378.32374420166013,375.33158325195313,373.0805145263672,1
2024-06-11,422.9365234375,425.93217827608,402.51616123853927,403.4148515954379,2415313,Realty,0.05887494521789671,0.028513246683500082,0.048163079551426735,0.03081449801690228,388.9658142089844,380.6179168701172,380.9674092610677,380.857568359375,377.59430053710935,375.0576466878255,1
2024-06-12,420.1405944824219,431.374300217246,417.8439379437642,426.88081792331633,2543339,Realty,-0.006610753151214399,0.058168325323360026,0.01277696830324615,0.03807990381817583,402.07679443359376,385.2711700439453,383.1475809733073,383.19168243408205,380.0707092285156,376.82508341471356,0
2024-06-13,413.9495544433594,424.28456961932415,410.90398424643627,421.43869145878654,1029398,Realty,-0.014735638784653338,-0.012748585169520044,-0.01643521784758939,-0.016608961066851613,409.34624633789065,389.6747802734375,385.1413533528646,384.8243133544922,382.28150146484376,378.54425659179685,0
2024-06-14,423.8851623535156,426.0819881051226,413.94956155305175,413.94956155305175,1190208,Realty,0.02400197754414002,-0.017770389993884028,0.004236351294630181,0.007411895292767312,416.0664978027344,393.5691314697266,388.0737670898437,387.2408081054688,384.62610107421875,380.70445658365884,1
2024-06-18,442.2085876464844,448.74908851836057,428.1290038169541,429.3771933324554,2497944,Realty,0.043227333533527146,0.03726935166091838,0.05319891721788905,0.034254033778183146,424.62408447265625,397.9577667236328,392.1145731608073,390.10166015625,387.58381225585936,383.5470001220703,1
2024-06-19,441.2599487304688,452.3438776551036,429.7766052579882,444.3554648046824,1857054,Realty,-0.0021452295195451,0.03488371460994144,0.00801068844197994,0.0038483761351018053,428.28876953125,408.6272918701172,396.50820109049477,392.7977493286133,390.34380859375,386.0433787027995,0
2024-06-20,439.1629943847656,446.3525783052072,437.5153902910662,443.05737011780826,848966,Realty,-0.004752197319825346,-0.0029212979015453833,-0.013245010369001942,0.018006529295452323,432.09324951171874,417.08502197265625,400.87852986653644,395.38399810791014,392.97199584960936,388.7411326090495,0
2024-06-21,440.0617065429688,446.35256949413946,436.2172767513081,440.3113444453704,1145180,Realty,0.0020464205083177145,-0.006197900898720299,-1.9740151957492458e-08,-0.002967012289315174,437.3156799316406,423.3309631347656,405.5550801595052,398.18493499755857,395.32258666992186,391.4538645426432,1
2024-06-24,448.5494079589844,450.3467887179533,429.9763413983356,438.3641690624867,1359421,Realty,0.019287525567023733,-0.004422269395162659,0.008948574505442064,-0.01430694217214723,442.2485290527344,429.1575134277344,409.79559733072915,401.6174575805664,398.2423522949219,394.22983907063804,1
2024-06-25,441.4097290039063,449.3482265285956,439.76212493464345,448.94881197746776,1900391,Realty,-0.01591726313398889,0.02414577573166632,-0.00221731832972627,0.022758888325072224,442.08875732421876,433.3564208984375,412.6680969238281,404.60811920166014,400.49907958984375,396.6679697672526,0
2024-06-26,439.5124816894531,448.3496694651225,435.36849863428375,445.2541534030933,1202205,Realty,-0.004298154729698744,-0.008229576459063859,-0.0022222343485972518,-0.009990915659261579,441.7392639160156,435.01401672363284,419.66461588541665,407.815966796875,402.58605224609374,398.9097178141276,0
2024-06-27,436.81640625,445.3540101749907,432.5226161189957,441.3598038057083,578268,Realty,-0.006134240895934506,-0.008746352094911147,-0.006681524475540601,-0.006536721246979016,441.2699462890625,436.6815979003906,425.14666341145835,410.976383972168,404.5611877441406,401.0216542561849,0
2024-06-28,429.07763671875,439.562428567851,427.8294472129046,439.36270605756505,592473,Realty,-0.017716297786720347,-0.004524874560217995,-0.013004444722220176,-0.010850690186336776,439.07313232421876,438.1944061279297,428.57835286458334,413.9345932006836,406.3625744628906,402.6143442789714,0
2024-07-01,443.0074157714844,445.9531552109312,429.9763294476977,433.3713988277095,803862,Realty,0.032464472302165204,-0.013636358177998242,0.014538837324886922,0.005018079631448957,437.96473388671876,440.10663146972655,432.09325358072914,416.83788146972654,408.88691284179686,404.862749226888,1
2024-07-02,480.9024658203125,488.2917417064712,455.6890374397637,461.33084799261695,7648494,Realty,0.08554044176175934,0.06451613844508208,0.09493953793311394,0.05980028720439989,445.86328125,443.97601928710935,437.52537434895834,420.9668930053711,412.8591516113281,408.0597798665365,1
2024-07-03,486.6940612792969,494.2830598073786,482.8995772519448,485.1962338253351,1613782,Realty,0.012043181041097917,0.05173160636572072,0.012269955825935153,0.0597129568116459,455.2995971679687,448.51943054199216,441.7758768717448,428.5733612060547,417.31269287109376,411.37164306640625,1
2024-07-04,489.8894348144531,497.2787107673242,478.456006483966,488.2418307228513,1801620,Realty,0.00656546645906686,0.006277041504432868,0.006060598073324597,-0.009201852677664268,465.91420288085936,453.5920745849609,446.42579956054686,435.3385482788086,421.96394775390627,414.7866902669271,1
2024-07-05,513.8046875,519.2468056330035,489.29025915417645,489.29025915417645,2881369,Realty,0.04881765350707101,0.002147354784765021,0.04417662447640591,0.022644198261462467,482.8596130371094,460.96637268066405,453.0828084309896,442.14866790771487,427.71959716796874,419.11208089192706,1
2024-07-08,543.5116577148438,551.2005177055221,525.0883673521828,529.2822965240762,3245519,Realty,0.057817631753006804,0.0817347916123099,0.061538581895683286,0.07316333715674128,502.96046142578126,470.46259765625,461.0579081217448,449.8100555419922,434.0623974609375,424.5658376057943,1
2024-07-09,525.9371337890625,547.7055462263946,520.2453775459464,547.7055462263946,1421076,Realty,-0.03233513702295199,0.034807983987577895,-0.006340653477024949,-0.009223190052100483,511.96739501953124,478.91533813476565,466.6398111979167,456.13587951660156,439.1669934082031,429.377192179362,0
2024-07-10,504.1187744140625,528.9827028170653,501.4726188051696,527.2851529310863,2216893,Realty,-0.04148472882645071,-0.03728352476253283,-0.03418414061775865,-0.03608443159904651,515.4523376464844,485.37596740722654,470.8303995768229,460.1949920654297,445.94915649414065,433.66930033365884,0
2024-07-11,503.27001953125,516.2511906699528,501.3228316710936,508.2627776615203,1272525,Realty,-0.0016836406932057013,-0.036076068449536036,-0.024067917682963014,-0.0002986945417536857,518.1284545898437,492.0213287353516,475.1042012532552,464.3514633178711,451.89652954101564,437.9913655598958,0
2024-07-12,496.3999938964844,508.3500061035156,492.5499877929688,506.5,652523,Realty,-0.013650774669956345,-0.0034682407191625186,-0.015304922698935908,-0.017499390260925618,514.6475158691406,498.753564453125,478.86008707682294,468.47398529052737,456.6484375,442.20758361816405,0
2024-07-15,487.3500061035156,500.0,484.8500061035156,500.0,980778,Realty,-0.018231240741828025,-0.012833168805528095,-0.0164257027702589,-0.01563289387937139,503.415185546875,503.1878234863281,481.44679361979166,471.64722747802733,460.53108154296876,445.62119547526044,0
2024-07-16,482.9500122070313,493.2000122070313,481.0,488.0,899514,Realty,-0.009028406363761787,-0.02400000000000002,-0.013599975585937396,-0.007940612674125935,494.81776123046876,503.392578125,484.2161458333333,473.6842987060547,463.872255859375,448.44212137858074,0
2024-07-18,479.0499877929688,486.25,473.7000122070313,482.9500122070313,1011349,Realty,-0.008075420468962813,-0.01034833564132931,-0.01409167079280993,-0.015176689798271692,489.80400390625,502.6281707763672,486.8519795735677,475.5738006591797,466.1167944335937,453.2582977294922,0
2024-07-19,480.7000122070313,495.5,468.0499877929688,478.75,1920723,Realty,0.003444367928416625,-0.008696577494299418,0.01902313624678653,-0.011927431430154067,485.2900024414063,501.709228515625,489.7775533040365,477.650651550293,468.53917114257814,457.4621083577474,1
2024-07-22,509.9500122070313,540.75,496.6000061035156,510.0,7913285,Realty,0.06084876067654932,0.06527415143603132,0.0913218970736629,0.06099779736171107,488.0000061035156,501.3237609863281,495.16904500325523,481.1450668334961,472.379189453125,461.8736989339193,1
2024-07-23,515.2999877929688,526.0,480.0,521.0,3325756,Realty,0.010491176503326427,0.021568627450980316,-0.027276930189551574,-0.03342731755837991,493.5900024414062,498.5025939941406,499.9885498046875,484.4825958251953,476.0357824707031,466.04090169270836,1
2024-07-24,518.4000244140625,535.0,510.8999938964844,516.7999877929688,1806932,Realty,0.006015984270388186,-0.008061443775491894,0.017110266159695797,0.06437498728434243,500.6800048828125,497.74888305664064,502.48838704427084,488.3321105957031,479.08343994140625,470.0068806966146,1
2024-07-25,514.6500244140625,518.9500122070312,506.2000122070313,513.9000244140625,872704,Realty,-0.007233795955620459,-0.005611384379652806,-0.029999977183119197,-0.00919941621765874,507.8000122070313,498.8020080566406,504.35211791992185,492.08898773193357,482.01904296875,473.0639973958333,0
2024-07-26,537.25,542.5,510.2999877929688,516.0,2045349,Realty,0.04391328964118468,0.004086350430381636,0.04538006983141507,0.008099516963782083,519.110009765625,502.20000610351565,507.5094889322917,497.1106674194336,485.94252319335936,476.9676442464193,1
2024-07-29,557.7999877929688,565.0,540.7000122070312,561.4000244140625,3894743,Realty,0.03825032627821079,0.08798454343810569,0.041474654377880116,0.05957284958116804,528.6800048828125,508.3400054931641,510.4425089518229,503.54678497314455,490.65205444335936,481.7626586914063,1
2024-07-30,559.0999755859375,560.8499755859375,548.2000122070312,557.7999877929688,1100756,Realty,0.0023305626056255857,-0.006412605031236196,-0.007345175954092897,0.013870907768961382,537.4400024414062,515.5150024414063,511.4817301432292,509.3514129638672,495.0740771484375,486.269819132487,1
2024-07-31,555.0999755859375,562.0999755859375,550.3499755859375,562.0999755859375,790958,Realty,-0.00715435552614363,0.007708834505325779,0.002228760015000608,0.003921859414505624,544.7799926757813,522.7299987792969,513.4259195963542,513.0612884521485,499.62168701171873,490.0328653971354,0
2024-08-01,533.2000122070312,559.5,529.6500244140625,550.0,1119041,Realty,-0.03945228669086087,-0.02152637628799825,-0.004625468242063668,-0.0376123414011903,548.489990234375,528.1450012207031,515.364668782552,515.3865859985351,503.3691882324219,493.0975341796875,0
2024-08-02,521.5,528.9500122070312,515.5499877929688,525.0,1185201,Realty,-0.021943008137982445,-0.045454545454545414,-0.05460230168537761,-0.026621421639113962,545.339990234375,532.225,516.580000813802,516.9671142578125,506.75653198242185,495.84210103352865,0
2024-08-05,500.25,518.9500122070312,497.0,501.0,1956390,Realty,-0.04074784276126553,-0.04571428571428571,-0.018905378143910467,-0.035980968348733544,533.8299926757812,531.2549987792969,516.8366678873698,516.2893798828125,509.6034265136719,497.84837748209634,0
2024-08-06,499.25,520.2999877929688,493.7999877929688,500.0,1307091,Realty,-0.001999000499750103,-0.001996007984031989,0.002601359580272966,-0.0064386563521754425,521.8599975585937,529.65,517.6300008138021,514.0762969970704,511.8531298828125,499.53839721679685,0
2024-08-07,509.6499938964844,515.25,503.0,511.6499938964844,873894,Realty,0.020831234644936192,0.023299987792968713,-0.00970591564760559,0.018631049887527285,512.7700012207031,528.7749969482422,519.409999593099,513.2619400024414,513.0030310058594,501.8130727132162,1
2024-08-08,519.7999877929688,532.4500122070312,510.6499938964844,510.75,1204913,Realty,0.019915616635023392,-0.00175900304352683,0.03338187716066221,0.01520873538068468,510.0899963378906,529.2899932861328,522.1266662597657,514.0460006713868,514.3272680664063,504.48932291666665,1
2024-08-09,519.7999877929688,544.9500122070312,515.0499877929688,544.9500122070312,1276048,Realty,0.0,0.06696037632311547,0.023476382220721348,0.008616457356457552,509.7499938964844,527.5449920654297,524.7333312988281,514.8724990844727,515.5236901855469,507.2554423014323,0
2024-08-12,514.25,528.6500244140625,511.2999877929688,516.0,742381,Realty,-0.010677160298778743,-0.053124161039623696,-0.029910977938975125,-0.007280846692316212,512.5499938964844,523.1899932861328,525.0199971516927,515.7649993896484,515.5415026855469,510.094521077474,0
2024-08-13,507.5499877929688,522.4500122070312,506.0,516.2000122070312,807329,Realty,-0.013028706284941571,0.00038762055626206937,-0.011728008929732137,-0.010365710775480874,514.2099914550781,518.0349945068359,524.503330485026,516.774998474121,514.1030358886719,512.2459401448568,0
2024-08-14,519.25,523.5999755859375,500.0,510.6499938964844,1893925,Realty,0.023051940672696114,-0.010751681866138618,0.002201097429490595,-0.011857707509881465,516.1299926757813,514.4499969482422,524.5599955240885,518.5899978637696,513.8355505371094,513.5241912841797,1
2024-08-16,586.1500244140625,604.4000244140625,522.5,523.9000244140625,6890740,Realty,0.12883971962265295,0.02594738211289216,0.1543163724133203,0.04499999999999993,529.4,519.7449981689454,529.3266621907552,523.9449996948242,517.1168005371094,516.8393900553385,1
2024-08-19,607.25,613.7999877929688,586.25,590.0,3938774,Realty,0.035997568381968215,0.12616906376338632,0.015552552943754572,0.12200956937799035,546.8900024414063,528.3199981689453,533.9933288574218,530.2724990844727,521.2759997558594,520.7514088948568,1
2024-08-20,593.5499877929688,607.25,590.4500122070312,607.25,961378,Realty,-0.022560744680166778,0.02923728813559312,-0.010671208737752624,0.007164199926705805,562.75,537.6499969482422,536.3766621907552,534.4524978637695,525.1619995117187,523.4095855712891,0
2024-08-21,594.3499755859375,616.0,588.75,598.0,1648849,Realty,0.0013478018859764962,-0.015232606010703975,0.014409221902017322,-0.002879180577330831,580.1099975585937,547.1599945068359,538.7266621907552,538.404997253418,529.4419982910156,525.1041961669922,1
2024-08-22,585.25,606.0,583.7999877929688,598.0999755859375,1431756,Realty,-0.015310803330926936,0.0001671832540761642,-0.016233766233766267,-0.008407664045912977,593.3099975585938,554.7199951171875,540.7366638183594,541.7474960327148,533.5339978027343,527.0812917073567,0
2024-08-23,586.1500244140625,603.9500122070312,582.25,587.0499877929688,1782972,Realty,0.0015378460727253351,-0.018475151720485306,-0.0033828181402124624,-0.0026549979879725294,593.3099975585938,561.3549987792969,544.2666646321615,545.3224960327149,537.8179992675781,529.8156667073567,1
2024-08-26,611.7999877929688,636.8499755859375,587.2999877929688,591.7000122070312,3281098,Realty,0.04376006535962684,0.007921002488296525,0.05447464643419586,0.008673229356751744,594.2199951171875,570.5549987792969,550.2866638183593,549.0499954223633,543.0619982910156,533.4333323160807,1
2024-08-27,607.1500244140625,627.9500122070312,602.0999755859375,615.0,1025832,Realty,-0.007600463340446839,0.039378041764880356,-0.013974976399610872,0.02520004784707397,596.9400024414062,579.8450012207031,557.4133321126302,551.517497253418,546.9499987792968,537.125,0
2024-08-28,609.25,619.0,598.8499755859375,609.0999755859375,1498738,Realty,0.003458742487845834,-0.009593535632621997,-0.01425274629038542,-0.005397774674940403,599.9200073242188,590.0150024414063,564.7466654459636,554.024998474121,550.7079992675781,541.1883331298828,1
2024-08-29,600.2000122070312,614.0999755859375,593.3499755859375,610.5,1238789,Realty,-0.014854309056986037,0.0022985133314374906,-0.007916032979099374,-0.009184270224973479,602.910009765625,598.1100036621094,570.7833333333333,556.2800003051758,553.9799987792969,545.0966664632161,0
2024-08-30,595.9000244140625,610.5,592.0,603.0,1299491,Realty,-0.007164258089827458,-0.012285012285012331,-0.005862197897830268,-0.002275175935760987,604.860009765625,599.0850036621093,575.8566691080729,559.4150009155273,557.2299987792969,548.9916676839192,0
2024-09-02,593.3499755859375,606.7000122070312,591.2000122070312,599.7999877929688,731708,Realty,-0.0042793232482788435,-0.005306819580482958,-0.006224386229269019,-0.0013513307313661738,601.1700073242188,597.6950012207031,580.7600016276042,563.0074996948242,559.4739978027344,552.7466664632161,0
2024-09-03,604.4000244140625,610.9500122070312,593.0,595.2000122070312,1048805,Realty,0.018623155444159156,-0.007669182526767959,0.007005109468416704,0.003044634228353882,600.6200073242187,598.7800048828125,586.7700032552083,568.2150009155273,561.3379992675781,555.8950002034505,1
2024-09-04,611.75,615.9500122070312,595.0999755859375,598.8499755859375,1165960,Realty,0.012160779763473739,0.00613233081997433,0.00818397561191242,0.003541274175274056,601.1200073242187,600.5200073242188,593.7166707356771,573.8400009155273,563.4440002441406,559.1100006103516,1
2024-09-05,624.5,629.5,612.5,615.0,1568744,Realty,0.02084184715978754,0.026968397883394335,0.021998518588249194,0.029238825622418085,605.9800048828125,604.4450073242188,600.7333374023438,579.5825012207031,566.2200012207031,562.6466664632161,1
2024-09-06,613.4000244140625,628.7999877929688,609.0,628.7999877929688,1015420,Realty,-0.017774180281725394,0.022439004541412677,-0.0011120130373808434,-0.005714285714285672,609.4800048828125,607.1700073242188,602.5500040690105,584.2625030517578,569.4280017089844,565.9383331298828,0
2024-09-09,608.5999755859375,615.4000244140625,594.0999755859375,615.4000244140625,841009,Realty,-0.007825315678313127,-0.02131037474402464,-0.02131037474402464,-0.0244663783482143,612.5300048828125,606.8500061035156,602.6400024414063,588.7025024414063,572.9120007324219,568.3166656494141,0
2024-09-10,609.5499877929688,625.0,605.0,611.5,1359182,Realty,0.0015609796995417202,-0.00633738098690495,0.015599569719026096,0.018347121464383553,613.5599975585938,607.0900024414062,603.7066691080729,593.4675018310547,577.2840002441407,570.0416656494141,1
2024-09-11,619.9000244140625,635.0,601.5499877929688,611.2000122070312,1472445,Realty,0.016979799570776333,-0.0004905769304476282,0.016000000000000014,-0.005702499515754078,615.1900024414062,608.1550048828125,605.4100056966146,599.0850036621093,582.1100012207031,572.0683339436849,1
2024-09-12,637.4000244140625,650.0,622.0,627.9000244140625,2218597,Realty,0.028230358623620333,0.027323317855848517,0.023622047244094446,0.03399553257753429,617.7700073242188,611.8750061035156,608.8866739908855,604.9925048828125,587.2200024414062,574.8116689046224,1
2024-09-13,645.8499755859375,660.0,632.8499755859375,641.9000244140625,1364312,Realty,0.013256904374364886,0.022296543168738303,0.01538461538461533,0.017443690652632737,624.2599975585938,616.8700012207031,612.8666707356771,607.9775024414063,592.262001953125,578.5666676839193,1
2024-09-16,647.75,659.9500122070312,640.75,650.0,990183,Realty,0.0029418974775663465,0.01261874945920316,-7.573908025571008e-05,0.0124832499309937,632.0900024414062,622.3100036621094,615.2633382161458,610.0025024414062,597.3800024414063,582.7750010172526,1
2024-09-17,649.5999755859375,663.0,643.7999877929688,647.75,1209920,Realty,0.0028560024483790247,-0.003461538461538516,0.0046215436571761526,0.004760027768971886,640.1,626.8299987792968,618.0933349609375,612.8050018310547,602.7940014648437,587.7533335367839,1
2024-09-18,663.7999877929688,680.0,647.3499755859375,649.5,2628639,Realty,0.021859625524497384,0.0027016595908915253,0.02564102564102555,0.005514115968126232,648.8799926757813,632.0349975585938,621.7300008138021,616.2775024414062,609.0440014648437,593.2383331298828,1
2024-09-19,679.0999755859375,685.0,651.0499877929688,677.0,1677286,Realty,0.023049093212307525,0.04234026173979988,0.007352941176470562,0.005715628866259426,657.2199829101562,637.4949951171875,626.9899983723958,620.9700012207031,615.4380004882812,598.8866658528646,1
2024-09-20,722.8499755859375,749.0,684.0499877929688,684.75,12652411,Realty,0.06442350400948227,0.011447562776957243,0.09343065693430663,0.050687352152280374,672.6199829101563,648.439990234375,635.4533284505209,627.8049987792969,620.9059985351563,605.6549987792969,1
2024-09-23,741.4000244140625,748.0,718.3499755859375,729.9500122070312,3673355,Realty,0.02566237733229282,0.06600951034250646,-0.001335113484646211,0.05014251649011037,691.3499877929687,661.7199951171875,645.3233317057292,634.2850006103515,626.2719995117187,613.0416666666666,1
2024-09-24,719.9000244140625,746.0,718.0,743.2999877929688,1178551,Realty,-0.028999189765325006,0.0182888901468381,-0.002673796791443861,-0.0004871937047844499,705.4099975585938,672.7549987792969,653.0233317057292,639.9225006103516,631.3260009765625,619.8966674804688,0
2024-09-25,723.1500244140625,731.0,705.5499877929688,720.25,1175370,Realty,0.0045145157518855505,-0.03101034329545671,-0.020107238605898137,-0.017339849870517066,717.2800048828125,683.0799987792968,660.45,645.6175018310547,636.4780029296875,627.0833353678386,1
2024-09-26,729.6500244140625,734.0,703.6500244140625,725.3499755859375,948837,Realty,0.008988452991157247,0.007080840799635446,0.004103967168262557,-0.0026928827323058346,727.3900146484375,692.3049987792969,667.4600016276041,652.0900024414062,642.25400390625,634.096669514974,1
2024-09-27,721.5499877929688,726.3499755859375,712.0,726.3499755859375,1089264,Realty,-0.011101262728797079,0.001378644838572196,-0.01042237658591616,0.01186665998184333,727.1300170898437,699.875,674.669999186198,658.3725006103516,647.6700024414063,638.6100016276042,0
2024-09-30,704.4000244140625,714.0,696.0,714.0,798574,Realty,-0.023768226275442728,-0.017002789290348486,-0.017002789290348486,-0.022471910112359605,719.7300170898437,705.5400024414063,681.0566691080729,663.9250030517578,651.37400390625,641.8483357747396,0
2024-10-01,727.5999755859375,734.0,701.75,704.75,911726,Realty,0.03293576145340604,-0.012955182072829086,0.028011204481792618,0.008261494252873591,721.2700073242188,713.3400024414062,688.9266682942708,670.0850006103516,656.192001953125,646.3166687011719,1
2024-10-03,701.6500244140625,725.5,700.0,714.8499755859375,894039,Realty,-0.035665134747946414,0.01433128852208232,-0.011580381471389622,-0.0024937655860348684,716.9700073242187,717.1250061035156,694.3766682942709,674.5800018310547,659.8880029296874,649.8933369954427,0
2024-10-04,721.0499877929688,728.0,670.9000244140625,701.5499877929688,1613663,Realty,0.027649059650652674,-0.018605285370636326,0.00344589937973816,-0.04157139369419638,715.25,721.3200073242188,699.9533325195313,679.4075012207031,664.722001953125,654.4200032552084,1
2024-10-07,664.5499877929688,747.7999877929688,656.0499877929688,736.2000122070312,3041207,Realty,-0.07835795153805969,0.04939067068202685,0.027197785429902144,-0.022134500045760452,703.85,715.4900085449219,701.2,681.9649993896485,667.4680004882813,657.0333353678385,0
2024-10-08,728.4000244140625,740.0,653.5,664.5499877929688,2529489,Realty,0.09608011104348302,-0.09732412826137438,-0.01043058026249688,-0.0038868803298772736,708.65,714.1900085449219,706.5766682942708,687.9550018310547,672.8700024414062,660.9200032552084,1
2024-10-09,738.6500244140625,745.75,719.2000122070312,735.7999877929688,1291075,Realty,0.014071938023677788,0.10721541089275721,0.007770270270270219,0.10053559633822684,710.860009765625,716.0650085449219,712.5133382161458,694.4100036621094,678.2400024414062,665.3033365885417,1
2024-10-10,755.2999877929688,762.0,740.0499877929688,744.0,1274664,Realty,0.022541071994296447,0.011144349474137893,0.021790144150184432,0.028990510611859532,721.5900024414062,719.2800048828125,718.6133382161458,701.1800018310547,683.982001953125,670.1716695149739,1
2024-10-11,750.2000122070312,767.0,741.7999877929688,756.2999877929688,715069,Realty,-0.006752251646183538,0.016532241657216007,0.006561679790026309,0.0023647051264996666,727.4200073242188,721.3350036621093,723.353340657552,706.8200012207031,689.0100024414063,675.1716695149739,0
2024-10-14,765.4000244140625,769.7999877929688,741.9000244140625,749.9500122070312,659909,Realty,0.020261279605040317,-0.00839610695283488,0.0036505707861391734,0.00013485659576706333,747.5900146484375,725.7200073242187,726.190010579427,712.7975036621094,695.0900024414062,680.8216695149739,1
2024-10-15,777.2000122070312,783.0,754.7000122070312,768.0499877929688,857615,Realty,0.015416759101885225,0.024134909382387937,0.017147327119185762,0.017252982034982267,757.3500122070312,733.0000061035156,728.5766764322917,719.2700042724609,701.83400390625,686.9500040690104,1
2024-10-16,779.25,796.25,765.0999755859375,781.5,958010,Realty,0.0026376579526128374,0.0175118969087944,0.01692209450830151,0.01378026131004395,765.4700073242187,738.1650085449219,732.5333414713542,725.7525054931641,708.6220043945312,692.7783365885417,1
2024-10-17,765.1500244140625,783.0999755859375,762.4500122070312,783.0,694271,Realty,-0.018094290132739776,0.0019193857965451588,-0.016514944319073743,-0.0034635517755399192,767.4400146484375,744.5150085449219,735.3333414713542,730.8200073242188,714.4320043945313,697.891670735677,0
2024-10-18,767.0499877929688,771.75,735.0,763.3499755859375,768711,Realty,0.0024831252934498504,-0.02509581662076943,-0.014493648243884993,-0.036002376244408274,770.810009765625,749.1150085449219,737.8266723632812,735.2175079345703,719.6180029296875,702.6433369954427,1
2024-10-21,734.2000122070312,776.3499755859375,725.5499877929688,770.8499755859375,576162,Realty,-0.042826381733551244,0.009825113303033817,0.005960447795189561,-0.0128571594653486,764.5700073242188,756.0800109863281,738.6700073242188,735.785009765625,723.1520043945312,706.6700032552084,0
2024-10-22,689.0499877929688,743.0999755859375,680.25,731.9000244140625,1477548,Realty,-0.061495537542065604,-0.05052857547575118,-0.04282862245845387,-0.062435378065080815,746.9400024414062,752.1450073242188,737.6466715494792,733.1675079345703,724.80400390625,709.3516703287761,0
2024-10-23,690.3499755859375,726.9000244140625,678.5499877929688,699.9500122070312,1356155,Realty,0.0018866378579187604,-0.04365351979952381,-0.021800500207393103,-0.002499099165058749,729.1599975585938,747.3150024414062,735.1633382161458,731.6900054931641,726.43400390625,712.0450032552084,1
2024-10-24,690.4500122070312,699.9000244140625,680.5,692.0,651845,Realty,0.0001449071118004852,-0.011357971381361742,-0.037144035071073334,0.002873793002891034,714.2199951171875,740.8300048828125,734.416670735677,730.0550048828125,727.5000048828125,714.396669514974,1
2024-10-25,660.5999755859375,695.4500122070312,644.0,691.0,1445881,Realty,-0.043232726617931094,-0.0014450867052022698,-0.00635806836948849,-0.05363703159441591,692.9299926757812,731.8700012207031,730.386669921875,726.6025024414063,726.7600048828125,715.1700012207032,0
2024-10-28,681.1500244140625,686.2999877929688,635.0999755859375,663.9000244140625,1231958,Realty,0.031108158624888693,-0.039218488546942876,-0.013156983612703677,-0.013819913686432428,682.3199951171875,723.4450012207031,731.493339029948,724.5825042724609,725.0920068359375,716.346669514974,1
2024-10-29,683.3499755859375,704.7000122070312,667.0499877929688,701.9500122070312,1081936,Realty,0.0032297601013335786,0.05731282782607283,0.02681046880568072,0.050307059416203614,681.1799926757812,714.0599975585938,728.4900024414062,723.5300018310547,722.7700048828125,717.5333353678385,1
2024-10-30,692.75,699.0,683.0,687.4000244140625,484206,Realty,0.013755798273062725,-0.02072795432714858,-0.008088565500629863,0.023911269768258636,681.6599975585938,705.4099975585938,725.430000813802,721.7875030517578,721.68400390625,718.971669514974,1
2024-10-31,740.7999877929688,748.9500122070312,695.0,695.0,2365311,Realty,0.06936122380796639,0.011056117713140523,0.07145924493137512,0.017569546120058455,691.7299926757812,702.9749938964844,724.4633341471355,723.7450012207031,722.3900024414063,721.5383361816406,1
2024-11-01,757.2000122070312,768.0,748.0,748.0,418727,Realty,0.022138262262830777,0.07625899280575532,0.025435593140364032,0.07625899280575532,711.05,701.9899963378906,724.930000813802,725.5525024414062,723.492001953125,724.141670735677,1
2024-11-04,727.0499877929688,759.2999877929688,716.0999755859375,757.2000122070312,875707,Realty,-0.03981778120444479,0.012299481560202219,-0.011328140894571903,-0.042647091462650444,720.2299926757812,701.2749938964844,722.3733317057291,728.6775024414062,723.712001953125,724.2816711425781,0
2024-11-05,749.5,757.9000244140625,715.0499877929688,725.5,894580,Realty,0.030878223758974865,-0.04186478036976571,-0.001843755302796013,-0.001466258663267772,733.4599975585937,707.3199951171875,720.5266642252604,729.7325012207032,725.5160009765625,724.551670328776,1
2024-11-06,766.2000122070312,770.0,741.0,757.4500122070312,869363,Realty,0.02228153730090887,0.04403861089873362,0.015965134181506357,0.03629118614088367,748.15,714.9049987792969,719.6566650390625,731.1100006103516,727.0600024414063,726.0950032552083,1
2024-11-07,748.0999755859375,779.7000122070312,744.9500122070312,769.7000122070312,660914,Realty,-0.023623122334541335,0.01617268440501629,0.012597418450689846,0.005330650751729005,749.6099975585937,720.6699951171875,718.5199951171875,730.75,728.9180004882812,726.9266682942708,0
2024-11-08,735.9000244140625,753.0,732.5,752.5999755859375,434158,Realty,-0.016307915479237378,-0.02221649519279756,-0.0342439550968503,-0.01671254715487036,745.35,728.2,716.4433308919271,730.0350006103515,729.512001953125,727.1350016276042,0
2024-11-11,733.0,750.0,719.0499877929688,728.9500122070312,589877,Realty,-0.003940785864726015,-0.031424347789133944,-0.003984063745019917,-0.01836179140891636,746.5400024414063,733.3849975585938,716.363330078125,728.4149993896484,732.2500024414062,727.5166687011719,0
2024-11-12,730.0499877929688,741.7999877929688,725.0999755859375,735.9500122070312,391162,Realty,-0.004024573270165366,0.009602853258491972,-0.010933349609374976,0.0084138625904695,742.65,738.0549987792969,719.0966634114583,726.0574981689454,732.3160009765625,728.3716674804688,0
2024-11-13,674.2000122070312,728.0,670.0499877929688,715.1500244140625,1598955,Realty,-0.07650157731634089,-0.028262772536129077,-0.018603380992263108,-0.07592054840228624,724.25,736.2,718.0199991861979,720.8049987792969,729.7380004882813,726.5916687011719,0
2024-11-14,674.9000244140625,694.9500122070312,663.0,674.2000122070312,810485,Realty,0.0010382856635373638,-0.05726072964981366,-0.04539833488045153,-0.010521584839050968,709.610009765625,729.6100036621094,716.9833333333333,716.2924987792969,726.522001953125,725.7000020345052,1
2024-11-18,651.7000122070312,681.0,650.0,678.0,940076,Realty,-0.03437547987522027,0.005636291492385537,-0.020073403787315036,-0.019607843137254943,692.7700073242188,719.0600036621094,716.3900024414063,710.525,722.582001953125,723.3883361816406,0
2024-11-19,653.4500122070312,693.5499877929688,648.5499877929688,659.9500122070312,1054520,Realty,0.0026852845898737154,-0.026622400874585228,0.018428763278955484,-0.0022307880108173306,676.860009765625,711.7000061035156,714.5433349609375,706.4875,718.1040014648438,723.0183369954427,1
2024-11-21,672.5,679.3499755859375,650.9000244140625,655.0,597989,Realty,0.029152938154560992,-0.007500586583031099,-0.020474388950995293,0.003623524270027323,665.3500122070312,704.0000061035156,713.8200032552083,705.6600006103515,713.9160009765625,721.1550028483073,1
2024-11-22,676.6500244140625,681.9500122070312,666.7999877929688,679.6500244140625,835027,Realty,0.006171040020910734,0.03763362505963741,0.003827241796617642,0.02442765829240723,665.8400146484375,695.0450073242188,712.7466715494792,704.9750030517578,709.812001953125,719.0883361816407,1
2024-11-25,673.0499877929688,699.0,667.3499755859375,690.0499877929688,786465,Realty,-0.00532038201611118,0.015301939241262108,0.025001814631235186,0.0008248167412077123,665.4700073242187,687.5400085449219,708.2300048828125,704.1050018310547,706.1280004882813,716.346669514974,0
2024-11-26,662.0499877929688,679.7999877929688,657.5499877929688,679.7999877929688,955929,Realty,-0.01634351117971289,-0.01485399635000828,-0.0274678286223623,-0.014684930173803235,667.5400024414063,680.1550048828125,701.886669921875,704.1775024414062,701.9280004882812,713.4083353678385,0
2024-11-27,671.4500122070312,675.9000244140625,656.9500122070312,664.0,529707,Realty,0.014198360527728049,-0.02324211249880248,-0.005736927697759797,-0.0009124410266529992,671.1400024414063,674.0000061035156,698.1800048828125,703.6925018310546,699.4180004882812,710.2766682942708,1
2024-11-28,667.75,680.0,658.0,672.0,1181883,Realty,-0.005510480511973559,0.012048192771084265,0.006065949752689814,0.0015982765407696053,670.1900024414062,667.7700073242188,692.7300048828125,702.9125030517578,698.5660009765625,706.6283345540364,0
2024-11-29,673.4500122070312,679.5,660.0499877929688,669.7000122070312,1357675,Realty,0.0085361470715557,-0.003422600882393989,-0.0007352941176470562,0.0031154829680375418,669.55,667.6950073242188,686.5466715494791,701.9475036621094,697.8900024414063,703.1016682942708,1
2024-12-02,710.5,714.6500244140625,674.25,679.4500122070312,1764989,Realty,0.055015201011799686,0.01455875738730894,0.051729248585816734,0.021513540594875646,677.0400024414063,671.2550048828125,684.0400065104167,700.432504272461,698.692001953125,701.2800008138021,1
2024-12-03,715.6500244140625,729.9500122070312,707.0499877929688,719.7000122070312,1211813,Realty,0.0072484509698276245,0.05923908937650535,0.021409063555987595,0.048646626315118624,687.760009765625,677.6500061035156,682.6900065104167,698.3550048828125,700.89400390625,699.5666687011719,1
2024-12-04,722.25,730.0,712.4500122070312,718.3499755859375,881403,Realty,0.009222350815038638,-0.001875832427671864,6.848111806667667e-05,0.007637401184205528,697.9200073242188,684.5300048828125,681.97333984375,698.1150054931641,702.5380029296875,699.1683349609375,1
2024-12-05,729.9500122070312,737.2000122070312,717.2000122070312,725.9500122070312,1135756,Realty,0.010661145319530885,0.01057985227172109,0.009863030420590668,0.006667134421523002,710.360009765625,690.2750061035156,681.9666748046875,697.1375061035156,704.4020043945312,700.531669108073,1
2024-12-06,740.0999755859375,746.5499877929688,724.0,730.0499877929688,1311030,Realty,0.013905011588694283,0.005647738159646476,0.012683092011821273,0.00948129904800643,723.6900024414062,696.6200012207031,686.3600056966146,695.8325042724609,706.2960034179688,702.1900024414062,1
2024-12-09,740.1500244140625,742.9000244140625,732.8499755859375,742.9000244140625,620508,Realty,6.762441531682484e-05,0.017601584598256004,-0.004889107814061711,0.012223723184996649,729.6200073242187,703.3300048828125,690.7100056966145,695.4350067138672,706.2700048828125,703.846669514974,1
2024-12-10,737.9500122070312,758.4000244140625,733.4000244140625,747.0,899909,Realty,-0.0029723868600461945,0.0055188793258840185,0.020864180226976226,0.0007505612969218589,734.0800048828125,710.9200073242188,696.4600056966145,695.5375061035156,705.5000048828125,706.4250040690105,0
2024-12-11,727.0499877929688,739.7999877929688,725.0,739.0,432530,Realty,-0.014770681257207596,-0.010709504685408322,-0.02452536395349414,-0.011453537134490266,735.0400024414063,716.4800048828125,701.3666707356771,695.2400054931641,705.5000048828125,707.9550028483073,0
2024-12-12,752.7999877929688,758.2000122070312,724.75,728.5,1635707,Realty,0.03541709708044505,-0.01420838971583216,0.024871620326671007,-0.00034482758620690834,739.6099975585937,724.9850036621094,706.7200032552083,696.3775054931641,705.6320043945312,710.2700032552083,1
2024-12-13,759.4500122070312,764.1500244140625,733.4000244140625,750.0,915682,Realty,0.00883372014066941,0.02951269732326689,0.007847549605956239,0.011935183737926902,743.4800048828125,733.5850036621093,712.2400024414062,700.640005493164,705.3620043945313,712.4933369954427,1
2024-12-16,787.2000122070312,790.0,758.0499877929688,759.4500122070312,1608452,Realty,0.03653960043973914,0.01260001627604157,0.03382840379513019,0.033610529804113165,752.8900024414063,741.2550048828125,719.8500040690104,706.2550048828125,706.926005859375,714.0400044759115,1
2024-12-17,806.0999755859375,844.0,791.0499877929688,793.5999755859375,5968706,Realty,0.024009099448458304,0.04496670331160213,0.06835443037974676,0.04353274920045602,766.5199951171875,750.3,729.4533365885417,713.9750030517578,709.73400390625,715.6700032552084,1
2024-12-18,800.0999755859375,811.5999755859375,786.0499877929688,805.0,1184390,Realty,-0.007443245480362015,0.014364950560445289,-0.038388654519031395,-0.006320713073961315,781.1299926757813,758.0849975585937,738.0300008138021,721.3075012207031,712.4180029296875,718.1050028483073,0
2024-12-19,837.6500244140625,840.9000244140625,772.7999877929688,780.0,2090072,Realty,0.04693169600539737,-0.03105590062111796,0.0361015890950116,-0.016856434330853043,798.1,768.8549987792969,749.3566691080729,729.5650024414062,716.7220043945313,721.0433369954427,1
2024-12-20,847.2999877929688,874.0,831.9000244140625,850.0,4394440,Realty,0.011520280663343208,0.08974358974358965,0.03936255752757467,0.07647520387503737,815.6699951171875,779.575,760.9466674804687,738.0975006103515,723.6460034179687,723.746669514974,1
2024-12-23,830.8499755859375,874.0,827.0499877929688,858.8499755859375,2125672,Realty,-0.019414625804350494,0.010411735983455905,0.0,-0.005830071497485267,824.3999877929688,788.6449951171875,768.9699991861979,745.9875,729.8840014648438,726.5050028483073,0
2024-12-24,821.0999755859375,839.2000122070312,816.3499755859375,835.0999755859375,652188,Realty,-0.011734970556054991,-0.027653258048702778,-0.03981691967158896,-0.012937564071048291,827.3999877929688,796.9599914550781,775.9999959309896,753.9399993896484,736.66,729.3450012207031,0
2024-12-26,818.9000244140625,832.0499877929688,802.1500244140625,824.0,685239,Realty,-0.0026792732155486165,-0.01329179249244894,-0.008520048033910821,-0.017394440615598694,831.1599975585938,806.1449951171875,782.4433308919271,761.3125,743.2780004882812,732.2083353678386,0
2024-12-27,824.1500244140625,831.25,816.3499755859375,822.9000244140625,579854,Realty,0.006411039007791608,-0.0013349218275940933,-0.000961466023322366,0.017702363323179426,828.4599975585937,813.2799987792969,788.7233317057292,769.1325012207031,749.3440014648437,735.3450032552083,1
2024-12-30,844.4500122070312,880.0,812.0,827.2999877929688,979487,Realty,0.024631422910411427,0.005346899074452294,0.05864661654135328,-0.005328567055833289,827.8900024414063,821.7799987792969,795.680000813802,777.6825012207031,756.0560009765625,741.0200032552083,1
2024-12-31,855.3499755859375,864.0,828.0,850.0,1145593,Realty,0.012907766263651865,0.0274386710286183,-0.018181818181818188,0.019704433497536922,832.7900024414063,828.5949951171875,803.3599975585937,784.925,763.3480004882813,747.0350016276042,1
2025-01-01,856.1500244140625,865.0,850.1500244140625,858.0,509196,Realty,0.0009353467597599252,0.009411764705882453,0.0011574074074074403,0.02675123721505135,839.8000122070313,833.6,811.2399983723958,791.95,771.112001953125,753.8500020345052,1
2025-01-02,869.4000244140625,892.9000244140625,852.1500244140625,858.5,2056138,Realty,0.01547625955984544,0.0005827505827504798,0.03225436348446542,0.002352525957260765,849.9000122070313,840.5300048828125,820.7300008138021,799.3075012207031,779.0300024414063,761.0483357747396,1
2025-01-03,879.0999755859375,889.9000244140625,868.0999755859375,870.4000244140625,955371,Realty,0.011157063376450171,0.013861414576659792,-0.0033598386358748566,0.018717304130622114,860.8900024414063,844.675,829.15,806.7649993896484,787.4840014648438,767.9350016276042,1
2025-01-06,856.1500244140625,880.25,851.0,879.0999755859375,1118027,Realty,-0.02610619020502014,0.009995348032913576,-0.010843942183748512,-0.019698163883020037,863.2300048828125,845.5600036621094,835.5966674804688,812.5675018310546,794.792001953125,773.9183349609375,0
2025-01-07,884.6500244140625,889.5999755859375,849.0499877929688,853.2999877929688,1292689,Realty,0.03328855829853539,-0.029348183948899043,0.010621954655992694,-0.0022914362009768263,869.0900146484375,850.9400085449219,842.0933349609375,819.7925018310547,801.7580029296874,780.971669514974,1
2025-01-08,935.5499877929688,947.9000244140624,885.0,890.0,6513726,Realty,0.05753683600768489,0.04300950747925669,0.06553512862871358,0.04234145541946255,884.9700073242187,862.385009765625,850.7233357747396,829.6725006103516,810.5540014648437,790.0883361816407,1
2025-01-09,905.1500244140624,936.0,896.5,935.5499877929688,1544009,Realty,-0.03249421599654134,0.051179761565133486,-0.012554092317297205,0.012994350282485856,892.1200073242187,871.010009765625,857.7266723632813,838.5775024414063,817.8700024414062,797.8783365885416,0
