Date,Close,High,Low,Open,Volume,Sector,return_ratio,pct_change_open,pct_change_high,pct_change_low,ma_5,ma_10,ma_15,ma_20,ma_25,ma_30,up_or_down
2022-01-10,297.083251953125,304.2117567537347,281.8585021337427,288.0192090885936,2371310,Financial Services,0.0,0.0,0.0,0.0,0.0,0.0,0.0,0.0,0.0,0.0,0
2022-01-11,295.5253601074219,302.48861739429805,292.2207634289044,297.2720812573976,756918,Financial Services,-0.0052439571583420275,0.032125885624378014,-0.005664276022151027,0.03676405436315244,0.0,0.0,0.0,0.0,0.0,0.0,0
2022-01-12,291.9611511230469,299.72695984671986,288.0192216935136,297.74419588117365,323374,Financial Services,-0.012060585876892072,0.0015881566199527075,-0.009129789978107872,-0.01437797125053708,0.0,0.0,0.0,0.0,0.0,0.0,0
2022-01-13,292.6455993652344,296.422280608528,289.76586262894824,294.3214959041877,706424,Financial Services,0.0023443127263840235,-0.01149543811208964,-0.011025632261715379,0.006064320725417627,0.0,0.0,0.0,0.0,0.0,0.0,1
2022-01-14,294.08544921875,296.94155860633896,291.06409274080033,294.53393587288497,332906,Financial Services,0.0049201144887836,0.0007217956270730852,0.0017518183746003668,0.004480272797056539,294.2601623535156,0.0,0.0,0.0,0.0,0.0,1
2022-01-17,292.2207336425781,301.2139507810975,290.85167506122315,296.70554296342544,538240,Financial Services,-0.006340727095222043,0.0073730284563124915,0.014387989996450745,-0.000729796924027859,293.28765869140625,0.0,0.0,0.0,0.0,0.0,0
2022-01-18,289.6242370605469,297.43724046380675,287.9719390496065,295.5253013853339,309228,Financial Services,-0.008885394782449207,-0.003977821129674819,-0.012538298134920689,-0.009901046679585024,292.10743408203126,0.0,0.0,0.0,0.0,0.0,0
2022-01-19,290.7427978515625,295.57384739621625,285.43581302993573,291.7661327759752,290090,Financial Services,0.003862110444789124,-0.012720293632175639,-0.00626482771520076,-0.008806851209325228,291.8637634277344,0.0,0.0,0.0,0.0,0.0,1
2022-01-20,287.9822082519531,298.1440639935426,286.88749611752644,288.00600065802735,619948,Financial Services,-0.009494954372072817,-0.012887486570742568,0.008695683396782394,0.005085847750430972,290.93108520507815,0.0,0.0,0.0,0.0,0.0,0
2022-01-21,287.0540771484375,295.5262655025995,283.65094960331857,283.67474200981866,425302,Financial Services,-0.0032228765420939665,-0.015038779186241857,-0.008780313972643228,-0.01128158793258105,289.5248107910156,291.8924865722656,0.0,0.0,0.0,0.0,0
2022-01-24,276.08306884765625,289.52905946757164,271.77559801669673,287.91079838081663,635224,Financial Services,-0.0382193083957072,0.014932793596587945,-0.02029330971590093,-0.04186607378973817,286.2972778320312,289.79246826171874,0.0,0.0,0.0,0.0,0
2022-01-25,281.98504638671875,285.95933654523725,273.3224905918087,276.0592852298633,300554,Financial Services,0.021377542504496194,-0.04116383691617387,-0.012329411524007017,0.005691800832747784,284.7694396972656,288.4384368896484,0.0,0.0,0.0,0.0,1
2022-01-27,282.5800476074219,285.1026529166056,277.3920244399678,280.81897365742446,99246,Financial Services,0.0021100452961151372,0.01724154441535264,-0.0029958232487929948,0.014889129099283638,283.1368896484375,287.5003265380859,0.0,0.0,0.0,0.0,1
2022-01-28,282.8180236816406,290.7904265751918,280.8189675937429,284.10313324175763,197942,Financial Services,0.0008421545549082143,0.011694934788628597,0.01994991488293829,0.012354151712522299,282.104052734375,286.51756896972654,0.0,0.0,0.0,0.0,1
2022-01-31,278.2011108398437,287.4824139388633,276.5352359246351,285.411981021611,400862,Financial Services,-0.016324676842357277,0.004606945952755792,-0.011375933779144254,-0.015254424249949605,280.3334594726563,284.92913513183595,288.0394775390625,0.0,0.0,0.0,0
2022-02-01,280.3905334472656,284.6266269739553,276.05927030918747,280.3429486415714,280718,Financial Services,0.007869927624704287,-0.017760405018371506,-0.00993377969031295,-0.001721175292024535,281.1949523925781,283.74611511230466,286.9266296386719,0.0,0.0,0.0,1
2022-02-02,282.4610290527344,286.0545538273089,280.39056684844246,281.3424954801473,135506,Financial Services,0.007384327780303401,0.00356544312392848,0.005016842129405674,0.01568973407197638,281.29014892578124,283.02979431152346,286.05567423502606,0.0,0.0,0.0,1
2022-02-03,279.3910522460937,283.65093866540866,279.0816638218509,280.4619719523181,81012,Financial Services,-0.010868673873122292,-0.0031297210409912957,-0.00840264603286578,-0.004668142160784816,280.6523498535156,281.8946197509766,285.21766764322916,0.0,0.0,0.0,0
2022-02-04,279.6290283203125,280.8427314841874,273.20351022273934,279.86701047207447,133472,Financial Services,0.0008517669850400811,-0.002121362393988968,-0.009900221710648971,-0.02106248586386461,280.01455078125,281.0593017578125,284.3498962402344,0.0,0.0,0.0,1
2022-02-07,277.6776123046875,280.6523894803438,276.0593219009071,279.3910723376422,75282,Financial Services,-0.006978588837313615,-0.0017005867666556318,-0.0006777530001852439,0.010453056316295006,279.90985107421875,280.1216552734375,283.25604044596355,286.00707092285154,0.0,0.0,0
2022-02-08,277.55859375,280.81893759164694,271.3710578369637,277.4871874846274,205576,Financial Services,-0.0004286213558941654,-0.006814408338409517,0.0005934320089400202,-0.01698281380849831,279.3434631347656,280.2692077636719,282.278564453125,285.0308380126953,0.0,0.0,0
2022-02-09,276.9397888183594,281.2948733508654,271.29962404398185,278.91505208732167,268250,Financial Services,-0.0022294569347688364,0.005145695610805134,0.001694813616560653,-0.0002632329090331842,278.2392150878906,279.7646820068359,281.4329345703125,284.1015594482422,0.0,0.0,0
2022-02-10,288.2915954589844,289.2673165083417,277.08264149324805,277.4871995464636,386812,Financial Services,0.040990161395950464,-0.005119309733097599,0.02834194261170242,0.021315980328556083,280.0193237304687,280.33583679199216,281.26952107747394,283.91808166503904,0.0,0.0,1
2022-02-11,281.6756591796875,292.14687349157595,261.78035779721046,291.74231546792936,372652,Financial Services,-0.022948765706345853,0.051372156786925194,0.00995465722845057,-0.055226424916302363,280.42864990234375,280.2216003417969,280.8490844726563,283.36958465576174,0.0,0.0,0
2022-02-14,270.680908203125,278.8912925292715,263.9222092085918,273.86987488194234,463182,Financial Services,-0.039033372669055155,-0.06126105003767168,-0.04537300298264768,0.00818186448137026,279.02930908203126,279.469580078125,279.7575398763021,282.1993576049805,284.6115185546875,0.0,0
2022-02-15,278.9864807128906,281.9612575308197,265.2311010865642,269.395788631665,589824,Financial Services,0.030683998235786047,-0.01633654030844378,0.011007747763319031,0.004959385122977222,279.31488647460935,279.3291748046875,279.9511006673177,281.5376449584961,283.8876477050781,0.0,1
2022-02-16,272.1325988769531,281.53289415954134,271.347246131856,278.43912609185406,127772,Financial Services,-0.024567075144372064,0.033568963739643465,-0.0015192277656498332,0.023059682745484977,278.35344848632815,278.29633178710935,279.2942708333333,280.6630630493164,282.9519372558594,0.0,0
2022-02-17,272.6560974121094,275.1073248157225,267.4918971391627,272.7275036667976,268090,Financial Services,0.001923689176955179,-0.02051300226812336,-0.022823511842198996,-0.014208174387809747,275.2263488769531,277.6228363037109,278.63267415364584,279.75872802734375,282.1797351074219,0.0,1
2022-02-18,269.490966796875,272.8703013847183,266.6351812689333,269.91931719573466,220862,Financial Services,-0.011608508466437906,-0.010296675008230172,-0.008131457177676604,-0.0032027731658117453,272.78941040039064,276.60903015136716,277.74420369466145,278.8341659545898,281.2535498046875,0.0,0
2022-02-21,268.0631103515625,270.4191395414327,264.6361614436201,266.44482004625297,162778,Financial Services,-0.005298346220223182,-0.012872354544977371,-0.008982882456782026,-0.007497209542265737,272.26585083007814,275.6475799560547,277.06833699544273,277.8846176147461,280.21265625,282.5539072672526,0
2022-02-22,266.7541809082031,268.44384825644414,259.9240762039703,261.82793328380325,283830,Financial Services,-0.004882915227099827,-0.017327740736893582,-0.007304554286868048,-0.01780590080337041,269.81939086914065,274.567138671875,276.15924682617185,277.4181732177734,279.193994140625,281.5429382324219,0
2022-02-23,266.9683837890625,272.4419731631785,264.82654446875625,265.1596962336932,42428,Financial Services,0.0008029972768563987,0.012725009543876897,0.014893710296221663,0.018861154904860955,268.7865478515625,273.5699981689453,275.12640380859375,276.66734008789064,278.28776000976563,280.5910390218099,1
2022-02-24,262.4466857910156,264.9454979770814,257.9964028483584,262.1848822263204,318228,Financial Services,-0.01693720407589372,-0.011218952388416525,-0.027515859979501345,-0.025791000800539643,266.7446655273437,270.9855072021484,273.9967793782552,275.6606719970703,277.1559155273437,279.6072235107422,0
2022-02-25,266.4447937011719,268.8722289191203,264.1601710052909,264.1601710052909,256258,Financial Services,0.015233981325029733,0.0075339537588801075,0.014820900796655767,0.023890907349415125,266.13543090820315,269.46242065429686,273.1178304036458,274.8420104980469,276.2944189453125,278.7338633219401,1
2022-02-28,266.0640563964844,267.2301747972422,263.7080271889444,266.4448220445433,55580,Financial Services,-0.001428953815905687,0.00864873395015553,-0.0061071912427668185,-0.001711627512299918,265.7356201171875,269.0007354736328,272.343593343099,274.2351577758789,275.4548181152344,277.79981689453126,0
2022-03-02,264.493408203125,268.9198710672168,262.779919027936,263.7318477750766,79588,Financial Services,-0.005903270868797161,-0.010182124196105313,0.0063229995312339415,-0.003519453582440435,265.28346557617186,267.5514282226562,271.4725809733073,273.4403015136719,274.9912316894531,276.8755727132162,0
2022-03-03,267.6347351074219,269.82418844069167,264.16020133243995,264.16020133243995,75794,Financial Services,0.011876768217544464,0.0016242011003870793,0.0033627763165513525,0.005252617131513926,265.41673583984374,267.1016418457031,270.8522440592448,272.69898681640626,274.41721923828123,276.14258931477866,1
2022-03-04,265.0645446777344,268.7532682029556,263.6842365125901,263.6842365125901,60008,Financial Services,-0.009603351480725775,-0.00180180366856586,-0.003968955651918682,-0.00180180366856586,265.9403076171875,266.3424865722656,269.30377400716145,271.98266143798827,273.71659912109374,275.2866475423177,0
2022-03-07,266.1354675292969,267.1111885985802,262.73231093947743,264.1602039337137,71920,Financial Services,0.004040234248848806,0.001805065890243096,-0.006109989342102939,-0.0036100966280826485,265.8784423828125,266.00693664550784,268.26776123046875,271.3079833984375,273.049296875,274.5584228515625,1
2022-03-08,277.7965393066406,286.43527280153626,264.6837013009104,264.6837013009104,443976,Financial Services,0.04381630109508072,0.0019817419861170027,0.07234472020562444,0.007427294931693806,268.2249389648438,266.98027954101565,268.7421366373698,271.31392974853514,273.0331140136719,274.2498382568359,1
2022-03-09,278.2011108398437,281.05689640877284,272.44195489605795,281.05689640877284,217100,Financial Services,0.001456359154843545,0.06185947614979237,-0.01877693462875274,0.02931141417856864,270.96647949218743,268.1249725341797,268.6897786458333,271.34605560302737,272.945537109375,274.3204396565755,1
2022-03-10,275.1549072265625,280.8188931319873,271.2996086190386,280.6999020755755,157414,Financial Services,-0.010949645758369542,-0.0012701852819086978,-0.0008468152883870372,-0.004192989576275674,272.47051391601565,268.94362487792966,268.8912658691406,271.2568115234375,272.6532922363281,274.092768351237,0
2022-03-11,272.6560974121094,277.96311019443243,271.65658414978134,276.05925327529246,275894,Financial Services,-0.009081465562944202,-0.016532420446066176,-0.010169482920839745,0.0013157981781093397,273.98882446289065,269.9645660400391,268.8912658691406,270.47503662109375,272.38389404296873,273.7619700113932,0
2022-03-14,270.5619201660156,274.8455989930068,266.8969891372564,270.8236947286649,150620,Financial Services,-0.007680654369993767,-0.018965343434463766,-0.01121555734228541,-0.017520631894203054,274.8741149902344,270.37627868652345,268.96266276041666,269.91934967041016,272.0212097167969,273.3534332275391,0
2022-03-15,268.5628662109375,272.9179513372834,267.9679108139261,271.2996610371899,40832,Financial Services,-0.007388526640598636,0.001757476608543529,-0.007013565662997712,0.004012490662151924,273.0273803710937,270.62615966796875,268.99597981770836,269.8134475708008,271.65661987304685,273.03215840657555,0
2022-03-16,273.1321105957031,274.5124187296944,270.91889396085605,274.5124187296944,47898,Financial Services,0.017013686401368577,0.011842099913512705,0.0058422957691064425,0.0110124497293973,272.0135803222656,271.4900299072266,269.4211751302083,269.5207290649414,271.479560546875,272.7902109781901,1
2022-03-17,271.3234558105469,276.2972887830754,270.1097526001641,275.94031554175353,87340,Financial Services,-0.006621904620484065,0.005201574554137611,0.006501964689395345,-0.0029866553375523797,271.2472900390625,271.85890197753906,269.711513264974,269.4802719116211,271.2549072265625,272.41895853678386,0
2022-03-21,274.2506103515625,275.345322331187,269.46717538478725,272.25155466454447,88092,Financial Services,0.010788431587203107,-0.013367966438564527,-0.0034454426103174285,-0.002378948591049257,271.5661926269531,272.7775085449219,270.4984415690104,269.55999755859375,270.6932678222656,272.2476104736328,1
2022-03-22,279.2482604980469,280.46196365240525,275.10736527974586,276.3924746992952,148862,Financial Services,0.018222931719560798,0.015209904089814819,0.01858263390094539,0.020930897749993793,273.3034606933594,274.0887878417969,271.3520060221354,270.04786224365233,270.596171875,272.23491821289065,1
2022-03-23,280.0335693359375,283.6985000604061,277.01120781250034,280.81892200923573,154590,Financial Services,0.002812224636565386,0.016015078973319996,0.01154001906658575,0.006920361913315354,275.59760131835935,274.31249084472654,272.28330688476564,270.6463851928711,270.9702783203125,272.3134501139323,1
2022-03-24,281.5566711425781,281.98505062563066,278.43911083986666,278.43911083986666,58474,Financial Services,0.005438997225412967,-0.008474539936061731,-0.0060396845045377345,0.005154676009834214,277.2825134277344,274.648046875,273.4208577473958,271.38650970458986,271.0730859375,272.44671936035155,1
2022-03-25,282.7228088378906,284.5314674614223,281.2949158639619,282.2468445132477,92896,Financial Services,0.004141751252350723,0.013675283123464999,0.009030325650746462,0.010256479470434732,279.5623840332031,275.4048370361328,274.4267293294271,272.1742309570312,271.4966943359375,272.6394866943359,1
2022-03-28,282.6275634765625,283.86508794654577,280.36673330796754,282.93695185669634,44552,Financial Services,-0.0003368860182155764,0.002445048923890525,-0.00234202396248806,-0.0032996776822060703,281.23777465820314,276.4019836425781,275.59759724934895,273.1832748413086,271.89555297851564,272.4506856282552,0
2022-03-29,283.2701416015625,285.1025923864965,280.1287600481073,283.19873534217936,319746,Financial Services,0.0022735861891731712,0.0009252361127281006,0.004359480938296079,-0.0008487927831253295,282.0421508789062,277.6728057861328,276.7399088541667,274.0245422363281,272.4467199707031,272.5038350423177,1
2022-03-30,288.6723327636719,296.52574330052363,286.53049352634866,287.8631876861279,462828,Financial Services,0.019070810398746252,0.01647059736447143,0.04006680829664799,0.022852824812211292,283.7699035644531,279.6837524414062,277.4649617513021,275.1549560546875,273.2710888671875,273.1035491943359,1
2022-03-31,288.5771484375,291.4805480893579,287.00647206219605,290.33822215247034,127370,Financial Services,-0.0003297313783438005,0.008597954070602043,-0.017014358197063872,0.001661179339027763,285.1739990234375,281.22825622558594,278.1566975911458,276.35914306640626,274.14400756835937,273.42323811848956,0
2022-04-01,289.5766906738281,293.66997201853206,288.05359910932594,293.66997201853206,65534,Financial Services,0.0034636915699670645,0.011475409063819608,0.007511389502749877,0.003648444021509656,286.544775390625,283.05357971191404,279.11814982096354,277.45624084472655,275.04833984375,274.0047078450521,1
2022-04-04,292.4800720214844,294.26493820550485,288.4343753377047,290.3382326006598,179876,Financial Services,0.010026295075409086,-0.01134518246782823,0.0020259687528938475,0.0013218936668597525,288.51527709960936,284.87652587890625,280.4397481282552,278.82701721191404,276.24967529296873,274.66550699869794,1
2022-04-05,291.43292236328125,294.6218888442425,290.93316568019907,292.7180317273169,74200,Financial Services,-0.003580242752833418,0.00819664398085096,0.001213024701190779,0.008663288970216287,290.1478332519531,286.09499206542966,281.8311482747396,280.0918899536133,277.24920043945315,275.39690551757815,0
2022-04-06,295.6928100585937,302.7132832149145,290.83796857428143,291.29014045208754,164870,Financial Services,0.014617043471850222,-0.00487804344270637,0.027463656561341532,-0.00032721297241955494,291.5519287109375,287.6609161376953,283.6398111979167,280.98670349121096,278.4343505859375,276.3178955078125,1
2022-04-07,290.2430114746094,297.47767432428685,288.4343530248285,295.0978529296925,207594,Financial Services,-0.018430609059802316,0.013071889325520392,-0.01729560340076175,-0.008264448968735794,291.8851013183594,288.52955017089846,284.78053792317706,281.5887985229492,279.4643347167969,277.1008565266927,0
2022-04-08,290.7666015625,295.9545949856139,289.86225777516324,289.86225777516324,82510,Financial Services,0.0018039713867026297,-0.01774189511225166,-0.005119978640859668,0.0049505363538018266,292.1230834960937,289.33392944335935,286.076747639974,282.36938323974607,280.389609375,277.894130452474,1
2022-04-11,290.3382263183594,291.6233357531584,288.55336017295963,290.81419062379933,71306,Financial Services,-0.001473261515726576,0.0032840869174988185,-0.014634877463774454,-0.0045155847893066925,291.69471435546876,290.10499572753906,287.1492553710938,283.2534896850586,281.400556640625,278.8238484700521,0
2022-04-12,291.5995483398437,295.2882717701499,290.3382312886133,294.1459457973165,230386,Financial Services,0.004344319511345507,0.011456645792870424,0.012567361962053658,0.006185584235040009,291.72803955078126,290.93793640136715,287.97267456054686,284.30537109375,282.4191198730469,279.66234029134114,1
2022-04-13,317.06365966796875,343.33686824053063,311.7566456072556,311.7566456072556,6920842,Financial Services,0.08732561992327925,0.05987061885963896,0.16271759180392165,0.07377056140206051,296.00220947265626,293.7770690917968,290.44134724934895,286.73041076660155,283.9898046875,281.36232706705727,1
2022-04-18,332.7942199707031,336.5067354284023,309.85273658258825,315.0883434987303,2348282,Financial Services,0.0496132553292532,0.010686854437328863,-0.019893385895695226,-0.0061070358932007185,304.512451171875,298.19877624511713,293.8571838378906,289.71351623535156,286.17352905273435,283.63902079264324,1
2022-04-19,314.4696350097656,337.1731390987078,311.28066822547885,336.50677742417975,628184,Financial Services,-0.05506281017305725,0.06797596409825846,0.001980357598064364,0.004608420305205252,309.2530578613281,300.6880706787109,295.9736389160156,291.8708251953125,287.7461181640625,285.20018412272134,0
2022-04-20,313.3273010253906,326.03555397587536,310.42393034013446,317.46819635315165,291438,Financial Services,-0.0036325732509580044,-0.056577110323781765,-0.03303224317513587,-0.0027523003282805547,313.8508728027344,302.7727935791015,298.0202880859375,293.8246597290039,289.37296630859373,286.80894266764324,0
2022-04-21,309.0912170410156,319.2292504601362,308.02029740412496,315.1835540541049,194268,Financial Services,-0.013519677252866402,-0.007196444636946686,-0.020875954885100634,-0.00774306585634621,317.3492065429688,304.53862304687493,299.7416931152344,295.31680755615236,290.91413818359376,288.2408009847005,0
2022-04-22,310.8522644042969,317.9441439050353,306.52100101024354,306.9969652975266,267286,Financial Services,0.005697500498849761,-0.02597403529237763,-0.00402565414431344,-0.004867524661578804,316.1069274902344,306.0545684814453,301.22035522460936,296.8577423095703,292.6057141113281,289.3426584879557,1
2022-04-25,305.4976806640625,311.59004707072813,303.7366359580216,310.7332880725335,134450,Financial Services,-0.017225493758250887,0.012170552798089984,-0.019984946903771283,-0.009083766016178663,310.6476196289062,307.5800354003906,302.3483907063802,298.0547927856445,293.9003369140625,290.25254414876304,0
2022-04-26,304.92657470703125,313.0417611245478,302.28494930451177,308.9008654387548,273614,Financial Services,-0.00186942812721147,-0.005897091506176122,0.004659051428206107,-0.00477942559984923,308.7390075683594,308.99603271484375,303.37171630859376,299.16498107910155,295.24446166992186,291.24493306477865,0
2022-04-27,318.2535400390625,321.2759017164694,297.2397046250891,304.54574499204887,357266,Financial Services,0.043705489903054895,-0.014098764147261411,0.02630364895195414,-0.016690360175161345,309.72425537109376,311.7875640869141,305.08994750976564,300.94627990722654,297.00457885742185,292.7648478190104,1
2022-04-28,311.3996276855469,321.2520940124186,306.85417465821484,319.8479935876003,175984,Financial Services,-0.02153601293067897,0.050246141498220265,-7.410360977466723e-05,0.03234584708409871,310.1859375,313.7675720214844,306.4210611979167,302.3527542114258,298.2906335449219,294.1261047363281,0
2022-04-29,308.7104187011719,317.01600115190604,305.8784544910874,309.6147624484528,136820,Financial Services,-0.008635877327029418,-0.03199404512238968,-0.013186195325932348,-0.003179751972461342,309.757568359375,312.9322479248047,307.2889017740885,303.35465850830076,299.4377075195313,295.4643564860026,0
2022-05-02,308.1393127441406,315.0883802039445,302.78471413795575,309.37680835734733,527286,Financial Services,-0.0018499730570612494,-0.0007685489193851591,-0.006080516254565627,-0.01011428006029036,310.2858947753906,310.4667572021484,308.48198852539065,304.3327667236328,300.5010131835937,296.6312632242838,0
2022-05-04,305.926025390625,314.13640880250875,305.1168803457201,314.13640880250875,90122,Financial Services,-0.007182749042324854,0.015384477170194977,-0.0030212837452766594,0.00770239083701485,310.48578491210935,309.6123962402344,309.49261678059895,305.15023345947264,301.4291418457031,297.78468221028646,0
2022-05-05,303.23681640625,313.32726446115913,300.3334460598074,305.56905288493874,97090,Financial Services,-0.008790389705946922,-0.02727272508853351,-0.0025757738316105616,-0.01567738330469537,307.48244018554686,308.6033477783203,310.35252278645834,305.6880706787109,302.2535119628906,298.750889078776,0
2022-05-06,299.6433410644531,302.23735249836955,291.3853714786183,298.9056021558678,151916,Financial Services,-0.011850392654771391,-0.02180669366272514,-0.03539402158909255,-0.029793799853404246,305.1311828613281,307.65856018066404,310.88877563476564,306.09859161376954,302.90843994140624,299.43072509765625,0
2022-05-09,297.7632141113281,302.68946137912945,293.6699333062109,295.62137505155835,154424,Financial Services,-0.006274549424145515,-0.010987506024048632,0.0014958736139747408,0.007840344956233425,302.9417419433594,306.3496551513672,309.6020792643229,306.2021118164063,303.2720751953125,300.02171325683594,0
2022-05-10,299.2149658203125,302.0231377318716,296.7637380796252,298.90557740818707,97804,Financial Services,0.00487552404119862,0.01110948880491458,-0.0022013440581046817,0.010534972847180857,301.15687255859376,305.7213836669922,307.36346232096355,306.6507095336914,303.697587890625,300.6103230794271,1
2022-05-11,295.1454772949219,299.85753590798487,290.10026688240754,296.57337032305514,113030,Financial Services,-0.013600551410367867,-0.007802487679736569,-0.007170317612584021,-0.02245379182893903,299.0007629394531,304.74327392578124,306.07518513997394,306.8696533203125,303.92033935546874,301.0244120279948,0
2022-05-12,291.361572265625,295.2644564780788,289.3863087027764,295.05029577293834,161602,Financial Services,-0.012820474377507884,-0.005135574203637083,-0.015317538763859995,-0.002461073846307671,296.62571411132814,302.0540771484375,304.6108032226563,306.92082061767576,303.8755993652344,301.3155456542969,0
2022-05-13,291.5518798828125,297.35864923133363,290.33817692054987,297.35864923133363,51352,Financial Services,0.0006531664958686623,0.007823593100790172,0.007092600234496205,0.003289264865502517,295.007421875,300.0693023681641,303.44151407877604,306.9184371948242,303.88035766601564,301.5916035970052,1
2022-05-16,292.8370361328125,296.40676838961235,289.0293217255594,296.40676838961235,57354,Financial Services,0.004407984783073804,-0.003201120411939873,-0.003201120411939873,-0.00450803683095613,294.0221862792969,298.4819641113281,302.24049886067706,305.7071060180664,303.76612670898436,301.7304270426432,1
2022-05-17,314.0888671875,317.9441665690881,293.313012946408,297.3587096767033,234286,Financial Services,0.07257221058967755,0.0032116044186942805,0.07266162745368177,0.014820957248469213,296.99696655273436,299.07691955566406,302.81324462890626,304.77183837890624,304.7199609375,302.5808176676432,1
2022-05-18,303.7604064941406,318.681874913788,302.3563060710278,317.0159999492093,95924,Financial Services,-0.032883880240153984,0.06610632086034385,0.0023202449431938277,0.030831544205207617,298.71995239257814,298.8603576660156,302.7355000813802,304.236376953125,305.2397131347656,303.05360819498696,0
2022-05-19,303.18927001953125,305.9736496545901,294.26493907311647,295.0978766281152,68590,Financial Services,-0.001880220273607014,-0.06913885521426577,-0.03987746483114507,-0.026761032713538135,301.0854919433594,298.85560302734376,301.73121541341146,303.729475402832,305.7537548828125,303.41058146158855,0
2022-05-20,312.5895080566406,317.89652084143137,299.88125730536206,306.7351538376733,155990,Financial Services,0.03100452082787708,0.03943531326802274,0.038966986864067854,0.019085923895439283,305.293017578125,300.1502197265625,301.8105407714844,303.9043899536133,306.5933532714844,304.1158009847005,1
2022-05-23,301.475830078125,314.6124344816435,299.8575396723682,312.37539623270624,79694,Financial Services,-0.03555358606758441,0.018387988218715234,-0.010330677262825327,-7.909008121076422e-05,307.0207763671875,300.5214813232422,301.32823486328124,303.43556823730466,305.96984008789065,304.3085683186849,0
2022-05-24,298.2154235839844,304.1173924693677,297.0017204403727,303.1892562828805,31404,Financial Services,-0.010814818863906006,-0.02940737350192102,-0.03335863704677622,-0.009523920042550316,303.84608764648436,300.42152709960936,300.66664225260416,303.07145538330076,304.58668823242186,304.5743153889974,0
2022-05-25,297.9774475097656,301.6661708756774,295.24065275441177,298.4772042201974,54442,Financial Services,-0.0007980005573109406,-0.015541619516645011,-0.008060116436573783,-0.005929486480245827,302.6894958496094,300.70472412109376,300.13673706054686,302.7239990234375,303.9270007324219,304.81467692057294,0
2022-05-26,298.1202087402344,303.23682464009056,294.740874045202,300.71421982050475,125942,Financial Services,0.00047910078988122606,0.007494761974040198,0.005206595621424448,-0.0016927841899383456,301.67568359375,301.3805877685547,299.7956298828125,301.7173324584961,303.31871704101565,305.07407633463544,1
2022-05-27,307.4490966796875,311.5423773908835,296.73990162656344,298.00118939137866,106984,Financial Services,0.0312923702115806,-0.009021955898013356,0.027389657442333126,0.0067823222274046024,300.64760131835936,302.9703094482422,300.3160135904948,301.5198059082031,303.2530322265625,305.60239461263023,1
2022-05-30,310.304931640625,318.61051449766063,308.23446950231914,308.900831143498,163032,Financial Services,0.00928880582762881,0.036575833050801476,0.022687562334124944,0.03873617202387969,302.4134216308594,304.71709899902345,301.1521280924479,301.59953155517576,303.23113891601565,305.3771036783854,1
2022-05-31,314.7076110839844,318.75330776400244,308.42487631196275,308.42487631196275,66628,Financial Services,0.01418823548849768,-0.0015408013949763655,0.0004481749968827664,0.0006177336686290502,305.71185913085935,304.7789733886719,302.184971110026,301.92794647216795,303.5995361328125,304.7742167154948,1
2022-06-01,316.5400390625,318.4201037813347,312.58954134288723,315.89749890379073,67112,Financial Services,0.005822636358250088,0.02422833942963032,-0.0010453349802237444,0.01350301272946619,309.42437744140625,306.0569366455078,303.6112752278646,302.4586471557617,304.06407470703124,304.8432301839193,1
2022-06-02,321.8470764160156,328.2488022788471,314.56482818846,316.9922345807931,657632,Financial Services,0.016765769566572164,0.0034654775071067956,0.03086707899656349,0.006319107277508174,314.1697509765625,307.92271728515624,305.643642171224,303.38916015625,304.2078161621094,305.1272226969401,1
2022-06-03,318.6105041503906,324.60764252401424,314.8741670810352,324.56005771571347,66500,Financial Services,-0.010056242553657557,0.023873843928474914,-0.011092682530916664,0.0009833867770805416,316.40203247070315,308.5248168945312,307.4475504557292,304.3375183105469,304.49625122070313,305.4445322672526,0
2022-06-06,312.9703369140625,318.8485137735558,309.63858663032863,318.610531610432,42122,Financial Services,-0.017702389478238434,-0.018331048334027322,-0.017741815028376573,-0.016627532513199594,316.93511352539065,309.674267578125,308.7897705078125,305.0978744506836,304.66664794921877,305.5151346842448,0
2022-06-07,314.7076110839844,315.5881334470599,309.7099857733739,310.804697888444,46414,Financial Services,0.005550922771313305,-0.0244996098607696,-0.010225483844693128,0.00023058864795322265,316.93511352539065,311.323486328125,308.8310201009115,305.8725067138672,304.9293798828125,305.82213236490884,1
2022-06-08,313.7319030761719,316.99224715112183,311.7566394654426,316.99224715112183,25188,Financial Services,-0.0031003635547667274,0.019908158739925685,0.004449196770250241,0.006608290936948702,316.373486328125,312.8989318847656,309.49578653971355,306.8018280029297,305.2416149902344,306.1156433105469,0
2022-06-09,314.7551574707031,321.014099072994,311.137840736268,311.7565884605065,47208,Financial Services,0.0032615567129072875,-0.01651667741930385,0.012687540335820202,-0.0019848774680008008,314.9551025390625,314.5624267578125,310.266845703125,307.9715072631836,305.7023486328125,305.9990305582682,1
2022-06-10,311.9945983886719,315.0169600709182,310.5191206801299,314.5648172267412,25198,Financial Services,-0.0087704967385267,0.009007760766507111,-0.018681855468012154,-0.0019885721861216954,313.6319213867188,315.01697692871096,310.22718505859376,308.99364318847654,306.19639892578124,306.01886291503905,0
2022-06-13,301.9041442871094,310.63810646643174,301.2853965182729,309.3767894737399,52924,Financial Services,-0.03234175897171199,-0.0164927145977094,-0.013900374137000848,-0.029736410890358056,311.41868286132814,314.17689819335936,310.2557393391927,309.4469985961914,306.3620361328125,305.791987101237,0
2022-06-14,301.2139892578125,306.04503842075707,299.38153836182926,300.3334669416761,37902,Financial Services,-0.0022860071395394144,-0.02923077244238914,-0.014785913093283032,-0.006319118611273766,308.71995849609374,312.82753601074216,310.4556437174479,308.80325469970705,306.4419970703125,305.56114298502604,0
2022-06-15,306.7351989746094,309.3767950297523,300.80943762892844,304.1411877292488,62152,Financial Services,0.01832985821940425,0.012678309967740553,0.01088649117197793,0.004769496726192424,307.32061767578125,311.8470520019531,311.03949381510415,308.95199432373045,306.9055859375,305.58811543782554,1
2022-06-16,297.90606689453125,314.1126454942144,297.3586963294849,314.1126454942144,52404,Financial Services,-0.02878421553702737,0.03278562117618322,0.015307710663970964,-0.011471519399934071,303.9507995605469,309.4529510498047,311.0252176920573,308.68783416748045,307.16736572265626,305.4104237874349,0
2022-06-17,294.9313049316406,301.09501968584186,293.31301461012066,297.90608195608405,57910,Financial Services,-0.009985570263474353,-0.05159475038845218,-0.04144253978661394,-0.013605392306675679,300.53814086914065,307.0850311279297,310.1906982421875,307.80492401123047,307.3025427246094,305.25335591634115,0
2022-06-20,295.05029296875,297.8584650205201,291.29016322842193,294.3839313019264,92592,Financial Services,0.0004034432259978349,-0.011823023655746945,-0.010749279973806036,-0.006896561969429005,299.16737060546876,305.29302673339845,309.17372233072916,307.48364715576173,307.39107299804687,305.1629252115885,1
2022-06-21,308.1868896484375,309.85276472761825,294.5505005943499,294.6219068608229,168340,Financial Services,0.04452324567282795,0.0008083850155953254,0.04026845336180673,0.011192747910856449,300.56195068359375,304.6409545898438,308.7390075683594,307.9822204589844,307.15499389648437,305.4619893391927,1
2022-06-22,299.31011962890625,312.30396744293773,298.4295973494523,308.1868648863961,37126,Financial Services,-0.028803204541430594,0.046041919184173885,0.00791086281729414,0.013169547317947394,299.0769348144531,303.1987762451172,307.59034627278646,308.0488540649414,306.976982421875,305.60081075032554,0
2022-06-23,304.4505920410156,304.85515009695587,298.905596035735,303.5938330157542,21532,Financial Services,0.017174402317177595,-0.014903399183917032,-0.02385117745051657,0.0015950116560501382,300.38583984375,302.16831970214844,306.4305806477865,308.3653732299805,307.0274353027344,306.0371114095052,1
2022-06-24,305.1883239746094,311.66142702537434,303.4986564698673,304.6171609876463,64810,Financial Services,0.002423158150713478,0.003370713962555838,0.02232626519923908,0.015366257758463453,302.43724365234374,301.48769226074216,305.5357686360677,308.25233459472656,306.7313879394531,306.4916595458984,1
2022-06-27,309.51959228515625,313.2083157746816,304.3791834259936,305.3311120684517,116072,Financial Services,0.014192116704003555,0.0023437651328985787,0.004963362852026254,0.002901254873310055,305.331103515625,302.2492370605469,305.30571899414065,308.21306762695315,307.0531384277344,307.04774475097656,1
2022-06-28,306.8065490722656,309.73374087905023,305.2358728310495,306.425783475994,12420,Financial Services,-0.008765335960998377,0.0035851944471905206,-0.01109349503392787,0.002814546630335535,305.05503540039064,302.80849304199216,304.7789815266927,307.81801452636716,307.39678344726565,306.8050008138021,0
2022-06-29,306.9969482421875,309.3529771434591,304.6171269379845,304.6409193409159,21344,Financial Services,0.0006205837864206032,-0.005824784438278052,-0.0012293259833768833,-0.0020271073885457236,306.5924011230469,302.83466796875,304.3299845377604,307.3408599853516,307.7575634765625,306.912885538737,1
2022-06-30,312.5657958984375,314.61243680277653,306.5686276304095,309.32924411360386,85230,Financial Services,0.018139749232480185,0.0153896751061251,0.017001483896754044,0.006406405024042883,308.21544189453124,304.30064086914064,304.18402709960935,306.87679595947264,308.33538696289065,307.2254364013672,1
2022-07-01,310.6618957519531,313.6604649481753,309.3767863676994,309.3767863676994,23558,Financial Services,-0.006091197986049068,0.00015369466353498673,-0.003025855761697116,0.009159967733800123,309.31015625,305.8736999511719,304.0951802571615,306.47936553955077,308.4638989257812,307.1611826578776,0
2022-07-04,320.5857238769531,323.1797349231925,309.42435608753635,313.3034764553629,78262,Financial Services,0.03194414332977491,0.012692258309893178,0.03034896341363913,0.00015375982275678268,311.52338256835935,308.4272430419922,305.3406188964844,306.8601348876953,308.87513061523435,307.7981791178385,1
2022-07-05,313.7556457519531,323.89367867175946,311.28062579181585,323.89367867175946,186388,Financial Services,-0.02130499774725314,0.0338017386088767,0.002209122885556747,0.005999106624154482,312.9132019042969,308.98411865234374,306.1767293294271,306.8125366210937,308.8370520019531,308.3161865234375,0
2022-07-06,311.7566223144531,316.2306984381196,310.37631419848736,310.37631419848736,28952,Financial Services,-0.006371274794782056,-0.04173395581137873,-0.023658937294067095,-0.0029051329199437648,313.86513671875,310.22876892089846,306.51149088541666,306.7137725830078,308.6457153320313,308.77549235026044,0
2022-07-07,311.9945983886719,316.0402949352832,311.32823674900783,312.70854483807386,42174,Financial Services,0.0007633392755286295,0.007514203026765198,-0.0006021031600562665,0.003066994828450964,313.7508972167969,310.98316955566406,307.4507263183594,306.57574462890625,308.2516162109375,309.23797200520835,1
2022-07-08,308.4486389160156,315.46911188833315,307.47291797404154,315.46911188833315,101432,Financial Services,-0.011365451488486444,0.008827923303754703,-0.0018073108274596628,-0.012383453602618277,313.30824584960936,311.3092010498047,308.3518819173177,306.39844665527346,307.8451416015625,309.2712900797526,0
2022-07-11,307.85369873046875,316.99221896107935,306.52100452092355,311.23306263921563,257636,Financial Services,-0.001928814429649206,-0.013427778154765702,0.004828070373131599,-0.003095926169336183,310.7618408203125,311.1426116943359,309.2054423014323,306.69592437744143,307.6404760742187,309.1895823160807,0
2022-07-12,310.5191345214844,316.5162733435608,308.85325939862355,310.3287371729348,362404,Financial Services,0.008658124953532687,-0.0029056214613328857,-0.0015014425877027948,0.007608793013533344,310.1145385742187,311.5138702392578,309.3609252929688,307.161181640625,307.4729370117187,309.0499664306641,1
2022-07-13,309.61474609375,325.5357561418865,309.37676396762106,320.9903033429343,834384,Financial Services,-0.0029125046645774866,0.034355716673632575,0.028496110809871578,0.0016949944773672065,309.6861633300781,311.77565002441406,310.047900390625,307.305158996582,307.30825073242187,308.8191233317057,0
2022-07-14,309.11505126953125,313.0417571360956,302.3563517254543,313.0417571360956,220820,Financial Services,-0.0016139244997958047,-0.02476257420881256,-0.03837980550543674,-0.022692112206918913,309.11025390625,311.4305755615234,310.35886433919273,307.86560821533203,307.082646484375,308.3947224934896,0
2022-07-15,303.8079833984375,312.06598079550656,302.9512535347656,310.8046638777721,66468,Financial Services,-0.017168584477843085,-0.007146309421432684,-0.003117080448040155,0.001967551883452767,308.1821228027344,310.74518432617185,310.2668416341146,308.3094421386719,306.75518188476565,307.90130513509115,0
2022-07-18,302.6180725097656,307.66331112630496,302.23730690959644,304.6171282238452,59018,Financial Services,-0.003916654445223489,-0.01990811713288898,-0.014108137189380532,-0.002356638623669638,307.13499755859374,308.94841918945315,309.80674031575523,308.68783111572264,306.7837390136719,307.5562296549479,0
2022-07-19,299.95269775390625,305.09310621385725,298.69138078038225,304.1173852412249,107402,Financial Services,-0.008807718368417539,-0.0016405610069736287,-0.008353953232313027,-0.011732258222757475,305.02171020507814,307.56812438964846,309.3498168945313,308.27612152099607,306.7332873535156,307.06439921061195,0
2022-07-20,299.595703125,302.7132631539753,298.5485759643569,302.2372989037332,193522,Financial Services,-0.001190169755363013,-0.0061821073990900866,-0.007800382936918315,-0.0004781015630656027,303.0179016113281,306.35203247070314,308.8564005533854,308.29040069580077,306.44770751953126,306.5931925455729,0
2022-07-21,301.59478759765625,303.1892563680669,299.3815420023769,299.85750629808814,100648,Financial Services,0.006672607289772037,-0.00787392096963857,0.0015724227248328226,0.002790051954960182,301.51384887695315,305.3120513916016,308.125,308.1476104736328,306.59525634765623,306.1545135498047,1
2022-07-22,302.3563232421875,304.6171536796537,298.477202555576,302.9750710254882,166426,Financial Services,0.002525029197610662,0.010396820696230602,0.00470959073118804,-0.003020692059878871,301.2235168457031,304.70281982421875,307.5712951660156,308.0060104370117,306.89225708007814,305.83323771158854,1
2022-07-25,299.5005187988281,303.9745945854525,298.9055634575512,303.9745945854525,64948,Financial Services,-0.00944516196233769,0.0032990290474432804,-0.0021093989174258976,0.0014351545052939674,300.6000061035156,303.8675018310547,306.165614827474,307.5050567626953,307.07026611328126,305.75311686197915,0
2022-07-26,302.14215087890625,304.4029814464438,299.3101573052478,301.2854208950035,74942,Financial Services,0.008820125222729569,-0.008846705410089917,0.001409285080470335,0.0013535841990244268,301.03789672851565,303.02980346679686,305.3913818359375,307.27183685302737,306.8284765625,305.7840555826823,1
2022-07-27,305.1169128417969,305.997464239069,299.8575130655987,302.14213592646354,65992,Financial Services,0.009845570881908738,0.0028435329824958444,0.005238065622907628,0.00182872430818537,302.142138671875,302.58002014160155,304.9487345377604,307.17783508300784,307.0607482910156,305.73011271158856,1
2022-07-28,304.92657470703125,308.8770730311902,304.37920408025224,306.52104367112184,103778,Financial Services,-0.0006238203349425708,0.014492873465765443,0.009410564232229746,0.01507946547153649,302.80849609375,302.1611724853516,304.4775329589844,306.7958740234375,307.07978759765626,305.96412963867186,0
2022-07-29,305.1169128417969,309.30539292847504,302.2373345978654,308.4248705817587,70328,Financial Services,0.0006242097296651483,0.006211080609132669,0.001386700194616175,-0.007036845663812463,303.36061401367186,302.2920654296875,304.2554178873698,306.5186248779297,307.0769311523438,306.30364990234375,1
2022-08-01,311.23309326171875,316.0403214711012,304.3791951517609,306.9969990193679,456430,Financial Services,0.020045366751246352,-0.004629560384341036,0.021774365066384638,0.00708668423358505,305.70712890625,303.1535675048828,304.4807108561198,306.05099334716795,307.1454711914063,306.84307657877605,1
2022-08-02,315.9647521972656,321.32091289811353,313.7550522411665,314.1153313200687,94232,Financial Services,0.015202942868186575,0.02318697682204962,0.016708600353373626,0.030803212698985227,308.4716491699219,304.75477294921876,304.8437520345052,306.1614486694336,307.51179931640627,307.102338663737,1
2022-08-03,315.8446044921875,318.96702263545626,314.64367443708414,317.7660925803529,42312,Financial Services,-0.0003802566718046352,0.011622359357443157,-0.0073256677924466995,0.0028322163725180705,310.6171875,306.3796630859375,305.2590759277344,306.3658477783203,307.86570556640623,307.6534881591797,0
2022-08-04,318.8469543457031,321.12872162727314,313.92314073810473,319.327326404981,226526,Financial Services,0.009505781674956193,0.004913154238548323,0.006777186475128039,-0.0022899989973371726,313.40126342773436,308.10487976074216,305.9078694661458,306.7084655761719,308.11695190429685,308.13336690266925,1
2022-08-05,319.78369140625,324.25114577298314,318.0063088914294,320.8885412983004,51164,Financial Services,0.002937889315797637,0.004889073888212803,0.009723278970151128,0.013006903994793761,316.334619140625,309.8476165771484,306.97291666666666,307.2752182006836,308.48182373046876,308.6198791503906,1
2022-08-08,322.9781494140625,332.8738316440567,319.3273334112821,321.8252740382508,211202,Financial Services,0.009989433775577705,0.002919184138393982,0.026592614963681704,0.004154082742753751,318.6836303710937,312.19537963867185,308.33025512695315,308.0314407348633,308.5775207519531,309.06849772135416,1
2022-08-10,325.9564514160156,328.5264594969671,322.81002032586326,324.20311101046,70826,Financial Services,0.009221373047546111,0.007388596123518276,-0.013060119882713495,0.010906322604384178,320.6819702148438,314.5768096923828,310.0638387044271,308.80330657958984,309.0655529785156,309.7068277994792,1
2022-08-11,321.5370178222656,333.3061329697631,319.44741114635946,329.05485208309204,166734,Financial Services,-0.01355835595384336,0.0149651280566383,0.014548823495418084,-0.010416681539530237,321.82045288085936,316.2188201904297,311.52659301757814,309.3994201660156,309.45676879882814,310.1914967854818,0
2022-08-12,322.64190673828125,324.7075007381997,321.1287230171731,323.29039729327974,38926,Financial Services,0.0034362728232628648,-0.017518218477315384,-0.02579800183977843,0.005263188281226405,322.579443359375,317.9903533935547,312.9297342936198,310.0757629394531,309.8826611328125,310.5273671468099,1
2022-08-16,323.6746826171875,327.5897265669279,322.3296467361545,324.61141398205126,38080,Financial Services,0.0032009973203637188,0.00408616123408434,0.008876375883450915,0.0037396957447408674,323.3576416015625,319.84613037109375,314.3509582519531,311.0690979003906,310.49170288085935,310.96112670898435,1
2022-08-17,321.8973083496094,325.6922593829374,321.1287247750644,325.1878745796682,34426,Financial Services,-0.005491236612040651,0.001775848207385522,-0.005792206012916079,-0.00372575707276801,323.1414733886719,320.9125518798828,315.8440775553385,312.03305969238284,311.053447265625,311.0048461914063,0
2022-08-18,320.1920166015625,323.2664097618162,319.9278178111312,321.84930620639324,21808,Financial Services,-0.005297626615115347,-0.010266583210060687,-0.007448287612721427,-0.0037396435487806468,321.98858642578125,321.3352783203125,317.047401936849,313.04502563476564,311.44036254882815,311.2193918863932,0
2022-08-19,317.0695495605469,322.7139208600506,316.565164797699,321.5610455906244,33478,Financial Services,-0.009751857882519088,-0.0008956384562903708,-0.0017090823082195339,-0.010510661549966605,321.0950927734375,321.45777282714846,317.8442443847656,313.918717956543,311.7385546875,311.396489461263,0
2022-08-22,312.2898864746094,316.1569052856536,312.24186099306013,315.1721190376222,20554,Financial Services,-0.015074494200285171,-0.019868471758659023,-0.02031835365800838,-0.013656915811952053,319.0246887207031,320.80206604003905,318.3351318359375,314.45347290039064,311.8655480957031,311.4063323974609,0
2022-08-23,309.0714111328125,313.75503896028926,307.4381343164224,312.0016691226818,96634,Financial Services,-0.010306050503683384,-0.010059423798721157,-0.0075970705849179865,-0.015384633762301592,316.1040344238281,319.7308380126953,318.59876505533856,314.7892272949219,312.07608520507813,311.4270914713542,0
2022-08-24,312.96240234375,317.0455649222947,307.19793752698104,309.0714003202646,139758,Financial Services,0.012589295129808997,-0.00939183694323431,0.010487563715022796,-0.0007812849566480873,314.3170532226562,318.72926330566406,318.71405232747395,315.46232147216796,312.4898583984375,311.5973815917969,1
2022-08-25,311.71343994140625,315.48434886617963,311.40118637609584,314.6196850263139,60580,Financial Services,-0.003990774588226498,0.017951465908201403,-0.004924263982363897,0.01368254254228396,312.621337890625,317.3049621582031,318.4306315104167,315.94088592529295,312.9602880859375,311.63719177246094,0
2022-08-26,312.2418518066406,314.3795134252338,309.0714078084379,313.2025959660457,57772,Financial Services,0.0016951847354855776,-0.004504133491042284,-0.0035020293238522404,-0.007481598239141296,311.6557983398437,316.3754455566406,318.19044799804686,316.29713287353513,313.4661340332031,311.7247619628906,1
2022-08-29,312.60211181640625,314.35548152830387,310.68062361469185,311.7614607281562,23396,Financial Services,0.0011537851434109125,-0.004601287653585584,-7.644231224901432e-05,0.005206614929748943,311.71824340820314,315.3714660644531,317.7741251627604,316.68090972900393,313.90642700195315,311.84099731445315,1
2022-08-30,315.3642272949219,317.04552934447594,312.24180920289297,314.16329725952613,27550,Financial Services,0.008835882337665746,0.00770408416024293,0.008557343435189546,0.0050250497441297615,312.976806640625,314.54042053222656,317.4794942220052,317.19327545166016,314.4267431640625,312.22620544433596,1
2022-09-01,311.8094787597656,316.5411609352508,310.9448149535578,315.1240575564084,40086,Financial Services,-0.011271882564638291,0.0030581557593234443,-0.0015908390516276016,-0.004153813522430605,312.7462219238281,313.53163757324216,316.7349161783854,317.2220947265625,314.9191015625,312.5325856526693,0
2022-09-02,312.09771728515625,314.115285697894,309.83996285470164,312.2418230318699,37060,Financial Services,0.000924405911382431,-0.009146348732903542,-0.007663696026732447,-0.0035532095912941264,312.8230773925781,312.7222076416016,315.8110005696615,317.028742980957,315.31732421875,312.9374196370443,1
2022-09-05,316.0127258300781,317.790108191622,312.24181715078214,314.6436772827112,35568,Financial Services,0.012544175519697331,0.007692288712380924,0.011698961053625112,0.007751919003446517,313.57725219726564,312.6165252685547,315.442714436849,317.0371490478516,315.75315673828123,313.4846537272135,1
2022-09-06,314.5956726074219,319.37535113030424,314.11530054927624,316.5651863179856,27468,Financial Services,-0.0044841650567521985,0.006106936747843461,0.004988333172807113,0.006000104071868684,313.97596435546876,312.84710388183595,314.906298828125,316.8245849609375,316.1399206542969,313.9180165608724,0
2022-09-07,313.4427795410156,316.51717255476905,312.2898748309619,314.163337654903,24514,Financial Services,-0.0036646818974046536,-0.007587216683612175,-0.0089492772858637,-0.005811323788183276,313.5916748046875,313.28424072265625,314.2241719563802,316.5075393676758,316.47295532226565,314.2875651041667,0
2022-09-08,315.1961364746094,316.7573456576118,313.4187540023515,313.4187540023515,28922,Financial Services,0.0055938660835042064,-0.002370052655123689,0.0007587995965721017,0.0036148439714884795,314.2690063476563,313.5076141357422,313.7774271647135,316.1184387207031,316.63147705078126,314.810752360026,1
2022-09-09,311.4012145996094,321.3209102171191,309.359633169531,317.0215740475073,230134,Financial Services,-0.012039874338071743,0.011495228026874083,0.014407130953926206,-0.01295111023506279,314.12970581054685,313.4763916015625,313.1913736979167,315.3906768798828,316.448935546875,315.1193878173828,0
2022-09-12,316.4210510253906,317.71806132521994,312.6981679223066,314.4755502354371,37970,Financial Services,0.016120156860131685,-0.008031074287987328,-0.011212618840973243,0.010791759476085572,314.21137084960935,313.8943115234375,313.1481404622396,315.13487854003904,316.4719934082031,315.4961924235026,1
2022-09-13,318.60675048828125,323.67466956616863,315.60442528579085,315.60442528579085,125740,Financial Services,0.00690756653455149,0.0035897068929797715,0.018748094509022817,0.009294129808289586,315.0135864257812,314.494775390625,313.5692647298177,314.93312072753906,316.46238525390623,315.9521982828776,1
2022-09-14,318.6548156738281,319.78370768239404,317.5980205265214,318.0063250771093,55520,Financial Services,0.0001508605372397831,0.007610475642549908,-0.012021212191209663,0.006316753128303709,316.0559936523438,314.82383422851564,314.2081583658854,314.68212738037107,316.4172302246094,316.40346171061196,1
2022-09-15,317.6940612792969,321.6571309130896,317.5259427802426,318.6788474924526,43180,Financial Services,-0.0030150317750561317,0.0021148082987978434,0.0058584073725114205,-0.00022694645942478164,316.5555786132812,315.41229248046875,314.5236022949219,314.47196502685546,316.20586669921875,316.6188273111979,0
2022-09-16,319.2552490234375,320.6483396802184,316.13283073441664,318.9430247862851,70642,Financial Services,0.004914123159413197,0.0008289765571554142,-0.0031362315208356417,-0.004387395982916931,318.1263854980469,316.1280456542969,315.02638956705727,314.42512664794924,315.9378186035156,316.728510538737,1
2022-09-19,317.6940612792969,319.92780316435943,315.8446405113608,318.00631485706595,44326,Financial Services,-0.004890092641909871,-0.002936919312929942,-0.002247123801038642,-0.0009116111806114491,318.3809875488281,316.2961791992187,315.38987019856773,314.4563522338867,315.7841003417969,316.7901590983073,0
2022-09-20,316.80535888671875,324.2511254716227,316.10881356808545,318.0062889810581,97450,Financial Services,-0.00279735286520455,-8.136947804437966e-08,0.013513431044447799,0.0008364018977713439,318.0207092285156,316.51714782714845,315.6700866699219,314.6821258544922,315.5506384277344,316.72210591634115,0
2022-09-21,317.2857360839844,318.5827464708786,316.613203492385,317.0455500612107,34930,Financial Services,0.0015163165135643197,-0.0030211318239201645,-0.017481447419802953,0.0015956211995682423,317.74689331054685,316.9014434814453,315.7981872558594,315.0928421020508,315.2950805664062,316.6388407389323,1
2022-09-22,318.0543518066406,321.8493030782332,316.56521004262044,317.9102460423138,94956,Financial Services,0.002422471719474961,0.0027273556778708574,0.01025340086222526,-0.00015158385447988643,317.81895141601564,317.18726501464846,316.214512125651,315.3474395751953,315.1413623046875,316.47471415201824,1
2022-09-23,317.9582824707031,320.04788923166154,314.5236104681882,318.0543334283136,465966,Financial Services,-0.0003020532037740775,0.00045323291021137635,-0.005597072385562396,-0.006449222813073363,317.55955810546874,317.8429718017578,316.60521647135414,315.65968170166013,315.0520129394531,316.20810852050784,0
2022-09-26,316.0127258300781,319.37533001477885,315.60442133548287,318.00628146741195,44010,Financial Services,-0.006118905365530947,-0.0001510809816163139,-0.002101433065211933,0.003436342555287908,317.223291015625,317.80213928222656,316.60521647135414,315.84822540283204,315.0097399902344,316.0239654541016,0
2022-09-27,317.91021728515625,319.3753461758553,316.9494731837689,317.5259255085179,37402,Financial Services,0.006004477984530299,-0.0015105234924212008,5.0602144030520435e-08,0.004261828280460733,317.4442626953125,317.73248596191405,316.82618611653646,316.1136306762695,315.23455322265625,315.8662424723307,1
2022-09-28,317.2136535644531,319.44739519856137,314.88386098143906,318.4866511528514,221998,Financial Services,-0.002191070569079301,0.0030256604804628218,0.00022559356433959898,-0.00651716559608273,317.4298461914062,317.58836975097654,317.07757771809895,316.2061019897461,315.56024291992185,315.6508748372396,0
2022-09-29,317.09356689453125,322.81000580855726,316.32498337043893,318.9190040735191,95928,Financial Services,-0.00037856715362816207,0.0013575228949240792,0.010526335980626023,0.004576679111174986,317.23768920898436,317.5283203125,317.2040730794271,316.4703063964844,315.7254895019531,315.4907501220703,0
2022-09-30,315.12408447265625,321.32089603234584,314.619699652585,317.0455727926115,411944,Financial Services,-0.006211045027381679,-0.0058743168546824265,-0.004612960408341693,-0.005390923283024263,316.670849609375,317.1152038574219,317.4522644042969,316.6216247558594,315.86191528320313,315.3218190511068,0
2022-10-03,316.63726806640625,319.327339984929,316.08482844690974,318.2705155456576,34856,Financial Services,0.004801865894453083,0.0038636172782875455,-0.006204252733118754,0.004656824718676678,316.79575805664064,317.0095245361328,317.4666788736979,316.6528518676758,316.03773193359376,315.3074096679687,1
2022-10-04,319.3513488769531,319.927801229572,317.06958152584133,317.06958152584133,64394,Financial Services,0.008571577272381115,-0.003773312201908907,0.0018803940955114395,0.0031154708809346676,317.083984375,317.2641235351563,317.516318766276,316.89063568115233,316.3077014160156,315.54279174804685,1
2022-10-06,319.49542236328125,323.2903730917451,318.5346783124885,323.2903730917451,54672,Financial Services,0.00045114412960756134,0.01961964164448471,0.01051040843980977,0.004620742171471237,317.54033813476565,317.48509216308594,317.5723592122396,317.1932678222656,316.47294921875,315.8902587890625,1
2022-10-07,319.279296875,321.7531953571354,317.4779016755689,320.4081594721435,62612,Financial Services,-0.000676458794566126,-0.008915247280758543,-0.004754789695434192,-0.0033176187990523465,317.97748413085935,317.6075866699219,317.67804158528645,317.39742584228514,316.77174194335936,316.10082194010414,0
2022-10-10,317.40582275390625,319.2072178887184,314.1633115112444,319.2072178887184,263846,Financial Services,-0.005867822121354838,-0.0037481616741708024,-0.007912827301034375,-0.010440380722031128,318.4338317871094,317.5523406982422,317.55474650065105,317.69765625,316.9840661621094,316.2905680338542,0
2022-10-11,317.0455627441406,318.48667893843214,315.844632582231,318.48667893843214,48092,Financial Services,-0.0011350138653408726,-0.0022572764959765124,-0.0022572764959765124,0.0053517422607332055,318.51549072265624,317.65562438964844,317.511513264974,317.7288818359375,317.0253796386719,316.45069173177086,0
2022-10-12,318.0303039550781,318.6307690064696,316.7813483760168,318.1984517612173,46174,Financial Services,0.003105992723614337,-0.000904989741409401,0.00045242101967257753,0.002965748653467992,318.25128173828125,317.6676330566406,317.5931762695312,317.70005950927737,317.16276489257814,316.6316314697266,1
2022-10-13,327.1573791503906,332.0811926683359,317.0695660892344,321.3448890667958,268192,Financial Services,0.028698759463505974,0.009888286030818483,0.04221319775176258,0.0009098317015667767,319.78367309570314,318.66200561523436,318.25128580729165,318.1251876831055,317.71134887695314,317.0247365315755,1
2022-10-14,333.6904602050781,351.6323447568461,323.14628771901283,341.5445315875923,2945302,Financial Services,0.01996923031861164,0.0628596975027591,0.05887461416111206,0.01916526302012933,322.66590576171876,320.3216949462891,319.29369303385414,318.92500762939454,318.45112182617186,317.7541025797526,1
2022-10-17,338.06182861328125,342.21705855426524,332.41745705206483,337.5574438270466,246154,Financial Services,0.013100070063485125,-0.01167369813245911,-0.026775938968559787,0.028690316693700035,326.79710693359374,322.61546936035154,320.63392944335936,319.8653366088867,319.5175463867188,318.61957295735675,1
2022-10-18,340.1514587402344,346.3482703113647,338.25401247644345,339.5750356988516,351258,Financial Services,0.006181206957096341,0.005977032676070193,0.012071904815476486,0.017557908890039053,331.4182861328125,324.9668884277344,322.24317830403646,320.9882064819336,320.4667626953125,319.4241973876953,1
2022-10-19,338.49420166015625,342.48128410453165,335.2997155648348,342.48128410453165,176656,Financial Services,-0.004872115163685797,0.008558486638156282,-0.011165022430620564,-0.008733959694903537,335.5110656738281,326.8811737060547,323.6154439290365,322.0726486206055,321.2622607421875,320.22081502278644,0
2022-10-20,339.3469543457031,343.0503266572701,338.7134569378073,341.10117707399013,43462,Financial Services,0.0025192534506190967,-0.004029729782606961,0.001661528904349563,0.01018116393931856,337.9489807128906,328.8663269042969,325.09099731445315,323.1757095336914,322.0899462890625,321.08428751627605,1
2022-10-21,340.6138916015625,342.709221467088,339.4200315267296,341.1011790001341,68082,Financial Services,0.0037334569815195007,5.646840550710408e-09,-0.0009943298801253775,0.002086054080372879,339.3336669921875,330.9997863769531,326.6590189615885,324.3036865234375,323.0067395019531,321.9315460205078,1
2022-10-24,342.7579345703125,346.46130654103524,342.07572038228795,345.4867318390914,35754,Financial Services,0.006294643353119689,0.0128570439182083,0.010948304973776635,0.007824196007563122,340.27288818359375,333.5349975585938,328.50127563476565,325.54366912841795,323.9468469238281,322.9767700195313,1
2022-10-25,341.1011657714844,345.0969282331397,340.3702347019741,343.05031529017856,45898,Financial Services,-0.004833640980201004,-0.007052127692265819,-0.003938039492828449,-0.00498569637859092,340.46282958984375,335.9405578613281,330.1322021484375,326.79809112548827,324.8831311035156,323.7994405110677,0
2022-10-27,341.8807983398437,349.8723229045219,341.1011504640186,343.3914069940376,113858,Financial Services,0.002285634429293193,0.0009942906001136897,0.013837835925784026,0.002147413867386261,341.14014892578126,338.3256072998047,331.63416544596356,327.99662017822266,325.88614868164063,324.5752421061198,1
2022-10-28,348.7272033691406,352.28439507014724,341.10114445711423,341.1255028762436,95424,Financial Services,0.020025707973488904,-0.006598604600007718,0.006894149687523443,-1.7610331526363154e-08,343.0161987304688,340.4825897216797,333.58295084635415,329.57229766845705,327.14380737304685,325.57765502929686,1
2022-10-31,352.1382141113281,360.3002771945574,349.4581336959394,359.6180630103401,150864,Financial Services,0.00978131533540516,0.05421042982179314,0.022754008512962942,0.024500032833738805,345.32106323242186,342.3273651123047,335.77354532877604,331.32453002929685,328.50716186523437,326.7257934570313,1
2022-11-01,348.94647216796875,355.59795663478,348.2155411163042,355.59795663478,95802,Financial Services,-0.009063889732655706,-0.01117882217013244,-0.013051115576128702,-0.0035557695180629123,346.55877075195315,343.41582946777345,337.8762552897135,333.0156494140625,329.746689453125,327.7155008951823,0
2022-11-02,343.51324462890625,351.8214885131916,342.34374301973247,348.9464810732752,58248,Financial Services,-0.015570375322342178,-0.018705044383413805,-0.010620050118755553,-0.016862538868162025,347.0411865234375,343.75200805664065,339.64076741536456,334.3594482421875,330.8467102050781,328.5761403401693,0
2022-11-03,346.6806030273437,349.4337588045224,342.34373356654544,345.9253135572031,64946,Financial Services,0.00922048406564091,-0.008657968141073558,-0.006786764841339776,-2.7613143882554425e-08,348.00114746093743,344.5706481933594,341.5507873535156,335.72591094970704,331.9975256347656,329.5719818115234,1
2022-11-04,347.0704345703125,349.7261567256061,344.0248884614119,349.7261567256061,74240,Financial Services,0.0011244688614380216,0.010987467581710986,0.0008367763952858986,0.0049107219733572904,347.6697937011719,345.34299621582034,342.8783243815104,337.1046615600586,333.191796875,330.56480509440104,1
2022-11-07,342.4168395996094,351.2123706477275,340.8575140729592,351.2123706477275,266964,Financial Services,-0.01340821489581634,0.004249650458051146,0.004249650458051146,-0.00920681757246744,345.72551879882815,345.523291015625,343.4600830078125,338.26153869628905,334.2047277832031,331.37688802083335,0
2022-11-09,343.53759765625,347.87446716871665,340.0047642051751,346.9486092641844,73764,Financial Services,0.0032730810142138633,-0.012140123013547499,-0.009503946210251302,-0.0025017781113124693,344.64374389648435,345.60125732421875,343.82513427734375,339.56812744140626,335.34126831054687,332.2295318603516,1
2022-11-10,343.7568664550781,344.87762140995056,341.14986129175924,341.14986129175924,24062,Financial Services,0.0006382672532032618,-0.016713564538342718,-0.00861473330640461,0.0033678854155501092,344.6924682617188,345.8668273925781,344.06549479166665,340.9036926269531,336.4260522460938,333.1543365478516,1
2022-11-11,344.7314758300781,347.80138049062964,343.0746867794122,347.80138049062964,29752,Financial Services,0.002835170639791107,0.019497352787084532,0.008477671206168713,0.0056421699260396085,344.3026428222656,346.1518951416016,344.48131306966144,342.23875122070314,337.4412573242187,334.048378499349,1
2022-11-14,343.02593994140625,346.75367036695087,341.24732919670663,345.48673513898666,64708,Financial Services,-0.004947433026140424,-0.006655078103421586,-0.0030123805782507063,-0.00532641332375694,343.4937438964844,345.58176879882814,344.72657877604166,343.0321792602539,338.3824780273437,334.9087880452474,0
2022-11-15,342.73358154296875,345.36494540462144,342.07575544838693,345.36494540462144,27546,Financial Services,-0.0008522923907371416,-0.000352516383345991,-0.0040049322646240615,0.002427641715556872,343.5570922851563,344.6413055419922,344.8678914388021,343.4843353271484,339.3206494140625,335.7634552001953,0
2022-11-16,340.4189453125,344.48781270329744,340.1265847867116,344.48781270329744,29582,Financial Services,-0.0067534561978093155,-0.002539727071305342,-0.002539727071305342,-0.005698067257413175,342.93336181640626,343.78855285644534,344.7119588216146,343.60219116210936,340.2411743164063,336.6066172281901,0
2022-11-17,343.87872314453125,344.51219081438643,340.68699663199493,340.85753532484205,26876,Financial Services,0.010163294022473401,-0.01053818812911711,7.076625119961655e-05,0.0016476566970933249,342.9577331542969,343.8251007080078,344.897129313151,343.7885543823242,341.3145007324219,337.51466573079426,1
2022-11-18,342.3681030273437,345.364932326204,341.12552615037544,345.364932326204,41722,Financial Services,-0.004392886257614248,0.013223697686678193,0.0024752143307376073,0.001287191829203227,342.48505859375,343.3938507080078,344.9296162923177,343.9822494506836,342.2880126953125,338.2818908691406,0
2022-11-21,343.0746765136719,347.38718770401186,341.4909925167945,343.8787125933666,57570,Financial Services,0.0020637830454426354,-0.004303331327899951,0.005855416078832887,0.0010713544968135036,342.49480590820315,342.99427490234376,344.5527811686198,344.168635559082,342.92470458984377,339.067866007487,1
2022-11-22,344.3416748046875,345.97407580088503,342.10013477844365,342.10013477844365,35440,Financial Services,0.003693068529251109,-0.005172107925814129,-0.004067829652747212,0.0017837725591522968,342.81642456054686,343.18675842285154,344.0330118815104,344.35502471923826,343.35075317382814,339.9032786051432,1
2022-11-23,344.3416748046875,346.4613632315905,342.6117806323515,344.3660332278899,41750,Financial Services,0.0,0.0066234947580881,0.0014084507042253502,0.0014956026083976504,343.60097045898436,343.2671661376953,343.726025390625,344.43421173095703,343.60194702148436,340.8011403401693,0
2022-11-24,344.82891845703125,350.0916160921824,342.87976898166704,344.3659895083001,51692,Financial Services,0.0014150005299826685,-1.269567423411999e-07,0.010478088600503588,0.0007821924535722502,343.7910095214844,343.37437133789064,343.81373697916666,344.6205993652344,343.78904541015623,341.7272521972656,1
2022-11-25,345.9009094238281,348.28862930734874,343.8299382107379,348.28862930734874,27966,Financial Services,0.0031087617929308475,0.011390903627415572,-0.0051500427372671576,0.0027711440423936473,344.49757080078126,343.49131469726564,343.761757405599,344.8216049194336,344.08531372070314,342.65627237955727,1
2022-11-28,345.096923828125,348.16682833255004,342.8797722272436,348.16682833255004,44804,Financial Services,-0.00232432345159872,-0.00034971275129169754,-0.00034971275129169754,-0.0027634765850782506,344.9020202636719,343.6984130859375,343.63019002278645,344.6400909423828,344.3153125,343.25425720214844,0
2022-11-29,344.1710510253906,346.9485948821895,343.5375834156512,345.9740201774643,25164,Financial Services,-0.0026829355430462165,-0.006298153576512755,-0.0034989934457424487,0.0019184893414232462,344.8678955078125,343.8421600341797,343.74713745117185,344.2417327880859,344.4575988769531,343.6036102294922,0
2022-11-30,344.0005187988281,346.65624086733186,342.5630151340728,344.1710574786888,45768,Financial Services,-0.0004954868402047286,-0.005211266146084248,-0.0008426436053355912,-0.002836860735552338,344.79966430664064,344.2003173828125,343.7779988606771,343.9944351196289,344.50730224609373,343.8015665690104,0
2022-12-01,344.5121765136719,346.46132602718626,344.0248891352933,344.07360597646664,33920,Financial Services,0.0014873748348704918,-0.00028314845221466545,-0.0005622712565563903,0.004267460107006293,344.73631591796874,344.26366271972654,343.82835286458334,344.0443817138672,344.64374267578125,343.946923828125,1
2022-12-02,346.3638610839844,348.4104740125301,343.6594220941774,345.9253202903639,22210,Financial Services,0.005374801520952932,0.005381738912062728,0.005625874632803507,-0.0010623273276375578,344.82890625,344.6632385253906,343.9371785481771,344.0285446166992,344.82306518554685,344.20924580891926,1
2022-12-05,344.8045349121094,348.89776076184575,344.0736038490608,347.43589863574863,55742,Financial Services,-0.004501988651457234,0.0043667758813281665,0.0013985995992134015,0.0012052099498960356,344.7704284667969,344.8362243652344,344.055751546224,343.9152496337891,344.6661584472656,344.3911651611328,0
2022-12-06,345.1943664550781,346.3638382359157,344.0735817703274,346.3638382359157,30402,Financial Services,0.0011305870529461082,-0.003085635088494021,-0.007262650583933383,-6.416863473912571e-08,344.9750915527344,344.92149353027344,344.2198038736979,344.0541259765625,344.38840454101563,344.54384765625,1
2022-12-07,341.29608154296875,344.99945361162713,340.61386733690307,341.2229765417258,54372,Financial Services,-0.011293014286826941,-0.014842374193487107,-0.003939165910730069,-0.010055158596086966,344.4342041015625,344.61693420410154,344.2782796223958,343.9420501708984,344.08238891601565,344.4951192220052,0
2022-12-08,338.46978759765625,343.41576618719006,335.9359171246865,341.58843859130224,88706,Financial Services,-0.008281061805734957,0.0010710358759551397,-0.004590405601684999,-0.013733880680757982,343.22572631835936,343.98102111816405,343.9176839192708,343.67769622802734,343.88065063476563,344.40740661621095,0
2022-12-09,337.9581604003906,342.5143153016353,336.228296129506,341.1011699864553,48596,Financial Services,-0.00151158896897996,-0.0014264786210458347,-0.0026249548632062414,0.0008703416036071054,341.5445861816406,343.18674621582034,343.6236877441406,343.33903045654296,343.5317529296875,344.2766520182292,0
2022-12-12,337.5683288574219,338.6647254506073,333.0852790613982,337.95815280888894,31788,Financial Services,-0.0011534905460098832,-0.009214325408767099,-0.011239208637565556,-0.009347866031171992,340.09734497070315,342.43388671875,343.2565979003906,343.06614990234374,343.1516687011719,343.9046895345052,0
2022-12-13,335.8871765136719,339.1520078246842,331.3554099436569,338.66472045712,106054,Financial Services,-0.004980183862153931,0.0020906956744748406,0.0014388341550142236,-0.005193472142076883,338.23590698242185,341.6054992675781,342.6929646809896,342.7238296508789,342.8904821777344,343.36298828125,0
2022-12-14,336.0333557128906,339.3225454335468,333.2070949382885,339.03018491059714,86592,Financial Services,0.0004352032749090906,0.0010791335246962408,0.0005028353214135972,0.0055882141623897486,337.18336181640626,340.80878295898435,342.1390767415365,342.5045501708984,342.5903125,342.93255106608075,1
2022-12-15,334.3765869140625,338.5428878256213,331.6477598976763,338.5428878256213,44522,Financial Services,-0.004930370067915746,-0.0014373265469102003,-0.0022976887873140672,-0.004679777424610343,336.3647216796875,339.79522399902345,341.4422546386719,342.029443359375,342.21510131835936,342.62799580891925,0
2022-12-16,331.6234130859375,335.5948170406861,321.60966359946804,334.37659861796084,83674,Financial Services,-0.008233751811195456,-0.012306532960770555,-0.00870811613816469,-0.03026734237947304,335.0977722167969,338.32117919921876,340.49042154947915,341.49220886230466,341.69077880859373,342.12608947753904,0
2022-12-19,330.45391845703125,335.25368681491267,328.3342007026685,328.5534859519693,54298,Financial Services,-0.0035265743694736784,-0.017414833125462437,-0.0010164943212817024,0.020909002011753053,333.6748901367188,336.88611755371096,339.51422119140625,340.86117095947264,341.1878979492187,341.57220560709635,0
2022-12-20,331.18487548828125,337.3977895040145,328.6753336166344,330.4539444276068,320122,Financial Services,0.0022119787069343477,0.005784319926270154,0.00639546341599373,0.0010389807496016257,332.73442993164065,335.48516845703125,338.648476155599,340.20333099365234,340.72594970703125,341.1978068033854,1
2022-12-21,331.2336120605469,336.2039495175481,327.7251368119776,333.2802251006842,75780,Financial Services,0.00014715820640587296,0.008552721856514456,-0.0035383752460896867,-0.0028909890931003712,331.77448120117185,334.4789215087891,337.79734903971354,339.5479278564453,340.3585363769531,340.7876739501953,1
2022-12-22,326.31201171875,333.08528857624964,319.90417066109006,330.1372058231356,95794,Financial Services,-0.014858396499016102,-0.009430560353825612,-0.009276098468723348,-0.023864407310857594,330.16156616210935,333.2631439208984,336.58400472005206,338.62208251953126,339.6558679199219,340.2061787923177,0
2022-12-23,323.3882751464844,326.4825380507488,319.53869302504256,325.5079633102988,75594,Financial Services,-0.00895994161191227,-0.014022177540682357,-0.019823002552060598,-0.0011424597412789117,328.51453857421876,331.8061553955078,335.0522989908854,337.49645080566404,338.8966748046875,339.49473876953124,0
2022-12-26,334.2304077148437,336.203915548497,321.0005441685755,321.7314751989404,85398,Financial Services,0.033526671810993,-0.011601830176297012,0.029776102439625918,0.004574879898561646,329.26983642578125,331.47236328125,334.3473571777343,336.95312499999994,338.5429040527344,339.20155436197916,1
2022-12-27,338.8108825683594,339.6392769971721,333.67000706429496,336.2282656069566,43246,Financial Services,0.013704542578374834,0.04505866390303348,0.010218088754470722,0.03946866485393241,330.7950378417969,331.7647338867188,333.9217915852865,336.68511657714845,338.32167236328127,339.0707977294922,1
2022-12-28,337.1297302246094,339.8585571407603,336.2282605531231,337.20283522139306,17720,Financial Services,-0.004961919555257488,0.0028985356501101123,0.0006456265763103985,0.007667016617214806,331.97426147460936,331.87437133789064,333.64403483072914,336.3415771484375,338.03319458007815,338.9611572265625,0
2022-12-29,340.8575134277344,341.10115711138536,337.0079313293845,337.617040538512,23222,Financial Services,0.011057414606066907,0.001228356567189115,0.003656226817059016,0.0023188734194405924,334.88336181640625,332.5224639892578,333.8032165527344,336.1588439941406,337.87433837890626,338.8604502360026,1
2022-12-30,341.8564453125,344.4390624012749,340.19968611482386,342.07573057530345,28786,Financial Services,0.0029306435839426825,0.013206353653475666,0.009785675657498771,0.009470859551728994,338.5769958496094,333.54576721191404,334.06310221354164,335.93347320556643,337.71255981445313,338.84339497884116,1
2023-01-02,342.6848449707031,344.3903507757475,341.5153433791512,344.3903507757475,18386,Financial Services,0.002423238378454151,0.006766397009666081,-0.00014142305808118039,0.003867308871893904,340.26788330078125,334.76885986328125,334.4042032877604,335.8274887084961,337.61607666015624,338.8304005940755,1
2023-01-03,343.2208557128906,343.90306994454977,341.95392041599405,343.90306994454977,38522,Financial Services,0.0015641507059740434,-0.0014149084900320075,-0.0014149084900320075,0.001284208880641513,341.1498779296875,335.9724578857422,334.893115234375,335.7288131713867,337.57806884765625,338.7930399576823,1
2023-01-04,348.922119140625,349.8966938912401,343.2208509011947,343.2208509011947,706094,Financial Services,0.01661106349697916,-0.00198375386257843,0.017428236240103034,0.003704974294955976,343.50835571289065,337.74130859375,335.7523661295573,336.11011505126953,337.7749328613281,338.9457214355469,1
2023-01-05,357.6202392578125,368.3649206147167,351.1392929629107,351.1392929629107,401930,Financial Services,0.024928543190699592,0.02307098196663926,0.05278194120124269,0.02307098196663926,346.86090087890625,340.87213134765625,337.30194295247395,337.06763763427733,338.29925537109375,339.3720987955729,1
2023-01-06,361.396728515625,363.5164169052029,358.18061368460206,360.1054049503284,163430,Financial Services,0.010560054614498382,0.025534345392569824,-0.013162229729754893,0.02005278492838758,350.7689575195312,344.6729766845703,339.2868306477865,338.23956604003905,338.9005700683594,339.8886260986328,1
2023-01-09,367.609619140625,370.3140582084697,361.6159604465786,366.44011750723496,275518,Financial Services,0.017191330564940044,0.017591273193414914,0.018699681739654306,0.00959110189308432,355.7539123535156,348.0108978271484,341.763877360026,339.7416305541992,339.8127734375,340.63904927571616,1
2023-01-10,363.5407409667969,374.23670481980986,362.1032372590656,366.513211805805,134354,Financial Services,-0.01106847580142245,0.0001994713326347597,0.010592756403354997,0.001347498080243037,359.81788940429686,350.4838836669922,343.9209350585937,341.12430877685546,340.54662841796875,341.2847056070963,0
2023-01-11,361.1773986816406,366.4400962431841,359.7155365955641,363.02908470900553,87626,Financial Services,-0.0065009007762684146,-0.009506143256427846,-0.020833361549556506,-0.006593977677678775,362.2689453125,352.88865051269534,345.9171875,342.38151092529296,341.3418811035156,341.8572682698568,0
2023-01-12,367.68267822265625,370.3384003312586,363.5650940074832,366.7812084869352,207730,Financial Services,0.018011314010126345,0.010335601019233254,0.010638312040741837,0.01070167123820176,364.28143310546875,355.5711669921875,348.67523193359375,344.0468154907227,342.5103967285156,342.62961832682294,1
2023-01-13,376.5513000488281,380.0841333394836,358.66784833952306,367.9019495786027,734326,Financial Services,0.024120314476172577,0.0030556120808118425,0.026315750674269056,-0.013470065604976211,367.3123474121094,359.0406524658203,352.21943359375,346.2932098388672,344.05412231445314,343.6358662923177,1
2023-01-16,386.3457946777344,389.7811945653434,379.8405199277847,382.520600568712,494802,Financial Services,0.02601104982942881,0.039735182177897066,0.025512933519902026,0.059031417748432125,371.05958251953126,363.40674743652346,355.69379272460935,349.08780364990236,346.0052209472656,345.02057495117185,1
2023-01-17,395.23876953125,411.61164282684166,384.3722672489786,388.7091366905921,576708,Financial Services,0.023018174329899388,0.016178308077210213,0.056006930467340954,0.011930657956279678,377.39918823242186,368.60853881835936,359.4556518554688,352.2904983520508,348.37928466796876,346.6887217203776,1
2023-01-18,398.0894165039063,408.8340968922538,394.7027633882307,399.18581306887353,393724,Financial Services,0.0072124679874829845,0.026952482947733447,-0.006747977087121271,0.02687627859624042,384.781591796875,373.5252685546875,363.51963094075523,355.63328857421874,350.86152709960936,348.5818328857422,1
2023-01-19,411.3679809570313,413.7069542553729,396.9198993387282,397.1391845914357,592082,Financial Services,0.03335573341723008,-0.005127007048932097,0.011918911363215656,0.005617229358783948,393.51865234375,378.90004272460936,368.22032877604175,359.88608703613284,353.9411828613281,351.01177266438805,1
2023-01-20,411.2948913574219,416.26522839101983,407.3722340472843,415.55865576880194,127344,Financial Services,-0.00017767449824213077,0.04638039229575286,0.006183783253659536,0.026333612212362523,400.4673706054688,383.8898590087891,372.84955851236987,364.2814178466797,357.1280419921875,353.4563303629557,0
2023-01-23,405.3013000488281,410.7832833677933,403.3521504243071,410.7832833677933,90706,Financial Services,-0.01457249150071549,-0.011491452132489033,-0.01316935609639025,-0.00986832996210174,404.2584716796875,387.6590270996094,377.0239888509115,367.83496246337893,360.1219372558594,355.71409606933594,0
2023-01-24,412.0745849609375,413.6338807842413,406.03220954982015,407.859537225562,117202,Financial Services,0.016711727574753255,-0.007117490561594941,0.006939419231175803,0.00664446470086677,407.625634765625,392.5124114990234,381.614237467448,371.49814758300784,363.35752563476564,358.25367635091146,1
2023-01-25,408.6635437011719,415.4855665298407,407.1285766680577,413.92624107781313,243570,Financial Services,-0.008277727829511639,0.014874493051013404,0.004476629772417695,0.002700197404174265,409.74046020507814,397.2610260009766,385.59699910481777,375.07483825683596,366.4547229003906,360.6746826171875,0
2023-01-27,403.498291015625,411.0512450678457,396.8955532602415,409.58938299322233,155820,Financial Services,-0.012639377221580261,-0.010477369285160965,-0.010672624560777666,-0.0251346232965598,408.16652221679686,400.84258728027345,388.6555358886719,378.2068771362305,369.54217407226565,362.97873942057294,0
2023-01-30,405.4230651855469,407.39657295596686,399.77054396183496,406.2514596084164,219790,Financial Services,0.004770216411765116,-0.008149438250603214,-0.008891037688684267,0.0072436959244750465,406.9921569824219,403.7297637939453,391.59062500000005,381.38520812988287,372.8235656738281,365.4387278238932,1
2023-01-31,405.6667175292969,410.02794524566144,403.9612118099545,405.4230738551051,51042,Financial Services,0.0006009829352913165,-0.002039096066534185,0.00645899466115285,0.010482682907521967,407.06524047851565,405.66185607910154,394.12776489257817,384.53430175781256,375.68101806640624,367.94582112630206,1
2023-02-01,389.0989990234375,420.28539343483385,384.3479467498264,407.8595644115432,672446,Financial Services,-0.040840714285767965,0.006009748121314162,0.025016461214678598,-0.048552347321294875,402.4701232910156,405.0478790283203,395.8316487630209,386.8282089233399,377.6925427246094,369.8762919108073,0
2023-02-02,371.7515258789063,395.043854926447,366.92736928644473,391.77902377994894,518456,Financial Services,-0.044583700261552894,-0.03942666063206135,-0.06005809124627737,-0.04532501763231944,395.0877197265625,402.4140899658203,396.53659057617193,387.96967926025394,379.07741455078127,371.2268890380859,0
2023-02-03,371.8733825683594,375.0163624320205,366.7081184033466,368.0238003011169,439202,Financial Services,0.00032779069074417855,-0.06063424031648679,-0.05069688401596684,-0.0005975321043085735,388.7627380371094,398.4646301269531,396.8159708658855,388.6823364257813,380.31804931640625,372.7456013997396,1
2023-02-06,385.1275634765625,389.3426111510195,367.9019667321899,375.1869189091926,489106,Financial Services,0.035641649898851435,0.01946373740561036,0.038201663058357704,0.00325558194359421,384.7036376953125,395.8478973388672,397.3877217610678,389.8688781738282,382.04889404296875,374.80357767740884,1
2023-02-07,386.1996154785156,392.80235367292977,382.73988690185934,389.3426250962736,79556,Financial Services,0.0027836283445299426,0.03772974342558855,0.008886113214482627,0.040331179258061844,380.8102172851562,393.93772888183594,397.37797648111984,390.7983779907227,383.78948486328125,376.5358846028646,1
2023-02-08,389.7324523925781,394.87332845912016,387.6371225433789,388.73351918162217,94490,Financial Services,0.009147696611984335,-0.00156444703299774,0.005272307476840599,0.012795205854192249,380.93690795898436,391.703515625,397.0108886718751,392.1079635620118,385.64994873046874,378.2332702636719,1
2023-02-09,397.041748046875,403.4739473588999,390.21972478235256,394.7027745902281,152740,Financial Services,0.01875464978455077,0.01535564882897833,0.0217807035317914,0.006662422375928845,385.9949523925781,390.5413360595703,396.9410441080729,393.9011810302735,387.5747338867188,380.23033752441404,1
2023-02-10,392.7779846191406,399.0883621050311,390.8044766889315,397.870143661487,73106,Financial Services,-0.010738828973800962,0.008024694213379258,-0.010869562415557255,0.0014985196017580638,390.1758728027344,389.46930541992185,395.7017110188802,395.1559463500977,388.98104370117187,381.9610198974609,0
2023-02-13,389.70806884765625,398.6010632289876,383.8362620674928,398.6010632289876,138040,Financial Services,-0.007815905910462662,0.001837080713757766,-0.001221030033231707,-0.017830437052503978,391.09197387695315,387.89780578613284,394.26258951822916,395.8137847900391,390.1134973144531,383.5560740152995,0
2023-02-14,386.8087158203125,391.4866925075605,381.5460180711122,389.34261614153087,89176,Financial Services,-0.007439807535720155,-0.02322735170964141,-0.01784834858139861,-0.005966721289031973,391.2137939453125,386.0120056152344,393.0297505696615,395.836930847168,390.88146118164065,385.02686971028646,0
2023-02-15,387.0279846191406,390.68263980912303,384.4453675665517,390.68263980912303,65058,Financial Services,0.0005668662309303851,0.003441759550680823,-0.0020538442655287925,0.0075989509996645666,390.672900390625,385.8049041748047,391.35997721354164,395.42639160156256,391.8209509277344,386.4871073404948,1
2023-02-16,379.7917785644531,388.8553115228326,378.62227700907385,388.4411291653683,160716,Financial Services,-0.0186968548587213,-0.0057374206462049715,-0.004677270244675347,-0.015146730975942324,387.2229064941406,386.6089294433594,389.43519287109376,394.51150970458986,392.5655261230469,387.51609598795574,0
2023-02-17,381.2049255371094,387.7833054106278,377.4040897807423,381.66785451357833,147224,Financial Services,0.0037208466649745198,-0.01743706869131878,-0.002756825174913047,-0.003217420902844381,384.9082946777344,387.5420837402344,387.9489685058594,393.00335693359375,393.106416015625,388.3022521972656,1
2023-02-20,382.3256530761719,387.24727328699225,376.42948788110607,382.39875807727896,80700,Financial Services,0.002939960803191033,0.0019150252112065669,-0.001382298093178469,-0.0025823829842502866,383.4318115234375,387.2618927001953,386.409141031901,391.5548950195313,393.33739013671874,388.9998830159505,1
2023-02-21,382.3987426757813,384.95700122824746,377.2091205726862,384.95700122824746,60134,Financial Services,0.0001911710580269066,0.006689988126089785,-0.0059142367596413115,0.002071125447606681,382.5498168945313,386.8818054199219,384.8579427083333,390.4097671508789,393.1795080566406,389.49285380045575,1
2023-02-22,377.4284362792969,386.3214310125669,377.16043416717446,383.9824575242035,130176,Financial Services,-0.012997705906942603,-0.002531565086320242,0.003544369319082641,-0.0001290700644719367,380.6299072265625,385.6514038085937,384.0799051920573,388.6774597167969,392.4670947265625,389.9557769775391,0
2023-02-23,376.1858520507813,383.00787527450007,369.8511162001852,383.00787527450007,51764,Financial Services,-0.0032922379690438763,-0.0025380905575406176,-0.008577198861015378,-0.01937986412368342,379.9087219238281,383.56581420898436,384.375526936849,387.05357513427737,391.5909521484375,390.4560587565104,0
2023-02-24,374.2854309082031,379.5968753352325,371.0937044644357,379.5968753352325,44856,Financial Services,-0.0050518145013109805,-0.008905821941188385,-0.008905821941188385,0.0033596985647001976,378.5248229980469,381.7165588378906,384.5363301595052,385.5929321289062,390.1076501464844,390.6761505126953,0
2023-02-27,366.0502624511719,375.5767241740734,363.0290749395844,375.2112586623892,146214,Financial Services,-0.022002375131323193,-0.011553352932555772,-0.01059058022437298,-0.021732056965208302,375.2697448730469,379.3507781982422,383.26451009114584,383.6242919921875,388.29786499023436,390.32611592610675,0
2023-02-28,366.4888305664063,368.3161582611762,358.424230288487,366.0502897646585,90014,Financial Services,0.0011981090036587982,-0.024415495767342144,-0.019331778157615553,-0.012684506473382928,372.0877624511719,377.3187896728516,381.95045776367186,381.66539764404297,386.7453662109375,389.6642171223958,1
2023-03-01,369.3638305664063,372.5799153474968,361.56723255972753,368.3892558155714,105742,Financial Services,0.00784471383631713,0.006389739651392334,0.011576350889545006,0.008768944746594842,370.47484130859374,375.55237426757816,380.59254964192706,380.6786392211914,385.03693603515626,388.801719156901,1
2023-03-02,376.9654846191406,385.9803006552606,367.5364862293764,369.3638138042656,70314,Financial Services,0.020580396410437407,0.002645457144336616,0.03596647257613328,0.01650938783193756,370.6307678222656,375.26974487304693,379.25413208007814,380.9393371582031,383.769013671875,388.09758809407555,1
2023-03-03,382.0576477050781,385.4443007969484,377.6477030564286,382.033289285471,94788,Financial Services,0.013508300610286073,0.03430080318566153,-0.0013886715394599847,0.027510783842945807,372.1852111816406,375.3550170898438,378.53944295247396,381.44855041503905,382.9113879394531,387.1205769856771,1
2023-03-06,382.8616943359375,389.3426104387128,379.5968629934384,383.9824493438119,68366,Financial Services,0.0021045165191406756,0.0051020686233558266,0.01011380797096817,0.005161318131249315,375.54749755859376,375.40862121582035,378.08301798502606,381.3352569580078,382.00893310546877,386.1728037516276,1
2023-03-08,388.3680114746094,392.2663102096117,381.9358126135237,382.0332760302305,92124,Financial Services,0.014382000654890259,-0.00507620417785315,0.007509323902678888,0.006161667411160199,379.9233337402344,376.00554809570315,378.1869710286458,381.4436767578125,381.3169848632813,385.6083607991537,1
2023-03-09,387.4178466796875,391.9983601985191,383.4464721607857,391.7790749172104,28366,Financial Services,-0.0024465578184829084,0.025510340324931935,-0.0006830818862557653,0.003955270748047468,383.5341369628906,377.00448913574223,378.2129618326823,381.327946472168,381.24973876953123,384.786469523112,0
2023-03-10,390.5121154785156,394.3129510674163,383.5438822002597,387.2472841071756,61426,Financial Services,0.007986903095319686,-0.011567209940940404,0.005904593243004852,0.00025403816841795823,386.24346313476565,378.43711547851564,378.9276509602865,381.00146484375,382.00016235351563,384.1814219156901,1
2023-03-13,379.8892211914063,389.7080735789949,374.7239869737381,387.3934585749308,46274,Financial Services,-0.02720247046392532,0.0003774706079404666,-0.011678230390241628,-0.022995791709477742,385.8097778320313,378.99749450683595,378.8399373372396,380.3570266723633,382.3207958984375,383.3944529215495,0
2023-03-14,384.5184326171875,389.4156942350799,379.5968423219999,379.5968423219999,64588,Financial Services,0.012185687741450124,-0.020125833517198766,-0.000750252211173974,0.01300385221563971,386.14112548828126,380.8443115234375,378.986122639974,380.09754486083983,382.2964306640625,382.6976318359375,1
2023-03-15,388.3436584472656,391.94956698220864,382.5692855208817,382.5692855208817,36976,Financial Services,0.009948094826149445,0.007830526673244576,0.0065068583126983714,0.007830526673244576,386.1362548828125,383.02979431152346,379.3824503580729,380.1742919921875,382.3821923828125,382.1201965332031,1
2023-03-16,387.7832946777344,397.1392184094551,384.4697464111167,384.4697464111167,87988,Financial Services,-0.0014429584656326933,0.004967625374440399,0.013240610181569634,0.004967625374440399,386.2093444824219,384.8717407226562,380.07277425130206,380.21205749511716,382.3042260742188,382.0763397216797,0
2023-03-17,395.99407958984375,402.0120665069506,387.3934459066978,391.4866715714325,113994,Financial Services,0.021173642662799308,0.018250916296577824,0.01226987381657052,0.007604498202713694,387.3057373046875,386.77460021972655,381.39332275390626,381.02217254638674,382.2623193359375,382.8844248453776,1
2023-03-20,393.6307373046875,401.0375113855351,392.36380202079016,392.36380202079016,58920,Financial Services,-0.005968125300267357,0.002240511652253252,-0.0024241937061325602,0.01283025349708522,390.0540405273438,387.9319091796875,382.6830098470052,381.6434631347656,382.2964294433594,383.6096700032552,0
2023-03-21,389.1233215332031,398.9908907292473,385.7610565410289,396.6519173125912,54314,Financial Services,-0.011450873481954282,0.010928926852364906,-0.005103314772767598,-0.016828120855581385,390.9750183105469,388.5580718994141,384.22121378580727,381.9833465576172,382.2730395507813,383.74286193847655,0
2023-03-22,395.9453430175781,398.6010651087497,390.17099963118767,392.2663293551876,71232,Financial Services,0.017531772337610718,-0.01105651521141493,-0.0009770288734790578,0.0114317995955866,392.4953552246094,389.31580505371096,386.1849812825521,382.66067657470705,382.63850463867186,384.067719523112,1
2023-03-23,390.6095275878906,402.32881214045415,388.8553050257914,390.4389889121747,85698,Financial Services,-0.013476141401290831,-0.004658417779616064,0.009352074939105837,-0.003372097379456651,393.06060180664065,389.6349731445313,387.6013610839844,383.3197311401367,382.7817663574219,384.0969553629557,0
2023-03-24,396.67626953125,397.77266609144783,391.3404669899551,393.72818695105,76842,Financial Services,0.015531474567000325,0.008424358561217371,-0.01132443392449789,0.006390968393754637,393.19703979492186,390.2513885498047,388.91541341145836,384.34425201416013,383.45714599609374,384.08477274576825,1
2023-03-27,395.482421875,399.4538258801404,390.8044749690425,399.429467459709,82694,Financial Services,-0.003009627113970681,0.014480244741450932,0.0042264336692912075,-0.001369630963634405,393.5673767089844,391.8107086181641,389.8103983561198,385.4041015625,384.0282458496094,384.1749206542969,0
2023-03-28,397.8701171875,398.7959750396521,391.6084867009924,395.1900367900337,49578,Financial Services,0.006037424624790733,-0.010613715349138464,-0.0016468758035771414,0.0020573247837389896,395.3167358398438,393.1458770751953,390.8109598795573,386.9950942993164,384.6500244140625,384.4469889322917,1
2023-03-29,397.7970275878906,398.6010636349186,392.5343300065685,393.7525484162107,112856,Financial Services,-0.00018370215920215927,-0.0036374610693606924,-0.0004887496788654744,0.0023642064383631034,395.68707275390625,394.0912139892578,391.43956095377604,388.5605041503906,385.26595581054687,384.8132659912109,0
2023-03-31,393.58203125,403.4252424863028,391.2917745663478,398.552368581367,119326,Financial Services,-0.010595846739853698,0.012189940571718516,0.012102774657427151,-0.003165469476771432,396.2815734863281,394.67108764648435,391.8505065917969,389.7714141845703,385.912099609375,385.0317342122396,0
2023-04-03,394.8733215332031,400.5015146374661,392.8023501417341,396.65193238960006,112564,Financial Services,0.003280866962096951,-0.004768347503570136,-0.0072472605601420215,0.003860483847534013,395.9209838867188,394.5590118408203,392.14125366210936,390.66680603027345,386.6595983886719,385.5344523111979,1
2023-04-05,394.5809631347656,398.6010840929154,387.4909375750883,394.7027849819823,140036,Financial Services,-0.0007403852893944629,-0.004913999525667956,-0.004745126984777914,-0.013521845184300219,395.7406921386719,394.65403442382814,393.120703125,391.2929718017578,387.4714196777344,385.9803202311198,0
2023-04-06,395.0925903320313,396.7493792727917,392.7536169239922,393.16779928835206,139116,Financial Services,0.0012966342653761842,-0.003888965956245549,-0.004645508740493187,0.01358142562465492,395.1851867675781,395.25096130371094,393.8256469726563,391.9045166015625,388.63311279296875,386.4058848063151,1
2023-04-10,394.7027893066406,397.0661212718735,392.87546157836914,396.1646514892578,138540,Financial Services,-0.0009866067725115002,0.007622323614319804,0.0007983427716065084,0.00031023178177513877,394.56633911132815,395.1267059326172,394.2495890299479,392.22125549316405,389.7616711425781,386.81601969401044,0
2023-04-11,396.2620849609375,397.13919625587,393.4845410756012,394.8976863086358,199462,Financial Services,0.003950556460561305,-0.003198077304118918,0.00018403731792182576,0.0015503118845476838,395.10234985351565,395.69196166992185,394.81484171549477,392.66346740722656,390.83760131835936,387.4438079833984,1
2023-04-12,404.5703430175781,407.1286017358465,392.75362417605294,397.1392105502272,426312,Financial Services,0.020966573315889248,0.005676215180049127,0.02515341113179992,-0.0018575492128618531,397.0417541503906,396.4813690185547,395.3865926106771,393.3663787841797,391.94179565429687,388.38995768229165,1
2023-04-13,415.095703125,431.0300048780021,407.05546212264346,408.78535594981065,1719908,Financial Services,0.026016143518865276,0.02932509581073095,0.05870725623365414,0.036414273646981465,401.1447021484375,398.4426971435547,396.8175903320313,395.1267028808594,393.26331787109376,389.75030008951825,1
2023-04-17,416.2652282714844,418.5798432369975,409.5406686357995,415.0957267080348,195786,Financial Services,0.002817483143476851,0.015436880667023978,-0.028884675080864675,0.0061053265326465045,405.3792297363281,400.28220825195314,398.62705078125,396.7140426635742,394.5994592285156,391.42413228352865,1
2023-04-18,416.3139343261719,418.5798323935341,413.70695890816114,418.5798323935341,118274,Financial Services,0.00011700726214813884,0.00839349928540667,-2.5905364409162246e-08,0.010173080700971227,409.7014587402344,402.13389892578124,399.9849568684896,398.11255645751953,395.7172961425781,393.08496907552086,1
2023-04-19,418.7991333007813,424.4516548584057,413.7069743699218,416.1434112036669,252816,Financial Services,0.0059695310910787835,-0.005820684613339289,0.01402796315172461,3.737370213308111e-08,414.2088684082031,404.6556091308594,401.8642639160156,399.66334838867186,396.97254760742186,394.7328125,1
2023-04-20,419.4325866699219,421.7472015832906,418.1656514561102,418.79911906301606,63812,Financial Services,0.0015125469915564516,0.006381713101422548,-0.006371640313234894,0.010777379552227684,417.1813171386719,407.1115356445313,403.3813517252604,400.8352737426758,398.1293664550781,396.14838256835935,1
2023-04-21,418.26312255859375,421.3817737754819,417.1180090798641,419.31080235189614,45408,Financial Services,-0.0027882051812260222,0.0012217869274053772,-0.0008664617250258022,-0.002505328624190062,417.81480102539064,409.47975158691406,404.9000651041667,402.06689300537107,399.6643225097656,397.3552317301432,0
2023-04-24,416.5820007324219,420.35847799698746,415.19321382884254,418.33622343607146,51268,Financial Services,-0.004019292487198345,-0.002324239944113793,-0.0024284291399838676,-0.0046145100645919035,417.87815551757814,411.6286926269531,406.14752400716145,403.43982696533203,400.946865234375,398.4792419433594,0
2023-04-25,416.192138671875,419.0671461057768,413.7069849346564,418.9209658403513,79534,Financial Services,-0.0009358591102386349,0.0013977809511138695,-0.003071977749476651,-0.003579607866131429,417.8537963867187,413.7776275634766,407.3738647460938,404.45216674804686,402.06080444335936,399.4067128499349,0
2023-04-26,416.7525329589844,418.5798606393073,415.1688489693712,418.4580387939524,30232,Financial Services,0.0013464797506692605,-0.001105046259669118,-0.0011627861334339018,0.0035335734902945948,417.44447631835936,415.82667236328126,408.91856486002604,405.7593170166016,403.2195739746094,400.38453572591146,1
2023-04-27,417.2398071289063,420.407175007841,416.2652323969264,420.407175007841,27486,Financial Services,0.001169217056611993,0.004657901230685324,0.004365509524855815,0.002640813322764668,417.00592041015625,417.09361877441404,410.4096638997396,406.78749389648436,404.06940307617185,401.27545878092445,1
2023-04-28,420.7969970703125,427.7895885859909,414.58408318172735,416.630696058064,154886,Financial Services,0.008525528678300809,-0.008982907938492102,0.017560151246258426,-0.004038649121663962,417.5126953125,417.6637481689453,412.1573994954427,408.05322265625,405.1560534667969,402.63905131022136,1
2023-05-02,424.9145812988281,439.0215564313357,420.7482802860306,420.7726387058923,301792,Financial Services,0.009785203452456148,0.009941520600899256,0.02625582329497722,0.014868388233807872,419.17921142578126,418.5286834716797,414.1455322265625,409.4054458618164,406.5877038574219,403.9855895996094,1
2023-05-03,427.8139343261719,430.9325555171328,424.89021022996246,426.7662546283664,85464,Financial Services,0.006823378521116696,0.014244310040947061,-0.01842506545682121,0.009844199341982218,421.5035705566406,419.6786834716797,416.3529418945312,410.90629119873046,407.8624475097656,405.3012654622396,1
2023-05-04,428.1063232421875,433.5639478655341,427.1073900580394,429.7874706573768,83710,Financial Services,0.0006834487905966746,0.007079322688344325,0.0061062742062816255,0.005218241735616802,423.7743286132812,420.6094024658203,418.47589111328125,412.6325057983398,409.3623193359375,406.64536641438804,1
2023-05-05,427.0830383300781,431.736626949885,425.6455345832106,428.54490049808,61818,Financial Services,-0.0023902588131838876,-0.0028911269967833997,-0.00421465143641464,-0.0034226883188094304,425.74297485351565,421.37444763183595,419.9767374674479,414.2429916381836,410.57859008789063,407.6816650390625,0
2023-05-08,423.9156799316406,432.2239241602325,423.2091072527192,431.1275275093188,146218,Financial Services,-0.0074162589336773665,0.0060265027264054805,0.0011286909192536054,-0.005724075862506339,426.36671142578126,421.9397033691406,420.564735921224,415.70972747802733,411.71592041015623,408.6911631266276,0
2023-05-09,424.2567443847656,428.32558187221207,423.2090646826123,427.8382945208216,68114,Financial Services,0.0008045572958754743,-0.007629373627565661,-0.009019265408768184,-1.0058882526919888e-07,426.2351440429687,422.707177734375,421.0975036621094,417.1679351806641,412.77138549804687,409.8622772216797,1
2023-05-10,424.2811279296875,429.0565383077792,421.9908712941928,424.4760250367896,91164,Financial Services,5.7473558746190534e-05,-0.007858738984077407,0.0017065439621235523,-0.0028784671456247857,425.52858276367186,423.5160766601563,421.62864990234374,418.64685211181643,413.83074951171875,410.8068033854167,1
2023-05-11,429.5681762695313,432.71118576310215,422.1126854361343,422.1126854361343,130010,Financial Services,0.012461191393645876,-0.005567663333754802,0.008517869159474944,0.0002886653485367763,425.8209533691406,424.7976409912109,422.3465861002604,420.3121566772461,415.2701953125,412.105425008138,1
2023-05-12,424.67095947265625,431.2493392235235,424.42731577817966,431.2493392235235,64782,Financial Services,-0.01140032494819243,0.02164505854153398,-0.0033783423855813233,0.0054834417962441595,425.3385375976562,425.54075622558594,422.69581095377606,421.3171875,416.4621008300781,413.0385813395182,0
2023-05-15,410.7345581054688,426.863759021132,409.1995909109539,424.6709657384892,176418,Financial Services,-0.0328169399303716,-0.01525422275864552,-0.010169476920910414,-0.03587828657848291,422.7023132324219,424.5345123291016,422.19390665690105,421.09913024902346,417.1082446289063,413.54698588053384,0
2023-05-16,409.61376953125,415.5830400790634,407.2504375783724,411.7578459512111,119678,Financial Services,-0.0027287418409313036,-0.03040735258371763,-0.026426977469197976,-0.0047633315767552364,419.7737182617187,423.0044311523437,421.72935791015624,420.76655731201174,417.689091796875,413.9384409586589,0
2023-05-17,414.60845947265625,415.33939054987786,409.3214032440848,409.3214032440848,37676,Financial Services,0.012193657325343388,-0.005917173725002889,-0.0005862836200899446,0.005085238650759827,417.8391845703125,421.6838836669922,421.623779296875,420.68128356933596,418.4853186035156,414.4988220214844,1
2023-05-18,415.8022766113281,418.77474719699353,412.8054773489262,418.77474719699353,38266,Financial Services,0.0028793844201593366,0.023095161596696556,0.008271203563349872,0.008511829768070411,415.08600463867185,420.45347900390624,421.5604288736979,420.5314407348633,419.26692626953127,415.239496866862,1
2023-05-19,420.2610168457031,420.5290189627584,412.8542425448401,419.0671567879168,37960,Financial Services,0.010723222274568789,0.0006982502953687408,0.004189058145236402,0.00011813117458370215,414.2040161132812,419.7712768554687,421.7618428548177,420.57286224365237,419.89455322265627,416.08575337727865,1
2023-05-22,421.1868286132813,421.7472209884398,416.63070357610167,420.5290025569307,27660,Financial Services,0.0022029446712115153,0.0034883329445780653,0.002896832253541204,0.00914720170485217,416.2944702148437,419.49839172363284,421.78783162434894,420.7190475463867,420.1381982421875,416.9726155598958,1
2023-05-23,416.0703125,424.1836591758463,413.9506243192205,420.0660749161575,95572,Financial Services,-0.012147854029830318,-0.0011008221500978799,0.005777010650351855,-0.006432745435890896,417.5857788085938,418.67974853515625,421.1982137044271,420.69346313476564,420.1304016113281,417.6718729654948,0
2023-05-24,414.1942443847656,419.018401010146,410.92941321598914,417.72707764569446,79320,Financial Services,-0.004509017007154004,-0.005568165129568925,-0.01217693811151499,-0.007298481813380553,417.5029357910156,417.6710601806641,420.290234375,420.5935684204102,420.04561401367187,418.32158813476565,0
2023-05-25,414.14556884765625,415.94850841556735,411.7578487158344,415.8266865668349,30036,Financial Services,-0.00011751862264930413,-0.004549360528817381,-0.007326390886839174,0.002016004387132675,417.1715942382813,416.12879943847656,419.35951741536456,420.4632202148438,419.8594714355469,418.91770426432294,0
2023-05-26,414.6328125,416.6306787117788,412.7323799635984,414.9738898471384,24120,Financial Services,0.0011765033577433304,-0.0020508465359386774,0.0016400354428725006,0.0023667581584743136,416.04595336914065,415.12498474121094,418.529502360026,420.33287048339844,419.66748046875,419.25311991373695,1
2023-05-29,425.8792419433594,427.06830733090754,418.6706124092196,419.6367242567038,32306,Financial Services,0.027123828853654386,0.011236452518212703,0.025052472495308953,0.014387609826359782,416.98443603515625,416.639453125,418.6604064941406,420.5869827270508,419.9721252441406,419.61257120768227,1
2023-05-30,425.2847595214844,427.0683274476313,423.129582184934,427.0683274476313,27584,Financial Services,-0.0013958943365313115,0.017709611102533884,4.710423007203701e-08,0.010650305140968763,418.82732543945315,418.20655212402346,418.72894083658855,420.6054916381836,420.32023559570314,419.91322224934896,0
2023-05-31,426.15179443359375,427.0683443298082,423.1048330135223,426.0774665007368,45384,Financial Services,0.002038716160637666,-0.0023201461761782616,3.953038851811641e-08,-5.8490761350005194e-05,421.2188354492188,419.3608856201172,418.85365193684896,420.5223846435547,420.7186218261719,420.24115091959635,1
2023-06-01,421.816650390625,426.1517403425639,420.3798656251644,426.0774124191413,43702,Financial Services,-0.010172769655307112,-1.2692902062738654e-07,-0.002146270027769681,-0.0064404071420067766,422.7530517578125,419.9623229980469,418.3368835449219,420.20790100097656,420.9211865234375,420.34173482259115,0
2023-06-02,424.4672546386719,427.06830872312247,421.81666876257407,423.4516109963909,44020,Financial Services,0.00628378288432252,-0.006162733217519922,0.0021508028567986948,0.003417868587195283,424.7199401855469,420.38294677734376,418.32330322265625,420.0771118164063,421.2102844238281,420.5095570882161,1
2023-06-05,421.2964477539063,425.582006245418,420.18171025209926,425.582006245418,39320,Financial Services,-0.007470085972744123,0.005031024073834933,-0.0034802453081764773,-0.0038759931305489825,423.8033813476562,420.39390869140624,419.0274291992188,419.9461502075195,421.2302624511719,420.6106679280599,0
2023-06-06,422.7084655761719,425.2351918110099,418.69539243713575,418.69539243713575,42438,Financial Services,0.003351601538046589,-0.016181637633220225,-0.0008149179930508899,-0.003537321541367766,423.2881225585937,421.05772399902344,419.90040893554686,419.86873626708984,421.14201782226564,420.81488342285155,1
2023-06-07,426.2508544921875,428.6041893167268,422.8571100514232,424.3434267827112,132068,Financial Services,0.008380217583736194,0.013489602340019724,0.007922668609267491,0.00993972632481821,423.3079345703125,422.2633850097656,420.67656860351565,419.9672225952148,421.0794946289063,421.1501739501953,1
2023-06-08,428.5794067382813,429.5455186238546,425.111334500257,428.8023602871351,37828,Financial Services,0.0054628682184529875,0.010507841580652322,0.002196267163483645,0.005330936610146164,424.6604858398438,423.70676879882814,421.52837727864585,419.9177841186523,421.09841796875,421.5444030761719,1
2023-06-09,431.5520629882813,432.493409027094,425.6067959790012,430.2639338986139,66722,Financial Services,0.0069360687967336965,0.0034085017873970447,0.00686281261339583,0.0011654863997607734,426.07744750976565,425.39869384765626,422.28111368815104,420.26183929443357,421.2771789550781,422.0214782714844,1
2023-06-12,433.8062744140625,434.9953398304594,428.5546343432203,432.51814541229055,49706,Financial Services,0.005223498203604793,0.0052391365765920295,0.005784899263536758,0.006926201348449679,428.57941284179685,426.19139709472654,423.1224100748698,421.4154251098633,421.672802734375,422.4551208496094,1
2023-06-13,436.63031005859375,440.1974762970213,430.28869798982896,435.49080660110496,66054,Financial Services,0.006509900411988401,0.006872916709611765,0.011959062523726027,0.004046307069496935,431.36378173828126,427.3259521484375,424.493076578776,422.7662521362305,422.1677453613281,422.84564514160155,1
2023-06-14,430.2391357421875,438.6120346756269,428.5546314535152,435.6394013938684,48942,Financial Services,-0.014637495769701747,0.000341212238033739,-0.0036016599520998227,-0.004030007165920835,432.16143798828125,427.73468627929685,425.56273600260414,423.547785949707,422.40606567382815,422.9264851888021,0
2023-06-15,429.1739807128906,431.52731567206666,427.8115236312624,430.0409988557449,20580,Financial Services,-0.002475727893650137,-0.012851001356192548,-0.016152586895614274,-0.0017339862125218541,432.2803527832031,428.4704193115234,426.56463012695315,424.2163711547852,422.3902978515625,422.9620737711588,0
2023-06-16,428.9509582519531,435.6146169560996,427.811454923619,435.6146169560996,29878,Financial Services,-0.0005196551304602615,0.012960666808943921,0.00947170928836183,-1.6060260088490708e-07,431.7601318359375,428.9187896728516,427.51917317708336,424.65086822509767,422.5614978027344,423.0243377685547,0
2023-06-19,426.176513671875,436.4816359181317,425.3342615615393,435.9861970578388,73352,Financial Services,-0.006467976179338697,0.0008530019133325961,0.0019903348700520684,-0.005790385772914908,430.2341796875,429.40679626464845,427.5389912923177,424.90035247802734,423.17917602539063,423.0996988932292,0
2023-06-20,425.7554016113281,429.4959894536816,423.4763947938114,427.86101691156057,50870,Financial Services,-0.0009881165363118116,-0.018636324271523508,-0.016004445295289216,-0.004368015783414836,428.0591979980469,429.71148986816405,427.57036743164065,425.3846069335938,423.82484130859376,423.1496541341146,0
2023-06-21,426.96923828125,429.0500877105945,423.67458773737934,427.4399112844288,37342,Financial Services,0.0028510188369377243,-0.0009842112519889978,-0.0010381976876066012,0.0004680141467259258,427.40521850585935,429.7833282470703,427.62486368815104,426.02335662841796,424.3192724609375,423.2392578125,1
2023-06-22,424.66546630859375,432.5181607978498,423.4764008498993,427.81149123590296,64218,Financial Services,-0.005395639231364768,0.0008693150584782039,0.008083142706626356,-0.00046778091775212527,426.503515625,429.3919342041016,427.814784749349,426.54935150146486,424.6738000488281,423.0758341471354,0
2023-06-23,426.5728759765625,428.33167795394735,423.4763829744098,424.6654483829122,33970,Financial Services,0.0044915582247573305,-0.007353806331620971,-0.009679322681340863,-4.221130023296382e-08,426.02789916992185,428.8940155029297,427.9551595052083,427.14635467529297,424.9262744140625,423.1392313639323,1
2023-06-26,430.1648254394531,432.2456748697799,421.6680361986152,421.6680361986152,43024,Financial Services,0.008420482560377307,-0.007058290698503611,0.009137771305005815,-0.004270242328729412,426.8255615234375,428.5298706054688,428.5463846842448,427.36063385009766,425.2853942871094,423.7869069417318,1
2023-06-27,429.4960021972656,433.36041963863306,423.6497988812169,433.36041963863306,57280,Financial Services,-0.0015548069080363325,0.027728882524333587,0.0025789610715918343,0.004699817184312893,427.573681640625,427.8164398193359,428.99888712565104,427.5711959838867,425.822421875,424.44964803059895,0
2023-06-28,430.2886962890625,431.0318546591645,426.5976703363842,429.4960061232969,23358,Financial Services,0.001845637881939588,-0.008917319949428126,-0.005373275624502849,0.006958274175869139,428.2375732421875,427.82139587402344,429.26807657877606,427.77804107666014,426.46619995117186,424.9723225911458,1
2023-06-30,429.02532958984375,433.4099518418164,427.8858261462026,430.263926863191,48884,Financial Services,-0.0029360908388121887,0.0017879578132180551,0.005517219103289728,0.003019603479790689,429.1095458984375,427.80653076171876,429.2978047688802,428.1384750366211,427.0613903808594,425.413091023763,0
2023-07-03,430.0904846191406,441.43604719836605,428.059197283264,433.50902502645374,93938,Financial Services,0.0024827322673819374,0.007542110692199788,0.0185184842259436,0.0004051808367266929,429.8130676269531,427.9204833984375,429.2003662109375,428.41963653564454,427.679697265625,425.74073994954426,1
2023-07-04,431.279541015625,433.4842500588902,429.5455049518057,431.230009223763,25772,Financial Services,0.0027646656668940395,-0.0052571357713987465,-0.018013474862198064,0.0034722012235102184,430.0360107421875,428.4307861328125,429.03191731770835,428.91879119873045,427.8957092285156,426.07716369628906,1
2023-07-05,448.0997314453125,451.344850281496,431.0318548242607,431.0318548242607,350218,Financial Services,0.03900066854568962,-0.00045950976338360316,0.041202420203685364,0.0034602850112974703,433.7567565917969,430.66521911621095,429.7965454101562,430.1883544921875,428.80830810546877,427.1448109944661,1
2023-07-06,445.0280151367188,453.7477281358442,443.9132775535764,448.1245084232253,103264,Financial Services,-0.00685498359636616,0.03965519811971574,0.005323818035919858,0.029885082935616758,436.7046203613281,432.4710968017578,430.78247070312506,431.12721252441406,429.56335693359375,428.1726033528646,0
2023-07-07,452.28619384765625,456.7946758410837,447.1088511810118,449.7099054631872,184340,Financial Services,0.01630948718746983,0.0035378494372921843,0.00671506988642645,0.007198643944705374,441.35679321289064,435.23316955566406,432.3232849121094,432.3125518798828,430.782138671875,429.44395751953124,1
2023-07-10,461.3279113769531,464.2262166423855,453.3265616091597,454.5651587720263,232826,Financial Services,0.019991142007625307,0.010796411753124069,0.01626888664500803,0.0139064802938349,447.6042785644531,438.70867309570315,434.48174845377605,433.8013442993164,432.2565649414062,431.0004608154297,1
2023-07-11,464.9198913574219,468.51182350218704,460.7829582609704,465.1180487805146,211846,Financial Services,0.007786175282019192,0.023215351649466864,0.009231720885559014,0.016448179487526637,454.3323486328125,442.1841796875,437.06464029947915,435.3570251464844,434.0015026855469,432.30181579589845,1
2023-07-12,462.2444763183594,470.0228728037088,458.67731032465633,470.0228728037088,181688,Financial Services,-0.005754572107575573,0.010545331526166546,0.0032252106045616014,-0.004569717474493751,457.1612976074219,445.4590270996094,439.4972452799479,436.63773345947266,435.5829431152344,433.5338063557943,0
2023-07-13,496.6031494140625,541.341304482183,483.0529081378708,488.00729693928486,3911806,Financial Services,0.07433008906749916,0.038262870120124415,0.1517339597816938,0.05314323875310345,467.4763244628906,452.09047241210936,444.13950602213544,439.95593414306643,438.39703491210935,435.88218485514324,1
2023-07-14,516.6436767578125,521.2016901610256,487.5366129663801,507.8248406987179,1034624,Financial Services,0.04035521596549607,0.040609113600812874,-0.03720317321882882,0.009282016013097971,480.3478210449219,460.85230712890626,450.27138671875,444.3294189453125,441.91960571289064,439.0430857340495,1
2023-07-17,503.0686645507813,537.0309644128542,501.0125810470997,526.5524801981335,443634,Financial Services,-0.02627538634019666,0.03687814773623166,0.03037072701536747,0.027640935516054954,488.6959716796875,468.15012512207034,455.37110595703126,448.0353042602539,444.78026977539065,441.6631327311198,0
2023-07-18,505.4715270996094,510.2029926865029,496.2315797131637,510.2029926865029,159834,Financial Services,0.004776410693307032,-0.031050062674623624,-0.04995609844524118,-0.009542677199729899,496.806298828125,475.56932373046874,460.391552734375,452.00005493164065,447.6468798828125,444.4689687093099,1
2023-07-19,507.77532958984375,519.6658629295451,502.94480042059,509.7570851464606,427038,Financial Services,0.004557729499530039,-0.0008739806438499143,0.018547265262430113,0.013528402830200292,505.9124694824219,481.53688354492186,465.61017456054685,456.1010513305664,450.4926806640625,447.304530843099,1
2023-07-20,513.5719604492188,515.2564648337749,505.9669852995121,509.8066368403407,97780,Financial Services,0.011415739445351125,9.720648388000797e-05,-0.008485063981137575,0.006008979268489867,509.3062316894531,488.3912780761719,471.162392171224,460.43118743896486,453.82599365234375,450.215234375,1
2023-07-21,519.418212890625,523.6294440111487,513.1013662098395,516.1483278809549,132128,Financial Services,0.011383511740579833,0.012439404633722395,0.016250119598353763,0.014100487023089414,509.86113891601565,495.10447998046874,477.18858439127604,465.16882476806643,457.4357629394531,453.2431945800781,1
2023-07-24,524.4715576171875,525.9331385203595,518.5015557263931,519.7153567247241,82938,Financial Services,0.009728855479364196,0.006910860020439502,0.00439947473458302,0.010524605608524418,514.1417175292969,501.41884460449216,483.48065592447915,470.06375885009766,461.2565869140625,456.34051106770835,1
2023-07-25,528.9305419921875,532.5968018400648,523.5550421809195,527.5928811928712,163264,Financial Services,0.008501861178627834,0.015157382529144003,0.012670171988881762,0.009746328431834206,518.8335205078125,507.8199096679688,489.99072265625,475.0020446777344,465.366748046875,459.5113199869792,1
2023-07-26,545.379150390625,546.9645306358989,528.3360406012217,530.5902512475212,258542,Financial Services,0.0310978608580339,0.005681217775101555,0.02697674628573643,0.009131797108450135,526.3542846679687,516.1333770751953,496.47601725260415,480.7962020874023,470.15169799804687,463.1362813313802,1
2023-07-27,555.7338256835938,557.3687983501081,544.016743327653,547.4600197127729,186932,Financial Services,0.01898619572374982,0.03179434304642337,0.019021832553042017,0.029679411437817826,534.7866577148437,522.0464447021484,503.8564046223958,487.0684585571289,475.30228149414063,467.31943766276044,1
2023-07-28,565.3701171875,567.1288890090245,544.9827941997161,557.3687667951642,172140,Financial Services,0.01733976061660969,0.018099489872502428,0.01751101010283973,0.0017757741538504401,543.9770385742188,526.9190887451172,511.3953328450521,493.88569793701174,480.9304675292969,471.85930887858075,1
2023-07-31,576.3936767578125,584.5931549543275,556.0558840136123,565.7912713118088,355902,Financial Services,0.019497952288582976,0.015111188531559572,0.03079417445268784,0.020318237441159237,554.3614624023437,534.2515899658204,519.0663838704427,501.2008575439453,486.92329956054687,476.77406616210936,1
2023-08-01,622.04833984375,631.6102743998504,579.143282392909,579.1680785294511,366400,Financial Services,0.07920743222365467,0.023642653918339196,0.08042707829720697,0.041519924602994696,572.9850219726562,545.9092712402344,529.5416137695313,510.7392974853516,494.59864013671876,483.3031270345052,1
2023-08-02,611.9166259765625,627.7211403429097,600.6701861696661,619.2986783177878,227104,Financial Services,-0.01628766322201336,0.06929007532706422,-0.0061574901716664465,0.037170255498452986,586.2925170898437,556.3234008789062,539.5197570800781,518.930142211914,501.8954650878906,489.508501180013,0
2023-08-03,612.6101684570312,621.7757876373427,604.7574743901158,612.31291722794,85620,Financial Services,0.001133393751741707,-0.011280116257995743,-0.009471327829295717,0.006804546512477083,597.6677856445312,566.2272216796875,547.2535583496094,527.3092498779297,509.1883239746094,495.6965321858724,1
2023-08-04,638.2244262695312,641.2218560852366,614.36908939398,618.8032437708792,320332,Financial Services,0.04181167589335666,0.01059968908107023,0.03127504935788217,0.015893338091533593,612.2386474609375,578.1078430175781,555.3589416503906,536.6061614990234,517.5562878417969,502.81516418457034,1
2023-08-07,639.76025390625,653.3848231908157,622.8905357461906,643.0796702315016,208518,Financial Services,0.0024064068586278076,0.03923125275279116,0.018968422536056462,0.013870239403835027,624.911962890625,589.6367126464844,564.4717142740885,545.5277786254883,525.9430786132813,509.9214101155599,1
2023-08-08,643.798095703125,648.1579824940954,638.8437063853792,643.723828246067,107206,Financial Services,0.006311492113210804,0.0010016768440737067,-0.007999635913174319,0.025611515545147068,629.2619140625,601.1234680175781,573.6934855143229,554.4716888427735,534.4438208007813,517.0425191243489,1
2023-08-09,638.2244262695312,645.0367117794189,636.6390458331304,643.8229105526482,59022,Financial Services,-0.008657480459780542,0.00015392052031248937,-0.004815601749848075,-0.003451017095750908,634.5234741210937,610.4079956054687,582.3900919596355,563.2706863403321,542.04880859375,524.0001332600912,0
2023-08-10,640.4786376953125,644.1944294436898,638.6455379574655,644.1944294436898,74450,Financial Services,0.0035320043122719635,0.0005770513676233158,-0.001305789764128984,0.0031516950420618084,640.09716796875,618.8824768066406,590.850537109375,570.4644607543945,549.8668334960937,531.0064646402994,1
2023-08-11,706.64453125,739.6902818751738,639.215248196691,644.0705736354494,1220820,Financial Services,0.10330694836720511,-0.0001922646371645964,0.1482407299205486,0.0008920601575759246,653.7811889648438,633.0099182128906,603.3322916666667,579.964503479004,560.0411669921875,540.2604380289714,1
2023-08-14,702.6314697265625,717.3212461676536,687.0004076966353,706.4959175905719,228596,Financial Services,-0.005679038534889269,0.09692314244813804,-0.030241083674660274,0.07475597560407454,666.3554321289063,645.6336975097656,615.209619140625,589.942643737793,569.6933093261719,549.345137532552,0
2023-08-16,705.7031860351562,719.8727265754453,696.116455350905,710.0878082341754,147682,Financial Services,0.004371731755466568,0.0050840925675172954,0.0035569564144701804,0.013269348245125157,678.7364501953125,653.9991821289062,626.994462076823,599.9542266845704,579.3246411132812,558.4925923665364,1
2023-08-17,696.6366577148438,711.8218728043989,693.6392885169488,710.4594157657965,159242,Financial Services,-0.012847509405832347,0.0005233261679919998,-0.011183718279404231,-0.0035585523297354538,690.418896484375,662.4711853027344,637.0782958984375,609.3972930908203,588.7003283691406,566.7771565755208,0
2023-08-18,689.6261596679688,699.7579215629028,668.8425217932282,693.6144670448293,327094,Financial Services,-0.010063349336038807,-0.023709938030464728,-0.016947991769299287,-0.035748792108846406,700.2484008789063,670.1727844238281,646.0044514973958,618.2000030517578,596.4212487792969,574.9304280598958,0
2023-08-21,704.7369995117188,706.1242525451162,687.9416701282191,689.6261139108585,111790,Financial Services,0.021911639562839813,-0.005750100846314998,0.00909790484114037,0.028555523479255385,699.86689453125,676.8240417480469,655.295576985677,627.4659423828125,603.9449816894531,583.3454549153646,1
2023-08-22,698.0238647460938,710.3850408696171,693.6144465260734,706.0004187854676,125354,Financial Services,-0.009525730549518774,0.023743742506719512,0.0060340489781276485,0.008246013643565142,698.9453735351562,682.6504028320312,663.4042561848959,636.1435577392579,611.7431896972656,591.2353200276692,0
2023-08-23,697.8009033203125,706.0004414101481,693.6144687538297,703.0278079726316,90754,Financial Services,-0.0003194180558029336,-0.004210494404450538,-0.006172144973804028,3.2046270748153916e-08,697.3649169921875,688.05068359375,668.4544270833334,644.5870758056641,619.4363647460938,598.9980204264323,0
2023-08-24,707.6353759765625,722.3498865104233,697.8504581037362,705.5049646027728,136068,Financial Services,0.014093522392211177,0.0035235542635001504,0.023157839770778565,0.006107123684309768,699.5646606445313,694.9917785644532,674.8356770833333,652.6998870849609,627.4307666015625,607.1777170817057,1
2023-08-25,703.523193359375,717.4202778139164,696.0916103309308,708.3289261930845,90494,Financial Services,-0.00581116031898854,0.004002752258308595,-0.006824405718842352,-0.0025203791906716067,702.3440673828125,701.2962341308594,680.8965454101562,660.08935546875,635.0288159179687,614.0750518798828,0
2023-08-28,698.8165893554688,709.4685260241271,696.6119103758672,709.4685260241271,103202,Financial Services,-0.006690048101231527,0.001608856830353389,-0.011083812425848216,0.0007474591522356189,701.1599853515625,700.5134399414062,684.9360229492188,666.7616790771484,642.2047509765625,620.1474822998047,0
2023-08-29,702.978271484375,708.9235383197154,696.8843487867985,705.4802016572183,97300,Financial Services,0.005955328182384312,-0.005621566314237159,-0.0007681633284929434,0.00039109065876341553,702.1508666992188,700.5481201171875,689.150557454427,673.0909088134765,649.34501953125,626.8111358642578,1
2023-08-30,709.4437255859375,759.0619447001523,701.5910309293042,710.0134924302045,353486,Financial Services,0.00919723178343812,0.006425822811663817,0.07072470255293606,0.006753892738012635,704.4794311523438,700.9221740722656,693.526932779948,677.4606781005859,656.565546875,633.6102091471354,1
2023-08-31,706.7435913085938,723.1426068135586,681.2284879420375,710.8804940306019,613128,Financial Services,-0.00380598795924747,0.001221105809454226,-0.0473206938345232,-0.02902337984608372,704.30107421875,701.9328674316406,698.0948771158854,682.2020263671875,663.0201245117188,640.2424845377604,0
2023-09-01,693.0199584960938,713.8283923256614,689.6509497799541,696.2403113506697,156460,Financial Services,-0.01941812134028631,-0.02059443577769904,-0.012880190435658578,0.012363637145241135,702.2004272460938,702.2722473144531,701.5976318359375,686.2225158691406,668.5115698242188,646.2240844726563,0
2023-09-04,693.7135009765625,699.0394689779588,690.1463652041883,699.0394689779588,134648,Financial Services,0.0010007539782459496,0.004020390060234913,-0.020717757246276114,0.0007183567635080657,701.1798095703125,701.1698974609375,700.7355631510417,688.9969696044922,673.6453051757812,652.0339274088542,1
2023-09-05,690.6170043945312,708.4776002566897,678.7512673787866,698.4697590458139,169064,Financial Services,-0.004463653334802031,-0.000814989649980391,0.013501571366964615,-0.01651113213069,698.7075561523437,700.4292114257812,699.9345987955729,691.5398071289062,678.21423828125,657.572108968099,0
2023-09-06,683.6808471679688,690.1463486383801,678.7512545833315,690.1463486383801,720050,Financial Services,-0.010043420857619112,-0.01191663676148913,-0.02587414423782486,-1.885146394542403e-08,693.55498046875,699.0172058105469,698.4664428710937,693.5339447021485,680.6795385742188,662.7304524739583,0
2023-09-07,685.2415161132812,692.9208189021172,681.2532693390107,683.680871515358,133304,Financial Services,0.0022827448681315143,-0.009368269694939535,0.004020118731644207,0.0036862027713158163,689.2545654296875,696.7778198242188,697.7067667643229,695.884799194336,683.6125341796875,667.3925313313802,1
2023-09-08,685.0186767578125,712.4412105624345,682.7148735431397,685.1920682947475,338416,Financial Services,-0.000325198269849003,0.0022103832977511395,0.02817117212792941,0.0021454637649622743,687.6543090820312,694.9273681640625,697.3996012369792,698.1118011474609,686.5088745117188,671.7020263671875,0
2023-09-11,679.1971435546875,691.1372079548634,670.6508232412672,691.1372079548634,141434,Financial Services,-0.008498356907111315,0.008676603152911078,-0.029902821863368678,-0.01767070085827005,684.7510375976562,692.9654235839844,695.696944173177,696.7394317626953,688.147783203125,675.496260579427,0
2023-09-12,677.6116943359375,686.7525774510892,669.3378896909891,679.1971349508764,159348,Financial Services,-0.0023342990084620485,-0.017275980610736763,-0.006344081107640953,-0.0019577006465639757,682.1499755859375,690.4287658691406,694.3361328125,695.4884429931641,689.6618408203125,678.870194498698,0
2023-09-13,684.3993530273438,687.1737989519486,670.3288752573802,676.2741424436985,105636,Financial Services,0.010017032982375218,-0.004303599583630913,0.0006133526319227478,0.001480546046554565,682.2936767578125,687.9243286132812,693.442696126302,694.4232513427735,691.2858911132812,680.9485616048177,1
2023-09-14,695.8934936523438,702.309463941536,684.6717900393719,684.6717900393719,96844,Financial Services,0.01679449370335795,0.012417519861588566,0.022025963464660236,0.02139683267632564,684.424072265625,686.8393188476563,692.6599039713542,694.3860931396484,693.5926538085937,683.7477905273438,1
2023-09-15,699.3615112304688,707.833503986647,695.5961878364317,698.568821117784,77590,Financial Services,0.004983546490603619,0.020297361860947882,0.00786553553487468,0.01595567095941197,687.2926391601562,687.4734741210938,692.3824584960937,694.8728607177734,695.94796875,686.639501953125,1
2023-09-18,727.9979248046875,740.1609133965254,699.4358603967244,701.0460368063502,264756,Financial Services,0.0409465106591802,0.003546129763710937,0.04567092293287134,0.005519973552810198,697.0527954101562,690.9019165039062,694.327880859375,696.0359069824219,696.8021044921875,689.6319519042969,1
2023-09-20,755.4204711914062,773.3801315165011,725.4464174074548,725.4464174074548,437756,Financial Services,0.037668440324298835,0.03480567511979915,0.04488107588326429,0.03718790883266565,712.61455078125,697.3822631835938,697.8240275065104,698.9057373046875,698.9136645507813,693.4872924804688,1
2023-09-21,786.2120361328125,794.8326854572032,750.6642935373973,752.0762823671132,316284,Financial Services,0.0407608293866375,0.03670824518622107,0.027738692871041692,0.03476187286176735,732.9770874023437,707.6353820800781,702.9419148763021,703.3262939453125,702.1340185546875,698.234423828125,1
2023-09-22,772.8351440429688,782.7934537321124,764.3878866958363,782.7934537321124,185582,Financial Services,-0.017014356782988793,0.04084315924485593,-0.01514687549388527,0.01828193145269852,748.3654174804688,716.3947448730469,707.3480183919271,706.5862823486328,705.1819580078125,702.7214477539062,0
2023-09-25,805.3111572265625,814.5015732572847,773.900378514067,783.759564503514,224946,Financial Services,0.04202191558435153,0.0012341835088112152,0.04050636777044825,0.012444587340793234,769.5553466796875,728.4239929199218,714.8340983072917,711.6756805419922,709.8093579101562,708.2158650716145,1
2023-09-26,840.9085083007812,849.1079861903908,801.2733944559959,805.9800642250642,332754,Financial Services,0.044203225988838524,0.028351168812371874,0.042487840501904905,0.035370206168507945,792.1374633789062,744.5951293945312,724.6470987955729,718.7802764892579,715.2562182617188,712.6913309733073,1
2023-09-27,836.2512817382812,846.6802336768466,818.0191071097905,842.2460799765564,171868,Financial Services,-0.005538327316857328,0.044996169708442224,-0.002859179931208211,0.02089887517750877,808.3036254882812,760.4590881347656,734.3560506184896,725.4439270019532,720.7853149414062,717.1453247070312,0
2023-09-28,837.7623901367188,857.084507383707,825.3764175424955,842.2461364071803,174248,Financial Services,0.0018070027890377816,6.700016208505133e-08,0.012288315343891076,0.008994056946542095,818.6136962890625,775.7953918457031,744.6281534830729,731.8598602294921,726.3837744140625,721.5472981770833,1
2023-09-29,832.7337036132812,849.6528931840871,827.8288465471883,847.1756987545835,126276,Financial Services,-0.00600252121919298,0.005852876177540711,-0.008670806828961597,0.0029712855281167627,830.593408203125,789.4794128417968,754.4609659830729,738.1593658447266,731.3877075195312,726.0838663736979,0
2023-10-03,860.05712890625,871.9724585683805,818.4650577016845,836.9449527479235,255026,Financial Services,0.03281172021068768,-0.012076297775892364,0.026269039466987998,-0.011311261844232035,841.5426025390625,805.548974609375,766.130196126302,746.5112243652344,737.6490649414062,731.7648986816406,1
2023-10-04,880.8408813476562,891.7157416155413,848.2409757249619,861.048059905883,420352,Financial Services,0.024165548709348394,0.02879891572178339,0.022642094773928756,0.03638019453987518,849.5290771484375,820.8332702636719,779.5731119791667,755.8675933837891,744.9300366210938,737.6350280761719,1
2023-10-05,879.4288940429688,884.6805345883031,873.0129236331929,883.763984666445,175190,Financial Services,-0.001602999286916873,0.02638171528200761,-0.007889517588298256,0.029203903863591618,858.164599609375,833.2341125488281,793.0275919596354,765.3081878662109,751.9880615234375,743.6818623860677,0
2023-10-06,901.525390625,909.0808337171178,877.4222764682398,895.2580765545508,220828,Financial Services,0.025125961554944842,0.01300583876185435,0.027580915567640085,0.005050730310722784,870.9171997070313,844.7654479980469,807.5026611328125,776.2004150390625,759.671328125,750.4726786295573,1
2023-10-09,936.4290161132812,977.0054725295292,874.1275768787029,900.7078849181968,846110,Financial Services,0.03871618686644385,0.006087416027141357,0.07471793078584232,-0.0037549759994680576,891.6562622070312,861.1248352050782,823.5383626302083,788.7597900390625,768.8587451171875,758.0991333007812,1
2023-10-10,940.9623413085938,959.343112607704,924.5137938366872,946.2883095429322,289356,Financial Services,0.00484107723843108,0.050605113364667664,-0.018078056283652333,0.05764171991678979,907.8373046875,874.6899536132812,839.6450846354167,801.5569732666015,778.7764404296875,766.0137715657552,1
2023-10-11,945.817626953125,950.5985638073986,928.2047504120804,933.9270937212648,162384,Financial Services,0.005159914941738286,-0.01306284321280271,-0.00911514210649389,0.003992321802009924,920.8326538085937,885.1808654785157,854.1663981119792,814.8879974365234,788.86060546875,774.247139485677,1
2023-10-12,948.9141845703124,954.0914970760616,914.3077277385532,953.1749471727296,256800,Financial Services,0.003273947882704187,0.020609588886399077,0.003674456707227547,-0.014971936598425661,934.7297119140625,896.4471557617187,867.0659790039062,828.4531219482421,799.1924926757813,782.4450032552083,1
2023-10-13,933.4564208984376,956.1970785407568,893.3011342757626,936.379522508824,576722,Financial Services,-0.0162899489998396,-0.01762050577779406,0.002206896792548818,-0.02297540841610113,941.11591796875,906.0165588378907,876.8822713216146,840.9059753417969,809.183515625,789.9120930989583,0
2023-10-16,899.5188598632812,941.284383562312,892.4341198399924,933.902331814626,153496,Financial Services,-0.03635687780956287,-0.002645498576860139,-0.015595838256693861,-0.0009705735305857166,933.73388671875,912.6950744628906,885.3278523763021,851.0872436523438,817.754609375,796.3379353841145,0
2023-10-17,884.6061401367188,922.5320114451056,877.001165253342,919.039143071192,159148,Financial Services,-0.01657855148120979,-0.01591514255516846,-0.0199221111543757,-0.01729310236302639,922.462646484375,915.1499755859375,890.6141845703125,860.3494750976563,825.7381079101563,802.7241414388021,0
2023-10-18,933.4068603515624,946.2882713755224,884.3336145477784,900.6830977704969,232944,Financial Services,0.05516660805372808,-0.01997308323490321,0.025751149700706577,0.008360820469740515,919.9804931640625,920.4065734863282,896.7807413736979,870.619921875,835.9064965820312,810.7139200846354,1
2023-10-19,937.5189819335938,954.7106862386,915.0755773132818,951.2178180732056,142374,Financial Services,0.004405497491718258,0.05610710407223096,0.008900474747335574,0.03476285675426216,917.7014526367187,926.2155822753906,903.5319213867188,879.7248474121094,846.3027880859376,818.9439860026042,1
2023-10-20,941.752685546875,950.8175535658696,926.4120741919944,931.4425792091216,89174,Financial Services,0.004515859086446916,-0.02078939070353092,-0.004077814073778385,0.012388590800332944,919.3607055664063,930.2383117675781,910.4646077473958,887.5018798828125,856.5969213867188,827.5463806152344,1
2023-10-23,933.360107421875,946.334881031682,918.841386702634,940.681787454929,134874,Financial Services,-0.00891165828757523,0.009919246180105201,-0.004714545411342197,-0.008172051833373883,926.128955078125,929.9314208984375,917.1730346679688,895.5281280517578,866.0955859375,835.8170003255208,0
2023-10-25,911.7687377929688,956.5951266795422,903.5007715582702,933.360102946732,88788,Financial Services,-0.023132946712867253,-0.007783380741330448,0.010842087567008551,-0.016695607496975406,931.561474609375,927.012060546875,920.6204752604167,900.8510070800781,874.591875,843.3753356933594,0
2023-10-26,907.4354858398438,923.8966944366722,866.5936674953942,906.48913886461,134004,Financial Services,-0.004752577899977184,-0.02878949292699251,-0.03418210205227601,-0.04084900115715695,926.3671997070312,923.1738464355469,922.3934488932292,904.1773559570313,881.7693774414063,850.9832804361979,0
2023-10-27,922.651611328125,936.3734918719732,911.5695314376188,915.9525806130632,70274,Financial Services,0.016768272484074753,0.010439663690076095,0.013504537369200653,0.051899599119172635,923.3937255859375,920.5475891113281,925.2749633789062,908.4973724365234,888.458623046875,859.1512776692708,1
2023-10-30,946.5838623046876,969.320813856472,931.9156968087876,966.2576652833958,89312,Financial Services,0.02593855652851773,0.05492105785286672,0.03518609002763573,0.02231992697154017,924.3599609375,921.8603332519531,928.2788614908854,913.9384460449219,894.87349609375,867.8907613118489,1
2023-10-31,950.8673095703124,958.6621326804756,943.3713776922352,946.583911240028,78984,Financial Services,0.0045251640517045555,-0.02036077409807424,-0.010996030440727389,0.012292615010859764,927.8614013671875,926.9951782226562,929.2414143880209,919.8451263427735,901.9947827148437,876.3898885091146,1
2023-11-01,1008.27001953125,1034.5183977850245,950.867336619496,950.867336619496,430786,Financial Services,0.060368791084927764,0.004525140696567176,0.07912721543767498,0.00794592575576969,947.1616577148437,939.3615661621094,933.728592936198,927.2557708740235,910.1131372070313,886.6868387858073,1
2023-11-02,991.0118408203124,1045.9490962428454,984.6863634629073,1045.9490962428454,149450,Financial Services,-0.017116623897000305,0.09999476894577342,0.011049294514524632,0.03556650390752081,963.8769287109375,945.1220642089844,936.7415405273438,932.7643188476562,916.1172705078125,895.4539693196615,0
2023-11-03,1008.3944702148438,1020.0493430324748,978.80904253922,1010.4614768931316,128044,Financial Services,0.01754028426153087,-0.03392862948798259,-0.024761963372218698,-0.005968723790403807,981.0255004882813,952.2096130371094,940.7068929036458,939.21259765625,923.002998046875,903.8864359537761,1
2023-11-06,1020.24853515625,1045.949046070878,1011.6568716489188,1020.9209796113248,113630,Financial Services,0.01175538471455595,0.010351213734889786,0.02539063743858394,0.0335589759412982,995.7584350585937,960.0591979980469,946.4930338541667,945.1487548828125,930.3024438476563,911.6876525878906,1
2023-11-07,1020.0991821289062,1035.4895261578888,1011.5821200705492,1035.4895261578888,52786,Financial Services,-0.0001463888672194047,0.014270004082108656,-0.010000028158427599,-7.389024921833354e-05,1009.6048095703125,968.73310546875,954.5317220052083,949.3322631835938,937.7970629882813,919.9297871907552,0
2023-11-08,1003.189697265625,1026.0511678801704,998.6323355444758,1018.580103025723,46796,Financial Services,-0.0165763144991371,-0.016329883311236415,-0.009114875659572141,-0.012801515832615018,1008.5887451171875,977.8752014160157,962.4372924804687,952.4436309814453,943.5223657226562,926.5257385253906,0
2023-11-09,1001.1475830078124,1020.1738698453146,987.8739794252584,1004.5842240797411,56784,Financial Services,-0.002035621242302166,-0.013740577598567505,-0.005728074991618981,-0.01077309009161187,1010.6158935546875,987.2464111328125,966.9533406575521,955.2101287841797,948.3346337890625,931.867041015625,0
2023-11-10,1030.5836181640625,1045.9491580059462,996.1420552437584,996.1420552437584,99820,Financial Services,0.0294022935837428,-0.008403644645839758,0.025265583566201233,0.00836956534001465,1015.0537231445312,998.0396118164062,973.1576497395833,959.2936004638672,954.3808227539063,938.344785563151,1
2023-11-13,1040.0968017578125,1051.8513264044964,1034.2693951759427,1051.8513264044964,64804,Financial Services,0.009230870184699036,0.055925026824719115,0.00564288269020885,0.03827500277844864,1019.0233764648438,1007.3909057617187,979.7139241536458,964.625619506836,959.9236791992188,945.0892659505208,1
2023-11-15,1062.161376953125,1068.362336826017,1048.9375670655445,1048.962494936393,47032,Financial Services,0.0212139631215309,-0.002746425655019147,0.01569709521397833,0.014182157915546334,1027.4358154296874,1018.5203125,988.3006754557292,972.7577453613281,964.9529736328125,952.7368550618489,1
2023-11-16,1049.7344970703125,1070.6782855170034,1045.949108798723,1062.1613443049764,58926,Financial Services,-0.011699615663355978,0.012582765763597292,0.002167755836345542,-0.002849033498897202,1036.744775390625,1022.6667602539062,997.4983927408854,981.0141632080079,969.3038598632812,959.0594340006511,0
2023-11-17,1083.2794189453125,1088.5340919359337,1041.6655655788857,1049.7344124760157,94662,Financial Services,0.03195562494003967,-0.011699664929053055,0.016677097743051927,-0.0040953648545645205,1053.171142578125,1031.8935180664062,1009.2213216145833,988.5077911376953,974.8023315429688,965.8073852539062,1
2023-11-20,1168.6239013671875,1191.6098272088566,1093.7638128099168,1098.121933648754,307948,Financial Services,0.07878344306122509,0.046095012793385015,0.09469224348279703,0.050014370209193304,1080.77919921875,1047.9164611816407,1025.619474283854,1000.063037109375,983.5907202148437,975.4472188313802,1
2023-11-21,1138.615234375,1183.790249775168,1096.3538613665053,1183.4166965250024,202306,Financial Services,-0.02567863532234793,0.07767330772898551,-0.006562196161141731,0.0023680144892841426,1100.4828857421876,1059.7531311035157,1038.4215657552083,1009.9061645507812,991.7970727539063,983.3502136230469,0
2023-11-22,1210.810546875,1227.2468891402716,1106.2405694193037,1145.065177813914,246644,Financial Services,0.06340624147684881,-0.03240745108946341,0.03670974598190613,0.00901780748094927,1130.2127197265625,1078.824267578125,1055.751114908854,1023.7786865234375,1004.248740234375,992.4962646484375,1
2023-11-23,1248.8631591796875,1265.1003221908588,1200.7495742166138,1224.2585007657997,174140,Financial Services,0.03142738754869456,0.06916053730939264,0.030844187412937707,0.0854325970407328,1170.0384521484375,1103.3916137695312,1071.7906575520833,1040.6334075927734,1018.8190209960937,1002.7596252441406,1
2023-11-24,1252.52392578125,1269.5828558768887,1231.2812483310936,1240.1966697267371,128576,Financial Services,0.002931279199529735,0.013018630420754906,0.003543223890945857,0.02542717879737677,1203.887353515625,1128.529248046875,1089.2247965494792,1057.8878295898437,1031.5837036132812,1012.9831685384114,1
2023-11-28,1260.8416748046875,1269.0349175651857,1252.5239143074057,1252.972129520086,107574,Financial Services,0.006640790528811058,0.010301156344955986,-0.0004315892493086393,0.017252488824226697,1222.330908203125,1151.5550537109375,1106.0546101888021,1074.7973327636719,1044.516611328125,1023.3807515462239,1
2023-11-29,1238.0052490234375,1267.5906159384062,1225.3044393156067,1261.1156933422571,83156,Financial Services,-0.018112048671604652,0.006499397416996233,-0.0011381102338385851,-0.02173170083291398,1242.2089111328125,1171.3458984375,1120.5717244466146,1089.3684020996093,1056.3667138671874,1033.5323791503906,0
2023-11-30,1292.7432861328125,1317.2483551197142,1236.8098882692234,1242.687150414705,323012,Financial Services,0.04421470519010606,-0.01461288843271158,0.03917490280925273,0.009389869639289783,1258.595458984375,1194.4040893554688,1138.747998046875,1106.4622009277343,1070.742041015625,1046.6398600260416,1
2023-12-01,1293.4903564453125,1344.7916682334785,1257.7288351701943,1344.7916682334785,120996,Financial Services,0.0005778953335235926,0.08216429837928207,0.020909734300834426,0.01691363167401949,1267.5208984375,1218.7796752929687,1158.1013753255208,1120.7232177734375,1086.0109057617187,1060.2693339029947,1
2023-12-04,1328.6541748046875,1350.768477342678,1302.9536639854152,1337.19604334283,103846,Financial Services,0.02718521880287539,-0.005648179617758986,0.004444412655419283,0.0359575351622603,1282.7469482421875,1243.3171508789062,1179.935148111979,1137.6053344726563,1102.8596533203124,1073.4442443847656,1
2023-12-05,1308.058837890625,1341.2801460742496,1297.5246858939506,1341.2801460742496,96794,Financial Services,-0.01550090106561397,0.0030542288483068614,-0.0070243949481959556,-0.004166670113853965,1292.190380859375,1257.26064453125,1198.43349609375,1152.5885528564454,1118.2759423828124,1085.7955729166667,0
2023-12-06,1293.9136962890625,1319.066279850966,1275.0616617519331,1309.9266290654623,87580,Financial Services,-0.010813842001459961,-0.023375815336233008,-0.016561690179565103,-0.017312213313723013,1303.3720703125,1272.7904907226562,1215.3546223958333,1166.271810913086,1132.1691357421876,1097.5342732747397,0
2023-12-07,1285.720458984375,1304.9211207757407,1277.5521430448102,1304.8961929053205,53376,Financial Services,-0.006332135851243925,-0.003840242688806672,-0.01072361509902564,0.0019532241989419497,1301.9675048828126,1280.2814819335938,1230.2585611979166,1179.5528747558594,1145.56326171875,1109.2796183268229,0
2023-12-08,1242.88623046875,1285.720333219143,1230.260204536242,1285.720333219143,97426,Financial Services,-0.03331535110630568,-0.014695314301962137,-0.014714136548869328,-0.03701761901933531,1291.8466796875,1279.6837890625,1243.135343424479,1191.5377014160156,1154.94791015625,1120.3168680826823,0
2023-12-11,1243.16015625,1277.7511592105548,1217.0612872584336,1270.0809152639954,120218,Financial Services,0.00022039489579572802,-0.01216393452842901,-0.0061982172970970195,-0.01072855744592982,1274.7478759765625,1278.747412109375,1253.7940592447917,1203.638330078125,1165.0338427734375,1131.5076904296875,1
2023-12-12,1245.4263916015625,1260.0945565369077,1232.7255825690331,1243.160144493535,52838,Financial Services,0.0018229633086042085,-0.02119610683612605,-0.01381849865396012,0.01287058874897351,1262.22138671875,1277.2058837890625,1258.9142252604167,1214.38046875,1174.5151196289062,1142.2668497721354,1
2023-12-13,1251.8267822265625,1283.6534701241865,1235.714136920402,1245.1774858125775,94478,Financial Services,0.00513911594307026,0.0016227525697136702,0.018696147416131348,0.0024243468243279054,1253.80400390625,1278.588037109375,1266.4616617838542,1224.9669677734375,1183.7782495117187,1152.4416137695312,1
2023-12-14,1290.97509765625,1344.7667653865,1261.090837806111,1291.9961675210027,172668,Financial Services,0.031272949249461224,0.037600006619034065,0.04760887317696505,0.020536060992999428,1254.854931640625,1278.4112182617187,1271.8059651692708,1236.4076538085938,1194.6132861328124,1163.7785400390626,1
2023-12-15,1273.6671142578125,1318.8919845744213,1250.7061145252549,1294.984576999054,79264,Financial Services,-0.013406907251627076,0.0023130172930663218,-0.019241091822076783,-0.008234714716445213,1261.0111083984375,1276.4288940429688,1273.459562174479,1247.6042846679688,1205.4323828125,1172.6251098632813,0
2023-12-18,1265.498779296875,1294.486486218998,1223.909852171332,1289.9789194980938,127642,Financial Services,-0.006413241630798705,-0.003865418623409611,-0.01850454672624191,-0.02142490713263545,1265.4788330078125,1270.1133544921875,1274.324552408854,1256.7152526855468,1216.0064306640625,1181.7746744791666,0
2023-12-19,1267.067626953125,1279.519401273306,1245.1774320181182,1267.5906257944443,85316,Financial Services,0.0012397069692329232,-0.017355550052213453,-0.011562179369989933,0.01737675353217849,1269.807080078125,1266.0142333984375,1274.7396158854167,1261.6374389648438,1225.465791015625,1190.3971130371094,1
2023-12-20,1231.87890625,1284.9483903481648,1227.2468220902597,1269.2839616747135,134352,Financial Services,-0.027771777886664295,0.0013358696773320133,0.004242990820972459,-0.01440004409556117,1265.8175048828125,1259.8107543945312,1274.331193033854,1266.3006225585937,1233.1370751953125,1197.4514587402343,0
2023-12-21,1269.1595458984375,1270.5790968612146,1190.389667384674,1220.273926816925,114568,Financial Services,0.030263234039719533,-0.0386123486450769,-0.011182778697482743,-0.030032389607503762,1261.45439453125,1258.1546630859375,1272.758943684896,1269.2180725097655,1241.417001953125,1205.7534708658854,1
2023-12-22,1285.446533203125,1293.7393663534813,1269.1595149304671,1270.0809948802223,125436,Financial Services,0.012832891938072244,0.040816301134302346,0.018228120980016804,0.06617148124181305,1263.8102783203126,1262.410693359375,1272.2226888020834,1271.0472412109375,1250.8454833984374,1215.1620320638021,1
2023-12-26,1288.9329833984375,1292.3945522530444,1278.871852719751,1285.4464866759415,40132,Financial Services,0.002712248316252275,0.012098040879013672,-0.0010394783798125529,0.007652574538525192,1268.497119140625,1266.9879760742188,1269.574609375,1272.867694091797,1259.0716259765625,1224.7548787434896,1
2023-12-27,1280.54052734375,1299.9652961365955,1270.1059643249018,1298.969154147219,195046,Financial Services,-0.006511165563130916,0.010519821409482377,0.005857919990728044,-0.0068543915296961355,1271.19169921875,1270.4993896484375,1267.7400553385417,1273.85263671875,1263.548291015625,1233.086775716146,0
2023-12-28,1251.8267822265625,1329.77489283843,1245.302003561159,1291.224124918054,407790,Financial Services,-0.02242314437072057,-0.005962442760428344,0.022931071152765936,-0.0195290483317484,1275.1812744140625,1270.4993896484375,1264.9342610677083,1274.5437133789062,1268.0767529296875,1240.144441731771,0
2023-12-29,1291.8466796875,1295.4327664324594,1257.604299728173,1260.4432800012924,212992,Financial Services,0.03196919735952286,-0.023838498927299057,-0.025825518733224695,0.009878966011323653,1279.718701171875,1270.5865478515625,1265.34267578125,1274.4988830566406,1271.3181982421875,1247.8006184895833,1
2024-01-01,1278.7474365234375,1313.93622562654,1268.0887657651574,1301.9575937588852,131032,Financial Services,-0.01013993639495303,0.03293628076429611,0.014283612143791924,0.008336856067723941,1278.3788818359376,1271.094580078125,1267.7334228515624,1273.761737060547,1272.5135693359375,1255.4343831380208,0
2024-01-02,1284.3258056640625,1310.4246749131269,1250.1830175793516,1282.532701596846,130004,Financial Services,0.004362369754414619,-0.014919757951530221,-0.002672542734514116,-0.014120264029783058,1277.4574462890625,1272.9772827148438,1270.4777994791666,1271.5453186035156,1273.78564453125,1262.1359293619792,1
2024-01-03,1294.2374267578125,1307.4363075771628,1276.8049426567836,1280.042403989832,86768,Financial Services,0.0077173728426527255,-0.0019417030099219135,-0.0022804571626081627,0.021294422259053203,1280.196826171875,1275.6942626953125,1273.7318684895833,1270.854248046875,1275.121474609375,1266.323046875,1
2024-01-04,1328.554443359375,1393.552704289826,1287.538372352532,1287.538372352532,381556,Financial Services,0.02651524047448528,0.005856031284069418,0.06586660949644818,0.008406475677807279,1295.5423583984375,1285.36181640625,1278.8470458984375,1272.5862854003906,1278.7434423828124,1272.6543538411458,1
2024-01-05,1345.1651611328125,1378.0627727498504,1333.0620123417657,1333.0620123417657,171800,Financial Services,0.012502850640757845,0.0353571132066961,-0.011115425697422299,0.0353571132066961,1306.2060546875,1292.9623779296876,1282.459716796875,1275.5585205078125,1280.8403173828126,1277.1328409830728,1
2024-01-08,1374.50146484375,1393.5776067750635,1349.822146257777,1354.254929125655,197192,Financial Services,0.021808700194281272,0.01589792266802359,0.011258437809951172,0.012572658856709218,1325.3568603515625,1301.86787109375,1289.1820068359375,1282.1392822265625,1284.08076171875,1281.3207845052084,1
2024-01-09,1385.907470703125,1407.9720400894937,1377.4651916623409,1384.139294351964,148938,Financial Services,0.008298285706571873,0.022067016027479625,0.010329122141780722,0.020479027908381076,1345.673193359375,1311.5653198242187,1297.2092529296874,1289.2766479492188,1286.3708935546874,1285.7669026692708,1
2024-01-10,1385.2349853515625,1394.1006731160453,1377.4152952848958,1394.1006731160453,138240,Financial Services,-0.00048523106035447405,0.007196803677728791,-0.00985201877486619,-3.6223330903029094e-05,1363.872705078125,1322.034765625,1305.0870768229167,1296.2670776367188,1289.457939453125,1289.9133463541666,0
2024-01-11,1395.893798828125,1410.885662598926,1384.6373458658734,1399.5794754975195,160452,Financial Services,0.007694588708252459,0.0039299904857144075,0.012040012465788008,0.005243190347674842,1377.340576171875,1336.4414672851562,1316.0214029947917,1303.4704284667969,1293.5371435546874,1295.1762980143228,1
2024-01-12,1402.14453125,1418.033069157662,1394.5988042169297,1404.4107786267257,223962,Financial Services,0.004477942682403535,0.0034519676901441088,0.0050659006241300375,0.007194272479215114,1388.7364501953125,1347.4712524414062,1324.887068684896,1309.0289001464844,1298.1941064453124,1298.8230061848958,1
2024-01-15,1402.14453125,1402.14453125,1402.14453125,1402.14453125,0,Financial Services,0.0,-0.001613664186586261,-0.011204631438602619,0.005410679408482055,1394.2650634765625,1359.8109619140625,1332.6669352213542,1315.4527709960937,1304.5644384765626,1302.4448120117188,0
2024-01-16,1316.302001953125,1354.8277190532688,1281.3622499671085,1339.5120365149671,196406,Financial Services,-0.061222311526149986,-0.04466907179618396,-0.03374603055688463,-0.08614110642018846,1380.3439697265626,1363.0085815429688,1334.4915364583333,1317.9929321289062,1307.4901123046875,1302.0330729166667,0
2024-01-17,1347.157470703125,1360.2318338072778,1294.7355005426652,1294.7355005426652,397072,Financial Services,0.023441025466964804,-0.03342749803786593,0.003988783723575917,0.010436744625417216,1372.728466796875,1368.3005859375,1338.932666015625,1321.9974243164063,1311.55935546875,1303.3363606770833,1
2024-01-18,1353.208984375,1369.0476657120123,1314.5338217763488,1347.157470663855,86534,Financial Services,0.00449206110159972,0.040488555461110076,0.006481124530117066,0.015291402163133183,1364.19150390625,1370.7660400390625,1345.6914794921875,1328.0639282226562,1315.6146435546875,1305.312870279948,1
2024-01-19,1383.865234375,1394.5986878819626,1353.2338703375926,1353.2338703375926,99146,Financial Services,0.022654483050272622,0.004510534073454142,0.01866335468799174,0.029440131490072963,1360.53564453125,1374.6360473632812,1351.8260498046875,1333.7992126464844,1319.3302490234375,1308.5843627929687,1
2024-01-23,1395.769287109375,1417.0119661876986,1346.211223617046,1359.7338023523434,188706,Financial Services,0.008602031786535402,0.004803258444254999,0.0160714895980405,-0.005189529226603429,1359.260595703125,1376.7628295898437,1359.6275065104167,1339.3153503417968,1324.2143359375,1313.6804646809896,1
2024-01-24,1469.334228515625,1494.212848116901,1395.769173613207,1399.5295120014855,237040,Financial Services,0.05270565994370191,0.02926727980160182,0.05448146082838101,0.036812908053913684,1389.867041015625,1385.1055053710938,1371.9614013671876,1348.3354125976562,1332.36775390625,1321.219600423177,1
2024-01-25,1515.2315673828125,1529.0779654615883,1482.2343637307506,1484.0025400953757,215960,Financial Services,0.03123682684065332,0.06035816134601135,0.023333434315349733,0.061948058283672,1423.4818603515625,1398.1051635742188,1386.6943440755208,1360.0699645996094,1342.2943115234375,1330.2131062825522,1
2024-01-29,1509.005615234375,1544.0200292498153,1465.1007072359346,1544.0200292498153,168720,Financial Services,-0.004108911325805709,0.04044298276644609,0.009771943697924002,-0.01155934372732459,1454.6411865234375,1409.4163452148437,1398.7244222005208,1372.92890625,1353.3793798828126,1338.785734049479,0
2024-01-30,1504.5728759765625,1528.5798734555024,1481.860790116364,1494.2129750298166,78528,Financial Services,-0.002937523368409689,-0.032258036344384844,-0.009999971180305711,0.011439543232525606,1478.78271484375,1419.6591796875,1409.3516031901042,1383.5652160644531,1362.7959130859374,1345.9056599934895,0
2024-01-31,1523.2255859375,1528.4553312664768,1498.7205178587374,1504.5977797864125,114548,Financial Services,0.012397345624638234,0.006950016450224306,-8.147574829964199e-05,0.01137740323168246,1504.273974609375,1431.76728515625,1419.2665445963542,1395.7891235351562,1372.3070751953126,1354.224275716146,1
2024-02-01,1600.7254638671875,1618.7306811111878,1529.0779049265682,1538.0431825450305,220708,Financial Services,0.050878792114031235,0.0222287997549524,0.05906312601880814,0.020255535776078748,1530.5522216796876,1460.2096313476563,1433.587744140625,1411.6091064453126,1384.7787744140626,1365.3984985351562,1
2024-02-02,1636.5118408203125,1658.5764101764669,1608.769310771768,1630.6844345098357,130296,Financial Services,0.022356348893625366,0.06023319307037256,0.024615415973907817,0.05211729604387094,1554.8082763671875,1489.145068359375,1450.3395345052083,1428.7228271484375,1399.017626953125,1377.7133056640625,1
2024-02-05,1728.25634765625,1741.2560481428245,1588.8961925700685,1650.1090639293984,180660,Financial Services,0.056061010099352604,0.011911948755064738,0.04984976119222684,-0.012352994347067603,1598.6584228515626,1526.6498046875,1472.4970377604166,1448.7079223632813,1418.0748095703125,1394.2592203776042,1
2024-02-06,1692.4202880859375,1767.1558640991814,1652.1014659574364,1753.2098764456366,154892,Financial Services,-0.02073538431894728,0.06248121095142922,0.014874214498195704,0.03977935983667513,1636.2279052734375,1557.5053100585938,1491.8487548828125,1466.0706787109375,1434.09775390625,1408.3679117838542,0
2024-02-07,1719.639892578125,1743.0989624817137,1693.4662385881606,1693.4662385881606,87212,Financial Services,0.01608324166509001,-0.034076717602456674,-0.013613344530721938,0.025037670798719436,1675.5107666015624,1589.8923706054688,1513.0151123046876,1483.3276000976562,1451.7334521484374,1422.8410237630208,1
2024-02-08,1692.6942138671875,1755.6752645343704,1684.6005604979534,1743.2484179888645,103566,Financial Services,-0.015669372888610922,0.029396617580169204,0.007214909952531601,-0.005235225768420726,1693.9045166015626,1612.228369140625,1538.1079264322916,1498.6669372558595,1468.0681884765625,1436.2997314453125,0
2024-02-09,1701.559814453125,1701.9084397990018,1645.6264223283297,1701.9084397990018,185152,Financial Services,0.0052375677268270415,-0.02371433569838277,-0.030624584068300487,-0.02313553674593538,1706.914111328125,1630.8611938476563,1561.7347493489583,1514.4831787109374,1484.361083984375,1450.3337076822916,1
2024-02-12,1627.9449462890625,1701.5598591087114,1614.945245485286,1701.5598591087114,362774,Financial Services,-0.043263168028989996,-0.0002048175343273284,-0.0002048175343273284,-0.018644071598968415,1686.8518310546874,1642.755126953125,1580.0504801432292,1526.0857360839843,1496.3367041015624,1462.8709798177083,0
2024-02-13,1677.2540283203125,1693.4413352009094,1618.730688059693,1627.9450012071095,96880,Financial Services,0.030289158207500222,-0.043263160862387684,-0.004771224394100715,0.0023440067612134907,1683.8185791015626,1660.0232421875,1599.6097330729167,1539.8412109375,1509.6202587890625,1475.717891438802,1
2024-02-14,1721.806396484375,1730.447976358574,1680.9396495254755,1701.9084857715934,67326,Financial Services,0.02656268365542669,0.04543365071279459,0.021852921851156948,0.038430704949660166,1684.2518798828125,1679.8813232421876,1621.3455403645833,1555.8243041992187,1523.5124560546874,1490.4865234375,1
2024-02-15,1782.172607421875,1792.532508003525,1738.840432673091,1743.2484094338315,107142,Financial Services,0.0350598133801554,0.02429033288678606,0.035877722123491385,0.03444548598991104,1702.14755859375,1698.0260375976563,1642.2014322916666,1579.1178344726563,1539.3630615234374,1507.081416829427,1
2024-02-16,1816.04150390625,1822.889980065352,1761.2288883632605,1796.4674111455456,139316,Financial Services,0.019004273965006258,0.030528639190898987,0.016935521072160675,0.012875509028595467,1725.043896484375,1715.97900390625,1662.2554280598958,1602.5620361328124,1556.595322265625,1524.4748860677084,1
2024-02-19,1835.640625,1862.7854938271605,1816.489819844564,1847.345293209877,105490,Financial Services,0.01079222091102694,0.02832107153665997,0.021885859376098216,0.03137634855209437,1766.5830322265624,1726.717431640625,1684.031095377604,1626.6836181640624,1574.1851953125,1541.3777587890625,1
2024-02-20,1836.5867919921875,1865.2757276581265,1818.7310212037244,1865.2757276581265,58062,Financial Services,0.0005154423906843508,0.009706054690563182,0.0013368333816308198,0.0012338089289991583,1798.4495849609375,1741.13408203125,1706.1653564453125,1649.3196960449218,1591.5628857421875,1557.7584798177083,1
2024-02-21,1819.1295166015625,1850.3336135578909,1809.0933138133648,1836.8856976585469,237140,Financial Services,-0.009505282008311022,-0.015220285976284886,-0.008010673102467059,-0.005299138398145775,1817.914208984375,1751.0830444335938,1725.89228515625,1670.4877075195313,1608.24228515625,1572.579414876302,0
2024-02-22,1823.4129638671875,1841.8665183397063,1811.06077901329,1841.8665183397063,57244,Financial Services,0.0023546686624200674,0.0027115572229172713,-0.004575983031461894,0.001087542132239605,1826.1622802734375,1764.1549194335937,1740.7381184895833,1688.1916442871093,1628.5267236328125,1587.162931315104,1
2024-02-23,1837.6329345703125,1850.3337449325684,1818.9552722728768,1831.382119268232,65140,Financial Services,0.007798546453770205,-0.005692268667180755,0.004597090238924961,0.004359043799671891,1830.48056640625,1777.7622314453124,1754.14619140625,1704.3117126464845,1648.1457421875,1602.2428629557292,1
2024-02-26,1837.5582275390625,1862.7605462886368,1822.9397955660224,1852.3509113963244,64568,Financial Services,-4.0653946631330484e-05,0.011449708887881327,0.006715978341799822,0.0021905559492767512,1830.8640869140625,1798.7235595703125,1761.4329833984375,1720.7393432617187,1667.5197119140626,1616.9650105794271,0
2024-02-27,1831.855224609375,1846.224621146897,1820.5988933232456,1842.8626420027035,50584,Financial Services,-0.003103576716219303,-0.005122285056921805,-0.008877107245311655,-0.0012841357945394538,1829.9177734375,1814.1836791992187,1770.7286458333333,1737.1034606933595,1685.4393115234375,1631.288700358073,0
2024-02-28,1825.953125,1856.011635427421,1809.417192924684,1837.8819005495488,58424,Financial Services,-0.003221924707851098,-0.002702719855312674,0.005301096176717701,-0.006141770402897984,1831.2824951171874,1824.5983520507812,1777.8161946614584,1752.2398376464844,1702.6466650390626,1645.415653483073,0
2024-02-29,1821.345947265625,1842.8625888479785,1795.5458467018816,1832.8762415804304,222844,Financial Services,-0.002523163202437062,-0.0027236020810813555,-0.007084571200123069,-0.007666195655177344,1830.869091796875,1828.5156860351562,1786.392976888021,1763.2708618164063,1716.7271337890625,1662.2504516601562,0
2024-03-01,1847.7935791015625,1858.3029259825937,1833.897446654492,1842.364653768324,86788,Financial Services,0.014520927161390196,0.005176788248240971,0.00837845275499749,0.021359298635039492,1832.901220703125,1831.6908935546876,1796.14189453125,1773.8349487304688,1730.0296142578125,1678.938321940104,1
2024-03-04,1967.7041015625,2017.187502896761,1922.554015106544,1964.840193379375,123124,Financial Services,0.06489389497675413,0.0664773606899931,0.08549982604701323,0.048343253115808116,1858.9303955078126,1844.8972412109374,1818.7925048828124,1785.8073364257812,1748.3775537109375,1699.421492513021,1
2024-03-05,1968.77490234375,1974.8264158290813,1900.439591391188,1955.2024687710543,237772,Financial Services,0.0005441879093506241,-0.004905093371356806,-0.0210000741164853,-0.011502628036242912,1886.3143310546875,1858.1160522460937,1838.2272298177083,1799.625067138672,1766.945634765625,1718.9184814453124,1
2024-03-06,1926.5634765625,1983.816711335786,1905.1214965752904,1977.690413968104,108234,Financial Services,-0.021440453010142968,0.011501594109168956,0.004552448475797055,0.002463590637298285,1906.4364013671875,1868.8594482421875,1851.8777018229166,1809.9712463378905,1783.079150390625,1736.61162109375,0
2024-03-07,1966.63330078125,1994.749383800646,1925.3432644178888,1940.434718110584,160356,Financial Services,0.020798600568430414,-0.01883798171563611,0.005510928707470386,0.010614424265827482,1935.4938720703126,1883.1814819335937,1864.1750813802084,1823.6682006835938,1797.7154638671875,1753.1882568359374,1
2024-03-11,1953.9075927734373,1984.414441330509,1906.914667180244,1984.414441330509,180466,Financial Services,-0.006470808768852532,0.022664881641959234,-0.005181073148370019,-0.009571590468163471,1956.7166748046875,1894.8089477539063,1873.3661539713542,1836.2855895996095,1810.4112939453125,1767.810791015625,0
2024-03-12,1953.509033203125,1993.8030481897129,1932.5652459061705,1953.907514304475,169746,Financial Services,-0.00020398076745609117,-0.01537326396676475,0.004731172412204998,0.013451351110459475,1953.8776611328126,1906.4040283203126,1881.2240478515625,1852.5637939453125,1819.4214013671874,1782.6275716145833,0
2024-03-13,1904.0506591796875,1947.4574956409965,1817.9590432454315,1934.756685886816,341438,Financial Services,-0.025317709405388134,-0.00980129728631296,-0.023244799726229837,-0.05930263048221207,1940.9328125,1913.6235717773438,1885.7216389973958,1863.9036254882812,1827.8866162109375,1795.943497721354,0
2024-03-14,1878.7735595703125,1930.4732291142384,1842.862593898122,1861.216557831148,165308,Financial Services,-0.013275434394306007,-0.03801001365810508,-0.008721251459800294,0.013698631300423925,1931.3748291015625,1918.905615234375,1889.697908528646,1871.7519836425781,1834.251962890625,1807.795096842448,0
2024-03-15,1781.226318359375,1872.2487887348173,1738.4171425218224,1847.3452400684853,1427212,Financial Services,-0.05192070152043615,-0.007452823103415107,-0.030160708525409752,-0.056675658685638064,1894.2934326171876,1914.89365234375,1886.8854654947916,1871.7046691894532,1837.7932470703124,1813.8117919921874,0
2024-03-18,1799.9786376953125,1865.1263451753784,1781.6497231988424,1781.6497231988424,94812,Financial Services,0.01052775783888582,-0.03556212203583964,-0.0038042185431199638,0.0248689337096073,1863.5076416015625,1910.112158203125,1884.3751790364583,1870.9015258789063,1841.73,1819.2606852213542,1
2024-03-19,1814.6220703125,1835.3666784991465,1791.5613590523649,1800.0036380507954,269826,Financial Services,0.008135336892629352,0.010301640447595739,-0.01595584489662749,0.005563178735114471,1835.7302490234374,1894.803955078125,1882.846101888021,1869.8505981445312,1849.1970849609374,1822.139542643229,1
2024-03-20,1794.47509765625,1829.1656931354669,1780.6037720787729,1814.6220446875907,51072,Financial Services,-0.011102572257803756,0.008121320606121252,-0.003378608447196174,-0.0061162219860491085,1813.81513671875,1877.373974609375,1880.354093424479,1867.7450134277344,1853.885927734375,1825.5413696289063,0
2024-03-21,1808.5206298828125,1848.764788799973,1772.5100742339312,1801.522708395962,78052,Financial Services,0.007827097876647704,-0.007218768409640863,0.010714773264148825,-0.004545479444532874,1799.76455078125,1865.5696899414063,1879.1919270833334,1867.2145690917969,1857.3544970703124,1828.504060872396,1
2024-03-22,1810.786865234375,1827.5469047172005,1744.4935705585594,1822.9397482496288,90976,Financial Services,0.001253087918443807,0.011888298578670797,-0.01147678937380947,-0.01580611816126365,1805.67666015625,1849.9850463867188,1878.48798828125,1866.5832641601562,1858.4990673828124,1832.4404825846354,1
2024-03-26,1784.6131591796875,1825.778674960248,1774.1287412597276,1825.3801938764784,38950,Financial Services,-0.014454327318803362,0.0013387417928611978,-0.0009675427494574285,0.016987836012304358,1802.603564453125,1833.0556030273438,1874.2759602864583,1863.932275390625,1857.24193359375,1835.2089274088542,0
2024-03-27,1790.067138671875,1823.935966003452,1713.3642061856567,1793.0306367435155,174928,Financial Services,0.003056113009216155,-0.017722092768117315,-0.0010092729102755271,-0.034250352672221984,1797.692578125,1816.7114135742188,1862.43349609375,1861.5577209472656,1855.418994140625,1840.6130004882812,1
2024-03-28,1840.048583984375,1852.8240560537104,1798.0611758136083,1808.4957385836085,70970,Financial Services,0.02792154787534029,0.008625118569184353,0.015838324693797867,0.0494331382213864,1806.807275390625,1810.3112060546875,1853.8517415364583,1861.9673889160156,1855.5574658203125,1846.0394856770833,1
2024-04-01,1803.2659912109373,1880.217957967488,1777.3164443963306,1867.2681124291685,122068,Financial Services,-0.019990011727728407,0.03249793327773598,0.014784945081144585,-0.01153727787259018,1805.75634765625,1802.76044921875,1845.6319091796875,1860.8330322265624,1854.9229248046875,1848.7548055013021,0
2024-04-02,1717.7720947265625,1840.372214010699,1705.394982617763,1812.953383092373,404286,Financial Services,-0.04741058551598565,-0.029087804250101046,-0.021192087751285005,-0.04046632326242605,1787.1533935546875,1796.4150268554688,1829.041162109375,1855.6543395996093,1850.6972900390624,1846.6081217447916,0
2024-04-03,1747.05859375,1758.1406728608497,1713.5882488002494,1717.8467799245147,175180,Financial Services,0.017049117932084856,-0.05245948630274988,-0.04468201623770618,0.00480432173543166,1779.64248046875,1791.1230224609376,1815.2512288411458,1850.6175903320313,1847.07431640625,1844.30869140625,1
2024-04-04,1758.7882080078125,1771.6384635221946,1742.7503468833731,1760.6809020385035,79270,Financial Services,0.0067139215019889065,0.02493477451805748,0.007677309824919432,0.01701814779807309,1773.3866943359376,1785.5396362304687,1802.2698404947917,1840.1717956542968,1843.923515625,1841.746944173177,1
2024-04-05,1808.4210205078125,1814.9456772207188,1738.267676114288,1758.7135136446154,145452,Financial Services,0.02821989155602722,-0.0011174020185089617,0.024444724242679294,-0.002572181825757025,1767.061181640625,1786.934228515625,1795.89453125,1832.1541015625,1842.9861474609374,1840.808085123698,1
2024-04-08,1861.465576171875,1920.536719867193,1837.6826875102136,1837.7074937790649,213370,Financial Services,0.029331972512223636,0.0449157748101614,0.05817862428156473,0.05719200371841304,1778.7010986328125,1792.2287231445312,1794.7406656901042,1828.8992065429688,1844.4066455078125,1842.219287109375,1
2024-04-09,2028.19482421875,2041.592884530918,1925.5922054792115,1981.3262977955576,433232,Financial Services,0.08956880545153867,0.07815106838420438,0.0630324655662382,0.04783715848577885,1840.78564453125,1813.9695190429688,1811.205232747396,1831.9772827148438,1852.6806005859376,1849.0453491210938,1
2024-04-10,1946.0379638671875,2054.542774552063,1937.4960952745512,2042.091000160838,239520,Financial Services,-0.0405073809332932,0.030668700270565008,0.006343032501369805,0.0061819370484921254,1880.5815185546876,1830.1119995117188,1820.942521158854,1831.5838012695312,1856.6103759765624,1852.6588500976563,0
2024-04-12,1996.79150390625,2029.6392610006085,1913.0657228065784,1951.2926708511911,282424,Financial Services,0.026080447032083898,-0.04446340995699771,-0.012121194973360394,-0.012609249911551879,1928.182177734375,1850.7844360351562,1833.0871500651042,1833.7479248046875,1857.7738720703126,1857.9666259765625,1
2024-04-15,2085.074462890625,2097.3769134740346,1920.5367862976063,1932.490489912752,741408,Financial Services,0.044212407160021616,-0.009635756449716593,0.03337423244366655,0.003905283233065049,1983.5128662109375,1875.2870239257813,1852.4604410807292,1842.7991149902343,1862.4258544921875,1866.4072672526042,1
2024-04-16,2035.7904052734373,2096.878760426157,2017.735332811336,2081.9366314920044,180598,Financial Services,-0.023636593557844976,0.07733344218734017,-0.00023751241118241673,0.0506100935984195,2018.37783203125,1898.5394653320313,1867.6117594401042,1850.6499572753905,1866.794931640625,1873.4018432617188,0
2024-04-18,2061.067626953125,2066.9946231363488,2018.18366577072,2056.0370612787588,109056,Financial Services,0.012416416549665632,-0.012440133778079954,-0.014251723968883523,0.0002221961186352761,2024.952392578125,1932.8690185546875,1884.2971435546874,1864.642022705078,1870.5723046875,1881.3925659179688,1
2024-04-19,2077.5537109375,2115.805463851948,2012.23163077822,2012.23163077822,248938,Financial Services,0.00799880788421592,-0.0213057591837833,0.023614401396717888,-0.0029492038279017585,2051.2555419921873,1965.9185302734375,1903.826513671875,1878.5207763671874,1875.5181494140625,1889.0512369791666,1
2024-04-22,2002.843017578125,2104.349908489764,1993.977329738461,2094.2887773282646,139666,Financial Services,-0.035960896205018744,0.04077917536675901,-0.005414276292362241,-0.009071669861734133,2052.4658447265624,1990.3240112304688,1918.011572265625,1887.9318237304688,1877.4915087890624,1890.2225341796875,0
2024-04-23,1969.9952392578125,2025.853850900671,1967.8784375975267,2025.853850900671,125420,Financial Services,-0.016400575597798284,-0.03267692935589228,-0.037301808635726186,-0.013088861017470865,2029.45,2006.4814331054688,1926.6746826171875,1896.707830810547,1880.1292919921875,1890.2632120768228,0
2024-04-24,1960.3824462890625,2016.5150213257948,1955.7006277242629,1991.8854357238915,61048,Financial Services,-0.004879602131613092,-0.016767455935519426,-0.004609823937064439,-0.006188293768862652,2014.368408203125,2016.3731201171875,1937.1491129557292,1904.3009216308594,1883.3936474609375,1891.3905110677083,0
2024-04-25,1967.23095703125,1975.4989840719948,1952.9612718644505,1960.3824809460848,45526,Financial Services,0.0034934564707775895,-0.015815645926623212,-0.020340060361580314,-0.0014007030631267847,1995.60107421875,2010.2767333984375,1953.7797037760417,1912.1231262207032,1890.8338330078125,1891.4104329427084,1
2024-04-26,1971.863037109375,2014.6971419821728,1957.941977345588,1966.882327240445,70108,Financial Services,0.002354619350396492,0.0033156010918968803,0.019842155438309028,0.0025503349978786005,1974.462939453125,2012.8592407226563,1968.7666666666667,1921.4856201171874,1897.709208984375,1892.0089477539063,1
2024-04-29,1962.872802734375,1992.0348829098216,1950.9440270928287,1991.7359916823173,46656,Financial Services,-0.004559259038690144,0.012636070850635006,-0.011248469360538582,-0.0035741356657802426,1966.468896484375,2009.4673706054687,1982.3723063151042,1930.1259033203125,1903.63923828125,1892.3210734049478,0
2024-04-30,1991.412353515625,2000.751184661356,1974.6024574533096,1979.110024272855,50200,Financial Services,0.014539684253352059,-0.006339177211331926,0.004375576866807895,0.012126657675430641,1970.7523193359375,2000.1011596679687,1994.571728515625,1937.694091796875,1911.516728515625,1895.2331298828126,1
2024-05-02,1989.6690673828125,2008.72028255958,1985.8090172489576,2006.67814288128,40364,Financial Services,-0.000875401887376559,0.013929553319580457,0.003983052944973142,0.005675349867690027,1976.6096435546874,1995.4890258789062,2003.1186279296876,1947.0142456054687,1918.762666015625,1898.9296468098958,0
2024-05-03,1990.9888916015625,2006.6283933708,1962.399665920536,2006.1053945206693,31186,Financial Services,0.0006633385623702193,-0.0002854211387325334,-0.0010414039261427144,-0.01178831958415194,1981.36123046875,1988.48115234375,2000.638232421875,1960.6750854492188,1925.9707470703124,1905.9217325846355,1
2024-05-06,2017.1375732421875,2036.1141258434363,1973.855254578654,2004.735654725986,53762,Financial Services,0.013133514582088335,-0.0006827855597340005,0.014694166877159187,0.005837541076396446,1990.4161376953125,1982.4395385742187,2005.3782063802084,1974.1790344238282,1935.2717236328126,1913.1603637695312,1
2024-05-07,1993.280029296875,2029.1411392692328,1978.7114533706049,2023.537840836052,57808,Financial Services,-0.01182742528907721,0.009378885473374732,-0.003424654092665347,0.002460260842676476,1996.4975830078124,1981.4832397460937,2005.1441080729167,1985.9036254882812,1943.4002392578125,1919.1156290690103,0
2024-05-08,1990.0426025390625,1994.276205873209,1979.309148589678,1993.280063912233,27298,Financial Services,-0.0016241705682239482,-0.014952908867430836,-0.01718211351654919,0.00030206284906020286,1996.2236328125,1983.4879760742188,1998.8086507161458,1994.9847045898437,1949.4,1925.6345458984374,0
2024-05-09,1941.3062744140625,2008.8198189550783,1937.645525731292,1990.8643361035045,47264,Financial Services,-0.024490092856714774,-0.0012119359704962918,0.007292677433064609,-0.021049578277386627,1986.55107421875,1981.5803588867188,1992.5097086588542,1998.976739501953,1954.921611328125,1930.0607340494792,0
2024-05-10,1969.8209228515625,1982.322553423704,1938.6666794987289,1942.4768739579008,53096,Financial Services,0.014688382154488533,-0.02430475109133101,-0.013190464013421277,0.0005270075222099102,1982.31748046875,1981.83935546875,1986.4265950520833,1996.0580444335938,1965.003564453125,1935.3618693033854,1
2024-05-13,1967.953125,1991.7609424180791,1917.5732934748155,1990.9142460629107,34730,Financial Services,-0.0009482069308405228,0.02493588096434629,0.004761278116961254,-0.010880357230551585,1972.4805908203125,1981.4483642578125,1979.1198893229166,1997.1538024902343,1973.839345703125,1941.4732014973958,0
2024-05-14,1966.3343505859373,1971.8879149083955,1944.6185290684284,1967.9530812522369,30792,Financial Services,-0.0008225675670312516,-0.011532975293175096,-0.009977616834657366,0.014103886242911035,1967.091455078125,1981.7945190429687,1976.685978190104,1995.6309448242187,1982.14119140625,1947.3487752278645,0
2024-05-15,1963.619873046875,1977.092717116844,1947.9057096099768,1964.88997834134,38558,Financial Services,-0.0013804760814219996,-0.0015564918391995919,0.0026395020574434547,0.001690398652697711,1961.8069091796874,1979.0152709960937,1976.2609537760416,1989.5582153320313,1988.3491455078124,1951.4678181966146,0
2024-05-16,1968.1025390625,1997.8373520894063,1954.9535139006528,1989.5195910878176,35450,Financial Services,0.0022828583460348106,0.012534855904384301,0.01049249475907943,0.0036181444799436857,1967.166162109375,1976.8586181640626,1976.7756266276042,1986.1738220214843,1992.6146240234375,1956.9623697916666,1
2024-05-17,1968.3018798828125,1992.2839492825565,1962.399690043318,1965.3631880980035,38264,Financial Services,0.0001012857899200803,-0.01214182715165224,-0.002779707167373746,0.0038088763183981023,1966.862353515625,1974.5899169921875,1976.847021484375,1981.5355346679687,1990.21890625,1965.3133626302083,1
2024-05-21,1966.18505859375,1976.8437289764536,1937.4711935012303,1965.1639887600447,61338,Financial Services,-0.0010754556050053266,-0.00010135497559182749,-0.0077500098877286705,-0.012703067916575828,1966.508740234375,1969.4946655273438,1976.4684895833334,1975.9671020507812,1991.0247900390625,1972.617578125,0
2024-05-22,2013.377197265625,2027.098954957789,1962.3995857820275,1968.625472792757,99946,Financial Services,0.024001880426061106,0.0017614224830653225,0.025421951793506592,0.012866458280470727,1975.9173095703125,1971.5043823242188,1979.83544921875,1976.4938110351563,1991.6882177734376,1981.103877766927,1
2024-05-23,2026.9246826171875,2060.0214733122093,2021.6949375809745,2027.14879022744,58276,Financial Services,0.006728736855647899,0.029728009844178338,0.01624119941155322,0.03021573803243416,1988.578271484375,1975.1925903320312,1982.2029378255208,1979.340283203125,1989.3622265625,1988.387333170573,1
2024-05-24,2026.89990234375,2032.62771875288,2012.206808076852,2027.0742758307297,48036,Financial Services,-1.222555216284782e-05,-3.6758227649369424e-05,-0.013297800491023137,-0.004693155890015399,2000.337744140625,1983.751953125,1984.6849934895833,1982.6661560058594,1989.0066064453124,1993.9018107096354,0
2024-05-27,2030.1871337890625,2042.0909813577216,2015.7181477598149,2037.1351995155176,62050,Financial Services,0.0016218025574481487,0.004963273326856532,0.004655679206543528,0.0017450192837380474,2012.714794921875,1989.78857421875,1987.2982096354167,1985.81396484375,1987.77138671875,1993.9682210286458,1
2024-05-28,2053.247802734375,2066.9946107128367,2022.1931494342468,2022.1931494342468,76680,Financial Services,0.011358888331773231,-0.007334834764439968,0.012195161519472197,0.0032122554840456896,2030.12734375,1998.3180419921875,1989.7055582682292,1989.883203125,1986.799150390625,1997.5418823242187,1
2024-05-29,2075.386962890625,2091.897966054385,2042.0908716245187,2053.247612137068,68064,Financial Services,0.010782507657753904,0.0153568232151855,0.012048098825453657,0.009839674412821964,2042.529296875,2009.2233032226563,1995.179353841146,1995.5089111328125,1989.700908203125,2000.1617309570313,1
2024-05-30,2065.052001953125,2104.34975103086,2044.6310931265527,2075.386974103158,466970,Financial Services,-0.004979775397213282,0.010782606946780904,0.005952386387162445,0.0012439316669650147,2050.1547607421876,2019.3665161132812,2000.17998046875,1999.1908935546876,1993.5031787109374,1999.494315592448,0
2024-05-31,2089.60693359375,2141.680400291099,2009.766253056575,2066.994559820041,173580,Financial Services,0.011890708620122314,-0.004043782864515455,0.017739755115304456,-0.01705189761966508,2062.6961669921875,2031.5169555664063,2010.0666910807292,2004.1877868652343,1998.672158203125,2001.2881998697917,1
2024-06-03,2042.912353515625,2146.2846583450946,2032.679947674265,2141.3181004603,79456,Financial Services,-0.02234610697707562,0.03595729862333519,0.002149834332596967,0.011401173933954567,2065.2412109375,2038.9780029296876,2014.939453125,2006.7839599609374,2001.6994140625,2000.6830240885417,0
2024-06-04,1913.70947265625,2060.4820069971965,1767.6107065624474,2020.0266655815967,206040,Financial Services,-0.06324445619853991,-0.05664335198615755,-0.039977293326066365,-0.13040382545963636,2037.333544921875,2033.7304443359376,2011.3232096354166,2001.6125549316407,1999.373271484375,1995.2215494791667,0
2024-06-05,1993.2725830078125,2001.5583846662028,1876.7979306724435,1913.709438107287,70544,Financial Services,0.04157533392000623,-0.052631596050589424,-0.028597008918735956,0.06177108098781403,2020.9106689453124,2031.7199829101562,2013.119091796875,2001.6121826171875,2000.5892626953125,1994.9025349934896,1
2024-06-06,1994.7950439453125,2064.025981045372,1975.9274612195177,1986.584186441348,51180,Financial Services,0.0007637996681830739,0.03808036208784982,0.03120948000204704,0.052818435552919096,2006.85927734375,2028.5070190429688,2015.1974365234375,2001.8498046875,2000.7245703125,1995.7291951497396,1
2024-06-07,1950.0220947265625,2018.8536955279824,1938.4170486646456,2010.9673531121664,59860,Financial Services,-0.022444886934448127,0.012273915617186493,-0.021885521758069792,-0.018983699194970005,1978.9423095703125,2020.81923828125,2013.9920735677083,2002.285595703125,1999.13869140625,1995.3838500976562,0
2024-06-10,1925.0899658203125,1964.097845649992,1901.730107062196,1961.602136848073,80630,Financial Services,-0.01278556226294758,-0.024547994868089673,-0.027122247639480568,-0.018926237585313532,1955.37783203125,2010.309521484375,2011.111279296875,2000.0490478515626,1996.502734375,1993.979150390625,0
2024-06-11,1945.10546875,1954.1150018575029,1901.730098707519,1925.03999444288,36610,Financial Services,0.010397177942361058,-0.01863891852398858,-0.005082661138597899,-4.3931981386080565e-09,1961.65703125,1999.4952880859375,2009.7059733072917,1998.9066650390625,1993.6214501953125,1993.0872314453125,1
2024-06-12,1959.0814208984373,1985.0617735579144,1951.644257510548,1960.778575977958,106118,Financial Services,0.0071851898896868605,0.01856511118638915,0.015836719779027675,0.026246710212428415,1954.818798828125,1987.8647338867188,2006.0862548828125,1998.5440185546875,1992.253505859375,1992.9608520507813,1
2024-06-13,1967.1676025390625,1986.584167898076,1961.6270803616685,1971.609915376232,26572,Financial Services,0.00412753730108717,0.005523999257729395,0.0007669254228965805,0.005115083249779495,1949.293310546875,1978.0762939453125,2002.102449544271,1998.7214050292969,1991.338505859375,1992.152693684896,1
2024-06-14,1994.395751953125,1996.567067383217,1968.5651655188549,1968.5651655188549,36342,Financial Services,0.013841296175739481,-0.0015442962797213022,0.005025158081121361,0.0035369032303056436,1958.1680419921875,1968.55517578125,1999.9355061848958,2000.036065673828,1993.4620849609375,1992.3102498372396,1
2024-06-18,2004.004150390625,2018.579186885136,1984.3380143119227,2011.341631556869,37858,Financial Services,0.004817699008880405,0.021729768862764454,0.011024983764141405,0.008012357969826578,1973.95087890625,1964.66435546875,1998.1899739583334,2001.8211791992187,1994.8294140625,1992.744091796875,1
2024-06-19,1994.2708740234373,2041.4897317215025,1991.575557351784,2041.4897317215025,41686,Financial Services,-0.004856914275996105,0.014989049941405153,0.011349837046382927,0.003647333764540628,1983.7839599609374,1972.7204956054688,1994.2581787109375,2003.2254699707032,1995.8821240234374,1991.9818684895833,0
2024-06-20,1998.887939453125,2016.008525670928,1986.6341071076167,1998.5635460633348,25044,Financial Services,0.0023151646498114076,-0.021026892759323235,-0.012481672405516897,-0.002481176386166295,1991.745263671875,1973.28203125,1989.1582438151042,2002.5010070800781,1997.184267578125,1992.168798828125,1
2024-06-21,1964.9462890625,2003.4801290170976,1950.1467851628183,1984.088423604352,57604,Financial Services,-0.016980266737669725,-0.0072427631773305245,-0.0062144561862211845,-0.01836640265777023,1991.3010009765626,1970.2971557617188,1982.484529622396,1999.4020874023438,1997.23732421875,1991.332255045573,0
2024-06-24,1941.3868408203125,1964.1227717369711,1916.7292872968203,1936.071029966403,36248,Financial Services,-0.011989868818973126,-0.02420123673254404,-0.019644495949872498,-0.017135888498366558,1980.69921875,1969.4336303710938,1972.6031901041667,1995.1264343261719,1996.1686962890626,1991.334940592448,0
2024-06-25,1936.994384765625,1966.0693917237256,1929.182865116902,1946.128703169253,34588,Financial Services,-0.0022625351951142125,0.005194888538270437,0.0009910887520707679,0.006497306585034224,1967.297265625,1970.624072265625,1965.5419921875,1990.466796875,1994.916396484375,1990.24072265625,0
2024-06-26,1914.9822998046875,1946.2784630671565,1911.7128969794728,1936.1708426588448,38048,Financial Services,-0.011364041699894245,-0.0051167533237611584,-0.010066241171283186,-0.009055630989325825,1951.43955078125,1967.6117553710938,1965.626847330729,1983.5535217285155,1992.8682861328125,1988.475028483073,0
2024-06-27,1929.5821533203125,1951.8937646158024,1916.205130382321,1921.6457265771007,61642,Financial Services,0.007624014862755768,-0.007501980590616353,0.002885148068584531,0.0023498473070646675,1937.5783935546874,1964.6618286132812,1961.3808186848958,1976.26328125,1989.516484375,1987.2499552408854,1
2024-06-28,1950.5711669921875,2012.6893343791696,1932.951438569428,1942.1106167087264,202024,Financial Services,0.010877491603950906,0.010649668588017303,0.031146966533464937,0.008739308710527194,1934.703369140625,1963.0021850585938,1958.4325602213542,1970.539239501953,1986.46234375,1986.8149983723958,1
2024-07-01,1956.9849853515625,1976.12711972418,1928.284335452536,1955.437719082168,47766,Financial Services,0.0032881744936614776,0.0068621747179504755,-0.018165851048377313,-0.0024144957932032973,1937.822998046875,1959.2611083984375,1958.8967529296874,1963.9081420898438,1983.6657470703126,1986.4444132486979,1
2024-07-02,1939.5400390625,1956.635643858972,1924.1914303766168,1926.6871391060288,45606,Financial Services,-0.008914195264471347,-0.014702887080256466,-0.009863472683846686,-0.002122563047714965,1938.33212890625,1952.814697265625,1959.8600911458334,1958.7395263671874,1980.03986328125,1985.485685221354,0
2024-07-03,1937.3687744140625,1949.1235872093084,1926.737152437218,1946.6528598747004,44716,Financial Services,-0.0011194740014168758,0.010362720736245556,-0.00383927210630175,0.0013230087300113436,1942.809423828125,1947.1244873046876,1959.3443115234375,1959.9224914550782,1975.4047021484375,1984.5251424153646,0
2024-07-04,1946.42822265625,1947.9006664368144,1926.9367130760595,1938.1674023764635,37818,Financial Services,0.004676160967303389,-0.004358998809260273,-0.0006274208472563103,0.00010357439705210858,1946.1786376953125,1941.878515625,1958.5007649739584,1957.5802734375,1970.2463525390624,1982.2935099283854,1
2024-07-05,2001.6832275390625,2006.549859661376,1930.0314040737744,1940.937700189629,76256,Financial Services,0.028387897503565407,0.0014293387711343808,0.03010892405096066,0.0016060158990767182,1956.4010498046875,1945.5522094726562,1960.801806640625,1957.9246826171875,1967.7116015625,1981.452128092448,1
2024-07-08,2043.6859130859373,2056.4639905091403,1981.6675512362383,2009.0455247085647,129578,Financial Services,0.020983682617211175,0.03509016518782726,0.0248755995807588,0.026754045065522813,1973.7412353515624,1955.7821166992187,1964.0878173828125,1962.6078735351562,1965.8747607421874,1982.0116617838542,1
2024-07-09,2056.56396484375,2093.350566104642,2036.498368722128,2050.474337919241,117026,Financial Services,0.006301385000186732,0.020621142080235355,0.017936893505424045,0.0276690292736963,1997.1460205078124,1967.7390747070312,1967.5918050130208,1969.181573486328,1966.4208251953125,1982.890889485677,1
2024-07-10,2056.638671875,2083.9167186211444,1994.6701531018136,2083.9167186211444,83596,Financial Services,3.632614036175319e-05,0.01630958265775706,-0.004506577940766254,-0.020539282654353785,2021.0,1981.9047119140625,1971.749658203125,1974.758233642578,1972.1379931640624,1983.0039184570312,1
2024-07-11,2067.095703125,2085.439163070561,2054.8418702282247,2065.947774549006,77768,Financial Services,0.0050845252464626345,-0.00862267858958754,0.0007305687582486176,0.03016624930835854,2045.13349609375,1995.6560668945312,1976.2968424479166,1980.1589477539062,1975.09091796875,1982.7275431315104,1
2024-07-12,1994.3209228515625,2143.414665605052,1922.269760300812,2101.386831486692,458664,Financial Services,-0.035206294591691,0.01715389777721854,0.02780014088213867,-0.0645169401345167,2043.66103515625,2000.0310424804688,1978.2551513671874,1981.5166137695312,1975.071953125,1980.3698404947916,0
2024-07-15,1949.7225341796875,2010.6178288091123,1941.66144351199,1997.11614170982,88454,Financial Services,-0.022362694068368105,-0.04961994060993624,-0.061955737695978286,0.010087909413995844,2024.868359375,1999.3047973632813,1978.8108642578125,1979.2829528808593,1975.059970703125,1975.7070271809896,0
2024-07-16,1949.672607421875,1962.6502925921347,1934.698355302345,1954.1648830577344,47508,Financial Services,-2.5607109184644372e-05,-0.021506640377616293,-0.023857112739017472,-0.003586149497334934,2003.490087890625,2000.3180541992188,1979.6560791015625,1976.5663757324219,1976.0432763671874,1972.5990356445313,0
2024-07-18,1929.0081787109373,2014.985347970552,1909.217256418132,1949.8473474574623,84518,Financial Services,-0.010598922420243184,-0.0022094018973037866,0.026665502038723643,-0.013170579700126361,1977.9639892578125,1999.4819946289058,1980.5911376953125,1973.303240966797,1975.399384765625,1973.108992513021,0
2024-07-19,1903.6268310546875,1924.1914467882848,1885.3332127956028,1906.7214855333973,98448,Financial Services,-0.013157719047728889,-0.02211755806437865,-0.04505933567889853,-0.012509861589737437,1945.27021484375,1995.2018554687497,1978.8607828776042,1968.540185546875,1973.181201171875,1970.12080078125,0
2024-07-22,1901.9547119140625,1966.119410104165,1707.214601264585,1707.214601264585,224596,Financial Services,-0.000878385991070818,-0.10463346943038243,0.021789912529682542,-0.09447593153408707,1926.79697265625,1985.2290039062495,1975.6196858723958,1965.390606689453,1970.572685546875,1967.026123046875,0
2024-07-23,1884.8341064453125,1920.3979568107009,1870.7583331991675,1910.839440860316,113798,Financial Services,-0.009001584192044443,0.11927313616278812,-0.023254667574357457,0.09579564971705401,1913.819287109375,1969.3438232421872,1970.8096272786458,1962.562969970703,1966.1902197265624,1964.8531901041667,0
2024-07-24,1894.941650390625,1924.840313692051,1876.7729398238744,1884.85901162862,74406,Financial Services,0.0053625642228931625,-0.013596343406015787,0.0023132480773557784,0.003215063387915773,1902.873095703125,1953.181591796875,1967.8364013671876,1960.4603332519532,1961.8277197265625,1963.8482462565105,1
2024-07-25,1850.8675537109373,1882.163716755898,1846.824456831401,1877.771245026954,66204,Financial Services,-0.02325881468202584,-0.0037603696392877195,-0.02217149995902512,-0.01595743542385253,1887.244970703125,1932.6044799804688,1962.0696533203125,1957.2545959472657,1956.0915869140624,1960.706982421875,0
2024-07-26,1843.3304443359373,1867.7135670596167,1819.3716408352263,1861.199742985706,53350,Financial Services,-0.004072203524173479,-0.008825090960965287,-0.007677413801806532,-0.014864875703062497,1875.185693359375,1910.2279541015625,1955.1964680989583,1952.9420104980468,1949.869287109375,1956.8486165364584,0
2024-07-29,1847.273681640625,1898.5854786852583,1835.8933470579216,1843.829652258088,55042,Financial Services,0.0021391917639097535,-0.00933273862361128,0.016529253826776058,0.00908099579649968,1864.2494873046876,1895.5232299804688,1944.902498372396,1947.7771362304688,1945.1623828125,1952.8521525065105,1
2024-07-30,1878.469970703125,1884.260063616429,1847.32357495216,1847.32357495216,43494,Financial Services,0.016887746181060592,0.0018949270556491982,-0.00754530951050425,0.006225975987415477,1862.97666015625,1888.3979736328124,1933.8881022135417,1943.851385498047,1942.6457080078126,1948.9879597981771,1
2024-07-31,1885.9322509765625,1896.738620954268,1879.2936414310675,1890.4743677155395,51642,Financial Services,0.003972531043785699,0.023358546033007244,0.0066225239173669515,0.017306154109864247,1861.1747802734376,1882.0239379882812,1922.5126546223958,1941.17099609375,1940.60322265625,1945.0522298177084,1
2024-08-01,1857.930419921875,1883.2368828329584,1846.824515739388,1860.8004850476864,50136,Financial Services,-0.014847739647162683,-0.015696527376729885,-0.007118396795504078,-0.01727730301207986,1862.587353515625,1874.916162109375,1909.2654378255208,1937.1990783691406,1938.3211474609375,1940.507548014323,0
2024-08-02,1852.93896484375,1869.784998937218,1826.8588083583068,1831.8502258674823,40788,Financial Services,-0.0026865672818549013,-0.015557959820427625,-0.007142959028874074,-0.010810830813066108,1864.5090576171874,1869.8473754882812,1894.9883219401042,1932.5246154785157,1935.255419921875,1935.6425821940104,0
2024-08-05,1792.268310546875,1850.3933446873543,1779.1658392204972,1846.8245298132445,88860,Financial Services,-0.03274293187632926,0.008174414989997825,-0.010371060983420999,-0.02610654360348108,1853.5079833984375,1858.8787353515625,1881.5181477864583,1922.0538696289063,1928.9233056640626,1929.886649576823,0
2024-08-06,1784.1822509765625,1867.28935540728,1778.442120640507,1792.2683232517188,55196,Financial Services,-0.004511634515172114,-0.029540546858039862,0.009131037337783088,-0.0004067740983084711,1834.650439453125,1848.8135498046875,1870.48212890625,1909.0786865234375,1922.0111962890626,1924.6464965820312,0
2024-08-07,1790.64599609375,1806.393942233651,1782.4351389102976,1806.393942233651,49680,Financial Services,0.0036228054133200516,0.007881419762139075,-0.032611664066572565,0.0022452337489355934,1815.5931884765625,1838.383984375,1859.8803548177084,1895.7827880859375,1916.0554345703124,1919.7682169596353,1
2024-08-08,1789.1986083984375,1801.901741734632,1784.456761709662,1796.9103241675002,44388,Financial Services,-0.0008083047673688171,-0.005250027607169638,-0.002486833239411901,0.001134191508702198,1801.846826171875,1832.21708984375,1850.559716796875,1882.4107849121094,1910.1286279296876,1915.5754272460938,0
2024-08-09,1809.0394287109373,1839.337307890741,1796.8852786241198,1796.9102600832205,47006,Financial Services,0.011089221855733467,-3.5663593744850175e-08,0.020775586864171025,0.006964874230155127,1793.0669189453124,1828.78798828125,1844.2538899739584,1869.5079711914063,1904.633076171875,1911.5573364257812,1
2024-08-12,1823.9637451171875,1864.7685828807887,1796.9102868375116,1796.9102868375116,46102,Financial Services,0.008249856896090257,1.488905243540728e-08,0.013826324775204624,1.3917534797291964e-05,1799.406005859375,1826.4569946289062,1839.0544921875,1860.9901123046875,1897.524296875,1907.337089029948,1
2024-08-13,1778.3671875,1841.458654350991,1768.459175270193,1823.9637120863097,61668,Financial Services,-0.02499860961559741,0.015055523610146837,-0.012500172270055732,-0.015833351155995268,1798.2429931640625,1816.4467163085938,1831.956697591146,1852.422344970703,1886.9115478515625,1901.383162434896,0
2024-08-14,1796.286376953125,1821.867391699592,1782.609941715911,1796.4111623909128,35888,Financial Services,0.010076203373002857,-0.01510586505248035,-0.010638991326310188,0.008001749004783232,1799.3710693359376,1807.48212890625,1825.3796793619792,1844.7530334472656,1876.5004443359376,1896.6080403645833,1
2024-08-16,1797.95849609375,1814.8793522008173,1787.002237499297,1814.8793522008173,28628,Financial Services,0.0009308755898160825,0.010280602902358105,-0.003835646617647459,0.002463969082971751,1801.123046875,1801.4849365234375,1821.8524088541667,1838.2005493164063,1866.1532373046875,1891.9610310872397,1
2024-08-19,1795.812255859375,1812.882879749174,1790.920642219173,1803.449149190828,27634,Financial Services,-0.0011937095539401588,-0.0062980511603311085,-0.0011000579455721082,0.0021927251335507325,1798.4776123046875,1795.772265625,1818.6845296223958,1832.8098205566407,1855.3018994140625,1886.940498860677,0
2024-08-20,1792.5428466796875,1814.879440453141,1787.102250236723,1801.926736145496,45330,Financial Services,-0.0018205740433167028,-0.0008441674366116425,0.0011013180863856942,-0.0021320832941645884,1792.1934326171875,1795.7997192382813,1815.0358072916667,1827.3392272949218,1847.2307763671874,1879.9691528320313,0
2024-08-21,1873.079345703125,1945.6545060879007,1796.9102672951371,1806.8931021134435,197512,Financial Services,0.044928632625219844,0.0027561420052910623,0.07205716408474361,0.005488223775172996,1811.1358642578125,1804.6894287109376,1814.6764322916667,1826.7514892578124,1844.165048828125,1874.2822672526042,1
2024-08-22,1875.82470703125,1896.2395563801056,1857.8306221148707,1894.742131092098,36140,Financial Services,0.0014656940905481974,0.048618830231794696,-0.025397597339700928,0.0339028364011944,1827.0435302734375,1813.2072998046874,1814.002596028646,1825.7956420898438,1841.2111328125,1868.2576253255208,1
2024-08-23,1799.580810546875,1890.649201166572,1786.9275180643133,1886.9804604508136,253302,Financial Services,-0.04064553377433733,-0.004096425848097107,-0.002948127094345332,-0.0381644608537266,1827.3679931640625,1814.2455200195313,1810.1126220703125,1823.2313049316406,1836.0340380859375,1859.6890299479167,0
2024-08-26,1829.4793701171875,1845.826263063464,1730.2001209374007,1799.6056864771606,245714,Financial Services,0.01661418003297488,-0.04630401628683456,-0.023707696845851278,-0.031745773991080806,1834.101416015625,1816.2895141601562,1808.5486490885417,1822.538751220703,1833.0681396484374,1851.768485514323,1
2024-08-27,1864.618896484375,1881.2653231879128,1830.7522006493195,1830.7522006493195,119712,Financial Services,0.01920739142575667,0.017307410398958112,0.01919956435424841,0.05811586676889213,1848.5166259765624,1820.355029296875,1813.372021484375,1823.4060119628907,1831.57470703125,1847.4450846354166,1
2024-08-28,1861.299560546875,1900.0080271073944,1853.4880410094595,1864.19460702983,66810,Financial Services,-0.0017801685608562767,0.01826703055096668,0.00996281794410625,0.01241885185339453,1846.1606689453124,1828.6482666015625,1818.5131754557292,1822.5474914550782,1830.6333251953124,1844.4976521809897,0
2024-08-29,1863.62060546875,1886.2317518356977,1846.824533790884,1846.824533790884,52310,Financial Services,0.0012470023477537673,-0.009317736020393874,-0.007250640563171706,-0.0035951174602379954,1843.7198486328125,1835.381689453125,1823.3781494140626,1821.4319091796874,1829.3804833984375,1841.6292521158855,1
2024-08-30,1903.6268310546875,1908.967623409026,1849.3451657270025,1849.3451657270025,140662,Financial Services,0.02146693670833022,0.0013648464648368108,0.012053593918775585,0.0013648464648368108,1864.529052734375,1845.9485229492188,1831.006697591146,1823.716729736328,1831.4908544921875,1840.7832071940104,1
2024-09-02,1932.8016357421875,1951.1950579198,1904.225770638891,1904.225770638891,80878,Financial Services,0.015325905377860272,0.029675695986321804,0.022120560869107075,0.029675695986321804,1885.193505859375,1859.6474609375,1839.2575113932292,1827.70986328125,1835.0697021484375,1841.7557006835937,1
2024-09-03,1943.30859375,1990.0781512109168,1873.8779277913825,1873.8779277913825,105252,Financial Services,0.00543612847460051,-0.015937103318020118,0.019927835063589416,-0.015937103318020118,1900.9314453125,1874.7240356445313,1847.2138346354166,1835.2618774414063,1838.9110986328126,1843.1341634114583,1
2024-09-04,1917.3282470703125,1952.0685616125008,1911.8626692803025,1915.905644338588,38428,Financial Services,-0.013369130751155311,0.022428204059557366,-0.019099546203895534,0.020270659537406477,1912.1371826171876,1879.14892578125,1856.4779052734375,1841.9191772460938,1840.4654296875,1844.2173014322916,0
2024-09-05,1961.1529541015625,1964.896517296984,1917.7026395745484,1917.7026395745484,59480,Financial Services,0.022857174872489505,0.000937935143763724,0.0065714677940853505,0.0030545971675068895,1931.64365234375,1887.6817504882813,1867.4690104166666,1850.4445251464845,1843.4742578125,1846.4243448893228,1
2024-09-06,1956.336181640625,2021.2995553604007,1931.6786272362376,1961.6271330848613,77980,Financial Services,-0.0024560921935556923,0.022904746859011338,0.02870534787297996,0.007287880494751819,1942.1855224609376,1903.3572875976563,1878.0275227864583,1858.8014038085937,1847.41048828125,1849.9399658203124,0
2024-09-09,1914.009033203125,1956.311297176652,1892.1465998393408,1952.6425565125112,304494,Financial Services,-0.02163592783015622,-0.004580165323376684,-0.032151720417393115,-0.020465116111709314,1938.427001953125,1911.81025390625,1885.9073079427083,1864.0498840332032,1849.853291015625,1852.295918782552,0
2024-09-10,1940.937744140625,1946.6528930056256,1916.629564438583,1921.0968588849903,35570,Financial Services,0.014069270557430125,-0.016155387744832606,-0.004937048712526204,0.012939253544794527,1937.95283203125,1919.442138671875,1895.8003011067708,1869.898583984375,1855.800068359375,1855.4180541992187,1
2024-09-11,1955.437744140625,1971.6098878944863,1937.5184824227888,1946.6528007059487,59108,Financial Services,0.007470615708192074,0.013302786740170491,0.012820464798080744,0.010898776879884275,1945.5747314453124,1928.85595703125,1901.290861002604,1878.7521118164063,1862.6502880859375,1857.9836466471354,1
2024-09-12,1946.7027587890625,1971.6098829970435,1935.0977132752191,1966.6184655717343,48442,Financial Services,-0.004467022986406222,0.010256407746951579,-2.483981687007031e-09,-0.0012494173188699609,1942.6846923828125,1937.1641723632813,1906.016064453125,1886.272930908203,1868.89255859375,1860.0093302408854,0
2024-09-13,1956.136474609375,1968.615018080984,1939.0158885941728,1951.644198959596,31984,Financial Services,0.004845997046914796,-0.007614220487747181,-0.0015189946763235485,0.0020247945579565663,1942.6447509765626,1942.41513671875,1916.4531087239584,1894.1818298339845,1875.5700732421874,1863.2828653971353,1
2024-09-16,1974.23046875,1997.5653462960624,1912.7112461285635,1954.1400126809303,39964,Financial Services,0.009249862867690917,0.0012788261931477862,0.014705936889224391,-0.013565975720127077,1954.6890380859375,1946.5580200195313,1926.103181966146,1903.1027404785157,1882.17771484375,1867.3259155273438,1
2024-09-17,1971.3104248046875,1996.567046689624,1962.9747817569144,1990.627308470035,88346,Financial Services,-0.0014790795662075196,0.018671791965943596,-0.0004997581722617772,0.026278684631612315,1960.76357421875,1949.358203125,1933.2159505208333,1912.0411193847656,1888.07158203125,1873.2939860026042,0
2024-09-18,1949.0238037109373,1971.3104347375945,1901.580354652764,1947.651163859422,22170,Financial Services,-0.011305485332660514,-0.021589246981467247,-0.012650019439069626,-0.03127621794977964,1959.4807861328125,1952.5277587890625,1939.0642333984374,1915.8383422851562,1894.8978466796875,1878.7887044270833,0
2024-09-19,1913.3851318359373,1956.1365752243016,1888.752437011676,1951.64429934346,26816,Financial Services,-0.01828539590288436,0.0020502313546360007,-0.007697346519302872,-0.006745924572527762,1952.8172607421875,1947.7509765625,1942.3818684895834,1917.7163635253905,1899.581796875,1882.880008951823,0
2024-09-20,1946.4033203125,1976.8759495583784,1886.755879159187,1913.3851411715275,73402,Financial Services,0.017256425759345717,-0.01960355080318843,0.010602211827514418,-0.0010570775784929376,1950.8706298828124,1946.7576904296875,1945.2336344401042,1925.0574890136718,1905.51958984375,1888.120166015625,1
2024-09-23,1938.067626953125,1959.6055448955767,1918.7258839841304,1948.7492117452384,27494,Financial Services,-0.004282613614755126,0.01848246325988412,-0.008736210618910945,0.016944431008843797,1943.6380615234375,1949.1635498046876,1945.5847005208334,1930.4869018554687,1911.2098046875,1892.4211059570312,0
2024-09-24,1954.4893798828125,1964.6219820587785,1889.251575734877,1938.067664600262,117560,Financial Services,0.008473261046883396,-0.005481232310755035,0.002559921906869933,-0.015361396067713251,1940.2738525390625,1950.5187133789063,1946.3300862630208,1934.9804260253907,1917.687666015625,1896.7719604492188,1
2024-09-25,1946.7027587890625,1971.6098829970435,1934.8979834617408,1934.8979834617408,78374,Financial Services,-0.003983966950087403,-0.0016354852807345388,0.003556867937994923,0.024161106076679317,1939.8096435546875,1949.64521484375,1948.2883870442708,1939.2505859375,1920.6326025390624,1902.383146158854,0
2024-09-26,1961.0281982421875,1985.635911723434,1927.7104853003668,1985.635911723434,79020,Financial Services,0.007358822187130354,0.026222534053665036,0.007113997980710884,-0.003714665177600107,1949.3382568359375,1951.0777587890625,1948.2800699869792,1944.1209655761718,1924.0407421875,1907.8745402018228,1
2024-09-27,1934.17431640625,1971.6099483366927,1922.04514728863,1961.028167416511,49866,Financial Services,-0.013693776489297038,-0.01239287835279157,-0.0070637135961987285,-0.0029388946394894866,1946.8924560546875,1948.88154296875,1946.8026123046875,1945.64833984375,1929.424482421875,1912.4150675455728,0
2024-09-30,1959.30615234375,1995.5687523890992,1874.7764467167224,1886.78083039227,241190,Financial Services,0.012993573394251001,-0.037861433230740205,0.012151898539880523,-0.02459291897413962,1951.1401611328124,1947.389111328125,1949.822420247396,1946.973565673828,1934.6175537109375,1917.864864095052,1
2024-10-01,1938.3919677734373,1960.179577862738,1928.583881316919,1959.3060798168628,76480,Financial Services,-0.010674281068987046,0.03843861897277945,-0.01773387886736222,0.028700720394919,1947.9206787109374,1944.097265625,1949.6527018229167,1946.727734375,1937.5684765625,1922.7265014648438,0
2024-10-03,1952.5177001953125,1965.3955814512256,1901.2059049839988,1916.7042803732345,85446,Financial Services,0.007287345726107786,-0.021743309982282244,0.0026609825178236512,-0.01419589606557592,1949.0836669921875,1944.4466552734375,1949.4580322265624,1948.48720703125,1941.2172021484375,1925.3744466145833,1
2024-10-04,1951.868896484375,1983.1152198123343,1899.7335633443613,1933.001313338068,114584,Financial Services,-0.00033229082167740565,0.008502632947457123,0.009015812657940714,-0.00077442513500392,1947.251806640625,1948.2950317382813,1949.80244140625,1948.0230041503905,1944.7471337890624,1927.9092529296875,0
2024-10-07,1939.3653564453125,1991.5756335786805,1906.746515362692,1951.8688819756508,76788,Financial Services,-0.006405932315220242,0.00976076348598065,0.004266224010497366,0.0036915450427610352,1948.2900146484376,1947.5912353515625,1948.6843668619792,1947.174462890625,1946.1766748046875,1932.5687377929687,0
2024-10-08,1978.4481201171875,1980.0953122560293,1921.6957278007849,1921.6957278007849,47726,Financial Services,0.020152347025271355,-0.015458596862472196,-0.005764441545221266,0.00784016769803797,1952.118408203125,1951.6292846679687,1948.9655436197916,1950.396417236328,1948.0025341796875,1937.5343627929688,1
2024-10-09,2059.907958984375,2080.422732853512,1976.6012529030488,1993.572071741105,223494,Financial Services,0.04117360371439127,0.03740256217490612,0.05066797541335233,0.02857139364362249,1976.4216064453126,1962.171142578125,1954.8720458984376,1956.3449279785157,1952.6665087890624,1944.0439982096354,1
2024-10-10,2023.795166015625,2096.395307716657,2006.5497945288007,2082.419338998546,151816,Financial Services,-0.017531265322434653,0.04456686995010206,0.007677562166049201,0.015151534272158429,1990.677099609375,1969.8803833007812,1959.8568033854167,1959.7627990722656,1956.925185546875,1949.460518391927,0
2024-10-11,2017.4561767578125,2138.597735998575,1999.3373064495404,2108.8739416002663,836180,Financial Services,-0.003132228678207838,0.01270378261779026,0.020130949600285053,-0.0035944725114355203,2003.7945556640625,1975.5231811523438,1966.794873046875,1963.300469970703,1959.177314453125,1954.5883707682292,0
2024-10-14,2017.181640625,2075.9306020329045,2004.054187824504,2022.4974516815168,105582,Financial Services,-0.000136080345127354,-0.04095858373270278,-0.029302908588561327,0.0023592224082187307,2019.3578125,1983.8239135742188,1971.513427734375,1966.3527282714845,1961.6111328125,1958.3735310872396,0
2024-10-15,2064.150634765625,2072.411576523069,2017.830380310121,2036.4982320260508,216946,Financial Services,0.023284464420403994,0.00692252063551102,-0.001695155660015546,0.0068741616715322085,2036.4983154296874,1994.3083618164062,1979.9189615885416,1970.8487365722656,1967.616796875,1962.7518310546875,1
2024-10-16,2061.9296875,2103.8824536481825,2027.513766718604,2063.951114077161,217928,Financial Services,-0.001075961816070281,0.013480435003274227,0.015185630828174146,0.004798910008974477,2036.9026611328125,2006.6621337890624,1987.081648763021,1975.3796997070312,1972.456474609375,1966.7058675130208,0
2024-10-17,2035.550048828125,2071.663003706682,2019.377782778008,2069.2170141190973,92468,Financial Services,-0.012793665483258665,0.0025513685891203064,-0.015314282357187348,-0.004012788506863596,2039.2536376953126,2014.9653686523438,1993.0048014322917,1979.7060119628907,1975.660966796875,1970.6465942382813,0
2024-10-18,2143.14990234375,2187.324951171875,2003.050048828125,2012.5,822646,Financial Services,0.052860333047360264,-0.027409891631517747,0.055830483654072616,-0.008085527180269003,2064.3923828125,2034.0934692382812,2005.1462483723958,1991.1942504882813,1983.5188525390624,1976.7131591796874,1
2024-10-21,2072.199951171875,2191.0,2065.0,2162.5,244978,Financial Services,-0.03310545431016476,0.07453416149068315,0.0016801567714737065,0.03092780992073485,2075.396044921875,2047.3769287109376,2014.3479573567708,1997.48408203125,1988.1613916015624,1980.575284830729,0
2024-10-22,2016.925048828125,2108.72509765625,2003.074951171875,2091.35009765625,203276,Financial Services,-0.026674502290423674,-0.032901688945086716,-0.03755130184561839,-0.02998791710805082,2065.950927734375,2051.2246215820314,2018.1892171223958,2001.426953125,1989.8691748046874,1984.0058186848958,0
2024-10-23,2023.375,2045.8499755859373,1970.0250244140625,2002.5,106978,Financial Services,0.0031979131676820316,-0.04248456428018588,-0.029816651843426856,-0.016499595653411303,2058.239990234375,2047.5713256835938,2023.8547526041666,2004.8712341308594,1991.9517578125,1986.7537272135417,1
2024-10-24,2045.425048828125,2073.574951171875,1991.0,2042.574951171875,126188,Financial Services,0.010897658035769364,0.020012460010923938,0.013551812653318951,0.01064706048197328,2060.214990234375,2049.7343139648438,2030.0485758463542,2009.8073486328126,1995.8078076171876,1989.7533040364583,1
2024-10-25,1998.125,2051.47509765625,1965.0,2051.47509765625,98246,Financial Services,-0.02312480178886256,0.004357316963702562,-0.010657851312842692,-0.013058764439979886,2031.210009765625,2047.8011962890625,2033.1323160807292,2011.6621887207032,1999.19740234375,1991.4673787434897,0
2024-10-28,1963.875,2000.25,1950.5,1998.5,97078,Financial Services,-0.017141069752893312,-0.025822929908714265,-0.024969885188844465,-0.007379134860050929,2009.54501953125,2042.4705322265625,2034.7662923177083,2013.1472229003907,1999.89626953125,1991.7253295898438,0
2024-10-29,1955.7750244140625,1983.4000244140625,1950.0,1983.4000244140625,80492,Financial Services,-0.004124486327254817,-0.007555654533869194,-0.008423934801118582,-0.00025634452704437205,1997.3150146484375,2031.6329711914063,2033.2547526041667,2012.9706665039062,2000.6045654296875,1991.1101481119792,0
2024-10-30,1949.3499755859373,2031.949951171875,1927.5,1970.824951171875,100334,Financial Services,-0.0032851676434768606,-0.006340159870625417,0.02447813157214984,-0.011538461538461497,1982.510009765625,2020.3749999999995,2025.8842203776042,2013.518566894531,2000.3989892578122,1990.3781331380205,0
2024-10-31,2062.97509765625,2072.14990234375,1950.0,1950.0,254052,Financial Services,0.05828872367372573,-0.010566616360063952,0.019783927821987346,0.011673151750972721,1986.02001953125,2023.1175048828125,2028.4962158203125,2019.041436767578,2005.0498828125,1994.1765096028646,1
2024-11-01,2077.050048828125,2094.949951171875,2070.0,2083.60009765625,17790,Financial Services,0.006822647150644512,0.06851287059294875,0.011003088532512306,0.06153846153846154,2001.805029296875,2016.50751953125,2032.469140625,2025.3004943847657,2009.6907568359375,1999.6320068359375,1
2024-11-04,2013.0,2069.949951171875,1989.0,2053.5,70064,Financial Services,-0.03083702718875847,-0.014446197084607704,-0.011933459310574657,-0.03913043478260869,2011.630029296875,2010.5875244140625,2032.1903645833333,2028.9822265625,2012.8437841796874,2001.851896158854,0
2024-11-05,2022.4749755859373,2040.0,1992.5,1992.5,58128,Financial Services,0.00470689298854321,-0.02970538105673237,-0.014468925277598688,0.0017596782302664593,2024.97001953125,2011.1425170898438,2029.4119873046875,2031.1835693359371,2015.3705371093747,2004.6654744466143,1
2024-11-06,1995.199951171875,2037.074951171875,1990.0,2030.425048828125,73156,Financial Services,-0.013485963852858274,0.019033901544855736,-0.0014338474647671573,-0.0012547051442910462,2034.1400146484375,2008.3250122070312,2024.9633382161458,2027.9481689453125,2017.6428564453122,2006.022493489583,0
2024-11-07,1979.75,2005.800048828125,1968.5250244140625,1995.875,77198,Financial Services,-0.007743560319756648,-0.017016165579746834,-0.015352848124590812,-0.010791445018059065,2017.4949951171875,2001.7575073242188,2021.2433349609375,2025.7459106445312,2018.7321484374997,2007.1240681966144,0
2024-11-08,1956.1500244140625,1989.0999755859373,1950.824951171875,1980.0,45918,Financial Services,-0.011920684725817643,-0.0079539049289159,-0.008325891332959467,-0.008991540886027605,1993.314990234375,1997.560009765625,2008.7766764322917,2022.6806030273438,2018.9033935546872,2006.9614624023436,0
2024-11-11,1972.074951171875,2012.875,1936.2249755859373,1956.1500244140625,95190,Financial Services,0.008140953689164343,-0.01204544221511994,0.011952654318976297,-0.007484000846496919,1985.12998046875,1998.3800048828125,2002.1016764322917,2020.4252685546876,2020.2117773437496,2008.224816894531,1
2024-11-12,1951.949951171875,1999.25,1946.199951171875,1994.2249755859373,50840,Financial Services,-0.010204987385515452,0.019464228559504138,-0.006768925045022689,0.0051517647544645495,1971.0249755859375,1997.9974975585938,1997.7700032552084,2014.815234375,2019.1518505859372,2007.9796101888019,0
2024-11-13,1910.800048828125,1947.699951171875,1881.375,1944.0250244140625,125522,Financial Services,-0.021081433117199122,-0.02517266195461476,-0.02578469367419034,-0.03330847435940054,1954.1449951171876,1994.1425048828125,1990.2650065104167,2007.2587524414062,2013.1875341796874,2007.0598795572914,0
2024-11-14,1942.0250244140625,1959.949951171875,1887.5,1887.5,74892,Financial Services,0.01634130981160875,-0.02907628436063958,0.006289469788521407,0.003255597634708618,1946.6,1982.0474975585937,1983.371671549479,2002.582501220703,2009.916728515625,2006.7101236979165,1
2024-11-18,1992.574951171875,2009.949951171875,1925.0,1942.5,66904,Financial Services,0.026029492989187553,0.029139072847682135,0.025510855504297103,0.019867549668874274,1953.8849853515626,1973.5999877929687,1983.0016682942708,1995.0537536621093,2008.9214794921875,2008.0669921874999,1
2024-11-19,2015.300048828125,2035.0,1971.2750244140625,1992.574951171875,63212,Financial Services,0.011404889759798031,0.025778610641891797,0.012463021187925527,0.024038973721590917,1962.5300048828126,1973.8299926757813,1986.4300048828125,1992.208758544922,2008.8462158203124,2010.5981486002602,1
2024-11-21,2004.324951171875,2040.0,1985.25,2011.199951171875,95476,Financial Services,-0.005445887654610959,0.009347201714568598,0.002457002457002533,0.0070893078910141405,1973.0050048828125,1972.014990234375,1989.6666666666667,1991.5787536621094,2006.4531884765624,2011.4607096354164,0
2024-11-22,1989.074951171875,2022.9749755859373,1977.5,2005.0,84600,Financial Services,-0.007608546703509189,-0.0030827124713593834,-0.008345600202971926,-0.0039037904546026514,1988.6599853515625,1971.402490234375,1992.3149983723958,1989.863751220703,2003.5389990234376,2009.099609375,0
2024-11-25,2062.60009765625,2081.324951171875,1980.449951171875,2000.0250244140625,153150,Financial Services,0.03696449268593782,-0.0024812845815149753,0.028843646752989116,0.0014917578618836025,2012.775,1979.6875,1992.2899983723958,1990.7225036621094,2004.6210009765625,2010.3931070963542,1
2024-11-26,2056.02490234375,2087.5,2026.824951171875,2056.0,68556,Financial Services,-0.0031878187729998952,0.027987137612108803,0.0029668835828100537,0.023416395841035387,2025.464990234375,1989.6749877929688,1990.888321940104,1993.617498779297,2001.1360009765624,2011.678731282552,0
2024-11-27,2035.8499755859373,2072.5,2028.074951171875,2057.449951171875,30258,Financial Services,-0.009812588716612614,0.0007052291691997947,-0.007185628742514938,0.0006167281487616805,2029.5749755859374,1996.052490234375,1992.4116536458334,1997.2162475585938,1999.682001953125,2012.3010091145834,0
2024-11-28,2054.60009765625,2069.77490234375,2020.0,2050.0,28316,Financial Services,0.00920997239244814,-0.003620963497863783,-0.0013148842732207955,-0.0039815841950067155,2039.6300048828125,2006.3175048828125,1994.553328450521,2002.1575012207031,2001.18900390625,2011.9826578776042,1
2024-11-29,2078.02490234375,2100.0,2035.0,2054.5,65944,Financial Services,0.011401150381634473,0.002195121951219514,0.014603084433009617,0.007425742574257432,2057.4199951171877,2023.039990234375,2000.0749918619792,2008.5912475585938,2003.375,2012.5191650390625,1
2024-12-02,2084.574951171875,2140.925048828125,2065.02490234375,2077.97509765625,102216,Financial Services,0.00315205502144722,0.011426185279264978,0.019488118489583428,0.01475425176597045,2061.8149658203124,2037.2949829101562,2007.063321940104,2009.671240234375,2004.94099609375,2014.1533284505208,1
2024-12-03,2106.675048828125,2132.47509765625,2076.125,2094.925048828125,61222,Financial Services,0.010601728493295992,0.008156955870642024,-0.003946869217350768,0.005375285132712682,2071.9449951171873,2048.7049926757813,2017.0983235677083,2011.152490234375,2009.282998046875,2012.9375,1
2024-12-04,2092.074951171875,2150.5,2077.52490234375,2097.25,68258,Financial Services,-0.006930398527467019,0.0011098016003845412,0.008452573426794396,0.0006742861550965706,2083.189990234375,2056.3824829101563,2025.0983235677083,2015.1062377929688,2014.41099609375,2013.6,0
2024-12-05,2191.574951171875,2225.0,2092.074951171875,2105.64990234375,367830,Financial Services,0.047560437518868515,0.004005198399690046,0.03464310625435951,0.007003549662249808,2110.5849609375,2075.1074829101562,2041.0733235677083,2023.5612365722657,2023.8429931640626,2019.4216634114584,1
2024-12-06,2153.60009765625,2237.47509765625,2119.5,2217.52490234375,216824,Financial Services,-0.01732765447757978,0.05313086466818362,0.005606785463483144,0.01310901830393929,2125.7,2091.5599975585938,2057.2599934895834,2031.4812438964843,2032.012998046875,2023.7625,0
2024-12-09,2261.050048828125,2323.0,2154.125,2157.5,659390,Financial Services,0.0498931771450104,-0.027068423123595364,0.03822384545568225,0.01633640009436177,2160.99501953125,2111.404992675781,2078.528328450521,2045.5462463378906,2039.93599609375,2030.95,1
2024-12-10,2222.47509765625,2276.02490234375,2212.5,2272.0,130238,Financial Services,-0.01706063569529026,0.05307068366164547,-0.02022173812150241,0.027099170196715594,2184.155029296875,2128.050012207031,2093.8550048828124,2058.8625,2045.752998046875,2038.4283365885417,0
2024-12-11,2198.52490234375,2252.0,2177.77490234375,2229.5,69954,Financial Services,-0.01077636160592177,-0.018705985915492995,-0.010555641249359926,-0.015694959392655417,2205.44501953125,2144.3175048828125,2106.0699951171873,2070.1849975585938,2053.173994140625,2046.25,0
2024-12-12,2169.675048828125,2227.300048828125,2150.5,2197.77490234375,78308,Financial Services,-0.0131223683138042,-0.014229691704978675,-0.010968006737067104,-0.012524206388087378,2201.0650390625,2155.825,2117.0933349609377,2081.071252441406,2059.0619970703124,2053.380000813802,0
2024-12-13,2134.10009765625,2180.550048828125,2125.0,2172.0,72064,Financial Services,-0.01639644203452939,-0.011727726218123236,-0.020989538443460742,-0.011857707509881465,2197.1650390625,2161.43251953125,2126.761678059896,2092.2362548828123,2064.6180029296875,2059.538338216146,0
2024-12-16,2143.0,2192.52490234375,2120.0,2147.0,110610,Financial Services,0.004170330320271365,-0.011510128913443829,0.005491666436209686,-0.0023529411764705577,2173.555029296875,2167.2750244140625,2132.1216715494793,2102.2850036621094,2071.1480029296877,2062.2058349609374,1
2024-12-17,2107.97509765625,2153.5,2085.60009765625,2153.5,155586,Financial Services,-0.01634386483609429,0.0030274802049370386,-0.017799069147188873,-0.016226369030070797,2150.655029296875,2167.405029296875,2135.5850179036456,2108.055010986328,2077.221005859375,2063.236669921875,0
2024-12-18,2099.97509765625,2124.97509765625,2087.5,2114.324951171875,61824,Financial Services,-0.003795111246283178,-0.018191339135419038,-0.013245833454260558,0.0009109619556908477,2130.945068359375,2168.1950439453126,2139.8600260416665,2112.2887634277345,2082.33701171875,2066.13583984375,0
2024-12-19,2073.60009765625,2092.39990234375,2050.0,2075.0,51598,Financial Services,-0.012559672745375283,-0.01859929390232984,-0.015329683321196996,-0.017964071856287456,2111.730078125,2156.39755859375,2141.1266927083334,2115.752520751953,2087.203017578125,2067.840010579427,0
2024-12-20,2031.300048828125,2090.175048828125,2006.0,2090.175048828125,98622,Financial Services,-0.02039932814236256,0.0073132765436747516,-0.0010633022459678454,-0.02146341463414636,2091.170068359375,2144.1675537109377,2138.0117024739584,2117.8637756347657,2092.023017578125,2069.043347167969,0
2024-12-23,1964.25,2024.5,1955.0,2023.75,90304,Financial Services,-0.03300844149873716,-0.0317796582948241,-0.031420836673438535,-0.025423728813559365,2055.420068359375,2114.487548828125,2129.9900390625,2112.9462707519533,2092.9120166015623,2068.526680501302,0
2024-12-24,1987.2249755859373,2000.0,1931.574951171875,1980.25,88566,Financial Services,0.011696563872183985,-0.02149474984558364,-0.01210175351938747,-0.011982122162723763,2031.2700439453124,2090.962536621094,2122.0267008463543,2109.5062744140623,2092.698017578125,2069.5625122070314,1
2024-12-26,1999.625,2015.7249755859373,1990.0,2003.949951171875,38096,Financial Services,0.006239869449309099,0.011968161177565939,0.00786248779296872,0.03024736306125675,2011.2000244140625,2071.072546386719,2115.8633707682293,2107.6950256347654,2092.071015625,2070.480847167969,1
2024-12-27,1993.875,2010.1500244140625,1989.2750244140625,2008.9749755859373,41146,Financial Services,-0.002875539163593177,0.0025075598375716712,-0.0027657300670466123,-0.00036430933966713486,1995.2550048828125,2053.492541503906,2102.6833740234374,2104.658770751953,2091.653017578125,2071.878348795573,0
2024-12-30,1969.9749755859373,2027.4749755859373,1955.9749755859373,2027.4749755859373,101906,Financial Services,-0.011986721541752954,0.009208676178061648,0.00861873539858049,-0.016739791340784405,1982.989990234375,2037.080029296875,2090.44169921875,2099.2562744140623,2090.8890185546875,2073.8508463541666,0
2024-12-31,1972.0250244140625,1996.5999755859373,1961.550048828125,1965.0,37860,Financial Services,0.0010406471419848184,-0.030814178393438363,-0.015228301395472044,0.0028502784093735745,1984.5449951171875,2019.9825317382813,2071.1733642578124,2093.628778076172,2087.266015625,2074.8508463541666,1
2025-01-01,1969.699951171875,1998.1500244140625,1955.4749755859373,1985.0,41340,Financial Services,-0.0011790282645517403,0.010178117048346147,0.000776344208694324,-0.0030970778674840327,1981.039990234375,2006.1550170898438,2054.3216878255207,2086.7800231933593,2083.813017578125,2074.088346354167,0
2025-01-02,1968.8499755859373,1989.0,1956.5,1985.625,39442,Financial Services,-0.000431525413518985,0.00031486146095716094,-0.004579247955491028,0.0005241818109973373,1974.8849853515626,1993.0425048828124,2039.0100260416666,2080.6187744140625,2081.133017578125,2072.540010579427,0
2025-01-03,1979.75,2010.0,1968.8499755859373,1968.8499755859373,52404,Financial Services,0.00553623920015478,-0.008448233888102119,0.010558069381598756,0.006312279880366534,1972.0599853515625,1983.6574951171874,2026.3483561197916,2070.0275268554688,2078.139013671875,2071.7208455403647,1
2025-01-06,1930.199951171875,1999.5999755859373,1910.050048828125,1997.300048828125,99774,Financial Services,-0.025028437342151766,0.014450097059183431,-0.005174141499533658,-0.02986511287652238,1964.10498046875,1973.5474853515625,2012.7550130208333,2058.85751953125,2072.226015625,2069.7583455403646,0
2025-01-07,1948.675048828125,1969.75,1934.4749755859373,1934.4749755859373,94950,Financial Services,0.009571597825931644,-0.031455000103288944,-0.014927973569908826,0.01278758468805452,1959.4349853515625,1971.989990234375,1999.8000162760416,2043.23876953125,2066.79001953125,2065.9608439127605,1
2025-01-08,1917.199951171875,1989.5,1883.0250244140625,1964.7750244140625,147406,Financial Services,-0.016152050427893694,0.01566318986315518,0.01002665312856954,-0.026596338449036305,1948.9349853515625,1964.9874877929688,1987.0816731770833,2027.9750122070313,2059.211015625,2061.3333455403645,0
2025-01-09,1971.800048828125,2069.64990234375,1940.0,1994.949951171875,417426,Financial Services,0.028479083583783815,0.015357955176985794,0.04028645506094497,0.030257152638566875,1949.525,1962.2049926757813,1978.536669921875,2016.63876953125,2054.40001953125,2059.198347981771,1
