Date,Close,High,Low,Open,Volume,Sector,return_ratio,pct_change_open,pct_change_high,pct_change_low,ma_5,ma_10,ma_15,ma_20,ma_25,ma_30,up_or_down
2022-01-10,757.344970703125,770.1130538500654,745.6935096153846,758.3644616958231,42346,Capital Goods,0.0,0.0,0.0,0.0,0.0,0.0,0.0,0.0,0.0,0.0,0
2022-01-11,744.7711181640625,761.1317476081823,739.8678066261717,760.2578642890978,52903,Capital Goods,-0.016602543128250824,0.0024966921433009492,-0.011662321781175322,-0.007812463048280649,0.0,0.0,0.0,0.0,0.0,0.0,0
2022-01-12,740.353271484375,756.3740308017418,735.9839734887295,742.9263262312138,42215,Capital Goods,-0.005931817939688555,-0.022796920455522507,-0.006250845298979346,-0.005249360902933042,0.0,0.0,0.0,0.0,0.0,0.0,0
2022-01-13,756.2284545898438,762.0056500410329,736.4695394319957,744.0915142564226,53566,Capital Goods,0.021442713521937495,0.0015683762764466813,0.0074455481150268454,0.000659750702130868,0.0,0.0,0.0,0.0,0.0,0.0,1
2022-01-14,773.5599975585938,784.0948374721992,746.1790498495648,757.3450343300723,105116,Capital Goods,0.022918395709071948,0.01781168017605217,0.028988220008574483,0.013183858798909043,754.4515625,0.0,0.0,0.0,0.0,0.0,1
2022-01-17,767.1516723632812,785.5027491699883,761.9570857987,781.618928407714,43907,Capital Goods,-0.008284199306501927,0.032051301556514034,0.0017955885315199538,0.021145107132552354,756.4129028320312,0.0,0.0,0.0,0.0,0.0,0
2022-01-18,749.5288696289062,781.42472386676,743.8002103116897,771.0354914971377,73690,Capital Goods,-0.022971732147941903,-0.013540405082226425,-0.005191611751247716,-0.023829262599451728,757.364453125,0.0,0.0,0.0,0.0,0.0,0
2022-01-19,784.2890625,815.7480346729276,743.6546111005041,747.6355037140205,332819,Capital Goods,0.04637605605278905,-0.030348781659429114,0.04392401437764071,-0.00019575043024611105,766.151611328125,0.0,0.0,0.0,0.0,0.0,1
2022-01-20,789.9205932617188,798.125176576574,781.6674740392116,786.4737141447993,68059,Capital Goods,0.007180427511978449,0.05194805521921131,-0.02160331051661002,0.05111628754974551,772.8900390625,0.0,0.0,0.0,0.0,0.0,1
2022-01-21,777.0068359375,797.7852992414125,770.4043529641439,786.4736483716026,59627,Capital Goods,-0.016348171492650443,-8.363050851833975e-08,-0.0004258446483536016,-0.014409095234404923,773.5794067382812,764.0154846191406,0.0,0.0,0.0,0.0,0
2022-01-24,769.4819946289062,802.9799489692183,755.2574772692911,771.9093826245811,207569,Capital Goods,-0.00968439524668352,-0.01851844086216603,0.006511337991242927,-0.019660942512298774,774.0454711914062,765.2291870117188,0.0,0.0,0.0,0.0,0
2022-01-25,798.8533325195312,814.6313533684433,747.6354494561399,758.3159558769419,152932,Capital Goods,0.03817027311313459,-0.01761013281302526,0.01451020590760943,-0.010091959421189012,783.9103637695313,770.6374084472657,0.0,0.0,0.0,0.0,1
2022-01-27,793.4160766601562,842.8861973932518,765.9379966997448,807.8347378800981,268044,Capital Goods,-0.0068063255644515985,0.06530098914494165,0.03468420888537693,0.024480577073918708,785.7357666015625,775.9436889648438,0.0,0.0,0.0,0.0,0
2022-01-28,780.64794921875,803.0284538208623,775.3076958347909,794.2413214688278,49111,Capital Goods,-0.016092599856500245,-0.016826976823182793,-0.0472872182456604,0.012232973393953683,783.8812377929687,778.3856384277344,0.0,0.0,0.0,0.0,0
2022-01-31,678.3092041015625,787.0561744913855,649.8116958338306,787.0561744913855,627138,Capital Goods,-0.1310946185404127,-0.009046553966940984,-0.01989005402421251,-0.1618660574055517,764.1417114257813,768.8605590820313,764.0575602213542,0.0,0.0,0.0,0
2022-02-01,674.3768310546875,689.3295628163299,655.8316129490818,680.6395030997389,298782,Capital Goods,-0.005797316361177085,-0.13520848300366306,-0.12416726384010501,0.009264094742903017,745.1206787109375,759.5830749511719,758.5263509114583,0.0,0.0,0.0,0
2022-02-02,679.18310546875,699.4760911526895,671.1241898367539,677.7752086942838,128720,Capital Goods,0.007126986267523172,-0.004208240033689914,0.014719415623065446,0.023317840411665847,721.1866333007813,752.5484985351562,754.1538167317708,0.0,0.0,0.0,1
2022-02-03,677.629638671875,691.3200829007642,671.9980512607966,684.4263248801691,130346,Capital Goods,-0.0022872577135186756,0.009813159437770613,-0.011660167309628489,0.0013020860181709448,698.029345703125,741.8825561523438,749.9722412109375,0.0,0.0,0.0,0
2022-02-04,660.2009887695312,684.4263324465287,657.3851950328633,681.0279893048129,72705,Capital Goods,-0.025720023015084137,-0.004965232124803487,-0.009971864878146497,-0.021745384827406622,673.9399536132812,728.910595703125,743.57041015625,0.0,0.0,0.0,0
2022-02-07,633.062744140625,669.716300262264,629.2759954323707,661.2204428830761,80631,Capital Goods,-0.0411060345115295,-0.029084775857679768,-0.021492498881044986,-0.042759100467858024,664.8906616210937,714.5161865234375,734.203926595052,739.265835571289,0.0,0.0,0
2022-02-08,624.3241577148438,640.733323356632,617.5760076102362,631.1693796289109,58364,Capital Goods,-0.01380366560291546,-0.045447873818201256,-0.04327649915984144,-0.018592776312872927,654.880126953125,700.0004028320312,724.6820922851563,732.614794921875,0.0,0.0,0
2022-02-09,622.1880493164062,633.6453082532411,617.7216793238366,631.0723126588431,41689,Capital Goods,-0.00342147323956854,-0.00015378909877539204,-0.011062348164223357,0.00023587657519952288,643.4811157226562,682.3338745117187,716.192704264323,726.4856414794922,0.0,0.0,0
2022-02-10,630.4412231445312,638.6943426539639,606.8470227523989,606.8470227523989,86866,Capital Goods,0.013264757876967792,-0.038387502383645855,0.007968234491692927,-0.017604459962197283,634.0434326171875,666.0363891601562,705.936181640625,720.9900390625,0.0,0.0,1
2022-02-11,611.6046752929688,633.5482380714016,607.8664623921193,628.3050565341267,43817,Capital Goods,-0.02987835687141316,0.035359873208907544,-0.008057225872987628,0.001679895593944991,624.324169921875,649.1320617675781,694.0484537760417,713.7588500976562,0.0,0.0,0
2022-02-14,581.8448486328125,603.9340773460315,576.4075237314404,603.9340773460315,52524,Capital Goods,-0.048658599030330874,-0.03878844986944896,-0.04674334004229763,-0.051753042167977825,614.0805908203125,639.4856262207031,681.0376546223958,704.1730926513671,714.2287866210937,0.0,0
2022-02-15,594.7586059570312,600.9242071386515,559.6100152706524,583.5440850600223,67312,Capital Goods,0.022194503147295652,-0.03376195027048701,-0.004983772766403161,-0.02914172311986385,608.16748046875,631.5238037109375,669.3894287109375,695.5534393310547,707.72533203125,0.0,1
2022-02-16,604.662353515625,611.70177874724,592.8652240776814,597.768595269625,47199,Capital Goods,0.016651709549721616,0.024376067847795335,0.017934993266300214,0.05942568556594785,604.6623413085938,624.071728515625,656.4433634440104,688.3101135253906,702.1209814453125,0.0,1
2022-02-17,608.5947265625,613.6437056130629,602.0407787572972,607.7209024125821,34532,Capital Goods,0.006503419675479183,0.01664909669345871,0.0031746300784019077,0.015476628257105274,600.2930419921875,617.1682373046875,644.1219401041667,679.5253967285156,696.8506396484376,0.0,1
2022-02-18,633.742431640625,637.529121128649,613.9349230824739,613.9349230824739,131297,Capital Goods,0.041320938188481815,0.010225122494919692,0.03892391512713922,0.01975637655264495,604.7205932617187,614.5223815917968,634.3282389322917,671.7164886474609,691.9511987304687,0.0,1
2022-02-21,614.9058837890625,635.9756223672987,607.3324454820539,635.9756223672987,51237,Capital Goods,-0.029722718428050743,0.03590070943376511,-0.002436749490909551,-0.010754360685770958,611.3328002929687,612.7066955566406,630.1013509114583,663.611441040039,685.6050341796876,697.0794555664063,0
2022-02-22,576.6016845703125,608.2548576031644,566.6008585087815,596.0693824827474,91991,Capital Goods,-0.06229278370653857,-0.06274806530477983,-0.04358777882232179,-0.06706637736263676,607.701416015625,607.9344482421875,623.5830078125,653.9674255371094,677.9830346679687,691.0546793619792,0
2022-02-23,591.4573364257812,601.9921757972745,587.4763848671026,594.2245348192452,45787,Capital Goods,0.02576414924375281,-0.003095021683244492,-0.010296147622343765,0.03684344286604646,605.0604125976563,604.861376953125,617.7346232096354,643.5976257324219,671.6601733398437,685.9442199707031,1
2022-02-24,578.05810546875,587.2336431811295,558.590467216362,567.0377885906543,94661,Capital Goods,-0.02265460267684527,-0.04575163870818755,-0.024516153547342823,-0.04916949582113872,598.9530883789063,599.6230651855469,611.0965209960938,632.8297271728516,663.4109350585937,680.5343811035157,0
2022-02-25,596.0693359375,604.9050032918617,585.5829738637773,585.5829738637773,61162,Capital Goods,0.03115816610536859,0.03270537810049001,0.030092553987547177,0.04832253364782213,591.4184692382812,598.06953125,606.8210774739583,623.600796508789,655.656884765625,675.1957438151042,1
2022-02-28,610.7793579101562,616.1681474282865,595.6810163729078,599.0308236719841,41028,Capital Goods,0.02467837395044037,0.022964892096290823,0.018619690819436707,0.017244426426031412,590.5931640625,600.9629821777344,605.335518391927,620.2243041992188,649.0077856445313,669.7697224934896,1
2022-03-02,606.3129272460938,620.4403121731438,603.9340753860648,606.8469407014318,35896,Capital Goods,-0.00731267454641038,0.01304793797009629,0.006933439780501649,0.01385482965935303,596.5354125976562,602.1184143066406,604.1347696940104,616.8211090087891,642.4810229492188,664.4084309895833,0
2022-03-03,620.9258422851562,633.0627821265393,609.371451851199,609.371451851199,51759,Capital Goods,0.024101275731386984,0.004160045936540957,0.020344374318916003,0.009003261592183565,602.4291137695312,603.7447631835937,604.0506225585938,613.9082458496093,635.3639233398437,660.1216634114584,1
2022-03-04,597.8656616210938,627.2855921918681,593.3021603498246,620.9258475139089,42164,Capital Goods,-0.03713838125853397,0.01896116995243058,-0.009125777249556433,-0.026370272930505423,606.390625,602.6718566894531,601.8789184570312,609.9200469970704,627.5419067382812,653.9075500488282,0
2022-03-07,585.0490112304688,598.5938473664223,574.7569103902798,596.1664595020005,87163,Capital Goods,-0.0214373415524034,-0.039874951431062455,-0.045739524679964005,-0.03125768149674368,604.1865600585937,597.8025146484375,600.1085408528646,606.1624481201172,619.71794921875,647.0784973144531,0
2022-03-08,602.91455078125,607.3809203109691,582.6215665100452,592.2825811201393,42898,Capital Goods,0.030536825475880436,-0.006514754931207567,0.014679524327231963,0.013683447693434436,602.6135986328125,596.6033813476563,601.5131876627604,604.6550384521485,616.7021630859375,641.2754211425781,1
2022-03-09,625.7805786132812,629.6643991166995,602.9145972518853,605.9730703408885,31865,Capital Goods,0.03792581851342236,0.023114792933564665,0.03668781494539153,0.034830551953984656,606.50712890625,601.5212707519531,603.5813191731771,604.7278594970703,614.7583129882812,636.4853739420573,1
2022-03-10,627.3341064453125,636.9465862537978,617.0905413389852,626.266079472103,41728,Capital Goods,0.0024825440180227254,0.03348830191381058,0.011565187975235425,0.023512358386601484,607.7887817382813,605.1089477539062,605.0927693684896,604.9851623535156,612.6843530273437,630.76806640625,1
2022-03-11,646.6561279296875,649.4719215610677,625.1009118128848,630.4897010264857,42627,Capital Goods,0.03080020882948653,0.006744132714233686,0.019664655683198973,0.012980867372425431,617.546875,611.96875,607.630196126302,605.7959075927735,611.4454125976563,625.8760681152344,1
2022-03-14,627.8196411132812,646.6561966732912,625.1495141750656,646.6561966732912,17916,Capital Goods,-0.029129062577219367,0.025641173234844716,-0.0043354066500805866,7.775122586184402e-05,626.1010009765625,615.1437805175781,607.2353434244792,606.606655883789,610.1501586914062,620.7817911783854,0
2022-03-15,613.4495239257812,635.8786260810057,610.2939193178684,630.9752545880161,45101,Capital Goods,-0.022888925809995686,-0.02424927212627881,-0.016666616121101985,-0.023763267059081716,628.2079956054688,615.4107971191406,607.138252766927,608.1868896484375,609.3656298828125,618.6198018391927,0
2022-03-16,637.5291748046875,640.3449686523203,621.4113418309098,621.4113418309098,33449,Capital Goods,0.03925286423699226,-0.015157349971435696,0.00702389164869599,0.01821650545931619,630.55771484375,618.532421875,611.2000854492187,610.3254180908203,609.8938305664062,617.3915466308594,1
2022-03-17,647.0930786132812,668.93956972607,641.8013611357036,641.8013611357036,58024,Capital Goods,0.01500151551734663,0.032812435068721335,0.044654994531979186,0.032812435068721335,634.5095092773438,621.1491455078125,614.9091349283855,612.4469543457031,610.8900317382812,616.3218790690104,1
2022-03-21,641.1702270507812,658.2105378070536,629.1789543268276,658.2105378070536,59069,Capital Goods,-0.009153013311767544,0.02556737592814229,-0.016038865698152605,-0.019667154938001308,633.4123291015625,625.4796020507813,619.1166097005208,614.0757293701172,611.3191918945313,615.1065653483073,0
2022-03-22,645.53955078125,653.0159177868386,637.9661119591537,650.5399938418615,20187,Capital Goods,0.006814607956090679,-0.011653632879758957,-0.007892034116502855,0.01396607049854004,636.9563110351562,631.5286560058594,622.4146240234375,614.6655853271484,612.6765869140625,614.617850748698,1
2022-03-23,636.41259765625,655.4918317777224,632.0918351640155,646.6561631631863,22244,Capital Goods,-0.01413848789582961,-0.005970164348756857,0.0037915063376632308,-0.009207819482916935,641.54892578125,634.8784606933593,624.1235066731771,615.7409210205078,614.859296875,614.7295125325521,0
2022-03-24,632.091796875,654.4237651209677,630.8781029485887,640.7333213360079,58824,Capital Goods,-0.006789307435400294,-0.009159182521676246,-0.0016294126104638984,-0.0019201833466364615,640.4614501953125,635.5095825195312,625.8420979817708,618.5154266357422,616.3526245117188,614.9884338378906,0
2022-03-25,622.8192138671875,640.3934789711228,610.6822740820385,635.2959642613602,46730,Capital Goods,-0.014669677812076065,-0.008486146878252221,-0.02143914524138868,-0.032012252085084625,635.6066772460938,635.0580932617188,625.9683227539062,620.0835205078125,617.0788989257812,615.00947265625,0
2022-03-28,624.90673828125,637.9175615676514,609.7598609809514,624.3241888706239,26339,Capital Goods,0.003351734126987971,-0.017270336989300472,-0.0038662439340407806,-0.0015104631986798678,632.3539794921875,632.883154296875,627.7710611979167,622.4259521484375,617.7313793945312,614.8249898274739,1
2022-03-29,625.0038452148438,631.1208508397335,615.5855683575247,630.1498956845955,22553,Capital Goods,0.00015539428149047296,0.009331220730867562,-0.010654528323715273,0.009554101129584325,628.2468383789062,632.6015747070312,630.434716796875,623.8726776123046,617.3818359375,615.2716288248698,1
2022-03-30,643.9375,652.38482208602,625.4408153066266,628.159478012067,32738,Capital Goods,0.030293661279232387,-0.003158641596482603,0.033692392222494094,0.016009548396979545,629.7518188476563,635.6503723144531,633.169580078125,625.5305847167969,618.5431005859375,617.3413838704427,1
2022-03-31,630.3926391601562,652.4818691037735,626.3631515314155,644.5200249199678,21767,Capital Goods,-0.02103443399373972,0.026045212212155056,0.00014875732001740083,0.0014746978486472884,629.4119873046875,634.93671875,633.47705078125,626.7345703125,620.6947387695312,618.5291849772135,0
2022-04-01,656.899658203125,662.8225198448714,631.6062898103178,633.5482000018945,32003,Capital Goods,0.04204842727586877,-0.017023249075054925,0.01584818096984275,0.008370764254064467,636.228076171875,635.9173767089844,635.4480875651042,628.5332611083984,623.312431640625,620.2704284667968,1
2022-04-04,665.2013549804688,669.9105230537812,657.967786463945,658.210525253423,36997,Capital Goods,0.012637693860356292,0.038927306953843166,0.010693666851525618,0.04173722947177105,644.2869995117187,638.3204895019531,636.6844360351563,631.9000457763672,626.7981616210938,622.1573160807292,1
2022-04-05,658.1133422851562,668.5511094096466,655.394679909861,668.0170959673843,20510,Capital Goods,-0.010655439352676321,0.014898836067967158,-0.002029246589436484,-0.0039106877373319415,650.9088989257813,639.5778686523438,638.7040161132812,635.5532623291016,629.279921875,622.9696797688802,0
2022-04-06,655.2005004882812,680.639536382444,651.7050857752989,661.4146369362468,51328,Capital Goods,-0.0044260488425303945,-0.009883667754904124,0.018081530047077354,-0.005629575960350408,653.1614990234375,641.4566589355469,641.4874145507813,638.1675598144532,631.056767578125,624.3128336588542,0
2022-04-07,646.2677612304688,662.6769279123059,643.7433014005258,661.2204951037074,29988,Capital Goods,-0.013633596511534174,-0.00029352515305469673,-0.026390780302901873,-0.012216851684226815,656.3365234375,642.8742553710938,642.0699869791666,639.1919189453125,632.6549609375,626.6350362141927,0
2022-04-08,648.5494995117188,653.5498829398997,641.3158718450892,649.5204546545576,23926,Capital Goods,0.003530639184144979,-0.01769461251698612,-0.013772993427068614,-0.003770803595401273,654.6664916992188,645.4472839355469,642.1670817057292,640.2526885986329,633.7599072265625,628.5381083170573,1
2022-04-11,650.1515502929688,675.7847901770584,646.7532072389174,650.4428842503787,59570,Capital Goods,0.0024702058708798713,0.0014201702028178165,0.03402174465572272,0.008478404531272243,651.6565307617187,647.9717651367188,642.7658365885417,640.4274597167969,635.8513427734375,630.9412231445312,1
2022-04-12,658.938720703125,661.1233697390726,642.4810194465064,652.4818454030317,47706,Capital Goods,0.013515572494130934,0.003134727432682727,-0.021695398669958954,-0.006605591970157532,651.8216064453125,651.3652526855469,643.6591145833333,641.9834136962891,638.8069311523437,633.0368693033854,1
2022-04-13,662.19140625,671.9009576612904,659.2300049220362,659.2785408266129,50387,Capital Goods,0.004936248917659869,0.010416681278515805,0.016301931553972082,0.026069230013921585,653.2197875976562,653.1906433105469,645.3777018229167,644.4205078125,641.1780053710937,634.7506042480469,1
2022-04-18,671.124267578125,678.6006347099569,650.6370766447983,655.3947809820744,35744,Capital Goods,0.01348984786545615,-0.005890924099651418,0.00997122711654752,-0.013034795463010118,658.1910888671875,657.2638061523437,647.9798665364583,646.1002624511718,642.9917529296876,636.9109822591146,1
2022-04-19,668.5511474609375,703.9424740428835,659.8610871357905,679.6685956276117,113708,Capital Goods,-0.0038340442172849487,0.03703693613361447,0.037344261170280335,0.014176890346548454,662.1914184570312,658.428955078125,651.028662109375,647.1731658935547,644.6404345703126,638.4984924316407,0
2022-04-20,653.5985107421875,677.6296517273637,648.5980678019275,677.6296517273637,111584,Capital Goods,-0.02236573338560255,-0.0029999089458667694,-0.037379222430492076,-0.01706877334250989,662.880810546875,657.2686706542969,652.9414469401041,647.794580078125,644.9181298828125,640.3562540690104,0
2022-04-21,653.9382934570312,691.7084724930652,651.5594414872986,664.910074798411,123631,Capital Goods,0.0005198645793391687,-0.01877069118290342,0.020776571287594692,0.004565807134466304,661.8807250976563,656.8511657714844,654.87041015625,648.2145172119141,645.9628759765625,642.6525634765625,1
2022-04-22,640.1021728515625,663.6478348790944,634.0337032568378,656.8511489330027,66617,Capital Goods,-0.02115814403882721,-0.012120324493280599,-0.04056714458453037,-0.02689814177269112,657.4628784179688,655.3413330078125,654.6147216796875,648.3989959716797,647.0289819335937,643.8921508789062,0
2022-04-25,658.259033203125,664.1332998065367,630.1984066262232,639.9564936963399,102950,Capital Goods,0.028365565876266707,-0.02572067547435475,0.0007315098489408811,-0.006049042205349409,654.8898315429688,656.5404602050781,656.472481282552,649.7073577880859,647.8581762695312,644.974766031901,1
2022-04-26,658.5503540039062,672.8719429778209,654.9578079681389,672.8719429778209,27057,Capital Goods,0.0004425625568154068,0.05143388590584341,0.013157965688258333,0.03928826395240437,652.8896728515625,657.5405456542969,656.5825276692708,651.4939147949219,648.3164672851562,646.0153076171875,1
2022-04-27,657.1909790039062,661.8516112007105,649.714671651533,661.8516112007105,16985,Capital Goods,-0.002064192953105559,-0.016378052157056122,-0.016378052157056122,-0.008005303933808494,653.6081665039062,658.2444885253906,656.0485026041666,653.1081268310547,648.9572973632812,646.3664693196614,0
2022-04-28,652.28759765625,670.39593323578,647.7240970203669,670.39593323578,13484,Capital Goods,-0.007461120898354712,0.012909724612694795,0.012909724612694795,-0.0030637674013211935,653.27802734375,657.5793762207031,655.6601196289063,654.472314453125,649.2272192382812,647.1820678710938,0
2022-04-29,650.2971801757812,662.9195965136463,642.7722781282077,660.2494699806364,20551,Capital Goods,-0.003051441553726608,-0.015135031034824498,-0.011152121233862444,-0.007644950859383326,655.3170288085937,656.3899536132812,655.3332316080729,654.7902984619141,649.7826025390625,648.410323079427,0
2022-05-02,640.1021728515625,648.6465661884553,637.2863792546509,648.6465661884553,14212,Capital Goods,-0.015677458914188924,-0.01757351473909008,-0.021530560267420285,-0.008534747157316946,651.6856567382813,653.287744140625,654.9221923828125,655.2757751464844,650.103017578125,648.4960896809896,0
2022-05-04,628.499267578125,648.5980513821168,624.6154469111661,648.5980513821168,15449,Capital Goods,-0.018126645659939267,-7.479389989462071e-05,-7.479389989462071e-05,-0.019882634802746435,645.675439453125,649.2825561523438,653.5855102539062,653.8557556152343,650.3302197265625,647.8762959798177,0
2022-05-05,634.2764282226562,643.646168777747,624.8581517643448,638.1602486786694,31021,Capital Goods,0.009191992644308256,-0.01609286781112762,-0.007634747890188143,0.00038856684441435085,641.092529296875,647.3503479003906,652.527168782552,652.3095092773438,650.7050073242187,647.6465026855469,1
2022-05-06,626.6544799804688,635.9756257521822,616.5565226757797,621.4598343500913,19110,Capital Goods,-0.01201676099417004,-0.026169624891485777,-0.011917328802144245,-0.01328562180892534,635.9659057617188,644.6219665527344,650.3748860677083,650.7365661621094,650.7710327148437,647.0170003255208,0
2022-05-09,614.6146240234375,629.7615010053107,611.7017585067388,621.4113102290679,14784,Capital Goods,-0.019212909732020944,-7.808086434768491e-05,-0.009771010861496232,-0.007873996933763339,628.82939453125,642.0732116699219,647.2031005859375,648.7072723388671,649.5981176757813,646.2904012044271,0
2022-05-10,590.58349609375,623.838711451269,583.6897379289769,612.915465530916,22495,Capital Goods,-0.0390995055932335,-0.013671853985116833,-0.009404813639110943,-0.04579359171067887,618.9256591796875,635.3056579589844,641.8337158203125,645.9230590820313,648.005751953125,644.9067911783854,0
2022-05-11,573.3975830078125,593.3992957375883,540.0938314131538,593.3992957375883,77709,Capital Goods,-0.029099887144847347,-0.031841535890145156,-0.04879372689595973,-0.07469020557138495,607.905322265625,626.790380859375,635.4901448567708,642.1654632568359,644.6656689453125,643.2594034830729,0
2022-05-12,574.8054809570312,579.1747793764682,551.5025560533678,573.2519763350814,28884,Capital Goods,0.0024553608018951234,-0.03395238172209836,-0.02397123903465237,0.021123597376335734,596.0111328125,618.5518310546875,630.2372762044271,638.398159790039,641.049833984375,641.5893615722656,1
2022-05-13,588.2046508789062,623.1590382317123,565.2415958559627,577.7183465255449,45072,Capital Goods,0.023310790112101687,0.00779128616183411,0.07594298029102187,0.02491201473464333,588.3211669921875,612.1435363769531,625.8550333658854,634.8614562988281,638.253486328125,640.3627217610677,1
2022-05-16,583.5925903320312,599.8560893530621,574.4656473343855,599.0793370731944,19443,Capital Goods,-0.007840911390251004,0.03697474846716675,-0.037394866236354574,0.016318776866473428,582.1167602539062,605.4730773925781,622.0877278645834,630.9315155029296,635.389169921875,638.3512247721354,0
2022-05-17,594.0789184570312,605.3905702999137,577.7183469582176,592.2826750327945,20190,Capital Goods,0.017968576535616787,-0.011345178542803813,0.00922634786090204,0.005662130780012875,582.8158447265625,600.870751953125,617.8090535481771,627.079248046875,633.3016162109375,637.1407674153646,1
2022-05-18,583.1556396484375,605.8274779686174,575.8734760201484,602.9146125173017,29993,Capital Goods,-0.01838691538990167,0.01795078251093285,0.0007216955303535055,-0.00319337432813549,584.7674560546875,596.3363891601563,612.7827392578125,622.80947265625,630.6858618164063,634.6826334635417,0
2022-05-19,592.4282836914062,594.6129326875048,572.8635145324987,577.7182900793842,16588,Capital Goods,0.015900804883853814,-0.04179086377209751,-0.01851112022636503,-0.005226775694639474,588.2920166015625,592.1515747070313,608.4652262369792,619.7509613037109,628.3769311523438,632.2568644205729,1
2022-05-20,611.798828125,621.3142361886794,585.8743725292705,595.4382572365071,24061,Capital Goods,0.032696859631509145,0.03067233193307395,0.0449053527653549,0.022711968325282106,593.0108520507813,590.6660095214844,605.7659749348958,617.6439880371094,626.4913354492187,630.713047281901,1
2022-05-23,593.5933837890625,619.0324195662059,587.0394367855708,613.6436305491477,19990,Capital Goods,-0.029757239633381283,0.030574745729530006,-0.0036725645246289407,0.0019885905766292566,595.0110107421875,588.5638854980468,601.9857218424479,615.3185485839844,623.7474145507813,628.6594767252604,0
2022-05-24,601.74951171875,609.7598924717628,587.9133995090007,602.477728150842,16221,Capital Goods,0.013740260845942709,-0.01819606990512279,-0.014979065395219537,0.0014887632221360914,596.5451293945313,589.6804870605469,599.428877766927,612.4930725097656,620.9724243164062,627.1755350748698,1
2022-05-25,595.0498657226562,606.7984591035031,583.7868092002199,604.7594176428263,16836,Capital Goods,-0.011133612683719263,0.0037871764969426014,-0.0048567204973994915,-0.0070190444923132755,598.923974609375,591.8457153320312,597.1989176432292,609.3180480957031,618.032373046875,625.3922139485677,0
2022-05-26,589.0299682617188,596.6034066153588,578.5436051817867,592.282644324772,16703,Capital Goods,-0.01011662687063486,-0.02063096986018842,-0.01680138163700451,-0.008981367745558133,598.2443115234375,593.2681640625,594.1824869791667,605.9099975585938,615.4496313476562,623.3548278808594,0
2022-05-27,688.5528564453125,703.8453997939137,581.9419354051453,591.9913565916651,1008182,Capital Goods,0.16896065318594045,-0.0004918052823227326,0.17975424208010882,0.0058739396528129095,613.5951171875,603.3029846191406,598.3090454101563,607.7232604980469,616.8342138671875,624.3419657389323,1
2022-05-30,671.0757446289062,690.3491826331827,662.1914803879474,690.3491826331827,122932,Capital Goods,-0.025382382271468162,0.1661474022320253,-0.01917497388585987,0.1378995739960427,629.0915893554687,612.0513000488281,602.0731201171875,608.7621887207031,618.0731567382812,624.6381103515625,0
2022-05-31,702.5346069335938,727.0512251691661,665.1042966878041,672.8719381089755,284475,Capital Goods,0.04687825861160233,-0.025316528162667162,0.05316446149177945,0.004398752303714559,649.2486083984375,622.8968688964844,609.5365275065104,611.8838104248047,619.8441796875,625.6851216634115,1
2022-06-01,698.6992797851562,718.0213103542804,689.426670253074,699.087685537636,62865,Capital Goods,-0.0054592714872478965,0.03896097599542747,-0.01241991554691979,0.03656926242454683,669.9784912109375,634.4512329101562,617.8899739583334,615.3938110351562,621.45013671875,626.6900594075521,0
2022-06-02,702.34033203125,723.3615331768507,700.447017038891,702.4859989979215,62350,Capital Goods,0.005211186488146113,0.004861068976879324,0.007437415499458311,0.015984799053061938,692.6405639648438,645.4424377441406,626.3922973632813,618.797006225586,623.2561108398437,628.3147867838542,1
2022-06-03,691.6113891601562,712.6811292198167,687.6304964757426,704.4280098759906,30003,Capital Goods,-0.01527598855111223,0.0027644833930347,-0.014764959798356792,-0.0182976303009037,693.2522705078125,653.4236938476563,633.2860799153646,622.0448516845703,624.8290625,629.570556640625,0
2022-06-06,746.7615966796875,770.9384040897286,705.5931330766687,708.7972732814885,809973,Capital Goods,0.07974161268006563,0.006202569097539357,0.08174381568610767,0.02612251302551094,708.3894409179687,668.7405151367187,644.164013671875,628.6522003173828,628.6876391601562,633.1258707682292,1
2022-06-07,780.7449951171875,800.0670258791803,734.5275547058252,735.0130322700722,577010,Capital Goods,0.04550769427431689,0.03698625823885271,0.03778333215069862,0.04100723245844362,724.0315185546875,686.6400634765625,656.6084187825521,638.1602752685546,634.3133520507813,637.2087361653646,1
2022-06-08,772.3948364257812,816.5732965858982,763.1222264204786,768.9964933365414,447915,Capital Goods,-0.010695116515159864,0.04623518165591167,0.02063110986055139,0.038929338363766997,738.7706298828125,704.374560546875,669.224365234375,648.1101379394531,640.0691748046875,641.0035522460937,0
2022-06-09,770.8898315429688,786.2794465332604,745.6935342556783,763.1707264647957,92294,Capital Goods,-0.0019484916416283582,-0.007575804210066983,-0.03709875179521149,-0.022838664058510982,752.4805297851562,722.560546875,681.1218017578125,657.91435546875,645.5337109375,644.7935139973958,0
2022-06-10,758.2189331054688,774.8222431830009,752.490273767952,763.1707808794971,49913,Capital Goods,-0.016436717568499626,7.130082368966839e-08,-0.014571414019245776,0.009114655284034212,765.8020385742187,729.5271545410156,690.8831420898438,666.4150695800781,650.7962890625,648.3245585123698,0
2022-06-13,735.886962890625,754.9176609273703,728.2649290845925,750.5483625683052,79840,Capital Goods,-0.029453195165382917,-0.016539441272431232,-0.0256892241165686,-0.03219356518996008,763.6271118164062,736.0082763671875,700.3693806966146,674.0297882080079,655.6471826171875,651.1775512695312,0
2022-06-14,839.0023193359375,855.2658180582324,722.3906298141737,745.1595398778663,1377354,Capital Goods,0.14012390712870748,-0.007179847374523263,0.13292596308793536,-0.008066157020361509,775.2785766601562,749.6550476074219,716.1862345377605,686.2759582519532,665.583935546875,657.8075561523438,1
2022-06-15,861.6741333007812,908.8139925354784,841.7210174325298,850.5566853216658,2967714,Capital Goods,0.027022349572034976,0.14144238891590155,0.06260997849629968,0.1651881720130457,793.1344360351562,765.9525329589844,733.9611857096354,700.2018829345703,677.1149975585937,665.5800516764323,1
2022-06-16,830.5064697265625,879.6853721271518,823.2729012177766,869.878748747692,552678,Capital Goods,-0.03617105628415007,0.022716961443573824,-0.03205124552171712,-0.0219171386156245,805.057763671875,778.7691467285156,750.059619140625,712.1057922363282,687.343037109375,672.1210530598959,0
2022-06-17,888.7152099609375,906.8720825671708,806.4752994002788,820.4570768407488,945171,Capital Goods,0.0700882441692956,-0.05681443761914229,0.030905038666585005,-0.020403443126393417,831.1570190429687,798.4795288085937,763.4037760416667,725.951611328125,699.3634594726562,680.8564107259115,1
2022-06-20,968.139404296875,1018.3863357973212,913.7659132046048,922.5531051571164,3464642,Capital Goods,0.08936968046201055,0.12443798852890464,0.12296580231522425,0.13303645366958006,877.6075073242188,820.6173095703125,783.2080200195312,744.6789123535157,714.74533203125,692.6405700683594,1
2022-06-21,920.99951171875,969.0132565748644,878.7629619582224,969.0132565748644,2080699,Capital Goods,-0.04869122397963033,0.050360408694126724,-0.048481678796094,-0.03830625627478923,894.0069458007813,834.6427612304688,797.7723470052083,760.6414123535156,727.8221557617187,703.6544372558594,0
2022-06-22,891.4338989257812,940.807003828361,884.5401410702593,923.3783470448042,298219,Capital Goods,-0.03210165957394917,-0.047094205595663574,-0.0291082217452866,0.006574217806316174,899.9588989257812,846.5466674804687,810.6213216145833,775.4606140136718,740.1532861328125,714.2556477864583,0
2022-06-23,892.501953125,910.2704198683508,865.412281724759,898.1334809367728,204425,Capital Goods,0.0011981305630242023,-0.027339677380161076,-0.03245786206496093,-0.021624636867645486,912.3579956054688,858.7078796386719,823.2987630208333,790.6342132568359,752.1562329101563,724.8455301920573,1
2022-06-24,944.83642578125,960.2746362571794,898.1820430208304,901.6289219253912,420184,Capital Goods,0.058637936279025915,0.0038918947604231757,0.05493336408323635,0.03786606914193724,923.5822387695313,877.36962890625,840.1804321289062,803.4483917236328,765.4777368164063,736.7332560221354,1
2022-06-27,929.5924682617188,974.838953765392,918.086614375475,974.838953765392,209378,Capital Goods,-0.01613396467745898,0.08119751935603836,0.015166825154290686,0.02216095446275035,915.8728515625,896.7401794433594,852.3691569010417,816.3742279052734,778.9177001953125,748.2665852864583,0
2022-06-28,922.6016235351562,937.8941676142998,908.3771064486432,936.0007931615446,105325,Capital Goods,-0.00752033279662323,-0.03984059157036346,-0.037898348243461166,-0.010575808180622204,916.1932739257812,905.1001098632812,861.8262654622396,827.3775787353516,791.7517846679688,759.2173421223958,0
2022-06-29,912.5521850585938,950.565103345767,902.9883004203916,918.9119887779262,95711,Capital Goods,-0.0108925003167194,-0.018257254169515402,0.013509984568619293,-0.005932344606657258,920.4169311523438,910.1879150390625,871.170088704427,838.0702239990235,804.4518774414063,770.1972269694011,0
2022-06-30,899.1044921875,921.824866990935,893.2787611366091,915.999135940044,71917,Capital Goods,-0.014736354907999405,-0.003169893170896665,-0.030234895278264617,-0.010752674513348826,921.7374389648437,917.0477172851563,879.7177327473959,847.9084320068359,816.8548583984375,780.4197672526042,0
2022-07-01,942.89453125,958.3327419838796,879.8310410795217,901.046387599838,446492,Capital Goods,0.04870405992073268,-0.016323976468450185,0.03960391642733119,-0.015054337617941949,921.3490600585938,922.4656494140625,892.0294392903646,860.4725891113281,827.028525390625,791.4562906901042,1
2022-07-04,913.2318725585938,967.411159148661,899.2986895852287,951.5360658368534,194060,Capital Goods,-0.03145914808953476,0.056034493819466125,0.00947313680005113,0.022126576122866615,918.0769409179687,916.9748962402343,903.8524332682292,868.7961029052734,836.7147705078125,802.1109069824219,0
2022-07-05,917.067138671875,937.068791045942,910.7559302003376,920.4654816950106,122245,Capital Goods,0.004199663008405574,-0.03265308090504904,-0.03136450082860409,0.012740194940563221,916.9700439453125,916.5816589355469,909.0567545572917,875.6122100830078,845.2960717773437,812.621494547526,1
2022-07-06,912.3580322265624,930.1264996546076,900.123961754663,927.990386467857,87592,Capital Goods,-0.005134963675759274,0.008175108054013558,-0.00740851841153034,-0.011673784482892025,916.9312133789062,918.674072265625,912.4356811523437,882.6103698730469,853.842421875,823.1984334309896,0
2022-07-07,957.4103393554688,971.9261310878322,910.3190133237408,922.3103453036936,409209,Capital Goods,0.0493800739814374,-0.006120797420954949,0.04493972749808384,0.011326275049054368,928.5923828125,925.1649108886719,920.8959391276042,891.9363952636719,864.0452221679687,835.4777791341146,1
2022-07-08,990.1314697265624,1028.7269352049943,962.7019879714504,970.9551063756436,779360,Capital Goods,0.03417670462293265,0.05274229148533793,0.05844148263982518,0.057543535706729765,938.0397705078125,929.6944152832032,927.6570231119791,903.5320220947266,875.986025390625,845.5303995768229,1
2022-07-11,966.5858764648438,998.0933244756004,954.4489367804534,978.722816149234,256789,Capital Goods,-0.02378026957189938,0.008000070984317098,-0.029778175024929743,-0.008572799572573175,948.7105712890625,933.3937561035157,927.5534545898438,915.0669677734375,884.7789965820313,855.3807373046875,0
2022-07-12,968.7704467773438,994.2580180405912,964.1584100725656,968.527708003408,171449,Capital Goods,0.0022600892126520833,-0.010416747190934439,-0.0038426330894701932,0.010172857779971123,959.0512329101563,938.0106384277344,930.73818359375,921.5553741455078,892.3000146484375,864.2552652994792,1
2022-07-13,924.8833618164062,981.3929661811214,918.1838065089952,979.6937945849631,193827,Capital Goods,-0.04530184122247927,0.011528928382001258,-0.012939349370119424,-0.047683661816640965,961.556298828125,939.2437561035156,932.9681477864583,924.7158355712891,898.3995556640625,871.7947347005208,0
2022-07-14,903.8622436523438,936.4377796344688,893.278807983233,925.3203304435012,176728,Capital Goods,-0.02272839909540425,-0.05550046804623954,-0.045807528783893825,-0.027124197082556756,950.8466796875,939.71953125,933.7255004882812,928.3836242675782,903.7184521484374,878.5121317545573,0
2022-07-15,972.7514038085938,980.6647120713571,905.9497006209656,910.7559405177556,479384,Capital Goods,0.07621643744945183,-0.01573983565103887,0.047228906606215704,0.014184700817362783,947.3706665039062,942.7052185058594,935.5864990234375,932.5854339599609,912.2997509765624,887.8834655761718,1
2022-07-18,993.5298461914062,1046.3983061111935,974.4991491679498,987.267173691055,833018,Capital Goods,0.02136048563020232,0.08400849203333616,0.06702963125999917,0.07566584381009056,952.7594604492188,950.7350158691406,939.8489908854167,933.8549560546875,922.6054663085938,896.1090738932292,1
2022-07-19,962.9447021484376,1004.1132213120228,954.4488451846876,992.3160933659724,210375,Capital Goods,-0.030784323349936193,0.005114035804554495,-0.04041012351818296,-0.020574983570156635,951.5943115234375,955.3227722167969,942.5385294596355,935.9522155761719,927.5631616210937,902.1823974609375,0
2022-07-20,963.1389770507812,991.4422842379664,955.371335817265,976.7808851146642,160360,Capital Goods,0.00020175083980444874,-0.0156555036798931,-0.012619032201866553,0.0009665165788943497,959.2454345703125,960.4008666992188,945.9109822591146,939.5374694824219,931.6217553710937,908.5405354817708,1
2022-07-21,955.8568115234376,974.790436993074,945.710318329537,965.129421375318,171072,Capital Goods,-0.007560866812432732,-0.011928431357436375,-0.01679557903634421,-0.010112316672619803,969.6443481445312,960.2455139160156,949.6944702148437,942.7052124023437,936.6357690429687,914.7061014811198,0
2022-07-22,951.6817016601562,983.577554219879,947.6522141348488,962.6049469562804,200426,Capital Goods,-0.004367923953617181,-0.0026156848637358676,0.009014365440340733,0.0020533727587341843,965.4304077148438,956.400537109375,950.2802815755208,943.047476196289,939.1544287109375,921.1548604329427,0
2022-07-25,1042.5631103515625,1058.3411318120634,928.2331394608556,956.3908392980574,786744,Capital Goods,0.09549559325651491,-0.006455511866910513,0.07601187854625557,-0.02049177365318744,975.237060546875,963.9982604980469,958.9023640950521,948.6960083007813,942.131376953125,931.3773986816407,1
2022-07-26,1015.7648315429688,1085.527940699605,1005.9096123119778,1046.6897317300309,514011,Capital Goods,-0.02570422695999397,0.09441630839777626,0.02568813407166104,0.08368207247614423,985.8010864257812,968.6976989746094,965.4822102864583,953.3541687011718,945.9219897460938,937.269482421875,0
2022-07-27,1017.9495239257812,1031.7370412842038,980.8104850251268,1013.5802252315866,197480,Capital Goods,0.00215078560998605,-0.03163258938608182,-0.049552754377500396,-0.02495167257539499,996.7631958007812,978.0043151855468,972.5216430664062,958.6240356445312,950.9826147460938,942.478662109375,1
2022-07-28,1040.2327880859375,1086.2560864246666,973.1883460679164,1024.3090997397578,1037293,Capital Goods,0.02189034292606129,0.010585126111472665,0.05284199651551025,-0.007771265778235503,1013.6383911132813,991.6413696289062,978.0431396484375,965.6804504394531,956.8918481445312,949.4695393880208,1
2022-07-29,1090.9652099609375,1111.4523404303725,1040.6212078866374,1043.7768122025989,734418,Capital Goods,0.048770258403745714,0.01900570098204457,0.02319550087736455,0.0692906589882396,1041.4950927734376,1003.4627502441406,984.7653889973958,973.083984375,962.7369995117188,956.2112060546875,1
2022-08-01,1191.7503662109375,1213.693928737553,1088.052309529682,1103.0050424366882,836315,Capital Goods,0.09238164088991319,0.056744152142166104,0.09198917901202219,0.045579603109733524,1071.3325439453124,1023.2848022460937,999.7763549804688,987.0099090576172,973.2233154296875,963.6649047851563,1
2022-08-02,1190.9736328125,1250.5417110375456,1168.253257271155,1191.7504443877688,724794,Capital Goods,-0.0006517584726296599,0.08045783884634816,0.030360028527390392,0.0737105624785086,1106.3743041992188,1046.0876953125,1014.5899007161458,1000.7052337646485,983.9581958007813,972.6640421549479,0
2022-08-03,1187.138427734375,1207.8682980514377,1162.5247365232565,1188.4491935811575,383553,Capital Goods,-0.0032202266888714526,-0.0027700856518725336,-0.03412394213600656,-0.004903492211337346,1140.2120849609375,1068.4876403808594,1032.0735717773437,1014.4442535400391,994.9416455078125,982.5208597819011,0
2022-08-04,1183.7960205078125,1225.3776102690915,1171.016823275841,1197.3124791185514,354806,Capital Goods,-0.0028155159907858884,0.007457858177921883,0.014496044184535872,0.007304865424181628,1168.9247314453125,1091.281561279297,1050.7358235677084,1025.7635375976563,1006.329306640625,992.2306620279948,0
2022-08-05,1181.5350341796875,1189.2026004953702,1162.1696833524709,1178.536909912929,105442,Capital Goods,-0.0019099458766174138,-0.01568142780859072,-0.02952152011801268,-0.0075550920768335805,1187.0386962890625,1114.26689453125,1064.6547322591146,1035.3337158203126,1015.8749267578125,1000.120615641276,0
2022-08-08,1234.8145751953125,1248.4293118009916,1184.5333234017282,1189.448399432441,241579,Capital Goods,0.045093492342032526,0.009258504699965586,0.04980371829068497,0.01924300760001385,1195.6515380859375,1133.492041015625,1080.740380859375,1048.745150756836,1028.7382348632811,1010.2946858723958,1
2022-08-10,1224.0013427734375,1243.5141695772925,1207.2408864020872,1242.5311544234764,77977,Capital Goods,-0.00875696856766095,0.044628043567391806,-0.0039370608950285435,0.019170049969677194,1202.257080078125,1154.315692138672,1098.1441569010417,1061.5066955566406,1041.0156030273438,1020.3413431803385,0
2022-08-11,1146.8837890625,1238.599155478893,1133.4657275423904,1238.599155478893,155115,Capital Goods,-0.06300446822729666,-0.0031645073289191528,-0.003952519576089997,-0.06111055356944317,1194.20615234375,1167.2091186523437,1110.3938110351562,1072.6067169189453,1050.3966333007813,1028.1523966471354,0
2022-08-12,1186.59765625,1214.0238050766325,1133.4165564804512,1161.9239980571494,186373,Capital Goods,0.0346276297269521,-0.06190473898078652,-0.019841245889400505,-4.3381163403855005e-05,1194.7664794921875,1181.84560546875,1125.7765340169271,1086.7434875488282,1059.5641259765625,1037.7355021158853,1
2022-08-16,1219.0863037109375,1227.7367653268032,1189.448371931595,1200.261538949155,125564,Capital Goods,0.02737966596328123,0.03299487828473269,0.011295462405949364,0.04943620695389961,1202.2767333984375,1194.65771484375,1143.6035074869792,1099.0602325439454,1068.7223193359375,1046.94189453125,1
2022-08-17,1192.4466552734375,1237.6161564311294,1181.584289142349,1233.6840955687587,96121,Capital Goods,-0.021852143163620164,0.027846061491619167,0.008046831685207811,-0.006611537730280004,1193.8031494140625,1194.72734375,1153.5957438151042,1109.0060729980469,1077.7567504882813,1056.2490539550781,0
2022-08-18,1167.871337890625,1216.9729025597312,1163.8900780538947,1198.787120090139,91156,Capital Goods,-0.020609154526226692,-0.028286800165427506,-0.016679851635846843,-0.014974988454947713,1182.5771484375,1192.4171142578125,1163.7361775716147,1119.2524047851562,1085.7207861328125,1064.6091939290366,0
2022-08-19,1180.601318359375,1202.2276539163329,1156.2716908577977,1170.574610781759,87568,Capital Goods,0.01090015659750887,-0.02353421123364985,-0.012116332756780146,-0.006545624316031229,1189.320654296875,1191.7634033203126,1174.5796305338542,1130.125521850586,1095.9495043945312,1073.5506368001302,1
2022-08-22,1190.0382080078125,1198.5905124679696,1155.0428899789106,1187.4823924208713,52147,Capital Goods,0.007993290793162577,0.014444001675228968,-0.0030253350407596358,-0.0010627267696707854,1190.0087646484376,1192.3876220703125,1184.5666585286458,1141.8345916748046,1107.39654296875,1081.3048990885416,1
2022-08-23,1313.7015380859375,1348.6968552280282,1179.8147957655544,1197.3125143350862,649854,Capital Goods,0.10391542829968792,0.008278120144733059,0.1252357174519767,0.021446741070451747,1208.9318115234375,1205.6042724609374,1199.4157470703126,1159.9355834960938,1121.0345483398437,1092.0905680338542,1
2022-08-24,1381.7752685546875,1394.1120366797024,1325.4484525033854,1348.156078451865,325478,Capital Goods,0.05181826198356543,0.1259851227735207,0.03367337980779661,0.12343772705726463,1246.7975341796875,1220.300341796875,1212.084073893229,1176.89619140625,1136.564365234375,1105.930214436849,1
2022-08-25,1298.3665771484375,1381.0872136068992,1284.8009188359993,1381.0872136068992,176623,Capital Goods,-0.06036342761691926,0.024426797224287533,-0.009342737692606073,-0.03066700450750448,1272.89658203125,1227.736865234375,1219.243603515625,1191.0262786865235,1149.981240234375,1116.9167521158854,0
2022-08-26,1320.0911865234375,1349.6799211747036,1302.593467296016,1307.4102659594726,114576,Capital Goods,0.01673226171819131,-0.05334706376363385,-0.022740991389074705,0.013848486718188502,1300.7945556640625,1245.0576049804688,1228.1071207682292,1206.1333618164062,1164.2593286132812,1130.0903462727865,1
2022-08-29,1302.3968505859375,1340.8327205555477,1260.225474891651,1277.9197483300673,86123,Capital Goods,-0.01340387400365839,-0.022556437254042105,-0.006555036109195278,-0.032525875085428146,1323.2662841796875,1256.6375244140625,1236.0138427734375,1219.2415649414063,1178.1209301757813,1143.3748331705729,0
2022-08-30,1312.423583984375,1351.6459148960253,1302.4951543543516,1317.2403825168535,51156,Capital Goods,0.007698677552795408,0.03076925154194443,0.008064536444186254,0.033541362482245374,1323.010693359375,1265.9712524414062,1244.73974609375,1230.3144836425781,1192.55060546875,1154.6972391764323,1
2022-09-01,1284.26025390625,1312.325387916286,1278.902868673474,1307.410311557049,68854,Capital Goods,-0.02145902467907823,-0.007462624962212394,-0.0290908488283812,-0.018113146603276564,1303.5076904296875,1275.1526123046874,1248.0361246744792,1234.9399780273438,1202.2184912109376,1164.388252766927,0
2022-09-02,1271.136962890625,1312.3253247994562,1258.2102886881491,1289.715974634372,92745,Capital Goods,-0.01021856043252034,-0.013533882030962396,-4.8095411653292786e-08,-0.016179946493346975,1298.061767578125,1285.4791748046875,1251.1784993489584,1238.94814453125,1212.4333764648438,1174.661328125,0
2022-09-05,1199.671875,1280.6723582934392,1181.633568561949,1271.038760524238,224928,Capital Goods,-0.056221390752503986,-0.014481649043254663,-0.024119755907975104,-0.06086162290569208,1273.9779052734375,1287.38623046875,1254.697705078125,1239.5748168945313,1219.7022705078125,1182.5457580566406,0
2022-09-06,1206.1104736328125,1243.5142506736029,1159.95795715008,1207.044410088025,215224,Capital Goods,0.005366966390549566,-0.05034807153309673,-0.02901453082765948,-0.018343767466126093,1254.7206298828125,1288.99345703125,1255.9985595703124,1240.6905395507813,1226.3373779296876,1190.8875467936198,1
2022-09-07,1201.39208984375,1218.938887736366,1179.618278454548,1208.715505323698,88078,Capital Goods,-0.003912066010711812,0.0013844521557837552,-0.01976283176805138,0.016949167151516287,1232.5143310546875,1277.7625122070312,1254.8189453125,1241.6833923339843,1230.754453125,1199.2112263997396,0
2022-09-08,1183.0587158203125,1217.9557531378207,1171.31173294743,1208.1256017807762,95974,Capital Goods,-0.015260108817448548,-0.0004880416775689955,-0.0008065495394695699,-0.0070417232920472195,1212.2740234375,1257.8908569335938,1254.1930826822916,1239.0955993652344,1230.406787109375,1203.894413248698,0
2022-09-09,1181.0927734375,1209.1087068898253,1171.9506839963728,1207.978215400249,50798,Capital Goods,-0.0016617454032696877,-0.00012199590862904675,-0.007263848645735038,0.000545500425693568,1194.265185546875,1246.1634765625,1255.07451171875,1236.9501708984376,1230.011552734375,1209.4053446451824,0
2022-09-12,1187.58056640625,1208.1256068276923,1171.8523241692744,1207.1425916878816,69077,Capital Goods,0.0054930426420845,-0.000691753958568242,-0.0008130783084523419,-8.392829872583274e-05,1191.846923828125,1232.9124145507812,1255.539794921875,1238.985009765625,1230.02923828125,1215.0597127278645,1
2022-09-13,1180.060546875,1214.7610313759712,1173.7201468443534,1199.229343243061,77611,Capital Goods,-0.0063322184144578575,-0.006555355182817135,0.005492330028251224,0.001593906191552863,1186.6369384765626,1220.6787841796875,1254.874617513021,1238.658154296875,1229.8798193359376,1219.7206380208333,0
2022-09-14,1176.0301513671875,1194.1176541367945,1154.6004930832664,1169.788029160556,79875,Capital Goods,-0.003415414165388042,-0.02455019488006116,-0.0169937763115382,-0.016289789190797932,1181.56455078125,1207.0394409179687,1245.6965250651042,1236.5053466796876,1229.6596240234376,1222.5561360677084,0
2022-09-15,1236.19091796875,1254.3275019535326,1183.4521240008526,1183.4521240008526,213888,Capital Goods,0.05115580287769239,0.01168082977400764,0.05042203974470394,0.02498841035529109,1192.1909912109375,1202.2325073242187,1235.9909016927083,1238.692559814453,1229.714677734375,1224.0374877929687,1
2022-09-16,1249.0191650390625,1277.919837675111,1185.712958311761,1247.4463646228585,221352,Capital Goods,0.01037723775821875,0.054074211642515024,0.018808752646206628,0.0019103724308384695,1205.77626953125,1200.0207275390626,1232.70107421875,1242.749951171875,1230.715390625,1225.9723388671875,1
2022-09-19,1252.7054443359375,1276.9367939479714,1221.3964330102806,1249.4123672885848,74514,Capital Goods,0.002951339258881358,0.001576021800601124,-0.0007692530455807312,0.03009453042440091,1218.8012451171876,1205.3240844726563,1228.20869140625,1246.355157470703,1234.9482568359374,1228.1579060872396,1
2022-09-20,1324.023193359375,1353.6119268013165,1259.4882216515516,1275.4622186090835,182708,Capital Goods,0.05693098034010968,0.020849682620823318,0.06004614575815026,0.03118708030560491,1247.5937744140624,1217.1153564453125,1229.6504475911458,1253.0544067382812,1240.4452783203126,1232.8321451822917,1
2022-09-21,1284.11279296875,1330.5110620200894,1273.0046733032991,1325.1044784655194,64427,Capital Goods,-0.030143278902360016,0.03892099595907417,-0.017066091339647205,0.010731701511287994,1269.210302734375,1225.3874267578126,1227.7630615234375,1251.574969482422,1243.046337890625,1236.2514038085938,0
2022-09-22,1324.3179931640625,1354.5949084934734,1268.1878507810345,1268.1878507810345,123601,Capital Goods,0.031309710810030866,-0.04295255854119118,0.01810119972758284,-0.003783821554845912,1286.8357177734374,1239.5133544921875,1230.4335774739584,1248.7021057128907,1248.32119140625,1239.2348510742188,1
2022-09-23,1293.1072998046875,1355.6271626655453,1282.8348389399346,1336.8023975430092,70887,Capital Goods,-0.023567370918827657,0.05410440316055487,0.0007620390166827029,0.011549541457820611,1295.6533447265624,1250.7148071289062,1231.8982666015625,1248.439141845703,1253.3306298828124,1241.5383829752604,0
2022-09-26,1245.4803466796875,1290.3550177398,1211.6645974034316,1290.3550177398,80365,Capital Goods,-0.03683140071376412,-0.03474513502412757,-0.04814903885328026,-0.05547888112807586,1294.2083251953125,1256.50478515625,1234.9521647135416,1244.7085998535156,1255.925791015625,1244.8249348958334,0
2022-09-27,1223.1658935546875,1262.289827546315,1212.9915899693035,1258.161211596432,51587,Capital Goods,-0.017916343027401305,-0.024949572560084232,-0.0217499756327868,0.0010951814295108164,1274.036865234375,1260.8153198242187,1236.0891927083333,1240.747052001953,1257.2508984375,1246.043876139323,0
2022-09-28,1194.8057861328125,1230.58756369047,1182.3215409945158,1204.1936293646077,55974,Capital Goods,-0.023185822602898698,-0.04289401209829613,-0.02511488500027692,-0.0252846344759603,1256.1754638671875,1262.6928833007812,1235.6501057942708,1234.866162109375,1252.495068359375,1245.2345255533853,0
2022-09-29,1206.356201171875,1228.7689956513443,1179.6182358252906,1213.0407525070073,53291,Capital Goods,0.009667190411294602,0.007346927376677526,-0.0014778046624100982,-0.0022864382280908258,1232.58310546875,1259.7094116210938,1237.203271484375,1230.9709594726562,1245.4783056640624,1245.6981770833333,1
2022-09-30,1275.511474609375,1285.783935884277,1199.3768721568786,1206.3562563721453,99869,Capital Goods,0.05732574953427627,-0.005510528909310808,0.046400047881018036,0.016750026179244593,1229.0639404296876,1262.358642578125,1243.4978515625,1231.1896850585938,1244.5641015625,1249.286181640625,1
2022-10-03,1262.24072265625,1287.7499192408968,1246.8565106903511,1258.2594630750746,56613,Capital Goods,-0.010404259167632435,0.0430247751680064,0.0015290153358991088,0.039586921872262204,1232.416015625,1263.3121704101563,1248.4751953125,1234.3181274414062,1242.2500830078125,1252.0074951171875,0
2022-10-04,1411.16748046875,1430.287077596597,1268.4336052629903,1268.4336052629903,279846,Capital Goods,0.11798601894185423,0.008085885690898076,0.11068698683337774,0.01730519461352653,1270.0163330078126,1272.0265991210938,1263.88232421875,1244.570977783203,1246.600908203125,1259.3784708658854,1
2022-10-06,1447.6864013671875,1488.235777367966,1376.7127536749158,1424.3889897000736,167052,Capital Goods,0.02587851647935291,0.12295116101465031,0.04051543265617963,0.08536445893790034,1320.5924560546875,1288.3839599609375,1281.9927408854167,1256.885693359375,1252.0114208984376,1263.8446329752603,1
2022-10-07,1422.91455078125,1459.0895593802134,1415.5419365284974,1449.9474697080095,79278,Capital Goods,-0.017111337484791656,0.01794346922979062,-0.019584408889362526,0.028204273367798294,1363.9041259765625,1298.2436157226562,1294.4409830729167,1268.878485107422,1257.5575927734376,1265.2159423828125,0
2022-10-10,1380.989013671875,1415.542025302795,1358.5271381725436,1408.660918235351,91510,Capital Goods,-0.02946455012801419,-0.028474515342940654,-0.02984568959284184,-0.040277717589757955,1384.9996337890625,1307.031787109375,1303.2389729817708,1278.8732971191407,1261.9516748046874,1267.9700236002604,0
2022-10-11,1370.7164306640625,1440.608787985564,1356.5609876629671,1395.8815960010245,70473,Capital Goods,-0.007438569681665341,-0.00907196477796457,0.017708243368759646,-0.001447266274136605,1406.694775390625,1319.5553955078126,1311.1063720703125,1288.0300903320312,1268.79345703125,1269.6575317382812,0
2022-10-12,1357.7896728515625,1392.784988112633,1322.1553737450508,1375.139914209023,64086,Capital Goods,-0.009430657956173705,-0.014859198553389574,-0.0331969374834955,-0.025362379008988745,1396.0192138671875,1333.0177734375,1313.357470703125,1296.9165466308593,1274.860625,1271.5039591471354,0
2022-10-13,1373.07568359375,1389.9834970871095,1358.5270105900886,1358.6252881109972,34827,Capital Goods,0.011258010756617809,-0.012009415134695445,-0.002011431089101401,0.02750935144786637,1381.0970703125,1350.8447631835938,1319.288330078125,1306.7688232421874,1281.72796875,1273.5256958007812,1
2022-10-14,1381.824462890625,1430.631193132931,1374.2552936070308,1405.7117810143448,72310,Capital Goods,0.0063716657438552815,0.03465745361534944,0.029243293989463792,0.011577453296353957,1372.879052734375,1368.3915893554688,1323.1220947265624,1314.0505004882812,1289.6785986328125,1276.7778361002604,1
2022-10-17,1453.2896728515625,1460.269056662538,1379.219502694429,1380.1041203629552,147592,Capital Goods,0.05171800896579892,-0.01821686422298563,0.020716634498024078,0.0036122903149737873,1387.3391845703125,1386.1694091796876,1333.800919596354,1324.2640258789063,1300.566474609375,1282.8495930989584,1
2022-10-18,1475.260009765625,1484.942685147335,1423.061928471962,1460.7605360731093,134435,Capital Goods,0.015117658457555416,0.05844226860864832,0.016896631735242584,0.03178785225403424,1408.247900390625,1407.471337890625,1349.1195638020833,1335.3917541503906,1312.07365234375,1292.0358642578126,1
2022-10-19,1506.7657470703125,1530.5546669195994,1475.2600619008276,1475.2600619008276,147460,Capital Goods,0.021356057302531317,0.009926011464340911,0.030716324763564007,0.03668015592611229,1438.043115234375,1417.0311645507813,1368.026220703125,1344.5288818359375,1325.1418603515624,1302.057706705729,1
2022-10-20,1453.5845947265625,1504.996340036868,1427.682167021209,1478.454928422893,67326,Capital Goods,-0.035294903967091784,0.002165629372457234,-0.016698735063263137,-0.032250513728620867,1454.1448974609375,1417.6209838867187,1385.2781412760417,1353.0024719238281,1336.2440380859375,1310.4641235351562,0
2022-10-21,1422.570556640625,1467.6417822847354,1405.7118209425128,1460.809874230695,38516,Capital Goods,-0.021336245718655,-0.011934793447522019,-0.02482036451412073,-0.01538882153619403,1462.2941162109375,1417.5865844726563,1399.692431640625,1357.9151000976562,1343.6992236328124,1318.4478515625,0
2022-10-24,1457.6640625,1464.692645165794,1426.5025287190872,1430.2871132323694,19224,Capital Goods,0.0246690792913975,-0.020894410379310835,-0.0020094393295007063,0.014790163578929372,1463.168994140625,1425.2540893554688,1411.8359375,1366.1429382324218,1352.04501953125,1327.66689453125,1
2022-10-25,1511.3858642578125,1523.673554211128,1450.143969531699,1450.143969531699,72153,Capital Goods,0.03685472060392003,0.013883126063028106,0.04026845443649907,0.016573010097528762,1470.3941650390625,1439.3210327148438,1428.4456136067708,1379.438214111328,1362.392236328125,1338.4604044596354,1
2022-10-27,1513.8433837890625,1529.0309203873787,1499.098156024883,1513.8433837890625,77877,Capital Goods,0.0016260040465951864,0.04392626911239317,0.003516085293627347,0.03375815610155808,1471.8096923828125,1454.9264038085937,1435.290673828125,1393.9720886230468,1369.9850439453126,1349.5864990234375,1
2022-10-28,1439.2325439453125,1562.9941827963148,1416.524916609742,1517.6280068874548,113144,Capital Goods,-0.04928570593412607,0.00250000967003583,0.022212279657713774,-0.055081943155809276,1468.9392822265625,1461.54208984375,1434.7270833333334,1406.193426513672,1376.189833984375,1358.359912109375,0
2022-10-31,1477.3243408203125,1490.8407995595553,1413.919861643501,1440.16643897534,72291,Capital Goods,0.026466742317110548,-0.05104120875509066,-0.04616356479822059,-0.001839046341998496,1479.8900390625,1471.0920776367188,1438.354402669271,1419.7418334960937,1382.310087890625,1366.3976928710938,1
2022-11-01,1397.1103515625,1493.495039822118,1356.5609746042217,1484.3529504727353,118345,Capital Goods,-0.0542968033771597,0.030681531176933508,0.0017803646528502526,-0.04056728290994294,1467.779296875,1465.4741455078124,1439.4291585286458,1425.82177734375,1386.4702099609376,1371.3340657552083,0
2022-11-02,1391.2122802734375,1419.473967648715,1376.2212982743774,1414.5588915834492,45422,Capital Goods,-0.004221621636734896,-0.04701985391483754,-0.04956231537415712,0.014492768138116174,1443.744580078125,1457.0693725585938,1440.795548502604,1432.2703552246094,1392.2994873046875,1375.9509602864584,0
2022-11-03,1409.15234375,1438.1512932725846,1329.233156897442,1376.2213332752003,184661,Capital Goods,0.012895273949879549,-0.027102129530523822,0.013157920504035525,-0.0341428674558758,1422.8063720703126,1447.3080322265625,1444.2197265625,1432.1695983886718,1399.7389453125,1378.7885986328124,1
2022-11-04,1439.0850830078125,1454.8625252841775,1409.6438251739935,1424.3890534707928,58738,Capital Goods,0.02124166303989261,0.03499998076687305,0.011619940189717903,0.060494028349576956,1422.7768798828124,1445.8580810546875,1448.6203531901042,1431.7395324707031,1409.5101171875,1383.9543416341146,1
2022-11-07,1394.65283203125,1454.6659587229087,1381.1363728661895,1449.9474377064978,68929,Capital Goods,-0.03087534677497683,0.01794340118904114,-0.00013511005875310733,-0.02022315977887912,1406.242578125,1443.06630859375,1449.4755777994792,1430.3264465332031,1417.041982421875,1386.2988362630208,0
2022-11-09,1376.467041015625,1424.3398335077916,1370.323195983418,1394.6528223109574,95044,Capital Goods,-0.013039654455896499,-0.0381355999242321,-0.020847483941771272,-0.007829188409781418,1402.113916015625,1434.9466064453125,1444.3540690104167,1430.1003479003907,1421.080205078125,1389.0774943033855,0
2022-11-10,1382.46337890625,1390.2292228529934,1356.5609528280934,1383.692147885261,107514,Capital Goods,0.0043563250785871865,-0.007859070193207307,-0.023948365307450703,-0.010043063706185018,1400.3641357421875,1422.0543579101563,1438.167626953125,1430.6876953125,1425.889111328125,1393.6435953776042,1
2022-11-11,1473.4906005859375,1504.0132708460137,1406.2032574805376,1420.4569780212353,224120,Capital Goods,0.06584421914431071,0.026570093782900317,0.08184553030723629,0.03659423083714164,1413.231787109375,1418.0190795898438,1435.9492838541667,1436.4727416992187,1428.3820361328126,1401.9877522786458,1
2022-11-14,1464.692626953125,1500.867633792098,1447.6864162387064,1483.369915484742,70230,Capital Goods,-0.005970837974340615,0.044290632125407514,-0.002091495543883215,0.029500115674951033,1418.3532958984374,1420.565087890625,1436.6898193359375,1441.0535888671875,1429.06228515625,1410.9839803059897,0
2022-11-15,1572.6768798828125,1620.009086850566,1461.7436360114027,1479.3887112583454,579587,Capital Goods,0.07372485594763867,-0.0026838917149641928,0.07938171919761161,0.009710127562859272,1453.95810546875,1430.100341796875,1446.6969075520833,1450.596209716797,1435.0527783203124,1423.194669596354,1
2022-11-16,1518.1195068359375,1619.0260415616874,1509.4690450358562,1597.3997070660243,222018,Capital Goods,-0.03469077071377835,0.07977010701082099,-0.0006068146758299031,0.032649643787524774,1482.2885986328124,1442.2012573242187,1450.7272705078126,1453.8377014160155,1440.537998046875,1431.2816040039063,0
2022-11-17,1545.0050048828125,1566.926292736067,1489.2680887673407,1531.5377440920904,120062,Capital Goods,0.017709737557427108,-0.041230734350705456,-0.03217968549496952,-0.013382822479831358,1514.796923828125,1457.5805297851562,1452.9685465494792,1457.324951171875,1447.509541015625,1440.707080078125,1
2022-11-18,1503.5218505859375,1572.8244268960443,1480.1260392370666,1545.0050468465283,145738,Capital Goods,-0.026849851078651676,0.008793320834819873,0.0037641426960028923,-0.006138619097009523,1520.803173828125,1467.01748046875,1452.2804443359375,1457.1627563476563,1453.338828125,1443.7855590820313,0
2022-11-21,1494.47802734375,1516.7432251909172,1485.5816919588724,1503.521719008169,47354,Capital Goods,-0.006015092656394105,-0.026849962673604177,-0.035656364910228944,0.0036859379385136837,1526.76025390625,1472.5567749023437,1455.9634765625,1459.2074279785156,1458.194921875,1445.3452799479167,0
2022-11-22,1461.0556640625,1504.0133839584682,1407.7270849254105,1502.538861033019,172529,Capital Goods,-0.022363904098780307,-0.0006537038758563929,-0.00839287825455537,-0.05240681643754208,1504.4360107421876,1479.1970581054688,1454.8788981119792,1461.1316833496094,1461.364169921875,1446.616650390625,0
2022-11-23,1443.6561279296875,1492.1188262690084,1425.372068839146,1477.4718754932665,77400,Capital Goods,-0.011908879696227781,-0.016683086334631336,-0.007908545107593423,0.012534378362600407,1489.5433349609375,1485.915966796875,1457.9819498697916,1460.4312866210937,1460.978828125,1448.7055541992188,0
2022-11-24,1444.34423828125,1483.271615040847,1437.2173782938085,1454.7149763337593,62203,Capital Goods,0.0004766442217436495,-0.015402593807012144,-0.005929294016270403,0.008310328028463099,1469.411181640625,1492.104052734375,1461.524080403646,1457.0792053222656,1459.742197265625,1451.159814453125,1
2022-11-25,1451.372802734375,1477.2261515386672,1430.139697555108,1452.896524354783,71014,Capital Goods,0.004866266826728749,-0.0012500400480919271,-0.004075762955939477,-0.0049245721945714305,1458.9813720703125,1489.8922729492188,1464.338777669271,1453.9556762695313,1457.5264794921875,1454.2792521158854,1
2022-11-28,1475.849853515625,1488.285019853958,1429.8938926978096,1458.7945637141834,86460,Capital Goods,0.01686475779009733,0.004059504073780973,0.0074862391948395945,-0.00017187471805624188,1455.2557373046875,1491.0079956054688,1466.7897623697916,1455.7865417480468,1458.41708984375,1457.705057779948,1
2022-11-29,1442.673095703125,1490.9391184313083,1435.2022041194325,1484.352964534481,49538,Capital Goods,-0.022479764952694548,0.017520219403083237,0.0017833268103517597,0.003712381351323568,1451.5792236328125,1478.0076171875,1469.99111328125,1454.0539794921874,1459.22119140625,1459.7333455403646,0
2022-11-30,1442.8697509765625,1473.5397770566035,1426.8465553019746,1442.0832908219063,309425,Capital Goods,0.00013631312181749955,-0.028476834501308335,-0.011670054906743332,-0.005821931427832827,1451.4219482421875,1470.4826416015626,1474.4179606119792,1456.3419494628906,1458.6294189453124,1459.3860148111978,1
2022-12-01,1532.27490234375,1547.2658837459903,1454.813258640271,1463.7095939630112,468013,Capital Goods,0.06196342483905859,0.014996570086308392,0.050033333227457844,0.019600358030354315,1469.0080810546874,1469.2096313476563,1484.4053955078125,1463.3950805664062,1459.46498046875,1461.2865112304687,1
2022-12-02,1549.6741943359375,1566.9261583187229,1506.6182025108053,1533.5036430220875,107795,Capital Goods,0.011355202624263816,0.04768298940373006,0.012706461623217757,0.03560934268564009,1488.668359375,1473.8248657226563,1489.4843017578125,1470.4211730957031,1460.898212890625,1462.7167928059896,1
2022-12-05,1538.66455078125,1570.80910001009,1525.6395993052226,1567.9092531519525,70031,Capital Goods,-0.007104489185486673,0.022435949393678323,0.002478062971093431,0.012625226990300442,1501.231298828125,1478.2435180664063,1494.4157633463542,1475.400146484375,1464.8754931640624,1465.5527913411458,0
2022-12-06,1585.849365234375,1612.1450233902835,1533.503802737099,1533.503802737099,211738,Capital Goods,0.030666082759343016,-0.021943521505271124,0.02631505214728369,0.005154692782920467,1529.866552734375,1490.7228881835938,1495.2939290364584,1484.9599731445312,1469.216494140625,1470.9954182942708,1
2022-12-07,1609.2451171875,1645.8624342073097,1577.788630083234,1586.5865683214183,276474,Capital Goods,0.014752821085038725,0.03461534656097598,0.020914626369108902,0.02887819858489582,1563.1416259765624,1507.281787109375,1501.3689697265625,1496.598876953125,1477.701884765625,1476.0481201171874,1
2022-12-08,1605.656982421875,1624.3342704162592,1593.467570468252,1617.3056880400318,143717,Capital Goods,-0.002229700576563576,0.019361767162263233,-0.013080172038448024,0.009937288231181451,1577.8180419921875,1523.4130615234376,1505.4124348958333,1507.7585571289062,1486.2796728515625,1479.1904907226562,0
2022-12-09,1567.07373046875,1639.4728251211377,1543.3338890047282,1612.1449541195886,129660,Capital Goods,-0.02402957317504284,-0.0031909452607548072,0.009319851819046487,-0.031462002988106974,1581.29794921875,1534.983154296875,1509.6492268880208,1512.4377136230469,1492.5965283203125,1480.9648356119792,0
2022-12-12,1582.6053466796875,1599.3658046162209,1553.1640880722982,1566.9263015109134,160677,Capital Goods,0.00991122236877251,-0.02804875113315708,-0.024463364009679966,0.006369457145731117,1590.0861083984375,1545.6587036132812,1515.5243815104166,1518.333349609375,1498.3373388671876,1485.7439290364584,1
2022-12-13,1682.2340087890625,1697.667299880091,1580.7376864308578,1590.5186399571437,388175,Capital Goods,0.06295230982152078,0.015056444214052167,0.061462796678623643,0.017753177896858485,1609.363037109375,1569.614794921875,1530.2696044921875,1523.8112060546875,1509.8405859375,1492.5742513020834,1
2022-12-14,1663.9989013671875,1695.7011400728982,1628.6103558352313,1692.0148332466529,118933,Capital Goods,-0.01083981617694274,0.06381326866577552,-0.001158153783919591,0.030285018074355463,1620.3137939453125,1591.7277099609375,1544.959122721354,1531.10517578125,1521.3418603515624,1501.4705362955729,0
2022-12-15,1680.857666015625,1708.1854157895068,1654.8077639667156,1661.2956401002575,131416,Capital Goods,0.010131475828851766,-0.018155392342188326,0.007362308971539555,0.01608574330724366,1635.3539306640625,1606.585986328125,1560.7266845703125,1537.8978088378906,1533.2776318359374,1511.125382486979,1
2022-12-16,1650.7774658203125,1697.6672426473956,1624.825840659429,1671.1750311271646,112419,Capital Goods,-0.017895745013684516,0.005946798864957525,-0.006157512553899069,-0.018118070243650086,1652.094677734375,1616.6963134765624,1574.0203287760417,1545.2605895996094,1540.3691064453126,1519.1795532226563,0
2022-12-19,1695.5047607421875,1716.3446361606962,1633.4764021204687,1659.034798764328,152078,Capital Goods,0.027094684685224246,-0.007264488839716865,0.011001798847325661,0.00532399303640374,1674.674560546875,1632.3803344726562,1588.6639892578125,1555.3119262695313,1549.601591796875,1527.726875813802,1
2022-12-20,1683.020263671875,1713.3954566970517,1654.4637447251062,1705.5313352664282,68065,Capital Goods,-0.00736329225336263,0.028026257518366515,-0.0017182909548058012,0.012848268011336428,1674.8318115234374,1642.0974243164062,1604.6871337890625,1566.41015625,1554.0153271484376,1537.3391235351562,0
2022-12-21,1617.6497802734375,1700.1247791017638,1590.5677836597365,1691.4741973902862,80133,Capital Goods,-0.03884117429211309,-0.008242087134650022,-0.007745250837112638,-0.038620345274466006,1665.5619873046876,1642.937890625,1616.3391357421874,1575.1098388671876,1557.9965380859376,1545.3785481770833,0
2022-12-22,1588.306884765625,1638.9321699678096,1565.0094714189452,1629.8392789363493,157915,Capital Goods,-0.018139213979216584,-0.03643858035140657,-0.035993010563780126,-0.016068672145480134,1647.0518310546875,1641.202880859375,1620.074601236979,1582.3079711914063,1559.72861328125,1552.2399983723958,0
2022-12-23,1625.661376953125,1641.6353738544028,1544.6118222128146,1545.5456386482545,197006,Capital Goods,0.023518434973611724,-0.05171898933685393,0.001649368983126509,-0.013033562785812802,1642.02861328125,1647.0616455078125,1625.1404134114584,1591.0223999023438,1564.6141943359376,1557.3123575846355,1
2022-12-26,1627.430908203125,1710.446496182865,1602.3148211368218,1625.6614327944903,150301,Capital Goods,0.0010884992871740273,0.05183657612097803,0.04191620345442515,0.03735760538291211,1628.4138427734374,1651.5442016601562,1631.0581705729167,1598.6014526367187,1569.9323095703126,1562.7369669596353,1
2022-12-27,1681.2509765625,1707.4974349033291,1640.8981538355686,1640.8981538355686,130925,Capital Goods,0.03307057036221517,0.009372628724350296,-0.0017241470493916111,0.0240797452471746,1628.0599853515625,1651.4458984375,1637.4182779947917,1610.5303466796875,1578.7401220703125,1566.356103515625,1
2022-12-28,1726.223876953125,1739.9368908910196,1660.1651840126387,1694.718192031705,145913,Capital Goods,0.02674966499206266,0.03279913385869393,0.01899824580967935,0.011741758702107141,1649.7748046875,1657.6683959960938,1645.2168619791667,1624.6980529785155,1590.04283203125,1573.2929158528646,1
2022-12-29,1729.91015625,1762.546212123209,1710.593884025162,1730.1067112865856,104211,Capital Goods,0.002135458410748914,0.020881654201431177,0.01299433407645667,0.030375712307516567,1678.095458984375,1662.5736450195313,1653.5004069010417,1634.579815673828,1601.46546875,1579.4564208984375,1
2022-12-30,1762.64453125,1787.1216337311914,1744.1147187280342,1744.1147187280342,118070,Capital Goods,0.018922586749221537,0.00809661470594003,0.013943136037481985,0.019596021601570923,1705.49208984375,1673.7603515625,1666.5384602864583,1645.2283325195312,1613.916337890625,1588.0938435872397,1
2023-01-02,1793.21630859375,1803.8329209227663,1765.5445262676371,1769.427388371106,85504,Capital Goods,0.01734426698165259,0.014513190773100204,0.009350951203407787,0.012286925458224074,1738.649169921875,1683.5315063476562,1680.579191080729,1657.9559204101563,1626.61099609375,1598.0517862955728,1
2023-01-03,1758.220947265625,1809.2394596965603,1740.0843649838368,1784.3691273563848,70499,Capital Goods,-0.019515415491379584,0.008444392283897928,0.0029972503057700273,-0.0144205716168615,1754.0431640625,1691.0515747070312,1685.6449869791666,1666.5744995117188,1639.23291015625,1607.957295735677,0
2023-01-04,1744.753662109375,1783.042055264671,1720.2765601963304,1767.412089946922,72086,Capital Goods,-0.007659609093609188,-0.009503099526601555,-0.014479788339506472,-0.011383243931216258,1757.74912109375,1703.761962890625,1691.0286376953125,1673.3499267578125,1651.3082666015625,1617.9938802083334,0
2023-01-05,1810.91064453125,1833.3234402174176,1755.6160367498935,1755.6160367498935,265342,Capital Goods,0.037917663598362905,-0.006674195149011686,0.028199775100247404,0.020542904188341593,1773.94921875,1726.0223388671875,1699.698836263021,1683.6126098632812,1662.4536962890625,1630.2127604166667,1
2023-01-06,1809.386962890625,1827.425267921005,1784.6641064607768,1818.5781310671643,63823,Capital Goods,-0.0008413897423521499,0.03586324856876466,-0.003217202249764073,0.016545798798158096,1783.297705078125,1744.3948974609375,1710.272802734375,1695.728271484375,1672.84220703125,1642.1465657552083,0
2023-01-09,1784.467529296875,1833.618288986681,1771.3933792205978,1822.067860459576,78134,Capital Goods,-0.013772307474758994,0.001918932892019276,0.0033889326006319997,-0.007435980357388683,1781.54794921875,1760.0985595703125,1716.2036539713542,1705.8213806152344,1682.674326171875,1652.4338216145834,0
2023-01-10,1786.08935546875,1794.936491950881,1760.6293587010812,1771.3933267555533,50333,Capital Goods,0.0009088572054398725,-0.02781155126200463,-0.02109588307890231,-0.006076583917375089,1787.121630859375,1770.5823974609375,1723.0749267578126,1711.0141479492188,1690.68392578125,1663.8810302734375,1
2023-01-11,1792.67578125,1803.8329803168688,1769.820676730999,1795.0350418449054,29784,Capital Goods,0.0036876238924348215,0.013346395028287494,0.004956436289463628,0.005220472999892811,1796.7060546875,1777.227587890625,1734.7433268229167,1717.4479919433593,1698.02115234375,1675.5412312825522,1
2023-01-12,1766.6749267578125,1787.809754243494,1744.852036608597,1770.7053852061515,68978,Capital Goods,-0.014503935828294345,-0.013553861663752498,-0.008882876767537629,-0.014108005658811096,1787.8589111328124,1780.9040649414062,1746.6345296223958,1721.7388549804687,1704.4618701171876,1683.3545654296875,0
2023-01-13,1671.568115234375,1759.2531413096533,1643.6505801132346,1745.834960100031,193505,Capital Goods,-0.05383379255739862,-0.014045490183690279,-0.015972959575849432,-0.05800002199158616,1760.2951416015626,1771.7964233398438,1749.694978841146,1722.778387451172,1708.6416455078124,1687.4176961263022,0
2023-01-16,1623.9903564453125,1661.2957363727623,1579.7546711572802,1641.586233040082,216591,Capital Goods,-0.02846294946370853,-0.059712819047898824,-0.05568124486278758,-0.038874387128894794,1728.19970703125,1754.873828125,1749.4656087239584,1719.2026672363281,1710.2970458984375,1690.2618896484375,0
2023-01-17,1674.9595947265625,1685.9202380191125,1572.824293188256,1585.3577367746,210351,Capital Goods,0.03138518531157697,-0.0342525388759819,0.014822467250842797,-0.00438699634541817,1705.9737548828125,1746.5476928710937,1749.0461832682292,1718.7996337890625,1710.0060693359376,1693.2322306315104,1
2023-01-18,1665.6700439453125,1679.0882253143766,1648.663953123328,1674.0748718349932,113997,Capital Goods,-0.005546134253325952,0.05596032554828145,-0.004052393791039166,0.048218774508713924,1680.572607421875,1738.6393310546875,1745.0092610677084,1721.2006469726562,1710.0729150390625,1695.1130615234374,0
2023-01-19,1667.390380859375,1694.669053422053,1647.779275069862,1661.2957344477654,99457,Capital Goods,0.0010328197474138712,-0.007633551881237155,0.009279338555756356,-0.0005366030183349135,1660.7156982421875,1724.2873046875,1740.8412760416666,1725.1548217773438,1709.5342236328124,1697.1708414713542,1
2023-01-20,1672.747802734375,1685.8710313698425,1641.1438407416629,1652.7925466091683,84280,Capital Goods,0.0032130579236271384,-0.0051184070736349785,-0.005191587132864939,-0.004026895123995233,1660.9516357421876,1710.623388671875,1734.8481608072916,1727.5091430664063,1710.413037109375,1700.693310546875,1
2023-01-23,1540.4830322265625,1674.0256176256094,1524.80398843363,1653.4314980358995,214790,Capital Goods,-0.07907035973480547,0.00038658900540311514,-0.007026287019481159,-0.07088949147532175,1644.2501708984375,1686.2249389648437,1717.9992757161458,1723.1617492675782,1704.21216796875,1699.2892333984375,0
2023-01-24,1590.56787109375,1609.1467632958488,1540.4831721763155,1548.199817878904,133416,Capital Goods,0.03251242488195194,-0.0636444148318207,-0.0387561896584252,0.01028275362710196,1627.371826171875,1666.6727905273438,1706.822403971354,1718.6275939941406,1700.514072265625,1696.2336954752604,1
2023-01-25,1543.825439453125,1584.620572046124,1523.6736269674268,1576.0683874290337,128604,Capital Goods,-0.02938726004095804,0.01800062836095062,-0.015241736682545026,-0.010911865518882014,1603.0029052734376,1641.7877563476563,1693.4271891276042,1709.5076721191406,1697.5610986328124,1692.2279134114583,0
2023-01-27,1472.114501953125,1543.2356296639207,1449.9474605740334,1518.7585264995807,199859,Capital Goods,-0.04645015923911866,-0.03636254707382325,-0.026116625716126718,-0.04838711196972734,1563.9477294921876,1612.3317138671875,1670.8407796223958,1696.6178894042969,1692.9134033203125,1685.2698079427084,0
2023-01-30,1381.824462890625,1435.2022379587015,1349.9748653883007,1415.5419333291304,250243,Capital Goods,-0.06133357082122881,-0.06796116128371166,-0.07000446958883799,-0.06894911567771811,1505.7630615234375,1583.3573486328125,1642.3366129557292,1677.576885986328,1683.1599267578124,1676.304707845052,0
2023-01-31,1658.1500244140625,1658.1500244140625,1335.4752972630583,1385.9531018674852,993479,Capital Goods,0.1999715368661188,-0.020902829343993345,0.1553424183427008,-0.010740620804870926,1529.2964599609375,1586.7733154296875,1633.9154459635417,1670.8235717773437,1684.38869140625,1675.059549967448,1
2023-02-01,1913.0950927734373,1965.932160803448,1719.244419556312,1739.9369379184827,1735259,Capital Goods,0.15375271513774158,0.2554082353681566,0.18561778600108636,0.28736519730447685,1593.801904296875,1610.586865234375,1642.3824951171875,1678.5672790527344,1693.6624560546875,1682.7287109375,1
2023-02-02,1981.70947265625,2013.1659595041187,1852.9836783822764,1919.681236652504,714320,Capital Goods,0.03586563999980874,0.10330506515313842,0.02402615901118743,0.07778955528643139,1681.3787109375,1642.1908081054687,1654.9847412109375,1690.4150695800781,1703.8818798828124,1694.864034016927,1
2023-02-03,1898.3006591796875,1999.1089175559905,1853.3769118176551,1981.758674998204,271478,Capital Goods,-0.042089324710530174,0.03233736787152708,-0.006982554956170062,0.00021221635137225192,1766.6159423828126,1665.2818359375,1663.7597900390624,1694.7845703125,1710.6175,1705.197159830729,0
2023-02-06,1895.3515625,1955.217211528082,1857.0631688753504,1930.641831795452,129866,Capital Goods,-0.001553545622726582,-0.02579367702417068,-0.021955635154470854,0.0019889408539572884,1869.3213623046875,1687.5422119140626,1678.6786865234376,1699.0828002929688,1715.92578125,1714.1868326822917,0
2023-02-07,2184.210693359375,2227.9056733555294,1887.3892857209569,1904.8378064613453,532800,Capital Goods,0.15240398487252937,-0.013365516539186051,0.13946709358922327,0.016330148243676623,1974.53349609375,1751.9149780273438,1716.026708984375,1719.0699584960937,1731.565556640625,1732.7461588541667,1
2023-02-08,2185.587158203125,2305.1708731742574,2093.822584162545,2185.243006851332,393507,Capital Goods,0.0006301886754491726,0.1472068642478812,0.03468064233722967,0.10937505050143015,2029.0319091796875,1811.4169067382813,1750.0685465494792,1739.0448486328125,1748.660205078125,1749.5573649088542,1
2023-02-09,2177.771728515625,2241.274604987857,2124.344997608002,2185.586891172906,158529,Capital Goods,-0.003575894769589305,0.0001573666271876828,-0.02771866889781327,0.014577363753894623,2068.2443603515626,1874.8115356445312,1784.2086588541667,1758.2996459960937,1765.980927734375,1764.6089599609375,0
2023-02-10,2136.14111328125,2236.359459523529,2108.5674904078987,2192.12377790658,94617,Capital Goods,-0.019116151931474756,0.002990906817786687,-0.0021930134992782513,-0.007426998542076957,2115.812451171875,1941.2141967773437,1815.4587076822916,1776.7729553222657,1778.990146484375,1778.149991861979,0
2023-02-13,2268.3076171875,2300.2556117957747,2113.482720239708,2146.856038916331,206743,Capital Goods,0.061871616572761745,-0.020650174705681423,0.028571503565826273,0.002331075412178807,2190.403662109375,2029.8625122070312,1855.1626953125,1806.609930419922,1797.34697265625,1795.0054280598958,1
2023-02-14,2287.820556640625,2328.7630443480243,2224.907582880273,2279.661482357289,166912,Capital Goods,0.008602422045965508,0.06186043266692187,0.012393158571622598,0.052720971680301654,2211.125634765625,2092.8295654296876,1904.985196940104,1839.8014404296875,1817.48109375,1811.492236328125,1
2023-02-15,2276.76171875,2299.960734676322,2198.8085613499447,2275.63110721502,128877,Capital Goods,-0.004833787273449186,-0.0017679708910558478,-0.012368072286962128,-0.011730384547722017,2229.360546875,2129.1962280273438,1950.7314534505208,1869.8915466308595,1837.10798828125,1828.7769287109375,0
2023-02-16,2368.034423828125,2382.681494340286,2281.9713948590183,2285.510345585245,216389,Capital Goods,0.04008882630380661,0.004341318036522823,0.035966161689975795,0.03782177083120697,2267.4130859375,2167.828723144531,2005.6787190755208,1905.009765625,1860.122333984375,1849.5529541015626,1
2023-02-17,2354.46875,2392.265876270089,2327.779983434133,2364.151545675292,89827,Capital Goods,-0.005728664115530413,0.03440859510522554,0.0040225191459997145,0.020074129184228795,2311.07861328125,2213.4455322265626,2064.502335611979,1939.3636840820313,1883.6340869140624,1867.6715576171875,0
2023-02-20,2284.52734375,2378.6018511715524,2264.867039586919,2364.1515756104777,86587,Capital Goods,-0.029705812086059713,1.266212645845144e-08,-0.005711750200542487,-0.0270270147071201,2314.32255859375,2252.3631103515627,2124.6825276692707,1969.9526611328124,1908.1524560546875,1883.5095703125,0
2023-02-21,2250.121826171875,2315.934646789165,2214.7332784470227,2294.3575108279406,105197,Capital Goods,-0.015060234526083294,-0.02952182317858143,-0.02634623543722603,-0.0221354102751391,2306.7828125,2258.9542236328125,2164.147314453125,2005.4346008300781,1933.19771484375,1899.0313802083333,0
2023-02-22,2260.738525390625,2356.28755992183,2207.9014555759404,2241.274775394982,192771,Capital Goods,0.004718277515138869,-0.02313620923611126,0.017424029295736165,-0.003084715860626197,2303.578173828125,2266.4693603515625,2187.3235432942706,2038.943133544922,1956.6288720703126,1914.8530192057292,1
2023-02-23,2222.646484375,2277.547737283444,2201.904768418761,2265.8499528303973,98781,Capital Goods,-0.016849379345646898,0.01096482131740606,-0.03341689867470943,-0.002716012139959978,2274.5005859375,2270.9568359375,2203.3860107421874,2072.8841857910156,1978.9079296875,1929.1853759765625,0
2023-02-24,2229.036376953125,2247.123762357385,2198.9560129720303,2234.78687242418,85109,Capital Goods,0.002874902789555378,-0.01370923982297012,-0.013358216132210221,-0.0013391839143198636,2249.414111328125,2280.2463623046874,2225.43505859375,2110.7302795410155,2001.37376953125,1944.5974243164062,1
2023-02-27,2122.182373046875,2274.549722766699,2112.1554264250026,2240.094993428042,96699,Capital Goods,-0.04793730825169795,0.0023752247112962532,0.01220491762346998,-0.03947354382487678,2216.9451171875,2265.633837890625,2240.5571126302084,2147.748175048828,2019.35115234375,1959.617899576823,0
2023-02-28,2260.639892578125,2295.340375373783,2064.3318151113253,2128.178601108482,143014,Capital Goods,0.06524298820391339,-0.04996055642635644,0.009140557534963456,-0.022642089078938055,2219.04873046875,2262.915771484375,2245.652392578125,2177.872668457031,2048.1574267578126,1980.83955078125,1
2023-03-01,2328.271484375,2343.8523711799844,2269.7820803976674,2280.595247519527,117767,Capital Goods,0.029917012443651636,0.07161835305159903,0.021134989967795725,0.09952385744501191,2232.555322265625,2268.066748046875,2255.1646809895833,2198.631488037109,2077.6655712890624,2002.6166137695313,1
2023-03-02,2286.83740234375,2373.8832023433383,2274.6970691792085,2329.647520358436,115230,Capital Goods,-0.01779606987815363,0.02150853944480513,0.01281259499643106,0.0021654011739664636,2245.393505859375,2259.9470458984374,2262.435725911458,2213.8878845214845,2107.3860498046874,2023.3221923828125,0
2023-03-03,2263.04833984375,2328.7630017627457,2231.4936960154714,2303.696114238496,83115,Capital Goods,-0.010402603383878106,-0.011139627730441748,-0.019006916825584752,-0.018993022740969367,2252.1958984375,2250.8050048828127,2270.896207682292,2232.1252685546874,2139.0234033203124,2043.1774576822916,0
2023-03-06,2280.59521484375,2295.3404425259296,2232.5258685974213,2279.120692075532,64879,Capital Goods,0.007753645687131661,-0.010667822900368829,-0.014352065543602799,0.00046254783681121125,2283.878466796875,2250.4117919921873,2271.715380859375,2251.387451171875,2174.9742333984377,2063.4390380859377,1
2023-03-08,2247.811767578125,2323.848094589456,2211.8827515118546,2284.4290863274723,110302,Capital Goods,-0.014374952228368598,0.0023291413528021554,0.01241979252199954,-0.009246529850306162,2281.312841796875,2250.1807861328125,2269.048128255208,2254.5675048828125,2198.560703125,2087.0166625976562,0
2023-03-09,2246.976318359375,2306.546898828767,2230.1174627361365,2270.7652395366817,57514,Capital Goods,-0.00037167223288014917,-0.005981296102632427,-0.007445063126531815,0.008243977313814765,2265.05380859375,2248.8045654296875,2267.062434895833,2257.636962890625,2211.9159521484376,2108.896944173177,0
2023-03-10,2265.45703125,2279.6123547905736,2219.648424802551,2247.172851682299,68787,Capital Goods,0.008224703010719203,-0.010389619958774965,-0.011677431771220603,-0.004694388573031172,2260.777734375,2253.0856201171873,2260.223942057292,2262.0212280273436,2223.2658544921874,2132.9513305664063,1
2023-03-13,2267.865234375,2307.1366430831445,2234.000409193467,2260.9349293102823,86123,Capital Goods,0.0010630098438333402,0.0061241740339113004,0.012074109106633424,0.006465881817384167,2261.74111328125,2256.968505859375,2254.450374348958,2268.6074340820314,2238.0484375,2159.476354980469,1
2023-03-14,2243.093505859375,2417.2345661853933,2182.2939149782733,2273.812733266164,286329,Capital Goods,-0.010922927932466742,0.005695787078582537,0.04772059055640465,-0.023145248318849343,2254.240771484375,2269.059619140625,2251.6881184895833,2267.346728515625,2251.958115234375,2188.1853230794272,0
2023-03-15,2277.74462890625,2339.5269905821924,2246.288142326872,2291.408444266589,104488,Capital Goods,0.015447917332184202,0.007738416951843741,-0.03214730448184444,0.02932429353780952,2260.22734375,2270.7700927734377,2253.529638671875,2266.8429321289063,2255.69947265625,2208.8384765625,1
2023-03-16,2170.79248046875,2298.9775645617783,2157.718330512868,2286.4441209562933,138627,Capital Goods,-0.04695528510097169,-0.0021664942898840245,-0.01733231810688507,-0.039429408073292316,2244.990576171875,2255.0221923828126,2247.533235677083,2261.544470214844,2255.107685546875,2217.428389485677,0
2023-03-17,2274.107177734375,2290.42532540652,2150.837172527667,2192.1238092946514,164738,Capital Goods,0.047593078654536214,-0.041251964479321224,-0.003720018536539471,-0.0031890900160101987,2246.72060546875,2253.749169921875,2250.9639485677085,2256.848107910156,2258.961103515625,2227.174979654948,1
2023-03-20,2255.92138671875,2282.561193458236,2211.7841021882127,2280.595163145179,113183,Capital Goods,-0.007996892667892164,0.04035873953624658,-0.003433481048716658,0.028336375453712703,2244.3318359375,2253.036474609375,2252.756282552083,2251.9207397460937,2263.752314453125,2239.095670572917,0
2023-03-21,2237.735595703125,2309.102591725945,2211.784091691518,2284.5272129293726,67446,Capital Goods,-0.00806135848646583,0.001724133177047893,0.011627902175755711,-4.745804416117494e-09,2243.26025390625,2248.7505126953124,2260.4598307291667,2249.58115234375,2262.52943359375,2250.5084716796873,0
2023-03-22,2288.115234375,2300.255568093069,2241.2746560906826,2275.680188092075,76781,Capital Goods,0.022513669071812403,-0.0038725845712092033,-0.003831368803004609,0.013333382996082221,2245.334375,2252.780859375,2262.2915201822916,2251.480822753906,2262.541220703125,2253.971956380208,1
2023-03-23,2274.156494140625,2334.0712233116024,2251.104835418643,2270.765139658108,74567,Capital Goods,-0.006100540752785877,-0.0021598151004194044,0.01470082528549943,0.004385977105147099,2266.007177734375,2255.498876953125,2258.6838541666666,2252.151721191406,2262.43701171875,2256.924267578125,0
2023-03-24,2289.196533203125,2327.779877885132,2230.461377922873,2279.907088023696,132023,Capital Goods,0.006613458265185779,0.004025933024039752,-0.0026954384954646082,-0.009170366999780688,2269.025048828125,2257.8728271484374,2258.841129557292,2255.4792236328126,2259.28349609375,2260.638427734375,1
2023-03-27,2251.59619140625,2308.070363532453,2236.3594566466795,2300.255441122298,70205,Capital Goods,-0.016425126131159762,0.008925079976062067,-0.008467086832362192,0.002644331250110765,2268.160009765625,2256.2459228515627,2258.0776529947916,2256.607214355469,2255.16859375,2264.4869303385417,0
2023-03-28,2249.2861328125,2300.157169388302,2217.7806876626423,2272.780340077692,75183,Capital Goods,-0.001025964869973972,-0.011944369548453682,-0.003428489126319323,-0.008307595153730474,2270.4701171875,2256.865185546875,2255.990380859375,2262.96240234375,2253.7589453125,2263.852880859375,0
2023-03-29,2240.979736328125,2304.5318139371343,2221.614384602723,2255.675765785004,124741,Capital Goods,-0.0036929034342059186,-0.007525836963242716,0.0019018894043643098,0.0017286185966931544,2261.043017578125,2253.1886962890626,2255.534912109375,2261.97939453125,2253.39326171875,2262.2915201822916,0
2023-03-31,2462.354736328125,2465.058028191631,2246.92704618487,2259.4112915193614,531313,Capital Goods,0.09878491822631386,0.0016560561544436414,0.06965675773433944,0.011393814226978716,2298.682666015625,2282.344921875,2269.8934733072915,2268.683557128906,2261.45791015625,2268.4779541015623,1
2023-04-03,2555.34814453125,2590.245185935697,2430.0137000504906,2505.705874364361,540049,Capital Goods,0.037766048421519205,0.10900829953778657,0.05078466969635742,0.08148313234134119,2351.91298828125,2310.4690185546874,2289.219547526042,2282.109094238281,2274.7659765625,2274.721744791667,1
2023-04-05,2652.81396484375,2703.291893099758,2518.48502913512,2555.8396080215894,348399,Capital Goods,0.03814189488077724,0.020007828600372424,0.04364324573514233,0.03640774909326283,2432.15654296875,2350.1582763671877,2314.8827962239584,2301.597375488281,2291.717080078125,2284.6665852864585,1
2023-04-06,2677.487548828125,2702.30868168096,2523.744073412494,2654.1409387190224,392020,Capital Goods,0.009300910019081732,0.038461463070261104,-0.0003637089362446,0.0020881777006949154,2517.796826171875,2394.1334716796873,2343.8423990885417,2321.4419921875,2313.929287109375,2297.7652587890625,1
2023-04-10,2649.52099609375,2693.461728854001,2625.879431825274,2678.667301651104,163865,Capital Goods,-0.010445072936610011,0.009240791464494968,-0.003273849833267617,0.040469776428113446,2599.505078125,2430.2740478515625,2368.627490234375,2341.527453613281,2329.48453125,2311.078564453125,0
2023-04-11,2618.85107421875,2681.6656539121427,2576.876130236026,2669.771073159302,128351,Capital Goods,-0.011575647794532462,-0.0033211397646577545,-0.004379522016404347,-0.018661672350731462,2630.804345703125,2464.743505859375,2398.4980631510416,2360.12119140625,2341.10771484375,2323.0156494140624,0
2023-04-12,2648.14453125,2663.086554172124,2614.8204122196653,2621.111613454496,87691,Capital Goods,0.011185613920405402,-0.018226079454529587,-0.006928193942788652,0.014724915000149386,2649.363623046875,2500.6383056640625,2423.43388671875,2379.25556640625,2355.56,2337.1989176432294,1
2023-04-13,2725.70458984375,2813.8318063737256,2628.4352839708,2643.377066986164,342796,Capital Goods,0.02928845373750777,0.008494660592619052,0.05660546480002182,0.0052068094954089705,2663.941748046875,2548.0491455078127,2454.7527669270835,2402.1475341796877,2374.06625,2353.7545247395833,1
2023-04-17,2737.5009765625,2796.186940282773,2699.5072923158395,2717.938828659768,145770,Capital Goods,0.004327830228816554,0.028207009361178814,-0.006270760765083594,0.02703966454052109,2675.94443359375,2596.8706298828124,2488.070458984375,2426.8679077148436,2392.34248046875,2374.265144856771,1
2023-04-18,2625.58447265625,2746.5445443419694,2595.1601993782388,2732.04506974317,137465,Capital Goods,-0.04088272656866199,0.005190050980786065,-0.017753604104803977,-0.03865412523041711,2671.15712890625,2635.331103515625,2510.568408203125,2444.259899902344,2407.453388671875,2386.429964192708,0
2023-04-19,2612.608642578125,2663.9711866754656,2594.0297513328373,2633.645071818501,92089,Capital Goods,-0.0049420729796583185,-0.03601697461525388,-0.030064452381305617,-0.00043559855983932305,2669.908642578125,2650.356494140625,2533.131884765625,2466.3507080078125,2422.078681640625,2395.9078694661457,0
2023-04-20,2760.306640625,2796.6782024850872,2614.918790700769,2641.361803190661,286625,Capital Goods,0.05653276791625639,0.0029300574533497326,0.04981548466942498,0.008052737003960253,2692.341064453125,2670.85234375,2564.5392252604165,2490.660681152344,2441.872666015625,2411.690177408854,1
2023-04-21,2789.551513671875,2835.9989840343087,2741.9736717743936,2777.0180692883614,193775,Capital Goods,0.010594791396166592,0.05135845681338824,0.01405981621849861,0.048588461532901084,2705.11044921875,2684.5260986328126,2600.4029134114585,2517.3421875,2462.7401171875,2429.240283203125,1
2023-04-24,2790.878662109375,2824.202782726632,2745.119254717641,2785.8651883909765,113891,Capital Goods,0.00047575692042101103,0.003185834186841374,-0.0041594518806548075,0.0011471966254190669,2715.785986328125,2695.8652099609376,2636.50908203125,2544.9993408203127,2484.6515234375,2446.2497314453126,1
2023-04-25,2746.446044921875,2826.1686728742707,2718.331954468083,2788.814095632802,93133,Capital Goods,-0.015920655308574894,0.0010585247463208436,0.0006960867539902438,-0.0097581553892504,2739.95830078125,2705.55771484375,2670.2068359375,2567.915881347656,2503.399580078125,2462.8708740234374,0
2023-04-26,2678.07763671875,2789.698824043018,2665.0034861664726,2759.323749446408,97135,Capital Goods,-0.02489341027818004,-0.010574511306642886,-0.012904342611002817,-0.019618085353392933,2753.052099609375,2711.48037109375,2684.5883626302084,2588.1119384765625,2523.690986328125,2477.24091796875,0
2023-04-27,2718.872802734375,2747.5276010374155,2689.578900527743,2692.47874749248,99868,Capital Goods,0.01523300350082768,-0.02422513920932201,-0.015116765523987663,0.009221531787420467,2744.76533203125,2718.5531982421876,2695.4900065104166,2609.595751953125,2541.481611328125,2492.354777018229,1
2023-04-28,2763.79638671875,2781.9329688525872,2737.697285602281,2742.6123615189817,71984,Capital Goods,0.016522870779094756,0.01861987362878592,0.012522301068852215,0.017890676144543205,2739.614306640625,2722.3623779296877,2702.8888346354165,2635.20576171875,2561.796611328125,2508.8858154296877,1
2023-05-02,2794.171630859375,2823.219779303296,2753.818807115319,2791.7632915116155,108288,Capital Goods,0.01099040590927447,0.01792120923914009,0.014841051496556235,0.0058887158919365135,2740.272900390625,2728.029443359375,2710.6677734375,2662.4500366210937,2584.054052734375,2527.255086263021,1
2023-05-03,2920.2431640625,2957.8926936723387,2767.187747652919,2796.678203222933,340481,Capital Goods,0.045119466467544944,0.0017605044547512883,0.047701888232830614,0.0048546914208942304,2775.03232421875,2757.4953125,2728.71591796875,2696.4132080078125,2609.339169921875,2548.6717041015627,1
2023-05-04,2907.1201171875,2984.729119748484,2871.8789260339,2945.113558924376,105466,Capital Goods,-0.00449381991078579,0.0530755935846976,0.009072819353303618,0.03783305938304271,2820.8408203125,2786.9464599609373,2747.9338541666666,2718.651477050781,2634.65771484375,2573.215958658854,0
2023-05-05,2886.525634765625,2934.251069029415,2872.5668674201684,2908.74187349418,50776,Capital Goods,-0.007084152560506873,-0.012349841424613817,-0.016912104480463874,0.0002395440072462396,2854.37138671875,2799.568359375,2763.825927734375,2735.2103515625,2658.55087890625,2593.6299072265624,0
2023-05-08,3003.8486328125,3232.153908103576,2853.103159136188,2890.310379653752,592108,Capital Goods,0.040645056684695424,-0.006336586277518874,0.1015260221657519,-0.006775719829095084,2902.3818359375,2820.9980712890624,2782.368863932292,2752.7620849609375,2688.6409765625,2618.5608154296874,1
2023-05-09,2558.001953125,2958.875575813772,2458.6192663191086,2958.875575813772,1079231,Capital Goods,-0.14842514859680334,0.023722433632969775,-0.0845499131723424,-0.13826485437579272,2855.147900390625,2797.710400390625,2770.4022623697915,2746.787805175781,2700.989609375,2629.236360677083,0
2023-05-10,2597.32275390625,2708.1577194330057,2558.100542812765,2558.100542812765,397622,Capital Goods,0.01537168520657839,-0.13544842381240807,-0.0847341667321756,0.040462253695178196,2790.563818359375,2782.7980712890626,2768.5181477864585,2744.1778930664063,2715.243330078125,2639.543277994792,1
2023-05-11,2524.28466796875,2644.310921402479,2507.671806876477,2622.684586729298,178689,Capital Goods,-0.028120527503812998,0.025246874716472023,-0.02357573104859423,-0.01971335179845546,2713.996728515625,2767.4187744140627,2762.6298828125,2739.449572753906,2717.72052734375,2647.8808837890624,0
2023-05-12,2641.362060546875,2676.062547971535,2516.5191198362486,2516.5191198362486,191151,Capital Goods,0.04638042375479601,-0.04047969299482046,0.012007523892922478,0.0035280984279961736,2664.964013671875,2759.6677001953126,2754.700244140625,2739.11044921875,2721.161083984375,2659.619734700521,1
2023-05-15,2700.588623046875,2740.4499391008308,2610.9376809931136,2610.9376809931136,140637,Capital Goods,0.022422735369999724,0.03751950875819654,0.024060495588229758,0.03751950875819654,2604.31201171875,2753.346923828125,2748.769384765625,2737.8546508789063,2723.0720703125,2674.586149088542,1
2023-05-16,2708.796875,2778.5909566189475,2694.493955345496,2738.680442118137,139037,Capital Goods,0.003039430694136591,0.048926009247541424,0.013917793926434996,0.032002400884804105,2634.47099609375,2744.8094482421875,2743.297265625,2736.4194458007814,2724.324443359375,2689.903173828125,1
2023-05-17,2745.070068359375,2776.0350485396148,2714.203485701099,2731.799362567844,122952,Capital Goods,0.013390887184693279,-0.002512552923104372,-0.0009198576254069168,0.007314742835663912,2664.020458984375,2727.292138671875,2743.205533854167,2742.3937255859373,2728.14640625,2706.7061848958333,1
2023-05-18,2668.1982421875,2776.821423286809,2655.615599455035,2776.821423286809,79283,Capital Goods,-0.028003593444818065,0.01648073476254308,0.0002832726292876231,-0.021585664654369285,2692.803173828125,2703.399951171875,2742.546907552083,2745.173205566406,2730.12029296875,2713.567635091146,0
2023-05-19,2670.705078125,2713.171288928831,2605.97342791092,2683.484276375789,63805,Capital Goods,0.0009395238696525698,-0.03361294540883397,-0.022921940109003502,-0.018693282097869246,2698.67177734375,2681.8178955078124,2739.335725911458,2740.6931274414064,2731.02271484375,2717.4128662109374,1
2023-05-22,2746.495361328125,2757.3085288875286,2671.835402405396,2673.8014328707422,97644,Capital Goods,0.028378379860772407,-0.0036083101325727895,0.01626776758946291,0.02527346356991611,2707.853125,2656.082568359375,2738.18232421875,2738.540319824219,2731.854345703125,2720.535579427083,1
2023-05-23,2772.10302734375,2796.383456215664,2752.491920946972,2776.035088375443,51028,Capital Goods,0.009323760883121146,0.038235320786307314,0.014171401901077907,0.030187682395765414,2720.51435546875,2677.49267578125,2736.711083984375,2737.6015380859376,2733.238427734375,2723.6894287109376,1
2023-05-24,2726.29443359375,2772.103040833476,2711.156094545648,2744.185503370184,47556,Capital Goods,-0.016524852539082646,-0.011473048427459775,-0.00868279181391185,-0.01501760135488528,2716.759228515625,2690.38984375,2723.7811686197915,2736.593957519531,2737.266826171875,2726.248543294271,0
2023-05-25,2688.399169921875,2773.085831961697,2669.4269288862697,2745.3156530347496,45219,Capital Goods,-0.013899916019680325,0.0004118342813113074,0.0003545290754867203,-0.015391649984052846,2720.7994140625,2706.8012939453124,2709.199772135417,2737.1100341796873,2740.298447265625,2728.5668131510415,0
2023-05-26,2704.766357421875,2722.755583810932,2668.886302162599,2693.412483717753,100667,Capital Goods,0.0060880793608024675,-0.01890608435486152,-0.018149545740948403,-0.00020252538768550377,2727.611669921875,2713.1417236328125,2697.082486979167,2736.4047119140623,2738.0768359375,2730.454207356771,1
2023-05-29,2719.560791015625,2745.5614954531893,2682.7958779788155,2727.867221583459,57303,Capital Goods,0.005469763979115694,0.012792224760964865,0.008376040720605937,0.005211752859215268,2722.224755859375,2715.0389404296875,2678.1299641927085,2734.1929321289062,2735.27720703125,2730.2494140625,1
2023-05-30,2668.247314453125,2727.867088332069,2654.1409508095808,2709.976260292066,56634,Capital Goods,-0.01886829547330582,-0.006558589490660016,-0.0064447316697962,-0.010680994183882131,2701.45361328125,2710.983984375,2685.4796549479165,2727.8967163085936,2730.371953125,2727.940958658854,0
2023-05-31,2732.1435546875,2747.5276474853167,2659.105472982748,2671.294766190465,60891,Capital Goods,0.023946895734989537,-0.014273739098154326,0.0072073009852062775,0.0018704817359653791,2702.6234375,2709.6913330078123,2694.467708333333,2718.491735839844,2729.799853515625,2731.492928059896,1
2023-06-01,2672.818359375,2741.629424162146,2665.9372528962854,2741.629424162146,75540,Capital Goods,-0.02171379143336616,0.026329800388141145,-0.0021467384790719857,0.002569202306170304,2699.507275390625,2710.1533447265624,2704.3699544270835,2706.776647949219,2729.589482421875,2733.4999186197915,0
2023-06-02,2660.727294921875,2698.3276277503064,2626.616714184808,2688.5466741375185,59979,Capital Goods,-0.004523713484201108,-0.01936175237864235,-0.015794182842589155,-0.014749236377847641,2690.699462890625,2709.15556640625,2705.6609700520835,2695.4867309570313,2727.263662109375,2730.1806070963544,0
2023-06-05,2723.197998046875,2729.784152227278,2661.6611473601,2663.9221304353314,93359,Capital Goods,0.02347880718336981,-0.009159053826018004,0.011657785419926237,0.01334204301146702,2691.426904296875,2706.825830078125,2707.16826171875,2681.45419921875,2725.6397265625,2727.9688232421877,1
2023-06-06,2719.46240234375,2736.763566181352,2673.8013934579367,2732.683909029522,38433,Capital Goods,-0.0013717679382124759,0.025812232951026193,0.002556764038790238,0.004561153890636049,2701.669921875,2701.561767578125,2707.879296875,2689.5272216796875,2722.651357421875,2725.58828125,0
2023-06-07,2756.325439453125,2780.8516208492697,2720.052274341563,2720.9860907886728,109401,Capital Goods,0.013555266319403625,-0.004280706671633938,0.01610955919346524,0.01729779967831191,2706.506298828125,2704.5648681640623,2708.6296549479166,2697.4773559570312,2716.0946484375,2725.9175944010417,1
2023-06-08,2795.8427734375,2880.2347300405386,2742.612592768977,2755.3917912299075,134603,Capital Goods,0.014336962326268576,0.012644570495126128,0.0357383718160833,0.008294075316208627,2731.111181640625,2715.309228515625,2717.1392903645833,2711.0552612304687,2711.6435546875,2729.8430989583335,1
2023-06-09,2983.352783203125,3046.3641545497326,2802.6255797280623,2809.457487480844,299134,Capital Goods,0.06706743724901254,0.019621781709237007,0.057679126904651934,0.021881685775567705,2795.636279296875,2743.16787109375,2737.982470703125,2728.1547973632814,2715.516640625,2738.6590983072915,1
2023-06-12,2991.6103515625,3062.092496829413,2961.8249415560263,2994.26444473271,113549,Capital Goods,0.0027678819634964213,0.06578030031612148,0.005162988231787846,0.05680364975595875,2849.31875,2770.3728271484374,2754.3234700520834,2742.7058837890627,2715.027109375,2746.252897135417,1
2023-06-13,2942.60693359375,3032.602027163637,2903.9743865131013,2999.277906395953,95916,Capital Goods,-0.016380280922331902,0.001674355006306083,-0.009630822614376089,-0.019532064245678438,2893.94765625,2797.8087890625,2765.690397135417,2754.39638671875,2730.41130859375,2751.2007405598956,0
2023-06-14,2891.146240234375,3003.11158091986,2875.3195987530576,2963.790971022382,56680,Capital Goods,-0.017488130260240764,-0.011831826353234876,-0.00972446960716411,-0.009867438188547739,2920.91181640625,2813.7090576171877,2776.680517578125,2761.7001953125,2742.164248046875,2750.2308430989583,0
2023-06-15,3057.47216796875,3086.667670869588,2895.372820492642,2897.928755962913,159219,Capital Goods,0.05752940664837891,-0.02222228750388211,0.02782317196623607,0.006974258356629681,2973.2376953125,2852.1744384765625,2801.2853841145834,2781.1638916015627,2763.491748046875,2755.242578125,1
2023-06-16,3070.30078125,3127.954529743125,3027.6869741071105,3071.922660417117,82728,Capital Goods,0.004195823404591348,0.060040780538923366,0.013375867853602008,0.045698485762519336,2990.627294921875,2893.131787109375,2825.654345703125,2801.1436767578125,2780.649296875,2761.368416341146,1
2023-06-19,3044.348876953125,3116.010829060374,3033.732264789761,3077.8205925263383,56379,Capital Goods,-0.008452560887637017,0.0019199481110701022,-0.0038183741384922865,0.0019966696472752954,3001.175,2925.246875,2847.306884765625,2816.0363525390626,2794.39970703125,2762.7184244791665,0
2023-06-20,2989.2509765625,3072.8072727799376,2976.668573362569,3050.8862247086468,39965,Capital Goods,-0.018098418616781076,-0.00875111690496011,-0.013865021224417351,-0.01880973218681392,3010.50380859375,2952.225732421875,2868.70712890625,2826.89375,2805.61787109375,2777.0933919270833,0
2023-06-21,3111.833251953125,3142.69983560458,3005.1268958045425,3013.7282794647053,93078,Capital Goods,0.04100768933480081,-0.012179393955436657,0.022745508136412074,0.009560460541909066,3054.6412109375,2987.776513671875,2894.019775390625,2846.170690917969,2820.2883984375,2794.2437418619793,1
2023-06-22,3094.482666015625,3209.544643738644,3060.126332605941,3135.5727495759074,97972,Capital Goods,-0.005575679842938275,0.0404298127808802,0.021269867194047443,0.018301868343125083,3062.043310546875,3017.6405029296875,2922.1307291666667,2866.4748657226564,2837.339775390625,2813.250341796875,0
2023-06-23,3135.86767578125,3149.482292257223,3022.820928176986,3088.63374758781,67444,Capital Goods,0.013373805650981785,-0.014969833499939078,-0.0187136675598496,-0.0121908053374995,3075.156689453125,3032.8919921875,2953.8067545572917,2888.029931640625,2855.946279296875,2829.7338623046876,1
2023-06-26,3293.9365234375,3307.846092285642,3135.81843518312,3158.378585644348,154501,Capital Goods,0.05040673395661366,0.02258112931357048,0.05028248624154674,0.03738147567817762,3125.07421875,3063.124609375,2991.855989583333,2916.7487182617188,2877.84392578125,2849.5121256510415,1
2023-06-27,3340.384033203125,3361.911969995872,3293.985523961243,3293.985523961243,72438,Capital Goods,0.014100912217079653,0.04293561859026784,0.01634473799622027,0.05043885417711902,3195.300830078125,3102.9023193359376,3033.250764973958,2950.3555541992187,2900.575166015625,2870.5650309244793,1
2023-06-28,3274.767822265625,3397.300572435309,3243.9501993739927,3375.674237772816,66435,Capital Goods,-0.019643313548765806,0.024799354222218017,0.010526332264280125,-0.015189904212778438,3227.887744140625,3141.2644775390627,3067.8135904947917,2977.486767578125,2922.5141015625,2888.2216227213544,0
2023-06-30,3411.112060546875,3439.570303570769,3273.4407290341987,3332.4216430708507,142016,Capital Goods,0.04163478013745747,-0.012813023904374776,0.01244215230127832,0.009090931687513848,3291.213623046875,3176.628466796875,3108.83154296875,3014.4014526367187,2951.4226171875,2912.985416666667,1
2023-07-03,3484.73974609375,3503.466233979552,3423.0063424569366,3453.185101619092,68781,Capital Goods,0.021584657507578653,0.03623894917359771,0.01857671882515377,0.04569064351651364,3360.988037109375,3218.07236328125,3142.2573404947916,3055.6020751953124,2982.621552734375,2940.119905598958,1
2023-07-04,3493.341064453125,3548.684868151901,3476.334853512777,3487.73792581799,61155,Capital Goods,0.0024682814172900525,0.010006073576159347,0.012906827453845748,0.015579436822650727,3400.8689453125,3262.97158203125,3175.7060546875,3094.109228515625,3013.572763671875,2965.0147623697917,1
2023-07-05,3450.38330078125,3509.364211905716,3403.73927823244,3491.669938568376,117311,Capital Goods,-0.012297042538730762,0.0011273819403916363,-0.011080346017498743,-0.020882791313092453,3422.868798828125,3309.084814453125,3209.5578125,3130.6552734375,3044.858203125,2987.6241048177085,0
2023-07-06,3433.1806640625,3474.9588110124373,3415.437191300266,3430.723126006621,94873,Capital Goods,-0.004985717591102112,-0.017454918028919963,-0.009803884355051085,0.003436782935354765,3454.5513671875,3341.2195556640627,3245.6934407552085,3164.4980346679686,3072.8996875,3011.186979166667,0
2023-07-07,3423.252197265625,3483.756833666194,3396.3176755181435,3420.893056672399,65806,Capital Goods,-0.0028919150398355464,-0.0028653053520131255,0.002531835089922385,-0.005597970248383821,3456.97939453125,3374.0965087890627,3270.0787760416665,3195.868505859375,3102.917041015625,3035.682080078125,0
2023-07-10,3325.589599609375,3438.5871481455583,3312.7612033306264,3438.537949387076,85085,Capital Goods,-0.02852918570658025,0.0051579784642086235,-0.012965797464428719,-0.02460207794748459,3425.149365234375,3393.068701171875,3287.0980305989583,3212.9803466796875,3129.511533203125,3056.376188151042,0
2023-07-11,3341.072265625,3416.125335649975,3312.810577306549,3324.6067602568587,103808,Capital Goods,0.004655615358384546,-0.033133613997346045,-0.00653227954617841,1.4904175970498201e-05,3394.69560546875,3397.782275390625,3306.87958984375,3230.4534423828127,3154.22650390625,3077.0932373046876,1
2023-07-12,3424.824951171875,3439.520980388936,3337.3365985156474,3338.2212161966154,35769,Capital Goods,0.025067606710747814,0.0040950575275569,0.006848590856667114,0.007403387738830203,3389.583935546875,3406.2263671875,3335.9178548177083,3254.564343261719,3182.441005859375,3102.312491861979,1
2023-07-13,3409.243896484375,3528.8278334785664,3336.20606283432,3433.86847399073,77280,Capital Goods,-0.004549445565727006,0.02865216281355054,0.02596491011359725,-0.0003387538679286983,3384.79658203125,3419.673974609375,3355.7452311197917,3280.4692260742186,3208.557744140625,3124.882503255208,0
2023-07-14,3467.291259765625,3499.5342072015533,3432.787569303352,3439.42292208386,79859,Capital Goods,0.017026462477826465,0.0016175482943512343,-0.008301234194283968,0.028949502713564224,3393.60439453125,3425.29189453125,3380.5991373697916,3300.9601806640626,3235.41568359375,3151.3649332682294,1
2023-07-17,3439.96337890625,3506.415304046969,3347.166837757199,3466.111679862521,101286,Capital Goods,-0.007881622515099052,0.007759661543015772,0.0019662893510958845,-0.02494204194625671,3416.479150390625,3420.8142578125,3400.8721842447917,3319.443310546875,3253.680107421875,3177.3394694010417,0
2023-07-18,3439.766845703125,3498.551204471056,3405.213956357307,3479.5789625283787,61722,Capital Goods,-5.713235330651045e-05,0.0038854151019138694,-0.0022427747126351205,0.017342164706376728,3436.21806640625,3415.4568359375,3410.594205729167,3339.214208984375,3271.6063671875,3201.22509765625,0
2023-07-19,3605.355712890625,3653.867610496493,3417.7965989716813,3439.7668453693364,117304,Capital Goods,0.04813956137589659,-0.01144164785101287,0.04439449273371987,0.003695110725974615,3472.32421875,3430.9540771484376,3428.258984375,3370.0194458007813,3298.116318359375,3230.754874674479,1
2023-07-20,3661.87890625,3724.644521567203,3619.4618971787913,3653.8674285207953,92768,Capital Goods,0.01567756356391725,0.06224276027303555,0.019370409280125234,0.059004476237054515,3522.851220703125,3453.8239013671873,3454.0663899739584,3397.521728515625,3328.945625,3260.939990234375,1
2023-07-21,3630.864990234375,3698.053934260829,3619.7568706239135,3665.663631852128,100069,Capital Goods,-0.008469399674219447,0.003228415798355533,-0.007139093986662015,8.14964913298244e-05,3555.565966796875,3474.5851806640626,3468.716585286458,3424.3408447265624,3351.881337890625,3288.774064127604,0
2023-07-24,3747.548828125,3772.812270315663,3609.533352510001,3704.935023967397,65895,Capital Goods,0.03213665013831668,0.01071331034687062,0.020215588356413905,-0.0028243659669193732,3617.083056640625,3516.781103515625,3486.2371907552083,3454.92490234375,3378.971259765625,3314.247265625,1
2023-07-25,3749.613037109375,3818.964806621559,3721.892056806565,3793.4064117335606,47248,Capital Goods,0.0005508157675981895,0.023879335857130535,0.012232926792838938,0.031128318628343532,3679.052294921875,3557.6351806640623,3503.321988932292,3477.7087280273436,3407.181826171875,3339.514021809896,1
2023-07-26,3639.220703125,3800.140244923017,3603.291449218616,3787.5084034832335,84555,Capital Goods,-0.029440993748378386,-0.0015548052621210395,-0.004929231519992805,-0.03186567632208814,3685.82529296875,3579.074755859375,3515.9111490885416,3492.6505615234373,3433.180615234375,3362.734480794271,0
2023-07-27,3663.402587890625,3696.137041066947,3614.64517943036,3695.1540258964505,38011,Capital Goods,0.006644797537247449,-0.024383939980660574,-0.027368254104573664,0.0031509330765364663,3686.130029296875,3604.490625,3531.25927734375,3512.0822998046874,3455.243388671875,3388.476359049479,1
2023-07-28,3792.619873046875,3876.91342367232,3247.144852518974,3676.4767269873496,441124,Capital Goods,0.03527247744579798,-0.005054538668268327,0.0489095454515911,-0.10166982059613972,3718.481005859375,3637.023486328125,3555.8837890625,3531.1576904296876,3483.168876953125,3412.9812825520835,1
2023-07-31,3718.058349609375,3832.776172693779,3669.841407209298,3832.776172693779,152236,Capital Goods,-0.019659635274125065,0.042513378245836675,-0.011384636734222742,0.13017483786176554,3712.58291015625,3664.8329833984376,3582.048372395833,3542.823620605469,3506.45650390625,3434.573201497396,0
2023-08-01,3648.903076171875,3897.655110477424,3637.156093005415,3737.374440596331,128474,Capital Goods,-0.018599835434203293,-0.024891026190657195,0.016927400625653233,-0.00890646504224224,3692.44091796875,3685.7466064453124,3602.5704264322917,3550.6017211914063,3520.655166015625,3454.7250081380207,0
2023-08-02,3560.77587890625,3683.357821939172,3484.9361149572305,3683.357821939172,112192,Capital Goods,-0.024151695845558208,-0.014453092542833446,-0.054981080281370165,-0.04185137347855861,3676.751953125,3681.288623046875,3611.633821614583,3556.1213500976564,3529.47083984375,3473.775838216146,0
2023-08-03,3593.215576171875,3675.4939019613066,3532.5143864296683,3563.331769533188,70426,Capital Goods,0.009110288984430337,-0.032586041923777564,-0.0021349867045296067,0.013652551984592698,3662.71455078125,3674.4222900390623,3623.8986002604165,3564.123095703125,3542.20875,3489.821915690104,1
2023-08-04,3633.5673828125,3687.337003289444,3597.0916178596776,3655.9299387623687,65769,Capital Goods,0.011229998808926167,0.02598640127223173,0.003222179561178873,0.018280812012567038,3630.904052734375,3674.692529296875,3634.983675130208,3574.6388549804688,3551.106962890625,3507.79140625,1
2023-08-07,3790.155029296875,3826.283077969688,3608.720109598587,3668.4530785138,116461,Capital Goods,0.04309474133466362,0.0034254320955806605,0.03768195707533417,0.0032327482795193596,3645.323388671875,3678.9531494140624,3658.32978515625,3597.8671264648438,3563.32357421875,3529.6009847005207,1
2023-08-08,3887.506591796875,3925.870895583036,3753.927689270158,3811.2751725567978,167834,Capital Goods,0.025685377444325752,0.03893251214783411,0.026027300015186494,0.04023797226206138,3693.044091796875,3692.7425048828127,3688.1791015625,3625.1888427734375,3579.0901953125,3549.386653645833,1
2023-08-09,3954.19677734375,3983.516572475493,3876.1763055525007,3924.628509371907,87284,Capital Goods,0.017155002563236765,0.029741577735271862,0.014683538614913116,0.03256552240784116,3771.728271484375,3724.2401123046875,3711.4351725260417,3651.657434082031,3599.242734375,3569.8470784505207,1
2023-08-10,3950.61865234375,4044.1439259661,3897.992153594195,3897.992153594195,88054,Capital Goods,-0.0009048930039348146,-0.0067869750510412,0.01521955598465885,0.0056281877608208575,3843.20888671875,3752.96171875,3730.6844889322915,3678.726171875,3619.94025390625,3592.375439453125,0
2023-08-11,4036.938232421875,4064.071515086057,3925.9206160138247,3983.516571809411,84879,Capital Goods,0.021849636139118278,0.021940633753291916,0.004927517290373551,0.007164832898362228,3923.883056640625,3777.3935546875,3757.756038411458,3707.2085205078124,3644.4876953125,3613.2363118489584,1
2023-08-14,4119.92822265625,4146.56431738967,3983.516631423014,4070.979072432302,85130,Capital Goods,0.02055765668343823,0.021956103117995562,0.020298068574186034,0.014670703012754638,3989.8376953125,3817.5805419921876,3782.581331380208,3741.2067626953126,3676.261240234375,3634.4092610677085,1
2023-08-16,4267.96826171875,4306.332078083686,4120.772861503292,4124.648940556405,161373,Capital Goods,0.03593267432388747,0.013183528377127551,0.03853015375258728,0.034456045444260175,4065.930029296875,3879.487060546875,3817.1383463541665,3782.616833496094,3713.337080078125,3660.2301676432294,1
2023-08-17,4687.09228515625,4809.291425053445,4283.671869070754,4307.97270755183,362154,Capital Goods,0.09820223528764371,0.04444590791542491,0.11679530000240379,0.03953117850519794,4212.509130859375,3992.118701171875,3886.9964518229167,3836.703662109375,3763.8277734375,3701.4538004557294,1
2023-08-18,4832.99560546875,4939.391479127527,4523.19948116291,4641.5220508827615,381399,Capital Goods,0.031128749219333063,0.07742605767817956,0.02705181337033169,0.055916423902962586,4388.984521484375,4116.096704101563,3964.9693196614585,3895.2594970703126,3820.777841796875,3748.114298502604,1
2023-08-21,4940.98193359375,5317.269301377058,4845.2699039817735,4937.403827620668,993774,Capital Goods,0.022343560172661592,0.06374671357677464,0.07650291009456023,0.07120411650207825,4569.79326171875,4246.838159179688,4041.526790364583,3960.765344238281,3879.72546875,3798.705289713542,1
2023-08-22,4953.455078125,5056.919266305458,4860.128775989326,4987.247384542921,255435,Capital Goods,0.0025244262575512266,0.010095094236250102,-0.0489631087528658,0.0030666758100186264,4736.4986328125,4363.1681640625,4123.886572265625,4021.060656738281,3940.26513671875,3852.9674723307294,1
2023-08-23,4827.13134765625,5000.267416132705,4798.507470699404,5000.267416132705,166984,Capital Goods,-0.025502145164616352,0.0026106648790145126,-0.011202838564227768,-0.012678944968362194,4848.33125,4457.130639648438,4202.435123697916,4074.936572265625,3995.759716796875,3902.5027750651043,0
2023-08-24,4866.2412109375,4938.049863552881,4682.768764081264,4869.073898446393,186782,Capital Goods,0.008102092208499556,-0.0262373002817875,-0.012442845032465066,-0.02411973042135762,4884.16103515625,4548.3350830078125,4289.466145833333,4136.28759765625,4046.19513671875,3950.549983723958,1
2023-08-25,4969.45703125,5018.157710156251,4835.331191857147,4863.11065078125,153139,Capital Goods,0.021210584481613726,-0.0012247190717409318,0.016222567373131547,0.032579534771415286,4911.4533203125,4650.218920898437,4381.215576171875,4201.590319824219,4098.49826171875,4002.557088216146,1
2023-08-28,5016.6171875,5091.953959194666,4949.827493344896,5026.10865596007,141714,Capital Goods,0.009490001815779303,0.03351723143552876,0.01470584491377358,0.02367910220515279,4926.58037109375,4748.18681640625,4473.418896484375,4262.790185546875,4153.928349609375,4054.2012858072917,1
2023-08-29,4999.6708984375,5057.863527559185,4979.395612166225,5057.813541813094,62638,Capital Goods,-0.003378031137142634,0.006308038290304019,-0.006694960698519825,0.005973565515380974,4935.82353515625,4836.161083984375,4554.053287760416,4326.870812988282,4204.013232421875,4106.191536458334,0
2023-08-30,4937.65234375,5029.090350115741,4921.799582222618,5019.101935931066,56450,Capital Goods,-0.012404527407370414,-0.007653822261733945,-0.00568880067377564,-0.011566871650624089,4957.927734375,4903.1294921875,4624.063004557292,4391.308276367187,4251.5348046875,4156.1210530598955,0
2023-08-31,4977.85546875,5017.6606243393735,4934.621193785404,4983.023412739067,172101,Capital Goods,0.008142153841772304,-0.007188242767838138,-0.0022727222978017325,0.0026050657586906834,4980.2505859375,4932.205810546875,4692.306917317708,4462.162255859375,4305.0801953125,4201.871044921875,1
2023-09-01,4927.11669921875,5004.143275995201,4870.067434898213,4980.33987022209,106316,Capital Goods,-0.010192897292775616,-0.0005385370074955098,-0.00269395428590824,-0.013081806353948622,4971.78251953125,4941.617919921875,4757.406787109375,4528.857312011719,4355.628759765625,4244.045638020833,0
2023-09-04,4927.31591796875,4974.5257577083785,4891.933288388399,4959.517901068288,85383,Capital Goods,4.043312999502113e-05,-0.004180832974532311,-0.005918599179383532,0.004489846143299392,4953.922265625,4940.251318359375,4816.765299479167,4593.544738769531,4401.0166015625,4287.260668945312,1
2023-09-05,4907.38818359375,4979.395808111904,4889.945584014085,4953.554632261423,91978,Capital Goods,-0.0040443386839330575,-0.001202388805891852,0.0009789979267831317,-0.00040632287014863433,4935.46572265625,4935.64462890625,4869.262630208334,4649.406396484375,4448.589794921875,4325.921980794271,0
2023-09-06,4850.18994140625,4926.123145888233,4820.373199963179,4906.692763500575,80007,Capital Goods,-0.011655536519145526,-0.009460250716858298,-0.010698619727494862,-0.014227639726369978,4917.9732421875,4937.95048828125,4908.077408854167,4697.540563964843,4496.64126953125,4362.607877604167,0
2023-09-07,4852.97265625,4920.706742316436,4838.213757434675,4867.086108023881,95510,Capital Goods,0.0005737331686732627,-0.00807196565705437,-0.0010995266280173777,0.0037010739068155107,4892.9966796875,4936.6236328125,4919.136100260416,4742.479357910156,4548.329140625,4403.066276041666,1
2023-09-08,4840.99609375,4894.218779232372,4821.863686050018,4870.017914094824,85648,Capital Goods,-0.002467881718759668,0.0006023739884342127,-0.005382959089245576,-0.0033793611039885096,4875.77255859375,4923.7775390625,4919.669466145833,4786.998229980469,4598.240361328125,4442.319392903646,0
2023-09-11,5000.2177734375,5058.906862268384,4845.220226632294,4870.067509845792,162818,Capital Goods,0.032890272291907996,1.0183894975979157e-05,0.03364951393975946,0.004843882387187248,4890.3529296875,4922.13759765625,4923.618522135416,4835.16220703125,4652.906376953125,4482.57265625,1
2023-09-12,4882.83935546875,5043.0048540394055,4571.900340674274,5043.0048540394055,168652,Capital Goods,-0.023474661162218857,0.03551025603731084,-0.003143368451311801,-0.05641020906659444,4885.4431640625,4910.454443359375,4918.910807291667,4873.307763671875,4696.61375,4521.398689778646,0
2023-09-13,4844.326171875,4948.585282719957,4770.778208243492,4885.6221654432775,86761,Capital Goods,-0.007887456618988598,-0.031208117610687203,-0.018722879325372754,0.04350004434696131,4884.27041015625,4901.121826171875,4920.05712890625,4902.125659179687,4734.886533203125,4561.246126302083,0
2023-09-14,5099.55712890625,5207.990774340096,4870.117209278529,4898.890558534797,351305,Capital Goods,0.05268657558879086,0.002715804178507364,0.052420131572949114,0.02082238928302882,4933.5873046875,4913.2919921875,4935.6115234375,4922.7489013671875,4780.700947265625,4612.538834635417,1
2023-09-15,5165.8994140625,5233.186054345651,5047.775326950199,5156.308459342587,878504,Capital Goods,0.013009420912297731,0.052546162795843676,0.0048378119503769135,0.03647922833011008,4998.56796875,4937.170263671875,4948.707682291667,4939.394091796875,4829.312177734375,4664.9616292317705,1
2023-09-18,5204.90966796875,5218.923633478665,5071.877209770001,5207.990828304742,83770,Capital Goods,0.007551493124325459,0.010023133675898022,-0.0027253800493378666,0.004774753482216454,5039.50634765625,4964.929638671875,4961.260514322917,4952.590478515625,4876.03103515625,4717.339705403646,1
2023-09-20,5417.80126953125,5704.886884865871,5185.429179242999,5222.899077495915,599593,Capital Goods,0.040902074222852525,0.0028625720902095697,0.09311560879523517,0.02238854861357087,5146.49873046875,5015.970947265625,4989.135872395834,4975.807788085937,4927.94595703125,4771.594580078125,1
2023-09-21,5200.3876953125,5441.0088971410005,5173.45314166777,5436.585886349878,152435,Capital Goods,-0.04012948489665824,0.04091344781573181,-0.0462547274030789,-0.0023095557110621723,5217.71103515625,5050.99072265625,5006.6515625,4994.47060546875,4965.242734375,4815.357283528646,0
2023-09-22,5243.8203125,5405.77510362922,5183.192939578253,5250.082119243159,217244,Capital Goods,0.008351803698529947,-0.03430531053965158,-0.006475599319511138,0.001882649295117167,5246.563671875,5090.07548828125,5024.382552083333,5013.349560546875,4987.51185546875,4858.344734700521,1
2023-09-25,5405.67578125,5436.585900522917,5238.801514013948,5302.3110767428,155860,Capital Goods,0.030865944884529206,0.009948217249441837,0.005699607605394341,0.010728632926448656,5294.5189453125,5146.54345703125,5056.286490885416,5035.160498046875,5010.4190625,4906.8466389973955,1
2023-09-26,5769.5888671875,5821.172217206458,5398.618915656884,5456.463587148245,544392,Capital Goods,0.06732055355590516,0.029072702105614745,0.07074041019871502,0.03050648153311797,5407.45478515625,5223.48056640625,5112.438020833333,5072.80908203125,5043.56333984375,4964.60166015625,1
2023-09-27,5710.154296875,5983.076959518772,5655.29130005989,5813.270524767743,487026,Capital Goods,-0.010301352779313766,0.06539160977082203,0.02781308236058533,0.04754408273912669,5465.925390625,5306.212060546875,5165.95576171875,5108.333251953125,5073.83130859375,5017.609195963541,0
2023-09-28,5452.09033203125,5732.7651442533,5347.234797579322,5714.825600013862,377326,Capital Goods,-0.04519386892662092,-0.016934516350899487,-0.041836636392791005,-0.05447226077944134,5516.26591796875,5366.9884765625,5206.082454427084,5134.055151367187,5098.82966796875,5057.079931640625,0
2023-09-29,5444.08935546875,5521.066434439155,5346.390030145243,5471.322366624503,134935,Capital Goods,-0.0014675062361850788,-0.04260904014092193,-0.03692785322391201,-0.00015798210964312887,5556.3197265625,5401.44169921875,5245.490234375,5157.366845703125,5121.94359375,5082.313167317709,0
2023-10-03,5462.5263671875,5594.614431060092,5423.21767296195,5460.439098284624,117836,Capital Goods,0.003386610783717048,-0.001989147707009087,0.013321338820007966,0.01437000338237926,5567.68984375,5431.10439453125,5286.9255859375,5184.1373291015625,5141.6663671875,5103.297526041667,1
2023-10-04,5309.16845703125,5499.648116675382,5242.776710999976,5483.9943283913535,130052,Capital Goods,-0.02807453911388802,0.0043137977885567835,-0.01697459504223875,-0.0332719379606653,5475.60576171875,5441.5302734375,5307.522298177083,5203.229956054687,5153.36841796875,5115.57041015625,0
2023-10-05,5359.95654296875,5440.760200580445,5317.31870128358,5355.037071984985,97929,Capital Goods,0.009566109334925743,-0.02351520601302226,-0.010707578893344838,0.014218036432336767,5405.5662109375,5435.74580078125,5339.330110677083,5225.858374023437,5167.77984375,5129.120458984375,1
2023-10-06,5405.1787109375,5415.71405648293,5335.109369593759,5388.878989585326,51194,Capital Goods,0.00843704004057133,0.0063196420763145245,-0.004603427310551744,0.003345796878017504,5396.18388671875,5456.22490234375,5376.720279947916,5253.6078125,5186.4808984375,5148.388704427083,1
2023-10-09,5224.5390625,5336.202856890997,5193.082497160637,5267.624351186866,75648,Capital Goods,-0.033419736533774835,-0.022500902067535633,-0.014681572690632194,-0.026621173549425503,5352.273828125,5454.29677734375,5385.052408854167,5272.1861328125,5196.3482421875,5160.331966145834,0
2023-10-10,5148.00927734375,5292.421982894644,5109.595473402286,5244.764698141191,88265,Capital Goods,-0.014648141059094621,-0.0043396513345763665,-0.008204499560922063,-0.01607658337875395,5289.37041015625,5428.530126953125,5383.859733072916,5287.536791992187,5205.1839453125,5166.283707682292,0
2023-10-11,5291.27880859375,5342.1662420795765,5148.754879771743,5168.235248151404,88248,Capital Goods,0.027830084122133503,-0.014591588830840996,0.009399148319183093,0.007663895620171557,5285.79248046875,5380.69912109375,5389.61767578125,5302.08984375,5219.7424609375,5175.439095052084,1
2023-10-12,5448.71142578125,5476.34141156046,5329.294990246794,5336.5007026304265,106678,Capital Goods,0.029753226560620405,0.03255762294086906,0.025116247492263044,0.035064809782332285,5303.54345703125,5354.554833984375,5391.678352864584,5330.383447265625,5241.395390625,5190.407112630209,1
2023-10-13,5378.49267578125,5474.00573396992,5347.135597022211,5456.463648262442,49224,Capital Goods,-0.012887221310299402,0.02247970202137961,-0.0004265032829418036,0.00334764857416725,5298.20625,5347.195068359375,5403.552018229167,5357.091772460937,5262.5275,5205.101790364583,0
2023-10-16,5462.923828125,5474.353578697808,5337.196571824115,5410.695031583445,57680,Capital Goods,0.01569792085502586,-0.008387963272434074,6.354482344250734e-05,-0.0018587569022245898,5345.883203125,5349.078515625,5418.158919270833,5375.260107421875,5286.925546875,5221.270735677083,1
2023-10-17,5383.85986328125,5516.04741088618,5358.068189008856,5501.089055109678,42740,Capital Goods,-0.014472829446513957,0.016706545646831605,0.007616211044645382,0.003910595554026397,5393.0533203125,5341.211865234375,5416.704524739584,5386.158129882812,5308.64009765625,5236.4955078125,0
2023-10-18,5257.486328125,5415.714026940484,5234.129881137827,5415.714026940484,74637,Capital Goods,-0.0234726642901939,-0.015519659346342363,-0.018189362141391996,-0.02313115539015853,5386.29482421875,5336.04365234375,5382.56435546875,5388.786962890625,5318.93083984375,5247.501188151042,0
2023-10-19,5272.59375,5337.19668944392,5077.393580801458,5198.051896795476,143563,Capital Goods,0.002873506640270751,-0.04019084631541603,-0.014498058262673919,-0.029945053694826806,5351.0712890625,5327.307373046875,5353.39365234375,5381.526586914062,5334.521015625,5259.67470703125,1
2023-10-20,5276.966796875,5307.379970168253,5180.161873505044,5254.405753723999,61286,Capital Goods,0.0008293919619730694,0.01084134172713136,-0.005586588055605968,0.020240363696084618,5330.76611328125,5314.486181640625,5341.71875,5385.355541992188,5351.826640625,5273.900602213542,1
2023-10-23,5165.65087890625,5267.624229926416,5123.509982126542,5266.580838113479,269191,Capital Goods,-0.021094678487397545,0.0023171191872366492,-0.007490652726071301,-0.010936316810534308,5271.3115234375,5308.59736328125,5323.156184895834,5381.4470703125,5354.470390625,5284.323209635417,0
2023-10-25,4962.3505859375,5265.636438121427,4897.449188792114,5167.8376251186255,126214,Capital Goods,-0.03935618138634178,-0.018749016872628976,-0.0003773602136796228,-0.04412225098087941,5187.00966796875,5290.031494140625,5289.8111328125,5359.280810546875,5346.3284375,5288.368359375,0
2023-10-26,5133.84619140625,5182.497366247456,4517.882038140913,4919.762095463363,539025,Capital Goods,0.034559348941354706,-0.04800373921376211,-0.015788988254500924,-0.07750302984660784,5162.281640625,5274.288232421875,5278.122981770834,5327.493676757813,5343.4858984375,5292.822639973959,1
2023-10-27,4989.6328125,5296.44728248807,4950.573074511743,5158.296377577985,170247,Capital Goods,-0.028090708901184924,0.04848492213364963,0.021987452802725294,0.09577298227752751,5105.689453125,5228.38037109375,5253.434733072917,5291.467602539063,5326.35916015625,5296.382421875,0
2023-10-30,5043.10400390625,5104.725265257915,4796.519472308677,4989.632360134903,174356,Capital Goods,0.010716458187523203,-0.032697620512118886,-0.03619823005962053,-0.031118337187308276,5058.91689453125,5194.84150390625,5229.296419270833,5271.018286132812,5320.0678125,5303.008349609375,1
2023-10-31,5147.810546875,5223.346286540298,5024.717010900208,5048.967861838316,110690,Capital Goods,0.02076232076269835,0.011891758234029215,0.02323749371777195,0.04757565145079967,5055.348828125,5163.33017578125,5224.181184895833,5256.204345703125,5316.227421875,5304.616796875,1
2023-11-01,5023.2265625,5166.943354303116,4980.389746605986,5156.209036130714,81855,Capital Goods,-0.024201353806742043,0.02124021725370051,-0.010798237210985384,-0.008821842941216795,5067.5240234375,5127.266845703125,5215.862337239583,5234.23935546875,5300.929453125,5299.86103515625,0
2023-11-02,5075.8525390625,5131.460953274033,5027.052862841539,5058.906885950965,65076,Capital Goods,0.010476528563407861,-0.01887086995463727,-0.0068671937344799705,0.009369370392618759,5055.92529296875,5109.103466796875,5201.5005859375,5222.573559570313,5273.18,5295.559130859375,1
2023-11-03,5046.78125,5133.44876893078,5029.090178274878,5093.59362915392,62438,Capital Goods,-0.005727370690691735,0.006856568817125819,0.0003873781121686015,0.0004052703420722725,5067.35498046875,5086.522216796875,5174.705240885417,5206.914794921875,5246.645078125,5283.191796875,0
2023-11-06,5089.66796875,5138.3686436163625,5021.138967854362,5068.79625095013,59005,Capital Goods,0.008497835873112258,-0.0048683463992609255,0.0009583955946652623,-0.001581043516551861,5076.6677734375,5067.792333984375,5155.450260416666,5191.1392578125,5232.14818359375,5279.501139322917,1
2023-11-07,5048.6201171875,5131.660030958785,5032.071923209982,5089.668121269742,42912,Capital Goods,-0.008064937008569029,0.004117717360546891,-0.0013055919344969746,0.002177385534559706,5056.8296875,5056.0892578125,5127.830013020834,5182.343310546875,5216.3294140625,5272.994466145833,0
2023-11-08,5095.28369140625,5118.441166648262,5020.542864841385,5063.876626457231,49099,Capital Goods,0.009242837277435134,-0.005067421725343579,-0.0025759431121263887,-0.0022911155771482283,5071.24111328125,5069.382568359375,5108.5916015625,5179.70703125,5201.63970703125,5262.648063151041,1
2023-11-09,5153.72412109375,5303.503742002935,5095.283503698629,5095.283503698629,66696,Capital Goods,0.011469514403303238,0.006202141078498258,0.03615604230454772,0.014886963595241554,5086.8154296875,5071.370361328125,5101.67412109375,5172.829296875,5195.42193359375,5242.11923828125,1
2023-11-10,5076.3994140625,5225.980058045764,5029.090090068559,5120.528091706169,67686,Capital Goods,-0.015003656620804828,0.004954501155669755,-0.01461744682919619,-0.012991114936395709,5092.7390625,5080.047021484375,5088.594498697917,5154.213696289063,5184.0796484375,5220.994075520834,0
2023-11-13,5395.23974609375,5412.732331039294,5091.158976552794,5127.833470571929,200648,Capital Goods,0.06280836199531659,0.0014266846573096625,0.03573535890287438,0.012341971484425951,5153.85341796875,5115.260595703125,5096.479361979166,5155.051049804688,5183.68208984375,5219.099055989584,1
2023-11-15,5587.11083984375,5633.873234714964,5406.769056513963,5412.73240473806,179378,Capital Goods,0.035563033855709136,0.05555931872615094,0.04085568806119211,0.061991794287843405,5261.5515625,5159.190625,5124.576692708333,5161.260400390625,5198.1849609375,5223.866438802083,1
2023-11-16,5526.53271484375,5615.386502274119,5502.18237737164,5586.712640476852,75382,Capital Goods,-0.010842477755765079,0.03214277424586842,-0.0032813539940751424,0.01764701245057343,5347.8013671875,5209.521240234375,5162.188834635416,5168.39404296875,5213.3258984375,5225.999983723958,0
2023-11-17,5762.134765625,5930.599354231684,5510.183301248633,5526.0360628505005,369897,Capital Goods,0.042631078641486075,-0.010860873205959742,0.056133776691935644,0.0014541364368252374,5469.48349609375,5278.149462890625,5204.074739583333,5193.62646484375,5232.16013671875,5241.098860677083,1
2023-11-20,5835.88134765625,5958.08047934866,5796.374167757696,5863.9587773954745,130082,Capital Goods,0.012798482685826507,0.061151015067871795,0.00463378547015969,0.05193853831399964,5621.3798828125,5357.05947265625,5260.49130859375,5221.790844726563,5247.64693359375,5256.963020833334,1
2023-11-21,5755.27685546875,5937.904391242299,5684.11413766681,5868.928428532291,91843,Capital Goods,-0.013811879883382394,0.0008474908036484319,-0.0033863403114968715,-0.01936728493397344,5693.3873046875,5423.620361328125,5307.969498697917,5245.70634765625,5262.71830078125,5268.632958984375,0
2023-11-22,5543.578125,5794.038751242063,5471.372013740316,5774.011937116143,123771,Capital Goods,-0.03678341386263473,-0.016172712373642817,-0.02422835238176302,-0.037427489802979164,5684.68076171875,5473.116162109375,5334.35400390625,5264.602709960937,5265.94447265625,5279.267594401042,0
2023-11-23,5647.9365234375,5789.417052677219,5446.524540544405,5553.864805212068,144862,Capital Goods,0.018825097452288553,-0.03812723879023161,-0.0007976644208417261,-0.004541360582594578,5708.9615234375,5528.3814453125,5376.001334635416,5298.882006835937,5276.5075390625,5295.9318359375,1
2023-11-24,5573.34521484375,5655.241764781945,5546.460162726621,5655.241764781945,73540,Capital Goods,-0.01320682487917757,0.018253407874591954,-0.023175958248374373,0.01834851223716827,5671.20361328125,5570.3435546875,5409.167513020833,5320.856958007813,5289.14189453125,5305.334049479166,0
2023-11-28,5415.763671875,5660.211452792354,5391.860778120898,5595.60851259367,144771,Capital Goods,-0.028274140017211846,-0.0105447750367883,0.0008787755178492063,-0.027873522944357076,5587.180078125,5604.27998046875,5433.766341145833,5342.163500976562,5294.86869140625,5304.235791015625,0
2023-11-29,5429.4296875,5615.436849251505,5416.708071836018,5516.0972107687885,116642,Capital Goods,0.0025233773947652693,-0.014209589832085312,-0.007910411813106477,0.004608296604382778,5522.01064453125,5607.698974609375,5456.417122395834,5361.47978515625,5300.96720703125,5305.93369140625,1
2023-11-30,5547.30517578125,5613.498437848158,5402.793468155557,5432.610209149792,132006,Capital Goods,0.02171047330304887,-0.015135157780760022,-0.00034519334031968274,-0.0025688302740198843,5522.7560546875,5603.718408203125,5489.66279296875,5381.454516601562,5316.23337890625,5308.746402994791,1
2023-12-01,5497.212890625,5646.097616233612,5477.335064226067,5605.547044499186,95447,Capital Goods,-0.00903002152737975,0.0318331020801248,0.00580728377256845,0.013796862032550816,5492.611328125,5600.78642578125,5516.458072916666,5405.153833007813,5337.62787109375,5312.524837239584,0
2023-12-04,5503.27587890625,5574.73656975263,5338.587888458087,5466.402412843549,375312,Capital Goods,0.001102920407465069,-0.024822667716647095,-0.012639003313687835,-0.025331146285750172,5478.5974609375,5574.900537109375,5539.7615234375,5426.525,5352.40505859375,5320.717822265625,1
2023-12-05,5510.18310546875,5547.603502767628,5446.524559075599,5537.962562622124,100019,Capital Goods,0.0012551118123980132,0.013090904103664425,-0.004867147827615881,0.020218206175994347,5497.48134765625,5542.330712890625,5568.680436197917,5449.695092773438,5373.2270703125,5328.637467447917,1
2023-12-06,5409.80029296875,5545.9139118604335,5368.007354472797,5545.9139118604335,78470,Capital Goods,-0.018217690878615578,0.001435789633533524,-0.0003045623044890533,-0.014416019564617355,5493.55546875,5507.783056640625,5569.651139322917,5465.701708984375,5387.894921875,5333.065250651041,0
2023-12-07,5366.16845703125,5437.579648543124,5351.111099937156,5427.243275424642,75133,Capital Goods,-0.008065332096308553,-0.021397850439402566,-0.01953406869256069,-0.0031475840884536144,5457.328125,5490.04208984375,5554.921647135417,5481.579125976563,5396.62923828125,5339.749169921875,0
2023-12-08,5265.1396484375,5415.614708107088,5243.77098351227,5381.921886982362,81850,Capital Goods,-0.018826991624046552,-0.008350719903694404,-0.0040394701054027315,-0.02005940718108934,5410.9134765625,5451.76240234375,5537.495442708333,5490.071923828125,5406.30576171875,5349.842138671875,0
2023-12-11,5241.43505859375,5303.354781323532,5220.4143534496525,5303.354781323532,89978,Capital Goods,-0.004502176851241657,-0.014598336302291126,-0.02072893527959152,-0.00445416669340748,5358.5453125,5418.57138671875,5502.78212890625,5494.457470703125,5412.9290625,5353.428434244792,0
2023-12-12,5233.3349609375,5347.036035567333,5224.886884369659,5295.453170995157,62896,Capital Goods,-0.001545396931508125,-0.0014899267829867613,0.008236532543066888,0.0008567386834057444,5303.17568359375,5400.328515625,5462.612369791666,5502.304248046875,5420.3912109375,5361.551839192708,0
2023-12-13,5260.71630859375,5287.84983307389,5239.7950902227885,5257.68513415754,51656,Capital Goods,0.005232103020469614,-0.007132163314083173,-0.011068973932427006,0.0028533069103806596,5273.35888671875,5383.457177734375,5429.641666666666,5495.578076171875,5427.23314453125,5368.805582682292,1
2023-12-14,5343.1103515625,5466.551365000149,5260.716371111708,5292.471393592667,163774,Capital Goods,0.01566213384936832,0.006616269051398893,0.03379474409589611,0.003992766993495156,5268.747265625,5363.0376953125,5416.2771484375,5483.3780517578125,5439.01275390625,5375.315576171875,1
2023-12-15,5370.83984375,5431.616202459816,5354.14217796864,5416.707832279231,73125,Capital Goods,0.005189765953344194,0.023474182371013175,-0.006390713304919693,0.017759141581926485,5289.8873046875,5350.400390625,5397.804036458333,5475.593408203125,5450.035,5386.902685546875,1
2023-12-18,5385.15185546875,5411.738449319862,5338.190488759776,5367.013338168458,60151,Capital Goods,0.002664762334219528,-0.009174298420644655,-0.0036596387518970097,-0.00297931744780755,5318.6306640625,5338.58798828125,5385.2578125,5456.7442626953125,5459.292109375,5397.212662760417,1
2023-12-19,5318.16357421875,5416.658303082083,5289.489711997245,5411.738346829199,126071,Capital Goods,-0.012439441458270473,0.008333314236927958,0.0009091078233536276,-0.009123087095725846,5335.59638671875,5319.38603515625,5378.751139322917,5430.858374023437,5468.96267578125,5406.258740234375,0
2023-12-20,5328.74853515625,5441.406218052,5279.600413206296,5327.257698113867,205938,Capital Goods,0.0019903413631001676,-0.015610630688534743,0.0045688528951208784,-0.001869613011727389,5349.20283203125,5311.280859375,5372.0390625,5409.531958007812,5466.30302734375,5414.228092447916,1
2023-12-21,5356.4287109375,5385.897493872872,5217.929847357921,5317.318987307596,88011,Capital Goods,0.005194498407765202,-0.0018656335716197292,-0.010201172629784039,-0.011680915414377435,5351.86650390625,5310.306884765625,5359.31396484375,5400.174487304687,5457.0757421875,5424.48837890625,1
2023-12-22,5623.08935546875,5690.127521815679,5358.764239473513,5410.744563478635,322890,Capital Goods,0.049783290121409696,0.017570052952257553,0.05648641257820208,0.02699047251217901,5402.31640625,5346.10185546875,5367.705729166667,5398.93212890625,5460.9380078125,5442.081901041666,1
2023-12-26,5587.7568359375,5691.966444402434,5538.260753933583,5660.211420627353,77355,Capital Goods,-0.0062834711130612675,0.04610582780650274,0.0003231777459651308,0.03349587823585698,5442.83740234375,5380.734033203125,5373.33779296875,5399.6527099609375,5453.962890625,5456.549658203125,0
2023-12-27,5760.9423828125,5870.021961488972,5557.045663785842,5615.933727900476,146378,Capital Goods,0.03099375151065309,-0.007822621707294752,0.031281898589131885,0.003391842798105449,5531.3931640625,5433.494775390625,5390.055078125,5416.911645507813,5450.96533203125,5479.367757161458,1
2023-12-28,5956.68896484375,6011.055017003851,5715.421834324953,5828.179004581777,347671,Capital Goods,0.03397822248930149,0.03779340835644973,0.024025984304683057,0.02850006642400227,5656.98125,5503.092041015625,5426.514322916667,5443.274609375,5459.02181640625,5498.082731119792,1
2023-12-29,6016.421875,6065.321524140608,5865.101915102076,6010.0610673414985,238216,Capital Goods,0.010027871273587063,0.031207356983499634,0.009027784138266881,0.026188807250970392,5788.9798828125,5570.423193359375,5469.86455078125,5466.730444335937,5477.93556640625,5512.393098958333,1
2024-01-01,6021.2421875,6095.535564880534,5963.397517614082,6016.421717459756,70761,Capital Goods,0.0008011925692961164,0.0010583336919520736,0.004981440904603618,0.016759402297665815,5868.61044921875,5635.463427734375,5520.27138671875,5492.931909179688,5492.86779296875,5528.883414713541,1
2024-01-02,5992.0712890625,6039.977044861656,5849.994815882234,6020.993623567862,89835,Capital Goods,-0.004844664527538622,0.000759904528440547,-0.009114624863970744,-0.019016458553515858,5949.47333984375,5696.15537109375,5570.313802083333,5517.3716796875,5509.6168359375,5536.547965494791,0
2024-01-03,5832.45263671875,5983.126668164064,5806.810433033751,5971.299457709332,68542,Capital Goods,-0.02663830996722394,-0.008253482558761238,-0.009412349794600039,-0.007381952327759622,5963.775390625,5747.58427734375,5610.25498046875,5533.48515625,5526.28439453125,5536.433675130208,0
2024-01-04,5848.20556640625,5963.099501096986,5805.368753067159,5863.958841030413,72148,Capital Goods,0.002700910006251167,-0.017976090035199177,-0.0033472744566216406,-0.00024827398504190246,5942.0787109375,5799.52998046875,5649.420930989583,5555.405419921875,5543.0354296875,5539.531298828125,1
2024-01-05,5783.85107421875,5880.854964507438,5716.912396483104,5848.255523197424,85509,Capital Goods,-0.01100414331486066,-0.0026779379355653665,-0.013792246226047133,-0.015236991885712703,5895.56455078125,5842.272216796875,5678.803645833334,5576.28955078125,5552.497265625,5547.540397135416,0
2024-01-08,5914.05126953125,5957.93147763338,5673.132092044431,5783.851496570875,120761,Capital Goods,0.022510986822060763,-0.01101251926682878,0.01310634484120432,-0.007658033113399743,5874.1263671875,5871.368408203125,5715.017740885417,5608.735131835938,5569.17080078125,5556.410888671875,1
2024-01-09,5769.39013671875,6035.901997613963,5741.710166345441,5913.653365026031,129258,Capital Goods,-0.02446058145585972,0.02244211638768956,0.013086844028551203,0.012088220966541385,5829.59013671875,5889.53173828125,5740.633626302083,5635.132885742188,5579.81537109375,5562.945719401042,0
2024-01-10,5603.857421875,5772.2230053232615,5566.785468525028,5769.39031790732,134029,Capital Goods,-0.028691544673020486,-0.024394910931353708,-0.04368510164594064,-0.030465609156958173,5783.87109375,5873.8232421875,5759.6798828125,5653.659008789063,5583.56234375,5569.215511067709,0
2024-01-11,5466.4521484375,5638.345858551352,5446.524820176522,5605.547442663427,180246,Capital Goods,-0.024519766134864507,-0.028398646341425304,-0.02319334278118601,-0.021603248235174122,5707.52041015625,5824.799560546875,5768.860123697917,5663.94580078125,5585.82841796875,5570.449593098959,0
2024-01-12,5278.30859375,5459.445295950431,5260.667021930753,5446.524708139152,232433,Capital Goods,-0.034417854502079126,-0.028368814313115,-0.03172926370410445,-0.03412410745972594,5606.4119140625,5750.988232421875,5763.652115885417,5660.705712890625,5582.3140234375,5561.483040364584,0
2024-01-15,5316.4736328125,5401.600326918417,5237.9067184480455,5237.9067184480455,165437,Capital Goods,0.0072305433425570165,-0.03830295479599177,-0.010595393102467932,-0.004326505248825718,5486.89638671875,5680.511376953125,5743.211067708334,5657.98740234375,5584.3673828125,5555.4583984375,1
2024-01-16,5442.99658203125,5456.463615962168,5320.896930286491,5341.172217154953,102300,Capital Goods,0.023798283967378042,0.0197150320266688,0.010156858287042159,0.015844156129423137,5421.61767578125,5625.60390625,5733.560384114583,5660.879638671875,5592.42984375,5553.449088541666,1
2024-01-17,5440.51171875,5481.261263870042,5333.817385869896,5403.78723945534,71645,Capital Goods,-0.00045652486526504,0.011723086198059285,0.004544637269335405,0.002428247671903083,5388.94853515625,5586.409814453125,5712.19833984375,5666.997045898437,5600.7169140625,5551.126708984375,0
2024-01-18,5325.3193359375,5565.5430685484735,5299.130687191398,5456.463493250792,101829,Capital Goods,-0.021173078704252224,0.00974802512779216,0.015376352379693703,-0.006503165775864073,5360.72197265625,5534.12119140625,5670.10703125,5666.8255859375,5603.30103515625,5548.310677083334,0
2024-01-19,5373.3740234375,5424.658913449563,5338.587826667486,5391.860499352122,44676,Capital Goods,0.009023813309317674,-0.011839718890922502,-0.02531364026182148,0.007445964594053445,5379.73505859375,5493.073486328125,5627.237174479166,5667.6728515625,5604.51158203125,5548.550862630208,1
2024-01-23,5319.0087890625,5441.555404322626,5119.5345913544925,5406.769205390883,97585,Capital Goods,-0.01011752283348799,0.0027650392736520146,0.0031147563639752907,-0.04103205612142824,5380.24208984375,5433.56923828125,5580.421614583333,5652.468823242188,5602.43833984375,5550.346500651041,0
2024-01-24,5594.51513671875,5615.486342064751,5297.590084560902,5337.1967534314535,145718,Capital Goods,0.05179655807728212,-0.012867657064048799,0.03196345986001714,0.0347796249891732,5410.54580078125,5416.08173828125,5553.91787109375,5652.80673828125,5610.81287109375,5562.115836588541,1
2024-01-25,5432.65966796875,5635.364004727334,5397.823969960168,5614.44278574277,56807,Capital Goods,-0.028931098548234502,0.0519460018282194,0.0035397936085574955,0.01892065709111468,5408.975390625,5398.961962890625,5527.265006510416,5636.392602539063,5615.39271484375,5568.759993489583,0
2024-01-29,5717.40966796875,5752.643311534237,5433.653678776797,5436.486366271518,125828,Capital Goods,0.05241447419924006,-0.031696185402966814,0.02081130991867086,0.006637806089273779,5487.39345703125,5424.05771484375,5518.545279947916,5624.428637695312,5630.93916015625,5583.98310546875,1
2024-01-30,6031.67822265625,6348.978041001545,5705.433382024009,5723.720886084285,784828,Capital Goods,0.054966947085873574,0.052834588456764475,0.10366273331628917,0.05001785526169078,5619.054296875,5499.394677734375,5535.06708984375,5625.191455078125,5657.949140625,5606.935367838541,1
2024-01-31,6282.68505859375,6410.599066647655,5953.707028971987,6031.6779977857295,706894,Capital Goods,0.04161475905572454,0.05380365636803863,0.009705660540666905,0.04351530029781925,5811.78955078125,5596.0158203125,5559.64267578125,5638.263598632812,5684.33296875,5637.330208333334,1
2024-02-01,6263.45361328125,6361.898354644992,6147.615288477113,6311.20989720289,139425,Capital Goods,-0.0030610232938852455,0.046343969210521196,-0.0075969049844401,0.03256933177288168,5945.57724609375,5678.0615234375,5592.580240885417,5651.83271484375,5711.36083984375,5666.60693359375,0
2024-02-02,6284.8720703125,6380.68310120063,6205.112287970035,6226.878411886031,111350,Capital Goods,0.003419592185664788,-0.013362174082379052,0.002952695171862141,0.00935273220507038,6116.0197265625,5762.49755859375,5637.981217447917,5674.453686523438,5732.31802734375,5698.830550130208,1
2024-02-05,6019.005859375,6301.270995448729,5997.140250242528,6262.6087199969215,115955,Capital Goods,-0.04230256526514797,0.005738077050402524,-0.0124457059679014,-0.03351624081496585,6176.33896484375,5831.8662109375,5674.818131510417,5682.993701171875,5734.810703125,5721.839127604167,0
2024-02-06,6278.31201171875,6327.957077505183,6079.63323297785,6099.511059471156,146671,Capital Goods,0.04308122610312193,-0.026043086486464362,0.004235031642938258,0.013755386616477017,6225.66572265625,5922.360009765625,5741.485026041667,5707.716748046875,5745.28630859375,5752.568570963542,1
2024-02-07,6402.84716796875,6471.226699998923,6278.31228832245,6286.3134050176095,121998,Capital Goods,0.019835770509262662,0.030625790120732965,0.022640738667940585,0.03267944754741148,6249.69814453125,6030.74384765625,5813.909928385417,5732.15654296875,5760.5505078125,5778.560498046875,1
2024-02-08,6190.70068359375,6501.589700604691,6164.014604056908,6361.947967344418,79023,Capital Goods,-0.03313314824009794,0.01203162449177908,0.004692000761737036,-0.018205160721000313,6235.14755859375,6090.36240234375,5863.756868489583,5753.2220703125,5768.49568359375,5798.658626302084,0
2024-02-09,6110.3447265625,6252.421693651021,5968.417231420008,6252.421693651021,103940,Capital Goods,-0.012980106960138627,-0.017215839276836342,-0.03832416661581939,-0.03173213971754152,6200.24208984375,6158.130908203125,5908.41240234375,5778.546435546875,5779.6113671875,5810.30537109375,0
2024-02-12,5921.20703125,6225.884221593478,5867.437413722378,6148.211711914395,71446,Capital Goods,-0.03095368653920505,-0.016667139045091206,-0.004244350966360777,-0.016919027906768025,6180.68232421875,6178.51064453125,5948.138248697916,5801.2841796875,5782.53142578125,5809.122639973958,0
2024-02-13,5878.966796875,6061.7433183164285,5775.651597354876,5981.188618854991,78433,Capital Goods,-0.007133720228337137,-0.027166125840418998,-0.02636427171384803,-0.015643254438954757,6100.81328125,6163.239501953125,5981.84443359375,5831.31708984375,5786.3360546875,5804.540804036458,0
2024-02-14,6029.54150390625,6084.2550299013865,5749.711096500972,5878.966960811724,70488,Capital Goods,0.02561244385855166,-0.017090525739486773,0.0037137355382461656,-0.004491354856962504,6026.1521484375,6137.925146484375,6029.21328125,5866.970483398438,5790.9556640625,5804.817447916666,1
2024-02-15,6069.99267578125,6152.933106174172,6005.091762307369,6005.091762307369,53784,Capital Goods,0.006708830488818096,0.021453565283896525,0.011287836544533913,0.044416260490341974,6002.010546875,6118.579052734375,6060.911783854167,5898.320288085937,5802.979765625,5807.414827473958,1
2024-02-16,6114.56884765625,6153.181625405181,6003.600970482959,6072.676422423786,62519,Capital Goods,0.007343694507714105,0.011254559096104177,4.0390367767706437e-05,-0.0002482546284749976,6002.85537109375,6101.54873046875,6106.372395833333,5932.02314453125,5823.40822265625,5816.818701171875,1
2024-02-19,6220.517578125,6428.489346165368,6137.279176340623,6137.279176340623,165321,Capital Goods,0.017327261023377005,0.010638267120290923,0.04474233616370116,0.022266337572217187,6062.71748046875,6121.69990234375,6139.912923177083,5976.783056640625,5853.57083984375,5829.2291015625,1
2024-02-20,6213.013671875,6308.178766656018,6171.518708876488,6221.75972145349,37278,Capital Goods,-0.0012063154160014689,0.01376514619679381,-0.018715217997695932,0.005578943299151096,6129.52685546875,6115.170068359375,6152.001953125,6018.7650390625,5890.95904296875,5843.534521484375,0
2024-02-21,6115.9599609375,6282.387262655654,6062.786773379823,6243.675000211548,63148,Capital Goods,-0.015621036112771103,0.0035223601905569613,-0.004088581657941126,-0.01761834333261858,6146.810546875,6086.48134765625,6140.886946614583,6058.61259765625,5922.93849609375,5850.264811197917,0
2024-02-22,6327.708984375,6350.965945708028,6082.664772395521,6161.1326913058,92861,Capital Goods,0.03462236914399974,-0.013220148214465155,0.010916022872392128,0.003278690107159532,6198.35380859375,6100.182177734375,6145.170638020833,6095.272290039063,5958.3269921875,5868.875439453125,1
2024-02-23,6258.3349609375,6367.961469814931,6156.362094998187,6327.708869481459,63001,Capital Goods,-0.010963529392518656,0.027036615914914686,0.0026760534148964066,0.012115959922223585,6227.10703125,6114.981201171875,6143.401497395834,6136.5560546875,5991.039921875,5890.691357421875,0
2024-02-26,6272.845703125,6418.450784363245,6211.820871938775,6258.33479250845,92679,Capital Goods,0.0023186266439989556,-0.010963538052074506,0.007928646363147829,0.009008368267624522,6237.57265625,6150.145068359375,6160.324153645834,6164.327856445312,6028.9409765625,5917.571142578125,1
2024-02-27,6251.228515625,6316.775843051748,6191.942994765319,6272.845652083451,50657,Capital Goods,-0.0034461532330104516,0.0023186454633861153,-0.015841040887810354,-0.0032000081108668477,6245.215625,6187.371240234375,6158.518587239583,6175.30537109375,6064.05515625,5950.001806640625,0
2024-02-28,6192.48974609375,6261.515696582631,5974.181601446412,6211.821127562133,78979,Capital Goods,-0.009396356153743568,-0.009728363793081507,-0.008748156946221441,-0.03516850744637068,6260.52158203125,6203.666064453125,6144.494759114584,6170.79560546875,6098.99439453125,5979.20234375,0
2024-02-29,6215.44873046875,6400.709986610984,6117.4509433569465,6187.470785185995,145079,Capital Goods,0.003707553070957159,-0.003920000572472215,0.022230127140673295,0.023981417283305717,6238.06953125,6218.211669921875,6146.14462890625,6168.395361328125,6123.83173828125,6004.950748697916,1
2024-03-01,6263.95068359375,6480.17155096395,6211.870389025112,6221.809302446835,128952,Capital Goods,0.007803451565329134,0.005549685558605466,0.012414492223391527,0.015434442636715673,6239.19267578125,6233.149853515625,6156.385026041667,6167.349291992187,6157.08337890625,6032.398714192708,1
2024-03-04,6212.2685546875,6237.364311969671,6098.914951903174,6224.692196906397,86276,Capital Goods,-0.00825072410637162,0.00046335307294431693,-0.03746926097321612,-0.018183804562552197,6227.07724609375,6232.324951171875,6175.789127604166,6177.012426757812,6176.877734375,6061.963688151041,0
2024-03-05,6081.02490234375,6256.496716085083,6037.89011365324,6256.496716085083,65878,Capital Goods,-0.021126525871892565,0.005109412348853537,0.00306738602372425,-0.010005851652496123,6193.0365234375,6219.12607421875,6189.25966796875,6167.1480712890625,6178.8516015625,6085.55205078125,0
2024-03-06,6033.0693359375,6155.466955684404,5799.355887669771,6119.090921388719,244496,Capital Goods,-0.007886099329697971,-0.021962098108850858,-0.016147976253377938,-0.039506221791629104,6161.15244140625,6210.83701171875,6189.494856770833,6148.6591796875,6168.86697265625,6109.354069010416,0
2024-03-07,6052.84765625,6177.978962028311,5960.415763230345,6021.987524796708,50937,Capital Goods,0.003278318085072396,-0.015868925276562695,0.003657237786504286,0.027772028252828873,6128.6322265625,6183.35087890625,6188.35185546875,6141.766528320312,6160.442734375,6124.631819661458,1
2024-03-11,6046.23876953125,6106.468684672195,6002.110088986879,6062.737463623111,41822,Capital Goods,-0.0010918640438482008,0.0067668587253970625,-0.011575027658015546,0.0069952042630558875,6085.08984375,6162.141259765625,6183.796516927084,6138.56123046875,6150.89740234375,6145.084456380208,0
2024-03-12,6037.244140625,6111.686507180833,5861.126395735589,6045.841203916089,202728,Capital Goods,-0.001487640374306154,-0.0027869027495253107,0.0008544746199607989,-0.023489021554266132,6050.0849609375,6138.581103515625,6171.578287760417,6144.3630859375,6151.62693359375,6155.74560546875,0
2024-03-13,5745.884765625,6051.953310292289,5570.860404910326,6030.932605669407,126883,Capital Goods,-0.04826032676721226,-0.002465926203457869,-0.009773602886594679,-0.049523926158025366,5983.05693359375,6088.046728515625,6140.436360677083,6137.708984375,6130.32984375,6146.219156901042,0
2024-03-14,5692.0654296875,5742.654889132573,5470.229165007368,5614.44290120317,108306,Capital Goods,-0.009366588111804242,-0.06905892201062147,-0.05110720544286185,-0.01806385954569223,5914.85615234375,6038.004296875,6112.176725260417,6120.835180664062,6101.89857421875,6126.5318359375,0
2024-03-15,6053.64306640625,6152.137793650939,5550.883043220648,5719.7950678137,259603,Capital Goods,0.06352309916061549,0.01876449159149063,0.07130550458347651,0.01474414979343397,5915.015234375,6021.82373046875,6093.9056640625,6120.0177001953125,6096.41626953125,6119.538151041666,1
2024-03-18,6069.94287109375,6112.431725772903,5840.105499291313,6038.883766796123,134020,Capital Goods,0.002692561241007585,0.05578673627277175,-0.006454027723340916,0.05210386416335977,5919.7560546875,6002.42294921875,6081.34619140625,6117.786401367188,6094.8001953125,6112.373844401041,1
2024-03-19,6009.5146484375,6097.5235348413535,5975.77184241787,6069.744077022057,41225,Capital Goods,-0.0099553198340665,0.005110267297346427,-0.0024389950841805508,0.02323011855573842,5914.21015625,5982.14755859375,6063.790787760417,6107.236254882812,6098.3325,6112.057470703125,0
2024-03-20,6112.083984375,6192.937144621181,5983.226064936528,5999.028840706141,120526,Capital Goods,0.017067823599393073,-0.01165044776494284,0.015647928086645724,0.0012474074839581295,5987.45,5985.253466796875,6054.514485677083,6102.189770507813,6107.6571875,6106.516536458334,1
2024-03-21,6169.3818359375,6336.057616292561,6143.242686479109,6162.126622904138,182746,Capital Goods,0.009374519674300474,0.027187364243242973,0.023110273579263874,0.02674420451540782,6082.91328125,5998.884716796875,6052.973958333333,6104.860864257813,6113.25080078125,6098.734358723958,1
2024-03-22,6305.29638671875,6408.61158932298,6162.672974332297,6211.721610773684,89873,Capital Goods,0.022030497446199337,0.0080483558525406,0.01145096484663477,0.003162871604592832,6133.2439453125,6024.12958984375,6058.963802083334,6103.740234375,6122.66294921875,6102.554215494792,1
2024-03-26,7007.2822265625,7354.796252430117,6311.309783891664,6360.904866966588,1059437,Capital Goods,0.1113327267727473,0.02401641051237058,0.14764269138786967,0.024118886427763275,6320.71181640625,6120.233935546875,6108.51923828125,6141.18759765625,6158.371484375,6132.452132161458,1
2024-03-27,6987.25537109375,7189.7607396904505,6805.074790031076,6808.106449918019,514202,Capital Goods,-0.0028580061172410742,0.07030471172015718,-0.022439168547345845,0.07823495012075732,6516.2599609375,6215.23505859375,6160.185026041667,6176.9080810546875,6189.04099609375,6167.987076822917,0
2024-03-28,6936.26806640625,7126.200795548132,6867.789051218632,7040.875128293481,178049,Capital Goods,-0.007297186374271458,0.03418992932730425,-0.008840342042460647,0.009215807779133778,6681.09677734375,6334.273388671875,6217.201236979166,6211.16005859375,6217.971171875,6203.230452473958,0
2024-04-01,6907.64453125,7101.304362414535,6872.758846984345,7016.873096125737,97099,Capital Goods,-0.004126647771137804,-0.00340895580881595,-0.0034936474354119174,0.0007236383832771587,6828.74931640625,6455.831298828125,6275.50625,6246.917797851563,6249.6385546875,6232.500553385416,0
2024-04-02,6785.59423828125,7015.133640310506,6737.589480064453,6911.520466789822,108492,Capital Goods,-0.01766887285768659,-0.015014184793235574,-0.012134492158948906,-0.019667410122967133,6924.80888671875,6529.026416015625,6324.356022135416,6275.425073242188,6267.95396484375,6256.353938802084,0
2024-04-03,6882.64794921875,6967.178212585858,6779.382251951751,6833.748301738548,96488,Capital Goods,0.014302905173723346,-0.011252540656570886,-0.006835996316461479,0.006202926433994893,6899.88203125,6610.296923828125,6380.116634114584,6306.359936523438,6292.926484375,6281.956575520833,1
2024-04-04,7056.0322265625,7096.384312852147,6862.620870779964,6937.361695197197,117791,Capital Goods,0.025191507487090092,0.015162014883148167,0.018544968468422907,0.012278201130235589,6913.63740234375,6714.948681640625,6448.03583984375,6348.548120117188,6324.2539453125,6309.807063802084,1
2024-04-05,7301.27490234375,7401.508942855443,6967.178419419452,6967.178419419452,207569,Capital Goods,0.03475645630670887,0.004297991878223328,0.042997196396295845,0.015235804309790657,6986.63876953125,6833.8677734375,6551.728515625,6409.560620117188,6366.25580078125,6346.082438151042,1
2024-04-08,7271.30908203125,7359.765411760717,7195.773339790357,7301.125822389497,97655,Capital Goods,-0.004104190119301077,0.047931512998036885,-0.00563986768333502,0.03281025784178948,7059.3716796875,6944.060498046875,6657.01142578125,6471.472607421875,6409.40857421875,6384.594075520833,0
2024-04-09,7152.1416015625,7378.450369537004,7117.255918309159,7303.064099291835,74032,Capital Goods,-0.01638872438571415,0.0002654764415090938,0.002538798009299237,-0.010911602933213693,7132.68115234375,7028.74501953125,6730.244661458333,6526.4373046875,6446.8762890625,6412.075162760417,0
2024-04-10,7109.65283203125,7230.758590879665,6897.606014063696,7215.651248141561,166879,Capital Goods,-0.005940705861020357,-0.011969339165289528,-0.020016639166823724,-0.030861599859071,7178.08212890625,7038.982080078125,6799.558658854166,6579.6080078125,6480.704375,6440.452425130208,0
2024-04-12,6919.07421875,7109.30492881675,6902.575525042966,7109.30492881675,78608,Capital Goods,-0.02680561453333319,-0.014738284275061186,-0.01679680776732151,0.0007204689524360486,7150.69052734375,7032.16396484375,6860.195963541667,6623.69951171875,6508.9766015625,6461.993375651042,0
2024-04-15,6934.13134765625,7119.591567190262,6720.295724724802,6853.427177411908,137154,Capital Goods,0.002176176816465869,-0.03599195054465476,0.0014469260323630717,-0.026407505380685925,7077.26181640625,7031.95029296875,6914.99912109375,6683.111840820313,6543.100859375,6484.756803385417,1
2024-04-16,6934.28076171875,6994.908136682629,6862.969054281729,6884.437205427005,63650,Capital Goods,2.1547625074891386e-05,0.004524747576993615,-0.017512722370510714,0.021230215960885923,7009.85615234375,7034.613916015625,6965.9923828125,6745.222607421875,6579.14931640625,6509.483170572917,1
2024-04-18,6962.85498046875,7093.800168490472,6919.720192062476,6939.8959927578,101204,Capital Goods,0.0041207184612059855,0.00805567480331959,0.014137717018645857,0.008269181651830548,6971.998828125,7052.339990234375,7009.829622395833,6790.683203125,6615.549609375,6534.396712239583,1
2024-04-19,7035.6572265625,7065.374480217784,6849.302602513684,6907.544731409441,62317,Capital Goods,0.010455803876134873,-0.004661634898004197,-0.004007117144200101,-0.010176363724875293,6957.19970703125,7067.64091796875,7011.7212890625,6838.968920898437,6655.12634765625,6560.120263671875,1
2024-04-22,7287.41064453125,7354.796286659884,7067.561674924113,7101.304481737052,127270,Capital Goods,0.03578250188458254,0.0280504517685658,0.04096340643407448,0.031865882568880455,7030.8669921875,7090.778759765625,7031.731640625,6902.863720703125,6705.1330078125,6595.958333333333,1
2024-04-23,7615.7421875,7710.609313688443,7327.712660156802,7354.796200218417,282826,Capital Goods,0.04505462351228173,0.03569650042936301,0.04837836605670942,0.03680915670756879,7167.18916015625,7122.22548828125,7077.029915364584,6978.046630859375,6779.9273046875,6647.115576171875,1
2024-04-24,7776.45458984375,7802.047292746709,7564.507254152255,7686.059975179715,195475,Capital Goods,0.02110265794022448,0.04504051042929791,0.011858722876276317,0.03231493986970646,7335.62392578125,7172.7400390625,7134.9505859375,7058.4002685546875,6863.30287109375,6705.22841796875,1
2024-04-25,7800.95361328125,7882.303716226032,7702.558370976754,7778.193598737183,92080,Capital Goods,0.003150410402896986,0.011987107029478139,0.01028658510618552,0.018249849221668946,7503.24365234375,7237.621240234375,7202.6412109375,7133.183129882813,6933.19529296875,6763.498616536458,1
2024-04-26,7555.76123046875,7879.272874115551,7503.9294068499585,7878.974415522936,101590,Capital Goods,-0.03143107816909152,0.012956840879110532,-0.0003845122212484675,-0.02578740134904134,7607.264453125,7282.232080078125,7247.5154296875,7160.607080078125,6992.62802734375,6813.816031901041,0
2024-04-29,7797.7236328125,7831.36695232747,7522.217239660727,7602.274994397211,118257,Capital Goods,0.03202356386912175,-0.035118710447971435,-0.006079992729463357,0.0024371008599939348,7709.32705078125,7370.097021484375,7296.9615234375,7201.1304931640625,7064.15638671875,6872.498681640625,1
2024-04-30,7831.96337890625,7935.079607189086,7798.071586574792,7851.741719849713,68623,Capital Goods,0.004390992513465086,0.03281474632742909,0.013243237801644936,0.03667194633247606,7752.5712890625,7459.880224609375,7332.340755208334,7245.915258789062,7132.9515625,6942.034635416667,1
2024-05-02,7960.87060546875,8055.489254495988,7782.218638350224,7880.564379876457,98980,Capital Goods,0.016459120188136334,0.003670861963515515,0.015174346480129941,-0.002032931866368104,7789.4544921875,7562.539208984375,7378.3115234375,7298.5765625,7204.61111328125,7017.661474609375,1
2024-05-03,7918.083984375,8114.129054939279,7862.873513501525,8114.079554490734,142886,Capital Goods,-0.00537461581957599,0.02963178312591097,0.007279483416921195,0.010363995012147242,7812.88056640625,7658.062109375,7429.374348958333,7355.2010498046875,7269.1226171875,7079.809505208334,0
2024-05-06,7637.75732421875,7995.856196292527,7604.610949452847,7994.862304907034,69842,Capital Goods,-0.03540334514125221,-0.014692639970200871,-0.014576161883296135,-0.032845824571031024,7829.27978515625,7718.272119140625,7464.581315104167,7392.956518554687,7294.34162109375,7132.069986979167,0
2024-05-07,7823.46533203125,7995.855982351891,7618.773697844868,7638.055093147828,204967,Capital Goods,0.024314468230567376,-0.04462956310582189,-2.675643873129019e-08,0.0018623896062743839,7834.428125,7771.877587890625,7524.874055989583,7431.328173828125,7327.79001953125,7192.535009765625,1
2024-05-08,7797.97216796875,7916.344726666365,7633.085687482446,7916.344726666365,107955,Capital Goods,-0.003258551419423328,0.03643461982464524,-0.009944058004673795,0.001878516176642142,7827.6298828125,7790.1005859375,7582.463444010416,7456.163037109375,7362.25818359375,7248.731282552083,0
2024-05-09,7569.72509765625,7821.87553070891,7370.300892619157,7787.138833433346,150122,Capital Goods,-0.029270054495713183,-0.016321408136483306,-0.011933436354689464,-0.03442707256571631,7749.40078125,7769.42763671875,7624.826399739583,7471.083837890625,7388.74140625,7295.409391276042,0
2024-05-10,7589.55322265625,7652.96329584528,7265.345674367402,7569.476423526969,129116,Capital Goods,0.0026193982930950988,-0.02795152552974456,-0.021594850774660834,-0.014240289478121615,7683.69462890625,7748.28759765625,7666.606282552083,7492.954418945313,7420.899765625,7338.217952473959,1
2024-05-13,7684.419921875,7732.474665473991,7466.111784966661,7589.602784604854,85507,Capital Goods,0.012499642131180488,0.0026588841753083514,0.010389618577143489,0.027633387260233677,7693.0271484375,7761.153466796875,7709.85712890625,7521.6927734375,7452.97064453125,7360.789208984375,1
2024-05-14,8253.47265625,8347.693361122672,7457.166720860032,7802.047015693889,560024,Capital Goods,0.07405278995166498,0.02799148217874703,0.07956297592485795,-0.0011980886925159195,7779.02861328125,7806.728369140625,7774.261263020833,7588.4126953125,7500.86826171875,7402.996451822916,1
2024-05-15,8064.4345703125,8335.120496496238,7923.947928205511,8335.120496496238,295540,Capital Goods,-0.022904066422798408,0.06832482292532549,-0.0015061483553037158,0.06259498075049685,7832.32109375,7829.97548828125,7804.174088541667,7644.9278564453125,7531.3946484375,7440.602001953125,0
2024-05-16,7998.1416015625,8083.8152293537905,7748.177929074336,8083.119311295057,207797,Capital Goods,-0.008220411260331018,-0.030233658326488833,-0.03015016606515608,-0.02218212445661294,7918.00439453125,7833.702587890625,7818.95322265625,7698.1208984375,7560.46794921875,7476.951904296875,0
2024-05-17,7939.94970703125,8118.601681349994,7921.314243785206,7998.141852808155,95777,Capital Goods,-0.00727567695474185,-0.010512953627711208,0.004303222056571521,0.022345423181518775,7988.08369140625,7835.88916015625,7828.21962890625,7746.975634765625,7591.9802734375,7515.430419921875,0
2024-05-21,7871.37109375,8025.672727299631,7833.901195380539,8025.573241103986,188809,Capital Goods,-0.008637159656127325,0.0034297201525876897,-0.011446423620441681,-0.011035169886518204,8025.47392578125,7859.250537109375,7849.260286458333,7788.761328125,7622.44900390625,7548.387858072917,0
2024-05-22,7807.0166015625,7923.947822538931,7705.093237121723,7862.774003695106,157635,Capital Goods,-0.008175766511452909,-0.020285060333769422,-0.012674938066522312,-0.016442377181725365,7936.18271484375,7857.6056640625,7849.879817708334,7814.741625976562,7657.96669921875,7573.420670572917,0
2024-05-23,7803.6376953125,7926.283795158443,7687.74986276496,7790.1701758670015,90164,Capital Goods,-0.0004328037741490043,-0.009233869343565626,0.000294799091542286,-0.002250897402928942,7884.02333984375,7858.172216796875,7847.991438802083,7824.136401367187,7692.746953125,7590.166097005208,0
2024-05-24,7978.31396484375,8075.367359806833,7779.138231884342,7810.992256088849,109042,Capital Goods,0.022383954298156983,0.0026728659004588984,0.01880875937592008,0.01188753156004907,7880.0578125,7899.031103515625,7849.154329427083,7834.2293701171875,7734.50828125,7613.732926432292,1
2024-05-27,7968.17578125,8020.255589895373,7814.768557366291,7980.897881456294,46131,Capital Goods,-0.0012707175524081515,0.021752118014839894,-0.006824676507692362,0.0045802406924602135,7885.70302734375,7936.893359375,7852.493782552084,7842.590478515625,7774.72111328125,7640.934065755208,0
2024-05-28,7760.25439453125,8030.592849889189,7724.523805301112,7961.069953739308,68362,Capital Goods,-0.02609397588943907,-0.0024844231828923258,0.0012888940854751674,-0.01154797501713778,7863.4796875,7944.476806640625,7860.66025390625,7852.81513671875,7803.705,7662.620784505209,0
2024-05-29,7748.62548828125,7811.93656181108,7661.312035551128,7752.352580868206,77959,Capital Goods,-0.001498521267317643,-0.02621725146041054,-0.027227913575661677,-0.008183257808928368,7851.80146484375,7893.99208984375,7855.670930989583,7850.3602294921875,7822.15359375,7690.272493489583,0
2024-05-30,7780.77783203125,7984.923015962167,7730.337846586878,7740.376246168514,142691,Capital Goods,0.00414942544308361,-0.0015448645523745697,0.022143863148702092,0.009009659274475057,7847.2294921875,7865.626416015625,7854.524641927083,7847.800952148437,7828.75501953125,7718.49404296875,1
2024-05-31,7859.3447265625,7941.191775147026,7594.920130722218,7809.004227450586,135033,Capital Goods,0.010097563023559575,0.008866233255268918,-0.0054767266669596415,-0.017517696969020502,7823.43564453125,7851.746728515625,7873.8326171875,7842.724658203125,7832.070625,7749.329508463542,1
2024-06-03,7958.634765625,8220.376644216,7753.744153672422,8199.603926031232,145824,Capital Goods,0.012633373712050755,0.05001914292831233,0.0351565453868925,0.02091187533463912,7821.52744140625,7853.615234375,7898.438053385416,7844.752197265625,7838.37787109375,7782.52216796875,1
2024-06-04,7509.544921875,7979.705021767377,6524.946086827686,7959.081776654292,236278,Capital Goods,-0.05642800015019067,-0.029333386288739605,-0.029277444679857045,-0.15847802590478022,7771.385546875,7817.4326171875,7886.779720052084,7838.341577148438,7836.52921875,7798.318424479166,0
2024-06-05,7558.59326171875,7583.391045166714,7057.8709907588645,7454.185168905683,109034,Capital Goods,0.006531466334381175,-0.06343653978145825,-0.04966524144934936,0.08167498962283037,7733.3791015625,7792.590283203125,7840.454427083333,7825.097973632813,7826.96400390625,7807.357845052084,1
2024-06-06,7624.5380859375,7803.04107134435,7574.247086036118,7593.230508081514,118485,Capital Goods,0.008724483767731606,0.018653325081840366,0.028964618185901125,0.07316315301786669,7702.13115234375,7774.680322265625,7811.127994791666,7816.42626953125,7818.6669921875,7807.651041666667,1
2024-06-07,8010.6650390625,8050.520180472446,7603.269059335087,7643.024714547297,118875,Capital Goods,0.05064266828664188,0.006557710372783632,0.031715725556915375,0.0038316644505134168,7732.39521484375,7777.9154296875,7811.962890625,7838.4732666015625,7820.65876953125,7815.458056640625,1
2024-06-10,8173.31494140625,8224.450845009123,7985.966423667976,8010.664720546224,79268,Capital Goods,0.020304169697599184,0.048101376055893486,0.02160489765103235,0.050333266039431335,7775.33125,7798.429345703125,7827.520572916666,7867.661352539062,7830.8680078125,7827.870100911458,1
2024-06-11,8073.57861328125,8399.425512407288,8010.764484248133,8209.542759291511,127235,Capital Goods,-0.012202677718893828,0.024826658671057933,0.021274936247487553,0.003105204713441223,7888.13798828125,7829.761767578125,7841.00107421875,7887.119287109375,7848.300859375,7845.130680338541,0
2024-06-12,8097.33251953125,8183.900555366381,7906.853334543764,8081.231285134437,115779,Capital Goods,0.002942178108097382,-0.015629551842196387,-0.025659487868847974,-0.012971439855546163,7995.88583984375,7864.632470703125,7860.35546875,7879.312280273438,7859.255546875,7855.117643229167,1
2024-06-13,8459.9541015625,8626.878356414774,8100.214914991412,8128.043874208561,319887,Capital Goods,0.04478284436962232,0.005792754522474297,0.05412795500770384,0.024454934506358272,8162.96904296875,7932.55009765625,7904.109895833333,7899.0882568359375,7885.73482421875,7876.050667317709,1
2024-06-14,8324.833984375,8686.61043737315,8184.695303405937,8522.618363898713,172872,Capital Goods,-0.015971731709814363,0.04854482773428348,0.006923950760701292,0.010429400861719618,8225.80283203125,7979.0990234375,7927.21123046875,7915.422875976563,7915.9391796875,7888.182779947917,0
2024-06-18,8438.68359375,8497.770625728996,8349.779822733359,8371.54643046963,69800,Capital Goods,0.013675901476075891,-0.017726000036445866,-0.021739182734809126,0.020169904096335012,8278.8765625,8027.10390625,7958.57841796875,7940.3595703125,7949.90439453125,7905.536100260417,1
2024-06-19,8329.8037109375,8595.172711154695,8300.434414583435,8438.684318218066,68640,Capital Goods,-0.012902472477240412,0.008019771293876543,0.011462075138953809,-0.005909785550940461,8330.12158203125,8109.12978515625,7996.548372395833,7963.281201171875,7975.71974609375,7928.604313151041,0
2024-06-20,8413.88671875,8483.857062140505,8330.896786148227,8412.296880735385,45273,Capital Goods,0.010094236398643375,-0.003126961086305058,-0.012950949649880306,0.0036699731656539836,8393.432421875,8194.659130859374,8040.89912109375,7993.62470703125,7982.13630859375,7948.285026041666,1
2024-06-21,8294.1220703125,8487.831876913167,8200.597285293974,8413.885974430537,68879,Capital Goods,-0.014234164594896348,0.00018890128554449603,0.0004685150567187435,-0.015640513164309255,8360.266015625,8261.617529296875,8075.1220703125,8018.14892578125,7991.32380859375,7964.823356119791,0
2024-06-24,8418.9560546875,8527.588190311802,8199.604029145963,8289.103755368926,102119,Capital Goods,0.015050897890908077,-0.014830509878648201,0.004683918576046775,-0.00012111997619879133,8379.0904296875,8302.446630859375,8112.4294921875,8040.1810302734375,8008.15638671875,7993.1310546875,1
2024-06-25,8457.2705078125,8794.945115448812,8418.260269844213,8519.487722040283,195418,Capital Goods,0.004550974357879767,0.027793591861138944,0.03135199767746233,0.02666668291798291,8382.8078125,8330.8421875,8145.671875,8064.635766601563,8028.84921875,8022.054964192708,1
2024-06-26,8346.998046875,8675.678130769353,8304.956634289005,8522.618853402131,99312,Capital Goods,-0.013038776616596914,0.00036752577901455474,-0.013560856050137349,-0.013459269721213474,8386.2466796875,8358.184130859376,8201.502083333333,8093.97294921875,8047.874296875,8044.140901692708,0
2024-06-27,8424.173828125,8545.279104419782,8349.979448442327,8378.504325139616,68298,Capital Goods,0.009245932587571781,-0.016909653093894472,-0.01503041311400144,0.005421197982832915,8388.3041015625,8390.86826171875,8259.207454427084,8127.7503662109375,8072.5605859375,8049.830940755209,1
2024-06-28,8421.6884765625,8527.587401042294,8393.41207480212,8495.782879266846,58839,Capital Goods,-0.0002950261489385042,0.013997552495776278,-0.002070348219327056,0.005201524941225388,8413.8173828125,8387.04169921875,8312.350813802082,8159.7958984375,8097.2826171875,8061.739404296875,0
2024-07-01,8428.89453125,8546.471683349959,8385.46128531499,8448.076440106368,52307,Capital Goods,0.0008556543865940736,-0.005615308187418622,0.0022144929649570155,-0.0009472654763369448,8415.805078125,8397.44775390625,8340.232779947917,8188.273388671875,8115.30583984375,8076.097835286459,1
2024-07-02,8421.5390625,8497.671719381346,8338.748110303746,8398.38158904251,75797,Capital Goods,-0.0008726492807247244,-0.00588238653096651,-0.0057099544439706,-0.005570734086275064,8408.6587890625,8395.73330078125,8356.7810546875,8211.418603515625,8133.44037109375,8092.150813802084,0
2024-07-03,8616.6396484375,8677.664962653489,8449.069963064632,8497.770636890085,91119,Capital Goods,0.023166856377387912,0.011834309598083737,0.02118147761128708,0.013230025814614521,8462.587109375,8424.41689453125,8392.985123697918,8266.77333984375,8167.69578125,8116.993098958334,1
2024-07-04,8543.73828125,8837.681639886578,8456.027372037226,8672.297735579727,125465,Capital Goods,-0.008460533358931821,0.020537986508131212,0.01844006168960899,0.000823452640705824,8486.5,8437.40205078125,8422.7455078125,8316.030590820312,8199.50029296875,8141.55048828125,0
2024-07-05,8807.41796875,8823.767676078634,8472.277601126003,8587.221527519645,96538,Capital Goods,0.03086233201673183,-0.00981011153607425,-0.0015743907027773174,0.0019217332647849528,8563.6458984375,8488.731640625,8445.909765625,8375.174584960938,8240.5658984375,8175.009830729166,1
2024-07-08,8743.212890625,8908.098886722975,8654.806059051227,8899.303336328054,84851,Capital Goods,-0.00728988658796581,0.03634258273275859,0.009557279128389107,0.02154420175053806,8626.5095703125,8521.15732421875,8473.801692708334,8411.801977539062,8275.920625,8200.506461588542,0
2024-07-09,8777.7509765625,8840.565107913751,8577.779830369582,8837.68243458042,51940,Capital Goods,0.003950273928996273,-0.006924238832953344,-0.007581166269929884,-0.008899821458285717,8697.751953125,8553.20537109375,8496.406184895834,8442.023779296875,8308.6852734375,8227.492301432292,1
2024-07-10,8631.001953125,8831.569032721653,8479.930468462757,8772.085023874703,48177,Capital Goods,-0.016718294222442087,-0.0074224675067577905,-0.0010175905139871988,-0.011407306300913689,8700.6244140625,8581.60576171875,8516.486067708332,8469.894946289063,8353.5435546875,8256.517220052083,0
2024-07-11,8548.1611328125,8736.304562548676,8527.587388699389,8715.432845163747,43759,Capital Goods,-0.009598053709454435,-0.006458234109310124,-0.010786811473704638,0.005619965919988479,8701.508984375,8594.0044921875,8525.4376953125,8492.436376953125,8393.12626953125,8283.168408203124,0
2024-07-12,8616.29296875,8656.794043061684,8497.771419997405,8583.246079894454,56683,Capital Goods,0.007970349982755032,-0.015166976513695918,-0.00910116158585439,-0.0034964131521530994,8663.283984375,8613.46494140625,8546.915755208332,8500.2533203125,8432.79646484375,8311.018912760417,1
2024-07-15,8776.9052734375,9043.417634269954,8619.075516977497,8646.854975068534,194612,Capital Goods,0.01864053430750512,0.007410820403143115,0.04466129022881682,0.014274812887368649,8670.0224609375,8648.266015625,8570.779036458332,8522.856884765624,8463.44607421875,8341.604264322918,1
2024-07-16,8973.1494140625,9043.218756837645,8776.060946163318,8796.883164837896,88648,Capital Goods,0.02235914989522736,0.01735060784550435,-2.1991401962351276e-05,0.018213720123068544,8709.1021484375,8703.42705078125,8605.170963541666,8549.58017578125,8495.439453125,8375.421419270833,1
2024-07-18,8544.2353515625,9022.147612731767,8454.138713622457,8965.148332792234,150932,Capital Goods,-0.047799723676484884,0.019127816614288085,-0.002330049142065249,-0.03668185926643974,8691.748828125,8696.18662109375,8618.3201171875,8560.3017578125,8514.26572265625,8409.911100260417,0
2024-07-19,7970.8095703125,8554.770232709714,7887.621156376394,8537.526606208388,199995,Capital Goods,-0.06711259201739295,-0.047698232166412,-0.05180333996780384,-0.06701067683372797,8576.278515625,8638.89375,8588.095833333333,8538.147900390624,8509.2048046875,8423.651643880208,0
2024-07-22,8138.33056640625,8239.310027524112,7548.605019898638,7712.249138313102,261673,Capital Goods,0.021016810728697655,-0.09666470231497193,-0.036875356859897845,-0.042980783401810996,8480.68603515625,8571.985009765625,8569.205305989582,8530.358325195313,8496.33986328125,8440.778059895832,1
2024-07-23,8043.51318359375,8346.699545358066,7708.6212995709875,8346.699545358066,122087,Capital Goods,-0.011650716573727182,0.08226528936845745,0.01303379985401798,0.02119812591207726,8334.0076171875,8502.0150390625,8543.513216145833,8511.586181640625,8485.08703125,8441.872998046874,0
2024-07-24,8037.5,8149.95871113408,8000.825505611621,8084.858826585314,113095,Capital Goods,-0.0007475817415224517,-0.03137056957062412,-0.023571093359099238,0.0379061565856007,8146.877734375,8427.98994140625,8517.910611979167,8490.59765625,8469.0396875,8437.345833333333,0
2024-07-25,7930.0107421875,8071.39178910289,7902.877701995553,7956.100390563803,68431,Capital Goods,-0.013373469090202206,-0.015925873139320257,-0.00964016197086448,-0.01224221220014976,8024.0328125,8357.8908203125,8472.1353515625,8469.748291015625,8453.04796875,8432.560237630209,0
2024-07-26,8150.2568359375,8183.701669302875,7877.682608726152,7985.86778311202,60338,Capital Goods,0.027773744690949176,0.003741455120843229,0.013914561841938289,-0.003188090999186266,8059.922265625,8318.100390625,8445.903255208334,8456.05244140625,8442.5027734375,8434.324381510416,1
2024-07-29,8600.9365234375,8817.704803003762,8150.902727204711,8150.902727204711,259094,Capital Goods,0.05529637857702663,0.020665874839763232,0.07747143765993303,0.03468280356661135,8152.44345703125,8316.56474609375,8432.137825520833,8465.01484375,8454.7753515625,8439.023795572917,1
2024-07-30,9054.30078125,9485.003213491327,8448.076552627626,8646.85482445416,790461,Capital Goods,0.05271103403415256,0.060846278485712224,0.07567710933805016,0.036459007715925695,8354.6009765625,8344.304296875,8452.877018229166,8496.28515625,8480.189140625,8463.33935546875,1
2024-07-31,9173.021484375,9600.891723164805,8757.176943035936,8934.089608551814,639300,Capital Goods,0.013112078557280915,0.03321841177272056,0.012218078061232429,0.036588256330628344,8581.7052734375,8364.29150390625,8479.228385416667,8533.85927734375,8508.8191796875,8487.81728515625,1
2024-08-01,8753.4990234375,9272.956721641462,8676.671416810119,9243.040009885088,176948,Capital Goods,-0.045734381158062276,0.03458107259608667,-0.0341567232481238,-0.009193091192457703,8746.4029296875,8385.21787109375,8487.394856770834,8540.70224609375,8525.07921875,8501.940462239583,0
2024-08-02,8569.7294921875,8804.08888736006,8499.759150233007,8753.499427471697,124521,Capital Goods,-0.020993836951138878,-0.05296315734756585,-0.0505629270529373,-0.020389416410809713,8830.2974609375,8445.10986328125,8488.832747395832,8542.001806640625,8530.9014453125,8507.135221354167,0
2024-08-05,8163.078125,8467.159377451217,8036.009018926662,8398.232430015994,221109,Capital Goods,-0.04745206573418903,-0.04058571093758734,-0.03826966245111052,-0.054560384960276376,8742.72578125,8447.584619140625,8458.618424479168,8509.784814453125,8520.55703125,8502.76708984375,0
2024-08-06,8074.919921875,8447.082738839255,8031.636146906698,8336.760796962428,214333,Capital Goods,-0.010799627514896493,-0.007319591779082257,-0.0023711185436554594,-0.0005441596705112461,8546.849609375,8450.72529296875,8411.819401041666,8476.370166015626,8506.398046875,8491.29921875,0
2024-08-07,8235.1357421875,8278.121545627093,8042.867254995499,8237.371997857768,107109,Capital Goods,0.019841165220533474,-0.011921752527777052,-0.020002313039422126,0.0013983586760373257,8359.2724609375,8470.4888671875,8362.618489583334,8449.239404296875,8498.9419140625,8483.8947265625,1
2024-08-08,8237.6201171875,8328.809650050523,8114.079614469046,8234.141497405259,93654,Capital Goods,0.00030167990884133467,-0.00039217610341624187,0.006123140877317246,0.008854101058215935,8256.0966796875,8501.2498046875,8342.177473958332,8429.5703125,8483.7811328125,8480.248795572918,1
2024-08-09,8227.4326171875,8386.504734058775,8154.13312993,8308.882207656085,77785,Capital Goods,-0.0012367042732092104,0.009076928089513325,0.006927170440004238,0.004936298060168154,8187.6373046875,8508.9673828125,8359.285677083333,8413.53388671875,8471.12890625,8473.690755208334,0
2024-08-12,8355.5947265625,8413.28992287701,8120.042486548105,8160.841530625295,65814,Capital Goods,0.015577412218152231,-0.017817159195538945,0.003193844118331679,-0.00418078081859663,8226.140625,8484.433203125,8373.769954427084,8400.498974609374,8453.0559765625,8471.487630208334,1
2024-08-13,8470.091796875,8564.511477802986,8341.779837592529,8398.38214569982,90360,Capital Goods,0.013703042579185087,0.02910736768789146,0.017974128588482685,0.02730741266585235,8305.175,8426.0123046875,8402.208528645833,8385.15830078125,8442.1311328125,8472.860872395833,1
2024-08-14,8254.615234375,8541.452863779563,8163.376201471349,8472.128941286554,73061,Capital Goods,-0.025439696247388843,0.008781071676345897,-0.0026923443424864413,-0.02138675913228938,8309.0708984375,8334.1716796875,8416.682877604168,8349.231591796875,8421.205703125,8467.296744791667,0
2024-08-16,8374.6279296875,8443.505380122537,8289.799687013448,8357.583274551238,43500,Capital Goods,0.014538860008002086,-0.013520293131648264,-0.011467309510350021,0.015486666597493537,8336.4724609375,8296.2845703125,8446.3240234375,8340.751220703125,8410.9507421875,8459.2296875,1
2024-08-19,8297.849609375,8473.917854513546,8259.386789679791,8395.400435969495,43066,Capital Goods,-0.0091679679332769,0.004524891966486422,0.0036018777772801602,-0.003668713175458471,8350.555859375,8269.09658203125,8456.163541666667,8357.10322265625,8400.93828125,8451.0333984375,0
2024-08-20,8356.5,8429.0,8203.2998046875,8348.0,93976,Capital Goods,0.007068143360749346,-0.005646000608429791,-0.005300718662220705,-0.006790696019028042,8350.7369140625,8288.43876953125,8439.8677734375,8368.011694335937,8390.5465625,8436.002799479167,1
2024-08-21,8317.7998046875,8384.9501953125,8255.0,8380.0,105658,Capital Goods,-0.0046311488437145165,0.003833253473885856,-0.005225982285858355,0.006302365699587975,8320.278515625,8312.7267578125,8390.767708333333,8381.726025390624,8372.18234375,8421.82236328125,0
2024-08-22,8518.5,8587.900390625,8303.5,8364.0,70199,Capital Goods,0.024129000459880645,-0.0019093078758949389,0.0242041026583506,0.005875227135069716,8373.05546875,8341.06318359375,8347.132942708333,8405.776025390625,8353.9963671875,8413.1806640625,1
2024-08-23,8950.25,8990.0,8440.0,8518.5,258431,Capital Goods,0.05068380583436061,0.018472022955523748,0.046821643368611054,0.016438851086891137,8488.1798828125,8412.326171875,8360.249674479166,8456.78798828125,8370.236953125,8423.822265625,1
2024-08-26,8992.150390625,9050.0,8770.0,8950.25,104187,Capital Goods,0.004681477123543942,0.05068380583436061,0.006674082313681939,0.0390995260663507,8627.0400390625,8488.79794921875,8388.411067708334,8498.882666015625,8411.0905859375,8438.621907552084,1
2024-08-27,8979.0498046875,9038.099609375,8802.150390625,8959.0498046875,85554,Capital Goods,-0.001456891329482013,0.000983190937404066,-0.0013149602900552892,0.003665951040478843,8751.55,8551.14345703125,8442.8091796875,8517.788330078125,8444.71935546875,8450.713802083334,0
2024-08-28,9009.599609375,9186.849609375,8916.7001953125,8983.900390625,90982,Capital Goods,0.0034023427146547824,0.002773797052059823,0.01645810584403229,0.013013843163768746,8889.9099609375,8605.09423828125,8505.121158854166,8515.553271484376,8483.3628125,8458.470279947916,1
2024-08-29,8947.099609375,9345.25,8865.0,8995.0,166926,Capital Goods,-0.006937045230618777,0.0012355000492416668,0.017242079424415024,-0.005798130943067803,8975.6298828125,8674.34267578125,8552.585416666667,8504.257177734375,8519.746796875,8457.601953125,0
2024-08-30,9163.5,9495.0,9060.0,9251.0,324713,Capital Goods,0.0241866526665524,0.028460255697609682,0.016024183408683612,0.021996615905245376,9018.2798828125,8753.2298828125,8614.3107421875,8524.7572265625,8569.0863671875,8478.244108072917,1
2024-09-02,8833.349609375,9244.849609375,8768.9501953125,9170.0,134494,Capital Goods,-0.03602885258089161,-0.0087558101826829,-0.026345486111111094,-0.032124702504139124,8986.5197265625,8806.7798828125,8654.705208333333,8537.938232421875,8596.410078125,8506.995442708334,0
2024-09-03,8817.650390625,8968.9501953125,8716.400390625,8868.0498046875,93477,Capital Goods,-0.001777266772430064,-0.03292804747137401,-0.0298435805578402,-0.005992713325660204,8954.23984375,8852.894921875,8685.508919270833,8570.666845703125,8605.0786328125,8529.639436848958,0
2024-09-04,8978.4501953125,9019.9501953125,8772.0498046875,8816.9501953125,286387,Capital Goods,0.018236128397477014,-0.005762214974028401,0.005686284223838545,0.006384449034988693,8948.0099609375,8918.9599609375,8719.399479166666,8615.843359375,8602.044609375,8560.80400390625,1
2024-09-05,9014.400390625,9221.0,8879.7998046875,9020.0,68681,Capital Goods,0.004004053542700392,0.023029483005977625,0.022289458404324947,0.012283331991847835,8961.4701171875,8968.55,8770.051822916666,8654.806591796874,8595.699765625,8593.367350260416,1
2024-09-06,8942.7001953125,9268.900390625,8900.0,9079.9501953125,98046,Capital Goods,-0.007953961684136868,0.0066463631166850945,0.005194706715649033,0.0022748480547767347,8917.31015625,8967.79501953125,8807.923307291667,8690.060595703126,8603.2678125,8627.123665364583,0
2024-09-09,9076.900390625,9100.0,8888.0,8936.0,118713,Capital Goods,0.015006674984233914,-0.015853632697987008,-0.018222268392897423,-0.001348314606741563,8966.0203125,8976.27001953125,8859.860026041666,8732.533984375,8623.5546484375,8658.011783854166,1
2024-09-10,9290.150390625,9343.150390625,9100.849609375,9100.849609375,105254,Capital Goods,0.023493702786498982,0.018447807674015326,0.026719823145604504,0.023947975852272707,9060.5203125,9007.380078125,8922.103385416667,8779.261767578126,8668.6375390625,8680.985579427082,1
2024-09-11,9956.400390625,10080.0,9255.5498046875,9295.900390625,687836,Capital Goods,0.07171573892628635,0.021432150801511174,0.07886521982075356,0.01699843442673088,9256.1103515625,9102.06015625,9031.343424479166,8853.577197265626,8743.8967578125,8711.05556640625,1
2024-09-12,10094.349609375,10430.25,9860.900390625,9997.0,233772,Capital Goods,0.01385533057508348,0.07542030141395073,0.03474702380952377,0.06540406552951805,9472.1001953125,9216.78515625,9136.400065104166,8945.563916015624,8818.2653125,8741.76650390625,1
2024-09-13,10399.75,10515.0,10124.7998046875,10197.0,171057,Capital Goods,0.030254588204609467,0.02000600180054013,0.008125404472567821,0.026762202599003526,9763.51015625,9340.41015625,9233.0333984375,9046.82001953125,8904.7505078125,8796.641536458334,1
2024-09-16,10584.4501953125,10624.7998046875,10262.5,10300.0,215017,Capital Goods,0.0177600610892088,0.010101010101010166,0.01044220681764152,0.013600288200142918,10065.0201171875,9515.52021484375,9339.18671875,9161.150048828125,8999.0312109375,8863.798893229166,1
2024-09-17,10131.25,10597.0,10027.599609375,10597.0,113131,Capital Goods,-0.042817547151689284,0.028834951456310653,-0.0026165015057728613,-0.022889197624847757,10233.2400390625,9646.88017578125,9416.000065104166,9249.887548828125,9070.057421875,8929.404622395834,0
2024-09-18,9990.4501953125,10123.599609375,9912.0,10110.0,51690,Capital Goods,-0.013897574799506485,-0.04595640275549684,-0.044673057528073934,-0.011528143711175276,10240.05,9748.08017578125,9481.390104166667,9333.520068359376,9130.8717578125,8993.255631510418,0
2024-09-19,9634.099609375,10114.7998046875,9562.0,10100.0,102276,Capital Goods,-0.035669121908510126,-0.0009891196834816984,-0.0008692367366397447,-0.035310734463276816,10148.0,9810.05009765625,9527.190104166666,9389.300048828125,9186.0511328125,9039.887760416666,0
2024-09-20,9417.849609375,9749.0,9379.650390625,9735.0,131457,Capital Goods,-0.02244631141135034,-0.03613861386138617,-0.03616480916586973,-0.019070237332670992,9951.619921875,9857.5650390625,9544.146744791668,9412.680029296875,9227.78,9079.228743489582,0
2024-09-23,9806.849609375,9830.0498046875,9370.849609375,9650.0,162331,Capital Goods,0.04130454574394249,-0.008731381612737565,0.008313653163144918,-0.0009382845717572641,9796.0998046875,9930.5599609375,9609.046744791667,9453.414990234374,9288.14,9131.8759765625,1
2024-09-24,9911.5498046875,9980.0,9762.2001953125,9806.849609375,66353,Capital Goods,0.010676231356949728,0.016253845531088107,0.01525426608123559,0.04176255112940619,9752.159765625,9992.69990234375,9681.973372395832,9500.039990234374,9350.3419921875,9183.741145833334,1
2024-09-25,9688.099609375,9910.0498046875,9662.0,9910.0498046875,37369,Capital Goods,-0.022544425414360858,0.010523277038310574,-0.007009037606462876,-0.010264099619736622,9691.6896484375,9965.86982421875,9729.283333333333,9533.964990234375,9405.153984375,9224.34140625,0
2024-09-26,9470.400390625,9847.9501953125,9350.0,9845.0,81324,Capital Goods,-0.022470786586394786,-0.006564023992768564,-0.006266326668270317,-0.032291451045332265,9658.9498046875,9903.47490234375,9759.683333333332,9560.130029296875,9443.23,9264.867578125,0
2024-09-27,9492.599609375,9613.150390625,9330.25,9470.0498046875,232009,Capital Goods,0.002344063380042005,-0.038085342337480954,-0.023842505296103322,-0.002112299465240608,9673.8998046875,9812.75986328125,9796.343294270833,9576.585009765626,9464.923984375,9302.13330078125,1
2024-09-30,9528.599609375,9584.150390625,9335.650390625,9499.9501953125,89043,Capital Goods,0.003792427941914367,0.0031573636086053014,-0.0030167009587492855,0.0005788044934487147,9618.2498046875,9707.1748046875,9826.456575520833,9611.347509765625,9486.381953125,9343.15830078125,1
2024-10-01,9671.7998046875,9711.0,9430.0,9500.0,130755,Capital Goods,0.015028461807924831,5.242626169188469e-06,0.0132353525565585,0.010106377748436923,9570.2998046875,9661.22978515625,9851.899869791667,9654.05498046875,9514.091953125,9387.001627604166,1
2024-10-03,9537.25,9650.0,9402.0,9449.900390625,71847,Capital Goods,-0.013911558076531882,-0.005273643092105318,-0.0062815364020183395,-0.002969247083775217,9540.1298828125,9615.909765625,9823.956510416667,9681.994970703125,9535.19796875,9427.649967447916,0
2024-10-04,9514.099609375,9599.900390625,9352.5498046875,9460.0,105789,Capital Goods,-0.00242736539620958,0.0010687529981818766,-0.005191669365284923,-0.005259540024728726,9548.8697265625,9603.909765625,9785.273177083332,9706.979931640624,9557.87796875,9460.83662109375,0
2024-10-07,9406.7001953125,9513.7998046875,9185.0,9502.0,99929,Capital Goods,-0.011288447511803468,0.004439746300211489,-0.008968904096294916,-0.01791487970516059,9531.68984375,9602.79482421875,9719.069856770833,9730.179931640625,9567.6059765625,9476.051627604167,0
2024-10-08,9553.4501953125,9578.0,9163.150390625,9300.0,50059,Capital Goods,0.015600582239575056,-0.02125868238265627,0.006748112912873028,-0.002378836077844282,9536.6599609375,9577.4548828125,9650.3365234375,9754.007421875,9596.41,9494.76162109375,1
2024-10-09,10030.849609375,10100.0,9500.0,9701.0,125426,Capital Goods,0.049971413918789453,0.04311827956989256,0.05449989559406965,0.036761331530653196,9608.469921875,9589.38486328125,9643.6431640625,9791.0423828125,9644.93796875,9529.821614583334,1
2024-10-10,10649.7001953125,10720.0,9937.650390625,10074.0,244750,Capital Goods,0.061694732753156956,0.038449644366560065,0.06138613861386144,0.04606846217105254,9830.9599609375,9685.544921875,9687.5931640625,9825.707373046875,9711.78796875,9584.491634114584,1
2024-10-11,10428.400390625,10664.599609375,10321.650390625,10500.0,119268,Capital Goods,-0.02077990935227514,0.04228707564026202,-0.005167946886660446,0.03864092465581792,10013.8201171875,9781.344921875,9740.546549479166,9842.409912109375,9768.34796875,9633.868326822916,0
2024-10-14,10500.599609375,10830.0,10301.0,10440.0,124661,Capital Goods,0.006923326305624533,-0.005714285714285672,0.015509292114408213,-0.0020006868905148023,10232.6,9882.144921875,9812.7298828125,9847.452392578125,9830.6639453125,9678.438313802084,1
2024-10-15,10956.150390625,11000.0,10450.5498046875,10523.2001953125,137647,Capital Goods,0.043383311258081036,0.007969367367097746,0.015697137580794163,0.014517988999854348,10513.1400390625,10024.9,9889.349934895834,9866.03740234375,9905.8339453125,9749.19833984375,1
2024-10-16,10566.2001953125,10956.150390625,10475.0498046875,10956.150390625,104027,Capital Goods,-0.03559189874266189,0.04114244595530514,-0.003986328124999994,0.0023443742633530995,10620.21015625,10114.3400390625,9932.993294270833,9887.784912109375,9956.8759375,9807.483333333334,0
2024-10-17,10336.2998046875,10578.75,10232.599609375,10566.2001953125,55229,Capital Goods,-0.021758095282634393,-0.03559189874266189,-0.034446441237967584,-0.0231454933230012,10557.530078125,10194.24501953125,9976.206640625,9905.077392578125,9972.0719140625,9852.744986979167,0
2024-10-18,10138.4501953125,10325.0,10061.650390625,10325.0,57628,Capital Goods,-0.019141241364271866,-0.022827524640267938,-0.023986765922249798,-0.016706333216964575,10499.5400390625,10256.680078125,10020.743294270833,9930.294921875,9973.8359375,9890.213313802084,0
2024-10-21,9774.75,10338.4501953125,9708.0,10338.4501953125,81913,Capital Goods,-0.035873352268442016,0.0013026823547215294,0.0013026823547215294,-0.035148348123337225,10354.3701171875,10293.48505859375,10039.5533203125,9948.13994140625,9948.8359375,9917.948307291666,0
2024-10-22,9799.5498046875,9840.9501953125,9478.5,9740.5,107389,Capital Goods,0.0025371293063760625,-0.0578375079452057,-0.0481213325596489,-0.0236402966625463,10123.05,10318.09501953125,10057.616666666667,9947.774951171876,9917.439921875,9942.03662109375,1
2024-10-23,9702.900390625,9998.9501953125,9579.650390625,9705.0498046875,64166,Capital Goods,-0.009862638181222239,-0.0036394636119808643,0.016055360190244672,0.010671560966925231,9950.3900390625,10285.30009765625,10059.6900390625,9937.34248046875,9900.3059375,9955.794954427083,0
2024-10-24,9729.349609375,9939.9501953125,9666.0,9744.900390625,78222,Capital Goods,0.0027259085103621405,0.004106170162903489,-0.0059006194497958075,0.009013858111096118,9829.0,10193.2650390625,10072.4966796875,9939.40498046875,9889.8619140625,9948.226595052083,1
2024-10-25,9449.75,9879.9501953125,9405.7001953125,9774.9501953125,190910,Capital Goods,-0.028737749243339272,0.0030836441095292155,-0.006036247548634077,-0.026929423203755465,9691.2599609375,10095.4,10068.206705729166,9938.3724609375,9882.4879296875,9926.73994140625,0
2024-10-28,9294.4501953125,9525.0,9275.599609375,9449.75,61514,Capital Goods,-0.01643427653509355,-0.033268731688111064,-0.03592631423191839,-0.013832100028271954,9595.2,9974.78505859375,10060.723372395832,9928.464990234375,9877.551953125,9889.896614583333,0
2024-10-29,9552.9501953125,9637.7998046875,9210.7998046875,9402.5498046875,148454,Capital Goods,0.027812296001152426,-0.004994861801899564,0.011842499179790078,-0.006986050219546569,9545.880078125,9834.4650390625,10060.6900390625,9929.68251953125,9867.3959765625,9855.51328125,1
2024-10-30,9430.25,9652.9501953125,9350.349609375,9652.9501953125,64287,Capital Goods,-0.012844220141826734,0.026631115583154452,0.001571976066324865,0.015150671781670955,9491.35,9720.87001953125,10020.650065104166,9917.605029296876,9848.143984375,9832.146614583333,0
2024-10-31,10062.349609375,10180.0,9407.349609375,9450.0,147768,Capital Goods,0.06702893447946767,-0.021024680663021877,0.05459986781486115,0.006096028745582904,9557.95,9693.475,9981.493359375,9943.860009765625,9863.113984375,9834.54326171875,1
2024-11-01,10073.7998046875,10263.2001953125,9920.0498046875,10200.150390625,18776,Capital Goods,0.0011379246157212641,0.07938099371693119,0.008172907201620783,0.054499961902294336,9682.7599609375,9687.0099609375,9957.8533203125,9971.84501953125,9887.2499609375,9849.199934895832,1
2024-11-04,9622.2001953125,10000.0498046875,9565.0,10000.0,76154,Capital Goods,-0.044829122886168915,-0.019622298001503835,-0.025640188792691476,-0.0357911312622371,9748.3099609375,9671.75498046875,9899.293359375,9982.62001953125,9892.433984375,9856.01162109375,0
2024-11-05,9438.7001953125,9621.0,9330.0,9621.0,73815,Capital Goods,-0.019070482454666915,-0.037900000000000045,-0.03790479168511951,-0.02456874019864086,9725.4599609375,9635.67001953125,9798.130013020833,9976.88251953125,9888.8380078125,9843.739973958332,0
2024-11-06,9391.5498046875,9512.599609375,9329.099609375,9438.7001953125,71331,Capital Goods,-0.004995432596578975,-0.01894811398893048,-0.01126706066157368,-9.650489013934838e-05,9717.719921875,9604.5349609375,9719.819986979166,9944.917529296876,9877.6280078125,9826.406640625,0
2024-11-07,9360.349609375,9594.4501953125,9331.0,9585.0,97171,Capital Goods,-0.0033221561894850593,0.015499994878548584,0.008604439301411748,0.00020370568485406082,9577.319921875,9567.6349609375,9654.756640625,9880.45,9870.5519921875,9815.481640625,0
2024-11-08,9051.25,9360.0,9025.0,9360.0,78747,Capital Goods,-0.03302222911261954,-0.023474178403755874,-0.024436021923074258,-0.03279391276390531,9372.8099609375,9527.7849609375,9582.276627604168,9811.59248046875,9852.0380078125,9801.5099609375,0
2024-11-11,8734.4501953125,9051.25,8670.0,9051.25,117953,Capital Goods,-0.0350006689338489,-0.03298611111111116,-0.03298611111111116,-0.03933518005540171,9195.2599609375,9471.7849609375,9512.923307291667,9723.285009765625,9825.1480078125,9776.238313802083,0
2024-11-12,8958.150390625,9074.4501953125,8574.349609375,8819.5,214438,Capital Goods,0.025611250887039638,-0.025604198315149818,0.002563203459466923,-0.01103234032583622,9099.15,9412.30498046875,9456.830013020834,9623.385009765625,9801.336015625,9757.22333984375,1
2024-11-13,8737.849609375,8800.2001953125,8664.150390625,8800.0,112882,Capital Goods,-0.024592217326531163,-0.002211009694427113,-0.030222216673982838,0.010473188677986078,8968.4099609375,9343.06494140625,9392.493294270833,9531.96748046875,9749.616015625,9726.091666666667,0
2024-11-14,8959.349609375,9044.7001953125,8625.0,8737.849609375,96755,Capital Goods,0.025349486418528855,-0.007062544389204506,0.027783458850201503,-0.004518664711471554,8888.2099609375,9232.76494140625,9341.1599609375,9463.119970703125,9682.0019921875,9706.8283203125,1
2024-11-18,8821.0498046875,8900.0,8692.5,8900.0,59090,Capital Goods,-0.015436366557543879,0.018557242098905746,-0.01599834070647166,0.00782608695652165,8842.169921875,9107.48994140625,9299.246614583333,9397.249951171874,9617.70796875,9683.72666015625,0
2024-11-19,9479.2998046875,9689.0,8830.0,8880.0,519174,Capital Goods,0.07462263727954532,-0.0022471910112359383,0.0886516853932584,0.015818234109864715,8991.13984375,9093.19990234375,9311.569921875,9382.47744140625,9576.8559765625,9686.146647135416,1
2024-11-21,9453.75,9591.0,9231.7001953125,9566.5,210631,Capital Goods,-0.002695326154244615,0.07730855855855845,-0.01011456290638868,0.04549266085079284,9090.259765625,9094.7048828125,9304.956575520833,9365.187451171874,9516.7599609375,9682.823307291666,0
2024-11-22,9305.400390625,9576.349609375,9277.2001953125,9459.7998046875,70411,Capital Goods,-0.015692144321036605,-0.011153524832749673,-0.001527514401522212,0.0049286695881982645,9203.769921875,9086.08994140625,9296.633268229167,9345.312451171874,9466.32796875,9658.641666666666,0
2024-11-25,9561.900390625,9580.0,9411.0,9411.0498046875,74028,Capital Goods,0.027564638729400404,-0.005153386013078576,0.00038118811174414624,0.014422433694500247,9324.280078125,9106.24501953125,9263.269986979167,9336.939990234376,9435.3519921875,9622.381673177084,1
2024-11-26,9727.5498046875,9860.0,9530.0,9530.0,89232,Capital Goods,0.01732390082466373,0.012639418320074425,0.029227557411273475,0.012644777388162831,9505.580078125,9173.875,9240.186653645833,9350.82998046875,9418.9159765625,9599.019986979167,1
2024-11-27,9858.400390625,9990.0,9728.0498046875,9798.7998046875,89034,Capital Goods,0.013451546233610223,0.028205645822402925,0.013184584178498993,0.020781721373294815,9581.4001953125,9286.27001953125,9255.933333333332,9379.027490234375,9422.2619921875,9577.613346354166,1
2024-11-28,9896.0498046875,9934.7001953125,9710.0,9858.400390625,49923,Capital Goods,0.0038190185598774296,0.006082437352071368,-0.005535515984734785,-0.0018554391733071052,9669.86015625,9380.0599609375,9286.423307291667,9396.182470703125,9426.1219921875,9542.27666015625,1
2024-11-29,10101.349609375,10176.5,9800.0,9869.849609375,75855,Capital Goods,0.020745631715622048,0.001161366783285489,0.024338913095896864,0.009268795056642576,9829.05,9516.4099609375,9333.743294270833,9429.737451171875,9442.0599609375,9526.781640625,1
2024-12-02,10146.349609375,10210.0,9922.5,10029.0,45892,Capital Goods,0.004454850266566002,0.016124905335318296,0.003291898000294724,0.012499999999999956,9945.93984375,9635.1099609375,9386.143294270832,9433.937451171874,9458.7399609375,9520.449967447918,1
2024-12-03,10195.5498046875,10500.0,10107.0,10140.099609375,107371,Capital Goods,0.0048490538180392395,0.011077835215375309,0.028403525954946218,0.018594104308389925,10039.53984375,9772.5599609375,9462.429947916668,9440.024951171876,9488.571953125,9522.353287760418,1
2024-12-04,10138.0,10478.9501953125,10105.0,10210.25,87878,Capital Goods,-0.0056446004178255516,0.006918116520289619,-0.002004743303571477,-0.00019788265558529083,10095.459765625,9838.42998046875,9555.999934895834,9465.81494140625,9522.3139453125,9534.46162109375,0
2024-12-05,10051.849609375,10144.9501953125,9850.0,10120.0,83869,Capital Goods,-0.008497769838725633,-0.00883915672975688,-0.03187342183851649,-0.025235032162295945,10126.6197265625,9898.23994140625,9628.913216145833,9496.472412109375,9542.269921875,9542.871614583333,0
2024-12-06,10004.7998046875,10149.849609375,9940.0,10051.0,39569,Capital Goods,-0.004680711164203877,-0.006818181818181834,0.00048294116463609704,0.009137055837563413,10107.309765625,9968.1798828125,9713.3765625,9527.134912109375,9565.2519140625,9552.934928385417,0
2024-12-09,10208.9501953125,10234.0,9955.0,10000.0,64929,Capital Goods,0.02040524494346707,-0.005074121977912682,0.008290801722547148,0.0015090543259557165,10119.8298828125,10032.88486328125,9796.683268229166,9569.56494140625,9571.1159375,9568.921614583332,1
2024-12-10,9930.5,10368.5498046875,9768.0,10250.7001953125,130698,Capital Goods,-0.02727510566564939,0.0250700195312501,0.013147332879372753,-0.018784530386740328,10066.819921875,10053.1798828125,9870.646614583333,9613.52744140625,9565.3839453125,9584.946614583334,0
2024-12-11,10223.400390625,10300.0,9979.2001953125,10010.0,88151,Capital Goods,0.02949502951764771,-0.023481341832879754,-0.006611320385085051,0.021621641616758724,10083.9,10089.6798828125,9920.2533203125,9687.974951171875,9589.431953125,9615.91162109375,1
2024-12-12,9998.75,10310.0,9963.5,10111.0,69738,Capital Goods,-0.021974136005766476,0.010089910089910115,0.000970873786407811,-0.0015732919477730034,10073.280078125,10099.94990234375,9956.586653645832,9740.004931640626,9611.8339453125,9630.771614583333,0
2024-12-13,9953.0,10073.7001953125,9822.150390625,9955.0,65114,Capital Goods,-0.004575571946493273,-0.015428740975175548,-0.022919476691319107,-0.014186742547799502,10062.9201171875,10085.11494140625,9999.7599609375,9800.762451171875,9634.291953125,9648.196614583334,0
2024-12-16,9893.2001953125,10075.0,9855.150390625,9963.0,42548,Capital Goods,-0.006008219098513012,0.0008036162732294461,0.00012902951867732604,0.0033597530772382367,9999.7701171875,10059.8,10021.846614583334,9847.45498046875,9655.6059765625,9642.55830078125,0
2024-12-17,9880.650390625,9949.5498046875,9844.650390625,9949.5498046875,41016,Capital Goods,-0.0012685283265010394,-0.0013500145852153311,-0.01245163228908186,-0.0010654327517912732,9989.8001953125,10028.31005859375,10032.0533203125,9900.435009765624,9688.7819921875,9636.119986979167,0
2024-12-18,10016.400390625,10127.4501953125,9885.650390625,9893.0,77510,Capital Goods,0.013738974119436698,-0.0056836546173031355,0.017880245249004778,0.004164698427385982,9948.4001953125,10016.15009765625,10042.586653645832,9927.2900390625,9740.06,9649.259993489582,1
2024-12-19,9917.7998046875,10016.400390625,9785.0,9885.0,40527,Capital Goods,-0.009843914189950564,-0.0008086525826341839,-0.01096522841839298,-0.010181463702221505,9932.21015625,10002.7451171875,10044.036653645833,9950.492529296875,9778.4459765625,9665.22998046875,0
2024-12-20,9926.900390625,10110.849609375,9861.0498046875,9861.0498046875,65585,Capital Goods,0.0009176012943110656,-0.0024228826820941185,0.009429457196858948,0.007772080192897324,9926.990234375,9994.95517578125,10032.406705729167,9981.567529296875,9826.0080078125,9683.075,1
2024-12-23,10163.4501953125,10185.0,9791.0,10087.0,72002,Capital Goods,0.023829170776297648,0.022913401695334068,0.00733374478799953,-0.0071036863290357966,9981.040234375,9990.40517578125,10033.546744791667,10011.64501953125,9874.17203125,9709.84501953125,1
2024-12-24,9984.7998046875,10163.0,9934.2998046875,10163.0,51851,Capital Goods,-0.01757773071071822,0.007534450282541849,-0.0021600392734413276,0.01463587015498935,10001.8701171875,9995.83515625,10019.496744791666,10024.50751953125,9920.72203125,9740.963346354167,0
2024-12-26,10163.4501953125,10187.0,9977.0498046875,10040.0,32823,Capital Goods,0.017892235610085017,-0.012102725573157502,0.0023615074289087268,0.004303272584931239,10031.280078125,9989.84013671875,10021.193424479166,10039.760009765625,9948.088046875,9788.5966796875,1
2024-12-27,10047.9501953125,10330.0,10013.4501953125,10155.0,50785,Capital Goods,-0.011364251093911926,0.011454183266932372,0.014037498772945911,0.003648412239848575,10057.31015625,9994.76015625,10020.933463541667,10047.355029296876,9971.8560546875,9824.92333984375,0
2024-12-30,9992.900390625,10244.849609375,9942.0,10000.0,73357,Capital Goods,-0.0054787099475455125,-0.015263417035942917,-0.00824301942158756,-0.007135422248961465,10070.51015625,9998.7501953125,10020.140169270833,10041.932568359374,9999.3560546875,9866.758365885416,0
2024-12-31,10317.599609375,10385.0,9875.900390625,10000.0,71518,Capital Goods,0.03249299062908917,0.0,0.013680082770248791,-0.006648522367229903,10101.3400390625,10041.19013671875,10027.383463541666,10050.495068359374,10029.5840234375,9912.033365885416,1
2025-01-01,10406.2998046875,10509.75,10300.5498046875,10318.0,55008,Capital Goods,0.008596979788971781,0.03180000000000005,0.0120125180548869,0.04299855175388467,10185.6400390625,10093.755078125,10059.103450520834,10061.032568359375,10056.7340234375,9964.875032552083,1
2025-01-02,10519.849609375,10566.0498046875,10340.0498046875,10487.099609375,60707,Capital Goods,0.010911640719437177,0.01638879718695474,0.005356911885392224,0.0038347467609956,10256.919921875,10144.1,10078.866731770833,10080.125048828126,10083.1919921875,9999.560026041667,1
2025-01-03,10950.7001953125,11160.0,10491.2001953125,10500.0,269128,Capital Goods,0.04095596438503635,0.0012301199669608742,0.05621307927670394,0.01461795576230962,10437.469921875,10247.3900390625,10142.330078125,10125.067578125,10125.3780078125,10049.458365885417,1
2025-01-06,11154.150390625,11249.7998046875,10715.2998046875,10961.5,165427,Capital Goods,0.018578738499259506,0.043952380952380965,0.008046577480958828,0.021360721862416554,10669.719921875,10370.1150390625,10222.406770833333,10182.535107421874,10167.4900390625,10111.083365885417,1
2025-01-07,11666.0,11750.0,11095.0,11179.150390625,162658,Capital Goods,0.045888713299509165,0.019855894779455374,0.044463030809142046,0.03543533099712226,10939.4,10520.37001953125,10340.593424479166,10255.38759765625,10228.2760546875,10181.22001953125,1
2025-01-08,10785.150390625,11779.900390625,10715.5498046875,11713.7998046875,123293,Capital Goods,-0.07550570970126869,0.04782558561076922,0.002544714095744638,-0.03420010773433979,11015.1701171875,10600.405078125,10400.893424479167,10298.1201171875,10251.860078125,10216.473372395832,0
2025-01-09,10514.400390625,10875.2001953125,10383.4501953125,10833.849609375,109708,Capital Goods,-0.02510396148349958,-0.07512081561786388,-0.07680032642996737,-0.03099230701440292,11014.0802734375,10635.50009765625,10434.093424479166,10312.6701171875,10266.91609375,10238.3400390625,0
