Date,Close,High,Low,Open,Volume,Sector,return_ratio,pct_change_open,pct_change_high,pct_change_low,ma_5,ma_10,ma_15,ma_20,ma_25,ma_30,up_or_down
2022-01-10,1081.575439453125,1101.533331175433,1071.8930053958811,1086.7131682856573,51017,Fast Moving Consumer Goods,0.0,0.0,0.0,0.0,0.0,0.0,0.0,0.0,0.0,0.0,0
2022-01-11,1102.71875,1127.320241261954,1074.5604442366646,1074.9556726494357,170697,Fast Moving Consumer Goods,0.019548623032310752,-0.010819318270312017,0.023410013439179478,0.0024885308770143943,0.0,0.0,0.0,0.0,0.0,0.0,1
2022-01-12,1105.6827392578125,1114.2785046264328,1097.7786537363816,1112.5000371414014,25976,Fast Moving Consumer Goods,0.002687892318701035,0.03492643040752608,-0.01156879488025675,0.021607169353986766,0.0,0.0,0.0,0.0,0.0,0.0,1
2022-01-13,1094.7158203125,1114.4760336755414,1090.0722184148938,1106.5719483303249,31987,Fast Moving Consumer Goods,-0.009918685130848703,-0.005328618978125088,0.00017727080643537008,-0.00702002657389833,0.0,0.0,0.0,0.0,0.0,0.0,0
2022-01-14,1087.1082763671875,1101.6319861481322,1076.8822686202084,1099.902967335792,28759,Fast Moving Consumer Goods,-0.0069493322414403425,-0.0060267034643300965,-0.011524740900034969,-0.012100069675993863,1094.360205078125,0.0,0.0,0.0,0.0,0.0,0
2022-01-17,1108.053955078125,1122.3801096466784,1087.1081773309477,1087.1081773309477,94311,Fast Moving Consumer Goods,0.019267334419467597,-0.011632653411087879,0.018833987901070603,0.009495846490110482,1099.655908203125,0.0,0.0,0.0,0.0,0.0,1
2022-01-18,1085.23095703125,1128.3081986372,1079.8956752280733,1102.6199209099084,37071,Fast Moving Consumer Goods,-0.020597370680623395,0.014268813262949598,0.005281712442665842,-0.006634576257702696,1096.158349609375,0.0,0.0,0.0,0.0,0.0,0
2022-01-19,1123.66455078125,1153.008418590064,1075.7460346701805,1078.907620480163,165883,Fast Moving Consumer Goods,0.035415128458129,-0.02150541630898295,0.02189137682656006,-0.003842630962492155,1099.7547119140625,0.0,0.0,0.0,0.0,0.0,1
2022-01-20,1093.4808349609375,1135.323063706622,1084.1441821506714,1128.110658008599,59494,Fast Moving Consumer Goods,-0.026861856413755048,0.045604495319570226,-0.015338443846809158,0.007806812397933571,1099.50771484375,0.0,0.0,0.0,0.0,0.0,0
2022-01-21,1067.3480224609375,1104.7442038604188,1056.8256842366254,1083.946530090268,54396,Fast Moving Consumer Goods,-0.023898738473028258,-0.039148755137454305,-0.026934060289737105,-0.025198214742851777,1095.5556640625,1094.9579345703125,0.0,0.0,0.0,0.0,0
2022-01-24,1011.377197265625,1076.4376790315846,1003.9671168684364,1067.3480286537444,50174,Fast Moving Consumer Goods,-0.05243915200804239,-0.01531302603564888,-0.025622695941666773,-0.05001635383830616,1076.2203125,1087.9381103515625,0.0,0.0,0.0,0.0,0
2022-01-25,1072.7821044921875,1086.7130317367532,1001.0524889366854,1011.377213179908,129228,Fast Moving Consumer Goods,0.060714150361089514,-0.05243914259572191,0.009545701442198462,-0.0029031109513250053,1073.7305419921875,1084.9444458007813,0.0,0.0,0.0,0.0,1
2022-01-27,1055.244873046875,1067.298555306118,1037.411231725456,1037.411231725456,31926,Fast Moving Consumer Goods,-0.016347431013135627,0.025741155927068382,-0.01786532034092525,0.03632051584766627,1060.0466064453126,1079.9006591796874,0.0,0.0,0.0,0.0,0
2022-01-28,1074.461669921875,1089.6770593000554,1062.111535784842,1065.07556797773,29708,Fast Moving Consumer Goods,0.018210746496700958,0.02666670208135491,0.020967426483134988,0.0238095591256553,1056.2427734375,1077.875244140625,0.0,0.0,0.0,0.0,1
2022-01-31,1075.5484619140625,1091.5048594043983,1062.30909394476,1068.2866071337462,33081,Fast Moving Consumer Goods,0.0010114758139920799,0.0030148463194146213,0.0016773777962408865,0.00018600509763966322,1057.882861328125,1076.7192626953124,1082.5995768229166,0.0,0.0,0.0,1
2022-02-01,1100.298095703125,1104.3983640637505,1070.3119962914957,1086.811726071879,55969,Fast Moving Consumer Goods,0.02301117491723037,0.017340963384195662,0.011812594830212353,0.007533496975929976,1075.667041015625,1075.9436767578125,1083.84775390625,0.0,0.0,0.0,1
2022-02-02,1103.0645751953125,1120.2559867033158,1091.751900128997,1101.6814566036528,63461,Fast Moving Consumer Goods,0.0025142999910579,0.013681974692634435,0.014358607505733367,0.020031452428626473,1081.72353515625,1077.7270385742188,1083.8708089192708,0.0,0.0,0.0,1
2022-02-03,1082.6126708984375,1122.380099603582,1076.190601666551,1111.11675406015,59530,Fast Moving Consumer Goods,-0.01854098550237071,0.00856445154807739,0.0018960960043759023,-0.014253511682102316,1087.1970947265625,1073.6218505859374,1082.3328043619792,0.0,0.0,0.0,0
2022-02-04,1092.2457275390625,1110.5239237936737,1079.4510384035402,1081.9210649244335,33658,Fast Moving Consumer Goods,0.008897971453290632,-0.02627598677549603,-0.010563423045451215,0.0030296090041488366,1090.75390625,1073.49833984375,1082.1681315104167,0.0,0.0,0.0,1
2022-02-07,1072.485595703125,1097.581091156455,1062.2102604852134,1097.581091156455,30250,Fast Moving Consumer Goods,-0.018091287828114533,0.014474277966956217,-0.011654708520825618,-0.015971801688963283,1090.1413330078126,1074.0120971679687,1081.1932861328125,1084.4850158691406,0.0,0.0,0
2022-02-08,1049.0697021484375,1081.575154366643,1036.8183466007983,1072.979510398969,30429,Fast Moving Consumer Goods,-0.02183329421719271,-0.022414362779851316,-0.014582919584508858,-0.023904790632333195,1079.895654296875,1077.78134765625,1077.2610026041666,1082.8597290039063,0.0,0.0,0
2022-02-09,1041.807861328125,1076.388236722861,1037.411261842077,1057.2702533045554,56697,Fast Moving Consumer Goods,-0.0069221719066336895,-0.014640780128758024,-0.004795707097043467,0.0005718602908817427,1067.6443115234374,1074.6839233398437,1074.3661295572917,1079.8141845703126,0.0,0.0,0
2022-02-10,1059.39453125,1064.5815877098391,1044.7719238443124,1045.3153780018652,26541,Fast Moving Consumer Goods,0.016880914969728655,-0.011307303185088768,-0.010968764438533785,0.007095220837650684,1063.00068359375,1075.0988891601562,1070.0814615885417,1077.499774169922,0.0,0.0,1
2022-02-11,1038.053466796875,1056.2328878108483,1032.4711822166453,1048.279353427618,23656,Fast Moving Consumer Goods,-0.02014458619863202,0.0028354843792870454,-0.007842235856202251,-0.011773614266361254,1052.1622314453125,1071.4580688476562,1066.3863037109375,1074.6666564941406,0.0,0.0,0
2022-02-14,987.6649169921876,1027.7286783758468,983.0706431315745,1027.4816757016931,32467,Fast Moving Consumer Goods,-0.04854138193880464,-0.01983982385794536,-0.026986670992681705,-0.047846893875537755,1035.198095703125,1062.6697143554688,1061.0740966796875,1069.6944885253906,1074.6276318359376,0.0,0
2022-02-15,1011.8711547851562,1027.382874107181,988.010672912954,992.6049466633536,40077,Fast Moving Consumer Goods,0.024508552826484786,-0.03394389395267927,-0.00033647428153160686,0.005025101518282504,1027.7583862304687,1053.8270202636718,1061.1070271809897,1064.8853485107422,1071.8394604492187,0.0,1
2022-02-16,1006.6841430664062,1027.4323681109113,999.8668450018564,1020.6150700463612,32437,Fast Moving Consumer Goods,-0.00512615830011609,0.028218802935814136,4.8174838200854e-05,0.01200004454804815,1020.733642578125,1044.1889770507812,1056.7004964192708,1060.9580078125,1067.998076171875,0.0,0
2022-02-17,1000.5584716796876,1022.4923218005432,996.5075915315854,1017.6015963554908,33225,Fast Moving Consumer Goods,-0.0060849983869414315,-0.002952605521231,-0.004808147439866128,-0.00335970083122894,1008.9664306640625,1035.9835571289063,1053.054736328125,1054.8027038574219,1063.79310546875,0.0,0
2022-02-18,996.0136108398438,1015.6750488444732,991.0241686236108,997.890855382216,42979,Fast Moving Consumer Goods,-0.0045423240804849385,-0.019369801544993792,-0.006667309681177125,-0.005502640375821821,1000.5584594726563,1026.3603454589843,1047.8248657226563,1049.9293426513673,1059.8450170898439,0.0,0
2022-02-21,974.968994140625,1000.5584966371472,968.2505331143868,996.0136110139638,45599,Fast Moving Consumer Goods,-0.021128844495883814,-0.0018812121166630336,-0.014883256435731074,-0.02297989920957555,998.0192749023438,1016.6086853027343,1041.1195678710938,1045.3103912353515,1055.3594458007813,1061.8595723470053,0
2022-02-22,951.9977416992188,972.4989646669088,950.466337104479,967.21313130021,43771,Fast Moving Consumer Goods,-0.02356100817508966,-0.028915749137639057,-0.028043869563394663,-0.01836734956675401,986.0445922851562,1006.9014892578125,1031.2328776041666,1042.3414184570313,1049.117197265625,1057.5403157552084,0
2022-02-23,976.84619140625,991.7651288587982,952.5410919978584,956.4931347988926,53602,Fast Moving Consumer Goods,0.026101374634228902,-0.01108338602362302,0.01981098684098681,0.0021828809841915042,980.077001953125,1000.405322265625,1022.8183186848959,1037.5446228027345,1044.781806640625,1053.3445638020833,1
2022-02-24,892.1736450195312,963.7056424514218,865.6949708271371,962.3224033765488,102964,Fast Moving Consumer Goods,-0.0866795071031865,0.006094417581869793,-0.028292471262489127,-0.09117309678322683,958.4000366210937,983.6832336425781,1010.122383626302,1029.391061401367,1035.5221704101561,1046.2275939941405,0
2022-02-25,945.5263061523438,953.4303923061772,904.0298538447172,904.0298538447172,84934,Fast Moving Consumer Goods,0.05980075900095039,-0.060574864855372335,-0.010662228892950099,0.044282205984115475,948.3025756835938,974.430517578125,1000.3410888671875,1022.9442932128907,1029.6039892578126,1041.2546101888022,1
2022-02-28,946.2178955078124,956.345005568722,912.921921588339,940.5862222425312,47094,Fast Moving Consumer Goods,0.0007314332250394351,0.04043712521477549,0.0030569754080262967,0.009836033296693802,942.5523559570313,970.2858154296875,991.9232421875,1016.4777648925781,1024.7587841796876,1036.5582641601563,1
2022-03-02,938.708984375,953.8749854874824,923.839434728626,923.839434728626,52443,Fast Moving Consumer Goods,-0.007935710335284396,-0.017804627707577736,-0.0025827709318884118,0.011958868422495827,939.8946044921875,962.9695983886719,984.5658610026042,1008.3983093261719,1021.8520556640625,1030.9134318033855,0
2022-03-03,942.7598266601562,968.15171383633,939.4499546167652,942.4634355093688,54069,Fast Moving Consumer Goods,0.004315333455398251,0.020159348129811683,0.01496708537917213,0.01689743834406121,933.0773315429688,956.5771667480469,977.9626586914062,1000.3830718994141,1016.6511645507812,1026.164394124349,1
2022-03-04,921.8634033203124,945.5262724608626,912.0821332355096,945.5262724608626,57210,Fast Moving Consumer Goods,-0.022165160997443034,0.0032498204557278587,-0.023369727132758422,-0.02913175017653813,939.015283203125,948.7076599121094,968.7939168294271,992.3456085205078,1011.3159057617188,1019.4376892089844,0
2022-03-07,867.6710815429688,901.6092278118608,849.2446563218114,892.2231253749651,87314,Fast Moving Consumer Goods,-0.05878563091034639,-0.056374051825306526,-0.046447196580483796,-0.06889453770000875,923.44423828125,935.8734069824219,957.4350911458333,981.1168762207031,1003.0442822265625,1011.9106974283854,0
2022-03-08,884.7636108398438,889.1602706595805,862.4839808855149,869.4494444880653,72382,Fast Moving Consumer Goods,0.019699318855342707,-0.025524647634893927,-0.013807486401279379,0.015589529430829474,911.1533813476562,926.8528686523438,950.5750040690104,971.7307769775391,995.4128881835937,1005.824550374349,1
2022-03-09,898.2005615234375,904.0298491529936,884.5166365619865,884.8130277305387,60948,Fast Moving Consumer Goods,0.015187051681340158,0.01767047335514671,0.016723170146123234,0.025545582485892115,903.0516967773438,921.4731506347656,942.9969645182292,964.1873199462891,987.3289868164062,1002.0519958496094,1
2022-03-10,913.0206909179688,928.730085636798,906.4504557494868,908.969871048781,48887,Fast Moving Consumer Goods,0.016499799743383337,0.027301636121025874,0.027322368290102927,0.024797520228397874,897.1038696289063,915.0906005859375,936.752734375,957.7479614257812,979.7272314453126,996.7266153971354,1
2022-03-11,911.4892578125,923.7900030691246,906.3022016455344,917.5655477294432,50651,Fast Moving Consumer Goods,-0.0016773257393860597,0.009456503405051775,-0.005319180076185592,-0.0001635545583457132,895.0290405273438,917.0221618652344,930.8147867838542,950.3526977539062,972.882294921875,991.9347615559896,0
2022-03-14,894.5943603515625,918.998238338338,888.8144611870308,911.4893203328886,76511,Fast Moving Consumer Goods,-0.01853548718882747,-0.006622118072752925,-0.005187071428427337,-0.019295705589980727,900.4136962890625,911.9289672851562,924.0535034179687,943.1797424316406,964.976240234375,985.9391845703125,0
2022-03-15,891.8773193359375,910.2542952315524,883.083999507536,899.1391742535457,69377,Fast Moving Consumer Goods,-0.003037176552909693,-0.013549413913958475,-0.009514646211504885,-0.006447309230142029,901.8364379882812,906.4949096679687,918.5140584309896,938.3903625488281,957.7519091796875,979.8168131510416,0
2022-03-16,907.0433349609376,916.8740548293232,896.0764388144019,896.3728300042064,68396,Fast Moving Consumer Goods,0.01700459838612356,-0.003076658573613833,0.0072724288503212,0.014712574697436809,903.6049926757812,903.3283447265625,915.5170979817708,933.1489715576172,952.0708544921876,973.3749877929688,1
2022-03-17,923.938232421875,930.706081611602,909.5626284600048,911.5880986425278,91400,Fast Moving Consumer Goods,0.0186263398999178,0.0169742635307788,0.015086070665238482,0.015050266987765681,905.7885009765625,901.4461853027344,911.9899007161458,929.0116760253907,947.3560693359375,967.4041097005208,1
2022-03-21,915.4412841796876,945.9214498625722,909.9578369622536,938.610146703736,79391,Fast Moving Consumer Goods,-0.009196446195233965,0.0296428267344071,0.016348199019633913,0.00043450389218158136,906.57890625,900.8039733886719,913.5410766601562,924.7558166503907,941.597939453125,961.8317301432292,0
2022-03-22,921.9622192382812,938.6101755999354,910.3036446039084,918.8499613767788,83137,Fast Moving Consumer Goods,0.007123269587341108,-0.021052601440920027,-0.007729261519229813,0.00038002600517095253,912.0524780273438,906.2330871582031,911.970137532552,921.0532470703125,936.9542895507813,956.1556131998698,1
2022-03-23,900.8187866210938,933.57136657079,895.3353391087011,932.6327443129196,58658,Fast Moving Consumer Goods,-0.022933079226018727,0.015000036475475431,-0.005368372472549288,-0.016443200665993585,913.840771484375,907.8386047363281,908.9435302734375,917.345736694336,933.4804443359375,950.4333862304687,0
2022-03-24,888.3204345703125,903.6840498608008,881.3055824190506,896.0763550819313,56533,Fast Moving Consumer Goods,-0.013874435387456363,-0.039196982364070654,-0.032013960346461645,-0.01566983461595184,910.09619140625,906.8505920410156,905.5842936197917,914.1618713378906,928.5384155273438,945.0750773111979,0
2022-03-25,878.8355102539062,895.8293062115675,874.5870763403377,894.1496759750255,59430,Fast Moving Consumer Goods,-0.010677368151498334,-0.0021501282742022454,-0.008691913562536735,-0.007623355862868331,901.0756469726563,903.4320739746094,901.3226725260416,909.2613372802734,923.4244702148437,939.642665608724,0
2022-03-28,862.0394287109375,887.2337042778474,852.9003287503917,887.2337042778474,91942,Fast Moving Consumer Goods,-0.019111746563490795,-0.007734691274854599,-0.009595133664548894,-0.024796556199633057,890.3952758789062,898.4870910644531,897.3344075520833,907.7546264648438,917.8837084960937,933.0641621907552,0
2022-03-29,835.7088623046875,873.3027192942352,829.8302466303517,862.0393727099639,129167,Fast Moving Consumer Goods,-0.03054450356826921,-0.028396499644239848,-0.015701595776223543,-0.02704897787276117,873.1446044921875,892.5985412597656,895.2035929361979,902.2637542724609,911.4715185546875,926.3193420410156,0
2022-03-30,861.5947265625,895.5823190671329,841.636898183735,841.636898183735,224520,Fast Moving Consumer Goods,0.030974739440270405,-0.02366768290651322,0.025511886406242912,0.014227791287827696,865.2997924804688,889.5702819824219,893.6590006510417,898.0325958251954,906.9365478515625,922.117002360026,1
2022-03-31,850.4796142578125,873.7472546132598,845.2431695114642,868.9554267508273,81864,Fast Moving Consumer Goods,-0.012900627130151276,0.032458805722570094,-0.024380857001081946,0.004284830353221913,857.7316284179688,883.9139099121094,890.4776041666667,893.621127319336,902.8758227539063,916.7372843424479,0
2022-04-01,876.9583129882812,885.2576273661954,852.4062701006529,857.5933265110018,93259,Fast Moving Consumer Goods,0.031133842935877842,-0.01307558465030867,0.013173572440041914,0.00847460334205219,857.3561889648438,879.21591796875,888.0734456380209,890.3310516357421,898.8803076171876,912.4130900065104,1
2022-04-04,903.3876342773438,908.9699193162406,881.355005902422,881.355005902422,122205,Fast Moving Consumer Goods,0.0301374887467607,0.027707397733715222,0.026785752776390837,0.0339611952858474,865.625830078125,878.0105529785156,887.5333374023437,889.4072631835937,899.3288671875,909.174062093099,1
2022-04-05,914.8486328125,924.7781295142336,903.3876710937482,908.969956360144,80348,Fast Moving Consumer Goods,0.012686689633873982,0.03133238056490861,0.017391345810304104,0.024998627163598908,881.4537841796875,877.2991943359375,888.883622233073,891.7661407470703,898.1017602539063,906.4685628255208,1
2022-04-06,924.8768920898438,940.5862880387392,904.029888188494,910.9459638358376,63176,Fast Moving Consumer Goods,0.010961659576966376,0.002173897455979956,0.01709400127445626,0.0007108986709640774,894.1102172851563,879.7050048828125,891.08359375,893.7718048095703,897.2481201171875,904.7988260904948,1
2022-04-07,931.990478515625,942.5622050352936,912.9712725964116,928.730055275866,100174,Fast Moving Consumer Goods,0.007691387347463552,0.01952266341369202,0.0021007291108554593,0.00989058495160422,910.4123901367187,884.0720092773438,892.7467366536458,895.4613006591796,896.9793798828125,904.1319173177084,1
2022-04-08,936.4859619140624,945.2792816789436,923.543045256747,927.0998598226594,42696,Fast Moving Consumer Goods,0.004823529319309516,-0.001755295248545008,0.0028826496852250028,0.011579523888270993,922.317919921875,889.8370544433594,893.583251953125,896.6345642089843,896.7284252929687,902.7865763346355,1
2022-04-11,940.8826293945312,950.4663457732976,936.4365809995418,938.6102167199924,43130,Fast Moving Consumer Goods,0.004694856793669988,0.012415444545029741,0.005487335007640315,0.013960947255263534,929.8169189453125,897.7213745117188,895.2793416341145,898.1042327880859,897.4891943359376,904.4102091471354,1
2022-04-12,920.7272338867188,946.5142901118334,908.475876573936,929.965110195995,42977,Fast Moving Consumer Goods,-0.021421795745961147,-0.009210539550920438,-0.0041580174606274944,-0.029858620426554516,930.9926391601563,906.2232116699219,895.1970092773438,899.4108764648438,899.6114404296875,903.583573404948,0
2022-04-13,916.0341796875,935.6461687117924,908.1794822611844,925.3708329171498,38357,Fast Moving Consumer Goods,-0.005097116742607599,-0.004940268434239337,-0.011482258127087475,-0.00032625446684331205,929.2240966796875,911.6671569824218,896.2113688151042,900.6187194824219,900.8622631835938,902.5774495442708,0
2022-04-18,891.0869140625,917.417364205925,884.3683927611343,909.5132782545676,59896,Fast Moving Consumer Goods,-0.027233989929841496,-0.017136432334475704,-0.01948258339043385,-0.026218484303086487,921.0433837890625,915.7278869628906,896.39580078125,899.8208984375,900.5777172851563,900.9900472005208,0
2022-04-19,880.8115844726562,910.9459123766562,869.4494608367219,896.1257511123939,53465,Fast Moving Consumer Goods,-0.0115312316090449,-0.014719441114554699,-0.00705398881878605,-0.016869589694214593,909.9085083007812,916.1132141113281,896.5275390625,897.6645660400391,899.2893530273437,898.9251057942708,0
2022-04-20,879.4282836914062,891.2350233988226,860.8043064620467,888.2216028802067,40024,Fast Moving Consumer Goods,-0.0015704843188207862,-0.008820356096647775,-0.021637825813837774,-0.009943251176848578,897.6176391601563,913.7172790527344,897.6867960611979,895.863916015625,898.0069140625,897.5106018066406,0
2022-04-21,895.43408203125,903.2887791278216,883.8743448234076,883.8743448234076,31944,Fast Moving Consumer Goods,0.018200231487506047,-0.004894339478686782,0.013524777878489047,0.02680056104293893,892.5590087890625,911.7758239746094,901.6684773763021,894.5375091552735,898.0405029296875,898.43603515625,1
2022-04-22,955.8509521484376,986.0346666055968,890.9880263610934,895.4340744570104,870044,Fast Moving Consumer Goods,0.06747215828566056,0.013078476257744942,0.09160513159221484,0.008048295076498846,900.52236328125,914.8732299804688,907.952225748698,897.2891174316406,900.5994482421875,900.8056131998698,1
2022-04-25,931.5952758789062,953.4302873539484,921.9127231635882,944.5381914097148,169291,Fast Moving Consumer Goods,-0.025376002623644034,0.05483833858174436,-0.0330661591887923,0.034708319177750635,908.6240356445312,914.8337097167969,913.3599365234375,899.4528594970703,901.5815258789063,901.918770345052,0
2022-04-26,1014.2424926757812,1050.156659636342,938.5114438933808,947.2059265100306,1846642,Fast Moving Consumer Goods,0.08871579637294968,0.0028243803422434155,0.10145091210689139,0.018004655226834476,935.3102172851562,922.6093627929688,922.5122151692708,906.2232086181641,905.1936962890625,905.2928304036458,1
2022-04-27,1083.2550048828125,1096.6919268927552,993.5930297787428,994.4328147905928,1639619,Fast Moving Consumer Goods,0.06804340451656876,0.04985915623920256,0.044312690710858194,0.05869037212466788,976.0755615234375,936.8466003417968,934.5033732096355,917.2839874267578,911.9062451171875,911.0183553059895,1
2022-04-28,989.295166015625,1103.608023480706,979.3656698972692,1085.823829727212,678810,Fast Moving Consumer Goods,-0.08673843041911644,0.09190265403285602,0.006306325795199408,-0.014319101941206003,994.8477783203125,943.7033935546875,939.466475423177,924.9633026123047,914.5995629882813,914.175048828125,0
2022-04-29,990.9254150390624,1031.1867936622066,980.9464700678736,998.4342727788512,355495,Fast Moving Consumer Goods,0.0016478894059526183,-0.08048226107757761,-0.06562223930747402,0.0016141061701400172,1001.8626708984375,951.1925170898437,943.8697102864584,931.4298370361328,918.203828125,917.4766520182292,1
2022-05-02,966.9166870117188,988.0106911463384,953.4303169562164,983.0706376906066,127356,Fast Moving Consumer Goods,-0.02422859244799691,-0.015387728072960072,-0.04187030204540387,-0.028050616370282944,1008.926953125,958.7754943847656,946.1981241861979,937.2516906738281,921.3476782226562,919.4724304199219,0
2022-05-04,989.887939453125,1035.1387569205756,963.3104276359676,969.238491806035,722035,Fast Moving Consumer Goods,0.023757219985932387,-0.014070347902024216,0.04769995527027837,0.01036269825286551,1004.0560424804687,969.6831298828125,949.7582560221355,942.8981719970703,925.789775390625,921.6707539876302,1
2022-05-05,997.5944213867188,1021.6030694692748,960.3464057293376,1019.5282711091156,152046,Fast Moving Consumer Goods,0.007785206412203927,0.051885866820428284,-0.013076205833088439,-0.0030769125108548456,986.92392578125,981.4997436523438,953.5390421549479,947.608511352539,931.2119750976562,924.4091918945312,1
2022-05-06,1017.6510009765624,1029.5071291432796,978.1305737541716,978.1305737541716,301624,Fast Moving Consumer Goods,0.020104943612218484,-0.04060475665859531,0.007736918486463518,0.018518492825854604,992.5950927734375,993.721435546875,960.0006266276042,952.7486297607422,938.4896606445312,927.598817952474,1
2022-05-09,974.9195556640624,1011.5253399422282,968.3492604049663,1007.770911352768,82220,Fast Moving Consumer Goods,-0.04199027492872687,0.030303047868991184,-0.01746640571203739,-0.010000007781848064,989.3939208984375,995.6282958984375,963.926318359375,955.2507629394531,943.0226538085938,930.0688435872396,0
2022-05-10,952.1459350585938,995.7171833292776,931.0518701788276,978.1306047192456,89825,Fast Moving Consumer Goods,-0.023359486916801564,-0.029411750527443936,-0.015628038160520497,-0.03851646482441773,986.4397705078125,997.6833618164062,967.9969197591146,956.2585357666015,947.089306640625,932.1963602701823,0
2022-05-11,925.3707885742188,956.8883537216132,900.1271274933503,952.1953029418738,78195,Fast Moving Consumer Goods,-0.02812084313811336,-0.026515172567180945,-0.038995841648365004,-0.033214844066139504,973.5363403320313,988.79619140625,970.9675333658854,955.7027770996094,949.0258056640625,933.7475362141927,0
2022-05-12,889.5553588867188,922.8019411668124,883.1827384778992,922.8019411668124,63926,Fast Moving Consumer Goods,-0.03870386890284627,-0.030869047226182,-0.035622141728686385,-0.01882443990176963,951.9285278320312,969.4262268066407,971.6426717122396,953.1364135742188,948.4725146484375,934.6647338867188,0
2022-05-13,907.6854858398438,928.730102702096,899.5837856492112,908.6734965873992,62305,Fast Moving Consumer Goods,0.020381111498012805,-0.015310375877134463,0.006424088713757881,0.01857038918081444,929.9354248046875,961.2652587890625,972.4594319661459,952.484326171875,948.1859887695313,937.063954671224,1
2022-05-16,915.1942138671876,926.7539500381478,899.3860441437223,914.1568147897616,51528,Fast Moving Consumer Goods,0.008272389659724766,0.006034420749538194,-0.0021278008090819256,-0.00021981443934782074,917.9903564453125,953.692138671875,969.7489827473959,952.4423278808594,947.798681640625,938.8506042480469,1
2022-05-17,934.0159301757812,938.5114272914524,918.6523752090932,923.7900431245816,38596,Fast Moving Consumer Goods,0.020565816548447913,0.010537829154657175,0.012686730121647338,0.02142164779053668,914.36435546875,950.4020629882813,969.9103597005209,954.5887786865235,947.8796997070312,941.6351481119792,1
2022-05-18,933.3243408203124,950.4663025082272,930.4590856415,941.5742061230152,46973,Fast Moving Consumer Goods,-0.0007404470663993079,0.019251304049869633,0.012738124298898201,0.012852206940323407,915.9550659179688,944.745703125,964.5158162434896,957.2144165039062,947.7532348632812,943.5140157063802,0
2022-05-19,907.8336791992188,926.1613273729296,905.0178726034144,918.8500234947328,24661,Fast Moving Consumer Goods,-0.027311686309059002,-0.02413424505525752,-0.025571632651423926,-0.027342645615143102,919.6107299804687,935.76962890625,952.8210611979167,958.6346862792968,946.4312768554687,943.6622172037761,0
2022-05-20,965.3853149414062,979.2669147283144,919.8874303038552,923.6913080122356,170889,Fast Moving Consumer Goods,0.0633944708825438,0.0052688517099772625,0.057339456729444294,0.01643012602355176,931.1506958007812,930.5430603027344,951.2270711263021,962.1322479248047,948.2176000976563,945.3467732747396,1
2022-05-23,959.9017944335938,982.6754292667384,951.8989317939964,972.8941594076068,61140,Fast Moving Consumer Goods,-0.005680136649007683,0.053267634943166,0.003480679768875561,0.03479936830919317,940.0922119140625,929.0412841796875,949.1588297526042,962.3347900390625,949.9723046875,946.5142700195313,0
2022-05-24,947.7986450195312,964.002044493868,936.6341362577272,964.002044493868,34822,Fast Moving Consumer Goods,-0.012608737148162241,-0.009139858460198047,-0.019002596601814248,-0.016036151556027556,942.8487548828125,928.6065551757813,947.8842936197917,963.1449584960938,952.2407739257812,947.0412089029948,0
2022-05-25,942.8585815429688,961.482619076178,934.6581049450374,948.4902544896784,44005,Fast Moving Consumer Goods,-0.005212144480814973,-0.016091034342498478,-0.002613506301236912,-0.0021097152411985176,944.7556030273438,930.3553344726563,944.7490030924479,959.5757629394532,954.7226538085938,947.2536295572917,0
2022-05-26,939.7957763671876,958.2715882518048,928.878270350082,946.4648484961498,33617,Fast Moving Consumer Goods,-0.003248424775186276,-0.002135399898882784,-0.0033396660123283795,-0.006183902503360095,951.1480224609375,935.3793762207031,940.8957600911458,952.4028015136719,957.137353515625,947.2174011230469,0
2022-05-27,954.3689575195312,963.8538362155113,942.5622174726916,942.5622174726916,39821,Fast Moving Consumer Goods,0.015506753189162836,-0.004123376615263741,0.005825329720867911,0.014731690426402544,948.9447509765625,940.0477233886719,936.6769571940105,950.6564910888671,959.4947485351563,948.3387919108073,1
2022-05-30,966.3238525390624,974.1785496603892,955.0605667473338,963.3104319664092,26160,Fast Moving Consumer Goods,0.012526491903721126,0.02201256756222425,0.010711907819360933,0.01325997270307977,950.2291625976562,945.1606872558593,936.1039103190104,949.4264129638672,959.9136645507813,950.0151143391927,1
2022-05-31,985.5406494140624,1003.9670726447624,970.8687149952676,994.8279738907976,91554,Fast Moving Consumer Goods,0.019886497497197286,0.03271794935309846,0.03057809371265452,0.01655198507647726,957.7775634765625,950.3131591796875,938.330224609375,950.3576110839844,962.0714794921874,953.1635721842448,1
2022-06-01,983.4658813476562,1006.7829098991368,978.1305994113302,1006.7829098991368,30002,Fast Moving Consumer Goods,-0.0021052080070361745,0.012017088704877388,0.002804710763030016,0.007479780019585824,965.8990234375,955.3273132324218,942.2032307942708,950.036508178711,960.8404150390625,956.5853820800781,0
2022-06-02,989.9866943359376,1010.8831441910296,974.2279120410706,974.2279120410706,80034,Fast Moving Consumer Goods,0.006630441494671624,-0.03233566793592846,0.004072610144230104,-0.003989945077485957,975.93720703125,963.5426147460937,948.8986531575521,949.6561218261719,957.1096826171874,960.2706624348958,1
2022-06-03,976.5003051757812,1008.7588771309504,971.115695357408,994.9761164552132,30743,Fast Moving Consumer Goods,-0.01362279840458136,0.021297074491197554,-0.0021013972507961665,-0.0031945468254366283,980.3634765625,964.6541137695312,953.4863077799479,947.5985870361328,956.5978881835938,962.9728698730469,0
2022-06-06,980.452392578125,986.4792940212716,954.862951667885,973.239926539436,26852,Fast Moving Consumer Goods,0.004047195255747926,-0.02184594138120255,-0.022086133381095996,-0.016736155915533124,983.1891845703125,966.7091735839844,957.8368530273438,947.8752288818359,956.1789672851562,963.7929178873698,1
2022-06-07,951.6519165039062,978.1305911532356,944.4394504682014,977.9823654271604,17067,Fast Moving Consumer Goods,-0.029374680802692676,0.004872836346313081,-0.008463130365365723,-0.010916227487386188,976.4114379882812,967.0945007324219,959.0125854492187,947.8505279541016,955.5683764648437,964.4614725748698,0
2022-06-08,942.4140014648438,956.4437657541988,934.5099157022086,956.4437657541988,29623,Fast Moving Consumer Goods,-0.00970724156475189,-0.022023505161623214,-0.022171707535971863,-0.010513680639950285,968.2010620117187,967.0500427246094,959.6185628255208,948.7026885986328,953.6694189453125,962.0671895345052,0
2022-06-09,932.039794921875,941.3765073482256,928.8287604045796,932.9784170722224,17104,Fast Moving Consumer Goods,-0.011008120132811716,-0.02453395538991554,-0.015753417969212258,-0.006079288407935257,956.6116821289063,966.2744445800781,961.2323038736979,950.8269104003906,951.0472338867188,957.0266825358073,0
2022-06-10,918.4547729492188,928.7301089138776,915.8859691097496,928.7301089138776,13196,Fast Moving Consumer Goods,-0.014575581479109423,-0.004553490285098327,-0.013433943098890122,-0.013934528996703777,945.0025756835937,962.6830261230468,958.1036010742188,951.3653747558594,947.079384765625,954.6653361002604,0
2022-06-13,905.166015625,913.76166036497,890.1976295855312,910.5012371563552,16537,Fast Moving Consumer Goods,-0.014468602826841037,-0.019627738545959894,-0.016117113470578426,-0.02804753035925167,929.9453002929688,956.5672424316406,954.4545491536459,950.86396484375,944.2892431640626,951.806689453125,0
2022-06-14,898.6450805664062,928.7300171177596,891.6302290265515,906.993782674578,26299,Fast Moving Consumer Goods,-0.007204131558221527,-0.0038522237407732085,0.0163810295420046,0.0016093049379242164,919.3439331054688,947.877685546875,951.1776448567708,949.0954223632813,942.149208984375,949.5309692382813,0
2022-06-15,893.7544555664062,916.8739300798612,890.2964181145965,899.0897374705536,22244,Fast Moving Consumer Goods,-0.005442220856444746,-0.008714552795187513,-0.012765913472564283,-0.0014959238353899895,909.6120239257813,938.90654296875,947.9040364583333,947.1169281005859,940.8845556640625,946.3265197753906,0
2022-06-16,872.907470703125,903.0911861240324,864.5093795871358,901.7080072987262,31910,Fast Moving Consumer Goods,-0.02332518146728535,0.002912134038520753,-0.015032321787825542,-0.028964553830364226,897.7855590820312,927.1986206054687,943.4448160807292,945.3706176757812,940.2186401367187,942.1702880859375,0
2022-06-17,852.8014526367188,875.0316931993042,849.0964125429545,870.4374193616818,19002,Fast Moving Consumer Goods,-0.023033389839373086,-0.03467928385234442,-0.03107049803592532,-0.01782857121983117,884.6548950195313,914.8287353515625,936.6736490885417,939.7414245605469,938.0232788085938,936.675303141276,0
2022-06-20,855.2221069335938,865.9914485555272,841.7357959704119,854.579936108714,25690,Fast Moving Consumer Goods,0.0028384734681099477,-0.018217832666932665,-0.010331333955143851,-0.008668764187211964,874.66611328125,902.3057067871093,929.2668660481771,934.5074401855469,935.62439453125,932.6853881835938,1
2022-06-21,882.8864135742188,888.2216959359027,862.3851897803701,867.4734694457426,30539,Fast Moving Consumer Goods,0.03234751115101031,0.015087568514349448,0.0256702851020707,0.02453191833923629,871.5143798828125,895.4291564941407,922.4232503255208,931.2618286132813,933.5792138671875,930.3767374674479,1
2022-06-22,876.21728515625,883.330974419159,861.2983473673706,875.3775001634533,13516,Fast Moving Consumer Goods,-0.007553778510386078,0.009111553259099514,-0.005506194612360238,-0.001260274904855696,868.0069458007813,888.8094848632812,915.2733439127604,927.9297637939453,931.294931640625,928.7382873535156,0
2022-06-23,887.282958984375,891.1362246703142,866.5347351750703,866.5347351750703,13019,Fast Moving Consumer Goods,0.01262891524235532,-0.010101658983389328,0.008836155956477798,0.006079644554880526,870.8820434570313,884.3338012695312,908.4264282226562,925.3041229248047,930.4729028320312,928.6625406901042,1
2022-06-24,892.3219604492188,914.650979965142,879.378983043804,879.378983043804,37864,Fast Moving Consumer Goods,0.005679136980847321,0.014822542417920248,0.02638738572604593,0.014822542417920248,878.7861450195312,881.7205200195312,902.8145385742188,922.201773071289,927.5503686523438,928.1504231770833,1
2022-06-27,903.288818359375,908.080646323382,894.1497190213119,901.6585765182564,12599,Fast Moving Consumer Goods,0.012290247686647993,0.025335599217229055,-0.007183432572291593,0.016796780753596918,888.3994873046875,881.5328002929688,897.6703002929687,919.0500213623047,925.285849609375,927.7535766601562,1
2022-06-28,908.9204711914062,912.9219025346956,890.6422729263718,904.0298060814356,10747,Fast Moving Consumer Goods,0.006234609260701296,0.002629853056281828,0.005331306454900098,-0.003922660847871295,893.606298828125,882.5603393554687,894.8215372721354,915.2190124511719,923.73072265625,926.917061360677,1
2022-06-29,894.8907470703125,904.32623778029,892.5194971217755,894.1497389993186,13153,Fast Moving Consumer Goods,-0.015435590423773515,-0.010928917404772975,-0.009415553214946581,0.002107719622644666,897.3409912109375,882.6739685058594,891.6533203125,910.7902557373047,921.8120092773438,925.6359415690105,0
2022-06-30,892.420654296875,902.8935434725552,887.2335981827774,892.6676569689748,14012,Fast Moving Consumer Goods,-0.002760217134353038,-0.00165753225181553,-0.0015842671017169963,-0.005922446463124009,898.3685302734375,884.6252868652343,889.0120442708334,905.9119537353515,919.9170043945312,925.1221740722656,0
2022-07-01,909.0192260742188,912.921880372419,880.3175275019754,880.3175275019754,20192,Fast Moving Consumer Goods,0.0185994930724922,-0.013835081141993943,0.0111068873759963,-0.00779509555878799,901.7079833984375,890.2470642089844,888.3830078125,902.5378997802734,918.1030151367188,923.2433044433594,1
2022-07-04,925.2720336914062,929.7180819045524,901.7080022830872,922.8020069063252,26970,Fast Moving Consumer Goods,0.017879498200910948,0.048260403862348866,0.018398290032528797,0.024298590125554353,906.1046264648437,897.2520568847656,889.7234090169271,899.7788818359375,916.4609423828125,922.0889790852865,1
2022-07-05,912.1808471679688,955.406313795208,905.5611636466632,934.6580898141332,73262,Fast Moving Consumer Goods,-0.014148473148172136,0.012847916258391434,0.02763013045635576,0.004273180845484337,906.7567016601563,900.1815002441406,890.6257934570312,897.8053283691406,913.5265502929688,920.9017191569011,0
2022-07-06,969.8312377929688,975.166519467641,904.0791405622864,905.0671512203083,104808,Fast Moving Consumer Goods,0.06320061510169395,-0.031659639943531936,0.020682515268230395,-0.001636579773815372,921.7447998046875,909.5428955078125,895.697578938802,899.1761901855468,912.9811645507813,921.8008076985677,1
2022-07-07,960.346435546875,992.9507898401332,951.503727397571,981.094661006221,73467,Fast Moving Consumer Goods,-0.009779848159642834,0.08400206513229902,0.018237162594754386,0.052456233871062574,935.3299560546875,916.8492431640625,901.5268432617188,900.5915222167969,911.7955541992187,922.485829671224,0
2022-07-08,939.697021484375,966.5709265536497,937.226994553438,965.18774765436,34066,Fast Moving Consumer Goods,-0.021502046863683177,-0.01621343381437501,-0.02656714064423149,-0.0150043898232336,941.4655151367188,921.5867492675782,907.3198811848958,901.6536346435547,910.3234228515626,921.9967651367188,0
2022-07-11,944.73583984375,949.4782791252172,930.7060758958944,936.6341400735754,21763,Fast Moving Consumer Goods,0.005362173385859537,-0.029583474976942914,-0.01768380049395546,-0.006957672682753491,945.3582763671875,925.7314514160156,913.2874633789063,903.6321258544922,908.8947607421875,921.2771647135417,1
2022-07-12,922.6044311523438,943.3032685346247,918.8500023432324,938.610217447388,22740,Fast Moving Consumer Goods,-0.02342602848121711,0.0021097644098873047,-0.006503582784728623,-0.012738794620255844,947.4429931640625,927.0998474121094,915.9353312174479,904.8300933837891,907.732861328125,919.1792907714844,0
2022-07-13,918.1583251953124,936.0413549255352,914.8979019681984,928.7300516739808,15062,Fast Moving Consumer Goods,-0.004819081511973744,-0.010526377818767974,-0.007698386988916672,-0.004301137688366374,937.1084106445312,929.4266052246094,918.7314005533855,906.0502868652344,906.7626342773438,917.002372233073,0
2022-07-14,919.0475463867188,933.670092386701,915.8859001507636,919.837942869861,19003,Fast Moving Consumer Goods,0.0009684835033405559,-0.009574481613997876,-0.002533288221034713,0.0010798999324839187,928.8486328125,932.0892944335938,920.8490397135416,908.357290649414,906.2429443359375,914.6377339680989,1
2022-07-15,907.883056640625,928.7300582959124,903.9310138393658,918.8499512927644,37537,Fast Moving Consumer Goods,-0.012147891357729534,-0.001074093088630379,-0.005290984611235228,-0.013052811828885957,922.48583984375,931.9756774902344,921.8864461263021,911.1113708496093,905.8200756835937,912.3504923502604,0
2022-07-18,920.4802856445312,926.3095131806156,899.0898277100716,918.8006552243942,23389,Fast Moving Consumer Goods,0.013875387266856665,-5.364974803656608e-05,-0.0026062956546686333,-0.005355703095894171,917.6347290039063,931.4965026855468,923.0325439453125,914.3742797851562,906.432646484375,910.3514221191406,1
2022-07-19,928.8782348632812,948.4408336335252,915.6388680583752,920.4801443550576,39209,Fast Moving Consumer Goods,0.00912344278277466,0.0018279145983557399,0.023891928278830576,0.018406437085883853,918.8894897460938,933.1662414550781,924.3630615234375,916.6738708496093,907.64197265625,909.5922993977864,1
2022-07-20,928.4830322265624,942.5621843513068,923.938207240982,923.938207240982,15892,Fast Moving Consumer Goods,-0.00042546226392847775,0.0037568033456574224,-0.00619822457421737,0.009063987421378927,920.9544311523438,929.0314208984375,926.6025472005208,919.287158203125,909.0311157226563,909.1279337565104,0
2022-07-21,925.963623046875,940.1415522094,915.8365135583896,933.6700943042646,24560,Fast Moving Consumer Goods,-0.002713468197308555,0.010533049707234676,-0.002568140523877216,-0.008768653162190665,922.337646484375,925.5931396484375,928.8387451171875,921.22119140625,911.1533618164062,908.9253946940104,0
2022-07-22,934.11474609375,949.3795237589662,926.7540541784566,926.7540541784566,36046,Fast Moving Consumer Goods,0.008802854500972623,-0.007407370299207794,0.009826149613168855,0.011920840082743522,927.583984375,925.034912109375,930.5117797851562,923.3108306884766,914.4058935546875,909.4473937988281,1
2022-07-25,934.9051513671876,938.9559712306196,924.1852590897754,934.0653663697456,17530,Fast Moving Consumer Goods,0.0008461543688749185,0.007889161270268508,-0.010979331518627733,-0.0027718196398486272,930.4689575195313,924.0518432617188,931.1539876302083,924.8916473388672,917.5932153320313,910.4386983235677,1
2022-07-26,927.0504760742188,937.6222031759748,924.3334465075866,933.6701601699644,11672,Fast Moving Consumer Goods,-0.008401574514251386,-0.0004231033651500571,-0.0014204798686106024,0.00016034384486629527,930.1034057617187,924.4964477539063,932.1452962239583,925.7981475830078,919.3597778320312,911.3855448404948,0
2022-07-27,923.938232421875,933.6701137186454,916.7751548298536,931.64470383951,17775,Fast Moving Consumer Goods,-0.003357145843366771,-0.0021693488952090334,-0.004215012660688577,-0.008177018484282428,929.1944458007813,925.0744384765625,929.085762532552,927.250521850586,921.2686157226562,912.391670735677,0
2022-07-28,927.54443359375,937.6221547997994,920.8259728908464,925.8154148678284,25199,Fast Moving Consumer Goods,0.0039030760340139636,-0.006256987183695495,0.004232802381789469,0.004418551309611551,929.5106079101563,925.9241271972656,926.8989624023437,929.0067108154296,922.8790747070312,914.2129028320312,1
2022-07-29,939.2029418945312,952.9363146668652,932.9784865810238,934.6581168220368,31361,Fast Moving Consumer Goods,0.012569218118867465,0.009551258071751612,0.01633297569673542,0.013197405425072528,930.5282470703125,929.0561157226563,926.8660237630208,930.5158966064453,924.7543139648437,917.0929524739583,1
2022-08-01,946.7118530273438,956.295568758838,934.658110576567,939.2029356186924,25641,Fast Moving Consumer Goods,0.007994982551551288,0.004862546758924724,0.003525161167928781,0.001800281592449382,932.8895874023438,931.6792724609375,926.9977579752605,931.5878875732421,926.4912353515625,920.1426106770833,1
2022-08-02,950.2192993164062,985.046676806298,944.7358519425052,950.960307348106,70845,Fast Moving Consumer Goods,0.003704872055680486,0.01251845717631661,0.030065085509886513,0.010782275627738924,937.5233520507812,933.81337890625,928.8387491861979,933.4898101806641,928.1431884765625,922.387040201823,1
2022-08-03,941.6730346679688,960.39585069891,936.7329808499574,954.9124030215957,20768,Fast Moving Consumer Goods,-0.008993991865441697,0.004155899718370604,-0.025025033521569373,-0.008471014491609252,941.0703125,935.1323791503906,930.406396484375,932.081900024414,930.0144799804688,924.5688985188802,0
2022-08-04,945.427490234375,951.5531085084372,931.6447285109564,950.910937716938,12736,Fast Moving Consumer Goods,0.0039870054978583536,-0.0041904003885550045,-0.0092073931640142,-0.0054319133018931876,944.646923828125,937.0787658691406,932.1650594075521,931.3359527587891,932.1347534179688,926.5070495605469,1
2022-08-05,935.0038452148438,952.5904828527896,929.767400882556,947.8974323119254,16719,Fast Moving Consumer Goods,-0.011025324657047086,-0.0031690721869787053,0.0010901906946407802,-0.0020150681595128006,943.8071044921875,937.16767578125,933.9731119791667,931.1012939453125,933.1741381835938,927.9297790527344,0
2022-08-08,916.0341796875,937.4245759791834,914.8979432176556,934.9545491346432,30296,Fast Moving Consumer Goods,-0.020288328892363983,-0.013654307666721266,-0.015920699552012918,-0.01599266402627797,937.6715698242188,935.2805786132812,933.6767049153646,929.6662109375,932.8046240234376,928.3546244303385,0
2022-08-10,901.2139892578124,923.3947813563988,898.0523429391328,923.3947813563988,29497,Fast Moving Consumer Goods,-0.016178643502956835,-0.012363989018443489,-0.014966318338869966,-0.018412545796395063,927.8705078125,932.6969299316406,931.832421875,928.5966888427735,932.3659497070313,928.0977416992188,0
2022-08-11,904.4744262695312,916.8245602775172,901.609171058323,905.0178201052048,30046,Fast Moving Consumer Goods,0.0036178277862775055,-0.019901521670070088,-0.007115289377345624,0.003960602237893518,920.4307861328125,930.7505493164062,930.2318481445312,927.9124938964844,929.7516772460938,928.4171976725261,1
2022-08-12,896.0269165039062,907.981821699818,888.8638390204203,906.9938110124406,33923,Fast Moving Consumer Goods,-0.009339688906922938,0.002183372374928494,-0.009644962581524363,-0.014136204962225563,910.5506713867187,927.5987976074218,928.2360677083333,926.7614624023438,927.178896484375,928.5374064127604,0
2022-08-16,899.3861083984375,905.5117866645926,889.2589989458329,889.2589989458329,34168,Fast Moving Consumer Goods,0.003748985474273603,-0.01955339920876753,-0.0027203573642050616,0.0004445674444897296,903.4271240234375,923.6171142578125,925.9208251953125,926.3366149902344,925.5664599609376,928.2163024902344,1
2022-08-17,910.7138671875,925.8009202088216,901.5627038794852,905.1737276082772,34745,Fast Moving Consumer Goods,0.012594989719414418,0.0178966180621285,0.02240626112550448,0.013835907140931525,902.3630615234375,920.0173156738281,924.3080729166667,925.8482940673828,924.2055810546875,927.7310302734375,1
2022-08-18,882.6173095703125,919.7660718785296,878.8578646550716,912.1483350945264,107378,Fast Moving Consumer Goods,-0.03085113626737268,0.007705269467639164,-0.006518516236655669,-0.025183871434247607,898.6437255859375,913.2571166992187,921.3458618164062,923.5352478027344,922.6060961914062,926.7455790201823,0
2022-08-19,890.086669921875,901.3153704174986,885.832627726233,887.316600146782,57134,Fast Moving Consumer Goods,0.008462739480147752,-0.02722335172071666,-0.02006021098750399,0.007936167327692756,895.7661743164062,908.0984802246094,919.0890909830729,921.6154296875,921.4832299804688,924.0874267578125,1
2022-08-22,893.8460083007812,912.148333871965,885.7830677473073,890.0866237735684,44564,Fast Moving Consumer Goods,0.0042235644077628365,0.003121798494841732,0.012019059931762222,-5.594733968294907e-05,895.3299926757812,902.94033203125,916.842529296875,920.0095489501953,920.4751684570313,921.8707458496094,1
2022-08-23,892.1641845703125,902.1067874596728,888.5532213348583,894.2912358057786,22417,Fast Moving Consumer Goods,-0.0018815586967445563,0.004723823412135397,-0.011008677031362879,0.0031273498991077897,893.8856079101563,898.6563659667969,913.706612141927,917.9120208740235,919.8464135742188,920.286317952474,0
2022-08-24,897.1602172851562,918.0842521418,894.3406938967535,905.2231580923998,75153,Fast Moving Consumer Goods,0.0055999027995614625,0.012224118775771453,0.017711278647087436,0.006513366248563912,891.1748779296875,896.7689697265625,910.4031697591146,916.0247741699219,918.9136108398437,918.7004638671875,1
2022-08-25,899.633544921875,909.6256623609509,896.6656000082277,901.2659387775784,38103,Fast Moving Consumer Goods,0.0027568405164053456,-0.004371540077653946,-0.009213304510033882,0.0025995754496468404,894.578125,896.6109252929688,907.0307861328125,914.6539276123046,917.7438232421875,917.9347676595052,1
2022-08-26,894.5880126953125,909.8729402224416,892.3620541345556,904.5306155234288,28532,Fast Moving Consumer Goods,-0.005608430516006013,0.003622323451253795,0.00027184574020133745,-0.004799499248808736,895.4783935546875,895.6222839355469,903.8917846679688,913.1864166259766,916.3880224609375,917.1490905761718,0
2022-08-29,886.7230224609375,902.5520624616076,880.6387714404773,881.4796650373147,34254,Fast Moving Consumer Goods,-0.008791745611120505,-0.02548388091073628,-0.008046044054287549,-0.013137361275909476,894.0537963867188,894.69189453125,899.9781534830729,911.1453460693359,914.8183984375,916.0716064453125,0
2022-08-30,899.0399169921875,910.1697096372076,888.8994392489469,888.8994392489469,38982,Fast Moving Consumer Goods,0.013890351574572524,0.00841740825787296,0.008440119404107937,0.009380313559165243,895.4289428710938,894.657275390625,897.5805582682292,909.1371948242188,913.4154052734375,915.7768351236979,1
2022-09-01,897.4075927734375,907.8943677745076,895.3300554719489,895.3300554719489,25727,Fast Moving Consumer Goods,-0.0018156304162901815,0.007234357385167645,-0.0024999094549157386,0.007234357385167645,895.47841796875,893.3266479492188,896.3387858072916,906.6719818115234,911.9155029296875,915.0077453613281,0
2022-09-02,897.3580322265625,909.031935504992,895.3794025053716,898.2978934207257,25370,Fast Moving Consumer Goods,-5.522635118548891e-05,0.003314797633161559,0.0012529736617630238,5.51160246671234e-05,895.0233154296875,894.8007202148438,896.0817220052083,904.0289184570313,910.7278051757812,913.9570719401041,0
2022-09-05,910.6149291992188,938.1178718686784,895.2310942865652,900.1776688811799,145083,Fast Moving Consumer Goods,0.014773252700221118,0.002092596981716266,0.031996605650084664,-0.00016563729117669013,898.2286987304688,896.8535461425781,896.4910888671875,902.4760131835938,910.194873046875,913.3614685058594,1
2022-09-06,900.1281127929688,919.5187205281136,895.3299598134619,914.126942395181,43413,Fast Moving Consumer Goods,-0.011516192047797746,0.015496133703625903,-0.01982602815520018,0.0001104357606964701,900.909716796875,897.4817565917969,896.764501953125,900.2110443115234,909.0982202148438,912.5002848307291,0
2022-09-07,904.580078125,918.0347973437852,897.506512636318,900.1281609595252,30260,Fast Moving Consumer Goods,0.004945924106533495,-0.015313826544677056,-0.0016138042121384144,0.002431006355812837,902.0177490234375,898.7233459472657,897.1107666015625,898.6898559570312,907.7133056640625,911.5157958984375,1
2022-09-08,905.322021484375,913.187086847847,902.6014055675316,911.1590034227978,21177,Fast Moving Consumer Goods,0.0008202074944132498,0.012254746536886296,-0.005280530226048463,0.005676719733484603,903.600634765625,899.5395263671875,896.7513102213542,898.154248046875,906.0577124023438,910.5296915690104,1
2022-09-09,900.7217407226562,911.2084542526378,898.4957822521707,910.1696857096754,20884,Fast Moving Consumer Goods,-0.005081375082620965,-0.0010857794406969878,-0.0021667329988634965,-0.004548656018078634,904.2733764648438,899.6483459472656,897.9582722981771,898.1296356201171,904.0778100585937,909.6520670572917,0
2022-09-12,916.2540283203124,933.1712891331132,898.6441746107193,898.6441746107193,83558,Fast Moving Consumer Goods,0.01724426856311312,-0.01266303556349424,0.024102975315883235,0.00016515643309622519,905.4011962890625,901.8149475097656,899.7027628580729,898.7186157226563,903.0610498046875,909.395926920573,1
2022-09-13,919.1229858398438,929.9559959544212,912.3462030012438,918.1336709505306,40706,Fast Moving Consumer Goods,0.0031311813436616376,0.021687667811627342,-0.003445555190279115,0.015247445849698948,909.2001708984375,905.0549438476562,901.3878946940105,899.8734191894531,902.0088696289063,909.1152119954427,1
2022-09-14,957.4589233398438,979.3722719603608,908.7351657770624,912.8408466588982,339309,Fast Moving Consumer Goods,0.041709257727866156,-0.005764764390083665,0.05313829495257272,-0.00395796816197902,919.7759399414062,910.8968444824219,905.7408772786458,902.7770599365234,902.9070727539063,909.7237447102865,1
2022-09-15,997.3778076171876,1029.7283554713615,964.0378845127304,973.4858294188052,513412,Fast Moving Consumer Goods,0.04169252936522572,0.06643543941079622,0.051416693072395825,0.060856804950844445,938.1870971679688,920.8938659667969,912.422049967448,907.1102569580078,906.1608178710937,911.4126098632812,1
2022-09-16,958.5472412109376,1017.807228520041,946.8238232883638,989.8590219074284,159161,Fast Moving Consumer Goods,-0.03893265531846879,0.016819137982109433,-0.011576962883442787,-0.017856208247529093,949.752197265625,927.0127868652344,916.3496297200521,910.9067535400391,908.4541479492187,911.6902079264323,0
2022-09-19,930.5001220703124,977.393672733065,925.0094364226902,962.6034028227568,60409,Fast Moving Consumer Goods,-0.029260028024485463,-0.027534849389108773,-0.03970649318902941,-0.023039541601214797,952.601416015625,929.0013061523438,918.7437703450521,912.9274261474609,909.49517578125,911.3177775065104,0
2022-09-20,943.3118286132812,976.3549729297548,935.1499800699572,939.2556613691904,78447,Fast Moving Consumer Goods,0.013768624247424643,-0.024254787989634208,-0.0010627240919267589,0.010962638053168217,957.4391845703125,933.319677734375,922.516357421875,915.4007171630859,911.386572265625,911.247255452474,1
2022-09-21,953.8973999023438,968.4403404181016,940.6405566277374,945.7850059753304,94838,Fast Moving Consumer Goods,0.011221709479275699,0.006951615917461629,-0.00810630634461118,0.0058713325934833804,956.7268798828125,938.2514099121094,926.1735229492188,918.4873779296875,913.5670239257812,911.877040608724,1
2022-09-22,965.2745361328124,971.507207772064,944.3505023621232,944.79570613271,57437,Fast Moving Consumer Goods,0.011927002035683643,-0.0010460092265895948,0.0031668108255777927,0.003944063126180897,950.3062255859375,944.2466613769532,930.6979858398438,921.8930938720703,915.7494506835938,913.5183858235677,1
2022-09-23,930.5990600585938,969.3801547995554,925.0094068692368,967.5499464364852,48378,Fast Moving Consumer Goods,-0.03592291599562891,0.024083767692927083,-0.002189436121000643,-0.020480844182862223,944.7165893554687,947.2343933105469,932.9140543619792,923.4413696289063,917.668720703125,914.4978881835938,0
2022-09-26,910.1697387695312,933.418639705492,905.1737104322316,917.1938506437951,48201,Fast Moving Consumer Goods,-0.021952871183618217,-0.05204495744964177,-0.03709743274195598,-0.02144377807371778,940.6505126953125,946.6259643554688,932.884375,924.2204559326171,918.4720434570313,914.6877319335938,0
2022-09-27,913.6817016601562,925.2072436142632,903.5412246250182,917.094849909556,33764,Fast Moving Consumer Goods,0.003858580153821567,-0.00010793872437064866,-0.008797120329437136,-0.0018035055463926364,934.7244873046875,946.0818359375,933.7879475911458,925.5683898925781,919.2654711914063,915.2762247721354,1
2022-09-28,903.9865112304688,921.9426012428532,900.1776729286859,909.1804145781678,44313,Fast Moving Consumer Goods,-0.01061112465322589,-0.0086298983493025,-0.0035285525420843955,-0.0037226322437343695,924.7423095703125,940.7345947265625,933.7483764648438,925.8157196044922,919.7383642578125,915.4295715332031,0
2022-09-29,905.470458984375,920.5080574871542,904.2338153638008,908.5373110102032,20512,Fast Moving Consumer Goods,0.0016415596200505256,-0.0007073442824468978,-0.00155600115860266,0.004505935391530436,912.781494140625,931.5438598632812,933.7582722981771,926.218862915039,920.0707739257813,915.2547912597656,1
2022-09-30,906.36083984375,917.0948820009218,900.820640356994,902.2551589911982,22633,Fast Moving Consumer Goods,0.000983335072437086,-0.0069145779076699165,-0.0037079257030622204,-0.003774659771415001,907.9338500976562,926.3252197265625,934.1342122395833,926.6690032958984,920.3398657226562,916.0462422688802,1
2022-10-03,900.9691162109376,916.1550761891368,898.0011714295572,906.6082233721582,32705,Fast Moving Consumer Goods,-0.005948760577235257,0.0048246489228469525,-0.0010247639914143791,-0.0031298893488046486,906.0937255859375,923.372119140625,933.1152180989583,926.1867126464844,920.5951098632812,916.4089904785156,0
2022-10-04,911.5053100585938,919.0735936210492,907.201814155546,907.201814155546,26741,Fast Moving Consumer Goods,0.01169428969104569,0.0006547379210612991,0.003185615086096938,0.010245691229268772,905.658447265625,920.1914672851562,932.607373046875,926.7555725097657,921.5864013671875,916.9976338704427,1
2022-10-06,932.1819458007812,936.88119148139,910.1696897179291,910.1696897179291,59982,Fast Moving Consumer Goods,0.022684054074088023,0.0032714612295454693,0.019375595147044677,0.0032714612295454693,911.2975341796875,918.019921875,930.9222412109375,928.1356658935547,922.9120825195313,918.3315592447917,1
2022-10-07,924.6136474609376,934.9025461966136,919.1724157105868,933.2701525183136,28905,Fast Moving Consumer Goods,-0.00811890680133498,0.02538039121863478,-0.0021119489885882414,0.009891261041056865,915.126171875,913.9538330078125,926.0712972005208,929.1002471923828,924.0003247070313,919.2466735839844,0
2022-10-10,914.5722045898438,937.8211055840146,911.0601486439184,919.0735754716914,26436,Fast Moving Consumer Goods,-0.01086014996498097,-0.01521164799743624,0.0031217792691595747,-0.008825620664864142,916.7684448242187,912.3511474609375,923.1396280924479,929.7927703857422,924.6888916015625,919.74462890625,0
2022-10-11,900.1281127929688,920.0628316315132,897.308589558906,914.5721461645036,24731,Fast Moving Consumer Goods,-0.01579327659903318,-0.004897789934693253,-0.018935673175581536,-0.015094018880620785,916.600244140625,911.3469848632812,921.1148274739584,928.986474609375,924.2694189453125,919.9292989095052,0
2022-10-12,894.2417602539062,923.0307996260236,885.4862871787853,904.6295666805656,141394,Fast Moving Consumer Goods,-0.006539460833856148,-0.010871290499754216,0.0032258318589475365,-0.013175291664077493,913.1475341796875,909.4029907226562,917.8434895833333,927.7424133300781,924.03396484375,920.1799235026042,0
2022-10-13,890.8781127929688,900.1281834255733,888.404825417086,894.2418077773664,19276,Fast Moving Consumer Goods,-0.0037614520037427823,-0.011482886792342994,-0.024812407353827837,0.003295972259038882,904.886767578125,908.0921508789063,913.6422037760417,924.4133728027343,923.4858862304687,919.9078633626302,0
2022-10-14,890.3834228515625,908.6857487657336,887.1681493801541,900.1776646561259,22302,Fast Moving Consumer Goods,-0.0005552835279063473,0.006637865538307919,0.009507051881870066,-0.0013920185950716535,898.04072265625,906.583447265625,908.649462890625,919.0636535644531,922.8883422851562,919.6737243652344,0
2022-10-17,887.5144653320312,896.9129578636438,881.5785753120654,894.3407630081903,48212,Fast Moving Consumer Goods,-0.0032221596290989973,-0.006484166267517133,-0.012955844105710712,-0.006300467472816762,892.6291748046875,904.6988098144532,905.7771565755208,915.5120147705078,922.3600512695313,919.34560546875,0
2022-10-18,896.2698364257812,899.188327427077,885.4368263066606,885.4368263066606,24545,Fast Moving Consumer Goods,0.009865046076149797,-0.009955865895657667,0.0025368900554774143,0.004376525363300132,891.85751953125,904.2288818359375,904.8504964192708,913.8005004882813,921.56068359375,918.8674357096354,1
2022-10-19,886.4756469726562,899.6830377566703,884.398109735302,896.3193427806762,11724,Fast Moving Consumer Goods,-0.010927724057057553,0.012290562297265994,0.0005501743233353729,-0.001173112005846022,890.304296875,901.7259155273438,903.0367594401042,910.95869140625,920.2547900390625,918.412353515625,0
2022-10-20,886.2777709960938,895.3300269131083,882.4689326038592,882.518386274604,24867,Fast Moving Consumer Goods,-0.00022321648342882305,-0.015397365478309388,-0.004838382697995525,-0.00218134470235376,889.384228515625,897.135498046875,901.8561767578125,907.5777099609375,917.4075439453125,917.8022766113281,0
2022-10-21,884.2496337890625,894.3406577115203,880.6386706818568,890.3833981641242,17715,Fast Moving Consumer Goods,-0.0022883764812828833,0.008912009100140006,-0.0011050329731474573,-0.002074024200038438,888.157470703125,893.0990966796875,900.441455078125,903.52646484375,912.8824169921875,917.099863688151,0
2022-10-24,867.5797729492188,884.5464884144627,855.1143681271483,884.4970347426794,38849,Fast Moving Consumer Goods,-0.018851985008365157,-0.006611043549982876,-0.010951273670280592,-0.028983853882938893,884.1705322265625,888.399853515625,897.8560506184896,900.3755004882812,909.2437182617188,915.9951314290364,0
2022-10-25,853.48193359375,869.5582999142018,846.8535120188742,846.8535120188742,84107,Fast Moving Consumer Goods,-0.016249617378174985,-0.042559241292150385,-0.016944489290921294,-0.009660527779888461,875.6129516601562,883.7352355957031,894.6902384440104,897.5411102294922,906.1629907226562,913.9027282714844,0
2022-10-27,867.2334594726562,869.6078395016256,854.7186616072349,854.7186616072349,22885,Fast Moving Consumer Goods,0.016112263584775466,0.009287497160648694,5.69709787470174e-05,0.009287497160648694,871.7645141601563,881.0344055175781,891.7387817382812,895.2186981201172,903.1198559570313,912.1730773925781,1
2022-10-28,872.2789916992188,875.5437189134842,863.6719396739794,866.5904308136227,17522,Fast Moving Consumer Goods,0.00581796305418214,0.013889680592750642,0.006825926747924038,0.01047511709865856,868.9647583007812,879.1744934082031,887.7452514648437,893.6333221435547,899.8551196289062,909.3337463378906,1
2022-10-31,863.9192504882812,875.3952793618976,861.6932919270461,874.8511682346382,18485,Fast Moving Consumer Goods,-0.009583792903979704,0.009532458618611406,-0.00016953985092926782,-0.002290971439549483,864.898681640625,876.528076171875,883.6989583333333,891.55576171875,895.800908203125,904.8851277669271,0
2022-11-01,866.4913940429688,870.4486534741324,861.6932411358777,866.7387227574166,13837,Fast Moving Consumer Goods,0.0029772962614662557,-0.009272943526602018,-0.005650734021973469,-5.89434417941348e-08,864.681005859375,874.4257690429688,880.4935709635416,889.562289428711,893.2366015625,901.8165995279948,1
2022-11-02,865.9967651367188,874.1091593143931,860.7039546264072,863.9192280201265,19346,Fast Moving Consumer Goods,-0.0005708411066174257,-0.0032529926992532765,0.00420530932600216,-0.0011480727273274205,867.1839721679687,871.3984619140625,878.2181477864583,887.813671875,891.4696826171875,899.6664876302083,0
2022-11-03,861.0502319335938,869.6078302984878,858.7748196533246,865.5516632068337,14708,Fast Moving Consumer Goods,-0.0057119534417015005,0.001889569225641985,-0.005149618863890981,-0.002241345543625317,865.9473266601562,868.8559204101563,876.0053792317708,885.29091796875,889.364423828125,896.9244344075521,0
2022-11-04,868.4700927734375,869.954065178051,860.0114621437389,861.05023075037,14871,Fast Moving Consumer Goods,0.008617221811997533,-0.0052006513854829794,0.0003981506001899948,0.0014400078601670696,865.185546875,867.0751525878907,874.5115112304687,882.1053253173828,887.9437670898437,894.0768575032552,1
2022-11-07,916.2540283203124,946.7743691496308,878.5116403394693,878.5116403394693,470873,Fast Moving Consumer Goods,0.055020818729955456,0.020279199709269502,0.08830386229169163,0.021511548403803094,875.6525024414062,870.2755920410157,876.2362182617187,881.6873443603515,888.3751098632813,892.4428405761719,1
2022-11-09,952.7102661132812,966.560674966434,915.1162992261528,925.108355745588,266124,Fast Moving Consumer Goods,0.039788351992078974,0.0530405213391516,0.020898649627127952,0.04166667486903064,892.8962768554687,878.7886413574219,880.5826049804688,883.5942474365235,890.2290869140625,893.1798807779948,1
2022-11-10,927.8289794921876,950.8305515290324,925.0094561053836,949.7423292632816,34170,Fast Moving Consumer Goods,-0.026116320466032628,0.02662820345822081,-0.01627432591125011,0.010810819223301626,905.2627197265625,886.2233459472657,882.6865478515625,884.9792907714843,891.3034814453125,893.7685221354167,0
2022-11-11,935.051025390625,964.582051744689,930.005483044012,931.1926730304498,35222,Fast Moving Consumer Goods,0.007783811519219919,-0.019531251436608943,0.014462619226467632,0.005401054989927712,920.0628784179687,893.0051025390625,885.9249064127604,887.0197540283203,892.2453100585938,894.4808329264323,1
2022-11-14,934.8531494140624,952.5123966524465,919.7166431550204,935.0510244754404,51990,Fast Moving Consumer Goods,-0.00021162051181100594,0.004143451249926766,-0.012512833999359207,-0.01106320347199996,933.3394897460937,899.2625183105469,889.1632649739583,889.218505859375,892.352158203125,895.5097208658855,0
2022-11-15,925.3556518554688,939.3544816060582,920.1122950510636,932.923934865206,19222,Fast Moving Consumer Goods,-0.010159347021022946,-0.0022748380083618125,-0.01381390425219764,0.00043018890545032384,935.159814453125,905.4061584472656,891.9036661783854,890.9671173095703,892.3818383789062,896.1725606282552,0
2022-11-16,911.4063720703124,931.2915778531956,906.2124687287992,925.9987671726594,21351,Fast Moving Consumer Goods,-0.015074506496162932,-0.007423078595949151,-0.008583451626352101,-0.015106662955191807,926.8990356445313,909.89765625,894.825439453125,892.1617126464844,892.255205078125,896.3407450358073,0
2022-11-17,898.0505981445312,916.7981275274788,894.3901209474324,911.4063492598729,19574,Fast Moving Consumer Goods,-0.014654027374685463,-0.01575857164188399,-0.015562741756053433,-0.013045889556067114,920.943359375,913.1030395507812,897.7966837565104,892.2507507324219,892.1721044921875,896.2434611002604,0
2022-11-18,893.4008178710938,905.2231431284404,889.1962295013715,900.2765685758259,12699,Fast Moving Consumer Goods,-0.005177637299105919,-0.012211655858097914,-0.012625445069630592,-0.005807187852834295,912.6133178710937,916.3380981445313,899.5411743164062,892.5970092773438,892.138466796875,895.6399780273438,0
2022-11-21,917.5895385742188,934.9025487359964,891.0759122316366,897.9021485799166,85182,Fast Moving Consumer Goods,0.027074880858923844,-0.002637433960616664,0.03278683917093028,0.002113912169104948,909.160595703125,921.2500427246093,902.5618774414063,894.16259765625,893.206923828125,895.153564453125,1
2022-11-22,912.34619140625,932.6271463794204,906.41030214581,919.122974158724,42987,Fast Moving Consumer Goods,-0.005714262148319604,0.023633784162750304,-0.002433839077294664,0.017208847982176367,906.5587036132813,920.8592590332031,905.7903401692708,895.5674255371093,894.0854345703125,894.7446492513021,0
2022-11-23,903.7391357421876,927.3342712906356,893.4502369182549,914.1269419001436,30582,Fast Moving Consumer Goods,-0.009433979935616121,-0.005435651592925583,-0.005675231639280964,-0.01429823248574491,905.0252563476563,915.9621459960938,908.2735229492188,897.3753936767578,894.7344213867187,894.3835469563802,0
2022-11-24,907.3502197265624,921.0522074674848,898.3474175591153,903.739196048923,23388,Fast Moving Consumer Goods,0.003995714959725838,-0.011363570391687894,-0.006774325092512301,0.005481201345642006,906.8851806640625,913.9142700195313,911.030419921875,900.0688079833984,895.17763671875,894.6242838541667,1
2022-11-25,908.8341674804688,916.1550615947904,904.2338289894162,910.169718457618,20685,Fast Moving Consumer Goods,0.0016354740668422796,0.007115462554693641,-0.0053169036814531,0.006552488842562543,909.9718505859375,911.2925842285156,914.216015625,902.1488433837891,896.0719775390625,895.1106974283854,1
2022-11-28,904.3822631835938,913.038768780614,900.2765820900963,908.883634017446,20882,Fast Moving Consumer Goods,-0.004898478134043871,-0.0014130160717185092,-0.0034014905825567876,-0.004376353518804499,907.3303955078125,908.2454956054687,916.6101603190104,903.7540069580078,896.7961572265625,895.5608357747395,0
2022-11-29,949.9896240234376,966.5111947787036,905.2725788764316,905.2725788764316,417467,Fast Moving Consumer Goods,0.050429295991827106,-0.0039730665245371055,0.05856534007805969,0.00554940213454902,914.85908203125,910.7088928222656,918.859200032552,908.0575256347656,899.4257568359375,897.5477091471354,1
2022-11-30,950.7316284179688,974.4751862556705,945.2903964134956,954.4910129990068,155145,Fast Moving Consumer Goods,0.0007810657882647565,0.054368634675383776,0.008239937126429675,0.04420526863492502,924.2575805664062,914.6414184570312,918.7272908528646,912.2695373535156,902.7518310546875,899.6549479166666,1
2022-12-01,992.5796508789062,1009.101222181416,955.0351374476172,959.0419111950245,461588,Fast Moving Consumer Goods,0.044016651187436695,0.004767879565171329,0.035533009371734536,0.010308727425026198,941.303466796875,924.0943237304688,923.0440022786458,918.598681640625,908.3157397460938,902.8652750651041,1
2022-12-02,994.3109130859376,1001.8791961093318,981.4003659133724,996.9326216843652,99016,Fast Moving Consumer Goods,0.001744204815702588,0.039508920357950394,-0.007156889629438834,0.027606553342338414,958.3988159179687,934.1853332519531,926.9946614583333,925.2617156982421,913.398837890625,906.4597839355469,1
2022-12-05,1025.029296875,1036.8021700970494,991.2936778981332,1008.112033710776,197623,Fast Moving Consumer Goods,0.030894143255176587,0.011213809021037635,0.034857469965776655,0.010080811387871425,982.52822265625,944.9293090820313,933.0064046223958,933.0896759033203,919.5088500976562,911.0848347981771,1
2022-12-06,1004.4019775390624,1032.8942956835494,994.3604068977876,1018.0050577569024,90196,Fast Moving Consumer Goods,-0.02012363880605561,0.009813417274378677,-0.003769161105376728,0.003093663429950322,993.410693359375,954.1348876953125,938.2761596679687,937.4970733642579,925.1281591796875,915.089912923177,0
2022-12-07,982.1917724609376,1018.6974542503186,975.9096473073096,1011.9701857199194,58396,Fast Moving Consumer Goods,-0.022112864744196492,-0.0059281356128823015,-0.013744718595658068,-0.018555404521828023,999.7027221679688,961.9801513671875,942.995186360677,938.9711486816407,929.7561743164063,918.910312906901,0
2022-12-08,995.1023559570312,1013.9488528801144,980.9551651350096,986.1985219648932,61253,Fast Moving Consumer Goods,0.013144666711822905,-0.025466821175855303,-0.004661444229973943,0.005170066554441188,1000.2072631835938,970.7553649902344,949.4653035481771,942.3348175048828,934.9203979492188,923.6309936523437,1
2022-12-09,974.4257202148438,1002.274898345263,961.8119552737172,1000.0489398262406,49391,Fast Moving Consumer Goods,-0.020778400953841536,0.014044249259015373,-0.011513356419992626,-0.01951486728616969,996.230224609375,977.3145202636719,954.8669637044271,944.3035522460938,939.4554174804688,927.2040690104167,0
2022-12-12,974.524658203125,994.2615031025044,969.3802084985338,969.5286298909992,35921,Fast Moving Consumer Goods,0.00010153466419127177,-0.03051881634967213,-0.007995206959675927,0.007868745219186568,986.129296875,984.328759765625,958.6626383463541,946.2871276855469,943.6976000976563,930.6122578938802,1
2022-12-13,975.662353515625,990.947280594487,964.8293434277138,981.4003677829194,38912,Fast Moving Consumer Goods,0.0011674361473805739,0.01224485541314535,-0.003333350931999046,-0.0046946131465472885,980.3813720703125,986.8960327148437,962.8837158203125,948.8024627685547,946.0739331054688,934.3370279947917,1
2022-12-14,969.6275024414062,983.37900360681,964.5820206404824,972.2986647290084,19726,Fast Moving Consumer Goods,-0.006185388882202214,-0.00927419975852739,-0.007637416375103845,-0.0002563383762279603,977.8685180664063,988.7856201171875,967.2762736002604,951.7135192871094,946.7506225585937,937.7748982747396,0
2022-12-15,967.4015502929688,995.1518815294774,962.603397183738,975.316069488724,72351,Fast Moving Consumer Goods,-0.0022956776110751864,0.003103372316732189,0.011971862201132222,-0.002051275489699189,972.3283569335938,986.2678100585938,971.2796956380208,955.1810668945312,948.333525390625,941.1550577799479,0
2022-12-16,955.8760986328124,994.26150588801,947.3679539944236,969.5286326072138,145295,Fast Moving Consumer Goods,-0.011913823847673144,-0.005933909080923949,-0.0008947133176283595,-0.015827331623686658,968.6184326171875,982.4243286132812,974.4158243815104,958.3048309326172,949.1665283203125,944.3159200032552,0
2022-12-19,985.852294921875,996.635851453042,959.0913390329569,961.614079943866,105010,Fast Moving Consumer Goods,0.031359918227830574,-0.00816329956348405,0.0023880493722940876,0.012374690308135872,970.8839599609375,978.5066284179687,979.8471598307292,961.71796875,951.206494140625,948.2286600748698,1
2022-12-20,964.9283447265624,988.9192330695514,959.7839551202349,985.8523807747796,41494,Fast Moving Consumer Goods,-0.021224224260664504,0.02520585059687197,-0.007742665861598552,0.0007221586298300497,968.737158203125,974.5592651367188,980.8430745442708,964.3470764160156,952.7894018554688,949.8511372884115,0
2022-12-21,937.4253540039062,974.3763030331386,933.9132980634228,969.775964435032,51845,Fast Moving Consumer Goods,-0.028502624959628298,-0.016307123311010474,-0.014705882492822342,-0.026954667161081303,962.296728515625,970.0826232910156,979.9559895833333,966.0313873291016,953.8301611328125,949.341640218099,0
2022-12-22,915.1162719726562,949.7917467421574,905.4209981407868,942.8170888539906,50580,Fast Moving Consumer Goods,-0.023798249040271946,-0.027799075837837472,-0.025231069571839737,-0.030508506498106436,951.8396728515625,962.0840148925781,974.7917643229167,966.4196899414062,954.5127880859375,948.9178833007812,0
2022-12-23,889.3446655273438,915.5615110876583,881.4795997826512,910.1202789902344,61926,Fast Moving Consumer Goods,-0.028162111454709815,-0.034679907959135226,-0.0360397274159423,-0.0264422831006762,938.5333862304688,953.5759094238281,967.794014485677,965.44521484375,954.3505419921875,947.3943379720052,0
2022-12-26,902.4036254882812,907.2017786814372,882.9635632204828,890.5318464869974,25785,Fast Moving Consumer Goods,0.01468380085598664,-0.02152290521970357,-0.009130716292660712,0.0016834915274244189,921.84365234375,946.3638061523437,959.6189697265625,965.3462829589844,953.74310546875,946.3126871744792,1
2022-12-27,903.9865112304688,915.0173967792545,900.326033937397,906.9544560005824,18742,Fast Moving Consumer Goods,0.0017540773302313628,0.018441350052072147,0.008615082423203413,0.019663858668852674,909.6552856445312,939.1962219238281,952.9246053059895,963.0461273193359,953.4087182617187,945.6003824869791,1
2022-12-28,905.8662109375,910.1202529243244,899.1388213215106,908.4384055203268,21916,Fast Moving Consumer Goods,0.002079344861543042,0.0016361896784633512,-0.005351968030517629,-0.001318647435634368,903.34345703125,932.8200927734375,947.8362345377604,960.8028564453125,953.4938012695312,945.4157104492188,1
2022-12-29,899.1388549804688,907.6469996556062,890.3834419544467,900.5239200433723,24191,Fast Moving Consumer Goods,-0.007426434362828194,-0.008712187231253554,-0.0027175016276929087,-0.009737516787669875,900.1479736328125,925.9938232421875,941.4386678059896,956.1308166503907,953.1653466796874,945.4519856770834,0
2022-12-30,897.4075927734375,906.0640988346304,894.7364906380934,903.2445752993252,19391,Fast Moving Consumer Goods,-0.0019254670148459718,0.0030211915479401164,-0.0017439608367311177,0.004888959608336352,901.7605590820312,920.14697265625,936.3041259765625,951.2856506347656,952.7082836914062,945.5855448404948,0
2023-01-02,925.0093994140624,934.803640737524,896.9623471251305,901.908921453548,102370,Fast Moving Consumer Goods,0.030757268896423717,-0.0014787288872835092,0.03171910457533644,0.002487722933318226,906.2817138671875,914.0626831054688,933.0031087239583,946.2846557617188,953.533369140625,945.8328735351563,1
2023-01-03,915.8582153320312,939.75019292867,911.1589698307326,934.8036187167768,30302,Fast Moving Consumer Goods,-0.009893071451844593,0.03647230499750953,0.005291541427077995,0.01582744554562865,908.6560546875,909.1556701660156,929.0161661783854,941.8574676513672,952.1681127929687,945.949940999349,0
2023-01-04,915.2647705078124,918.2327154238412,905.866278273722,917.787511609838,19632,Fast Moving Consumer Goods,-0.0006479658251509202,-0.018202868245522086,-0.02289701844888259,-0.005808746587869229,910.5357666015625,906.9396118164062,925.3919840494792,938.511117553711,950.7494384765625,946.3341288248698,0
2023-01-05,925.998779296875,934.902613713191,918.3315885494916,924.4158995538376,41024,Fast Moving Consumer Goods,0.011727763522578316,0.007222137869770107,0.01815432842822995,0.013760651626776976,915.9077514648437,908.0278625488281,922.6317993164063,935.0559387207031,948.0862036132812,946.9557474772135,1
2023-01-06,944.944091796875,964.5325135153308,912.7913595575204,931.2420450589276,105523,Fast Moving Consumer Goods,0.020459327726528365,0.007384279639050639,0.031693033442764085,-0.0060329286948758165,925.4150512695312,913.5878051757812,921.902998860677,933.5818572998047,946.1115307617188,948.1594116210938,1
2023-01-09,928.17529296875,949.69289301075,918.430504536026,944.9441933539416,28929,Fast Moving Consumer Goods,-0.017745810544450347,0.014713841978802655,-0.015385298366455635,0.006177912312008704,926.0482299804687,916.1649719238281,918.0578653971354,931.2643890380859,942.2373706054688,948.9525126139323,0
2023-01-10,919.1724853515624,938.4641266553434,911.8021373649732,937.474811716688,29268,Fast Moving Consumer Goods,-0.009699469147031792,-0.007904574354536398,-0.011823576271913327,-0.00721705903529557,926.711083984375,917.6835693359375,915.0074747721354,928.4398956298828,938.8281909179688,947.9252746582031,0
2023-01-11,926.9880981445312,932.2314552463384,915.1163188726696,922.041523447922,20222,Fast Moving Consumer Goods,0.008502879402422003,-0.016462616462734392,-0.006641352857266969,0.0036347595293799717,929.0557495117188,919.7957580566406,914.3116577148437,926.3079254150391,936.6200439453125,947.1338236490885,1
2023-01-12,911.1095581054688,933.9132541954006,905.7177798897133,933.9132541954006,24902,Fast Moving Consumer Goods,-0.01712917357929966,0.012875483853574066,0.0018040572859856496,-0.010270321694770268,926.0779052734375,920.9928283691406,914.0445434570313,923.4933258056641,933.26033203125,944.418153889974,0
2023-01-13,909.6751098632812,918.1831944048356,904.134970215245,913.1871659106788,16101,Fast Moving Consumer Goods,-0.0015743970957458053,-0.022192733845048607,-0.0168431700909063,-0.0017475749174992172,919.0241088867188,922.219580078125,915.3999064127604,921.1832763671875,930.6703076171875,941.5969604492187,0
2023-01-16,904.728515625,914.2259149272433,901.364820664668,910.219201483578,13819,Fast Moving Consumer Goods,-0.005437759244643625,-0.0032501162279706675,-0.00430990188200675,-0.0030638672784855103,914.3347534179687,920.1914916992188,915.5548990885417,917.1270874023437,927.8784619140625,937.5869344075521,0
2023-01-17,908.0426025390624,912.296704661191,902.2551348731693,905.2725330612244,11905,Fast Moving Consumer Goods,0.0036630733494378287,-0.0054345902770354115,-0.0021102117480510385,0.0009877401337283764,912.1087768554687,919.4099304199219,915.8253051757813,914.2828002929688,925.173671875,934.3749552408855,1
2023-01-18,906.1630249023438,915.116312968846,899.2872740418175,912.1483681700282,15002,Fast Moving Consumer Goods,-0.002069922304815841,0.007595320588765553,0.0030906702756337,-0.003289380926348451,907.9437622070312,918.499755859375,915.8450927734375,912.7196838378907,922.6350927734375,931.840663655599,0
2023-01-19,905.5693359375,910.7632389696474,900.3259792387868,905.173646221986,11234,Fast Moving Consumer Goods,-0.0006551679427746482,-0.007646477471680457,-0.004756853240957204,0.0011550315755062268,906.8357177734375,916.4568115234375,916.2737915039063,912.2423370361328,920.1618041992188,928.8562296549479,0
2023-01-20,890.6307983398438,912.1483988551356,887.7123071128951,905.6189442312792,25203,Fast Moving Consumer Goods,-0.01649629355237714,0.0004919476071267859,0.0015208781231170754,-0.014010116798535921,903.02685546875,911.0254821777344,915.8220052083333,912.3066436767579,917.5519921875,926.063065592448,0
2023-01-23,895.7752075195312,900.2765783346061,892.3620589646316,895.0826749980604,8059,Fast Moving Consumer Goods,0.005776141122984635,-0.011634329538194876,-0.013015229249352611,0.005237904008404293,901.2361938476563,907.7854736328125,913.8730590820312,911.9752227783204,913.9489086914062,923.4380839029948,1
2023-01-24,901.1669311523438,905.2230979297632,895.28049565205,900.1776162912183,16745,Fast Moving Consumer Goods,0.006019058785677434,0.005692146027928668,0.005494444389864572,0.0032704625416331012,899.8610595703125,905.9849182128906,912.8936401367188,911.8342437744141,911.3984521484375,920.954903157552,1
2023-01-25,894.8353881835938,904.283334047463,890.8286746414599,898.2979905701527,13394,Fast Moving Consumer Goods,-0.007025937980939534,-0.002088060941583758,-0.0010381572061621824,-0.004972543278012331,897.5955322265625,902.7696472167969,911.5316813151042,911.2827026367188,909.694853515625,918.4618326822916,0
2023-01-27,875.889892578125,898.2978984492444,869.607767331372,891.3726943863097,25051,Fast Moving Consumer Goods,-0.02117204555792751,-0.007709352861234309,-0.006618982538833862,-0.023821535963274743,891.6596435546875,899.2476806640625,908.1910888671875,910.1202545166016,908.1257983398438,915.4114440917969,0
2023-01-30,869.1130981445312,883.3592561773859,863.0287876468985,880.3913116191234,25982,Fast Moving Consumer Goods,-0.007737039199809392,-0.012319631099701578,-0.016629942358373007,-0.007565456440968621,887.356103515625,895.1914794921875,903.1356892903646,908.7055297851563,907.3165356445312,912.5193440755208,0
2023-01-31,874.1586303710938,876.5824639773257,865.3537639014014,870.6465745169978,24387,Fast Moving Consumer Goods,0.005805380493441259,-0.011068642969913056,-0.007671615090541817,0.002693973002733774,883.0327880859375,892.1344909667969,899.5345784505208,906.1629913330078,906.1867358398438,908.7962219238282,1
2023-02-01,867.7280883789062,889.2952018468535,864.6612362935326,878.5610987820652,21310,Fast Moving Consumer Goods,-0.007356264376704336,0.00909039844262649,0.014502614861636953,-0.0008002826552074849,876.34501953125,888.1030395507812,896.1049519856771,903.7564849853516,904.7363989257813,905.5562133789062,0
2023-02-02,932.6766357421876,941.7288913640032,828.2050049132835,890.3834231428998,398817,Fast Moving Consumer Goods,0.0748489627489397,0.01345646236468201,0.05896094953425757,-0.04216244449273898,883.9132690429688,890.7544006347656,896.4841878255208,904.6270782470704,905.8088159179688,905.3979227701823,1
2023-02-03,915.3141479492188,939.651270080574,904.9757952761348,930.2033249613402,84555,Fast Moving Consumer Goods,-0.018615763628679782,0.044722195835456,-0.002206177704094814,0.09269539535189075,891.7981201171875,891.7288818359375,896.7644938151042,904.0928466796875,906.4558276367187,905.4045186360677,0
2023-02-06,905.1242065429688,927.9279024170588,902.2551692419646,909.180373391848,29505,Fast Moving Consumer Goods,-0.011132725774075203,-0.02260038316930968,-0.012476296299274825,-0.003006297017413617,899.000341796875,893.17822265625,896.4611002604166,902.1018524169922,906.7644921875,905.9305033365886,0
2023-02-07,896.7150268554688,910.0707776680026,892.3620172522625,905.2231106272952,23534,Fast Moving Consumer Goods,-0.009290636165414257,-0.004352560702327479,-0.01924408642367803,-0.010964915831974564,903.51162109375,893.2722045898438,895.9268676757813,900.5288391113281,905.6327172851562,905.7408833821614,0
2023-02-08,896.072021484375,907.0533933438486,891.3233217717105,898.8420912848466,30632,Fast Moving Consumer Goods,-0.0007170676879906246,-0.007049112276891423,-0.0033155490739806837,-0.0011639844149241574,909.1804077148438,892.7627136230469,895.128828938802,899.3738159179687,904.84126953125,905.4770670572917,0
2023-02-09,901.51318359375,906.1629756021892,891.8673635223765,895.9235303735536,28780,Fast Moving Consumer Goods,0.006072237475243991,-0.0032470229638679182,-0.000981659677581792,0.0006103753120523248,902.9477172851563,893.4304931640625,894.8188395182292,898.1000701904297,904.2912060546874,905.3319661458333,1
2023-02-10,913.533447265625,921.992077995623,896.1214679485664,900.2766028073527,58216,Fast Moving Consumer Goods,0.013333430825668069,0.0048587544430092056,0.01746827316897881,0.004769884626553145,902.5915771484375,897.1948486328125,895.3497802734375,898.2212646484375,903.7925927734375,905.8117858886719,1
2023-02-13,904.332763671875,929.9560448042528,900.2765965658192,913.1376908024736,54458,Fast Moving Consumer Goods,-0.010071534459180853,0.0142857072537661,0.008637782252905124,0.004636791736241763,902.4332885742188,900.7168151855469,896.2632446289062,897.9541473388672,902.1681396484375,906.0426249186198,0
2023-02-14,898.7431640625,908.7352207448558,896.3193303970796,904.3327572110092,18566,Fast Moving Consumer Goods,-0.006180910206857293,-0.009642503732078533,-0.02281916890369129,-0.004395611508546282,902.838916015625,903.1752685546875,896.4611083984375,897.6548797607422,900.9908544921875,905.1670837402344,0
2023-02-15,908.78466796875,914.9184325939616,871.5864508593892,898.7431576875086,33753,Fast Moving Consumer Goods,0.011172829243963678,-0.006180910156056929,0.006804195224256349,-0.027593825882047507,905.3814453125,907.2809265136718,896.9689575195313,897.6919830322265,900.575341796875,904.931298828125,1
2023-02-16,894.9342651367188,917.7380226716468,890.3834405935484,908.2405630755206,50749,Fast Moving Consumer Goods,-0.015240577135823274,0.010567429979048804,0.0030817939361995617,0.02156640883486105,904.0656616210938,903.506689453125,896.9755493164063,897.1305450439453,899.2931884765625,904.2536153157552,0
2023-02-17,894.9342651367188,900.4250113267723,888.4048107255627,888.4048107255627,13030,Fast Moving Consumer Goods,0.0,-0.021839756069459537,-0.01886487310885765,-0.0022222222222222365,900.3458251953125,901.468701171875,898.2451741536458,896.5987915039062,898.6461767578126,903.2181315104167,0
2023-02-20,889.6908569335938,904.1348903696012,886.3766762483767,895.8740749157062,22656,Fast Moving Consumer Goods,-0.005858986975232128,0.008407500837420478,0.004120142150829897,-0.0022828945236458287,897.4174438476563,899.9253662109375,899.6170247395834,896.5517944335937,897.846806640625,901.3763570149739,0
2023-02-21,884.4475708007812,890.3834605376992,879.7977784302635,889.6909279917935,10362,Fast Moving Consumer Goods,-0.005893379809346344,-0.006901803609502211,-0.01520948917951892,-0.0074222370628688195,894.5583251953125,898.6986206054687,900.3029541015625,895.9854125976562,897.0355688476562,899.9187662760417,0
2023-02-22,875.3458251953125,893.2524613964241,871.9326766600932,891.8673963614686,28569,Fast Moving Consumer Goods,-0.01029088202167594,0.0024463196163950762,0.0032222081674702086,-0.008939669959389107,887.870556640625,896.6260009765625,900.8108032226562,894.6943572998047,895.7276977539062,898.4578776041667,0
2023-02-23,876.8792724609375,889.1962555341466,873.9608416958449,878.4127589235356,11231,Fast Moving Consumer Goods,0.0017518187914848937,-0.015085916911890207,-0.004540940033835872,0.002326056919349062,884.2595581054687,894.1626098632812,897.0909790039062,893.7965515136718,894.55634765625,896.7875834147136,1
2023-02-24,873.8123779296875,884.4969666814403,870.5971045322673,880.4902534474066,10640,Fast Moving Consumer Goods,-0.003497510578215457,0.002365055041341657,-0.005284872516566619,-0.003848841965334082,880.0351806640625,890.1905029296875,894.3241943359375,893.69267578125,893.2860693359376,895.5443440755208,0
2023-02-27,850.5140380859375,878.2148554969664,848.832190666527,870.5971186323354,31672,Fast Moving Consumer Goods,-0.026662863141113213,-0.011235939042296472,-0.007102467754122266,-0.024999984209037263,872.1998168945313,884.8086303710937,890.683516438802,892.7627227783203,891.6813989257812,893.5723083496093,0
2023-02-28,878.9568481445312,890.3834233340535,842.896307422904,848.8321969117977,27475,Fast Moving Consumer Goods,0.03344190546531567,-0.02499999282645149,0.013856025960983231,-0.006992999686972312,871.1016723632813,882.8299987792968,889.4996378580729,893.0026336669922,891.0086645507813,892.7132527669271,1
2023-03-01,871.4380493164062,895.3300295055809,869.2120906795138,888.4048248574715,69195,Fast Moving Consumer Goods,-0.008554229759967336,0.04662008355673364,0.00555559104301917,0.031220665015212257,870.3201171875,879.0953369140625,887.857373046875,893.1881317138672,889.8195092773437,891.4931009928385,0
2023-03-02,868.81640625,874.9996247236777,857.8349740109527,871.4380546530437,60773,Fast Moving Consumer Goods,-0.0030084101428240473,-0.019098016725820677,-0.022707162847123596,-0.013088999555525005,868.7075439453125,876.4835510253906,885.677587890625,889.9951202392579,888.77875,890.248213704427,0
2023-03-03,874.2081298828125,879.4514867422946,871.5864212615769,871.5864212615769,31163,Fast Moving Consumer Goods,0.0062058262183195545,0.00017025491111044566,0.005087844489102267,0.016030411054852367,868.7866943359375,874.4109375,883.0559000651042,887.9398193359375,888.7114794921876,889.2028401692709,1
2023-03-06,870.201416015625,877.9675746934942,866.6399063072855,874.2081899162484,23306,Fast Moving Consumer Goods,-0.004583249377610565,0.0030080421065723506,-0.0016873154132664991,-0.005675300616927448,872.724169921875,872.4619934082032,880.7804768880209,886.1936798095703,888.7550122070312,888.5218607584635,0
2023-03-08,873.5155639648438,877.4728233878609,867.5302211641276,874.5543324867883,15348,Fast Moving Consumer Goods,0.003808483746663205,0.00039594981439505794,-0.0005635188814415715,0.0010273180941271498,871.6359130859375,871.3687927246094,879.0986368815104,885.0337066650391,888.7292895507812,887.779872639974,1
2023-03-09,881.1333618164062,883.6561027977333,873.5650784894339,877.0276807258019,30644,Fast Moving Consumer Goods,0.008720849594237023,0.0028281241623726583,0.007046690501478103,0.006956365528347996,873.5749755859375,871.9475463867187,877.2552164713542,884.2867736816406,889.2655004882813,887.1120869954427,1
2023-03-10,865.45263671875,880.4902348283714,852.7894184517485,878.1653690356713,109755,Fast Moving Consumer Goods,-0.017796086015096857,0.0012972091244918271,-0.0035826923611328443,-0.023782612823317728,872.9022216796875,870.8048828125,875.2897745768229,882.4837463378906,886.5765405273437,886.1326619466146,0
2023-03-13,866.3430786132812,870.0035558562441,855.6089756118496,865.1558886448892,48370,Fast Moving Consumer Goods,0.0010288742061117517,-0.014814385592394896,-0.011910045741928443,0.0033062759681283804,871.3292114257813,870.0579528808594,873.3836954752604,880.1242279052734,884.6176977539062,885.8144348144531,1
2023-03-14,859.5167846679688,869.1626050734241,856.7961686561737,865.650549207523,16757,Fast Moving Consumer Goods,-0.00787943496500143,0.000571758880828499,-0.0009666061444915108,0.0013875415968784832,869.19228515625,870.9582275390625,871.3720906575521,877.8834289550781,882.7934008789063,885.4945576985677,0
2023-03-15,853.877685546875,867.4807657326888,850.8602871095289,863.8203488254444,21736,Fast Moving Consumer Goods,-0.006560778360217956,-0.0021142485079621576,-0.001935011160072997,-0.006927997304136846,865.2647094726562,868.4503112792969,869.3340983072917,875.6401550292969,881.0799072265625,884.818526204427,0
2023-03-16,855.2133178710938,857.7360589089334,846.7546871522236,857.4392765014803,18702,Fast Moving Consumer Goods,0.0015641963091743705,-0.00738703635847493,-0.011233340505855338,-0.004825233965558007,860.0807006835937,866.8278381347657,867.9919311523438,872.9615875244141,879.4455590820312,884.4013671875,1
2023-03-17,851.453857421875,861.5943347250807,847.1503015560882,855.7573529046748,16843,Fast Moving Consumer Goods,-0.004395933003683017,-0.0019615658425027327,0.0044982087159248785,0.0004672125349491907,857.2809448242188,865.0915832519531,866.2969034830729,870.7875671386719,877.4431860351563,881.6939412434896,0
2023-03-20,841.6102294921875,858.7253658360543,835.9711222712741,858.6759121657727,19451,Fast Moving Consumer Goods,-0.01156096462994849,0.0034104986082696964,-0.0033298372254755293,-0.013196217087191653,852.334375,861.8317932128906,864.1500935872396,868.1213653564453,874.5662573242188,879.2371439615886,0
2023-03-21,834.7838745117188,848.3869539625239,832.1127122884177,845.8642131227903,27910,Fast Moving Consumer Goods,-0.00811106464875988,-0.01492029630907954,-0.012039252926300703,-0.004615482377397617,847.38779296875,858.2900390625,863.101416015625,865.3760162353516,871.7843017578125,876.8924662272135,0
2023-03-22,832.9536743164062,841.7585405082942,830.2330583995947,836.1194940052936,20509,Fast Moving Consumer Goods,-0.0021924239928364786,-0.011520429598884108,-0.007812960139557346,-0.002258893369930237,843.2029907226563,854.2338500976563,860.0345377604167,862.8013214111328,869.1527221679687,874.7670878092448,0
2023-03-23,828.0565795898438,837.1582888375607,826.0779497700353,836.9604137789819,27024,Fast Moving Consumer Goods,-0.005879192177862036,0.0010057411407309313,-0.005465049000816458,-0.005004749675433406,837.7716430664062,848.926171875,857.1424397786458,860.4368591308594,865.9235986328125,872.4999064127604,0
2023-03-24,822.1207275390625,834.9323682818836,819.2516900165955,827.9577099262915,28360,Fast Moving Consumer Goods,-0.0071684136049271485,-0.01075642731063231,-0.0026589004556927254,-0.008263457165682886,831.9050170898438,844.5929809570313,854.02939453125,857.6989318847657,863.0110571289063,869.8534912109375,0
2023-03-27,801.7903442382812,822.1702088413676,798.3771954524988,822.0218478229392,63486,Fast Moving Consumer Goods,-0.024729194411188593,-0.007169281754596746,-0.015285261328145339,-0.02547995300891459,823.9410400390625,838.1377075195312,849.2015421549479,854.0978302001953,859.2853002929687,866.128721110026,0
2023-03-28,777.7003784179688,806.2916016988909,772.7043505085791,801.2461201236629,74680,Fast Moving Consumer Goods,-0.030045218171339427,-0.025273936154250887,-0.019313041231271866,-0.03215628538759685,812.5243408203125,829.9560668945312,843.0348063151042,850.4571472167969,854.8056811523437,861.9076416015625,0
2023-03-29,787.247314453125,802.3343663480796,776.7110868454204,778.5908092674953,80363,Fast Moving Consumer Goods,0.012275853657904845,-0.028275095862768107,-0.004907945639608835,0.005185342018851236,803.3830688476562,823.2930297851562,837.2835896809896,845.8716705322265,850.9176708984374,858.19111328125,1
2023-03-31,802.6806640625,814.2062074339295,794.1231259371275,794.1725796082467,53622,Fast Moving Consumer Goods,0.019604194674320397,0.020012784835478525,0.014796625426735766,0.022417652311911063,798.3078857421875,818.0397644042969,832.0534098307292,842.4338012695313,848.011064453125,854.6543131510417,1
2023-04-03,821.5765991210938,825.2370764539563,806.7368751092117,806.7368751092117,22994,Fast Moving Consumer Goods,0.0235410368090323,0.015820611065623602,0.013548004079693587,0.015883870850882165,798.1990600585938,815.0520385742187,829.128340657552,840.071810913086,845.7989575195312,852.2090576171875,1
2023-04-05,866.9366455078125,875.5436973207843,819.8452798390093,841.9069903050706,158201,Fast Moving Consumer Goods,0.05521097659700147,0.04359552201093786,0.06096020440937466,0.016248674300431754,811.2283203125,817.5846801757813,829.1679117838542,839.7082366943359,845.5239282226562,851.2758036295573,1
2023-04-06,856.4498901367188,873.9607753121543,851.8990055309571,870.3002982374946,32429,Fast Moving Consumer Goods,-0.012096334173244072,0.03372499368622117,-0.0018079303334304075,0.039097286378525054,826.97822265625,819.7512817382812,828.9634521484375,839.0206604003906,845.7613623046875,850.1677714029948,0
2023-04-10,846.4083862304688,862.6826290967946,844.528724071177,857.7855080591536,29040,Fast Moving Consumer Goods,-0.011724566751531773,-0.014379852797575254,-0.012904636608355169,-0.008651590636834405,838.8104370117187,821.0967529296875,828.465498860677,837.6653015136719,844.459423828125,848.8997985839844,0
2023-04-11,857.2908935546875,862.5342509314908,842.4511686865676,849.8215774476661,29557,Fast Moving Consumer Goods,0.012857277292211977,-0.00928429139530107,-0.0001719962362742855,-0.0024600174338584857,849.7324829101562,824.0201843261718,828.60400390625,836.473178100586,843.8935375976563,848.2979675292969,1
2023-04-12,861.0007934570312,866.1452433008077,851.9980515176672,861.6933260022884,25608,Fast Moving Consumer Goods,0.004327469159226549,0.013969695368617918,0.004186491568789696,0.011332268487423303,857.6173217773437,827.9081909179688,829.2404663085938,836.2505859375,843.5809130859375,847.7686848958333,1
2023-04-13,868.7669067382812,874.9995785542825,856.7961601750825,861.6932810244369,31520,Fast Moving Consumer Goods,0.009019867740269971,-5.2197052125002585e-08,0.010222691080922663,0.005631595810422718,857.9833740234375,834.6058471679687,831.0509114583333,836.37177734375,843.3632641601563,847.6005025227864,1
2023-04-17,904.5305786132812,934.8531037012297,861.3964741937118,868.6184607084257,272755,Fast Moving Consumer Goods,0.04116601541519582,0.008036710783859924,0.06840406168633839,0.005369204756577428,867.59951171875,847.2888671875,835.7006917317708,838.6224670410156,844.7364306640625,849.401053873698,1
2023-04-18,894.6868896484375,908.339483330471,889.3446255138487,902.3046263186908,26405,Fast Moving Consumer Goods,-0.010882649185763205,0.03878131439066057,-0.02836126902268077,0.0324451656785536,877.2552124023438,858.0328247070313,839.816239420573,840.6629272460938,845.5832836914062,849.9253885904948,0
2023-04-19,913.533447265625,925.9987914589914,888.7016058375168,894.6869491971651,82723,Fast Moving Consumer Goods,0.021064975730887392,-0.008442467099614714,0.019441308511407795,-0.0007230264375414075,888.5037231445312,869.1181030273438,845.514697265625,843.5789337158203,846.879287109375,851.3285685221355,1
2023-04-20,904.1843872070312,920.062879666615,901.0680210420608,915.0173977055106,53201,Fast Moving Consumer Goods,-0.010233954855815353,0.022723533104611393,-0.006410280280197633,0.013915148935609079,897.1404418945312,877.3788818359375,850.9856079101562,846.2154602050781,848.4285571289063,852.5075012207031,0
2023-04-21,915.0667724609376,924.1189670085034,896.3686978495952,905.173624070383,57258,Fast Moving Consumer Goods,0.012035581909925819,-0.010758018000326275,0.00440848927994808,-0.0052152812914512126,906.4004150390625,882.19189453125,858.5373697916667,849.8882873535156,850.3775048828124,853.8694559733073,1
2023-04-24,967.4015502929688,974.1289399157524,909.3782676688812,917.094911808145,286675,Fast Moving Consumer Goods,0.05719230487550586,0.013170166938972772,0.05411637970069805,0.014513636911347216,918.974609375,893.287060546875,871.1841145833333,856.5191711425781,854.6928955078125,857.1094604492188,1
2023-04-25,946.7743530273438,982.5875642466686,940.9373710028196,974.4751700438178,120987,Fast Moving Consumer Goods,-0.021322270218998796,0.06256741532077847,0.008683269723664955,0.03470404391215287,929.3921020507812,903.3236572265625,881.8192504882812,862.210205078125,858.4087622070313,859.5514200846354,0
2023-04-26,998.0209350585938,1009.101274859136,941.8278565351936,951.869427688215,245876,Fast Moving Consumer Goods,0.054127556230676666,-0.023197863886656456,0.02698356011944325,0.0009463812999848109,946.289599609375,917.3966613769531,894.8419352213542,870.7084228515625,864.1210668945313,863.4476725260416,1
2023-04-27,1021.4180908203124,1026.908836663778,990.3041864166104,1004.9460344388798,196705,Fast Moving Consumer Goods,0.023443552073729723,0.05576038604325273,0.01764695204366662,0.05147047790638948,969.7363403320312,933.4383911132812,908.1647013346354,880.673291015625,870.9196362304688,868.6465209960937,1
2023-04-28,1025.9691162109375,1032.844806800389,1009.1012480233684,1024.9302872080489,116017,Fast Moving Consumer Goods,0.004455595051160888,0.019885896440526185,0.005780425608076234,0.018981098802353547,991.9168090820312,949.1586120605468,918.7668660481771,891.8822296142578,878.2939916992187,873.9673889160156,1
2023-05-02,1028.986328125,1062.0294675229702,1015.581184669411,1034.0813236407869,214449,Fast Moving Consumer Goods,0.0029408408756059767,0.008928447668051342,0.028256578849431557,0.006421493045158266,1004.2337646484375,961.6041870117188,930.2692952473958,904.4465270996094,886.06208984375,879.6163736979166,1
2023-05-03,968.93505859375,998.1198487877424,926.0482205026138,959.6354741753491,952502,Fast Moving Consumer Goods,-0.05835963791732235,-0.07199225802021958,-0.06017687897520185,-0.08815933725272951,1008.6659057617187,969.02900390625,938.4377400716146,913.5309143066406,891.5013452148437,883.4516194661459,0
2023-05-04,947.0711669921876,965.5219145232518,944.3010972747896,964.5820532665476,141501,Fast Moving Consumer Goods,-0.02256486790073864,0.005154643845830309,-0.0326593387598515,0.019710503587242023,998.4759521484375,972.3827758789063,944.4230916341146,920.750439453125,896.2619287109375,886.5135477701823,0
2023-05-05,929.7086791992188,943.2623054338686,923.0308036103976,938.8598420431588,100292,Fast Moving Consumer Goods,-0.0183328227044548,-0.026666690652475733,-0.023054483543622495,-0.02252490622511949,980.1340698242187,974.935205078125,949.0036173502605,926.1570434570312,900.5654467773437,889.1220418294271,0
2023-05-08,949.5444946289062,956.667574478249,922.041550582966,922.041550582966,124413,Fast Moving Consumer Goods,0.02133551710711412,-0.017913527352062086,0.014211602612715923,-0.0010717443270171767,964.8491455078125,978.3829772949218,954.3887898763021,930.2874359130859,906.4756127929687,892.7198506673177,1
2023-05-09,945.98291015625,967.2531802971332,939.8985994278715,967.2531802971332,58262,Fast Moving Consumer Goods,-0.0037508347347621207,0.04903426498033836,0.011065082690460581,0.019366859154682725,948.2484619140625,976.24111328125,957.1522786458333,934.7640869140625,913.2069140625,896.4264851888021,0
2023-05-10,953.6995849609376,969.4297163764564,945.7850655836684,945.9829406446984,117385,Fast Moving Consumer Goods,0.008157308891989512,-0.021990353803645002,0.0022502237507810996,0.006262873632730148,945.2013671875,976.9336364746093,961.0864583333333,940.1286468505859,919.8650048828125,900.4513488769531,1
2023-05-11,956.2717895507812,968.5393188663296,947.7637052849273,958.4977481487886,36926,Fast Moving Consumer Goods,0.002697080538153873,0.013229421976215683,-0.0009184755687652313,0.002092060631172954,947.0414916992188,972.7587219238281,963.9356811523437,945.0776916503906,926.0086499023438,904.7251892089844,1
2023-05-12,945.83447265625,965.3734414062878,932.2808468138034,958.151454906922,27077,Fast Moving Consumer Goods,-0.01091459249198834,-0.00036128748610553263,-0.0032687134103625004,-0.01633620108555356,950.266650390625,965.2003601074218,966.712353515625,949.3193756103516,930.97896484375,908.8489807128906,0
2023-05-15,947.170166015625,958.6461953882311,939.8492111649324,945.8345545910158,27609,Fast Moving Consumer Goods,0.0014121851105974859,-0.012854857395277586,-0.006968542669101074,0.008118116313335255,949.7917846679687,957.3204650878906,968.8525797526041,953.2395385742187,934.1883056640625,913.6949747721354,1
2023-05-16,947.2196044921876,974.4752191021518,943.1139233244992,947.1701508216232,16753,Fast Moving Consumer Goods,5.219598160555172e-05,0.0014120822971888103,0.01651185159871238,0.0034736552638270357,950.0391235351562,949.1437927246094,967.5071166992187,955.373989868164,937.8190942382812,919.345615641276,1
2023-05-17,932.2808227539062,954.837249592138,928.0267809845858,946.7743094286576,19477,Fast Moving Consumer Goods,-0.015771191461234735,-0.0004179200459624166,-0.020152353928617583,-0.015997157890248137,945.75537109375,945.478369140625,966.5408813476563,957.2536865234375,941.2539916992188,924.1800659179687,0
2023-05-18,927.8289794921876,942.81712477907,922.38774739745,935.1993877698392,18783,Fast Moving Consumer Goods,-0.004775217030173473,-0.012225639778717157,-0.01258866347977361,-0.0060763694568739535,940.0668090820312,943.554150390625,961.8614176432292,957.9684631347657,944.0755151367188,928.3516764322917,0
2023-05-19,935.00146484375,941.976183023623,928.5214644847006,929.0161219225362,20386,Fast Moving Consumer Goods,0.007730395913574384,-0.006611708613334488,-0.0008919457796696673,0.0066498249836439705,937.9002075195312,944.0834289550781,956.1003092447917,959.5093170166016,947.0355419921875,932.1325052897135,1
2023-05-22,951.96826171875,955.1835351410268,931.4894312294962,935.0014870449238,39978,Fast Moving Consumer Goods,0.018146278388810222,0.006442692415284723,0.014020898145227001,0.0031964438715939014,938.8598266601563,944.3258056640625,951.1669189453125,961.3543914794922,950.3635961914063,934.9668924967448,1
2023-05-23,932.0831298828124,974.4752525008444,928.4721060629872,965.5714177064204,52265,Fast Moving Consumer Goods,-0.020888439915040413,0.03269506100799169,0.020196869659158567,-0.003239247881241414,935.8325317382812,942.9358276367187,944.7067057291666,959.5884704589844,951.4656982421875,937.4880004882813,0
2023-05-24,929.6098022460938,944.7957623356748,925.504121115208,934.2595341313,25219,Fast Moving Consumer Goods,-0.002653548334288214,-0.03242834553812435,-0.030456894712309612,-0.003196633402767879,935.2983276367188,940.5268493652344,942.0850219726562,958.7302429199219,952.8626147460938,940.2613810221354,0
2023-05-25,937.0791015625,958.5967010096268,930.0054757519724,930.6980082705472,53519,Fast Moving Consumer Goods,0.008034875813872855,-0.003812137559895956,0.014607324909919228,0.004863678652603287,937.1483520507812,938.6075805664062,941.4188842773438,955.6831512451172,953.8044409179688,942.9209879557292,1
2023-05-26,937.3758544921876,947.3679106876688,930.3517429547292,941.7783178115192,17292,Fast Moving Consumer Goods,0.0003166786338451022,0.011905375795916662,-0.011713779434178617,0.00037232813331211645,937.6232299804688,937.76171875,941.930029296875,951.4810394287109,955.132099609375,945.4668233235677,1
2023-05-29,928.6204833984376,936.782331572702,925.0589134198729,929.9560344010296,23391,Fast Moving Consumer Goods,-0.009340299359954285,-0.012553148853502893,-0.011173672863041162,-0.005689062846323756,932.9536743164062,935.9067504882812,940.5350952148438,946.6136077880859,955.674248046875,947.4619425455729,0
2023-05-30,922.2887573242188,936.8316975130884,916.451775629364,928.917178812532,36020,Fast Moving Consumer Goods,-0.006818421720622525,-0.0011171018306974645,5.269734357993272e-05,-0.00930442122728048,930.9947998046875,933.4136657714844,938.9554850260416,941.2787292480468,953.869736328125,948.0538818359375,0
2023-05-31,948.159423828125,952.7102482126012,908.1910777353768,918.0347730619386,60438,Fast Moving Consumer Goods,0.02805050619825744,-0.011715151790501643,0.016949203087026188,-0.009013783500298467,934.7047241210937,935.0015258789062,938.5861409505209,940.2399475097657,953.9251391601563,949.8362996419271,1
2023-06-01,946.8732299804688,963.0980178655536,944.7956929240924,954.6393878746107,38669,Fast Moving Consumer Goods,-0.001356516441574085,0.03987279772702301,0.010903388173309825,0.04030497115209619,936.6635498046875,936.9059509277344,937.9595703125,940.2300506591797,951.8792309570313,950.9476257324219,0
2023-06-02,938.0189819335938,954.688914473536,934.9026157279706,951.62206232117,13490,Fast Moving Consumer Goods,-0.009351038519757937,-0.0031606966900438183,-0.008731305885826823,-0.010471128594482959,936.7921752929688,937.2077026367188,937.4385375976562,940.6455657958984,948.5432666015626,952.0754455566406,0
2023-06-05,928.5214233398438,961.6140165412396,925.9986825952678,942.718127406432,26998,Fast Moving Consumer Goods,-0.0101251240930883,-0.009356587312635223,0.007253778652622556,-0.009523915093305857,936.77236328125,934.8630187988281,936.1952880859375,939.5944122314453,944.6453588867188,952.5239339192708,0
2023-06-06,928.1258544921876,936.5350316577596,923.6739371692375,935.793045437268,19604,Fast Moving Consumer Goods,-0.0004260201625001514,-0.007345866985942084,-0.026080094977904755,-0.002510527789861161,937.9397827148438,934.4672912597656,934.9223714192708,938.7015594482422,940.6109399414063,951.2147440592448,0
2023-06-07,955.282470703125,986.346983607863,929.9560326894596,931.9346625462456,165340,Fast Moving Consumer Goods,0.02925962689165229,-0.00412311558611711,0.05318749461184735,0.006801204697270746,939.3643920898437,937.0345581054687,936.4558146158854,938.7807037353516,940.0648364257812,951.4983479817708,1
2023-06-08,954.144775390625,968.9350453463716,949.8412193097076,955.2824513053808,37782,Fast Moving Consumer Goods,-0.0011909517314419027,0.02505303182451013,-0.017652954336416116,0.021382932011032363,940.818701171875,938.7411254882812,938.2102010091146,938.6743530273437,940.3477807617187,950.0358093261718,0
2023-06-09,942.0256958007812,967.4511017775176,938.9587832639656,954.1448037882012,29072,Fast Moving Consumer Goods,-0.012701510192603904,-0.001190901722966875,-0.0015315201735979223,-0.01145711075125877,941.6200439453125,939.2061096191406,938.6784830729167,938.4839141845703,940.8404614257812,947.3893961588542,0
2023-06-12,940.3438110351562,951.7209323680382,935.8918939918548,946.7743578754807,19095,Fast Moving Consumer Goods,-0.0017853916014417548,-0.007724661794999976,-0.016259394795848592,-0.0032662661309262875,943.984521484375,940.3784423828125,937.9035196940105,938.1425964355469,940.4724340820312,944.5352193196615,0
2023-06-13,1043.826171875,1068.460138101083,939.8491955518786,943.46021924588,2251188,Fast Moving Consumer Goods,0.11004736738356113,-0.00350045245948305,0.12266117278998823,0.004228374650350641,967.1245849609375,952.5321838378907,945.3530558268229,942.9729248046875,944.3861645507812,945.0298807779948,1
2023-06-14,1043.18310546875,1066.4815209536778,1027.0078301158314,1042.737962045618,379166,Fast Moving Consumer Goods,-0.0006160665669983079,0.10522726954941652,-0.0018518399300526678,0.09273682945780837,984.7047119140625,962.0345520019531,952.924609375,948.5180389404297,947.9655053710937,947.5048156738281,0
2023-06-15,1043.628173828125,1077.314269248376,1035.5652343086886,1043.628173828125,267607,Fast Moving Consumer Goods,0.00042664452390162033,0.0008537253029137215,0.010157464599115817,0.008332365091989535,1002.6013916015625,971.7100463867188,960.027880859375,954.3079986572266,951.4597607421875,950.7233825683594,1
2023-06-16,1045.0628662109375,1090.3240270327856,1037.2472536316716,1044.815537463277,254776,Fast Moving Consumer Goods,0.0013747160327703956,0.0011377266970444833,0.012076102726724658,0.0016242524056013785,1023.2088256835938,982.4144348144531,967.2070149739583,959.811068725586,955.428896484375,954.5685221354166,1
2023-06-19,1031.9544677734375,1052.6311757357307,1023.99055436398,1045.310220473092,99555,Fast Moving Consumer Goods,-0.01254316736468386,0.0004734644461892312,-0.03457032071432231,-0.012780654970429128,1041.53095703125,992.7577392578125,974.095947265625,963.8103790283203,958.8202685546875,957.3155212402344,0
2023-06-20,1043.6776123046875,1056.5882189038607,1025.919459740921,1034.8232930462905,88230,Fast Moving Consumer Goods,0.011360137387208535,-0.010032359027404514,0.003759192449686033,0.001883714033025452,1041.5012451171874,1004.3129150390625,982.1885375976562,969.390103149414,962.6785888671875,960.572011311849,1
2023-06-21,1035.8126220703125,1065.492066828774,1030.470297860595,1047.535978596711,69260,Fast Moving Consumer Goods,-0.007535842621944511,0.012284885386564026,0.008426980128692474,0.0044358629485625745,1040.0271484375,1012.3659301757813,988.0320841471354,974.700244140625,966.8198608398437,963.3091125488281,0
2023-06-22,1020.3298950195312,1043.2325590416838,1012.4648898936028,1038.7311279532728,45703,Fast Moving Consumer Goods,-0.014947420721554305,-0.0084052966421575,-0.020891293778790287,-0.01747300043909472,1035.3674926757812,1018.9844421386719,992.9291951497396,978.8627838134765,970.5198974609375,965.4443827311198,0
2023-06-23,997.4767456054688,1023.1494188943778,994.8055833050825,1014.1466774785086,31702,Fast Moving Consumer Goods,-0.022397804401903754,-0.023667771007503724,-0.01925087553417082,-0.017441895284266318,1025.8502685546875,1024.5295471191407,996.8930460611979,981.8678283691406,973.0189086914063,967.1657918294271,0
2023-06-26,1015.284423828125,1044.5681209371091,1004.105177449904,1004.105177449904,156644,Fast Moving Consumer Goods,0.017852725189946073,-0.009901427724016254,0.02093409002360236,0.009348152343420901,1022.516259765625,1032.0236083984375,1002.67724609375,986.201025390625,975.5515551757812,969.4362670898438,1
2023-06-27,1010.83251953125,1022.4074557891008,1009.595875881224,1015.2844366713437,25734,Fast Moving Consumer Goods,-0.004384883873318146,0.011133554006594437,-0.021215145957285575,0.005468250293524601,1015.9472412109375,1028.7242431640625,1008.1910237630208,990.6282135009766,978.7015307617188,971.5566975911458,0
2023-06-28,1014.888671875,1028.788594606694,1011.871273489166,1021.9622976040614,33716,Fast Moving Consumer Goods,0.004012684856667503,0.006577330146625204,0.006241287445100108,0.0022537707040017896,1011.762451171875,1025.8947998046874,1012.1647705078125,993.9646759033203,982.112685546875,974.310292561849,1
2023-06-30,1004.0062866210938,1022.3581278671978,999.2081331054188,1018.0546318431594,46565,Fast Moving Consumer Goods,-0.010722737927304937,-0.0038236887701857958,-0.006250522967699235,-0.012514576424411894,1008.4977294921875,1021.9326110839844,1015.4888712565104,996.8213287353516,984.7897729492188,976.8495361328125,0
2023-07-03,994.261474609375,1019.7363332871772,989.3643537772384,1008.8538693859804,41652,Fast Moving Consumer Goods,-0.009705927285091231,-0.009037592059790822,-0.002564458097956468,-0.009851580468612786,1007.8546752929688,1016.8524719238281,1018.9712565104167,999.6334533691406,987.0651977539062,978.8248697916666,0
2023-07-04,1001.9287109375,1014.7898052274902,993.1237837703868,994.2615201107752,38626,Fast Moving Consumer Goods,0.0077114889029943345,-0.014464284390450444,-0.00485079122731813,0.0037998437873727475,1005.1835327148438,1013.8498962402343,1023.0769165039062,1003.3038177490234,989.9975268554688,980.4902180989583,1
2023-07-05,1090.2744140625,1100.1180479295842,999.4552679144448,1001.9285548927036,531570,Fast Moving Consumer Goods,0.0881756378079388,0.007711285840644955,0.08408464714815067,0.006375322238302061,1021.0719116210937,1018.5095764160156,1026.173465983073,1011.411245727539,996.716953125,985.763260904948,1
2023-07-06,1123.5155029296875,1136.475504111737,1088.246402196223,1102.0968109514477,793656,Fast Moving Consumer Goods,0.030488736081888845,0.09997544791950874,0.03304868623015267,0.08883952802315798,1042.7972778320313,1027.2798645019532,1031.5289591471353,1019.8228973388672,1003.7311962890625,992.2267842610677,1
2023-07-07,1101.3548583984375,1126.8297181368248,1096.6556124272786,1126.8297181368248,83455,Fast Moving Consumer Goods,-0.019724378055722136,0.022441682926225948,-0.008487456122031833,0.007727303498623828,1062.2669921875,1035.3823608398438,1035.3774047851562,1027.183401489258,1009.9104614257812,997.7026428222656,0
2023-07-10,1121.3388671875,1146.91275264453,1088.2958478467772,1110.6543392788858,187571,Fast Moving Consumer Goods,0.018144931796208574,-0.014354767714756744,0.017822599266295258,-0.0076229624740609125,1087.682470703125,1047.768572998047,1040.462471516927,1036.1490600585937,1017.2432568359375,1003.8347432454427,1
2023-07-11,1132.320556640625,1147.3085826098609,1123.317693328392,1124.5543371057877,99374,Fast Moving Consumer Goods,0.009793372703355008,0.012515142952510994,0.00034512648361273435,0.03218044574084011,1113.76083984375,1059.472186279297,1047.153544108073,1045.7478973388672,1025.3952221679688,1010.624745686849,1
2023-07-12,1128.21484375,1174.316898335149,1114.512855230964,1135.2389560569363,173826,Fast Moving Consumer Goods,-0.003625928070056239,0.009501202919769192,0.02354058544899096,-0.007838243935550437,1121.34892578125,1071.2104187011719,1052.7893595377604,1049.9673309326172,1033.3987817382813,1017.4889485677083,0
2023-07-13,1092.9951171875,1144.1426476837469,1088.246357502915,1128.560938474046,81586,Fast Moving Consumer Goods,-0.031217216080436816,-0.005882477470721459,-0.025695151533781768,-0.023567693817767355,1115.2448486328126,1079.021063232422,1056.6015258789062,1052.4579315185547,1038.9072875976562,1022.3168050130208,0
2023-07-14,1098.0406494140625,1115.9472252403434,1091.2143523405132,1098.1395567524658,43925,Fast Moving Consumer Goods,0.004616244068450737,-0.026955905245766965,-0.024643275469613424,0.002727318880633378,1114.5820068359376,1088.4244995117188,1061.7822428385416,1055.1785552978515,1044.6631225585938,1027.3557189941407,1
2023-07-17,1114.908447265625,1122.7735736670934,1095.418990835546,1095.418990835546,48266,Fast Moving Consumer Goods,0.015361724413903488,-0.002477431852983436,0.006117088937857007,0.00385317374722427,1113.2959228515624,1100.4891967773438,1069.6110229492188,1058.670834350586,1051.5784326171874,1033.2520345052083,1
2023-07-18,1083.94287109375,1119.854928734052,1078.3532178754208,1117.8762989764823,54131,Fast Moving Consumer Goods,-0.02777409772777284,0.020501112659920828,-0.0025994955719422785,-0.015579219552427248,1103.6203857421874,1108.6906127929688,1074.188252766927,1061.2702545166017,1057.3223950195313,1038.4327494303386,0
2023-07-19,1097.298583984375,1110.852149048303,1083.349268829433,1083.349268829433,33075,Fast Moving Consumer Goods,0.012321417711939509,-0.030886270850059128,-0.008039237453663861,0.004633037553182673,1097.4371337890625,1109.3930297851562,1079.952657063802,1063.9513031005858,1059.4612915039063,1044.0718404134116,1
2023-07-20,1095.2703857421875,1112.9791447315538,1088.7409322462888,1112.9791447315538,35596,Fast Moving Consumer Goods,-0.0018483558365882669,0.027350252365182515,0.0019147423759975357,0.004976846869229501,1097.8921875,1106.5685180664063,1085.3114379882813,1066.9241912841796,1061.5447827148437,1048.738104248047,0
2023-07-21,1087.7021484375,1106.697065753586,1084.3385746069378,1084.3385746069378,32574,Fast Moving Consumer Goods,-0.0069099259901553856,-0.025733249594289576,-0.005644381575077073,-0.004043530934644046,1095.8244873046874,1105.2032470703125,1090.891162109375,1070.2928039550782,1063.3077416992187,1053.1900166829428,0
2023-07-24,1110.3575439453125,1117.9258270159166,1089.3841165590156,1117.9258270159166,70564,Fast Moving Consumer Goods,0.020828675883703296,0.03097487555596179,0.010146192313869262,0.004653105653745548,1094.914306640625,1104.1051147460937,1098.6309000651042,1075.9368438720703,1065.9195288085937,1058.8010782877604,1
2023-07-25,1103.7786865234375,1117.9259391930734,1098.1396393843463,1102.0968993460915,35101,Fast Moving Consumer Goods,-0.005924990069864355,-0.014159193112191826,1.0034400688141432e-07,0.00803713097358738,1098.8814697265625,1101.250927734375,1105.4208984375,1080.361557006836,1068.7924975585938,1064.2489074707032,0
2023-07-26,1121.2894287109375,1135.1398360373964,1101.9482758879597,1109.3187436748346,100625,Fast Moving Consumer Goods,0.015864359768218872,0.006552821564989486,0.015398065507584713,0.0034682624750241864,1103.679638671875,1100.5583862304688,1107.4885660807292,1085.8844024658204,1071.8969702148438,1066.831016031901,1
2023-07-27,1109.6651611328125,1147.5558520542384,1106.1036513911884,1135.189414919441,56402,Fast Moving Consumer Goods,-0.01036687520677737,0.02332122430285888,0.010937873575280754,0.0037709351647019496,1106.55859375,1102.225390625,1106.5652099609374,1090.623226928711,1074.8510717773438,1069.0470845540365,0
2023-07-28,1113.2265625,1120.893752777161,1100.2665617976074,1111.050118082551,26336,Fast Moving Consumer Goods,0.003209437848397334,-0.02126455419653739,-0.023233814048657986,-0.005277163298610721,1111.6634765625,1103.7439819335937,1107.3566569010416,1096.0842407226562,1078.5669384765624,1071.367030843099,1
2023-07-31,1119.3603515625,1133.2602749125615,1103.1850762876566,1117.6785644543577,41873,Fast Moving Consumer Goods,0.005509919785533279,0.005965929226708466,0.011032733570653708,0.0026525522008784552,1113.4640380859375,1104.1891723632812,1107.224755859375,1102.3391845703125,1083.4422827148437,1073.843613688151,1
2023-08-01,1108.477783203125,1141.6693449613813,1101.1569498742106,1124.801478343387,121005,Fast Moving Consumer Goods,-0.009722131344195084,0.006372953830877881,0.007420246023772892,-0.0018384280725323165,1114.403857421875,1106.6426635742187,1105.6352376302084,1107.6666381835937,1087.1700170898437,1076.3943908691406,0
2023-08-02,1059.8035888671875,1110.0608341999066,1049.8115325092435,1108.032690344224,136358,Fast Moving Consumer Goods,-0.04391084338676199,-0.014908220092189284,-0.0276862218478362,-0.04662860945556624,1102.106689453125,1102.8931640625,1101.0744873046874,1106.1430969238281,1089.1288598632811,1076.931923421224,0
2023-08-03,1024.1883544921875,1069.1526729683749,1020.5773305863726,1069.1526729683749,88843,Fast Moving Consumer Goods,-0.033605504594553026,-0.03508923311980128,-0.036852179602406165,-0.027847095423876533,1085.011328125,1095.7849609375,1096.4873697916667,1101.176739501953,1089.5008471679687,1076.5444478352865,0
2023-08-04,1044.024169921875,1054.560278080431,1020.2310958172671,1028.8876020848077,56544,Fast Moving Consumer Goods,0.019367351076279737,-0.037660730690385,-0.013648560450613467,-0.0003392538308748527,1071.170849609375,1091.4171630859375,1092.8862711588542,1098.310205078125,1091.1015625,1077.3342569986978,1
2023-08-07,1030.1241455078125,1053.9666105807758,1023.9409273475014,1048.8716146634836,35204,Fast Moving Consumer Goods,-0.013313891396884658,0.01942293068570633,-0.0005629526467050283,0.003636265886664214,1053.3236083984375,1083.3938232421874,1087.233984375,1093.7494689941407,1092.5360693359376,1078.4225036621094,0
2023-08-08,1012.9595336914062,1032.4985026467532,1009.447417547472,1030.1241227724015,32051,Fast Moving Consumer Goods,-0.016662663321948212,-0.01787396248405193,-0.020368869106956677,-0.014154634718601011,1034.2199584960938,1074.3119079589844,1082.5017618815104,1087.7814178466797,1092.9773022460938,1078.3450073242188,0
2023-08-09,1008.0624389648438,1020.923472403481,999.20805844951,1020.923472403481,48364,Fast Moving Consumer Goods,-0.00483444260474708,-0.008931593936620463,-0.011210699302323657,-0.010143528944617342,1023.871728515625,1062.989208984375,1076.552685546875,1081.7737976074218,1089.6888232421875,1078.2526713053385,0
2023-08-10,1001.1372680664062,1014.2456306705824,997.229461967218,1000.2963141355474,34659,Fast Moving Consumer Goods,-0.006869783686761277,-0.020204411814896073,-0.006540981683159419,-0.0019801646569607145,1019.2615112304687,1052.1364196777345,1070.2771443684896,1077.1809051513671,1084.7936938476562,1077.7942911783855,0
2023-08-11,978.0366821289062,1008.2603005110798,965.1261348114302,1006.1827029994812,69299,Fast Moving Consumer Goods,-0.023074344222662302,0.005884645160390001,-0.0059012629470687195,-0.032192517750586735,1006.064013671875,1038.617431640625,1062.96611328125,1071.1807067871093,1079.860966796875,1076.9286376953125,0
2023-08-14,992.4312744140624,1016.4221609403309,969.5780638025448,982.0929215457325,67862,Fast Moving Consumer Goods,0.014717844993117568,-0.023941756682892557,0.008094993351532187,0.0046127949814398495,998.525439453125,1025.9245239257812,1055.1043619791667,1065.0568481445312,1074.7046630859375,1076.8676310221354,1
2023-08-16,985.6049194335938,1006.133202573616,979.421701620334,986.4953269518976,37465,Fast Moving Consumer Goods,-0.006878415822293538,0.004482677055890116,-0.010122721406621182,0.0101524964160018,993.0545166015625,1013.6372375488281,1047.2261108398438,1060.1399505615234,1068.8360375976563,1076.323504638672,0
2023-08-17,1002.7201538085938,1012.9595997536592,985.9512533577127,993.6679582611216,76929,Fast Moving Consumer Goods,0.017365207942382943,0.007270821374680159,0.006784784720931247,0.006666741942287224,991.9860595703125,1007.9288940429688,1039.3214925130208,1055.4110290527344,1063.81625,1073.405029296875,1
2023-08-18,980.4605102539062,1003.01687768302,974.524620910298,999.2080395074004,59324,Fast Moving Consumer Goods,-0.022199258158060897,0.005575384815641682,-0.009815516900236854,-0.011589449689830666,987.8507080078125,1003.5561096191407,1030.7078491210937,1049.6705352783204,1059.3148657226564,1068.6365295410155,0
2023-08-21,975.8602905273438,989.0181672816212,969.4791970252452,988.7213848733128,49021,Fast Moving Consumer Goods,-0.004691896999881373,-0.010494966232715064,-0.013956605031149594,-0.005177318024392141,987.4154296875,996.7397216796875,1021.55009765625,1044.0784423828125,1054.4276513671875,1064.4533772786458,0
2023-08-22,985.4566040039062,988.8697526803865,977.4431770095556,978.1357095556951,27429,Fast Moving Consumer Goods,0.009833696042060192,-0.010706429009800345,-0.00015006256320115874,0.008214699200093323,986.0204956054688,992.2729675292969,1012.6231811523437,1037.8333953857423,1049.2495776367186,1059.9239685058594,1
2023-08-23,986.74267578125,1003.462060859372,983.9230921711286,985.3576108096478,37250,Fast Moving Consumer Goods,0.0013050516604369289,0.007383332581971658,0.014756552255170252,0.006629454595404649,986.248046875,989.6512817382812,1004.5075073242188,1031.9815948486328,1045.3615698242188,1055.0713724772136,1
2023-08-24,1014.0972900390624,1020.9729803113178,985.0608613944072,988.3255884990372,88667,Fast Moving Consumer Goods,0.02772213559746417,0.0030120817628340735,0.017450504742500428,0.0011563599150499204,988.5234741210937,990.2547668457031,1001.4604207356771,1026.621987915039,1042.0335180664063,1051.2674540201822,1
2023-08-25,981.5983276367188,1018.1040138864312,976.453877703929,1018.0051065423942,48324,Fast Moving Consumer Goods,-0.03204718395519213,0.03003010180929455,-0.0028100316856688456,-0.008737514632643606,988.7510375976562,988.3008728027344,998.6210856119792,1020.2186462402344,1037.4866357421874,1047.5542277018228,0
2023-08-28,974.8709106445312,988.3255689109444,972.6449521559932,979.4217349567916,31808,Fast Moving Consumer Goods,-0.0068535334696263606,-0.0379009607492532,-0.029248922083916384,-0.003900773641139388,988.5531616210938,987.9842956542968,994.0108683268229,1013.3008636474609,1032.9733862304688,1043.4485697428386,0
2023-08-29,967.79736328125,987.3363338151674,965.7692796821764,983.1317452192612,35955,Fast Moving Consumer Goods,-0.007255881046450141,0.003787959905375393,-0.0010009202705005826,-0.007069046581258731,985.0213134765625,985.5209045410156,989.8557495117187,1005.7227142333984,1027.2709790039062,1038.5448669433595,0
2023-08-30,963.1969604492188,974.9698318875098,959.6849046382462,959.6849046382462,54805,Fast Moving Consumer Goods,-0.0047534773358277604,-0.02384913384704701,-0.012525115813242893,-0.0063000295949903196,980.3121704101562,983.2801086425782,986.5382446289062,998.4586730957031,1021.6477099609375,1034.5200032552084,0
2023-08-31,987.1878051757812,994.261430551306,963.6421236731536,966.6100682419636,98337,Fast Moving Consumer Goods,0.02490751706211114,0.007216080580456641,0.019786867278188902,0.004123456580156448,974.9302734375,981.7268737792969,985.1466023763021,994.8278839111329,1016.2836450195313,1030.8496439615885,1
2023-09-01,969.0339965820312,994.261527886617,966.709130595394,991.293583027254,49450,Fast Moving Consumer Goods,-0.01838941739208122,0.0255361656124522,9.789710042618083e-08,0.0031827240081097052,972.4174072265625,980.5842224121094,983.0063842773437,992.070166015625,1010.6583984375,1026.6417643229167,0
2023-09-04,1048.2286376953125,1060.8424025150084,969.627497398484,975.4644793898132,439401,Fast Moving Consumer Goods,0.08172534853536195,-0.015968128825268213,0.06696515228736089,0.0030188675277047494,987.0889526367188,987.8210571289062,987.6858479817708,992.2803894042969,1008.0584814453125,1025.3259806315104,1
2023-09-05,1080.08447265625,1103.0365285546932,1048.673726600069,1052.6309859457294,441316,Fast Moving Consumer Goods,0.03039015899334463,0.07910744900130706,0.03977416998005778,0.0815222643888156,1009.5463745117188,997.2838439941406,993.52939453125,994.7784057617188,1006.4874462890625,1024.3168782552084,1
2023-09-06,1085.08056640625,1117.826863504975,1073.4561170192392,1079.1446773575635,165644,Fast Moving Consumer Goods,0.0046256509342395,0.02518802103095319,0.013408744468020206,0.023632126743098558,1033.923095703125,1007.1176330566407,1000.1611043294271,998.3844573974609,1005.5515576171875,1023.6936075846354,1
2023-09-07,1095.320068359375,1116.3430109953154,1087.059312700332,1089.2357572786,134652,Fast Moving Consumer Goods,0.009436628274560155,0.0093509981865878,-0.001327443952283569,0.012672335147584812,1055.5495483398438,1015.2399108886718,1006.3344319661459,1002.7473388671875,1006.972216796875,1022.8279622395834,1
2023-09-08,1263.0582275390625,1283.883353550901,1099.277225692847,1099.277225692847,1910825,Fast Moving Consumer Goods,0.15314077046989016,0.009218820027846908,0.15007962687580134,0.011239417067468782,1114.35439453125,1043.3859008789063,1025.1742797851562,1015.8433868408204,1016.52701171875,1027.941064453125,1
2023-09-11,1230.361572265625,1261.3765720607448,1219.2811722710685,1261.3765720607448,348237,Fast Moving Consumer Goods,-0.025886894650251846,0.14745993329001306,-0.017530238574951507,0.10916622647447838,1150.7809814453126,1068.9349670410156,1042.1410319010417,1028.4596313476563,1023.9805078125,1031.845564778646,0
2023-09-12,1156.558837890625,1238.226724953866,1139.6909675386228,1237.8309747702706,163746,Fast Moving Consumer Goods,-0.05998458992757505,-0.018666588401913264,-0.018352843726166745,-0.0652763337468737,1166.0758544921875,1087.8111145019532,1053.5478474934896,1036.6660095214843,1029.0378955078124,1033.0855143229167,0
2023-09-13,1193.9053955078125,1206.964305258309,1137.6627408999905,1137.7122549566027,120438,Fast Moving Consumer Goods,0.03229110045564276,-0.08088238366490141,-0.02524773457520224,-0.001779628597928351,1187.8408203125,1110.8819580078125,1067.3586954752604,1047.0810333251952,1036.2757299804687,1035.9331013997396,1
2023-09-14,1254.2039794921875,1360.308003787622,1241.590214366157,1266.3230871622957,1097639,Fast Moving Consumer Goods,0.05050532832103305,0.11304337423226474,0.12704907499024598,0.09135174224300502,1219.6176025390625,1137.5835754394532,1083.3658081054687,1059.655224609375,1046.1213916015624,1042.4131144205728,1
2023-09-15,1202.907958984375,1258.4084983183332,1194.3998753659207,1252.472609175322,149637,Fast Moving Consumer Goods,-0.04089926467031435,-0.01093755466309243,-0.07490914203662802,-0.03800798238759262,1207.587548828125,1160.9709716796874,1098.119783528646,1070.7775970458983,1054.1922192382813,1048.3704345703125,0
2023-09-18,1168.0347900390625,1230.6583576765113,1157.4985610354136,1211.4162290494562,152250,Fast Moving Consumer Goods,-0.028990720931596603,-0.03278026187965821,-0.022051774665305945,-0.03089527644098411,1195.1221923828125,1172.9515869140625,1110.9973754882812,1080.3863220214844,1061.7921435546875,1052.5041219075522,0
2023-09-20,1162.2471923828125,1185.9907499737506,1157.4984325582332,1161.455692156723,50049,Fast Moving Consumer Goods,-0.004954987390449639,-0.04124142940691411,-0.03629570093449286,-1.109955422018416e-07,1196.25986328125,1181.1678588867187,1123.9606974283854,1089.2258514404298,1068.5847802734374,1056.908223470052,0
2023-09-21,1188.7608642578125,1214.0873037724923,1154.8768259521555,1163.335517397628,130439,Fast Moving Consumer Goods,0.022812420669859668,0.0016185079238058009,0.023690365038145256,-0.0022648899837242054,1195.23095703125,1191.535888671875,1138.998291015625,1099.3267608642577,1076.7110180664063,1062.7682678222657,1
2023-09-22,1191.33544921875,1204.4569743244429,1178.4615000584477,1188.3645378740648,59379,Fast Moving Consumer Goods,0.0021657719717622648,0.02151487692254639,-0.007932155635040017,0.02042180912830016,1182.6572509765624,1201.1374267578126,1152.608133951823,1108.188668823242,1084.2556298828124,1068.8773681640625,1
2023-09-25,1188.7608642578125,1201.2386696248009,1178.4616791867377,1196.980314362131,37661,Fast Moving Consumer Goods,-0.0021610915402759945,0.007250112413720533,-0.0026719964002426266,1.5200181757712983e-07,1179.82783203125,1193.7076904296875,1167.256591796875,1118.5467956542968,1092.5876440429688,1075.1314880371094,0
2023-09-26,1190.989013671875,1206.0415846497635,1179.7490885449608,1196.2871153780372,39094,Fast Moving Consumer Goods,0.0018743462045696102,-0.0005791231282388232,0.003998302041394286,0.0010924490638606343,1184.4186767578126,1189.7704345703125,1176.7739501953124,1129.352700805664,1101.19279296875,1082.2298990885417,1
2023-09-27,1217.08349609375,1225.7982187898688,1185.443334765605,1188.364682923108,132643,Fast Moving Consumer Goods,0.021909927062571777,-0.006622517582182352,0.0163813871690357,0.0048266587157672625,1195.3859375,1195.822900390625,1185.9072184244792,1141.8170074462892,1110.4578686523437,1089.7183064778646,1
2023-09-28,1218.7669677734375,1251.6945726212964,1205.5464348163755,1220.004847654936,108549,Fast Moving Consumer Goods,0.0013832014689958427,0.026624962174069733,0.02112611475075643,0.016958296918296423,1201.387158203125,1198.3090576171876,1194.8196451822917,1154.5955078125,1119.7388403320313,1097.4903747558594,1
2023-09-29,1249.21875,1295.0698668582452,1218.0737421033389,1230.749679806737,416553,Fast Moving Consumer Goods,0.02498572986614067,0.008807204473371133,0.034653257420548034,0.010391393417269246,1212.963818359375,1197.8105346679688,1205.0795572916666,1167.697055053711,1129.1436987304687,1105.7069946289062,1
2023-10-03,1225.0059814453125,1243.8713199750443,1218.0738538219357,1243.8713199750443,58899,Fast Moving Consumer Goods,-0.019382328799249504,0.010661501996382938,-0.039533424561413955,9.171743298175272e-08,1220.212841796875,1200.0203369140625,1202.5427408854166,1180.495654296875,1138.8800048828125,1113.8585103352864,0
2023-10-04,1225.0059814453125,1235.8497613014813,1202.3775604520604,1226.689449799162,63975,Fast Moving Consumer Goods,0.0,-0.013813221592911207,-0.0064488653647259975,-0.012886159012957421,1227.0162353515625,1205.7174560546875,1202.185701497396,1189.334521484375,1148.8854077148437,1122.1633666992188,0
2023-10-05,1222.18359375,1239.910057902507,1217.0339408899945,1226.98654353241,35172,Fast Moving Consumer Goods,-0.0023039787054611738,0.00024219147991910717,0.0032854289640755763,0.01218949930537927,1228.0362548828125,1211.7110961914063,1206.560685221354,1196.4394775390624,1159.0608569335936,1130.054266357422,0
2023-10-06,1231.2447509765625,1242.7322507680276,1212.1814030110904,1227.679560621717,44811,Fast Moving Consumer Goods,0.007413908411878056,0.0005648122980321801,0.0022761270848101756,-0.003987183689680429,1230.5318115234375,1215.9594848632812,1209.0499755859375,1203.7476867675782,1169.7827685546874,1138.2043355305989,1
2023-10-09,1231.591552734375,1252.4373787076536,1208.17083973753,1214.1126635395178,72212,Fast Moving Consumer Goods,0.00028166760308012684,-0.011050845446452406,0.007809508390586917,-0.003308550406397992,1227.0063720703124,1219.9850952148438,1207.54248046875,1210.561260986328,1179.5589184570313,1145.4541442871093,1
2023-10-10,1228.6204833984375,1249.7634462072506,1226.0457175915153,1231.19524920536,64968,Fast Moving Consumer Goods,-0.002412382034726601,0.014070016876391866,-0.0021349829906562867,0.014794991954836911,1227.7292724609374,1223.9710571289063,1209.2566487630208,1208.839373779297,1189.9423779296876,1153.6882161458334,0
2023-10-11,1228.3233642578125,1261.4491007904426,1226.98647822885,1239.1672640187323,55588,Fast Moving Consumer Goods,-0.00024183150504142326,0.0064750207723085484,0.009350293144398947,0.0007673128528866702,1228.3927490234375,1227.7044921875,1213.2758870442708,1208.7374633789063,1197.1461669921875,1162.136631266276,0
2023-10-12,1216.9844970703125,1244.465430525256,1212.0329775288812,1234.9089736329522,39901,Fast Moving Consumer Goods,-0.009231174393846464,-0.0034364129116598585,-0.013463619146063421,-0.01218717644024414,1227.3529296875,1227.6945922851562,1216.9250406901042,1211.7587463378907,1202.62216796875,1170.4428690592447,0
2023-10-13,1174.1539306640625,1215.9942735553575,1163.607169166192,1208.566993752169,75580,Fast Moving Consumer Goods,-0.03519401151728507,-0.02133111058646553,-0.022878222465272935,-0.03995420030684371,1215.934765625,1223.2332885742187,1215.9512451171875,1210.771173095703,1206.1851025390624,1177.4747680664063,0
2023-10-16,1172.96533203125,1198.2676434353284,1163.6565726676404,1174.153769168329,57598,Fast Moving Consumer Goods,-0.0010123022218562205,-0.02847440378708277,-0.014577889473278094,4.2457199265655277e-05,1204.209521484375,1215.6079467773438,1214.7265706380208,1206.7092407226562,1209.2909130859375,1183.6673522949218,0
2023-10-17,1183.314208984375,1194.3065586051396,1179.6005691877172,1188.3647349304872,41790,Fast Moving Consumer Goods,0.008822832756023358,0.012103155596241866,-0.0033056762000455153,0.01370163405129543,1195.1482666015625,1211.43876953125,1214.3634602864583,1205.7295532226562,1206.10115234375,1190.8100260416666,1
2023-10-18,1163.4090576171875,1187.6219393582394,1160.6361583721964,1182.42284393891,37202,Fast Moving Consumer Goods,-0.016821526536279663,-0.005000056646686568,-0.005597071538070875,-0.016076976657089737,1182.1654052734375,1205.2790771484374,1212.524796549479,1205.4982666015626,1203.4230517578126,1194.6493733723958,0
2023-10-19,1171.2322998046875,1190.9889338872094,1155.3379957509642,1162.616704776441,48813,Fast Moving Consumer Goods,0.006724412309048855,-0.016750470666221595,0.0028350726922319325,-0.004564878134300843,1173.0149658203125,1200.1839477539063,1209.4680501302084,1205.9475219726562,1204.009990234375,1197.6876342773437,1
2023-10-20,1405.439208984375,1405.439208984375,1170.539178533515,1170.539178533515,2397848,Fast Moving Consumer Goods,0.19996623148007742,0.006814347088361705,0.18006067814352567,0.013157346887626709,1219.272021484375,1217.6033935546875,1221.9128662109374,1216.7814392089845,1212.4713427734375,1208.3662556966146,1
2023-10-23,1413.658935546875,1497.7852105369918,1337.9006808573226,1460.6983747331983,2666853,Fast Moving Consumer Goods,0.005848510920966721,0.24788507853551978,0.06570615147370873,0.1429781295603303,1267.4107421875,1235.8101318359375,1232.8755452473958,1227.8976135253906,1218.849541015625,1218.9775512695312,1
2023-10-25,1396.5264892578125,1430.5929670544058,1327.0567684848925,1407.172256013829,580208,Fast Moving Consumer Goods,-0.01211922187046821,-0.03664419680698705,-0.04486106753484098,-0.008105169933452339,1310.0531982421876,1252.600732421875,1244.3102457682292,1238.2858947753907,1226.5942822265624,1223.426493326823,0
2023-10-26,1405.3402099609375,1424.056977444045,1343.8423632764736,1406.231507629029,403687,Fast Moving Consumer Goods,0.006311173308147566,-0.0006685381841344817,-0.004568727626152347,0.012648739066939418,1358.4394287109376,1270.3024169921875,1256.3325276692708,1249.0034545898438,1236.0864990234375,1229.2591145833333,1
2023-10-27,1444.4078369140625,1460.698288111538,1389.9411210861747,1389.9411210861747,414427,Fast Moving Consumer Goods,0.027799408766800315,-0.011584427211647874,0.025730227966902053,0.03430369444322756,1413.0745361328125,1293.0447509765625,1271.1474772135416,1260.3696716308593,1247.3729248046875,1238.8540812174479,1
2023-10-30,1408.707275390625,1437.921239976933,1396.4274830481918,1435.9406322083698,155131,Fast Moving Consumer Goods,-0.02471639976677975,0.03309457532003135,-0.015593259963392003,0.004666645128786673,1413.7281494140625,1316.5000854492187,1282.9783121744792,1269.8666870117188,1256.17078125,1246.0141438802084,0
2023-10-31,1340.722900390625,1426.780332807399,1319.6295000170107,1406.2315270425172,253222,Fast Moving Consumer Goods,-0.0482601149207158,-0.020689647259415023,-0.007747925866727456,-0.05499604094266508,1399.1409423828125,1333.2758422851562,1290.2537353515625,1274.44189453125,1262.146279296875,1248.8981079101563,0
2023-11-01,1399.64599609375,1477.2362826591404,1340.8714836714598,1340.8714836714598,1750164,Fast Moving Consumer Goods,0.043948750100380574,-0.04647886362533615,0.03536350248987663,0.01609692997479617,1399.76484375,1354.9090209960937,1301.6554361979167,1283.173895263672,1270.5816845703125,1255.4560424804688,1
2023-11-02,1414.1539306640625,1432.9697042513294,1394.3478532037814,1413.0150570327555,195073,Fast Moving Consumer Goods,0.010365431409658177,0.05380349589041766,-0.029965807723140725,0.03988180089108706,1401.527587890625,1379.9835083007813,1314.044140625,1292.6312927246095,1279.50828125,1263.6600138346355,1
2023-11-03,1397.7149658203125,1434.9503687407291,1377.8098813629483,1419.1055061459383,104688,Fast Moving Consumer Goods,-0.011624593679155248,0.004310250681951233,0.001382209605355511,-0.011860721700710397,1392.189013671875,1402.6317749023438,1326.0928385416667,1301.407861328125,1286.7335400390625,1271.5089396158853,0
2023-11-06,1399.2003173828125,1415.1441850029164,1387.8612659016794,1406.1818869111644,105257,Fast Moving Consumer Goods,0.001062699905790998,-0.009106876957917232,-0.013802696016026017,0.007295189760715193,1390.2876220703124,1402.0078857421875,1341.0959309895834,1309.8056396484376,1293.9508740234376,1278.5235880533853,1
2023-11-07,1443.318359375,1531.0098173865922,1399.2498361707933,1399.2498361707933,1595715,Fast Moving Consumer Goods,0.03153089764495598,-0.004929697078944861,0.08187549622969126,0.008205842002309005,1410.8067138671875,1404.973828125,1359.1194661458333,1320.3919799804687,1301.7148583984374,1286.9230183919271,1
2023-11-08,1433.56396484375,1449.458391496161,1427.1269892091568,1449.458391496161,146887,Fast Moving Consumer Goods,-0.006758311129274275,0.03588248076038325,-0.053266429100786605,0.019922927498531973,1417.5903076171876,1408.6775756835937,1375.802783203125,1330.6391540527343,1310.057177734375,1295.0831217447917,0
2023-11-09,1417.52099609375,1475.4537729954616,1406.28107124828,1436.9309279381791,137382,Fast Moving Consumer Goods,-0.011190968204720875,-0.008642858347282956,0.01793454827804175,-0.01460691173139994,1418.263720703125,1409.895654296875,1392.7435791015625,1340.0990356445313,1317.7577783203126,1302.634187825521,0
2023-11-10,1445.794189453125,1474.4139975084397,1406.2315953882596,1419.0559830619395,197232,Fast Moving Consumer Goods,0.019945519986855453,-0.012439668830768413,-0.0007047157329171938,-3.5182056440929976e-05,1427.8795654296875,1410.0342895507813,1411.047705078125,1351.5395202636719,1326.7022021484374,1310.2578776041667,1
2023-11-13,1439.703857421875,1500.310407715502,1426.0871788039951,1480.2567537509876,255047,Fast Moving Consumer Goods,-0.004212447439392197,0.04312780568176988,0.01756386622130801,0.01411971077939933,1435.9802734375,1413.1339477539063,1413.3320149739584,1364.8170166015625,1335.04056640625,1317.622440592448,0
2023-11-15,1424.9483642578125,1466.838148411729,1411.727830828598,1455.746792632074,113649,Fast Moving Consumer Goods,-0.010248978001966114,-0.016557912035736422,-0.022310222692343062,-0.010069053413298223,1432.3062744140625,1421.556494140625,1414.0846435546875,1377.4161682128906,1342.7748388671876,1323.4800944010417,0
2023-11-16,1475.2557373046875,1488.426828117095,1429.9493318580096,1429.9988954099038,273128,Fast Moving Consumer Goods,0.035304698969269355,-0.01768707123552482,0.014717833544718006,0.012907233697246667,1440.64462890625,1429.1174682617188,1419.3332600911458,1392.0132446289062,1352.6402490234375,1331.8217529296876,1
2023-11-17,1469.6109619140625,1512.194028869793,1437.9708012167534,1475.2556456907218,374572,Fast Moving Consumer Goods,-0.0038263029574371332,0.03164810156573261,0.01596800078023608,0.005609617893468366,1451.0626220703125,1434.6631713867187,1423.6179768880208,1407.32333984375,1362.2917529296874,1339.975252278646,0
2023-11-20,1465.9468994140625,1510.2134350236809,1449.8048976227335,1475.156653075954,227287,Fast Moving Consumer Goods,-0.0024932193586987283,-6.71020070704964e-05,-0.0013097484901408718,0.008229719543655811,1455.0931640625,1441.4863647460938,1425.0539143880208,1422.0590698242188,1372.2502490234374,1348.1006958007813,0
2023-11-21,1456.0439453125,1484.4656203086204,1447.82437417692,1475.5528847630717,89536,Fast Moving Consumer Goods,-0.006755329340728977,0.000268603125160638,-0.017049123069585725,-0.0013660620467353946,1458.361181640625,1447.1707275390625,1428.2096923828126,1424.589306640625,1383.525849609375,1355.5940022786458,0
2023-11-22,1439.3570556640625,1505.212260464535,1428.364707310797,1460.698151589421,152820,Fast Moving Consumer Goods,-0.01146042995622365,-0.01006723196914483,0.013975830677440237,-0.01344062664864698,1461.242919921875,1446.7745971679688,1434.785302734375,1425.8742126464845,1394.1815185546875,1362.5195190429688,0
2023-11-23,1419.055908203125,1458.3710450956246,1412.1733445350033,1441.8824611801997,100198,Fast Moving Consumer Goods,-0.014104316493985802,-0.012881299527042978,-0.03111934216803036,-0.011335594258890302,1450.0029541015624,1445.3237915039062,1436.079296875,1427.00068359375,1403.6111865234375,1368.8673665364583,0
2023-11-24,1429.20654296875,1470.551730876007,1417.174447269177,1427.027922739098,82650,Fast Moving Consumer Goods,0.007153090098104942,-0.010302184013628368,0.008352254264334835,0.003541422696815344,1441.9220703125,1446.4923461914063,1437.0828043619792,1428.1940002441406,1414.2430859375,1375.5634724934896,1
2023-11-28,1388.158447265625,1421.086050883661,1371.5708574730809,1421.086050883661,178333,Fast Moving Consumer Goods,-0.028720898252998395,-0.004163809103350791,-0.03363749737853783,-0.03217923515624488,1426.3643798828125,1440.7287719726562,1436.445703125,1425.3815307617188,1422.9201318359376,1381.2692708333334,0
2023-11-29,1380.236083984375,1413.411265195838,1372.6107921800058,1391.3274394974046,70879,Fast Moving Consumer Goods,-0.005707103030533234,-0.02094075257986805,-0.005400648105053696,0.0007582070596343637,1411.2028076171875,1434.7819946289062,1435.1814208984374,1423.9579711914062,1421.9120068359375,1388.1386759440104,0
2023-11-30,1347.45703125,1395.3877643843227,1342.9511001317994,1389.346813860131,77775,Fast Moving Consumer Goods,-0.02374887391709868,-0.0014235510499160942,-0.012751773850492198,-0.02160823171228332,1392.822802734375,1427.032861328125,1428.790665690104,1424.294677734375,1419.2639306640624,1393.9550659179688,0
2023-12-01,1398.65576171875,1419.7987269058578,1356.7164135502155,1356.7164135502155,294669,Fast Moving Consumer Goods,0.03799655891160714,-0.023486144700800793,0.017494035095187987,0.010250048134340162,1388.7427734375,1419.3728637695312,1426.4634521484375,1424.245166015625,1419.3491015625,1401.1331176757812,1
2023-12-04,1401.5771484375,1435.6435056551113,1389.4953684081188,1425.0473023522748,109155,Fast Moving Consumer Goods,0.0020887103165112553,0.05036490169913477,0.011159876712795613,0.02416050585850016,1383.21689453125,1412.569482421875,1425.400528971354,1423.6163269042968,1419.1985791015625,1409.0720540364584,1
2023-12-05,1384.8905029296875,1411.7772792021142,1376.522482952753,1406.1820377379497,60231,Fast Moving Consumer Goods,-0.011905620412272722,-0.013238342743560061,-0.016624061864234596,-0.009336400646105192,1382.5633056640625,1404.4638427734376,1421.340283203125,1422.9751037597657,1416.8178857421874,1416.193994140625,0
2023-12-06,1363.9951171875,1401.0820725337092,1355.3299576514762,1395.3382612865742,77780,Fast Moving Consumer Goods,-0.015088113968565797,-0.007711502608026,-0.007575703920132182,-0.015395698627324372,1379.3151123046875,1395.2589599609375,1416.2930338541667,1421.21484375,1415.0293994140625,1414.8125244140624,0
2023-12-07,1369.392333984375,1379.4933857984952,1361.6183513607791,1370.9767961080215,39644,Fast Moving Consumer Goods,0.003956917974899943,-0.017459182374953364,-0.015408581094876972,0.004639751134992709,1383.7021728515624,1388.2624877929688,1412.5892985026042,1417.5185424804688,1416.1761767578125,1413.3369710286458,1
2023-12-08,1349.338623046875,1389.3963673209396,1336.9102607863638,1362.658162105212,115888,Fast Moving Consumer Goods,-0.014644240689702048,-0.006067669435707912,0.007178708955325908,-0.018146120423334855,1373.8387451171875,1381.2907592773438,1404.19482421875,1413.307275390625,1414.1638818359374,1411.764042154948,0
2023-12-11,1369.837890625,1384.6428858017416,1353.9434644322314,1366.5203966866045,65160,Fast Moving Consumer Goods,0.015192085387607523,0.002834338566192862,-0.003421256619782098,0.012740723252321118,1367.4908935546875,1375.3538940429687,1397.5432861328125,1410.9231201171874,1412.391240234375,1410.5806315104167,1
2023-12-12,1327.304443359375,1382.167185927225,1322.1547902453694,1382.167185927225,70912,Fast Moving Consumer Goods,-0.03104998595579711,0.011450095643328329,-0.0017879699523267734,-0.023478583132858,1355.973681640625,1369.2684936523438,1388.3004557291667,1404.9986328125,1409.5748193359375,1406.6771850585938,0
2023-12-13,1357.1619873046875,1376.0768892831975,1329.3840342974788,1336.910320070161,89810,Fast Moving Consumer Goods,0.022494872291502155,-0.032743409276283386,-0.004406338615210226,0.0054677743524778055,1354.6070556640625,1366.961083984375,1381.7083251953125,1400.8715393066407,1407.8932861328126,1404.9590087890624,1
2023-12-14,1348.7939453125,1370.5806316538178,1341.9608240553812,1370.2834921217525,55250,Fast Moving Consumer Goods,-0.006165838765353593,0.024962910040098985,-0.003994150088693527,0.009460614414967594,1350.4873779296875,1367.094775390625,1375.6707845052083,1397.063818359375,1404.1123095703124,1405.2280436197916,0
2023-12-15,1365.7281494140625,1379.4933984575644,1356.1716921461848,1358.6474520141992,63760,Fast Moving Consumer Goods,0.01255507126230393,-0.008491702756731057,0.00650291314345508,0.010589629619632834,1353.765283203125,1363.8020141601562,1372.1156005859375,1391.5874389648438,1401.398876953125,1404.0974487304688,1
2023-12-18,1331.9091796875,1372.26406354394,1327.6509454567583,1372.26406354394,108881,Fast Moving Consumer Goods,-0.024762592570909403,0.01002218162596491,-0.005240572315683201,-0.021030336243261005,1346.179541015625,1356.8352172851562,1365.6291097005208,1384.7023498535157,1397.974404296875,1401.35595703125,0
2023-12-19,1332.65185546875,1348.8434202820818,1320.619760284335,1343.7927738889132,102066,Fast Moving Consumer Goods,0.0005576024195765861,-0.02074767561973334,-0.017067154845819776,-0.005295959149868579,1347.2490234375,1351.6113525390624,1361.9286702473958,1378.03759765625,1393.4487109375,1399.187186686198,1
2023-12-20,1260.6072998046875,1348.6949041476828,1253.82374227427,1339.2870171077252,86417,Fast Moving Consumer Goods,-0.054061047803607654,-0.0033530145932757494,-0.00011010628229024544,-0.05057929619020951,1327.9380859375,1341.2725708007813,1353.95341796875,1368.2657653808594,1386.2848486328126,1394.5674194335938,0
2023-12-21,1316.0643310546875,1323.1450281789246,1247.0897605261118,1256.6956600853991,90582,Fast Moving Consumer Goods,0.04399231327519071,-0.06166815325417496,-0.018944148072469136,-0.0053707562882352455,1321.3921630859375,1335.9397705078125,1351.8605712890626,1362.1011291503905,1381.9294873046874,1390.3256184895833,1
2023-12-22,1315.519775390625,1339.8316645360194,1298.2884626924222,1310.6672619171784,55323,Fast Moving Consumer Goods,-0.00041377587038327057,0.042947233404236895,0.012611343429269395,0.04105454457801905,1311.35048828125,1332.5578857421874,1346.3181722005208,1356.9243225097657,1375.540048828125,1386.3908121744792,0
2023-12-26,1454.4593505859375,1484.4656083693012,1309.5779564705804,1317.6489577714783,680789,Fast Moving Consumer Goods,0.10561572527790886,0.005326825546925873,0.1079493399518725,0.008695674422574573,1335.8605224609375,1341.0200317382812,1349.84365234375,1358.186962890625,1374.933984375,1387.622090657552,1
2023-12-27,1509.272705078125,1557.3024441622017,1427.9192156274455,1454.4098449160858,574476,Fast Moving Consumer Goods,0.03768641211602475,0.10379159512705827,0.049066031157779744,0.09036595230711164,1371.1846923828125,1359.2168579101562,1358.1357991536458,1364.24267578125,1376.6670166015624,1389.7380411783854,1
2023-12-28,1495.556884765625,1534.6738883798828,1486.000548946443,1509.1735632389427,286619,Fast Moving Consumer Goods,-0.009087701822441674,0.037653566850007536,-0.014530610843863867,0.04067550368630335,1418.174609375,1373.05634765625,1366.906583658854,1370.0087158203125,1378.2475341796876,1391.5998087565104,0
2023-12-29,1559.0355224609375,1574.2861062452723,1474.31497305195,1485.6539046747268,553121,Fast Moving Consumer Goods,0.04244481660439181,-0.015584462342249528,0.025811488789456938,-0.007863776297241554,1466.76884765625,1394.0805053710938,1379.549462890625,1380.5876403808593,1383.0346728515624,1396.0693806966146,1
2024-01-01,1502.04345703125,1594.092157205365,1481.0490624724257,1563.6898754919027,456619,Fast Moving Consumer Goods,-0.036555976184382,0.052526345854596146,0.01258097297659,0.0045676056633514595,1504.073583984375,1407.7120361328125,1389.72978515625,1385.7570251464845,1386.3541748046875,1396.9623046875,0
2024-01-02,1500.8055419921875,1521.354347664466,1448.9631576421175,1496.3491744969947,291892,Fast Moving Consumer Goods,-0.0008241539439273193,-0.04306525357128388,-0.045629613828862325,-0.021664309200361553,1513.342822265625,1424.6016723632813,1398.4609619140624,1390.7184448242188,1389.218134765625,1398.0021240234375,0
2024-01-03,1476.8897705078125,1513.1348708723124,1468.2246109520445,1495.3093997861604,102534,Fast Moving Consumer Goods,-0.015935289959436605,-0.0006948743839710891,-0.005402736584525503,0.013293266435615125,1506.8662353515624,1439.0254638671875,1408.4333170572916,1395.318408203125,1392.7673876953124,1398.3668863932292,0
2024-01-04,1577.504638671875,1649.004656841442,1478.3752368337375,1478.3752368337375,1333282,Fast Moving Consumer Goods,0.06812618664794945,-0.011324855548185964,0.08979357265806831,0.0069135374832813845,1523.2557861328125,1470.7151977539063,1423.1228271484374,1405.9938842773438,1400.6581298828125,1402.415576171875,1
2024-01-05,1578.3958740234375,1623.8012844431444,1526.0583361843342,1584.28825486195,454317,Fast Moving Consumer Goods,0.0005649652810610917,0.07164149898441763,-0.015283991038917422,0.03225371892234907,1527.1278564453125,1496.9483520507813,1438.4296223958333,1416.4440612792969,1409.89568359375,1407.050203450521,1
2024-01-08,1560.7686767578125,1632.0210016232668,1554.7772891677964,1584.3874031197372,453956,Fast Moving Consumer Goods,-0.011167792285652678,6.258220843524676e-05,0.005062021602564082,0.018819040073703386,1538.872900390625,1521.4732421875,1451.43232421875,1427.0155639648438,1416.3802001953125,1411.7739624023438,0
2024-01-09,1570.1763916015625,1599.4397992139338,1556.757725448012,1578.5444111731117,145555,Fast Moving Consumer Goods,0.006027616381495182,-0.003687855593348166,-0.0199637151586447,0.0012737748962590167,1552.7470703125,1533.0449462890624,1467.316805013021,1437.032489013672,1423.124169921875,1416.4729573567708,1
2024-01-10,1558.3421630859375,1569.6316515075598,1542.893446718472,1566.6111763155925,91976,Fast Moving Consumer Goods,-0.007536878390811963,-0.007559644678384991,-0.01863661747133194,-0.008905867947788804,1569.037548828125,1537.9518920898438,1482.3628255208334,1448.584375,1430.062236328125,1422.1457478841146,0
2024-01-11,1609.491455078125,1641.3297504634422,1545.17126346522,1560.867556508606,444297,Fast Moving Consumer Goods,0.03282288909574138,-0.0036662701593221936,0.0456782958517814,0.0014763279678142727,1575.434912109375,1549.3453491210937,1505.6217692057292,1461.2008483886718,1439.88208984375,1429.7875935872396,1
2024-01-12,1635.7344970703125,1673.3164824155342,1604.242784113337,1620.137210356913,423035,Fast Moving Consumer Goods,0.016305176339636906,0.037972250496949966,0.01948830327547535,0.03822975617320412,1586.90263671875,1557.0152465820313,1526.9331136067708,1475.5478759765624,1450.5357763671875,1439.3968424479167,1
2024-01-15,1638.1112060546875,1663.6609739195058,1619.2954321190289,1643.9540231909962,154683,Fast Moving Consumer Goods,0.0014529919058574592,0.014700491218787803,-0.005770282309112362,0.009383023663722678,1602.371142578125,1570.622021484375,1548.439208984375,1489.1670288085938,1462.0866796875,1447.3786905924478,1
2024-01-16,1632.7139892578125,1685.4972354075735,1593.101833314039,1643.9044716666112,242908,Fast Moving Consumer Goods,-0.003294780462355762,-3.0141672872741054e-05,0.013125427494174335,-0.01617592335866269,1614.878662109375,1583.8128662109375,1560.3228515625,1504.2072692871093,1472.6017236328125,1455.083251953125,0
2024-01-17,1569.3841552734375,1623.9994412670471,1561.2141478394535,1590.428113815517,181535,Fast Moving Consumer Goods,-0.038788075805709865,-0.03253008844052796,-0.036486440231778494,-0.02001609991763753,1617.087060546875,1593.0623046875,1564.3302815755208,1516.0438842773438,1482.284912109375,1461.2330403645833,0
2024-01-18,1575.9697265625,1606.273003185073,1516.700059469419,1572.6026689629448,120798,Fast Moving Consumer Goods,0.0041962774168031736,-0.011207953819307281,-0.010915298140831808,-0.02851248077122348,1610.38271484375,1592.9088134765625,1569.6911376953126,1531.8120056152343,1491.0372216796875,1468.2988606770834,1
2024-01-19,1590.8736572265625,1610.234146892281,1581.564897244177,1586.466853211214,84175,Fast Moving Consumer Goods,0.00945699045664461,0.008816075746209906,0.0024660463690502343,0.042767083293614006,1601.410546875,1594.156591796875,1571.8136800130208,1545.552471923828,1500.72041015625,1475.681571451823,1
2024-01-23,1522.4931640625,1619.2458019097062,1513.5804294072598,1614.1952764490768,138363,Fast Moving Consumer Goods,-0.04298298161732916,0.017478098065356384,0.005596487339942113,-0.04298556951749366,1578.2869384765625,1590.3290405273438,1573.1769938151042,1555.901141357422,1506.9910107421874,1481.453389485677,0
2024-01-24,1591.1708984375,1609.0459333904723,1530.1186347153168,1534.9215847762946,325897,Fast Moving Consumer Goods,0.045108730860732305,-0.04911034794202174,-0.006299147731125387,0.01092654541954774,1569.9783203125,1592.4284912109374,1579.2013509114583,1562.73671875,1517.3614794921875,1488.8311564127605,1
2024-01-25,1646.5782470703125,1684.5069348156112,1584.5852470739576,1590.4280642644749,298128,Fast Moving Consumer Goods,0.03482174585220332,0.0361624203077906,0.046897978397753226,0.035596332939749065,1585.417138671875,1601.252099609375,1590.513916015625,1569.6019958496095,1529.91853515625,1499.4736165364584,1
2024-01-29,1641.626708984375,1661.6803627432676,1634.0014173912314,1653.807495177792,102584,Fast Moving Consumer Goods,-0.0030071684080289485,0.03985054862737725,-0.013550892311905094,0.03118555496368791,1598.54853515625,1604.465625,1594.788720703125,1576.9054870605469,1545.1593115234375,1508.9557739257812,0
2024-01-30,1654.847412109375,1720.653059168652,1622.0682556828956,1641.626758082079,407586,Fast Moving Consumer Goods,0.00805341619543909,-0.007365269011798348,0.03548979559945353,-0.007303030206294192,1611.3432861328124,1606.3769165039062,1599.8854899088542,1581.6960815429688,1558.710634765625,1519.1575561523437,1
2024-01-31,1717.385009765625,1722.8316813258036,1638.0122472843898,1654.8474139249415,229788,Fast Moving Consumer Goods,0.03779055228816275,0.008053387152575642,0.0012661600463514944,0.009829420892514706,1650.3216552734375,1614.304296875,1610.3265787760417,1592.4631591796874,1574.785244140625,1530.8794514973958,1
2024-02-01,1698.5692138671875,1727.090014759178,1671.9301354635822,1724.8122674171404,89217,Fast Moving Consumer Goods,-0.010956073210983353,0.04227873392040249,0.0024717060172108063,0.020706736616544763,1671.801318359375,1620.8898193359375,1618.8861002604167,1602.3513427734374,1584.549638671875,1543.1014526367187,0
2024-02-02,1690.2012939453125,1735.0125484061448,1677.6244819319857,1715.404481524951,108218,Fast Moving Consumer Goods,-0.004926452130156966,-0.005454382526092094,0.004587215246028453,0.003405851923845127,1680.525927734375,1632.971533203125,1627.676708984375,1613.0169189453125,1591.7867822265625,1555.0197672526042,0
2024-02-05,1642.765625,1698.618789975848,1617.1662929780264,1693.4196944227956,85142,Fast Moving Consumer Goods,-0.028065100361263418,-0.01281609517692961,-0.02097607793311329,-0.03603797488955007,1680.7537109375,1639.651123046875,1629.8949869791666,1616.2799682617188,1597.6751318359375,1567.7583780924479,0
2024-02-06,1697.5294189453125,1789.479109964545,1649.8462629778262,1649.8462629778262,460032,Fast Moving Consumer Goods,0.03333634032262678,-0.025731029105470204,0.05349070699376224,0.020208169154712907,1689.2901123046875,1650.31669921875,1634.0146484375,1622.2366455078125,1603.2148876953124,1580.4738810221354,1
2024-02-07,1757.0467529296875,1792.2521060986032,1668.8601393511683,1697.529510740354,287791,Fast Moving Consumer Goods,0.03506115023405809,0.028901630917091525,0.0015496107881993737,0.01152463523420888,1697.2224609375,1673.7720581054687,1641.9436848958333,1632.0505493164062,1613.41501953125,1595.1914469401042,1
2024-02-08,1724.36669921875,1772.644015277279,1715.4044003957652,1772.644015277279,111828,Fast Moving Consumer Goods,-0.01859942181757368,0.044249307043955355,-0.010940475815094608,0.027889851250622266,1702.3819580078125,1687.0916381835937,1648.053865559896,1639.7600646972655,1622.3574658203124,1604.188358561198,0
2024-02-09,1699.65869140625,1726.2977705391509,1634.199504616063,1724.0201440214666,116544,Fast Moving Consumer Goods,-0.014328743314107384,-0.027430138728788522,-0.02614526342497403,-0.04733863091465029,1704.2734375,1692.3996826171874,1656.7388346354167,1646.8258911132812,1631.26822265625,1610.5345581054687,0
2024-02-12,1640.3887939453125,1698.0739942616362,1618.8496848143243,1685.4971834915566,94638,Fast Moving Consumer Goods,-0.03487164673743948,-0.022344843628132494,-0.016349309348120067,-0.009392867736393695,1703.7980712890626,1692.2758911132812,1661.0334391276042,1648.3707580566406,1633.7835888671875,1615.3622884114584,0
2024-02-13,1765.414794921875,1822.109695789987,1628.604401588805,1638.9530294624485,567747,Fast Moving Consumer Goods,0.07621729765408936,-0.02761449528660176,0.07304493322876926,0.0060257087893862415,1717.375146484375,1703.3326293945313,1672.6695149739583,1654.8547729492188,1641.264345703125,1622.2415974934895,1
2024-02-14,1702.678955078125,1765.414681815859,1685.24963093494,1724.1190582974764,162877,Fast Moving Consumer Goods,-0.035536033811547574,0.05196367882669639,-0.03111503885036271,0.034781454164604986,1706.5015869140625,1701.8620239257812,1684.6819010416666,1658.0831604003906,1646.9407568359375,1628.9294474283854,0
2024-02-15,1717.137451171875,1730.8532573125665,1688.1216185531598,1701.3421518421112,93524,Fast Moving Consumer Goods,0.008491616138573077,-0.013210750351461686,-0.019576944079644498,0.00170419121624521,1705.0557373046875,1703.71884765625,1693.0796712239583,1662.3043334960937,1652.81919921875,1636.1405110677083,1
2024-02-16,1747.6387939453125,1801.2637738909714,1718.870417519169,1726.9909819680936,207325,Fast Moving Consumer Goods,0.017762901130961684,0.01507564489495028,0.040679656857640634,0.018214800775055107,1714.6517578125,1709.46259765625,1699.817041015625,1671.2170654296874,1660.391064453125,1645.165478515625,1
2024-02-19,1770.9110107421875,1808.294984266872,1738.032968473838,1738.032968473838,145427,Fast Moving Consumer Goods,0.01331637686088305,0.006393771954246619,0.003903487361383018,0.011148339490492987,1740.756201171875,1722.2771362304688,1708.4359944661458,1680.964129638672,1666.8478466796876,1651.6123575846354,1
2024-02-20,1765.1671142578125,1819.089233413444,1728.179288271852,1769.6730452963773,228995,Fast Moving Consumer Goods,-0.0032434698579053567,0.01820453201777994,0.005969296624990683,-0.005669443779676042,1740.7066650390625,1729.0409057617187,1715.7906412760417,1689.6788024902344,1672.0251513671874,1657.838065592448,0
2024-02-21,1696.1429443359375,1777.397424792655,1681.0408103986304,1760.760271510318,179465,Fast Moving Consumer Goods,-0.03910347601898145,-0.005036395739737687,-0.022919056335986343,-0.027276381677018846,1739.399462890625,1722.9505249023437,1714.3745035807292,1698.3612915039062,1674.3464208984376,1662.3505411783854,0
2024-02-22,1694.8060302734375,1708.917860112674,1656.6297685641912,1700.2527014394586,95903,Fast Moving Consumer Goods,-0.0007882083682654306,-0.034364456678113386,-0.03852799814198549,-0.014521385610293702,1734.9331787109375,1719.9944580078125,1714.123624674479,1703.5430480957032,1676.8301025390624,1666.504862467448,0
2024-02-23,1714.2161865234375,1752.7884781254745,1693.4198029780923,1707.2840586749892,105008,Fast Moving Consumer Goods,0.011452730225929297,0.004135477761380901,0.02567157792470387,0.022207758855973703,1728.2486572265625,1721.4502075195312,1715.7246175130208,1706.9249450683594,1682.6233837890625,1671.700663248698,1
2024-02-26,1745.856201171875,1762.7904944647526,1701.391653050846,1713.2257362267474,65270,Fast Moving Consumer Goods,0.01845742380522375,0.003480192719874209,0.005706345325806161,0.004707545086418685,1723.2376953125,1731.9969482421875,1722.597322591146,1712.1364196777345,1689.4188427734375,1676.2461547851562,1
2024-02-27,1710.7996826171875,1745.856346668946,1702.8772508067625,1736.9931744357193,50257,Fast Moving Consumer Goods,-0.020079843077085324,0.013872916864603013,-0.009606443788402919,0.0008731662420304875,1712.364208984375,1726.5354370117188,1723.4820068359375,1714.934033203125,1694.2158837890624,1678.7483276367188,0
2024-02-28,1653.8074951171875,1718.17724792115,1648.8559756707289,1718.17724792115,56638,Fast Moving Consumer Goods,-0.03331318568683217,-0.01083247003586063,-0.01585416738359202,-0.03172352858107674,1703.897119140625,1721.648291015625,1716.5993896484374,1711.7551574707031,1699.46845703125,1679.2715372721354,0
2024-02-29,1720.1082763671875,1733.0317903585428,1624.048799987314,1652.7676125132557,98889,Fast Moving Consumer Goods,0.04008978157720944,-0.038069201234642414,0.008645523886063433,-0.01504508340901256,1708.957568359375,1721.9453735351562,1716.3154947916667,1712.8321105957032,1704.6259521484376,1682.1846801757813,1
2024-03-01,1705.3529052734375,1731.6949652365324,1683.516655591813,1731.0512435144058,50188,Fast Moving Consumer Goods,-0.008578164117036158,0.04736517729925094,-0.0007713794573461774,0.036617037372869365,1707.184912109375,1717.7167846679688,1716.6951090494792,1713.5896911621094,1706.9769384765625,1686.716971842448,0
2024-03-04,1716.2462158203125,1745.90576915952,1691.5380610758498,1706.5907528314835,62354,Fast Moving Consumer Goods,0.006387716298010604,-0.014130425528745327,0.008206297418579478,0.004764672483276833,1701.2629150390626,1712.2503051757812,1721.7522705078125,1717.263720703125,1709.96171875,1691.3928548177084,1
2024-03-05,1711.888916015625,1741.3504579889504,1694.410027440663,1711.1461880667175,40779,Fast Moving Consumer Goods,-0.0025388547193998523,0.0026693190664930366,-0.002609139193555987,0.001697843182426828,1701.48076171875,1706.9224853515625,1718.1838785807292,1717.9816955566407,1712.24337890625,1695.4266967773438,0
2024-03-06,1666.2852783203125,1707.4324527410688,1653.807473654511,1706.9867434646487,51578,Fast Moving Consumer Goods,-0.026639367349520438,-0.0024307944178446617,-0.019477989104532578,-0.023962649611723785,1703.976318359375,1703.93671875,1715.7576334635417,1713.443621826172,1710.1993896484375,1700.2197672526042,0
2024-03-07,1728.327880859375,1796.411273960124,1668.364931381051,1668.6125073559629,260140,Fast Moving Consumer Goods,0.037234081910394234,-0.022480687829360746,0.052112644969474875,0.008802389612118322,1705.6202392578125,1707.2889038085937,1716.503662109375,1713.6416809082032,1711.389736328125,1704.7916666666667,1
2024-03-11,1671.7816162109375,1750.6593490074638,1661.7300070683132,1741.9446260030768,74219,Fast Moving Consumer Goods,-0.03271732480547673,0.04394796174895865,-0.025468513594774755,-0.003976902287945783,1698.9059814453126,1703.0454467773438,1711.4465169270834,1712.2478271484374,1710.65294921875,1705.6317789713542,0
2024-03-12,1634.0509033203125,1679.4563103118307,1604.589364012275,1679.4563103118307,79954,Fast Moving Consumer Goods,-0.022569163654365898,-0.03587273370143029,-0.04067212661104036,-0.03438623772392957,1682.4669189453125,1691.8649169921875,1702.322509765625,1711.9309326171874,1710.3043603515625,1705.3792521158855,0
2024-03-13,1528.831298828125,1660.7397376887925,1510.5601182696455,1640.8840949747391,82996,Fast Moving Consumer Goods,-0.06439187682488123,-0.02296708470488873,-0.01114442364955781,-0.05860019257980709,1645.8553955078125,1673.6680786132813,1686.566788736979,1700.1017578125,1703.556435546875,1701.1787150065104,0
2024-03-14,1611.323486328125,1623.5537155800394,1516.2048672099447,1535.961382087136,54482,Fast Moving Consumer Goods,0.053957678367280826,-0.06394279352754562,-0.02239124003891424,0.0037368581839465342,1634.863037109375,1669.419677734375,1680.912158203125,1695.533984375,1697.7275048828126,1697.643330891927,1
2024-03-15,1594.3397216796875,1609.243843787603,1553.5888127448316,1584.3872399778252,47495,Fast Moving Consumer Goods,-0.010540257615893167,0.03152804390490993,-0.00881391952426036,0.02465626271447019,1608.0654052734376,1656.842822265625,1674.214404296875,1689.3940979003905,1692.52642578125,1694.169014485677,0
2024-03-18,1549.0333251953125,1606.17393324315,1541.011887714455,1594.339729005511,34366,Fast Moving Consumer Goods,-0.028417027982369558,0.0062816013513369295,-0.001907672697524565,-0.008095401387549939,1583.5157470703125,1641.2108642578125,1663.2022135416667,1679.4638244628907,1686.5014111328126,1689.4634155273438,0
2024-03-19,1527.345703125,1570.4733640204877,1520.2154427473283,1557.7479835010774,31475,Fast Moving Consumer Goods,-0.01400074596043821,-0.022951034110689772,-0.022227087916049437,-0.013495317675953133,1562.17470703125,1622.3208129882812,1648.6348470052083,1667.2855590820313,1681.9796875,1685.616084798177,0
2024-03-20,1525.810791015625,1545.5673062051635,1507.2425921958663,1531.6536084215843,30603,Fast Moving Consumer Goods,-0.001004953957859378,-0.016751345760593006,-0.015858949528162247,-0.008533560564295772,1561.57060546875,1603.7130004882813,1636.3022542317708,1655.3177429199218,1672.39552734375,1679.8921305338542,0
2024-03-21,1560.372314453125,1569.6316314455105,1531.9010782360535,1533.9311286342927,18900,Fast Moving Consumer Goods,0.022651251151851515,0.0014869682023310737,0.015569897955096001,0.0163599981634428,1551.38037109375,1593.1217041015625,1630.0732421875,1648.5292114257813,1666.70326171875,1673.3363159179687,1
2024-03-22,1559.5306396484375,1579.3861604333042,1554.7771325445738,1555.7178729006662,24772,Fast Moving Consumer Goods,-0.0005394063948016559,0.014203208905324782,0.006214533902333841,0.014933114568246975,1544.4185546875,1576.2419799804688,1619.36806640625,1641.7654418945312,1660.3989892578124,1667.8417805989584,0
2024-03-26,1557.748046875,1582.5056445684995,1546.4091154860605,1559.72865469048,28429,Fast Moving Consumer Goods,-0.0011430315815015302,0.002578090706341074,0.0019751243953787245,-0.005382132836503684,1546.1614990234375,1564.838623046875,1609.527742513021,1633.9420349121094,1652.803359375,1663.11142578125,0
2024-03-27,1530.5147705078125,1566.363725512805,1515.2640653432034,1557.7481294136455,73341,Fast Moving Consumer Goods,-0.017482465422967608,-0.0012697883512484687,-0.010200228423258406,-0.02014023962414868,1546.7953125,1554.485009765625,1597.145646158854,1623.1749633789063,1643.187509765625,1659.4489583333334,0
2024-03-28,1552.5489501953125,1573.8900477457914,1535.02061939614,1543.1410630788364,39831,Fast Moving Consumer Goods,0.014396580883822008,-0.009377039881477756,0.004804964587980631,0.013038357145005008,1552.1429443359375,1556.8567749023437,1586.5229817708334,1615.2624267578126,1634.682783203125,1652.3534301757813,1
2024-04-01,1593.2503662109375,1609.7389499183555,1559.5800344378067,1559.629597986272,35737,Fast Moving Consumer Goods,0.02621586650166785,0.010685047078287324,0.022777259582973164,0.015999404002356776,1558.7185546875,1555.049462890625,1581.6539876302083,1612.2345703125,1630.567080078125,1648.705810546875,1
2024-04-02,1620.2857666015625,1643.9044906788538,1593.4485548166167,1596.3699029965735,43181,Fast Moving Consumer Goods,0.016968708097598206,0.023557070895383614,0.02122427413602135,0.02171643623984898,1570.869580078125,1557.6440673828124,1574.4511800130208,1607.2434448242188,1627.58626953125,1645.477421061198,1
2024-04-03,1618.750732421875,1633.0111327738332,1604.2923196443965,1620.137182060637,34543,Fast Moving Consumer Goods,-0.0009473848449012001,0.014888328212308233,-0.006626515084536377,0.0068052180253963535,1583.0701171875,1564.6158081054687,1570.9157877604166,1602.9133361816407,1623.7676513671875,1641.18115234375,0
2024-04-04,1636.279296875,1652.8173248080882,1614.046900231562,1626.5742696209015,51409,Fast Moving Consumer Goods,0.010828451905562808,0.003973174390132339,0.012128632583546572,0.006080301244182129,1604.2230224609375,1575.5091674804687,1571.064347330729,1598.914990234375,1619.3845751953124,1636.693428548177,1
2024-04-05,1608.0059814453125,1643.409346394763,1596.3699104479406,1632.0208513760583,37245,Fast Moving Consumer Goods,-0.017279027781922363,0.003348498655660004,-0.005692086035229416,-0.010951967864803236,1615.3144287109376,1583.7286865234375,1576.3426595052083,1593.7208435058594,1615.2728271484375,1631.4547241210937,0
2024-04-08,1617.4635009765625,1647.8162205427448,1605.3322775059094,1618.1566653916288,45912,Fast Moving Consumer Goods,0.005881520118942163,-0.008495103461907183,0.0026815438026133176,0.005614216980232234,1620.1570556640625,1589.4378051757812,1576.7519938151042,1591.2797546386719,1613.8190673828126,1628.8320760091146,1
2024-04-09,1582.7037353515625,1642.5181185176784,1541.309102490698,1625.5839450342924,70248,Fast Moving Consumer Goods,-0.021490293662894677,0.004589963259747698,-0.0032152262849562963,-0.03988157212828214,1612.6406494140624,1591.7551147460938,1575.9762613932292,1583.9985473632812,1608.3228857421875,1625.095332845052,0
2024-04-10,1576.2171630859375,1596.419386009067,1570.4733523427485,1588.4473915806805,24355,Fast Moving Consumer Goods,-0.00409841217957585,-0.022845054275452026,-0.02806588979987268,0.01892173984110146,1604.133935546875,1593.6020263671876,1577.7885172526042,1579.2203247070313,1603.1574560546876,1620.4953653971354,0
2024-04-12,1579.0892333984375,1606.2730288425985,1559.7287425567772,1574.5833020096989,66407,Fast Moving Consumer Goods,0.0018221285618265082,-0.00872807600960912,0.006172339749747735,-0.006841637758414065,1592.6959228515625,1598.45947265625,1581.2380859375,1576.4722412109375,1597.6711767578124,1614.9364664713542,1
2024-04-15,1535.8624267578125,1573.5434196833814,1520.11656970857,1552.796600197419,23662,Fast Moving Consumer Goods,-0.02737451799832391,-0.013836487269027198,-0.020376118238628727,-0.025396834569627158,1578.2672119140625,1596.7908203125,1581.9081949869792,1576.823797607422,1590.6301171875,1609.105224609375,0
2024-04-16,1523.9290771484375,1553.5391868634465,1515.2144756760615,1534.970989410895,22681,Fast Moving Consumer Goods,-0.007769803728167379,-0.011479681745991455,-0.012712857217476725,-0.003224814550537025,1559.5603271484374,1589.85869140625,1579.4786458333333,1572.4540771484376,1584.935869140625,1604.7759440104167,0
2024-04-18,1502.7366943359375,1539.9226563536977,1491.595774796401,1532.9905286402084,35261,Fast Moving Consumer Goods,-0.013906410167167982,-0.0012902268409951123,-0.00876484521593579,-0.015587694850342726,1543.5669189453124,1578.1037841796874,1575.6923828125,1567.87392578125,1575.9122216796875,1597.530224609375,0
2024-04-19,1483.128662109375,1501.3007145227275,1475.6023766360747,1501.3007145227275,32446,Fast Moving Consumer Goods,-0.01304821549940749,-0.020671891655841046,-0.02508044262587905,-0.010722340751138981,1524.94921875,1564.5415771484375,1570.7177571614584,1564.5786926269532,1568.366103515625,1590.1227498372396,0
2024-04-22,1555.0743408203125,1624.445059975999,1508.876637381987,1509.2232195870956,564236,Fast Moving Consumer Goods,0.04850939810482324,0.005277094047668296,0.08202510280721453,0.022549611787538115,1520.146240234375,1556.4210815429688,1572.3550618489583,1565.9651245117188,1565.207041015625,1584.7503540039063,1
2024-04-23,1565.125732421875,1576.415220929535,1536.9020715960771,1569.6316634697985,83776,Fast Moving Consumer Goods,0.006463608419042144,0.04002618240874267,-0.02956692117809978,0.01857370809499459,1525.9989013671875,1552.133056640625,1573.193513997396,1567.9308715820312,1566.658818359375,1579.8582478841147,1
2024-04-24,1568.4927978515625,1589.2891796191586,1552.5489293404137,1574.5831909751282,55919,Fast Moving Consumer Goods,0.0021513066713672035,0.0031545792688609797,0.00816660389896029,0.010180777313994582,1534.9116455078124,1547.235986328125,1571.5430094401042,1568.336895751953,1564.9455908203124,1576.5984985351563,1
2024-04-25,1563.5908203125,1594.290240592562,1550.1227117218136,1572.6025614431774,41053,Fast Moving Consumer Goods,-0.003125278959378641,-0.0012578754449450447,0.003146728133266219,-0.001562731822971175,1547.082470703125,1545.3246948242188,1567.7633463541667,1568.5399047851563,1563.715634765625,1571.1072631835937,0
2024-04-26,1553.8858642578125,1597.50880050082,1541.4576225333465,1568.2948347186282,75616,Fast Moving Consumer Goods,-0.006206838725714592,-0.0027392342033297767,0.0020188042467483847,-0.005589937572646919,1561.2339111328124,1543.0915649414062,1563.4390218098958,1568.3467956542968,1563.909736328125,1567.1774047851563,0
2024-04-29,1562.00634765625,1584.4366336763494,1542.8438709992013,1560.6693407179791,28309,Fast Moving Consumer Goods,0.0052259201175732795,-0.00486228343793349,-0.008182844952323465,0.0008993101371004286,1562.6203125,1541.3832763671876,1558.4874918619792,1569.9213745117188,1565.296162109375,1564.7759195963542,1
2024-04-30,1543.834228515625,1568.9879719479177,1526.4049039178824,1566.6607819422222,32495,Fast Moving Consumer Goods,-0.011633831813738671,0.0038390202638867166,-0.009750255327400703,-0.010654977726730297,1558.36201171875,1542.1804565429688,1554.209375,1569.4856384277343,1566.017099609375,1565.276017252604,0
2024-05-02,1545.4188232421875,1554.7771468862782,1529.5243970483164,1548.785759844549,24296,Fast Moving Consumer Goods,0.0010264021209622776,-0.011409631429921463,-0.009057319313924728,0.002043686522774646,1553.747216796875,1544.3294311523437,1549.406396484375,1567.094061279297,1565.4189599609374,1563.0791951497397,1
2024-05-03,1523.632080078125,1551.9547468157953,1515.1649335652844,1550.8158731785852,46622,Fast Moving Consumer Goods,-0.014097630258155691,0.0013107773758458396,-0.0018153084357686033,-0.009388188583812629,1545.75546875,1546.4189697265624,1545.4682861328124,1562.261376953125,1563.983017578125,1560.722273763021,0
2024-05-06,1545.3692626953125,1584.43670387176,1489.4170913769626,1530.019551979659,192065,Fast Moving Consumer Goods,0.014266687411880197,-0.013409922840357358,0.020929706309162244,-0.016993425347916036,1544.0521484375,1552.6430297851562,1543.411759440104,1558.592303466797,1563.4878662109375,1560.6001383463542,1
2024-05-07,1526.0582275390625,1557.6983870817692,1505.3608529687526,1541.209924746012,43411,Fast Moving Consumer Goods,-0.012496065259230749,0.007313875663794045,-0.016875597948881493,0.010704698961826686,1536.8625244140626,1549.7414184570312,1539.876359049479,1553.08125,1563.3096044921874,1560.5572224934897,0
2024-05-08,1561.6597900390625,1581.5154329020047,1513.085453063362,1526.058410834057,48010,Fast Moving Consumer Goods,0.023329098364360146,-0.009830921582244412,0.015289895667706777,0.005131394296175262,1540.42763671875,1549.39482421875,1541.5961832682292,1550.7639404296874,1563.6740380859376,1561.7521891276042,1
2024-05-09,1496.4976806640625,1568.393715687289,1485.4557686067458,1564.729639812739,31974,Fast Moving Consumer Goods,-0.041726187605413134,0.02534059555266066,-0.00829692644265767,-0.01826049176580058,1530.643408203125,1542.1953125,1539.767423502604,1544.7156494140625,1559.8039306640626,1559.6230346679688,0
2024-05-10,1491.051025390625,1507.0938995077377,1479.3653915317989,1503.182247630098,19917,Fast Moving Consumer Goods,-0.0036396015468734833,-0.039334202290695286,-0.03908445664275628,-0.004100005670757412,1524.127197265625,1534.9413330078125,1538.98837890625,1540.1330139160157,1554.634541015625,1557.340380859375,0
2024-05-13,1538.6351318359375,1548.5381709051956,1463.075016269523,1493.3782916441112,70653,Fast Moving Consumer Goods,0.0319131308285352,-0.006522133960431997,0.027499461985079243,-0.011011732027479737,1522.78037109375,1533.416259765625,1542.688810221354,1538.2539123535157,1551.4299169921876,1556.7032836914063,1
2024-05-14,1524.2261962890625,1551.3605459810449,1515.2144554232186,1538.6846083348528,50300,Fast Moving Consumer Goods,-0.009364751427248352,0.030338137995070458,0.001822606073830002,0.03563688708637658,1522.41396484375,1529.6382446289062,1540.6322672526042,1535.510760498047,1546.94779296875,1556.4936645507812,0
2024-05-15,1536.8526611328125,1586.4668628150423,1525.2660328611275,1539.9225790745263,140613,Fast Moving Consumer Goods,0.008283852406218317,0.0008045643226477495,0.02262937324591885,0.006633765538556213,1517.4525390625,1528.940087890625,1538.7473958333333,1535.5602722167969,1544.10166015625,1555.9704549153646,1
2024-05-16,1534.525390625,1552.647878683826,1519.8192816329026,1549.2313787303965,25940,Fast Moving Consumer Goods,-0.0015143094498707432,0.006044979002427953,-0.021317170199954605,-0.0035710171936418345,1525.0580810546876,1527.8507446289063,1536.4829020182292,1536.090087890625,1540.7841357421876,1554.0129557291666,0
2024-05-17,1532.0001220703125,1552.350915420822,1525.464140555563,1547.8449843541684,37763,Fast Moving Consumer Goods,-0.0016456349110385293,-0.0008948917477802354,-0.0001912624665779683,0.003714164566063216,1533.247900390625,1528.687548828125,1534.37685546875,1537.5532592773438,1538.7559912109375,1551.0701009114584,0
2024-05-21,1543.2896728515625,1589.8339576870917,1522.9884422318105,1562.699605754569,76613,Fast Moving Consumer Goods,0.0073691578862236096,0.009596969690474744,0.02414598522403577,-0.0016229147955263423,1534.17880859375,1528.47958984375,1533.6704427083334,1540.5613098144531,1537.4388916015625,1548.5547322591146,1
2024-05-22,1532.8914794921875,1574.4842446082955,1527.0982256712143,1542.893525021338,46503,Fast Moving Consumer Goods,-0.0067376809048181885,-0.012674272560315392,-0.009654915851166734,0.0026984994274685814,1535.911865234375,1529.1629150390625,1531.7294514973958,1539.452166748047,1535.5909814453125,1545.1084716796875,0
2024-05-23,1524.0777587890625,1545.66643296675,1520.7107012264814,1536.9517099679176,21295,Fast Moving Consumer Goods,-0.005749735595141248,-0.0038510856109388314,-0.018303016838834618,-0.004182785584683213,1533.356884765625,1525.4047119140625,1530.412353515625,1537.3997680664063,1535.1195947265626,1542.3108642578125,0
2024-05-24,1521.6514892578125,1558.7383215525217,1515.1649504290713,1515.1649504290713,43414,Fast Moving Consumer Goods,-0.001591959148579014,-0.014175305182035358,0.008457121347121177,-0.003646815132514969,1530.7821044921875,1527.9200927734375,1528.8278645833334,1535.0577026367187,1535.0284912109375,1539.1171305338542,0
2024-05-27,1518.6805419921875,1539.6253720478044,1514.1746110474046,1539.6253720478044,33533,Fast Moving Consumer Goods,-0.0019524492215192701,0.016143735117292835,-0.012261807668705216,-0.0006536181960823395,1528.1181884765624,1530.6830444335938,1528.4977620442708,1532.812188720703,1535.6662451171876,1536.9830240885417,0
2024-05-28,1499.46875,1526.058386878919,1488.228824345366,1517.1456513293342,32842,Fast Moving Consumer Goods,-0.012650318128778926,-0.014600773101427045,-0.00881187424888974,-0.017135267301893853,1519.35400390625,1526.76640625,1525.4377278645834,1530.0913330078124,1536.3198486328124,1534.4247436523438,0
2024-05-29,1493.724853515625,1534.97103485537,1485.4558401826164,1493.378271330257,47354,Fast Moving Consumer Goods,-0.003830621001187917,-0.01566585250285768,0.005840306015210128,-0.0018632780909679791,1511.5206787109375,1523.7162719726562,1523.2821695963542,1526.6772583007812,1533.865869140625,1531.5792643229167,0
2024-05-30,1465.748779296875,1503.875479475077,1458.8166519917472,1494.3685862053862,39575,Fast Moving Consumer Goods,-0.018729067908929586,0.0006631373270531427,-0.020258073067302318,-0.017933342392456586,1499.8548828125,1516.6058837890625,1516.8881022135417,1522.7729858398438,1529.890791015625,1529.2421427408854,0
2024-05-31,1453.3699951171875,1485.2578535726816,1443.2689435830698,1473.4732128584058,44686,Fast Moving Consumer Goods,-0.008445365505012181,-0.013982743976196366,-0.012379765583314106,-0.010657753589150443,1486.198583984375,1508.4903442382813,1514.0129231770834,1518.1705444335937,1525.28587890625,1526.8901733398438,0
2024-06-03,1471.78955078125,1491.744197770183,1450.894163478461,1470.6507980497513,47466,Fast Moving Consumer Goods,0.012673686484477864,-0.0019154843020044998,0.004367150243911544,0.005283297980805068,1476.8203857421875,1502.469287109375,1512.7288248697917,1515.57841796875,1521.613828125,1525.8586018880208,1
2024-06-04,1360.6776123046875,1474.5625652996214,1305.418604148983,1474.5625652996214,70772,Fast Moving Consumer Goods,-0.07549444716303533,0.0026598885711397457,-0.011517814177688268,-0.10026614138463841,1449.062158203125,1484.2080810546875,1500.864990234375,1506.3438354492187,1513.885498046875,1521.7769002278646,0
2024-06-05,1452.7261962890625,1461.6884945595723,1378.5525340265322,1390.3866167761787,102024,Fast Moving Consumer Goods,0.06764907657183028,-0.05708536925073682,-0.008730772802056808,0.05602335499517874,1440.8624267578125,1476.191552734375,1496.0983235677083,1502.6772338867188,1509.5142919921875,1518.3652954101562,1
2024-06-06,1508.6783447265625,1542.8933909354266,1455.7466525513971,1455.7466525513971,99088,Fast Moving Consumer Goods,0.03851527464736826,0.04700853344429157,0.05555554188057177,0.05599650112672405,1449.44833984375,1474.651611328125,1494.2200358072917,1500.0281616210937,1508.108056640625,1516.4837158203125,1
2024-06-07,1580.4754638671875,1608.253536669894,1505.2619308732997,1505.2619308732997,165946,Fast Moving Consumer Goods,0.04758941453066168,0.03401366455840393,0.042362062160912206,0.03401366455840393,1474.86943359375,1480.5340087890625,1497.2833740234375,1504.22705078125,1509.510322265625,1516.8831380208333,1
2024-06-10,1567.6510009765625,1594.7853507551397,1561.80818406027,1589.6356981820084,35189,Fast Moving Consumer Goods,-0.008114306855005138,0.05605254844899843,-0.0083744170975939,0.037565723298512044,1494.0417236328126,1485.4310546875,1499.6600992838542,1508.0570495605468,1511.2710791015625,1517.0184773763021,0
2024-06-11,1621.6226806640625,1665.8892178517806,1563.9870404601825,1574.5832441257155,189523,Fast Moving Consumer Goods,0.03442837701368395,-0.009469121807913372,0.044585227136036076,0.0013950857871982691,1546.2307373046874,1497.6464477539062,1504.8822998046876,1512.2064270019532,1514.3212158203125,1519.2763712565104,1
2024-06-12,1658.263916015625,1663.8591573476328,1612.2643472315056,1622.1178228925612,91208,Fast Moving Consumer Goods,0.02259541371027063,0.030188673062654825,-0.0012186047441771208,0.030868098981893244,1587.33828125,1514.1003540039062,1513.2404622395834,1518.9083129882813,1519.609443359375,1522.4849568684897,1
2024-06-13,1636.6751708984375,1665.691122879982,1624.147923550469,1663.710515123882,37879,Fast Moving Consumer Goods,-0.01301888373055815,0.025640980972117422,0.0011010340173680522,0.007370736901407771,1612.937646484375,1531.1929931640625,1520.7469563802083,1523.8994384765624,1522.61005859375,1525.5796549479167,0
2024-06-14,1635.140380859375,1652.8172820775294,1627.564531512534,1638.210298907581,24698,Fast Moving Consumer Goods,-0.0009377487154155206,-0.015327315650464635,-0.0077288283677671155,0.0021036310255508894,1623.8706298828124,1549.3700317382813,1528.312882486979,1528.9301879882812,1528.1557666015624,1528.5703735351562,0
2024-06-18,1625.48486328125,1648.7570051838586,1618.1565901643637,1648.7570051838586,29351,Fast Moving Consumer Goods,-0.00590500833515617,0.006437944068176327,-0.0024565794039660416,-0.005780379927195378,1635.43740234375,1564.7395629882812,1535.4331705729167,1533.604425048828,1533.5331201171875,1531.9654663085937,0
2024-06-19,1605.827392578125,1656.2337661107922,1595.379637719443,1633.011187212515,38324,Fast Moving Consumer Goods,-0.012093296681609078,-0.009550114372122165,0.004534786450293149,-0.014075864216952616,1632.2783447265624,1589.254541015625,1542.5237467447917,1536.7313110351563,1536.220810546875,1533.9807373046874,0
2024-06-20,1606.27294921875,1652.817233197345,1587.4571748444243,1613.8982410052406,48177,Fast Moving Consumer Goods,0.0002774623491192951,-0.011704112229567465,-0.002062832544146187,-0.004965879398049489,1621.8801513671874,1604.6092163085937,1550.026953125,1540.4003845214843,1539.5026806640626,1536.654561360677,1
2024-06-21,1667.57275390625,1714.661631607975,1621.127477027272,1622.018774710615,234197,Fast Moving Consumer Goods,0.038162757280644444,0.00503162683932068,0.03741756630343995,0.021210211347054253,1628.05966796875,1620.4986572265625,1563.481884765625,1547.5751342773438,1544.731484375,1540.1849934895833,1
2024-06-24,1994.8681640625,2001.057563324952,1686.487511032777,1697.3808537346918,4985257,Fast Moving Consumer Goods,0.1962705431529559,0.046461903030390106,0.16702766682217107,0.040317639995442134,1700.005224609375,1661.9379272460938,1599.5817626953126,1571.2359680175782,1563.1451953125,1556.797342936198,1
2024-06-25,1924.30908203125,1987.688532769819,1888.5095712257948,1984.6186148020115,1145701,Fast Moving Consumer Goods,-0.03537029829959193,0.16922410809295974,-0.006680982496535037,0.11978864881679607,1759.770068359375,1697.6037353515626,1629.7497314453126,1591.5173950195312,1578.8375537109375,1571.239278157552,0
2024-06-26,1929.5576171875,1972.6358375426976,1900.244645444983,1919.15942606728,324713,Fast Moving Consumer Goods,0.0027274907161534134,-0.03298325846916528,-0.007572964767344925,0.006213934203982419,1824.51611328125,1728.3972290039062,1667.6750651041666,1613.0218383789063,1594.288271484375,1584.2700276692708,1
2024-06-27,1867.6142578125,1972.6854835363663,1843.5003806223167,1928.8645334126293,225349,Fast Moving Consumer Goods,-0.03210236316513204,0.005056957339514501,2.5167338402631856e-05,-0.029861557541386197,1876.784375,1749.3322631835938,1695.3342692057292,1631.71630859375,1607.6771826171876,1595.7162963867188,0
2024-06-28,2005.860595703125,2146.681765175637,1874.6948894782583,1881.973599133757,2752219,Fast Moving Consumer Goods,0.07402296127924735,-0.02431012311471703,0.08820274853310806,0.01692134657732547,1944.441943359375,1786.2508056640625,1728.4797526041666,1658.7218994140626,1626.94849609375,1611.3498942057292,1
2024-07-01,2063.05029296875,2089.441791270856,2010.3166181334752,2025.220737967416,429824,Fast Moving Consumer Goods,0.02851130202574126,0.07611538169270449,-0.026664396573983007,0.07234336073373604,1958.078369140625,1829.041796875,1760.6514078776042,1689.2059143066406,1648.6044482421876,1628.967390950521,1
2024-07-02,2057.603759765625,2079.6380197366443,1998.8786949488592,2079.6380197366443,235904,Fast Moving Consumer Goods,-0.0026400389858103335,0.026869802757324868,-0.004692052956521309,-0.005689612810959033,1984.7373046875,1872.2536865234374,1793.3149251302084,1718.4966247558593,1670.161376953125,1646.4875122070312,0
2024-07-03,2074.5380859375,2111.278213160434,2036.064685229519,2059.386388903826,254765,Fast Moving Consumer Goods,0.008230120153845277,-0.009738055681143387,0.015214279179121881,0.018603425197651235,2013.7333984375,1919.124755859375,1823.5092854817708,1754.1896484375,1693.164150390625,1664.1957926432292,1
2024-07-04,2040.372802734375,2097.364600594663,2030.222187432724,2059.9313053887754,163731,Fast Moving Consumer Goods,-0.01646886284456206,0.00026460138218120655,-0.006590136950706871,-0.0028695050010831835,2048.285107421875,1962.5347412109375,1848.9832112630208,1783.5719787597657,1715.030068359375,1681.111836751302,0
2024-07-05,2033.638671875,2059.832162315141,2016.9025113788475,2053.890338770001,95754,Fast Moving Consumer Goods,-0.0033004413949991873,-0.0029326058606765626,-0.01789504708379286,-0.0065606986941264545,2053.84072265625,1999.1413330078126,1875.4474446614583,1809.8199951171875,1737.7456640625,1698.0972005208334,0
2024-07-08,1987.2427978515625,2047.948475584051,1972.685378802432,2038.045436533838,106499,Fast Moving Consumer Goods,-0.02281421703131803,-0.007714580441354979,-0.005769250013910487,-0.02192328698435031,2038.6792236328124,1998.3787963867187,1898.9209391276042,1830.1583618164063,1759.100576171875,1713.6169108072916,0
2024-07-09,2356.77490234375,2384.651861238142,1970.3086731313813,1985.6089413677803,4611411,Fast Moving Consumer Goods,0.18595216693787697,-0.025728815573041408,0.1644100863221507,-0.001204807262521368,2098.5134521484374,2041.6253784179687,1947.6736083984374,1869.6145568847655,1794.499990234375,1741.5533894856771,1
2024-07-10,2236.700439453125,2321.2722940721587,2193.523093587812,2321.2722940721587,719123,Fast Moving Consumer Goods,-0.05094863441188813,0.16904806667175754,-0.026578121610202565,0.11328906150612417,2130.9459228515625,2072.3396606445312,1989.7318115234375,1900.3684448242188,1829.5409033203125,1766.1277791341147,0
2024-07-11,2302.753662109375,2341.078373937168,2170.6469793620736,2245.613176548585,303636,Fast Moving Consumer Goods,0.029531546330987535,-0.03259381405481143,0.008532424186334486,-0.010428937034039354,2183.4220947265626,2115.8536010742187,2036.1638590494792,1932.5929321289063,1863.542001953125,1793.0954060872396,1
2024-07-12,2270.569091796875,2376.7296337496723,2238.0870717809416,2289.582880512184,259279,Fast Moving Consumer Goods,-0.013976558084384139,0.019580266282182457,0.01522856313116372,0.0310691204327882,2230.8081787109377,2142.3244506835936,2076.3636149088543,1964.2876281738281,1894.0176318359374,1819.9227498372395,0
2024-07-15,2280.42236328125,2347.020302237135,2222.242007687819,2266.8056843125746,119378,Fast Moving Consumer Goods,0.004339560297888845,-0.009948185930930054,-0.012500088815599053,-0.007079735320804192,2289.444091796875,2164.061657714844,2095.4005615234373,1996.5517272949219,1922.0155078125,1847.491162109375,1
2024-07-16,2245.909912109375,2301.862077327532,2229.173874443743,2281.4619639226457,72004,Fast Moving Consumer Goods,-0.015134236414966473,0.006465609166017128,-0.019240662241634343,0.003119312267495289,2267.27109375,2182.8922729492188,2116.840616861979,2027.572979736328,1949.1458642578125,1873.2951741536458,0
2024-07-18,2206.149658203125,2244.028784867369,2156.0401808607926,2237.98783397102,70837,Fast Moving Consumer Goods,-0.01770340550699423,-0.019055382311471192,-0.025124568943465042,-0.03280753216309773,2261.1609375,2196.053430175781,2135.2800862630206,2057.5890930175783,1972.526943359375,1901.4775756835938,0
2024-07-19,2105.485107421875,2265.815203664096,2089.5411187636546,2202.435757407757,94812,Fast Moving Consumer Goods,-0.04562906709748771,-0.015885732720977375,0.009708618242174172,-0.03084314600787652,2221.7072265625,2202.564660644531,2151.138142903646,2082.549700927734,1990.415791015625,1923.2362060546875,0
2024-07-22,2101.524169921875,2225.2130401529107,2063.9915040648493,2079.6383552830944,124987,Fast Moving Consumer Goods,-0.0018812469801081644,-0.055755270823060865,-0.01791945055604116,-0.012227380676730903,2187.8982421875,2209.3532104492188,2157.5157145182293,2104.2472717285154,2009.0097509765626,1942.997733561198,0
2024-07-23,2131.728515625,2153.316949695033,1881.577625169416,2106.376636176499,113543,Fast Moving Consumer Goods,0.014372590206396696,0.012857178184600526,-0.032309756037083526,-0.08837918108489562,2158.15947265625,2223.8017822265624,2162.0942626953124,2111.0902893066404,2028.8732763671876,1961.3728352864584,1
2024-07-24,2188.571533203125,2276.708576847957,2133.213644072642,2149.751670199633,141432,Fast Moving Consumer Goods,0.026665223625560674,0.0205922498750597,0.05730304921920548,0.1337367194088359,2146.691796875,2206.9814453125,2170.825447591146,2124.3034118652345,2051.3967431640626,1982.070186360677,1
2024-07-25,2238.780029296875,2254.922031588711,2172.7268060191623,2178.6686295543104,73758,Fast Moving Consumer Goods,0.02294121774501301,0.013451302192495795,-0.009569316635776426,0.018522833873818367,2153.21787109375,2207.189404296875,2181.774910481771,2139.764532470703,2076.7148486328124,2002.6420979817708,1
2024-07-26,2267.89501953125,2312.359567175715,2228.18373710722,2255.1199543744565,87153,Fast Moving Consumer Goods,0.013004846324057517,0.035090845750042066,0.02547207166472898,0.025524116025274823,2185.699853515625,2203.7035400390623,2196.9430582682294,2159.7785705566407,2103.1797314453124,2022.963134765625,1
2024-07-29,2268.489013671875,2307.209991476639,2256.0606518198206,2277.6988879648484,37776,Fast Moving Consumer Goods,0.0002619143018127712,0.010012298257834784,-0.0022269787848632205,0.012511048459940888,2219.092822265625,2203.4955322265623,2212.599747721354,2172.909991455078,2127.2163818359377,2044.0235961914063,1
2024-07-30,2271.21240234375,2327.2141355343765,2252.9413439747686,2252.9413439747686,69413,Fast Moving Consumer Goods,0.0012005298044035495,-0.010869542115903186,0.008670274544422707,-0.0013826347454514165,2246.989599609375,2202.5745361328127,2231.5310546875,2183.3180969238283,2138.2701513671873,2065.225996907552,1
2024-07-31,2257.447509765625,2295.3266374000127,2241.2559428125323,2287.6022179198817,39842,Fast Moving Consumer Goods,-0.006060592379612095,0.015384720972789534,-0.013702004318155159,-0.005186731200742312,2260.764794921875,2203.7282958984374,2224.909228515625,2193.3102844238283,2151.5956884765624,2086.2914184570313,0
2024-08-01,2217.587646484375,2290.820574006836,2208.377771548792,2257.7938411175783,38428,Fast Moving Consumer Goods,-0.017657049879927555,-0.013030402125334573,-0.0019631469089212983,-0.014669529987941354,2256.526318359375,2204.8720947265624,2223.635042317708,2200.462762451172,2163.1168896484373,2106.683426920573,0
2024-08-02,2175.251953125,2239.2254362725484,2168.864541696944,2203.426049083318,36472,Fast Moving Consumer Goods,-0.019090877163972064,-0.024080051528242663,-0.02252255734024744,-0.01789242328052265,2237.997705078125,2211.848779296875,2215.1349283854165,2207.206719970703,2175.4223974609376,2125.6493937174478,0
2024-08-05,2116.972412109375,2178.074108999882,2065.724189800812,2129.153197360581,156664,Fast Moving Consumer Goods,-0.026792087662258934,-0.0337078940106188,-0.02730914283220187,-0.047554999361755335,2207.694384765625,2213.393603515625,2204.8951497395833,2211.373406982422,2179.8668701171873,2140.6293823242186,0
2024-08-06,2059.38623046875,2209.9124018430084,2049.928781215231,2116.972297347643,123479,Fast Moving Consumer Goods,-0.027202140807893405,-0.005721006843489862,0.014617635236362947,-0.007646426693151076,2165.329150390625,2206.159375,2190.1594075520834,2214.980578613281,2179.7203076171877,2142.7799845377604,0
2024-08-07,2122.22119140625,2148.7613834518725,2064.7340034523468,2064.7340034523468,68391,Fast Moving Consumer Goods,0.030511499012595422,-0.02467594590668254,-0.027671240878207493,0.007222310537217336,2138.28388671875,2199.5243408203123,2181.9134928385415,2203.252893066406,2182.3050048828127,2149.3770548502603,1
2024-08-08,2212.982666015625,2267.796087369496,2126.1826199049374,2138.709868394353,352391,Fast Moving Consumer Goods,0.04276720776180443,0.03582827851835391,0.055396892756142346,0.029761032825460942,2137.362890625,2196.9446044921874,2182.3690266927083,2202.067004394531,2187.8427880859376,2158.8245564778645,1
2024-08-09,2341.6923828125,2389.896457975088,2245.4821094054905,2245.4821094054905,1007745,Fast Moving Consumer Goods,0.058161195193006554,0.049923667809742334,0.053840983007965804,0.05610970966637252,2170.6509765625,2204.3243408203125,2198.116178385417,2204.0139404296874,2199.8955712890624,2174.627160644531,1
2024-08-12,2288.93017578125,2341.6425988104247,2280.062000696239,2341.6425988104247,137358,Fast Moving Consumer Goods,-0.0225316559162565,0.042823983768186524,-0.020190773957440844,0.015399762548054197,2205.042529296875,2206.36845703125,2210.609912109375,2204.931994628906,2210.1072314453127,2184.062813313802,0
2024-08-13,2221.999267578125,2365.8190128120777,2191.085233490633,2306.666153393098,165602,Fast Moving Consumer Goods,-0.02924113147325713,-0.01493671384142703,0.010324553377161427,-0.03902383671077192,2237.56513671875,2201.4471435546875,2216.627962239583,2202.01083984375,2219.497490234375,2189.361112467448,0
2024-08-14,2251.4765625,2278.922669750684,2184.694074774887,2229.281692226531,130781,Fast Moving Consumer Goods,0.013266113698589876,-0.033548184271371295,-0.03672991999422082,-0.002916891875339833,2263.4162109375,2200.850048828125,2220.821630859375,2202.289172363281,2215.285556640625,2195.8235392252604,1
2024-08-16,2262.920654296875,2278.6252580819028,2219.472403564003,2254.795606439764,77429,Fast Moving Consumer Goods,0.005082927349760125,0.011444903666593342,-0.00013050537990111355,0.015919084136619466,2273.40380859375,2205.383349609375,2222.431005859375,2205.127722167969,2216.334365234375,2202.102958170573,1
2024-08-19,2358.09033203125,2483.034839511821,2289.673304616825,2297.500811699136,881736,Fast Moving Consumer Goods,0.04205612669346803,0.01893972346646633,0.08970741490067824,0.03162954445394073,2276.6833984375,2223.6671875,2228.444026692708,2217.7579833984373,2218.54783203125,2212.6935424804688,1
2024-08-20,2487.939453125,2524.6499730526,2325.541539453308,2358.189535268912,286467,Fast Moving Consumer Goods,0.055065371894340576,0.026415104299742476,0.016759786402739785,0.01566521947221,2316.48525390625,2260.7638916015626,2243.0740559895835,2237.078747558594,2227.242646484375,2227.8369018554686,1
2024-08-21,2498.591064453125,2578.1552427305064,2457.3228422829666,2487.93957757405,272482,Fast Moving Consumer Goods,0.004281298451514148,0.055021040660475196,0.021193143702693984,0.05666693137661083,2371.80361328125,2304.684375,2258.232633463542,2255.421875,2235.96939453125,2244.881844075521,1
2024-08-22,2541.345703125,2581.0780798907995,2497.302851278136,2497.302851278136,150803,Fast Moving Consumer Goods,0.017111499068469094,0.003763465073061134,0.001133693236097466,0.01626974213857313,2429.77744140625,2346.596826171875,2277.1591796875,2273.060583496094,2247.786826171875,2251.0342041015624,1
2024-08-23,2504.139892578125,2553.8798118224804,2492.447979297556,2546.498131940069,78811,Fast Moving Consumer Goods,-0.014640200465888764,0.019699365111746303,-0.010537561137813345,-0.0019440461448620994,2478.0212890625,2375.712548828125,2296.262662760417,2286.328576660156,2259.706435546875,2259.9488525390625,0
2024-08-26,2512.51220703125,2577.659669364802,2486.998181858794,2516.7728499067284,83564,Fast Moving Consumer Goods,0.003343389272276287,-0.011673003667469484,0.009311267285265101,-0.002186524045447724,2508.9056640625,2392.79453125,2318.7466796875,2298.559436035156,2275.98751953125,2266.9408040364583,1
2024-08-27,2509.490234375,2554.375152581869,2502.3562637104383,2515.7325494202346,56954,Fast Moving Consumer Goods,-0.0012027693428883213,-0.0004133469917765309,-0.009033200565484734,0.006175349046763534,2513.2158203125,2414.850537109375,2344.9145345052084,2310.6094970703125,2292.306162109375,2274.9048421223956,0
2024-08-28,2551.303466796875,2597.97193819162,2513.503170941111,2525.640911689718,120534,Fast Moving Consumer Goods,0.016662042294135038,0.003938559475158421,0.017067495182015557,0.004454564440854014,2523.75830078125,2447.78095703125,2377.709016927083,2324.614050292969,2309.08916015625,2283.9342122395833,1
2024-08-29,2511.02587890625,2581.028338461288,2489.574378438281,2557.2482768676214,69218,Fast Moving Consumer Goods,-0.015787062736677515,0.012514591853343582,-0.006521856330028775,-0.009520096405476353,2517.6943359375,2473.735888671875,2403.629329427083,2337.29296875,2321.987333984375,2292.7714111328123,0
2024-08-30,2469.0146484375,2528.0683256684115,2421.6030516670653,2511.7691227397754,86200,Fast Moving Consumer Goods,-0.01673070390140674,-0.01778441089949756,-0.020518958278640698,-0.02730238845639732,2510.669287109375,2494.3452880859377,2420.6981282552083,2349.8643188476562,2331.19671875,2301.5335774739583,0
2024-09-02,2435.772216796875,2490.515906462496,2421.652803625199,2472.135850058351,40414,Fast Moving Consumer Goods,-0.013463845450111922,-0.015779026950611397,-0.014854194732251469,2.0545050973375112e-05,2495.3212890625,2502.1134765625,2426.9701171875,2362.89033203125,2337.911806640625,2312.543147786458,0
2024-09-03,2649.24755859375,2686.1561968574683,2452.318918193373,2453.0124549612924,2615570,Fast Moving Consumer Goods,0.08764175086847925,-0.007735576140205702,0.07855412201436529,0.012663299430152541,2523.27275390625,2518.244287109375,2450.991276041667,2389.5040893554688,2353.1421484375,2330.8005940755206,1
2024-09-04,2724.898193359375,2748.579077111007,2587.81593534415,2589.6490787142225,576985,Fast Moving Consumer Goods,0.028555517403507924,0.05570156135024029,0.023238738062427933,0.055252608519041235,2557.99169921875,2540.875,2484.51787109375,2422.7796875,2371.289580078125,2350.5729166666665,1
2024-09-05,2669.9560546875,2747.6377400197125,2660.3945843208194,2686.1563195879858,164733,Fast Moving Consumer Goods,-0.020163006018268814,0.03726653223674603,-0.00034248135668846214,0.028046294941381555,2589.777734375,2553.73603515625,2512.41650390625,2450.1664306640623,2387.789921875,2366.6190673828123,0
2024-09-06,2601.836181640625,2690.169357065392,2582.0690516237423,2669.956157321395,113102,Fast Moving Consumer Goods,-0.02551348099055062,-0.006030982690194087,-0.020915560343813144,-0.029441321659084974,2616.342041015625,2563.5056640625,2535.0108723958333,2469.6091064453126,2403.15986328125,2378.720939127604,0
2024-09-09,2631.7099609375,2658.4129422977703,2536.5401163929528,2605.8986352005727,130270,Fast Moving Consumer Goods,0.011481806390299942,-0.02399197527838337,-0.011804615454494516,-0.017632733408952994,2655.52958984375,2575.425439453125,2553.2521809895834,2484.1099853515625,2421.41818359375,2390.848103841146,1
2024-09-10,2692.34912109375,2724.5017009142057,2608.920778271509,2608.920778271509,175621,Fast Moving Consumer Goods,0.023041733723061286,0.0011597316296623195,0.024860230540147965,0.028535193041411056,2664.14990234375,2593.711328125,2566.8794921875,2504.2809326171873,2444.433251953125,2404.976774088542,1
2024-09-11,2646.32470703125,2700.0279672093952,2627.1519346128616,2696.0150332260923,77078,Fast Moving Consumer Goods,-0.017094519318431756,0.03338325014693866,-0.008982829299243322,0.0069880068774765824,2648.435205078125,2603.2134521484377,2576.7284016927083,2525.497204589844,2467.910791015625,2417.480517578125,0
2024-09-12,2649.0,2714.890592855807,2627.498907554032,2627.498907554032,69676,Fast Moving Consumer Goods,0.0010109466013910051,-0.02541385149105524,0.005504619147250089,0.00013207189755526372,2644.243994140625,2617.0108642578125,2583.9053548177085,2545.3733764648437,2488.981943359375,2430.532267252604,1
2024-09-13,2665.893798828125,2722.619158777993,2647.563333167469,2668.321298602522,98831,Fast Moving Consumer Goods,0.00637742500117966,0.015536596773123579,0.0028467319981599903,0.007636321201029528,2657.055517578125,2636.698779296875,2594.6889485677084,2565.5220336914062,2507.098388671875,2445.4758056640626,1
2024-09-16,2670.253173828125,2831.7594263448814,2655.4402254288734,2691.1103180092614,407660,Fast Moving Consumer Goods,0.0016352395590237823,0.008540582957035525,0.04008649803811504,0.0029751478133597242,2664.76416015625,2660.146875,2605.205013020833,2581.13017578125,2520.2408203125,2461.9758463541666,1
2024-09-17,2720.637451171875,2754.52399291994,2644.3430815838046,2693.092162862013,166956,Fast Moving Consumer Goods,0.01886872669512396,0.0007364413266484071,-0.02727471574964735,-0.00417902227239042,2670.421826171875,2667.2858642578126,2619.281494140625,2592.7650756835938,2537.509111328125,2482.0980143229167,1
2024-09-18,2669.7578125,2716.029801864752,2655.7375809080536,2714.9400274881045,69123,Fast Moving Consumer Goods,-0.018701366714612866,0.008112557352242034,-0.013974897715224643,0.004309009448737688,2675.108447265625,2661.771826171875,2627.1784505208334,2601.3234130859373,2555.419453125,2502.4437337239583,0
2024-09-19,2556.901611328125,2694.479029889722,2483.1832757681013,2684.719441488449,172348,Fast Moving Consumer Goods,-0.04227207450933346,-0.011131216783309972,-0.007934659612436445,-0.06497415496938985,2656.68876953125,2650.4663818359377,2630.2368326822916,2602.101208496094,2567.636455078125,2516.9330810546876,0
2024-09-20,2604.80859375,2645.4824588393585,2556.2576310526533,2576.173530879625,122009,Fast Moving Consumer Goods,0.018736341754265196,-0.040431007028668975,-0.018184061002830876,0.029427693073500016,2644.471728515625,2650.763623046875,2639.289762369792,2607.1346435546875,2581.31197265625,2529.9939453125,1
2024-09-23,2577.80810546875,2653.408932520696,2567.800808086742,2647.8108064839435,45777,Fast Moving Consumer Goods,-0.010365632371620359,0.027807628153006414,0.0029962299144539184,0.00451565479702265,2625.98271484375,2645.3734375,2648.758821614583,2610.3994384765624,2590.10068359375,2537.864469401042,0
2024-09-24,2634.880615234375,2733.270677751646,2581.028582236143,2581.028582236143,266782,Fast Moving Consumer Goods,0.022139937276381083,-0.025221675236109964,0.030097790149173242,0.005151401973136904,2608.83134765625,2639.6265869140625,2647.801025390625,2616.6689575195314,2595.978330078125,2549.3961507161457,1
2024-09-25,2690.317626953125,2717.8629137597864,2607.6820084364404,2625.269345920668,131962,Fast Moving Consumer Goods,0.021039667375525095,0.017140749230369234,-0.005637116044626023,0.010326668361497093,2612.943310546875,2644.02587890625,2645.495654296875,2623.619665527344,2603.647392578125,2565.0067626953123,1
2024-09-26,2669.857177734375,2705.923511177896,2655.440465631718,2690.3178442623366,47842,Fast Moving Consumer Goods,-0.0076052169505064215,0.024777837916991396,-0.004392937745845926,0.018314524946204447,2635.534423828125,2646.1115966796874,2645.4890625,2631.56123046875,2608.7878515625,2578.952783203125,0
2024-09-27,2832.700927734375,2851.625991989448,2675.2075947992907,2678.477401961596,591533,Fast Moving Consumer Goods,0.060993431168549606,-0.004401131385272095,0.05384574996657121,0.0074440114261309365,2681.112890625,2662.7923095703127,2660.8800455729165,2649.7455444335938,2621.93029296875,2597.945458984375,1
2024-09-30,2841.271728515625,2878.378487137824,2796.287630424909,2832.7008522501465,326036,Fast Moving Consumer Goods,0.003025663845178661,0.057578775977577434,0.009381488043497699,0.04526005228940089,2733.805615234375,2679.8941650390625,2674.850830078125,2670.0205200195314,2635.080673828125,2614.051505533854,1
2024-10-01,2858.46240234375,2947.7368140447084,2848.653223656651,2864.7543070947104,347073,Fast Moving Consumer Goods,0.00605034487043099,0.011315510008443885,0.02409631923557498,0.018726826475924607,2778.52197265625,2693.67666015625,2685.925048828125,2680.4812622070312,2649.039560546875,2626.4022705078123,1
2024-10-03,2757.991943359375,2853.3103160138016,2735.500015050885,2813.974176087884,93394,Fast Moving Consumer Goods,-0.035148427665865345,-0.017725824124277145,-0.032033557942148905,-0.039721650801889385,2792.0568359375,2702.5000732421877,2693.36953125,2682.135949707031,2657.307099609375,2635.048966471354,0
2024-10-04,2736.14404296875,2802.084227610909,2683.629734601219,2757.992025302321,86812,Fast Moving Consumer Goods,-0.007921669402707998,-0.019894337077176805,-0.017953213190795902,-0.018961900992240044,2805.314208984375,2720.42431640625,2699.179134114583,2685.445349121094,2666.311826171875,2641.542244466146,0
2024-10-07,2460.09716796875,2714.989719499495,2427.548109816619,2685.1654602461376,457018,Fast Moving Consumer Goods,-0.1008890141253257,-0.026405647437722557,-0.03108204501963585,-0.09542360538148265,2730.79345703125,2705.953173828125,2685.4593587239583,2678.3583984375,2665.955126953125,2640.074153645833,0
2024-10-08,2625.615966796875,2647.0181190972166,2452.863871974564,2478.2787161658343,233500,Fast Moving Consumer Goods,0.06728140700425689,-0.07704804308831636,-0.025035675057660578,0.010428531593492218,2687.6623046875,2710.7339599609377,2682.483544921875,2678.0536987304686,2673.548876953125,2643.844278971354,1
2024-10-09,2648.752197265625,2683.332275080032,2611.9427385688286,2641.568636644592,78006,Fast Moving Consumer Goods,0.008811734374458036,0.06588844080111578,0.013718892107622116,0.06485433961983622,2645.720263671875,2712.1211181640624,2677.691194661458,2675.8738525390627,2673.5290625,2648.4863444010416,1
2024-10-10,2669.212890625,2718.80427870598,2641.023655999188,2648.7522248526266,75961,Fast Moving Consumer Goods,0.007724653661636216,0.002719440300881004,0.013219385446735066,0.01113382655788775,2627.964453125,2710.01064453125,2677.6548665364585,2677.01826171875,2671.301650390625,2652.4166585286457,1
2024-10-11,2619.62158203125,2678.87337512629,2608.127788869179,2664.06042685253,54324,Fast Moving Consumer Goods,-0.018579000861238204,0.005779401280448182,-0.014686935684349867,-0.012455726042167381,2604.6599609375,2704.9870849609374,2681.8361979166666,2675.5493408203124,2669.288271484375,2656.036515299479,0
2024-10-14,2628.63818359375,2719.8446811171566,2526.631670983151,2642.5594770635544,105410,Fast Moving Consumer Goods,0.0034419481135548047,-0.008070744031274835,0.015294230168283018,-0.031246980394838197,2638.3681640625,2684.580810546875,2683.424837239583,2673.686560058594,2670.3603515625,2661.3572998046875,1
2024-10-15,2644.343017578125,2694.925240935379,2625.71525343723,2633.840059803053,71603,Fast Moving Consumer Goods,0.00597451337441357,-0.0032996105995655167,-0.009162082068429833,0.03921568133257991,2642.11357421875,2664.887939453125,2687.860498046875,2672.3910522460938,2670.865673828125,2668.3096598307293,1
2024-10-16,2656.28271484375,2665.348767234915,2600.94442899318,2625.715328316924,43651,Fast Moving Consumer Goods,0.004515184749579237,-0.0030847474795930863,-0.010974877243792536,-0.009433934015359635,2643.619677734375,2644.669970703125,2689.2873046875,2669.1733154296876,2669.423017578125,2668.5441650390626,1
2024-10-17,2622.693115234375,2802.0840086527214,2610.8526742573977,2653.458619226304,221252,Fast Moving Consumer Goods,-0.012645340581283304,0.010565993430507792,0.051301069150383016,0.003809479800402027,2634.31572265625,2631.140087890625,2684.77900390625,2666.8200805664064,2668.47775390625,2665.1373291015625,0
2024-10-18,2659.20556640625,2700.027959095212,2561.3109263343567,2621.751919180157,81016,Fast Moving Consumer Goods,0.013921739817665202,-0.011949197103134801,-0.036421481027108626,-0.018975313471922384,2642.23251953125,2623.446240234375,2684.068896484375,2671.9352783203126,2668.8859765625,2664.7789794921873,1
2024-10-21,2774.935302734375,2917.021083476633,2626.706145481167,2659.2552037208234,709320,Fast Moving Consumer Goods,0.04352041744727786,0.014304665619313761,0.08036699162705574,0.025531933071632595,2671.491943359375,2654.9300537109375,2680.2178548177085,2680.441613769531,2673.24763671875,2670.5489501953125,1
2024-10-22,2611.744384765625,2796.13905188704,2576.27265126575,2794.15737998634,146988,Fast Moving Consumer Goods,-0.05880890909706771,0.05072930799449482,-0.0414402323912999,-0.01920028028341869,2664.972216796875,2653.5428955078123,2664.9160319010416,2682.138427734375,2670.90728515625,2669.8834309895833,0
2024-10-23,2672.680908203125,2720.736453817708,2610.902429240596,2627.053104291728,123458,Fast Moving Consumer Goods,0.023331733301675373,-0.059804890337075145,-0.02696668394171764,0.013441814071127878,2668.25185546875,2655.9357666015626,2652.5305989583335,2684.0284423828125,2668.9890234375,2669.227823893229,1
2024-10-24,2771.417724609375,2893.2409555023487,2652.467821191708,2684.5214607306,674510,Fast Moving Consumer Goods,0.03694298713445443,0.021875597545016667,0.06340360582980553,0.01591993307969064,2697.99677734375,2666.15625,2653.4256510416667,2688.083447265625,2673.055419921875,2673.3975911458333,1
2024-10-25,2613.2802734375,2777.412396554114,2517.714192777096,2755.712943729396,276719,Fast Moving Consumer Goods,-0.05706012838398955,0.026519245251040324,-0.04003419028337507,-0.05080311524913039,2688.81171875,2665.522119140625,2645.2347330729167,2685.254602050781,2675.31056640625,2672.20693359375,0
2024-10-28,2665.843994140625,2722.8170585015564,2576.2229351917845,2579.1458527218165,145698,Fast Moving Consumer Goods,0.020114077023197785,-0.06407310725500515,-0.019656907314265948,0.023238834091073857,2666.99345703125,2669.2427001953124,2658.9511881510416,2676.911755371094,2677.751982421875,2672.2052734375,1
2024-10-29,2721.28125,2733.5677604863045,2660.741320743736,2666.289856724999,118367,Fast Moving Consumer Goods,0.020795386369653723,0.033787931733763044,0.003948374699350721,0.032807093049833425,2688.900830078125,2676.9365234375,2665.3288736979166,2670.9122314453125,2683.490908203125,2673.906209309896,1
2024-10-30,2695.866455078125,2772.3589407304853,2682.292051175724,2714.791276257784,95010,Fast Moving Consumer Goods,-0.00933927535857415,0.01819060272477624,0.014190678133136903,0.008099521086087247,2693.537939453125,2680.8948974609375,2668.46982421875,2662.782434082031,2685.930341796875,2673.0805094401044,0
2024-10-31,2744.02099609375,2749.5697742012094,2649.8915804003755,2702.9508941534605,119951,Fast Moving Consumer Goods,0.017862361440388774,-0.004361433679220039,-0.008220135637729276,-0.012079397081740773,2688.05859375,2693.027685546875,2673.45703125,2662.08388671875,2688.0784765625,2675.555948893229,1
2024-11-01,2731.189697265625,2773.3498151840067,2720.04279286376,2753.533096247358,13321,Fast Moving Consumer Goods,-0.004676093530767811,0.018713696280353354,0.008648640673141639,0.026473238747671823,2711.640478515625,2700.2260986328124,2680.8949055989583,2661.8361694335936,2690.53177734375,2681.3655517578127,0
2024-11-04,2645.03662109375,2733.617260022921,2615.8069599878254,2731.7347684418314,77145,Fast Moving Consumer Goods,-0.03154415684056244,-0.007916493843939776,-0.014326557343596225,-0.03832139448298577,2707.47900390625,2687.23623046875,2681.988134765625,2671.083142089844,2683.025205078125,2682.7064860026044,0
2024-11-05,2685.215087890625,2712.8593148880223,2626.75576524673,2645.5320586305047,80031,Fast Moving Consumer Goods,0.01519013630150079,-0.031556032015691016,-0.007593581383344317,0.004185631977581261,2700.265771484375,2694.58330078125,2684.712939453125,2674.063098144531,2676.782939453125,2686.28671875,1
2024-11-06,2780.632568359375,2805.106167972895,2681.5983215161427,2685.6608456773097,118567,Fast Moving Consumer Goods,0.035534390112378356,0.01516851285770393,0.03400355211146677,0.020878437574976205,2717.218994140625,2705.378466796875,2693.0029296875,2680.657116699219,2673.66974609375,2691.1451171875,1
2024-11-07,2746.64697265625,2847.6130639448065,2732.72567852386,2768.8416022179586,103892,Fast Moving Consumer Goods,-0.012222253342582867,0.030972174567213795,0.015153400059231714,0.019066001271514255,2717.744189453125,2702.9013916015624,2701.2665201822915,2684.5288208007814,2673.215947265625,2693.0227620442706,0
2024-11-08,2692.646240234375,2799.111512938766,2670.352431724243,2750.8082611668137,58206,Fast Moving Consumer Goods,-0.019660601802659605,-0.006512955106099061,-0.017032353032842007,-0.022824554725635382,2710.035498046875,2710.83798828125,2703.4958984375,2688.1800537109375,2671.47603515625,2693.7823974609373,0
2024-11-11,2708.0537109375,2821.603360601636,2649.0989745416555,2684.8680055995087,129887,Fast Moving Consumer Goods,0.005722055304890006,-0.02397122929219908,0.008035352489139003,-0.007959045753696437,2722.638916015625,2715.0589599609375,2699.0371256510416,2692.150830078125,2681.394296875,2689.627490234375,1
2024-11-12,2648.603515625,2762.40087250558,2636.713484939143,2738.47228251161,94638,Fast Moving Consumer Goods,-0.021953107899000623,0.01996533043721538,-0.020981860499142635,-0.004675359328412898,2715.3166015625,2707.7911865234373,2701.4944010416666,2692.3638549804687,2682.313798828125,2683.205216471354,0
2024-11-13,2537.03564453125,2673.424126746575,2511.8189160506304,2648.6038778183447,99767,Fast Moving Consumer Goods,-0.04212328135773202,-0.03281698531958188,-0.03220993254259308,-0.04736751626671165,2666.597216796875,2691.90810546875,2692.451383463542,2686.401501464844,2677.84513671875,2672.4909912109374,0
2024-11-14,2540.80078125,2610.605128466827,2502.2571160406937,2502.2571160406937,77735,Fast Moving Consumer Goods,0.0014840693022448725,-0.05525430322113578,-0.023497580369410187,-0.003806723465945905,2625.427978515625,2671.586083984375,2677.0769205729166,2682.306884765625,2672.70865234375,2665.251285807292,1
2024-11-18,2526.6318359375,2605.551827698689,2446.621827799479,2581.1278167126225,126656,Fast Moving Consumer Goods,-0.005576566811951844,0.03151982270979614,-0.0019356817747100408,-0.02223404137191387,2592.22509765625,2651.1302978515623,2671.300358072917,2675.6781982421876,2668.9890625,2658.267545572917,0
2024-11-19,2544.268798828125,2600.944571198918,2528.16771338737,2531.685229664324,52550,Fast Moving Consumer Goods,0.006980424547718522,-0.019155419862651124,-0.0017682459626375824,0.033329991852984575,2559.468115234375,2641.053515625,2663.195345052083,2664.144873046875,2665.614287109375,2661.0732666015624,1
2024-11-21,2471.392578125,2548.826311164405,2467.1815253207374,2533.5675342349905,83811,Fast Moving Consumer Goods,-0.028643286722177863,0.0007434986579732961,-0.02003820481667884,-0.024122682899434755,2524.025927734375,2619.6712646484375,2646.536100260417,2657.1272827148437,2658.69626953125,2655.9324869791667,0
2024-11-22,2440.874755859375,2484.372598907197,2410.7038497700414,2473.1265141907206,67137,Fast Moving Consumer Goods,-0.012348431623428358,-0.023856091944484126,-0.02528760472021463,-0.022891576874690567,2504.79375,2585.6954833984373,2629.536653645833,2645.536975097656,2650.079951171875,2649.003238932292,0
2024-11-25,2500.473876953125,2545.45773550195,2477.0900501186748,2493.934262459481,68869,Fast Moving Consumer Goods,0.02441711560606752,0.008413539764086542,0.02458775170102223,0.02753809861587353,2496.728369140625,2561.078173828125,2613.3001790364583,2631.989782714844,2645.191181640625,2643.3786051432294,1
2024-11-26,2492.943115234375,2540.007820311336,2477.089740892662,2520.33963100733,50748,Fast Moving Consumer Goods,-0.00301173381100317,0.010587836634398107,-0.0021410354273821985,-1.2483438482924214e-07,2489.990625,2541.107861328125,2597.4170735677085,2625.9729248046874,2638.54068359375,2639.1559895833334,0
2024-11-27,2476.09912109375,2513.949007257217,2468.222023410909,2500.1764838571976,38175,Fast Moving Consumer Goods,-0.006756670073092108,-0.00800017065242653,-0.010259343631046414,-0.003579893507837717,2476.356689453125,2517.91240234375,2586.154573567708,2616.4856811523437,2626.587236328125,2634.071354166667,0
2024-11-28,2464.2587890625,2523.659360494012,2457.2237565102355,2513.7510002250915,55951,Fast Moving Consumer Goods,-0.004781848969769742,0.005429423264933453,0.0038625895786921216,-0.004455947154006323,2474.929931640625,2499.4779296875,2571.4241536458335,2603.634558105469,2620.6878125,2628.0685465494794,0
2024-11-29,2383.802978515625,2494.380135201995,2374.0431467810904,2484.372836361318,83936,Fast Moving Consumer Goods,-0.03264909144444339,-0.01168698246610056,-0.011601892771410216,-0.033851459196080125,2463.515576171875,2484.1546630859375,2544.96884765625,2588.031384277344,2609.1326953125,2618.985888671875,0
2024-12-02,2367.85009765625,2398.764129429111,2318.506421338241,2358.189447608275,89984,Fast Moving Consumer Goods,-0.006692197720681081,-0.05079084222231922,-0.0383325718576335,-0.023393309223612935,2436.9908203125,2466.8595947265626,2519.71572265625,2569.2228393554688,2592.989990234375,2610.4911214192707,0
2024-12-03,2391.234130859375,2416.450858399235,2328.414984013605,2392.868913479929,68329,Fast Moving Consumer Goods,0.009875639182679308,0.014705971102884297,0.007373267239215053,0.004273683516323734,2416.6490234375,2453.31982421875,2499.62158203125,2552.225061035156,2584.10814453125,2601.558740234375,1
2024-12-04,2381.821044921875,2420.314875625324,2353.2353316060967,2386.824572841174,81469,Fast Moving Consumer Goods,-0.003936496981212456,-0.002525980677296924,0.0015990464745674338,0.010659761152072456,2397.793408203125,2437.075048828125,2477.872737630208,2539.0642822265627,2572.7472265625,2588.454931640625,0
2024-12-05,2322.271728515625,2398.764214509964,2314.047741853714,2386.824593082428,79282,Fast Moving Consumer Goods,-0.025001591338363216,8.480411262112852e-09,-0.008904073322192119,-0.016652643798968025,2369.39599609375,2422.1629638671875,2456.11728515625,2520.9171142578125,2556.786845703125,2578.805843098958,0
2024-12-06,2333.864501953125,2365.769371325227,2319.249671616067,2336.143473030413,64585,Fast Moving Consumer Goods,0.0049919969722536095,-0.021233701126970206,-0.013754933888522003,0.0022479785824065512,2359.40830078125,2411.4619384765624,2442.572542317708,2498.5787109375,2542.306767578125,2567.511962890625,1
2024-12-09,2346.497802734375,2464.853116365234,2333.864643541014,2333.864643541014,222284,Fast Moving Consumer Goods,0.0054130395190798986,-0.0009754664110774858,0.04188225033300852,0.00630159490968607,2355.137841796875,2396.0643310546875,2429.6190104166667,2478.571252441406,2526.40583984375,2553.347965494792,1
2024-12-10,2381.821044921875,2401.786292131864,2331.585469793999,2352.2940858541147,100467,Fast Moving Consumer Goods,0.015053601220652135,0.007896534344484785,-0.02558644318991765,-0.000976566380283761,2353.255224609375,2384.9521240234376,2419.9649576822917,2463.029992675781,2512.43109375,2545.6326578776043,1
2024-12-11,2351.551025390625,2403.768031949678,2344.317874523057,2386.8742305002847,59546,Fast Moving Consumer Goods,-0.012708771549309605,0.014700604339450196,0.0008251108036989585,0.005460835510431972,2347.201220703125,2372.497314453125,2407.1171061197915,2445.2048583984374,2500.691669921875,2535.1562255859376,0
2024-12-12,2322.271728515625,2364.134546875,2308.994623714447,2351.600569026947,53018,Fast Moving Consumer Goods,-0.012451057433523594,-0.014778181867565077,-0.016488065631911852,-0.015067602901674193,2347.201220703125,2358.2986083984374,2397.175716145833,2428.8882690429687,2486.173935546875,2521.855908203125,0
2024-12-13,2307.904541015625,2331.238775053006,2286.8492779495814,2318.5560270372707,40114,Fast Moving Consumer Goods,-0.006186695262049846,-0.014051936551176203,-0.013914509165934286,-0.009590903996666955,2342.009228515625,2350.7087646484374,2388.31103515625,2417.4317138671877,2467.264814453125,2508.9238444010416,0
2024-12-16,2381.523681640625,2394.7018475234613,2324.055199300304,2328.464370685411,67947,Fast Moving Consumer Goods,0.031898693952308266,0.00427349761342688,0.027222896748966496,0.016269511816748183,2349.014404296875,2352.076123046875,2380.3810221354165,2409.4678588867187,2452.6598828125,2496.8406005859374,1
2024-12-17,2331.98193359375,2389.9954252321386,2320.042312347921,2382.613504087464,34047,Fast Moving Consumer Goods,-0.020802542686766734,0.023255298248825662,-0.001965347918443383,-0.0017266745443874632,2339.04658203125,2346.1509033203124,2369.6502766927083,2399.7353637695314,2438.233310546875,2483.5336751302084,0
2024-12-18,2296.1630859375,2334.4094495721165,2286.4034971752862,2334.4094495721165,28001,Fast Moving Consumer Goods,-0.015359830683186582,-0.020231587889790736,-0.02325777492005998,-0.014499224860511917,2327.968994140625,2337.585107421875,2357.654541015625,2387.330078125,2421.757685546875,2471.9045572916666,0
2024-12-19,2260.641845703125,2288.83108054388,2247.5628593378224,2259.304120388236,36793,Fast Moving Consumer Goods,-0.015469824618259631,-0.032173160195889006,-0.01952458213214936,-0.016987656765504955,2315.643017578125,2331.422119140625,2344.080078125,2376.7925415039062,2406.23921875,2457.7521158854165,0
2024-12-20,2171.070068359375,2275.752030330421,2145.159805347105,2254.151758505618,71451,Fast Moving Consumer Goods,-0.03962227697147247,-0.0022805083371123525,-0.005714292472099425,-0.045561819801955394,2288.276123046875,2315.14267578125,2329.897884114583,2363.3023071289062,2391.600595703125,2437.4333658854166,0
2024-12-23,2105.328369140625,2188.8558918436083,2092.3979110339083,2179.987716171668,55746,Fast Moving Consumer Goods,-0.03028078189499861,-0.03290108665226543,-0.03818348279104733,-0.024595787307631012,2233.037060546875,2291.025732421875,2312.396435546875,2343.545031738281,2374.18169921875,2416.0560791015623,0
2024-12-24,2126.531982421875,2150.1139254689683,2100.57212995125,2100.57212995125,35469,Fast Moving Consumer Goods,0.010071404343401813,-0.03642937326265383,-0.01769964231953558,0.003906627355263925,2191.9470703125,2265.496826171875,2294.7496256510417,2325.224475097656,2358.177705078125,2397.1856038411456,1
2024-12-26,2095.2216796875,2142.9799214312343,2087.691230126485,2125.3925843003635,25759,Fast Moving Consumer Goods,-0.014723645349888459,0.011816044779042745,-0.003317965598580108,-0.006132091177018517,2151.7587890625,2239.8638916015625,2275.643001302083,2306.1806030273438,2340.2158203125,2376.7578694661456,0
2024-12-27,2102.108154296875,2120.7359193899542,2090.465831351616,2112.462342067527,35222,Fast Moving Consumer Goods,0.003286752268811144,-0.006083695938504885,-0.010379939549981398,0.0013290285388432022,2120.05205078125,2217.8475341796875,2260.9654296875,2288.0730712890627,2325.444443359375,2358.541357421875,1
2024-12-30,2109.48974609375,2304.486310224177,2025.020981014139,2086.70051915145,98810,Fast Moving Consumer Goods,0.0035115185590173237,-0.012195163152997734,0.08664463555041779,-0.03130634777951047,2107.735986328125,2198.0060546875,2246.007112630208,2274.3574096679686,2312.18904296875,2344.289827473958,1
2024-12-31,2101.216064453125,2128.2659330309666,1992.571004268619,2070.847040736655,136309,Fast Moving Consumer Goods,-0.003922124606647537,-0.00759739036306073,-0.07646839836339403,-0.016024513844428823,2106.913525390625,2169.97529296875,2229.654996744792,2261.0257080078127,2296.21873046875,2329.637003580729,0
2025-01-01,2230.1240234375,2274.909760177076,2086.5519904660264,2086.6013387410785,453550,Fast Moving Consumer Goods,0.061349216372912796,0.007607658940768314,0.06890296220513514,0.04716568995336923,2127.63193359375,2159.789501953125,2219.5418619791667,2252.9702026367186,2285.705966796875,2319.753409830729,1
2025-01-02,2213.7255859375,2229.1331330262656,2194.701584466353,2199.6557641152613,58192,Fast Moving Consumer Goods,-0.007353150465023717,0.05418113334595698,-0.02012239252393344,0.051831727411772555,2151.33271484375,2151.545751953125,2210.3534993489584,2244.5654296875,2275.211025390625,2308.735302734375,0
2025-01-03,2173.74560546875,2227.696576049784,2151.10490662708,2213.4779830148063,45775,Fast Moving Consumer Goods,-0.018060043540499948,0.006283810005655477,-0.0006444464689873142,-0.01986451285579849,2165.660205078125,2142.8561279296873,2200.4517578125,2237.139123535156,2263.590498046875,2298.8137369791666,0
2025-01-06,2070.69873046875,2171.71441322021,2060.938899017363,2139.4626527419427,52783,Fast Moving Consumer Goods,-0.047405213719927786,-0.033438475937335954,-0.025130066379526084,-0.04191613683365014,2157.902001953125,2132.818994140625,2184.638037109375,2223.9808349609375,2251.066328125,2286.4745361328123,0
2025-01-07,2045.0853271484373,2082.9848008710283,2026.3585041775327,2081.647075625382,109584,Fast Moving Consumer Goods,-0.01236944947298757,-0.027023410314017005,-0.040856943163909865,-0.016778951989463553,2146.6758544921877,2126.7946899414064,2162.2088134765627,2208.9102111816405,2238.1557373046876,2271.2949178059894,0
2025-01-08,2052.615966796875,2114.444036810125,2018.5310630483832,2045.0855163899244,70101,Fast Moving Consumer Goods,0.003682310732207039,-0.01756376460907705,0.015102959909232938,-0.0038628115967694887,2111.1742431640623,2119.4030883789064,2143.5844156901044,2192.4499572753907,2224.6110107421873,2256.6173461914063,1
2025-01-09,2055.439697265625,2106.5173415816294,2045.0855094188537,2069.410581663972,59868,Fast Moving Consumer Goods,0.0013756740249646349,0.011894400052760323,-0.0037488318870118054,0.013155332041493661,2079.5170654296876,2115.4248901367187,2127.5361897786456,2177.644390869141,2211.5557568359377,2242.5953653971355,1
