Date,Close,High,Low,Open,Volume,Sector,return_ratio,pct_change_open,pct_change_high,pct_change_low,ma_5,ma_10,ma_15,ma_20,ma_25,ma_30,up_or_down
2022-01-10,748.3245239257812,749.7870474253104,730.3842118607962,730.3842118607962,1134669,Automobile and Auto Components,0.0,0.0,0.0,0.0,0.0,0.0,0.0,0.0,0.0,0.0,0
2022-01-11,750.4695434570312,753.7845608979457,743.9856657035549,747.836989349972,861216,Automobile and Auto Components,0.00286642955384786,0.023895337831456365,0.005331531781406884,0.018622327292790564,0.0,0.0,0.0,0.0,0.0,0.0,1
2022-01-12,741.4993286132812,746.6181602703749,717.2702159071285,725.4115719767012,3136263,Automobile and Auto Components,-0.011952803310882887,-0.029987039545560812,-0.009507226599379748,-0.03590855446275665,0.0,0.0,0.0,0.0,0.0,0.0,0
2022-01-13,748.81201171875,751.9320736696245,737.3068390657427,741.0118865966797,942527,Automobile and Auto Components,0.009862022557922678,0.02150546699643696,0.007117310670993193,0.027934553414118657,0.0,0.0,0.0,0.0,0.0,0.0,1
2022-01-14,761.584716796875,764.412286046805,741.9869256143094,744.9119726272436,1183085,Automobile and Auto Components,0.01705729192138339,0.005263189567006998,0.016597526311484145,0.006347542570603215,750.1380249023438,0.0,0.0,0.0,0.0,0.0,1
2022-01-17,756.1246337890625,767.8248215459532,750.8595254943688,762.4622354907117,1070495,Automobile and Auto Components,-0.007169370507823292,0.02356018363024792,0.004464260401669362,0.011957892482692412,751.698046875,0.0,0.0,0.0,0.0,0.0,0
2022-01-18,742.1331787109375,760.122169673377,736.3318237468196,758.562168452375,1330065,Automobile and Auto Components,-0.01850416512422237,-0.005115095353970811,-0.010031782844773796,-0.019348095421688916,750.0307739257812,0.0,0.0,0.0,0.0,0.0,0
2022-01-19,739.403076171875,744.911938262859,730.2379649936277,738.0868288808695,627399,Automobile and Auto Components,-0.003678723196023359,-0.02699230257327423,-0.020010245743856903,-0.008275968193501959,749.6115234375,0.0,0.0,0.0,0.0,0.0,0
2022-01-20,731.456787109375,744.0832522757981,723.9491543474287,743.0594381867145,687357,Automobile and Auto Components,-0.010746897488769558,0.0067371603329986485,-0.0011124616810322951,-0.008612001768839583,746.140478515625,0.0,0.0,0.0,0.0,0.0,0
2022-01-21,721.901611328125,736.9168166374772,713.7114560610364,728.3366908163856,1316006,Automobile and Auto Components,-0.013063212960277348,-0.01981368732258726,-0.009631228248186297,-0.01414146038421804,738.203857421875,744.1709411621093,0.0,0.0,0.0,0.0,0
2022-01-24,700.938720703125,721.901555566568,692.2610582811434,716.63644765724,1334962,Automobile and Auto Components,-0.029038431686602473,-0.016064333029866984,-0.020375788327674726,-0.030054719729843637,727.1666748046875,739.4323608398438,0.0,0.0,0.0,0.0,0
2022-01-25,711.0789184570312,715.3202723409613,687.4347883854454,697.1362062343903,926048,Automobile and Auto Components,0.014466596657314756,-0.027210786566323808,-0.009116593772182102,-0.006971748357016416,720.9558227539062,735.4932983398437,0.0,0.0,0.0,0.0,1
2022-01-27,701.0362548828125,710.4451797433995,685.8747733725812,708.6901039588724,1167077,Automobile and Auto Components,-0.014123135018557886,0.016573372062958835,-0.0068152585437114555,-0.0022693279991373716,713.2824584960938,731.4469909667969,0.0,0.0,0.0,0.0,0
2022-01-28,710.68896484375,730.238017652699,703.9125938523551,704.7413333901236,864318,Automobile and Auto Components,0.013769202225569765,-0.0055719284729535135,0.027859768035090715,0.026298999730050454,709.1288940429688,727.6346862792968,0.0,0.0,0.0,0.0,1
2022-01-31,716.6365966796875,725.411738679847,711.0789948442051,719.3666289554668,913742,Automobile and Auto Components,0.008368825365460797,0.02075271432567871,-0.006609186123129773,0.010180810876858848,708.0758911132813,723.1398742675781,732.1392578125,0.0,0.0,0.0,1
2022-02-01,729.5067138671875,734.8692998880487,711.8588950742146,725.4116362764836,834026,Automobile and Auto Components,0.01795905658060115,0.008403235676631704,0.013037507809583015,0.0010967842330660282,713.7894897460938,720.4780822753906,730.8847371419271,0.0,0.0,0.0,1
2022-02-02,734.3817749023438,742.9131615542989,725.4116193205276,737.1118067289233,704701,Automobile and Auto Components,0.0066826815195615286,0.01612900850680621,0.010945975927250773,0.019038498135083515,718.4500610351563,719.7029418945312,729.8122192382813,0.0,0.0,0.0,1
2022-02-03,723.5103759765625,743.936966446168,721.0240978858994,736.1368409788425,595479,Automobile and Auto Components,-0.014803470479951564,-0.0013226836704832712,0.0013780949710557877,-0.006048319764629384,722.9448852539062,718.113671875,728.6129557291666,0.0,0.0,0.0,0
2022-02-04,712.3952026367188,728.7267146403408,710.1038801718623,721.511575085394,372365,Automobile and Auto Components,-0.015362838887888808,-0.019867591294576825,-0.020445619040128427,-0.015145426825616592,723.2861328125,716.2075134277344,726.1851684570313,0.0,0.0,0.0,0
2022-02-07,705.8138427734375,718.6352626819508,693.5286100524984,713.0289227744032,875013,Automobile and Auto Components,-0.009238355113737828,-0.011756779244999405,-0.013848060947471263,-0.023342035696738206,721.12158203125,714.5987365722656,722.467110188802,729.3848388671875,0.0,0.0,0
2022-02-08,705.326416015625,721.4141758600958,696.161244178922,711.3714660459626,1610975,Automobile and Auto Components,-0.0006905882660180884,-0.0023245294482465706,0.0038669312827401825,0.003795999311728915,716.2855224609375,715.0375061035156,719.0805623372396,727.2349334716797,0.0,0.0,0
2022-02-09,729.2142333984375,731.2617424732695,707.8613667141249,714.686476310542,656286,Automobile and Auto Components,0.03386774809563242,0.004660027036233805,0.013650364717927799,0.016806627247689443,715.2520141601562,716.8510375976563,718.2192993164062,726.17216796875,0.0,0.0,1
2022-02-10,711.6640014648438,747.9833372202388,694.2111961836597,730.9693009173419,4738129,Automobile and Auto Components,-0.02406731949238361,0.0227831715675626,0.022866770919005797,-0.01928367781085294,712.8827392578125,717.9138122558594,716.3700276692708,724.6804016113281,0.0,0.0,0
2022-02-11,714.052734375,738.3306494587551,698.4524829503184,710.7864555370519,3758227,Automobile and Auto Components,0.003356545933529631,-0.027611071155739686,-0.012904950259127856,0.006109504989223247,713.2142456054687,718.2501892089844,715.2097574869791,722.9424377441406,0.0,0.0,1
2022-02-14,682.6083984375,709.2751108302647,675.8808264969201,702.0112327009657,2124421,Automobile and Auto Components,-0.04403643375866739,-0.012345793547030692,-0.039353017038897264,-0.03231666720984916,708.5731567382812,714.8473693847657,712.5902099609375,718.9936218261719,725.2225024414063,0.0,0
2022-02-15,699.9149780273438,703.7175629613985,677.002109680142,692.212389906127,1380986,Automobile and Auto Components,0.0253535989733773,-0.013958242173900848,-0.007835532058020012,0.001658995401650154,707.490869140625,711.8881958007812,712.5219604492188,716.183139038086,723.2861206054688,0.0,1
2022-02-16,704.010009765625,714.8327187499449,697.8186844421085,703.9612708871387,962465,Automobile and Auto Components,0.005850755972993671,0.016972942340146346,0.015794910307157073,0.03074816823215154,702.4500244140625,708.8510192871094,712.0506998697916,714.2769805908204,721.4277392578125,0.0,1
2022-02-17,686.3135375976562,709.8113908818215,682.5596916512765,707.3738517647822,1418393,Automobile and Auto Components,-0.025136676925744506,0.004847682704679279,-0.007024479624973545,-0.021866701381077713,697.379931640625,705.1313354492188,711.0691853841146,711.6225036621094,719.2203076171875,0.0,0
2022-02-18,676.8070678710938,687.1909477729872,673.833222835261,686.2159322229376,1187208,Automobile and Auto Components,-0.013851496736955737,-0.029910519718899797,-0.031868244718828986,-0.012784916722673678,689.9307983398437,701.5725219726562,708.8103922526042,708.8900177001954,716.3401098632812,0.0,0
2022-02-21,667.3007202148438,681.4384468337156,660.0855807569822,675.6858308191855,1604938,Automobile and Auto Components,-0.014045875268637986,-0.01534517184647799,-0.00837103713009324,-0.020402143456853428,686.8692626953125,697.7212097167969,705.5213338216146,706.1599731445312,712.56875,718.8302958170573,0
2022-02-22,673.7357788085938,678.659595680764,634.2476470549786,635.7101704532606,1639090,Automobile and Auto Components,0.009643416227211876,-0.05916308814328597,-0.004077919533104435,-0.039143308769709395,681.6334228515625,694.5621459960937,701.803271484375,704.7998260498047,709.2731958007812,716.344004313151,1
2022-02-23,686.7522583007812,694.1624130443274,673.7845618873671,681.828441105604,1064201,Automobile and Auto Components,0.019319857875449875,0.07254606390748974,0.022843289127905786,0.06233671502917093,678.1818725585938,690.3159484863281,698.6279703776041,703.5834930419921,707.057958984375,714.2200948079427,1
2022-02-24,650.9204711914062,671.0058307395306,642.5353597993336,670.8108156933863,4866256,Automobile and Auto Components,-0.05217571063840831,-0.01615894079506619,-0.03335902646074007,-0.046378625833307874,671.1032592773438,684.2415954589844,693.788643391927,701.0777038574219,703.5186547851563,711.2007995605469,0
2022-02-25,655.0155029296875,676.8558773325166,650.9692236811505,669.7382749769392,1946167,Automobile and Auto Components,0.006291139885009178,-0.0015988721281102736,0.008718324528623755,0.013125914011099526,666.7449462890625,678.3378723144531,689.963330078125,698.2940307617188,700.4610034179688,708.0742492675781,1
2022-02-28,661.6943969726562,664.9606756073971,636.246452713213,650.3354408066479,1962564,Automobile and Auto Components,0.010196543460568641,-0.028970770964164227,-0.01757420172223123,-0.022616692821024742,665.623681640625,676.2464721679687,687.0220336914062,695.5469207763672,698.05271484375,704.7445719401042,1
2022-03-02,646.2890625,653.2604477992629,638.6352138933092,650.3354010180722,3323853,Automobile and Auto Components,-0.02328164564055224,-6.118161977042291e-08,-0.01759536802299899,0.0037544589363283087,660.1343383789062,670.8838806152344,683.0862101236979,691.3860382080078,695.866728515625,701.0833862304687,0
2022-03-03,628.007568359375,654.6255437211137,625.0825213534902,648.5804346735716,2398493,Automobile and Auto Components,-0.028286869144756754,-0.0026985557633080193,0.002089665655481854,-0.021221336132089985,648.385400390625,663.2836364746094,676.3390991210938,686.0673278808594,692.5438745117187,697.27919921875,0
2022-03-04,617.08740234375,628.3488207184192,607.9222318209461,617.6723879046822,2726367,Automobile and Auto Components,-0.017388589828866485,-0.047654916979488204,-0.04014008199760832,-0.027452838539441027,641.6187866210937,656.3610229492188,670.0339925130208,680.7461791992188,689.1859204101562,693.2020100911458,0
2022-03-07,597.3433837890625,607.1910184128608,588.1294736549777,602.5596939046936,2197227,Automobile and Auto Components,-0.031995497687520524,-0.02446716786427028,-0.03367206495488895,-0.03255804300277354,630.0843627929687,648.4146545410156,662.253369140625,674.9935882568359,684.6520971679688,688.7315633138021,0
2022-03-08,599.8783569335938,602.7546648989542,580.1342907362671,597.6845718005575,2905793,Automobile and Auto Components,0.0042437452449066715,-0.008090687368324412,-0.00730635562677262,-0.01359425649767887,617.7211547851563,641.6724182128906,656.7380330403646,669.6968139648437,679.981767578125,684.664121500651,1
2022-03-09,613.236083984375,615.8198396623184,595.7832806425236,604.5096823134493,2503180,Automobile and Auto Components,0.02226739287455226,0.011419251616836545,0.021675775442657752,0.026974771455753555,611.1105590820313,635.6224487304687,650.9594401041667,665.0922973632812,675.3309423828125,681.7407002766927,1
2022-03-10,622.0111694335938,638.342679565506,617.1360917822767,631.8100636106961,2912874,Automobile and Auto Components,0.014309473428576469,0.04516119773759253,0.03657374844489891,0.0358398965421205,609.911279296875,629.14833984375,645.492850748698,659.732144165039,670.8361181640626,678.7717753092448,1
2022-03-11,616.5511474609375,624.8875792144818,613.4311448626763,622.0112710283645,1394422,Automobile and Auto Components,-0.008778012744735997,-0.015509079621703226,-0.021078177570991508,-0.006003452024496814,609.8040283203125,625.7114074707031,640.8420247395833,654.9765014648438,666.5577490234375,675.9556050618489,0
2022-03-14,633.2239379882812,636.2464627573918,609.4335318660661,618.891195755235,2124004,Automobile and Auto Components,0.02704202335200434,-0.00501610729331492,0.018177483311780263,-0.006516808007042241,616.9801391601562,623.5322509765625,637.9364827473959,650.9350616455079,663.3908984375,673.3734375,1
2022-03-15,636.6852416992188,652.0904776055144,629.2263479119717,635.5639498584418,2128873,Automobile and Auto Components,0.005466160552827226,0.02693971770411263,0.024902322882011996,0.032477399110778515,624.3415161132813,621.0313354492188,635.8954508463542,648.6389038085938,660.6257543945312,670.7083923339844,1
2022-03-16,658.0867919921875,659.9880843167474,640.7315261912858,645.4603280534466,1094758,Automobile and Auto Components,0.03361401975621603,0.015571018773498757,0.012111213063918935,0.0182846416357052,633.3116577148437,622.2111083984375,634.8521850585937,646.547494506836,658.7361694335938,668.3277282714844,1
2022-03-17,664.8631591796875,676.1733162970753,659.110543355188,672.7607617086978,1125022,Automobile and Auto Components,0.010297072164275223,0.04229606757952542,0.024523521507336943,0.028684427740200524,641.8820556640625,625.8966674804688,633.3929117838542,644.5901519775391,656.1621264648437,666.0104410807292,1
2022-03-21,652.3341674804688,669.5432164188572,649.3603818380609,666.9106624282788,690631,Automobile and Auto Components,-0.01884446675414697,-0.00869566064697469,-0.00980532611746121,-0.014792907829230262,649.0386596679688,629.4213439941407,633.487158203125,642.8911834716797,653.7889331054688,663.6379007975261,0
2022-03-22,672.2732543945312,676.514548439049,651.3104190508294,657.5505426781626,1249429,Automobile and Auto Components,0.030565755877963507,-0.01403504288870594,0.010412071766597641,0.0030030122984232577,656.8485229492187,636.9143310546875,634.6376749674479,642.6644927978516,652.11775390625,662.3005025227865,1
2022-03-23,663.83935546875,681.3408976020474,660.3780619490165,679.3421274999673,1081529,Automobile and Auto Components,-0.01254534353501402,0.03314054723922655,0.007134139500967862,0.013922152376130592,662.279345703125,643.3104309082031,634.7806722005208,642.4914245605469,651.3669921875,660.9013529459636,0
2022-03-24,676.904541015625,681.389588711242,658.7204773268512,658.7204773268512,1613089,Automobile and Auto Components,0.019681245830400318,-0.03035532368499716,7.146365257981735e-05,-0.0025100540397618998,666.0428955078125,649.6772766113281,636.8217041015625,642.6498626708984,650.4465747070312,659.9539571126302,1
2022-03-25,673.0533447265625,683.3397487486521,666.2769735190408,681.5359934570453,1200801,Automobile and Auto Components,-0.005689423036347452,0.03463611184941673,0.002862033805210551,0.01147147606956822,667.6809326171875,654.781494140625,639.824755859375,641.9649169921875,649.2083081054687,658.0819274902344,0
2022-03-28,682.0233764648438,686.264670298526,662.0842965875217,673.7357442990808,2140301,Automobile and Auto Components,0.01332737116390903,-0.011445102287845788,0.0042803328142846375,-0.006292693726716703,673.6187744140625,661.3287170410156,644.1538208007812,643.5200622558593,649.0367016601563,657.093906656901,1
2022-03-29,690.2623291015625,691.8710691894476,682.5596817988102,688.0685439278936,595518,Automobile and Auto Components,0.012080161649918875,0.021273622113850976,0.008169441228094598,0.03092564695586586,677.2165893554687,667.0325561523438,650.3484171549479,645.2824035644531,649.574912109375,656.3008931477865,1
2022-03-30,685.0460205078125,707.178889235764,683.4860191611826,692.4074367959832,1082631,Automobile and Auto Components,-0.007556994455339194,0.006305902088359794,0.022125249526982138,0.0013571521832804745,681.4579223632812,671.8686340332031,656.0262613932292,646.449984741211,650.2847241210937,656.3821472167969,0
2022-03-31,683.095947265625,694.5523812651528,679.3908996614414,686.9960099037621,952386,Automobile and Auto Components,-0.0028466310055227373,-0.007815379507276399,-0.017854758057408215,-0.005991519043457627,682.6962036132812,674.3695495605468,660.6835856119792,648.2903289794922,650.659130859375,655.8215128580729,0
2022-04-01,684.4609375,686.6059836791112,676.8558278742679,682.5109063390313,643003,Automobile and Auto Components,0.0019982408618275382,-0.006528572946674194,-0.011441034255136984,-0.003731389084600245,684.9777221679688,676.3293273925781,664.8469034830729,651.1129974365234,650.5674780273438,655.1698771158855,1
2022-04-04,691.3836059570312,694.0161602372408,687.7760954914413,691.8711138048392,491203,Automobile and Auto Components,0.010114044611977846,0.013714370538070675,0.010792473025683424,0.016133816342351004,686.8497680664062,680.2342712402344,669.8357340494791,654.8278076171875,652.1860034179688,655.3388793945312,1
2022-04-05,709.1775512695312,714.1014275078389,694.4061010852913,696.5998861185155,1419805,Automobile and Auto Components,0.025736718601924613,0.006834758988088385,0.028940633405038163,0.009639773230432747,690.6328125,683.9247009277344,674.8993082682292,660.4195159912109,654.3524853515624,656.4178955078125,1
2022-04-06,709.1775512695312,714.1014275078389,685.2409309201746,705.8625340365735,1218028,Automobile and Auto Components,0.0,0.01329694147621785,0.0,-0.013198573789591439,695.4591186523437,688.4585205078125,679.73212890625,665.8844757080078,656.2518115234375,657.813789876302,0
2022-04-07,710.786376953125,717.8552400984064,701.1336986472005,711.7613925593707,1254802,Automobile and Auto Components,0.002268579540784632,0.00835695087691346,0.005256693861638073,0.0231929632482466,700.9972045898437,691.8467041015625,683.2454345703125,670.7619903564453,658.8317041015625,659.0488098144531,1
2022-04-08,727.4591064453125,735.0154772527551,708.6900563752133,711.7613792816846,2157135,Automobile and Auto Components,0.023456737541393657,-1.8654687128361047e-08,0.02390487133867869,0.010777342099791198,709.5968383789062,697.2872802734375,687.4184977213541,676.0343872070313,662.809765625,660.4057047526042,1
2022-04-11,721.6090698242188,729.5067324164409,716.685252618276,727.3616860515077,608494,Automobile and Auto Components,-0.008041739486470356,0.021917888809262154,-0.007494733113517671,0.011281654329900137,715.6419311523438,701.245849609375,692.0368245442709,681.2872833251953,666.9906323242187,662.7619913736979,0
2022-04-12,711.1276245117188,721.4140869957956,698.5499586160558,721.4140869957956,962218,Automobile and Auto Components,-0.01452510195728729,-0.00817694851099282,-0.011093311495342761,-0.02530440515688892,716.0319458007813,703.3323791503906,694.6271158854166,685.1824676513672,671.542001953125,664.6323954264323,0
2022-04-13,714.7351684570312,724.1928316099918,708.4463059809236,712.7363983936776,866681,Automobile and Auto Components,0.0050729908682558555,-0.012028720756278477,0.0038518025420986035,0.01416698582943754,717.1434692382812,706.3012939453125,698.0201700846354,689.0849639892579,676.1362744140625,666.4004211425781,1
2022-04-18,710.250244140625,713.906553250234,696.1125155834702,703.4738726887684,1084412,Automobile and Auto Components,-0.00627494562229014,-0.01299572426185125,-0.014203783731040032,-0.017409633296592508,717.0362426757813,709.0167236328125,700.2432169596354,691.6931365966797,680.0168408203125,668.532460530599,0
2022-04-19,707.8125610351562,723.9490567275085,700.3536681617516,717.1726866513806,1118319,Automobile and Auto Components,-0.0034321468040018344,0.019473095582432265,0.014066971974908471,0.006092625090537984,713.10693359375,711.3518859863282,702.560498046875,693.8406066894531,683.448896484375,671.192626953125,0
2022-04-20,712.980224609375,733.2118002136751,704.9363451522436,709.8114236111111,1528988,Automobile and Auto Components,0.007300892720328633,-0.010264282476568742,0.012794744878924735,0.006543375438470056,711.3811645507812,713.5115478515625,704.6242879231771,696.8729095458984,687.3060595703125,674.3890543619792,1
2022-04-21,720.341552734375,731.1642621918198,712.7364425409098,714.6864738474513,1266140,Automobile and Auto Components,0.010324729734310756,0.00686809210753303,-0.002792560105086439,0.011064966989298375,713.2239501953125,714.6279479980469,706.629569498698,699.2763244628907,690.7907641601563,678.4889933268229,1
2022-04-22,705.9600830078125,719.9515935595524,703.8150366346633,718.5865478193028,1088115,Automobile and Auto Components,-0.019964792634787343,0.0054570418142319,-0.015335361986450358,-0.012517117652131815,711.4689331054688,714.306201171875,708.0238403320312,701.3823608398437,693.5617578125,682.0250508626302,0
2022-04-25,684.0221557617188,709.6650531456216,681.4871391040809,700.548681443111,1354015,Automobile and Auto Components,-0.03107530832710126,-0.02510187037446132,-0.014287822272984418,-0.031724098475282125,706.2233154296875,711.6297790527344,708.0855875651042,701.7382415771484,694.5991723632812,684.3845865885417,0
2022-04-26,710.201416015625,713.1752018157274,691.6761188546981,691.7735966146103,1434098,Automobile and Auto Components,0.03827253259765162,-0.012526017193301042,0.004946204768780493,0.014951096163035693,706.7010864257812,709.9040100097657,709.8016194661458,703.5956451416016,696.4127026367188,687.3242614746093,1
2022-04-27,696.84375,707.4226468036605,692.2611641941322,702.10879920463,1054075,Automobile and Auto Components,-0.018808278488888774,0.01494015186557851,-0.008066117550667773,0.0008458371244663976,703.4737915039062,707.4274780273438,710.1656290690104,704.3366638183594,698.1930859375,690.0006815592448,0
2022-04-28,702.64501953125,706.886313608811,689.238554962807,706.886313608811,876171,Automobile and Auto Components,0.008325065025337475,0.0068045214781427,-0.0007581510109591072,-0.0043662845580018095,699.9344848632812,706.5792175292969,709.730126953125,704.9557983398438,699.4079565429688,692.3147176106771,1
2022-04-29,684.21728515625,710.981478714926,681.3409768648745,710.981478714926,1054623,Automobile and Auto Components,-0.02622623638219701,0.005793244298659905,0.005793244298659905,-0.011458410213802783,695.5859252929688,703.5274291992188,708.0661092122396,704.9143615722656,700.2230737304687,693.8991190592448,0
2022-05-02,661.4993896484375,673.19957762538,657.2580358006558,670.4207472747161,1339651,Automobile and Auto Components,-0.03320275006297824,-0.05704892835397346,-0.05314048568161778,-0.03534638585078809,691.0813720703125,698.65234375,704.7803100585937,703.8345336914062,699.6068676757812,694.0128723144531,0
2022-05-04,654.8692626953125,677.7821296854765,648.9703706066816,662.0356036732503,1556102,Automobile and Auto Components,-0.010022876901895073,-0.012507285366020748,0.006807122601385052,-0.012609454342963344,680.01494140625,693.3580139160156,699.940987141927,702.3549499511719,698.8795043945313,693.6797424316406,0
2022-05-05,660.0855712890625,674.4670516088759,657.1605244443547,659.7443396279388,457345,Automobile and Auto Components,0.007965419803459328,-0.0034609377994153645,-0.004891067396744497,0.012620227684688512,672.6633056640625,688.0685485839844,695.8394205729167,700.7900482177735,698.0019921875,693.9381225585937,1
2022-05-06,642.0477905273438,653.2604702404257,635.3201588954022,643.5103139681805,1231990,Automobile and Auto Components,-0.02732642788493811,-0.024606540268179322,-0.03144198270006515,-0.03323444536997877,660.5438598632812,680.2391723632812,691.2340983072917,697.433560180664,696.0734106445312,692.9306070963542,0
2022-05-09,621.3775024414062,640.0978160465671,612.26112932237,636.7827388158796,1855922,Automobile and Auto Components,-0.03219431386713445,-0.010454494677506587,-0.020149166823172693,-0.03629513285573005,647.9759033203125,671.7809143066406,685.01025390625,693.0435577392578,693.526669921875,691.5152119954427,0
2022-05-10,615.7223510742188,632.8826018210474,614.2598276749926,621.8649374489228,968280,Automobile and Auto Components,-0.009100991498675604,-0.023426830624675876,-0.01127204943469895,0.0032644540979347436,638.8204956054688,664.9509338378906,678.7083943684896,688.2903564453125,690.8317260742188,689.4758056640625,0
2022-05-11,613.7723388671875,622.206247867787,607.9709839687,618.1599092006304,1294267,Automobile and Auto Components,-0.0031670317045161545,-0.005957930774311726,-0.01686940662065972,-0.010238083988165392,630.6011108398437,655.3080261230468,672.4390462239584,682.6060180664062,688.0041821289062,687.4997721354167,0
2022-05-12,588.909423828125,616.063584549883,582.0843146115739,608.409735875414,1626401,Automobile and Auto Components,-0.04050836680739134,-0.015772898209825414,-0.009872390929782648,-0.04257879083002236,616.3658813476562,644.5145935058594,664.1676595052083,675.9710357666015,683.90521484375,684.3959737141927,0
2022-05-13,613.3335571289062,635.4176844836717,595.8808134285518,596.2220450877153,2123113,Automobile and Auto Components,0.041473497133083015,-0.020032044310011488,0.03141575061270574,0.023701890723828223,610.6230346679688,635.583447265625,657.0337931315104,671.081332397461,680.071455078125,681.8316813151042,1
2022-05-16,644.8753662109375,653.162999126659,608.6047726071454,608.6047726071454,3467849,Automobile and Auto Components,0.05142684386890961,0.020768650910263364,0.02792700781912738,0.0213531949541772,615.322607421875,631.6492553710938,652.9614786783854,667.5883422851563,677.4993676757813,680.4926595052083,1
2022-05-17,661.2069091796875,663.4981722304675,630.9814230090122,631.0301618911117,2243124,Automobile and Auto Components,0.02532511524623504,0.03684721233436972,0.01582326787896382,0.0367671293572176,624.4195190429688,631.6200073242187,651.4404622395833,665.1361755371094,675.5161889648438,679.7630249023438,1
2022-05-18,673.2969970703125,682.510906206141,661.7430862479141,668.8606880820182,1798987,Automobile and Auto Components,0.018284878338044486,0.059950424679437786,0.028655292164195156,0.048752090183901586,636.3244506835938,633.4627807617187,648.9801676432292,663.4103973388671,673.3497045898438,679.3908935546875,1
2022-05-19,644.8753662109375,667.3494647450535,635.027672569647,663.0106332577177,1202929,Automobile and Auto Components,-0.04221262085386501,-0.008746297889140053,-0.022214211264938055,-0.04037127736346069,647.5176391601562,631.9417602539063,645.5156087239583,660.0051544189453,670.2803564453125,677.8406188964843,0
2022-05-20,657.3555908203125,673.2970735651857,653.3579907807914,658.1355914711202,1095756,Automobile and Auto Components,0.01935292501976682,-0.007352886276716153,0.00891228529328969,0.028865384931920257,656.3220458984375,633.4725402832031,642.4963134765625,656.8558563232422,668.1294750976563,676.1132202148438,1
2022-05-23,673.3458251953125,680.9997342212419,661.1093899427948,663.0106824784199,1589614,Automobile and Auto Components,0.024325090709346187,0.007407426479401513,0.011440211102165865,0.011863938715649835,662.0161376953125,638.6693725585938,641.7715494791667,655.2251434326172,666.4739013671875,674.9188293457031,1
2022-05-24,658.3792114257812,681.5358293767065,651.8953345954329,672.7606899426717,1139190,Automobile and Auto Components,-0.022227231846562612,0.014705656668765776,0.0007872178629815263,-0.013937262860778787,661.4505981445312,642.93505859375,641.5635375976562,653.9429962158204,664.3990600585937,673.171923828125,0
2022-05-25,648.5803833007812,672.7607580654352,639.610227957863,662.9618632739192,975233,Automobile and Auto Components,-0.0148832586979466,-0.014565099916268087,-0.012875436525907169,-0.018845213312032816,656.507275390625,646.4158630371094,641.1442789713542,650.8619445800781,662.0297729492188,670.5426330566406,0
2022-05-26,650.4329223632812,659.3056005669823,636.6852253744499,652.2854759196125,1024439,Automobile and Auto Components,0.0028562983250772778,-0.016104074677211866,-0.01999991428921033,-0.0045731016415293535,657.6187866210937,652.568212890625,640.5007690429687,648.5414031982422,659.527880859375,668.1700948079427,1
2022-05-27,656.3804931640625,663.7905876867559,651.8466469626625,657.160493717468,471460,Automobile and Auto Components,0.009144018693228784,0.007473748807579117,0.0068025921756413865,0.023813057039757446,657.4237670898438,656.8729064941406,641.4562825520833,646.2281768798828,656.9694384765625,666.3451904296875,1
2022-05-30,668.1295776367188,671.2009012139722,656.770619750947,662.0357288804554,788371,Automobile and Auto Components,0.01789980749735598,0.007418637014238172,0.011163631519754524,0.007553882207154583,656.380517578125,659.1983276367188,644.5730875651042,645.4237915039063,655.4562182617187,664.791670735677,1
2022-05-31,687.28857421875,705.6188570362316,671.6395250016036,680.5609422463189,5763035,Automobile and Auto Components,0.02867557016379929,0.02798219576032679,0.05127817283917402,0.02263941900491062,662.1623901367187,661.806494140625,649.344169108073,646.7132507324219,655.586875,664.0262817382812,1
2022-06-01,676.904541015625,694.649835807817,671.7857094126981,689.3359891941619,1072943,Automobile and Auto Components,-0.015108694648283127,0.01289384447905495,-0.015545249562188723,0.00021765307974419557,667.8272216796875,662.1672485351562,653.5529825846354,647.8150146484375,654.255,662.9960144042968,0
2022-06-02,667.6907348632812,679.5859382234723,658.1355929710815,677.6359068368913,967421,Automobile and Auto Components,-0.013611677266220368,-0.01697297477670956,-0.02168559871150999,-0.02031915274522611,671.2787841796875,664.4487854003906,658.8050699869792,648.1952728271484,653.0888793945312,661.4863647460937,0
2022-06-03,642.5352783203125,673.4920235201151,640.8290010258352,670.8107306287936,1188031,Automobile and Auto Components,-0.037675311681716894,-0.010072040367454349,-0.008967099465429618,-0.026296392612831565,668.5097412109375,662.9667541503907,660.7518513997396,648.2196472167968,650.6844897460937,658.892822265625,0
2022-06-06,632.8826293945312,643.5103236960282,624.1074886168582,637.6602298442461,1718692,Automobile and Auto Components,-0.01502275322689639,-0.049418560662369604,-0.04451678531749004,-0.026093563777870976,661.4603515625,658.9204345703125,659.9523356119792,648.7949035644531,648.631103515625,656.4569071451823,0
2022-06-07,637.1727294921875,639.6590075062926,623.0350025179921,631.6151283658021,1486747,Automobile and Auto Components,0.006778666214556361,-0.009480129378494628,-0.005984855328528993,-0.00171843170996544,651.4371826171875,656.7997863769531,658.3500569661459,649.8674224853515,647.658037109375,654.8952596028646,1
2022-06-08,647.2642211914062,649.3605289854713,627.1301804357648,638.6353550833088,1348733,Automobile and Auto Components,0.015837921543286226,0.011114722244969677,0.015166708145016194,0.00657294999674507,645.5091186523438,656.6681701660157,656.6145385742187,651.5420166015625,647.3538354492188,652.797353108724,1
2022-06-09,662.2306518554688,668.4219775267939,638.6839997314767,644.5340937239981,1343002,Automobile and Auto Components,0.023122598428991115,0.009236473668013279,0.02935418414036217,0.018423318883622475,644.4171020507813,657.8479431152343,657.7715576171875,655.2080780029297,647.439638671875,651.6435831705729,1
2022-06-10,659.695556640625,663.0106336127816,648.9216457464637,657.843062635199,734112,Automobile and Auto Components,-0.003828115185760095,0.020648975811821124,-0.00809570016538741,0.01602928211649468,647.8491577148437,658.1794494628906,657.9275553385417,657.5261779785156,648.1455493164062,650.2119344075521,0
2022-06-13,642.4378662109375,653.1142404791416,633.2726948599859,648.3854381553359,2008760,Automobile and Auto Components,-0.026160082868481038,-0.014376718425786139,-0.014926447076291982,-0.024115316524041308,649.760205078125,655.6102783203125,655.8670247395834,657.4043029785156,648.9879638671875,648.819287109375,0
2022-06-14,632.8826293945312,648.3854019058466,629.1288429770639,638.0502599051244,1712813,Automobile and Auto Components,-0.0148734022680862,-0.015939867927347584,-0.007240446280616708,-0.006543550537637222,648.9021850585938,650.1696838378906,654.1672526041667,655.9880889892578,649.674375,647.8653951009114,0
2022-06-15,637.2214965820312,641.5115894509712,626.2038311129972,637.1240188164699,771115,Automobile and Auto Components,0.006855721718339591,-0.0014516741812664602,-0.01060143000547309,-0.00464930498214855,646.8936401367188,646.2013793945313,653.4099934895834,654.1843139648438,650.6123413085937,647.2771362304687,1
2022-06-16,617.3798828125,648.9703521876936,614.2598210258784,643.5102886937773,1438872,Automobile and Auto Components,-0.03113770310003494,0.010023589895685747,0.011626855787758794,-0.019073677760626073,637.923486328125,641.1702941894531,651.2064575195312,652.8095397949219,651.7511596679688,645.85361328125,0
2022-06-17,618.25732421875,627.8612629023729,610.262244475113,612.8947387998481,1386139,Automobile and Auto Components,0.001421234203895283,-0.047575851438325545,-0.032527047212806415,-0.006507957079284532,629.63583984375,638.7424987792969,648.6649129231771,650.8546264648437,651.9481103515625,645.0605977376302,1
2022-06-20,607.3373413085938,618.5500225596802,599.6346929928822,618.2574702231994,921751,Automobile and Auto Components,-0.017662520899295653,0.008749840851713708,-0.014830092080613921,-0.017414728796423584,622.6157348632812,636.1879699707031,644.6120971679687,647.5542022705079,650.4465893554687,644.5925923665365,0
2022-06-21,630.6888427734375,634.7351814825264,607.9222513891785,613.2848374078482,940086,Automobile and Auto Components,0.03844898028915811,-0.008042980562056323,0.02616628943908017,0.013821012181486347,622.1769775390625,635.5395812988281,640.8387817382812,646.1696838378906,649.2258666992187,645.091475423177,1
2022-06-22,621.71875,629.8113679535578,615.7711188578141,629.8113679535578,675173,Automobile and Auto Components,-0.014222691389293884,0.026947560966225526,-0.007757272123262826,0.012910972498045625,619.0764282226562,632.9850341796875,637.1597290039062,644.8266021728516,647.1627368164062,645.3563557942708,0
2022-06-23,635.0276489257812,639.5127563957882,617.1848753324344,623.5224767379018,992371,Automobile and Auto Components,0.021406623052274476,-0.009985356784032784,0.015403641369245324,0.0022959122818924094,622.6059814453125,630.2647338867188,634.9821899414062,644.0563385009766,646.768828125,646.8936299641927,1
2022-06-24,629.0314331054688,643.9004232501575,627.6176483699916,638.3915604744233,1051323,Automobile and Auto Components,-0.009442448420089677,0.02384690895877961,0.006860952827739686,0.01690380541476766,624.7608032226562,627.1983215332032,634.08193359375,642.6888854980468,645.6358618164063,647.4168924967448,0
2022-06-27,631.2738647460938,640.585251862753,629.031340758818,640.5365129845962,1787237,Automobile and Auto Components,0.003564896001387874,0.0033599324348507764,-0.005148577742301819,0.0022524739265985527,629.5481079101562,626.0819213867187,633.9746826171875,640.8460998535156,643.9529833984375,646.9635091145833,1
2022-06-28,642.2916259765625,644.8266431250879,625.277589219424,628.8851594002016,1555945,Automobile and Auto Components,0.017453219348626536,-0.018189991277944295,0.006621119125052255,-0.005967511149548965,631.8686645507812,627.0228210449219,634.3159423828125,638.5962524414062,643.3094799804687,646.3329996744792,1
2022-06-29,639.1715698242188,641.6091092252036,628.2513814057584,635.710275776868,1214583,Automobile and Auto Components,-0.004857693960434117,0.010852722909180823,-0.004989765752064557,0.004755955175119508,635.359228515625,627.2178283691406,633.7764322916667,636.709603881836,642.9331274414062,645.1954854329427,0
2022-06-30,635.5151977539062,643.4615992178584,629.0313792958669,637.2214751655323,2548802,Automobile and Auto Components,-0.005720486083756859,0.002377182572387282,0.0028872563777839755,0.0012415378830736845,635.45673828125,629.0313598632813,631.9954020182291,635.1008270263671,642.3364184570313,644.8834798177083,0
2022-07-01,629.6650390625,633.1263324111887,619.1348828778048,629.0313146523047,650298,Automobile and Auto Components,-0.009205379685776838,-0.012852926074250814,-0.016061979175186814,-0.015732913720679864,635.5834594726563,630.1721313476562,629.9933675130209,634.4573150634766,641.2678002929688,643.9604614257812,0
2022-07-04,633.1751098632812,638.586434160233,622.1573867508373,631.8100643153,657612,Automobile and Auto Components,0.0055745048288011745,0.004417506089551715,0.008624031997295223,0.004881818092664414,635.9637084960938,632.755908203125,629.3758504231771,634.4719390869141,639.8696215820313,642.6214375813802,1
2022-07-05,641.1702880859375,646.2891204117019,632.3464080740476,638.3915171989021,1138202,Automobile and Auto Components,0.01262712020436596,0.010416821850937952,0.012062088762656353,0.01637691931365093,635.7394409179688,633.804052734375,629.9283610026042,634.6718170166016,638.0248901367188,642.0478068033855,1
2022-07-06,640.0977783203125,646.4353800858602,634.9789461250625,642.5353174609078,655634,Automobile and Auto Components,-0.0016727377820745515,0.0064910014471804,0.0002263068795975709,0.004163126440510423,635.9246826171875,635.6419555664063,630.1201131184896,634.3134948730469,636.5526196289062,641.7650533040364,0
2022-07-07,648.2391357421875,660.865600402186,642.7303329863637,642.7303329863637,1401791,Automobile and Auto Components,0.012718927791373957,0.0003035094261067961,0.02232275763496916,0.012207313185112367,638.4694702148438,636.9631042480469,632.1773966471354,633.6139190673828,635.7745556640625,641.6919270833333,1
2022-07-08,651.9442749023438,658.525630910589,648.3854437752724,652.2855065949733,1048845,Automobile and Auto Components,0.005715698043923467,0.014866535961065797,-0.003540764552085851,0.008798574610028087,642.9253173828125,639.2543884277344,634.423193359375,633.2263549804687,636.1509155273437,641.5440531412761,1
2022-07-11,638.8302612304688,654.8204820704011,633.3213990431256,649.3604182733962,1171380,Automobile and Auto Components,-0.0201152371095511,-0.004484368105687975,-0.005626430720797493,-0.023233163046405436,644.05634765625,640.0100280761719,636.5227213541667,633.0459747314453,636.3888208007812,640.5674092610677,0
2022-07-12,617.2824096679688,639.7565689355014,614.2598848324112,639.6102927778758,1206735,Automobile and Auto Components,-0.03373016726069944,-0.015014967375814758,-0.023004645620233077,-0.030097694850535706,639.2787719726563,637.5091064453125,635.6289591471354,632.2659637451172,635.5932080078124,638.2338704427083,0
2022-07-13,622.4500122070312,625.7162908170202,615.8198582060822,617.3311800655597,883658,Automobile and Auto Components,0.008371537011466312,-0.03483232362561928,-0.021946282070761658,0.0025395983234306474,635.74921875,635.8369506835937,635.6777099609375,631.5273895263672,634.6006396484376,636.4187194824219,1
2022-07-14,648.4141235351562,653.5282770616585,622.5483813092999,626.039754380675,2475429,Automobile and Auto Components,0.041712765393101314,0.014106811054303892,0.04444823740855974,0.010926122328724919,635.7842163085937,637.1268432617187,636.5701416015625,633.0791015625,634.047978515625,635.7761657714843,1
2022-07-15,631.8914794921875,647.7256232941893,630.2686991525763,644.3817977849031,1232480,Automobile and Auto Components,-0.025481622690275874,0.029298528209879215,-0.00887896357531559,0.012401153187547642,631.7736572265625,637.3494873046875,636.760811360677,633.7608093261719,632.9358154296875,635.4213724772136,0
2022-07-18,644.72607421875,650.8728792510152,635.7271876679496,636.3172569400898,517785,Automobile and Auto Components,0.02031139071043797,-0.012515159293039702,0.004858933850446778,0.008660573692954143,632.9528198242188,638.5045837402344,637.6576253255208,635.6302459716796,633.02734375,635.8161539713542,1
2022-07-19,657.560546875,658.7899077987323,641.2346578187901,643.9884142824727,1212124,Automobile and Auto Components,0.01990686148656584,0.0120555544560772,0.012163709381818988,0.00866326036966214,641.008447265625,640.1436096191406,638.6755533854167,636.9738311767578,634.0144604492187,636.4957478841146,1
2022-07-20,670.7885131835938,681.5577273748654,660.412718516915,667.8872092650478,2197339,Automobile and Auto Components,0.020116727457963446,0.037110597725896755,0.03456006126780098,0.02990802269384596,650.6761474609375,643.2126831054687,640.783349609375,639.4273193359375,635.3571411132813,637.2798909505208,1
2022-07-21,676.7877807617188,679.5906995782574,670.5917538579812,673.4930575620923,1398681,Automobile and Auto Components,0.008943605115794506,0.008393405681796695,-0.002886076582513941,0.015413142502653798,656.35087890625,646.0675476074218,643.5348551432292,641.5153259277344,637.73345703125,637.7651285807292,1
2022-07-22,694.93310546875,703.096109865811,679.5907054493011,682.3444618595371,4168816,Automobile and Auto Components,0.026810952004199695,0.013142532351387626,0.034587598538562414,0.013419418803688021,668.9592041015625,650.3664306640625,647.8860595703125,644.8104095458984,640.80048828125,638.9397135416667,1
2022-07-25,693.6054077148438,704.3746210169926,685.3440785995932,693.3103731094534,1522712,Automobile and Auto Components,-0.0019105403720991454,0.016070931710989278,0.0018184016854050356,0.008465938548244845,678.7350708007813,655.8439453125,651.91474609375,647.9269866943359,644.2512109375,640.6452982584635,0
2022-07-26,692.42529296875,697.5886092830951,682.197045238674,689.6715362732447,1263196,Automobile and Auto Components,-0.0017014209130545854,-0.005248496167580385,-0.00963409460167608,-0.004591902752482668,685.7080200195312,663.3582336425782,655.3317464192709,650.4336700439453,646.7206689453125,642.6300537109375,0
2022-07-27,702.1617431640625,703.0468469445963,689.4747153966192,690.4090416322251,1441206,Automobile and Auto Components,0.014061372821272622,0.0010693573972411219,0.007824436335206908,0.01066798838948202,691.982666015625,671.3294067382812,659.4693440755208,653.5831787109375,649.938388671875,644.7947285970052,1
2022-07-28,718.684326171875,725.3228745148926,701.7191470730521,701.7191470730521,2329846,Automobile and Auto Components,0.023531021404497032,0.016381745833004002,0.031684983251268006,0.017759072817324917,700.3619750976562,678.3564270019531,664.1656901041666,657.7416351318359,653.2846557617188,648.171543375651,1
2022-07-29,720.8972778320312,730.2404212691449,719.2744973293654,725.0279427254966,1300749,Automobile and Auto Components,0.003079170617152238,0.03321670179539504,0.006779803763311998,0.025017630386086287,705.5548095703125,687.2570068359375,668.7625569661458,662.3032470703125,656.9592895507812,651.5928751627604,1
2022-08-01,737.71484375,739.7802060193285,720.8972111302221,720.8972111302221,1597850,Automobile and Auto Components,0.023328657820077536,-0.0056973412359065945,0.013063895769565237,0.0022560424523345723,714.3766967773438,696.5558837890625,675.3548624674479,667.5302337646484,661.2169287109375,655.9387919108073,1
2022-08-02,739.4851684570312,744.1567397246451,729.6010591215397,734.6660498752753,1353677,Automobile and Auto Components,0.0023997412035687837,0.019099586643519517,0.00591599189827785,0.01207363249147786,723.788671875,704.7483459472656,683.5017130533854,672.4459777832031,665.1046704101562,659.5653361002604,1
2022-08-03,714.8486938476562,734.4201417911763,704.7679352894245,734.4201417911763,1987237,Automobile and Auto Components,-0.03331571160619773,-0.00033472090365516127,-0.013084068736744392,-0.03403657865027643,726.3260620117187,709.1543640136719,689.6616251627604,676.1835235595703,668.1317553710937,662.669667561849,0
2022-08-04,698.916259765625,719.9137192322788,688.5404060908469,714.9962757948999,1819561,Automobile and Auto Components,-0.022287841076235715,-0.026447893911111353,-0.019752212301146543,-0.023025351163164842,722.3724487304687,711.3672119140625,693.0284342447917,678.7173797607422,670.6677978515625,664.7992879231771,0
2022-08-05,694.7365112304688,704.6697240837772,691.8843697040296,699.4572454575124,940681,Automobile and Auto Components,-0.005980328081876207,-0.0217330227631074,-0.02117475294783655,0.004856597497549853,717.1402954101562,711.3475524902344,697.2181030273438,680.8569915771484,673.2706567382812,666.9894571940105,0
2022-08-08,700.6865844726562,701.8667829992385,691.8843479972767,697.2935362190038,919501,Automobile and Auto Components,0.008564503442678006,-0.0030934117168137654,-0.00397766639993391,-3.1373382447519305e-08,709.7346435546875,712.0556701660156,700.9488037109375,683.9498077392578,675.9711157226562,669.3032145182292,1
2022-08-10,702.8502807617188,708.3086314862016,698.2770339229569,703.1944778238228,1074813,Automobile and Auto Components,0.0030879659137343918,0.008462636319298333,0.009178164066171668,0.009239529618186193,702.407666015625,713.0981689453125,703.9681193033854,688.2282012939453,678.4383154296875,671.321836344401,1
2022-08-11,723.7493286132812,728.470062173902,703.7844608014199,708.1118349146295,3518498,Automobile and Auto Components,0.029734707979220065,0.006992883542010331,0.028464188902225906,0.007887165997028323,704.18779296875,715.2569274902344,707.4988403320312,693.2931671142578,681.7843774414063,674.1410949707031,1
2022-08-12,777.1527099609375,784.8239090970111,737.6164559182436,737.6164559182436,11297733,Automobile and Auto Components,0.0737871238512624,0.04166661189495735,0.07735918035524736,0.04807152899951528,719.8350830078125,721.1037658691406,714.1898356119792,699.7300964355469,686.9409204101562,678.8623453776041,1
2022-08-16,766.1376953125,786.00417900644,764.46575252136,783.8404918665757,2050237,Automobile and Auto Components,-0.01417355238842466,0.06266676343437694,0.0015038658936714633,0.03640007809979262,734.1153198242188,725.6278076171875,718.9368082682291,706.4424072265625,691.5086572265625,683.4114339192708,0
2022-08-17,751.0411376953125,774.0055738487403,748.9757754970748,768.1046419007193,1316850,Automobile and Auto Components,-0.019704757655906402,-0.020075321610885655,-0.015265319801310517,-0.02026248654461782,744.18623046875,726.9604370117188,722.7658569335938,711.7581604003906,695.9970922851562,687.3403015136719,0
2022-08-18,737.5673217773438,755.9585714556438,735.0594377365263,752.3688138882303,2067453,Automobile and Auto Components,-0.017940183622051964,-0.0204865680456634,-0.023316372650080353,-0.018580491139800315,751.129638671875,726.76865234375,725.7753255208333,715.7584991455078,700.8084887695312,690.553535970052,0
2022-08-19,723.8477172851562,744.6485282805971,720.2579593501641,742.534003465072,1544351,Automobile and Auto Components,-0.018601155565198924,-0.013071794366824041,-0.014961194438563585,-0.02013643744503235,751.14931640625,727.6685546875,727.2210571289063,718.4114593505859,704.8643969726562,693.3452006022136,0
2022-08-22,709.1936645507812,720.8972038770657,706.2431985048997,720.8972038770657,1080828,Automobile and Auto Components,-0.020244662495222165,-0.029139136372256513,-0.031896020070533826,-0.019457974276200773,737.5575073242187,728.6962951660156,726.5883463541667,720.0317535400391,707.2955786132812,695.3770182291667,0
2022-08-23,725.71630859375,729.4535535084719,706.3907323507162,709.1936510299115,1627890,Automobile and Auto Components,0.023297788557423926,-0.0162347041772547,0.011869028740005172,0.0002088994925952825,729.4732299804688,731.7942749023438,726.9096150716146,721.570913696289,711.0485717773438,697.8360860188802,1
2022-08-24,721.585693359375,725.716358031728,712.3408752844608,725.716358031728,746398,Automobile and Auto Components,-0.005691776780349711,0.023297877776855103,-0.005123280925521723,0.008423302658493004,723.5821411132813,733.8841857910156,725.8343383789063,722.9699279785157,714.1229565429687,700.5946004231771,0
2022-08-25,714.3569946289062,726.4047312274308,712.5867269709269,722.8150334818533,810543,Automobile and Auto Components,-0.010017796634541387,-0.003997876743117024,0.0009485430334930101,0.0003451320779084277,718.9400756835937,735.0348571777344,724.1591267903646,724.0665130615234,716.394814453125,703.830419921875,0
2022-08-26,720.7005004882812,727.7816310662954,717.9467441599941,723.1592222148566,722599,Automobile and Auto Components,0.008880022043698643,0.0004761781604698534,0.001895499546840762,0.007521915559459913,718.3106323242188,734.7299743652344,724.549247233073,724.9934509277343,718.3912939453126,707.1054361979167,1
2022-08-29,711.1114501953125,714.4061731606014,698.7195173239893,707.8167872574064,1171405,Automobile and Auto Components,-0.013305180565952313,-0.021215846367083846,-0.01837839447266243,-0.026780853861940512,718.694189453125,728.1258483886719,725.3622599283855,724.6148071289062,719.7642407226563,709.1953470865885,0
2022-08-30,728.6175537109375,732.1089864948248,713.5210267088238,713.5701891366142,1585747,Automobile and Auto Components,0.024617946330096174,0.008128377262003994,0.024779759749141705,0.02118376403957134,719.2744384765625,724.3738342285156,727.62099609375,725.0008209228515,721.1116186523437,712.4195495605469,1
2022-09-01,739.1901245117188,741.4521966709406,720.4055132954486,724.8312126945333,1457864,Automobile and Auto Components,0.014510453044857208,0.015781241606441565,0.012762048203845966,0.009648610663066437,722.7953247070312,723.1887329101562,730.1878987630208,725.0745849609375,722.9350073242188,715.5683512369792,1
2022-09-02,754.0408325195312,756.3028446267211,735.8462907437258,738.1083028509157,2036208,Automobile and Auto Components,0.020090511920221266,0.018317492298690174,0.020029137444677936,0.021433452636480332,730.7320922851562,724.836083984375,733.6006022135417,725.8023681640625,725.39962890625,718.7843607584635,1
2022-09-05,755.0242919921875,771.8910872923792,749.713428966086,763.6789806039865,2608302,Automobile and Auto Components,0.0013042522768562659,0.034643530839993275,0.020611112038527057,0.01884515611044879,737.5968505859375,727.9537414550781,735.6855997721354,727.811148071289,727.514130859375,721.5922200520833,1
2022-09-06,763.9249267578125,767.022940494276,755.4177246117346,757.3355397806218,1255892,Automobile and Auto Components,0.011788540925140367,-0.008306423228183757,-0.006306779386687333,0.00760863474663287,748.1595458984375,733.4268676757813,734.8037475585937,731.0615814208984,729.3237548828125,724.4967915852865,1
2022-09-07,752.8114624023438,760.2367903282742,737.0264802490002,760.2367903282742,2868201,Automobile and Auto Components,-0.01454784883461735,0.003830865442407072,-0.008847388790782063,-0.02434579407332149,752.9983276367187,736.1363830566406,733.91533203125,733.9653289794921,730.600322265625,726.4260701497395,0
2022-09-08,752.8114624023438,767.121211456732,748.0907284911646,756.3028353977268,1098505,Automobile and Auto Components,0.0,-0.005174644243208348,0.009055627425614388,0.015012009118622549,755.7225952148438,739.2589599609375,734.0333536783854,736.5715728759766,731.2041870117188,728.3996053059896,0
2022-09-09,774.6448974609375,779.4147936381788,753.3523431253564,755.3193205225505,2406973,Automobile and Auto Components,0.02900252739101461,-0.0013004246832674093,0.01602560585973345,0.0070333910497781815,759.843408203125,745.2877502441406,736.5051920572917,740.1613037109375,732.610576171875,731.1402587890625,1
2022-09-12,772.0386352539062,787.9220018882376,771.1043089764655,780.594999013153,1551719,Automobile and Auto Components,-0.0033644605619604917,0.03346356673772899,0.01091486628108318,0.023563961820923573,763.2462768554688,750.4215637207031,739.717919921875,742.5757690429688,734.898173828125,733.4694885253906,0
2022-09-13,774.0547485351562,780.3982624852201,770.6617006058306,775.9234010259111,788139,Automobile and Auto Components,0.002611415011098517,-0.005984662972665644,-0.009548837810071209,-0.0005739928638480718,765.2722412109375,756.7158935546875,744.0419921875,742.4208709716797,737.9037133789062,735.3151692708333,1
2022-09-14,765.5968017578125,774.4973626179766,755.3193326864838,759.2041251139816,739366,Automobile and Auto Components,-0.010926806913012066,-0.021547585611960574,-0.00756139544500245,-0.019908045134831354,767.8293090820313,760.413818359375,746.7006917317708,742.3938262939453,740.738125,736.8051534016927,0
2022-09-15,771.7928466796875,775.7759643703575,760.6302726532897,768.1047636276979,639751,Automobile and Auto Components,0.008093091438795108,0.011723643509418569,0.0016508794143068606,0.007031383597605245,771.6255859375,763.6740905761719,750.0478352864583,743.4314117431641,743.5823754882813,737.9410868326823,1
2022-09-16,733.4859008789062,774.8908134472744,724.6345020910818,774.8908134472744,1937270,Automobile and Auto Components,-0.04963371449422038,0.008834797205951928,-0.0011409878157305764,-0.04732361024317988,763.3937866210938,761.6185974121094,751.323095703125,743.2273406982422,744.8078002929688,737.7411112467448,0
2022-09-19,724.3394165039062,738.9934219213889,721.9790196489474,737.173931837704,1180189,Automobile and Auto Components,-0.012469884375473583,-0.048673801463432476,-0.0463257415147148,-0.003664581847084847,753.8539428710938,758.5501098632812,751.5656901041667,743.2519256591797,744.8314038085938,738.0574686686198,0
2022-09-20,756.745361328125,759.941699472642,730.8796215795104,731.6172380743989,1513887,Automobile and Auto Components,0.04473861850654104,-0.007537832692283142,0.028347041976080734,0.012328061741864405,750.3920654296875,757.8321533203125,754.6079508463541,745.6295104980469,744.0151098632813,739.9851053873698,1
2022-09-21,754.237548828125,771.0551824966235,749.8610118709762,758.2206662730442,1478319,Automobile and Auto Components,-0.003313944991481188,0.036362495050916266,0.014624125813458733,0.025970610933774507,748.12021484375,757.9747619628906,756.3159505208333,747.0555725097656,743.5391040039062,741.9684733072917,0
2022-09-22,768.6455688476562,772.8745581826801,745.0418404355582,750.4018657679493,1355130,Automobile and Auto Components,0.019102761513156263,-0.01031203824017013,0.0023595920595016473,-0.006426752903706312,747.4907592773437,759.5581726074219,758.2796468098958,749.4085662841796,744.24328125,744.2337727864583,1
2022-09-23,734.764404296875,770.9568374904201,732.5515546600224,769.97334876293,1205048,Automobile and Auto Components,-0.04407904751415592,0.0260813357319567,-0.0024812832457175027,-0.016764542737940702,747.7464599609375,755.5701232910156,756.994551595052,750.4289367675781,744.1311645507812,745.2975769042969,0
2022-09-26,711.947509765625,731.7156090640619,696.408339938322,731.7156090640619,1093066,Automobile and Auto Components,-0.031053347709575574,-0.04968709600187393,-0.05089938439886488,-0.04933880010462122,745.2680786132812,749.5610107421875,754.1227661132813,749.9912872314453,743.65515625,744.9041829427083,0
2022-09-27,691.8350830078125,719.8153463033826,688.4420352571402,715.5371347821414,3483488,Automobile and Auto Components,-0.02824987303408588,-0.022110330955785518,-0.01626350813521793,-0.01143912877592379,732.2860229492187,741.3390441894531,749.3167765299479,749.0274688720704,742.9608129882813,742.0602620442709,0
2022-09-28,682.7378540039062,696.1132760476606,674.2306529066853,683.5246329428238,1508897,Automobile and Auto Components,-0.013149418448621164,-0.04473912014233106,-0.03292798684752163,-0.020642816130695407,717.986083984375,733.0531494140625,744.6452026367188,746.7334838867188,741.2416748046875,739.2802673339844,0
2022-09-29,675.3617553710938,694.3430767673286,666.1660992869897,685.4916777717111,1939514,Automobile and Auto Components,-0.010803705389345941,0.0028777965476072254,-0.0025429758937837166,-0.01196111981104453,699.3293212890625,723.4100402832031,739.4818888346355,743.5420654296875,739.3927172851562,736.7576212565104,0
2022-09-30,684.016357421875,691.2941974571589,669.1657027885864,673.8372738852851,1321666,Automobile and Auto Components,0.01281476480116317,-0.017001524984680105,-0.004391027162486405,0.004502786174209739,689.1797119140625,718.4630859375,733.4399861653645,740.0408416748047,738.179091796875,734.9725891113281,1
2022-10-03,680.4266357421875,690.5073949565688,671.7227847241398,685.8850460704205,1370936,Automobile and Auto Components,-0.005248005607961681,0.017879349587874627,-0.0011381586934828825,0.003821298558634112,682.875537109375,714.0718078613281,727.33251953125,736.3109588623047,736.5681372070312,733.5252197265625,0
2022-10-04,695.3265380859375,702.1617968236603,683.6229980873969,693.3595606090324,907951,Automobile and Auto Components,0.021897882241922684,0.01089761991668281,0.016878026147460146,0.01771595907401613,683.573828125,707.9299255371094,722.0839721679688,732.8810394287109,735.9367407226563,733.0629821777344,1
2022-10-06,751.2869873046875,760.2367098128772,710.5705340747785,710.5705340747785,6396270,Automobile and Auto Components,0.08048081894413994,0.024822580438103925,0.08270873358808162,0.039418708941586056,697.2836547851563,707.6348693847656,721.1299845377604,732.8048156738281,736.8435180664062,733.9153381347656,1
2022-10-07,754.6800537109375,759.2533003209765,742.5831543252908,747.4514355491477,1933521,Automobile and Auto Components,0.004516338581110002,0.051903223826176736,-0.0012935569661490787,0.04505199514386771,713.147314453125,706.2383178710937,719.9891316731771,732.8982452392578,737.463115234375,735.0184834798177,1
2022-10-10,765.3017578125,768.498096095421,740.7145402515688,751.3853686620583,2064561,Automobile and Auto Components,0.01407444658081669,0.005263128714202425,0.012176168046337477,-0.002516370136917301,729.40439453125,709.2920532226562,722.1101888020834,732.4310882568359,737.9135522460938,736.7166422526042,1
2022-10-11,761.3678588867188,772.9238519885598,755.8602857323855,771.6944910202789,1389766,Automobile and Auto Components,-0.005140323912263933,0.027028903150434713,0.005758967934501147,0.02044747963996052,745.5926391601563,714.2340881347657,724.5787516276042,731.8975494384765,738.167294921875,738.0722208658855,0
2022-10-12,751.9754638671875,766.875342235132,737.6657147575371,761.4169917533959,807532,Automobile and Auto Components,-0.012336211609017655,-0.013318093347141513,-0.007825492430937775,-0.024071341381851852,756.9224243164062,720.2481262207032,724.2607584635417,730.7935852050781,737.68931640625,739.4343546549479,0
2022-10-13,735.8954467773438,754.0408259636328,733.043305431735,753.0081747962188,811464,Automobile and Auto Components,-0.02138369915309335,-0.011043642377632334,-0.01673611806854014,-0.006266265644895075,753.8441162109375,725.5638854980468,723.0379516601563,729.3085174560547,737.01267578125,739.6769510904948,0
2022-10-14,735.452880859375,754.1391672520365,731.8139604511156,747.4514557064567,643056,Automobile and Auto Components,-0.0006013978207187742,-0.007379360909681831,0.00013041905029220757,-0.0016770427770230745,749.998681640625,731.572998046875,720.8251057942708,727.4915191650391,736.3183325195313,739.5523763020833,0
2022-10-17,760.0400390625,763.1872148405153,729.8469246142345,735.1577874913468,1768267,Automobile and Auto Components,0.03343131673424815,-0.016447447016462835,0.011997848648344966,-0.0026878905612411907,748.946337890625,739.1753662109375,722.5101481119792,728.8192260742187,735.7341381835937,739.7523498535156,1
2022-10-18,764.4657592773438,774.7432282619868,758.6632119275483,763.8756900646143,2248106,Automobile and Auto Components,0.005823009298697945,0.03906359024130657,0.015141780675514083,0.03948264538970947,749.56591796875,747.5792785644531,726.0113647460937,730.8255432128906,735.4312231445313,740.0670654296875,1
2022-10-19,768.2522583007812,784.8240196675168,761.5153243711616,768.2030358415473,2075839,Automobile and Auto Components,0.004953130964318042,0.005664986899330371,0.013011783824357748,0.003759392044813792,752.8212768554688,754.8718505859375,731.1058430989583,731.4008880615235,735.1991235351562,740.2113098144531,1
2022-10-20,775.9725952148438,776.9560839286776,758.0730886175917,765.1050569324581,1458841,Automobile and Auto Components,0.0100492212429526,-0.0040327605653047716,-0.010025095488505054,-0.004520244889900771,760.8367065429687,757.3404113769532,737.3214925130209,732.4876403808594,735.6141552734375,740.9833475748698,1
2022-10-21,765.3509521484375,781.1850969068236,759.6467294419787,775.9726185720833,1062437,Automobile and Auto Components,-0.013688167767658688,0.014204012300214952,0.0054430527871820455,0.0020758431449618975,766.8163208007812,758.4075012207031,743.3207722981771,732.3229095458985,735.3564794921875,741.4013305664063,0
2022-10-24,773.3663330078125,775.677567522362,768.1538547834948,768.1538547834948,191350,Automobile and Auto Components,0.010472817518387911,-0.010076082069720882,-0.007050223316175885,0.011198791506369377,769.4815795898437,759.2139587402344,749.2774373372396,734.2530059814453,736.9516967773437,741.358711751302,1
2022-10-25,793.3311767578125,799.3795961921876,762.5479327017171,776.759356294862,3021828,Automobile and Auto Components,0.025815506698296353,0.011202835809230649,0.030556547800568268,-0.007297915706428126,775.2546630859375,762.4102905273437,756.8044067382813,738.3221893310547,739.7113671875,742.0684631347656,1
2022-10-27,807.6409912109375,816.2465179620916,797.1176493497622,801.5433488217844,2921733,Automobile and Auto Components,0.018037630276433125,0.03190691212931385,0.02110001537473427,0.04533448346724156,783.1324096679688,767.9768432617187,764.2920369466145,744.1124847412109,741.7471923828125,743.1880045572917,1
2022-10-28,819.3936157226562,822.8849885225283,808.6244026978632,812.705844693319,2998664,Automobile and Auto Components,0.014551792986754464,0.013926253505743391,0.008132923589077912,0.01443545172721672,791.8166137695313,776.32666015625,768.8324788411459,750.9452728271484,744.3534350585937,744.9812316894531,1
2022-10-31,820.4263305664062,833.0149746117313,811.9191288336186,826.0813909017279,1805765,Automobile and Auto Components,0.001260340358936185,0.01645804111751681,0.01231033039913787,0.004074482695257675,802.831689453125,784.8240051269531,773.2155639648438,758.1985015869141,746.4246655273438,746.6023478190104,1
2022-11-01,836.6538696289062,838.915881688944,818.8035252748627,820.4263056806442,1860855,Automobile and Auto Components,0.01977939817131036,-0.006845675599726042,0.007083794718051761,0.00847916522318437,815.4891967773438,792.4853881835937,777.9723714192709,765.8303771972656,750.500244140625,750.0412801106771,1
2022-11-02,833.211669921875,850.7177574335265,830.1628188209979,834.9819376428485,1816118,Automobile and Auto Components,-0.004114245845247888,0.01774154712180831,0.014068008488315131,0.013873039374521445,823.4652954101563,799.3599792480469,782.7619588216146,773.46962890625,755.350810546875,753.6703552246094,0
2022-11-03,843.0465698242188,857.5038664773116,836.9980899913015,838.9159050622794,2739843,Automobile and Auto Components,0.011803603162766407,0.004711440142689094,0.007976921822177241,0.008233651297478106,830.5464111328125,806.8394104003906,788.8333658854167,780.8556304931641,761.3992700195313,756.5470621744792,1
2022-11-04,840.7845458984375,847.4722573095405,832.1297969844808,843.8333369744527,928799,Automobile and Auto Components,-0.002683154177654634,0.005861650592747125,-0.011698616834209363,-0.0058163728986183605,834.8245971679687,813.32060546875,795.8259724934895,785.3305084228516,767.7211376953124,759.431962076823,0
2022-11-07,861.0443725585938,862.9130251336394,840.5386568004492,842.1613771686217,1243388,Automobile and Auto Components,0.02409633568907621,-0.0019813862910722513,0.018219791492784188,0.010105226187598237,842.9482055664063,822.8899475097656,804.1987386067708,790.6487243652343,775.1484423828125,762.5119222005209,1
2022-11-09,864.4866333007812,875.3050098267296,858.585700650264,861.6837143027419,2484874,Automobile and Auto Components,0.003997773926515347,0.023181230656474705,0.014360641608313962,0.021470807682435256,848.5147583007813,832.0019775390625,811.1618448893229,795.6079681396484,782.3672534179688,766.835996500651,1
2022-11-10,865.863525390625,872.3545271737465,855.6352183102135,867.2403736335408,1108075,Automobile and Auto Components,0.0015927280270215949,0.006448606650637734,-0.00337080517060806,-0.003436444769364222,855.0451293945313,839.2552124023438,817.9216959635417,800.8327514648438,789.7847290039062,771.9665303548177,1
2022-11-11,872.3053588867188,881.8943741999743,869.6499272560316,873.878916875887,1364047,Automobile and Auto Components,0.007439779257577106,0.007654790348991858,0.010935745421227994,0.016379303523171407,860.8968872070312,845.7216491699219,824.8585693359375,806.8492462158204,796.8638818359375,777.9822062174479,1
2022-11-14,845.0626831054688,877.1736138413509,828.4909221756882,874.3214725408923,3132699,Automobile and Auto Components,-0.031230664243560913,0.000506426755994438,-0.005352977064748798,-0.04732824529774937,861.7525146484375,848.2885559082031,829.4645751953125,812.3076080322265,800.6149096679687,783.3930338541667,0
2022-11-15,838.965087890625,844.9644054372937,825.6388269887799,826.130571376504,1561020,Automobile and Auto Components,-0.007215553753286197,-0.055118057462707926,-0.036719308351063296,-0.003442518331303379,857.3366577148438,850.142431640625,834.3721842447917,817.4832183837891,803.9863110351563,788.8464782714843,0
2022-11-16,824.9502563476562,838.8666445660448,816.3938932040393,837.9323183558288,1569160,Automobile and Auto Components,-0.01670490434614591,0.014285571056474211,-0.0072165890444736425,-0.01119730986787304,849.4293823242188,848.9720703125,837.811112467448,820.7287292480469,806.3722509765626,793.5442749023438,0
2022-11-17,823.6226196289062,834.9327396213469,817.5741401437335,821.5080949237129,1117392,Automobile and Auto Components,-0.001609353665308122,-0.019600895051217426,-0.004689547462854438,0.0014456832045401935,840.981201171875,848.0131652832031,839.8305419921875,823.686572265625,808.86244140625,798.3174743652344,0
2022-11-18,822.885009765625,827.6057435343184,813.3451573415108,825.9338007338223,758344,Automobile and Auto Components,-0.0008955677584638888,0.005387294218349048,-0.008775552495822958,-0.005172598538255246,831.0971313476563,845.9970092773438,840.8468098958333,826.4182098388671,811.6988232421875,802.569423421224,0
2022-11-21,813.1976318359375,819.983728079273,802.5268031336573,819.983728079273,1355380,Automobile and Auto Components,-0.01177245643646696,-0.007204055154617528,-0.00920971792981451,-0.013301061806545,824.72412109375,843.2383178710937,840.4337443033854,828.2794616699218,814.7909106445312,804.6331115722656,0
2022-11-22,825.1470336914062,829.3268607393067,807.4442367826514,813.1484593366615,1053580,Automobile and Auto Components,0.014694339220455932,-0.008335859003717472,0.011394290325637435,0.006127438522667283,821.9605102539062,839.648583984375,840.748457845052,831.2692657470703,818.3786767578125,806.982010904948,1
2022-11-23,830.064453125,834.7851868244992,824.4585555948635,829.0809644364633,916467,Automobile and Auto Components,0.005959446296007309,0.01959359931985727,0.00658163426700864,0.021071819002643988,822.983349609375,836.2063659667969,840.3091634114584,834.1041717529297,821.1796533203125,809.1407674153646,1
2022-11-24,831.3944702148438,834.6950591848921,827.404261584247,830.5570405503167,798206,Automobile and Auto Components,0.0016023058026837234,0.0017803763168735554,-0.00010796506817511986,0.0035728975936919483,824.5377197265625,832.7594604492188,840.1880167643229,836.0073364257812,823.8568017578125,811.4749877929687,1
2022-11-25,834.5473022460938,837.3552715604357,825.2860848538144,831.2467732004363,815980,Automobile and Auto Components,0.003792221555713793,0.0008304458531380732,0.003187046989521436,-0.0025600263725702455,826.8701782226562,828.9836547851562,839.6213989257812,837.352651977539,826.508603515625,814.227382405599,1
2022-11-28,846.3701171875,848.3898464619575,834.547241277399,834.547241277399,1026517,Automobile and Auto Components,0.01416674035083032,0.00397050332509008,0.013177889094742934,0.011221752787974326,833.5046752929687,829.1143981933594,839.9937703450521,838.7014770507812,829.3245043945312,817.9098714192709,1
2022-11-29,836.22216796875,853.3653622406046,833.5127588825479,849.0795336055124,1039792,Automobile and Auto Components,-0.011989966342942027,0.01741338489822275,0.005864657385276972,-0.0012395732005149318,835.7197021484375,828.8401062011719,838.3389567057292,839.4912689208984,832.1593530273437,821.26884765625,0
2022-11-30,846.86279296875,851.0500617968942,835.4832861802928,836.2222159734946,1443604,Automobile and Auto Components,0.01272463874743579,-0.015142654042573422,-0.0027131408727808504,0.0023641237362541645,839.0793701171875,831.0313598632813,837.1640340169271,840.0017150878906,835.0992114257813,824.162939453125,1
2022-12-01,836.22216796875,850.5081431505431,831.5422795471281,847.7494841078069,926801,Automobile and Auto Components,-0.012564756756756723,0.013784934093018286,-0.0006367647106526597,-0.004717038267973428,840.0449096679688,832.2913146972656,835.1879435221355,840.1522399902344,836.8148510742187,826.5548197428385,0
2022-12-02,842.3307495117188,844.2519790812294,826.6161632256889,836.2222509389791,974544,Automobile and Auto Components,0.007304974415838439,-0.013597452295661783,-0.007355795614300664,-0.005924071983594348,841.6015991210937,834.235888671875,833.1896362304688,840.1164489746094,838.20244140625,829.0241027832031,1
2022-12-05,834.9413452148438,846.7149709435021,832.6259959795418,842.8232623373925,792068,Automobile and Auto Components,-0.008772568615307508,0.00789384806611082,0.0029173658141175007,0.0072704031462449414,839.3158447265625,836.4102600097656,832.5148803710938,839.8242889404297,838.8243505859375,830.9897277832031,0
2022-12-06,828.68505859375,833.3156970484257,821.9361909388152,828.3402487645296,1357304,Automobile and Auto Components,-0.007493085181311643,-0.017183927188598624,-0.015825011196088146,-0.012838663568449538,837.8084228515625,836.7640625,831.8295450846355,838.2063232421875,839.1546997070312,833.1008646647135,0
2022-12-07,824.6949462890625,832.8724244408395,821.3451671157243,830.458635085884,654168,Automobile and Auto Components,-0.0048149924549847345,0.002557386683206486,-0.0005319383868037653,-0.0007190629024570461,833.374853515625,836.2271118164062,831.8125244140625,836.2167388916016,838.6763427734375,834.8118184407552,0
2022-12-08,858.4885864257812,865.4838243590988,821.6899077751654,826.616106263026,2618796,Automobile and Auto Components,0.04097713983671469,-0.004626996048346932,0.03915533635316759,0.000419726898316819,837.8281372070312,838.9365234375,834.1369222005209,835.8479919433594,839.6874194335937,836.9837320963542,1
2022-12-09,844.7445678710938,867.010961697344,835.4832903628951,860.3113435656257,1025490,Automobile and Auto Components,-0.016009553035421398,0.040762860833827075,0.0017644897515860514,0.016786603385548604,838.3109008789063,839.95625,835.5942260742188,834.4699523925781,839.7553393554688,838.220517985026,0
2022-12-12,856.419677734375,862.6266763140526,840.1632213839382,856.6659876790785,1855409,Automobile and Auto Components,0.013820875927861298,-0.004237251913288498,-0.005056781951993217,0.005601465732498756,842.6065673828125,840.9612060546875,838.4756958007813,835.0378021240234,840.3807446289062,839.4547200520833,1
2022-12-13,876.3214721679688,888.6862185027685,857.1585477798321,861.0502566615465,2384699,Automobile and Auto Components,0.023238366598772098,0.005117827771295103,0.030209525052096176,0.02022860078057076,852.1338500976562,844.9711364746094,841.8873250325521,836.9056213378906,840.9918286132812,841.3178914388021,1
2022-12-14,895.238037109375,897.5533262463189,874.8928141676522,881.7402418008832,2285450,Automobile and Auto Components,0.021586330521615293,0.024028777622755237,0.009977771185075257,0.02068959871397702,866.2424682617187,849.8086608886719,846.2322306315104,840.4200103759765,842.221884765625,843.2706970214844,1
2022-12-15,885.976806640625,905.878660751592,879.3756885759725,896.6666334093296,2009684,Automobile and Auto Components,-0.010344992152761412,0.016928332065190288,0.009275587602232793,0.00512391270762147,871.7401123046875,854.7841247558594,849.8710530598959,843.5377197265625,843.026416015625,845.0295349121094,0
2022-12-16,869.1292114257812,880.6564676229186,854.5969260845828,879.8190379450951,1872329,Automobile and Auto Components,-0.019015842275516337,-0.018789140619826727,-0.027842794207942667,-0.02817767515442171,876.617041015625,857.4639709472656,852.176513671875,845.8499298095703,842.8993701171875,845.8989562988281,0
2022-12-19,873.2179565429688,875.4347459249863,850.5081929007084,871.9371569268775,1420325,Automobile and Auto Components,0.004704415711077159,-0.008958525194711187,-0.005929351443959674,-0.004784399591287292,879.9766967773437,861.2916320800781,853.9663696289062,848.8509460449219,844.0255810546874,846.9800699869792,1
2022-12-20,883.8092651367188,886.715734292641,862.1339916317875,871.7893287116777,1218798,Automobile and Auto Components,0.012129054967765951,-0.00016953998808899584,0.012886155616013584,0.013669237789971866,881.4742553710937,866.804052734375,857.1388427734375,851.7840576171875,845.8193481445312,847.7388997395833,1
2022-12-21,860.311279296875,891.6418883181076,855.1880210609031,886.6664400841782,1554591,Automobile and Auto Components,-0.02658716848392484,0.017065030372057644,0.005555505372188296,-0.008056718141616792,874.4889038085937,870.3656860351563,858.0354085286458,853.2963989257812,847.2337890625,847.5997212727865,0
2022-12-22,845.9267578125,871.2474293943962,840.4586896630675,867.0109108342168,1365071,Automobile and Auto Components,-0.016720135874693343,-0.022167895796411763,-0.02287292599294677,-0.017223500604654385,866.4788940429687,869.1095031738281,858.6823811848958,854.0230133056641,848.1259545898438,846.9351623535156,0
2022-12-23,829.9659423828125,847.0105770642865,815.1873469709693,845.2864075995715,2265831,Automobile and Auto Components,-0.018867845569705,-0.025056781827281216,-0.02781856394911464,-0.030068512590701202,858.646240234375,867.631640625,857.8580607096354,853.7939453125,848.4091918945312,845.523848470052,0
2022-12-26,862.8729858398438,867.8977447899158,820.9510452984983,831.3453129330907,1300649,Automobile and Auto Components,0.039648667224291056,-0.016492746767418742,0.024659866465922553,0.007070397190223288,856.57724609375,868.2769714355469,859.7201700846355,854.6190887451172,850.3962060546875,846.1175252278646,1
2022-12-27,859.9171752929688,873.3164709376267,854.2027972115997,865.2867435421999,1025722,Automobile and Auto Components,-0.003425545353002435,0.04082711489568602,0.006243507579366536,0.04050394003824054,851.798828125,866.6365417480469,861.8023111979167,855.8038391113281,851.78701171875,846.815928141276,0
2022-12-28,860.803955078125,868.882932806042,854.3013368479312,860.0650252883935,803964,Automobile and Auto Components,0.0010312386013853203,-0.006034668036667745,-0.0050766684004306395,0.0001153585971074289,851.89736328125,863.1931335449219,864.2095784505208,856.5008972167968,853.016591796875,848.0110514322917,1
2022-12-29,865.0404663085938,867.9961854417667,845.8775419016711,857.1585486201328,909834,Automobile and Auto Components,0.004921575006104906,-0.0033793685161026543,-0.0010205602283056558,-0.009860449214958433,855.7201049804687,861.0994995117187,864.6463704427083,857.9418121337891,854.362431640625,849.3916463216145,1
2022-12-30,866.8631591796875,871.9371678826527,860.2127909500741,868.9814486694912,599455,Automobile and Auto Components,0.00210706081632428,0.013793130883885008,0.004540322304389166,0.016947191925884564,863.0995483398438,860.8728942871094,866.1209431966146,859.1684326171875,855.6550659179687,850.8575846354166,1
2023-01-02,871.0011596679688,878.6860174326665,865.4345913482355,869.9666699921121,718239,Automobile and Auto Components,0.00477353368229072,0.001133765656481378,0.007740064076408482,0.006070358931066444,864.7251831054688,860.6512145996094,867.0930419921875,860.9714233398438,856.6403076171875,852.7843688964844,1
2023-01-03,865.8778686523438,875.582515580204,862.0847199383182,872.7745464118502,473048,Automobile and Auto Components,-0.005882071405712064,0.003227567809883647,-0.003531980469576923,-0.003870738982940991,865.9173217773438,858.8580749511718,866.3968017578125,862.8310638427735,857.8265356445313,854.1420633951823,0
2023-01-04,848.0450439453125,867.9961472155915,846.5179344872784,867.0109075479234,1287231,Automobile and Auto Components,-0.02059508084527706,-0.0066038118178656235,-0.008664367126592798,-0.018057141126632814,863.3655395507812,857.6314514160156,863.2506022135417,863.998568725586,857.8738256835937,854.7414164225261,0
2023-01-05,866.71533203125,868.7350612866644,842.7740205658802,850.2618178513086,1022049,Automobile and Auto Components,0.02201567973215046,-0.019318199518371104,0.000851287270621226,-0.004422722506955301,863.7005126953125,859.7103088378906,861.96650390625,864.4099060058594,859.0935522460937,855.918778483073,1
2023-01-06,856.6659545898438,870.9519308308475,852.5771856119898,866.0257321270531,477770,Automobile and Auto Components,-0.011594784434993621,0.01854007076970876,0.0025518361615330942,0.011632020929557507,861.6610717773438,862.3803100585938,861.1356201171875,865.0059753417969,859.6669604492188,856.6560668945312,0
2023-01-09,869.4248046875,872.1342139229432,858.1437978439848,862.0847567319021,402350,Automobile and Auto Components,0.014893611715624866,-0.004550644685200611,0.0013574607854280885,0.006529159266675855,861.34580078125,863.0354919433594,860.882743326823,865.6562316894531,861.046298828125,857.4245564778646,1
2023-01-10,870.2129516601562,874.8435902058901,863.6118337446853,873.2179206721537,550315,Automobile and Auto Components,0.0009065153977745322,0.012914233610227033,0.003106604740066077,0.006371934301032667,862.2128173828125,864.0650695800781,859.9763224283854,865.3508056640625,862.7074145507812,858.5575826009115,1
2023-01-11,853.0697631835938,877.2574457273067,847.3061350396438,870.9518876454014,1336137,Automobile and Auto Components,-0.01969999233389652,-0.0025950372445495695,0.0027591852400137284,-0.018880818983615377,863.2177612304688,863.291650390625,859.4935546875,863.2423919677734,863.8424072265625,858.764481608073,0
2023-01-12,860.4591674804688,866.9125363694111,855.6315284725558,857.5527581366583,564899,Automobile and Auto Components,0.008662133644613323,-0.015384465776826395,-0.011792330071725976,0.009825720703087404,861.9665283203125,862.8335205078125,860.4623819986979,861.9665100097657,863.92123046875,859.5723815917969,1
2023-01-13,860.5576171875,865.040445739366,851.5426499919798,863.0699663641054,581572,Automobile and Auto Components,0.00011441531539446714,0.006433666238139457,-0.00215949193431364,-0.0047787842599434915,862.7448608398438,862.2029663085938,862.5018269856771,861.5379302978515,864.5537524414062,860.1799438476562,1
2023-01-16,848.5377197265625,866.9124647937941,844.6952607156057,860.114286584951,722718,Automobile and Auto Components,-0.013967568493811311,-0.0034246120179641792,0.0021640826895996668,-0.008041158333570886,858.5674438476562,859.9566223144532,861.546142578125,860.3039184570313,864.2384741210938,860.6331563313802,0
2023-01-17,852.2816772460938,856.0748865579121,846.3209884809679,849.2767078819492,955031,Automobile and Auto Components,0.004412246424045474,-0.012600161248375485,-0.012501352415621225,0.001924632279793892,854.9811889648438,858.5970031738282,861.037109375,858.7275390625,863.2768823242187,861.4197102864583,1
2023-01-18,859.867919921875,862.5773290078505,847.6016740330616,852.2323124977621,553751,Automobile and Auto Components,0.008901097933131652,0.003480143265890412,0.007595646773477016,0.0015132385578577878,856.3408203125,859.7792907714844,860.97470703125,858.70537109375,861.8620776367187,862.5921427408854,1
2023-01-19,861.4443359375,865.5331048805091,852.4786784267052,859.9664763389562,415181,Automobile and Auto Components,0.001833323443172885,0.009075182585516428,0.0034266792938533186,0.005753887165462768,856.5378540039062,859.2521911621094,860.7349650065104,859.48125,860.8807788085937,862.6906677246094,1
2023-01-20,848.63623046875,869.3262651178143,847.3061808664434,861.444347156266,956488,Automobile and Auto Components,-0.014868175382233062,0.0017185214284181072,0.004382455409176922,-0.006067597573006678,854.1535766601562,858.44921875,859.5198364257812,860.4147644042969,860.0610595703125,862.820389811198,0
2023-01-23,866.2720336914062,868.4395731269831,851.2963777497297,853.2176072524968,799262,Automobile and Auto Components,0.020781346105050114,-0.00954993776548263,-0.0010199760738979213,0.004709273900499689,857.700439453125,858.1339416503906,859.2045613606771,860.584716796875,859.78322265625,863.1488016764323,1
2023-01-24,857.6019287109375,870.9519149276024,852.7742300156664,868.9814354820649,527017,Automobile and Auto Components,-0.010008524624214421,0.01847574182198386,0.002892937952577501,0.0017360020605787785,858.7644897460938,856.8728393554687,858.65283203125,860.4689544677734,858.7349291992188,862.5248168945312,0
2023-01-25,849.9169921875,857.0599795160458,836.4684471635014,857.0599795160458,795188,Automobile and Auto Components,-0.008960959935093382,-0.013718884523011288,-0.01595028976164703,-0.019120867256818275,856.7743041992187,856.5575622558594,858.7776285807291,859.9246063232422,858.3191577148438,861.0141153971355,0
2023-01-27,842.5277709960938,860.1142759524132,827.2072452356958,853.2175979092667,1391478,Automobile and Auto Components,-0.008694050430016698,-0.004483212025544359,0.0035636904176672424,-0.011071788731793375,852.9909912109375,854.7644226074219,857.1651245117188,858.7989715576172,858.1831982421875,859.5658142089844,0
2023-01-30,852.3308715820312,857.0107603281527,837.6015856358576,842.4784742217753,542054,Automobile and Auto Components,0.01163534416716927,-0.012586617662137645,-0.003608259635992983,0.012565581914360635,853.7299194335938,853.941748046875,856.8761189778646,858.0723571777344,859.0777954101562,859.005869547526,1
2023-01-31,861.197998046875,870.9518951343227,851.7397209769479,854.2028202278934,1355161,Automobile and Auto Components,0.010403385305503887,0.013916493257525975,0.01626716425454444,0.01687930823382744,852.7151123046875,855.2077758789062,856.3276652018229,857.5821990966797,859.0107958984376,858.6052042643229,1
2023-02-01,855.3358764648438,890.4596359708308,832.5768031318578,871.789331479323,1510298,Automobile and Auto Components,-0.006806938236417204,0.020588214923872084,0.022398184039199354,-0.022498560737674866,852.2619018554688,855.5131958007812,855.335860188802,857.0550994873047,858.8275439453125,857.6560913085938,0
2023-02-02,858.2423095703125,871.2474861062188,847.3554225195096,849.276652030654,904253,Automobile and Auto Components,0.003398002101210995,-0.02582353171318086,-0.021575542661926295,0.017750457774057482,853.9269653320313,855.350634765625,855.6806966145833,857.5649627685547,858.725078125,857.5871256510417,1
2023-02-03,854.7446899414062,871.3952649296538,839.572034637821,859.1290186344545,1069217,Automobile and Auto Components,-0.004075328831850911,0.011600891865145568,0.0001696175033978342,-0.009185505485461598,856.3703491210938,854.6806701660156,855.2997314453125,856.9664306640625,858.3132470703125,857.8810567220052,0
2023-02-06,862.9221801757812,870.9519079053091,850.2618738939839,862.084750471884,680364,Automobile and Auto Components,0.009567172900407872,0.003440381797518155,-0.0005087898020428305,0.01273248609426858,858.4886108398438,856.1092651367187,855.4573689778646,857.2792419433594,858.1556079101563,858.9795979817708,1
2023-02-07,853.3654174804688,865.9272240569177,846.5179893197875,865.0404842448758,646067,Automobile and Auto Components,-0.011074883593055529,0.003428588397340171,-0.0057691863382859365,-0.004403213514737936,856.9220947265625,854.818603515625,855.7792154947916,856.4762725830078,857.4501782226563,858.6626790364584,0
2023-02-08,853.6116943359375,856.321103492535,845.8775266629128,855.1880537915272,586262,Automobile and Auto Components,0.00028859483923771023,-0.0113895599486874,-0.011093450231738244,-0.000756584815627237,856.5772583007813,854.419580078125,855.8678833007813,855.6462097167969,856.95953125,858.4524963378906,1
2023-02-09,856.7152099609375,861.9862786878458,850.2619016450608,851.7397612655332,560265,Automobile and Auto Components,0.0036357463769451925,-0.004032203806760171,0.006615713629157582,0.005183226701204413,856.2718383789063,855.0994018554687,855.6577026367188,855.828482055664,857.306337890625,858.3162048339843,1
2023-02-10,869.9666748046875,871.9371542493187,852.3801698150579,856.7151885126905,623404,Automobile and Auto Components,0.015467759518771995,0.0058414875921311005,0.011544122925739142,0.002491312577805438,859.3162353515625,857.8432922363281,856.2258585611979,856.303857421875,857.4363916015625,858.4804117838542,1
2023-02-13,876.9126586914062,896.56820443078,872.9224495886496,874.8436791964256,2309490,Automobile and Auto Components,0.00798419535814765,0.02116046374199021,0.028248653084025355,0.02409990342460544,862.1143310546875,860.3014709472657,858.1109537760417,857.1216094970703,858.246259765625,858.8153951009115,1
2023-02-14,860.6068725585938,890.3611233390454,845.9267770668558,876.8633275067526,3793347,Automobile and Auto Components,-0.018594538431165097,0.0023085819310968425,-0.006923155495655142,-0.030925625219645814,863.5626220703125,860.2423583984375,857.7332763671875,857.7250671386719,857.8935424804688,858.4689188639323,0
2023-02-15,823.3648681640625,844.3504627373328,799.6698642879594,837.4537845119404,5995432,Automobile and Auto Components,-0.04327411920824009,-0.04494376918107423,-0.05167640342287494,-0.05468193469331517,857.5132568359375,857.0452575683594,855.4508056640625,856.2792266845703,856.019619140625,857.0518188476562,0
2023-02-16,843.3159790039062,861.2966045046145,822.6751941419941,824.645673648921,2868392,Automobile and Auto Components,0.024231190340110897,-0.015294110672010142,0.020070033138068544,0.028768534218204023,854.8334106445312,855.5526245117187,855.0107381184896,855.4516296386719,855.6294677734375,856.8941833496094,1
2023-02-17,849.6707153320312,853.2175540897871,835.4339900758525,845.3356367309899,1692410,Automobile and Auto Components,0.00753541553384407,0.025089518739022987,-0.009380102478720675,0.01550891047245595,850.77421875,855.0452270507812,855.4869344075521,854.8629486083985,855.1979296875,856.3260294596354,1
2023-02-20,847.6510009765625,861.3951076151105,843.4144820478386,853.0698196406719,895226,Automobile and Auto Components,-0.00237705539219335,0.009149245073342582,0.00958437093344533,0.009552510511646295,844.9218872070312,853.5181091308593,855.1749430338542,854.813687133789,854.6816650390625,856.0255310058594,0
2023-02-21,842.182861328125,858.1437560741513,840.2616319369284,852.8234377807235,1381249,Automobile and Auto Components,-0.00645093280387532,-0.0002888179305794436,-0.0037745182346822226,-0.003738197740279503,841.2370849609375,852.399853515625,853.9072672526041,853.609228515625,854.427470703125,855.1174662272135,0
2023-02-22,829.4732666015625,849.4243690621804,824.6948183267383,841.9857617657563,977266,Automobile and Auto Components,-0.015091253111609748,-0.012707995037249176,-0.010160753312312698,-0.018526150687502296,842.4587646484375,849.9860107421875,852.1830932617188,852.2027954101562,853.5151342773438,853.7594767252605,0
2023-02-23,817.8967895507812,831.2960258846697,806.8128425389857,831.2960258846697,2341872,Automobile and Auto Components,-0.013956419714659773,-0.012695863002087804,-0.02134191558163745,-0.021683143134128335,837.3749267578125,846.1041687011718,849.4933919270833,850.6017852783203,851.8362890625,852.5870442708333,0
2023-02-24,816.7144775390625,825.2367650325224,811.3941589998454,824.5471453362529,1096876,Automobile and Auto Components,-0.0014455515987147338,-0.008118504525790993,-0.007288932779028978,0.0056782889653101964,830.7836791992188,840.7789489746094,846.9580444335937,849.3111206054688,850.0470947265625,851.1288879394531,0
2023-02-27,809.6700439453125,817.1579023979671,800.9999458571069,811.83758350093,1144982,Automobile and Auto Components,-0.008625332092772942,-0.015413990463989724,-0.009789751228832966,-0.012810312999480766,823.1874877929688,834.0546875,843.4079020182292,847.1780792236328,848.488447265625,849.4326354980469,0
2023-02-28,803.95556640625,814.6453927146891,800.8520374086995,809.817754438147,1104103,Automobile and Auto Components,-0.007057785553257423,-0.002487971860175353,-0.003074693001077211,-0.00018465475456319602,815.5420288085937,828.3895568847656,840.1139119466146,844.3159576416016,845.9957885742188,847.9465637207031,0
2023-03-01,811.8868408203125,815.729300073465,803.0196826677435,804.9409122943198,732485,Automobile and Auto Components,0.009865314384868373,-0.006022147720397553,0.0013305265928822418,0.0027066738395993273,812.0247436523438,827.2417541503906,837.3322550455729,842.143505859375,844.1671850585938,846.6000691731771,1
2023-03-02,821.0001831054688,824.5470819035024,809.3251173807982,816.7636646642184,1262632,Automobile and Auto Components,0.011224892222601257,0.014687726998743544,0.010809691191971726,0.007852154622296714,812.6454223632812,825.0101745605468,834.9512532552084,840.2813995361328,843.0105126953125,845.3044779459635,1
2023-03-03,812.8720092773438,832.4783035255249,802.4777423819979,832.4783035255249,1475015,Automobile and Auto Components,-0.009900331321949118,0.019240129723164134,0.009618882652174143,-0.008460598654049356,811.8769287109375,821.3303039550781,831.144942220052,838.1877655029297,841.8242822265624,843.685400390625,0
2023-03-06,815.679931640625,822.1824892877,813.8079522488199,816.6651712922579,440453,Automobile and Auto Components,0.003454322859237857,-0.018995248484313332,-0.012367666753862916,0.014119033174914586,813.07890625,818.1331970214844,827.0627604166667,835.8256530761719,840.3582446289063,842.5868570963542,1
2023-03-08,822.2317504882812,823.8081700330068,807.4531555116747,815.6799427958732,483070,Automobile and Auto Components,0.008032340374585667,-0.0012064044494829451,0.001977274834343845,-0.007808717916290675,816.7341430664062,816.1380859375,824.5044189453125,834.2689697265625,838.7995947265625,841.11884765625,1
2023-03-09,813.019775390625,832.5275085341599,810.7537362108152,831.5422688790899,1183815,Automobile and Auto Components,-0.01120362366472194,0.01944675264276574,0.01058418551591167,0.004087643569921973,816.9607299804687,814.4927368164062,823.81474609375,832.2393737792969,837.1069506835937,839.6327758789063,0
2023-03-10,808.7833251953125,811.3941744211576,802.2807068422078,809.8670648536993,618539,Automobile and Auto Components,-0.005210759102725504,-0.026066268470763987,-0.025384547533104374,-0.010450805207765645,814.5173583984375,813.5813903808594,821.5125691731771,829.8427795410156,835.1285913085937,838.2616536458333,0
2023-03-13,784.2015380859375,812.6256789003851,780.3098293093738,808.7832802154013,1325529,Automobile and Auto Components,-0.030393538471430226,-0.0013382253524456544,0.0015177635211716112,-0.027385523976155235,808.7832641601562,810.3300964355469,817.1479573567708,825.5545227050782,832.306865234375,836.3174458821615,0
2023-03-14,775.8270263671875,783.2655741959067,768.4869784563613,783.2655741959067,1194923,Automobile and Auto Components,-0.010679029958536312,-0.03155073385381879,-0.036129924843388506,-0.015151482666156513,800.8126831054688,806.9457946777344,812.3596923828125,820.5002410888671,828.8230590820312,833.7673177083333,0
2023-03-15,781.2457885742188,796.763312983855,778.8319394169798,778.8319394169798,812807,Automobile and Auto Components,0.006984497862113193,-0.005660448926889661,0.017232646541123664,0.013461465516823923,792.6154907226562,804.6748168945312,808.2972208658854,816.5321868896484,825.9382739257812,831.1022440592448,1
2023-03-16,776.8615112304688,782.9207594998574,764.6445147744088,782.3788295520225,960790,Automobile and Auto Components,-0.005611905251676763,0.0045541148937700004,-0.017373482511585214,-0.018216285086088635,785.383837890625,801.1722839355468,804.7897705078125,814.2070190429688,822.8682666015625,828.4864318847656,0
2023-03-17,788.8814697265625,814.103582949132,781.3936116421119,795.0392180850279,1760495,Automobile and Auto Components,0.01547245979152101,0.016181916042199873,0.039828837172736,0.02190442296266859,781.403466796875,797.9604125976563,802.8554158528646,811.4852935791016,820.1549169921875,826.174403889974,1
2023-03-20,776.1718139648438,795.0884279960627,767.5509666972284,793.1179486206078,1055771,Automobile and Auto Components,-0.01611098276414591,-0.0024165719384859896,-0.023357168978652476,-0.01771532904625739,779.7975219726562,794.2903930664063,800.1525716145833,807.8103485107422,816.4031225585937,823.5553080240885,0
2023-03-21,766.5657348632812,778.5364212455179,758.7823773310456,776.9107516904086,825685,Automobile and Auto Components,-0.012376227696922815,-0.020434787736662297,-0.020817818707615232,-0.011424113507294553,777.945263671875,789.3789733886719,797.2789510091146,803.7560852050781,811.9892456054688,820.3434265136718,0
2023-03-22,770.8515014648438,781.4920773163676,768.9795221362428,773.413100418899,425557,Automobile and Auto Components,0.005590866388421212,-0.00450199879960389,0.003796426204597081,0.013438826612005572,775.86640625,784.2409484863281,795.0720133463542,800.1895172119141,808.3990307617188,817.5929626464844,1
2023-03-23,758.7330932617188,770.5559700410787,755.6296241876934,770.5559700410787,776317,Automobile and Auto Components,-0.01572080767838746,-0.003694184099380826,-0.013993881182830847,-0.017360537653152486,772.24072265625,778.8122802734375,791.5284301757813,796.6525085449218,805.813759765625,814.430342610677,0
2023-03-24,753.5112915039062,762.230698709261,749.7673927653068,758.7330497551837,490579,Automobile and Auto Components,-0.006882264401259275,-0.015343363422730572,-0.010804239608154464,-0.0077580751663733905,765.1666870117188,773.2850769042968,787.0291707356771,793.4332336425781,802.221572265625,810.9902119954427,0
2023-03-27,745.9743041992188,758.1419911140102,743.6097047346319,753.7084122186067,588990,Automobile and Auto Components,-0.010002487540226146,-0.006622404992372988,-0.00536413398486113,-0.008212797849162179,759.1271850585938,769.462353515625,782.5693237304688,789.8962249755859,798.0737158203125,806.8571329752605,0
2023-03-28,739.1268920898438,748.7822298691991,736.713042611439,748.7822298691991,607955,Automobile and Auto Components,-0.00917915278157666,-0.006535925922475649,-0.01234565734982962,-0.009274572506626999,753.6394165039062,765.7923400878906,777.4657877604167,786.3690673828125,793.7327514648438,802.2642740885417,0
2023-03-29,746.1220092773438,748.7821684816962,734.3976929829881,739.1268314939156,1341232,Automobile and Auto Components,0.009464027438809142,-0.01289480170619195,-8.198311929330515e-08,-0.0031428106936232103,748.6935180664062,762.2799621582031,772.3918050130209,783.4773895263672,789.8903173828126,798.4481119791667,1
2023-03-31,759.0779418945312,760.6050514087202,746.811695554158,746.811695554158,613531,Automobile and Auto Components,0.017364361935571226,0.010397219709518346,0.015789482475253358,0.01690365137279559,748.7624877929687,760.5016052246094,768.7956827799479,780.8369445800781,787.0745043945312,796.3052144368489,1
2023-04-03,759.8168334960938,773.0190087844298,757.550794317837,769.2258601687125,1059247,Automobile and Auto Components,0.000973406762049267,0.030013140859989518,0.016321160834677162,0.014379928471407233,750.0235961914062,757.5951416015625,765.53125,777.7777770996094,784.7513061523438,793.5219095865885,1
2023-04-05,747.1072387695312,752.378307148333,736.023292347984,748.7821582556388,2446994,Automobile and Auto Components,-0.01672718235009707,-0.02657698209546655,-0.026701415361770064,-0.028417238990869564,750.2501831054688,754.6886840820313,763.0582967122396,774.4895385742187,781.9670166015625,790.1031270345052,0
2023-04-06,751.1468505859375,753.7084500225039,741.0481425954399,746.910271321536,1153433,Automobile and Auto Components,0.005407003983871617,-0.0024999085694877854,0.0017679176307094924,0.006827026127700586,752.6541748046875,753.1467956542969,761.4129516601563,771.2628845214844,779.6260888671875,786.8863220214844,1
2023-04-10,745.2845458984375,751.6393536731526,732.574930349007,751.6393536731526,1153620,Automobile and Auto Components,-0.007804472165365617,0.0063315267351315985,-0.0027452211120753134,-0.011434091470435948,752.4866821289063,750.5901000976562,759.0155354817708,767.4155242919921,777.279248046875,783.6563781738281,0
2023-04-11,752.72314453125,753.9054442196694,744.3486069284809,748.7821856593586,653069,Automobile and Auto Components,0.00998088404455677,-0.00380124856399755,0.0030148641571823287,0.016071634575134608,751.21572265625,749.9891052246094,757.4063110351562,764.4006927490234,774.9127001953125,781.0980407714844,1
2023-04-12,757.7478637695312,765.0386619356946,751.7379253791822,754.6936446139628,1952959,Automobile and Auto Components,0.006675388255014125,0.00789476441590109,0.014767392650345545,0.009927228158850276,750.8019287109375,750.4127624511718,755.3307373046875,761.8489196777343,772.382607421875,779.093076578776,1
2023-04-13,753.16650390625,759.1271920898375,749.7674148998914,759.1271920898375,1017640,Automobile and Auto Components,-0.006046021483307906,0.005874632054365003,-0.0077270210513281645,-0.002621273202754737,752.0137817382813,751.131982421875,753.797049967448,760.29716796875,769.9943872070312,776.9748107910157,0
2023-04-17,766.4672241210938,767.8958336896083,748.3387898835304,757.403007002312,865797,Automobile and Auto Components,0.01765973413031574,-0.0022712729902072404,0.011550951791927222,-0.0019054242528688814,755.0778564453125,753.866015625,753.7904825846355,759.8291778564453,768.02587890625,775.534716796875,1
2023-04-18,777.649658203125,781.2950570028777,761.4424536318886,768.4869413143059,1349083,Automobile and Auto Components,0.014589578954082638,0.014634130323646799,0.01744927205671698,0.01751033612783548,761.55087890625,757.0187805175781,754.2436930338541,759.6493713378907,766.2425952148437,774.6578531901042,1
2023-04-19,769.0288696289062,782.0832962280207,764.5952907839239,782.0832962280207,885865,Automobile and Auto Components,-0.011085697117309001,0.01769236948966446,0.0010088880226206687,0.004140611200488031,764.8120239257812,758.0138732910157,754.930078125,759.2577392578125,764.482958984375,773.2292541503906,0
2023-04-20,776.0240478515625,779.3245766826725,764.5459816760479,769.1273701818043,739652,Automobile and Auto Components,0.009096119143136683,-0.0165659158157484,-0.00352739862704321,-6.449046766365818e-05,768.4672607421875,759.6345947265625,756.4309285481771,758.6148681640625,763.172587890625,771.730049641927,1
2023-04-21,771.1963500976562,775.9747384335716,764.1026124614747,775.9747384335716,691874,Automobile and Auto Components,-0.006221067204388642,0.008902775427363618,-0.0042983865122797615,-0.0005799117714296864,772.0732299804688,762.043505859375,758.1123982747396,758.3660949707031,762.6523803710937,770.3408610026041,0
2023-04-24,779.0289916992188,779.915671290482,764.6444569425349,766.2208764396503,749433,Automobile and Auto Components,0.010156481680146268,-0.012569818978400038,0.0050786870521917216,0.0007091252826825212,774.5855834960937,764.8317199707031,760.772538248698,758.9892578125,762.780458984375,769.1191630045573,1
2023-04-25,772.7235107421875,778.9305090346583,767.8958721299375,778.9305090346583,909544,Automobile and Auto Components,-0.00809402605579257,0.016587426662224347,-0.0012631650985980292,0.004252192189299953,773.6003540039062,767.5756164550781,762.5459716796875,759.0828582763672,762.4395678710938,767.4688883463542,0
2023-04-26,780.3590087890625,781.7876182279236,769.1765634453004,771.4426024857772,643599,Automobile and Auto Components,0.009881280873078602,-0.009613061065178896,0.0036679898400773236,0.001667792941522972,775.8663818359375,770.3392028808594,763.9647094726563,760.1641540527344,762.5794677734375,766.380196126302,1
2023-04-27,779.3738403320312,786.1720182082189,776.4181212787772,779.324590374662,881296,Automobile and Auto Components,-0.0012624554159501589,0.010217205873109814,0.005608172703263525,0.009414688613288424,776.5363403320313,772.5018005371094,765.2685099283855,761.4572814941406,762.1991625976563,765.3998799641927,0
2023-04-28,789.5218505859375,791.9357000032774,777.8467835876928,779.3246432145219,906746,Automobile and Auto Components,0.013020722185880684,6.780212058465906e-08,0.007331324012516571,0.0018400682180916839,780.2014404296875,776.1373352050781,768.0961507161459,763.6346588134766,762.7331640625,765.5772237141927,1
2023-05-02,787.896240234375,796.517088048325,786.2213206322409,791.4430792812668,1356601,Automobile and Auto Components,-0.002058980825364154,0.015549920270401474,0.005785050535073388,0.010766306708786422,781.9748901367187,778.2802368164063,770.5461100260417,766.0731262207031,763.5863842773438,765.9795308430989,0
2023-05-03,773.2653198242188,785.2360056962518,770.5559107706871,785.2360056962518,1399263,Automobile and Auto Components,-0.01856960303022137,-0.007842728994044479,-0.014163013601773189,-0.019924936465671617,782.083251953125,777.8418029785156,772.4114949544271,767.4302917480469,763.6829370117188,765.7135152180989,0
2023-05-04,763.6100463867188,777.8467726179141,762.4277466750767,776.270413091899,1306888,Automobile and Auto Components,-0.012486365533236232,-0.011417704409011797,-0.009410206644543617,-0.010548441692544874,778.7334594726562,777.2999206542969,773.1372884114584,767.6568969726562,763.8780151367188,765.2717997233073,0
2023-05-05,749.0284423828125,773.6101836269622,737.3533766078581,763.4622272795378,3963420,Automobile and Auto Components,-0.01909561571760887,-0.016499644449085582,-0.005446559836834286,-0.03288753613252815,772.6643798828125,774.6003601074219,772.5559936523438,767.1174774169922,763.698701171875,763.9433654785156,0
2023-05-08,766.8120727539062,772.4279512631564,756.0236856424475,756.0236856424475,2222652,Automobile and Auto Components,0.02374226313024952,-0.009743169172358734,-0.0015282016561145584,0.025320707311982327,768.1224243164063,774.1619323730469,773.4656982421875,768.1027191162109,764.5322119140625,763.6313741048177,1
2023-05-09,762.6739501953125,775.0880052340577,761.0975908892431,768.4868878881678,841271,Automobile and Auto Components,-0.005396527657333561,0.016485200771361175,0.003443756749806015,0.006711304610098168,763.0779663085938,772.5264282226562,773.212813313802,768.6790740966796,765.4740942382813,763.5016479492188,0
2023-05-10,764.7923583984375,768.388507551214,761.2455193407294,763.5608087069746,810393,Automobile and Auto Components,0.0027776066070992478,-0.006410101797221568,-0.008643531621703504,0.00019436200200484421,761.3833740234375,771.7333129882812,772.3556599934896,769.6544647216797,766.220908203125,763.2996765136719,1
2023-05-11,766.7135009765625,771.3441393180674,762.0828626350575,765.1370814697441,735837,Automobile and Auto Components,0.0025119793065768725,0.0020643709640346675,0.003846533020480436,0.0010999648248219973,762.0040649414062,770.3687622070313,772.2013020833333,770.3539825439453,766.5263305664063,763.5656901041667,1
2023-05-12,746.3683471679688,769.4722309169761,744.250117824106,768.486991184688,1888833,Automobile and Auto Components,-0.026535536132701654,0.004378182414723764,-0.00242681353973373,-0.023400007643907705,761.4720458984375,767.068212890625,770.2242553710937,769.7850067138672,765.9883911132813,763.3275919596355,0
2023-05-15,755.4325561523438,758.6345852459142,745.8264688716325,747.698448395424,1888769,Automobile and Auto Components,0.012144417724530232,-0.027051261801083637,-0.014084518239399824,0.0021180393657647123,759.196142578125,763.6592834472656,769.1733357747396,769.8983093261719,766.3214038085938,763.6428670247395,1
2023-05-16,757.9449462890625,762.378525273102,752.7231875124909,758.6346261578769,1204503,Automobile and Auto Components,0.0033257636519070655,0.01462645507145588,0.004935103276334507,0.009247082168178489,758.250341796875,760.6641540527344,767.7677327473958,769.4721954345703,766.5933276367188,764.2701354980469,1
2023-05-17,765.3833618164062,767.4031511106965,752.0826271710482,757.94481483789,699753,Automobile and Auto Components,0.009813925884409658,-0.000909280035740645,0.00659072320510945,-0.0008509905793648853,758.3685424804687,759.8759582519531,767.278389485677,768.8588806152344,767.3972802734374,764.9121805826823,1
2023-05-18,754.1517944335938,772.4279801513946,751.0975150641718,768.4870210689895,796524,Automobile and Auto Components,-0.014674433680081256,0.013908936408984163,0.006547834776838624,-0.0013098455825018007,755.856201171875,758.9301330566407,765.5312418619792,768.1150268554687,767.4544262695313,764.7479756673177,0
2023-05-19,746.1220092773438,756.6640860446614,741.7376806060926,756.6640860446614,1096316,Automobile and Auto Components,-0.010647438904896833,-0.015384690567554427,-0.020408238064658857,-0.012461543634956107,755.80693359375,758.6394897460938,763.314453125,766.6199249267578,766.9893920898437,764.2914815266927,0
2023-05-22,749.1270141601562,752.2305434027523,744.890495294236,746.9102247395194,439329,Automobile and Auto Components,0.004027497976802685,-0.012890609565109235,-0.005859327439583839,0.004250579107113905,754.5458251953125,756.8709838867187,760.6214640299479,765.5164581298828,766.8278125,764.3588073730468,1
2023-05-23,757.4522705078125,761.541039322857,745.0382743222644,750.7526525642745,739813,Automobile and Auto Components,0.011113277441996416,0.005144430612253448,0.012377184098359306,0.00019839027207635418,754.4472900390625,756.3488159179688,758.591866048177,764.4376220703125,766.4672143554687,764.5689880371094,1
2023-05-24,750.9005126953125,757.5508811245336,749.0777830452644,757.4523210672464,950395,Automobile and Auto Components,-0.008649730243870724,0.008923935839705077,-0.005239583938734804,0.005421880810988489,751.5507202148438,754.9596313476562,757.10087890625,763.3464721679687,765.3972485351562,764.7561869303386,0
2023-05-25,746.269775390625,753.708322626295,742.9199365696949,751.245223532745,860993,Automobile and Auto Components,-0.006166911896312022,-0.008194703959393368,-0.005072343777799637,-0.00822057016633937,749.97431640625,752.9152587890625,755.9448608398437,761.6420104980468,764.486884765625,764.541074625651,0
2023-05-26,756.1221923828125,757.2551819161868,744.8411861998914,747.008725488171,924717,Automobile and Auto Components,0.013202218979095681,-0.005639301138783637,0.004705877835517125,0.002586078977860673,751.9743530273438,753.8906433105469,756.4177775065104,760.4794281005859,763.690810546875,764.486885579427,1
2023-05-29,775.5807495117188,777.3541690492372,754.9892145161518,762.5755726794798,1359781,Automobile and Auto Components,0.025734672682447446,0.020838909453347876,0.02654189448026112,0.013624418875162858,757.2651000976563,755.9054626464844,757.0023559570312,759.782373046875,763.8661865234375,765.2340270996094,1
2023-05-30,770.5067749023438,781.7877826588041,768.6348553596494,779.8665530186117,1542396,Automobile and Auto Components,-0.006542161615756159,0.02267444822337561,0.005703466690079706,0.018073954675289716,759.8760009765625,757.1616455078125,757.5245442708333,758.9128997802734,763.5252978515625,765.3686787923177,0
2023-05-31,779.6201782226562,782.1818375745996,765.3834522452097,770.5559607739724,1354337,Automobile and Auto Components,0.011827804267480424,-0.01193869926669,0.0005040433280441015,-0.004230101057436819,765.6199340820312,758.5853271484375,758.5130655924479,759.2306427001953,763.8011645507812,765.4343627929687,1
2023-06-01,785.2852783203125,787.6006276589011,774.6447017570514,779.7679601421054,1065254,Automobile and Auto Components,0.007266487266365029,0.011955003707816436,0.006927788174044158,0.012100143378687367,773.4230346679688,761.6986755371094,759.7511840820313,760.314404296875,763.9982153320312,765.9762430826823,1
2023-06-02,777.304931640625,789.8667387577751,774.0043423175215,787.3050792650922,1249805,Automobile and Auto Components,-0.010162353605758456,0.0096658486989043,0.002877233739147611,-0.0008266492213494514,777.6595825195312,764.8169677734375,761.813623046875,761.7282287597657,763.915458984375,766.0189392089844,0
2023-06-05,786.5661010742188,792.6745993236462,780.7039728873808,786.4183511977769,1708483,Automobile and Auto Components,0.011914461180693392,-0.0011262826706808227,0.0035548535317324603,0.008655804888380025,779.8566528320313,768.5608764648438,763.8891927083333,762.7159301757813,763.7972290039063,766.5312642415364,1
2023-06-06,790.6549072265625,792.1820168273749,784.6942187067225,787.3050679895922,730992,Automobile and Auto Components,0.0051982994776405,0.0011275382758613173,-0.0006214182928172551,0.005111086862519709,783.886279296875,771.8811401367187,766.0698567708333,764.1149780273438,763.9075756835938,766.9187947591146,1
2023-06-07,796.5170288085938,798.4382582053809,787.2557517921244,791.1474605426916,992533,Automobile and Auto Components,0.007414260669796224,0.004880436706588442,0.007897479676528985,0.003264371043313785,787.2656494140625,776.4427917480468,768.1454345703125,765.7012115478516,764.8376440429688,767.7119120279948,1
2023-06-08,805.9261474609375,817.7490249298022,798.5368490428972,800.0147087265052,1857339,Automobile and Auto Components,0.01181282798990213,0.011208085250922872,0.02418567312621689,0.014329647290721281,791.3938232421875,782.4084289550781,771.5970581054687,767.6618438720703,766.5302880859375,768.564149983724,1
2023-06-09,803.5614013671875,809.5221491114177,800.0145628270743,807.8964797022179,577794,Automobile and Auto Components,-0.0029341970119720617,0.009852032581074921,-0.010060392085567749,0.001850526730166946,796.6451171875,787.1523498535156,775.4263509114584,770.5214965820312,768.7116064453126,769.3704020182291,0
2023-06-12,812.7735595703125,813.8080493010459,802.280731975377,805.4827612250482,931494,Automobile and Auto Components,0.011464162150460755,-0.0029876581193414298,0.005294358152315715,0.002832659870958487,801.8866088867187,790.871630859375,779.6694539388021,773.3885467529296,770.5500659179687,770.145458984375,1
2023-06-13,817.3548583984375,819.5716477975664,810.4581802678143,815.1873790933648,725398,Automobile and Auto Components,0.005636623847049105,0.01204820057670375,0.007082257912625289,0.010192751697155833,807.2265991210937,795.5564392089843,783.6629597981771,776.3590423583985,772.7373022460938,771.1274129231771,1
2023-06-14,815.7785034179688,819.6209624515405,810.0148750018724,818.4879126986443,346936,Automobile and Auto Components,-0.0019286053839057127,0.004048803612428653,6.017125422363989e-05,-0.0005469810494052041,811.0788940429687,799.1722717285156,787.9881591796875,778.8787994384766,774.776748046875,772.5445190429688,0
2023-06-15,810.7044677734375,819.7194351342062,808.1428685923469,815.9262863210029,506666,Automobile and Auto Components,-0.006219869269994183,-0.0031297058122647936,0.00012014417294925472,-0.0023110765830333113,812.0345581054687,801.7141906738282,792.2838053385417,781.7064331054687,776.53638671875,774.1143330891927,0
2023-06-16,825.4830932617188,829.2763023465895,812.1823567530856,812.2316668475639,1044724,Automobile and Auto Components,0.0182293623333174,-0.004528128993242619,0.011658705165162653,0.00499848271602632,816.418896484375,806.5320068359375,796.9078653971354,785.6744873046875,779.7009765625,776.6628214518229,1
2023-06-19,813.3646240234375,833.217228074008,810.803024851739,825.5816203829054,1579210,Automobile and Auto Components,-0.014680457222203902,0.01643614018049222,0.0047522468883614,-0.0016983032072512838,816.537109375,809.2118591308594,799.4267903645833,788.8863677978516,782.0182592773438,778.2145731608073,0
2023-06-20,805.5319213867188,816.5666175976854,800.1624133509607,814.793198237804,1690477,Automobile and Auto Components,-0.009630001607364047,-0.013067662698326266,-0.01998351680126753,-0.013123546872218395,814.1725219726562,810.699560546875,801.7618001302084,791.2903503417969,783.92173828125,779.6431722005208,0
2023-06-21,801.7880249023438,811.8374814815148,797.6007563388772,809.768502245034,1120347,Automobile and Auto Components,-0.00464773199543711,-0.006166835957439387,-0.0057914884275867,-0.003201421323148268,811.3744262695312,811.22666015625,803.2396565755208,793.8347259521485,785.3779248046875,780.8763610839844,0
2023-06-22,802.921142578125,815.4336993721424,799.3249934535421,805.3842419417401,794796,Automobile and Auto Components,0.0014132384627709715,-0.005414214421947561,0.004429726358611719,0.002161779688599319,809.8177612304687,810.9261596679687,804.415380859375,796.6672943115234,787.3286987304688,782.0832824707031,1
2023-06-23,795.0884399414062,806.6157564878547,789.8174315865764,804.7437769993447,522363,Automobile and Auto Components,-0.009755257672713014,-0.0007952290460156997,-0.010813807291846333,-0.011894488405632897,803.7388305664062,810.0788635253906,805.6009480794271,798.6156066894531,789.2873559570312,783.707285563151,0
2023-06-26,803.2659301757812,806.812829241655,787.9947145445525,795.2362625534655,767301,Automobile and Auto Components,0.01028500708044211,-0.011814337330236957,0.0002443204861981574,-0.002307770086008909,801.719091796875,809.1281005859375,806.7142700195312,799.9998657226563,791.4529125976562,785.3017313639323,1
2023-06-27,807.6502075195312,811.5911661411576,799.0293605347239,807.8472674774639,578957,Automobile and Auto Components,0.005458064607309465,0.015858186450785183,0.005922485025422697,0.01400345178273077,802.1427490234375,808.1576354980468,807.8472900390625,801.8570373535156,793.460830078125,786.958573404948,1
2023-06-28,804.5961303710938,811.2464992165507,801.4926008561738,807.8966597443915,568288,Automobile and Auto Components,-0.0037814354778874515,6.114060035367075e-05,-0.00042468047828281286,0.0030827907497685825,802.7043701171875,807.0393981933594,808.3858968098958,803.1058349609375,795.6086547851562,788.2656656901041,0
2023-06-30,824.4486083984375,830.5571068576953,804.9408734314793,804.9408734314793,1418152,Automobile and Auto Components,0.024673842289282932,-0.003658619301443067,0.02380362523572499,0.004302313672792435,807.00986328125,808.4138122558594,809.6207275390625,805.0640014648437,798.7358081054688,790.6088928222656,1
2023-07-03,828.1925048828125,831.4930941062881,819.7687170971413,831.4930941062881,700921,Automobile and Auto Components,0.0045410913988293,0.03298654789589217,0.0011269390639905286,0.018421034581646456,813.6306762695312,808.6847534179688,811.2628011067708,807.6083801269531,801.6186206054688,793.3445760091146,1
2023-07-04,824.744140625,834.3009778786868,820.7046818508666,830.5570789919334,511943,Automobile and Auto Components,-0.00416372309273727,-0.001125704014849127,0.003376917730647744,0.0011417424624833306,817.926318359375,809.822705078125,812.06083984375,809.5172821044922,803.58515625,795.865146891276,0
2023-07-05,842.182861328125,845.0400804364951,819.9164687489051,824.6456071573647,1489107,Automobile and Auto Components,0.021144400844011813,-0.007117478116908771,0.01287197647198468,-0.0009604101443455582,824.8328491210938,813.4877990722656,813.7160400390625,812.0936798095703,806.4521997070312,798.6894999186198,1
2023-07-06,842.7741088867188,846.5672578825896,836.4685504129399,846.3209479443055,758345,Automobile and Auto Components,0.0007020417842051874,0.026284431274251174,0.0018072248659561918,0.0201875218938965,832.4684448242188,817.5864074707031,815.5157470703125,814.4065338134766,808.9783569335938,801.751953125,1
2023-07-07,835.8823852539062,847.0876294711718,831.9654915145603,844.8564943628193,1019335,Automobile and Auto Components,-0.008177426857496006,-0.0017303761475400137,0.0006146842837788657,-0.0053834168614665945,834.7552001953125,820.8825317382813,817.1942749023438,815.904345703125,811.0022412109375,804.7390401204427,0
2023-07-10,844.11279296875,847.6330163002365,832.4613094828378,836.1302993660631,739590,Automobile and Auto Components,0.009846370566050089,-0.01032861208380409,0.000643837555986071,0.0005959597763782742,837.9392578125,825.7849670410156,818.4362548828125,817.9319152832031,813.6745556640625,807.672060139974,1
2023-07-11,845.996826171875,855.6650777327195,842.9723503418061,849.2691453647096,718175,Automobile and Auto Components,0.002231968545931995,0.015713873792886135,0.009475871371246836,0.012626461721684246,842.189794921875,830.058056640625,820.6117350260416,819.5930786132812,816.0517846679687,810.0192626953125,1
2023-07-12,847.3850708007812,854.4751463152467,843.9144163157667,848.7237881304764,715091,Automobile and Auto Components,0.0016409572541637996,-0.000642148884378746,-0.0013906509082103335,0.0011175526380891032,843.2302368164062,834.03154296875,823.4019449869792,821.0945892333984,818.3209912109374,812.5818725585938,1
2023-07-13,850.9052124023438,853.2851137447534,843.1210551556962,847.9303659860344,918372,Automobile and Auto Components,0.004154122751107714,-0.0009348414119387805,-0.0013927058915932378,-0.0009400967026182983,844.8564575195312,838.662451171875,826.6764241536458,822.8509246826172,820.4965185546876,814.9580403645833,1
2023-07-14,859.928955078125,861.7138508347817,848.1782753436073,857.7473889206976,722002,Automobile and Auto Components,0.010604874131990183,0.011577628692713837,0.00987798445590804,0.005998213609998304,849.665771484375,842.2104858398437,830.4769449869792,825.3121490478516,822.656630859375,817.4461629231771,1
2023-07-17,859.0364990234375,864.1929117489965,854.8717018018934,862.6559198224548,894465,Automobile and Auto Components,-0.0010378253336130738,0.005722583321336128,0.002876895748876729,0.007891532538456758,852.6505126953125,845.2948852539063,834.7401489257812,826.9898193359375,824.875634765625,820.1705485026042,0
2023-07-18,863.1517333984375,867.6635718674668,856.6070347137354,857.8465541021176,856007,Automobile and Auto Components,0.004790523312662831,-0.005575068355558321,0.004016071031462287,0.002029933741150014,856.081494140625,849.13564453125,838.7325358072917,829.4791748046875,826.89076171875,822.7234029134114,1
2023-07-19,848.3766479492188,865.3828783650275,845.848040472184,863.6971198725349,1353387,Automobile and Auto Components,-0.017117599232577163,0.006820060933322658,-0.0026285458746764245,-0.012560011540352134,856.2798095703125,849.7550231933594,841.4476318359375,831.6214111328125,828.1316333007812,824.6474609375,0
2023-07-20,844.459716796875,851.8472642121437,838.1629827213739,851.8472642121437,899448,Automobile and Auto Components,-0.0046169719096018635,-0.013719920314357426,-0.015641185527562884,-0.009085624583962004,854.9907104492188,849.923583984375,844.1052042643229,833.754995727539,829.2788818359375,826.2455505371094,0
2023-07-21,845.0051879882812,848.2775070934458,836.9234973061161,843.3194295027698,473811,Automobile and Auto Components,0.0006459410443819813,-0.010010990312049772,-0.00419060701216134,-0.0014788119265698452,852.00595703125,850.8358642578125,845.4756429036458,835.8591979980469,830.6509106445312,827.5481852213542,1
2023-07-24,845.0547485351562,847.8312598545598,833.2544997734315,844.9555506702516,687269,Automobile and Auto Components,5.8651174666746186e-05,0.0019400966113711782,-0.0005260627980282484,-0.00438391029107732,849.2096069335937,850.9300598144531,846.5997924804688,838.3575134277344,831.4337768554688,828.9312967936198,1
2023-07-25,860.2760620117188,861.7139166701081,846.8396833558945,850.8061455730182,881239,Automobile and Auto Components,0.018012221696816155,0.006924145179146635,0.01637431582545079,0.016303762639334085,848.63447265625,852.3579833984375,848.9685872395834,841.2080200195312,833.310234375,830.5147135416667,1
2023-07-26,869.1014404296875,872.572094772933,859.8297989415437,862.7055081781676,899574,Automobile and Auto Components,0.010258774837150542,0.013985985723146355,0.012600676271753652,0.015339521565842729,852.7794311523437,854.5296203613282,850.7631591796875,844.2805816650391,835.8530151367188,832.239599609375,1
2023-07-27,890.1732788085938,906.5845038253888,863.69713189162,872.621671715988,1482538,Automobile and Auto Components,0.024245545339895314,0.01149426246131302,0.03897948290600173,0.004497788928502944,861.9221435546875,858.4564270019531,853.9231038411458,848.559439086914,839.3884252929688,834.7194254557292,1
2023-07-28,895.280029296875,913.228306147512,889.925341914919,913.228306147512,3143050,Automobile and Auto Components,0.005736804968035081,0.046534065962024584,0.007328387253575652,0.030367369596163263,871.9771118164062,861.9915344238282,857.8829467773437,852.1010101318359,843.0827807617187,837.5386108398437,1
2023-07-31,923.6402587890624,928.1025284869312,894.3876018808128,894.4371705505522,2257553,Automobile and Auto Components,0.031677495938852385,-0.02057660222582336,0.016287517852098476,0.005014195860848281,887.6942138671875,868.4519104003906,863.1847778320313,856.8733978271484,848.224853515625,840.8105163574219,1
2023-08-01,925.72265625,930.4328299682634,914.7653168627216,927.1605108581516,945998,Automobile and Auto Components,0.002254554672256992,0.03658539848859066,0.002510823330188705,0.022783986427200587,900.7835327148438,874.7090026855469,868.499833170573,861.9223236083984,853.1231225585938,844.5557840983073,1
2023-08-02,898.056640625,926.2184857289458,887.4959108838893,926.1689170564832,1726166,Automobile and Auto Components,-0.0298858577547102,-0.0010694952924069634,-0.004529444903036528,-0.02981027535275982,906.5745727539063,879.677001953125,871.8779378255208,864.7160125732422,856.7393798828125,847.63994140625,0
2023-08-03,900.7835083007812,905.0970113435084,891.4127300967345,893.3463923489036,874836,Automobile and Auto Components,0.003036409456182554,-0.03543902640556651,-0.02280398708390552,0.004413337757178226,908.6966186523438,885.3093811035156,875.2031575520833,867.6164825439453,860.586875,850.9397908528646,1
2023-08-04,904.898681640625,911.393750840017,896.6187167066269,903.3616897725864,709770,Automobile and Auto Components,0.004568437701092609,0.011210989946855099,0.006956977448375312,0.005840152865359327,910.6203491210938,891.29873046875,878.2011393229167,871.0672973632812,863.8048779296874,854.339042154948,1
2023-08-07,902.5684814453124,919.7729869470668,899.3952995956404,905.3449928674968,463759,Automobile and Auto Components,-0.0025750951378201714,0.0021954695637023125,0.009193870486084332,0.0030967264426646768,906.4059936523438,897.0501037597656,881.103271484375,873.9900817871094,866.7799169921875,857.9217102050782,0
2023-08-08,898.1558227539062,905.2458984484388,891.9582253018368,902.5685242444622,325241,Automobile and Auto Components,-0.004889001535196558,-0.003066752061267497,-0.015794210859406355,-0.008268971715937545,900.892626953125,900.8380798339844,883.4368774414063,876.598031616211,869.7163842773438,861.084706624349,0
2023-08-09,955.02490234375,966.8251514788556,879.7613191734416,898.1557753353575,6270873,Automobile and Auto Components,0.06331760942714038,-0.004889101259983097,0.06802489040376947,-0.01367430198232411,912.286279296875,909.4304260253906,890.5467610677083,881.9800231933593,874.2300659179688,865.9971964518229,1
2023-08-10,942.5305786132812,971.4361960541836,938.5145477475436,967.8167750937008,2372341,Automobile and Auto Components,-0.01308272035609348,0.07756004211221934,0.00476926419247059,0.06678314594383639,920.635693359375,914.6661560058594,897.0848185221354,886.5612915039062,878.2203247070313,870.5950113932291,0
2023-08-11,963.25537109375,975.2538950594952,939.2086939659484,942.0347740788208,1979567,Automobile and Auto Components,0.021988456343730034,-0.026639340914899834,0.0039299534244436884,0.0007396222254314466,932.30703125,921.4636901855469,904.9681640625,891.7276123046875,883.315244140625,875.2219034830729,1
2023-08-14,943.47265625,961.3713053748336,940.1011390666544,961.3713053748336,800530,Automobile and Auto Components,-0.020537352230164285,0.020526345553348868,-0.014234846694782699,0.0009502095822149226,940.4878662109375,923.4469299316406,911.5293579101562,895.9494201660157,887.289638671875,879.0645751953125,0
2023-08-16,952.0996704101562,959.7846907278736,928.003364737168,944.0179796731288,1435461,Automobile and Auto Components,0.009143894211461223,-0.018050596689006437,-0.0016503661364652977,-0.012868588098400968,951.2766357421875,926.0846313476562,917.6509318033854,900.3968170166015,891.5337524414062,883.3097595214844,1
2023-08-17,948.1828002929688,964.2469842954234,944.811283216171,958.6939009056042,875435,Automobile and Auto Components,-0.004113928655704813,0.015546230631705793,0.0046492652056846495,0.018111915449534388,949.9082153320312,931.0972473144532,922.9230224609375,905.3871246337891,895.5656616210938,886.8430908203125,0
2023-08-18,962.6107788085938,965.883097963318,942.3322290509263,948.777730016423,1561756,Automobile and Auto Components,0.01521645247221004,-0.010343417100926788,0.0016967786205628332,-0.0026238617269745967,953.9242553710938,937.2799743652344,927.7521891276042,911.294677734375,900.0338842773438,890.837646484375,1
2023-08-21,971.832763671875,982.988438104288,959.1896659818073,966.7755488052107,2824960,Automobile and Auto Components,0.009580180345263978,0.018969478540011853,0.017709534597963872,0.017889059093159743,955.6397338867188,943.9733825683594,932.8557047526042,917.6360565185547,904.5100366210937,895.369325764974,1
2023-08-22,998.2593994140624,1002.7216694477293,974.6589611184634,981.7489760801316,2871799,Automobile and Auto Components,0.027192575441004507,0.015488007835350981,0.02007473392209702,0.01612746225828232,966.5970825195312,953.5424743652344,937.8303141276042,925.2962890625,910.0789526367188,900.5075459798177,1
2023-08-23,1027.2144775390625,1034.7011016217014,1001.5316129578122,1003.3165086782046,3273142,Automobile and Auto Components,0.029005565228832797,0.021968479849285405,0.03189263097464079,0.027571338192500905,981.6200439453125,966.44833984375,944.596435546875,933.6432098388672,916.6414624023438,906.5481343587239,1
2023-08-24,1032.6187744140625,1043.278641015303,1018.289978889725,1029.2968867058294,1863812,Automobile and Auto Components,0.005261118289480615,0.02589449869797522,0.008289871712862773,0.016732737853796253,998.5072387695312,974.2077270507813,953.5672444661458,941.8190765380859,924.0111474609375,912.7225911458333,1
2023-08-25,1014.1251831054688,1039.2130431297792,1011.4478091530294,1033.2633501347614,1421983,Automobile and Auto Components,-0.01790940835749144,0.0038535659440555037,-0.0038969434681105364,-0.006719274350667659,1008.8101196289062,981.3671875,961.1233561197917,948.0166717529297,930.7977661132812,918.1632568359375,0
2023-08-28,1040.4029541015625,1047.9393288833105,1014.472244594119,1016.4059069608236,1884969,Automobile and Auto Components,0.025911762604716726,-0.01631475961258011,0.00839701330850362,0.002990204154599274,1022.5241577148438,989.0819458007812,970.1569742838542,955.272817993164,938.6136767578125,924.1790568033854,1
2023-08-29,1061.127685546875,1066.9782410033745,1043.1794698285778,1047.145931691044,1751500,Automobile and Auto Components,0.019919908304383283,0.030243846990359202,0.018167952662251796,0.028297694084222336,1035.0978149414063,1000.8474487304687,980.727587890625,962.1471893310547,947.2565942382812,930.9154296875,1
2023-08-30,1048.286376953125,1071.7876164878835,1045.4602969149175,1064.0034588223584,1944316,Automobile and Auto Components,-0.012101567764799204,0.016098546173111794,0.004507472879659025,0.0021864186866278335,1039.3121948242188,1010.4661193847656,990.7362915039063,968.2753753662109,954.7770068359375,937.0865844726562,0
2023-08-31,1061.375732421875,1071.8868335643024,1048.7822627304388,1051.112535179254,1758962,Automobile and Auto Components,0.012486430956772043,-0.012115490355052105,9.25715831125995e-05,0.0031775150384230066,1045.0635864257813,1021.7854125976562,997.826346842448,976.4413299560547,962.467978515625,944.1865539550781,1
2023-09-01,1069.7548828125,1071.0439103741685,1047.0963711012066,1063.9538351211309,890014,Automobile and Auto Components,0.007894612750854346,0.012216864999794463,-0.0007863919620422211,-0.0016074753446373435,1056.1895263671875,1032.499822998047,1006.3079671223958,984.8898986816406,969.6512426757813,951.6963928222656,1
2023-09-04,1076.1507568359375,1086.8106238121975,1069.5069811857395,1075.9028529527686,1903517,Automobile and Auto Components,0.005978821995765937,0.011230767197974778,0.014720884256296252,0.021402624154798877,1063.3390869140626,1042.931622314453,1013.834326171875,993.4525024414063,976.8860717773438,959.4012451171875,1
2023-09-05,1088.1988525390625,1090.2315916460548,1065.9866415659085,1075.9027963711724,629423,Automobile and Auto Components,0.011195546373584664,-5.2589874677266835e-08,0.0031477129123540504,-0.003291553661415203,1068.7533203125,1051.9255676269531,1023.4827392578125,1002.7340209960937,983.4684155273437,967.5060485839844,1
2023-09-06,1089.785400390625,1100.693170549221,1082.3979135655727,1091.7686313285517,889082,Automobile and Auto Components,0.0014579576589890397,0.014746531945908137,0.009595740009121334,0.01539538241826044,1077.053125,1058.1826599121093,1032.6617879231771,1012.3154998779297,990.0309252929687,975.1563598632813,1
2023-09-07,1097.0738525390625,1102.5773673255353,1084.87705375756,1095.7351957400565,746876,Automobile and Auto Components,0.006687970077251082,0.003633154770785074,0.0017118274435865555,0.0022904147919322604,1084.1927490234375,1064.6281677246093,1042.5878580729166,1019.4179473876953,997.9916137695312,982.755440266927,1
2023-09-08,1096.1318359375,1100.6932431863863,1085.025669324105,1097.6687673877325,669736,Automobile and Auto Components,-0.0008586628870812518,0.0017646340604857702,-0.0017088362186493677,0.00013698839516451677,1089.4681396484375,1072.8288330078126,1051.4892618815104,1027.0980102539063,1005.805546875,989.6207255045573,0
2023-09-11,1105.8494873046875,1108.3285258980416,1090.7769810758168,1097.8174264715813,879928,Automobile and Auto Components,0.008865403821499473,0.0001354316422819135,0.006936794387464307,0.005300622754201401,1095.4078857421875,1079.373486328125,1060.423710123698,1034.227716064453,1013.8435791015625,996.639707438151,1
2023-09-12,1065.6396484375,1110.609388298993,1062.3177606372192,1107.6345417231923,1093620,Automobile and Auto Components,-0.0363610412888935,0.008942393347829869,0.002057929889608623,-0.026090778346393728,1090.896044921875,1079.8246826171876,1064.9157267252604,1040.3360656738282,1020.36642578125,1001.3730204264323,0
2023-09-13,1072.0355224609375,1074.8120943563797,1055.1285503468869,1070.6968657083132,1051830,Automobile and Auto Components,0.006001910714203973,-0.03334825217477744,-0.03223211897878908,-0.0067674763208513955,1087.3460693359375,1082.1995971679687,1067.9037963867188,1046.3328582763672,1027.3216137695313,1006.2501159667969,1
2023-09-14,1098.9083251953125,1108.9732474304687,1081.8525858264927,1090.7771259478843,1338948,Automobile and Auto Components,0.025067082360000992,0.01875438406769514,0.03178337241780427,0.025327753164123834,1087.7129638671875,1085.9528564453126,1072.3230997721355,1053.8691345214843,1033.0769506835939,1012.9451721191406,1
2023-09-15,1124.888671875,1138.4242479537534,1100.891503624988,1120.525539370742,2341714,Automobile and Auto Components,0.023641960010695184,0.027272678089033553,0.026556998188661085,0.017598439979648717,1093.4643310546876,1091.4662353515625,1079.7073323567708,1061.9830291748046,1040.3712744140626,1020.4153442382812,1
2023-09-18,1112.1463623046875,1135.399696312629,1108.5764498281792,1135.399696312629,824581,Automobile and Auto Components,-0.011327618358066727,0.013274268563516989,-0.002656787789403481,0.00698065720181007,1094.7237060546875,1095.0657958984375,1084.4902262369792,1068.9987091064454,1046.3269140625,1027.3236002604167,0
2023-09-20,1118.7901611328125,1126.2272772050449,1099.354522006741,1110.5101961150897,967266,Automobile and Auto Components,0.005973852950754699,-0.021921355341534277,-0.00807858161083963,-0.008318711643989452,1105.35380859375,1098.1249267578125,1088.3343912760417,1075.0252471923827,1053.3396142578124,1034.5309895833334,1
2023-09-21,1089.5872802734375,1133.7636830540844,1082.8442457092642,1118.1953664017208,1276809,Automobile and Auto Components,-0.026102196706669356,0.006920395970713367,0.006691727328557162,-0.01501815471440393,1108.86416015625,1098.1051147460937,1091.087784830729,1078.1438873291015,1058.8391186523438,1040.9120381673176,0
2023-09-22,1081.8028564453125,1104.6100124211805,1078.4314606602418,1091.768640410014,860021,Automobile and Auto Components,-0.007144378398187157,-0.023633371042080187,-0.025714062876287413,-0.004075179848355814,1105.44306640625,1096.5780151367187,1092.4495930989583,1080.603091430664,1064.1839208984375,1045.1379699707031,0
2023-09-25,1096.9747314453125,1100.6932898569914,1067.6724427425524,1081.8029647069327,1424185,Automobile and Auto Components,0.014024620946050392,-0.009128010582295842,-0.003545796724768069,-0.009976543072197086,1099.8602783203125,1096.6623046875,1094.264249674479,1084.7455688476562,1069.5584790039063,1050.2861083984376,1
2023-09-26,1078.1837158203125,1106.3455026894665,1076.1508553734625,1096.9251542664783,1029816,Automobile and Auto Components,-0.017129852754440344,0.013978691178427649,0.005135138811656947,0.007941024130145635,1093.0677490234375,1093.8957275390626,1094.3997802734375,1086.6346069335937,1073.8125170898438,1054.1170532226563,0
2023-09-27,1080.5633544921875,1085.521431958054,1071.1926365004254,1078.183574146022,808201,Automobile and Auto Components,0.0022070808870124914,-0.017085559618686075,-0.018822393800842607,-0.0046073641518562525,1085.4223876953124,1095.3880981445313,1093.8907470703125,1087.6063903808595,1077.1046752929688,1058.6867431640626,1
2023-09-28,1074.564208984375,1087.6534857527745,1067.821174863188,1083.0920784575333,1353886,Automobile and Auto Components,-0.005551868368358526,0.0045525682538791745,0.0019640826352682605,-0.003147390602172173,1082.4177734375,1095.640966796875,1092.8760009765624,1088.9202819824218,1078.9986645507813,1062.7688944498698,0
2023-09-29,1082.447509765625,1091.719090945292,1072.2339422325383,1085.6207521525298,907502,Automobile and Auto Components,0.007336277083619613,0.0023346802596855287,0.0037379599714184586,0.004132496595149249,1082.5467041015625,1093.9948852539062,1091.9009114583334,1089.9738708496093,1080.9918139648437,1067.244384765625,1
2023-10-03,1074.6136474609375,1081.8028596923,1064.0034102416512,1081.8028596923,545460,Automobile and Auto Components,-0.007237175229294679,-0.003516782866079038,-0.009083134420967087,-0.0076760599219141135,1078.0744873046874,1088.9673828125,1090.4663655598958,1090.2168090820312,1083.4113525390626,1070.9778137207031,0
2023-10-04,1052.0048828125,1071.837192334663,1042.981206189278,1071.7380549964143,788586,Automobile and Auto Components,-0.02103897033306501,-0.009303732751037797,-0.009212091896735664,-0.01975764725002027,1072.838720703125,1082.9532348632813,1086.8767252604166,1089.0095153808593,1083.8754296875,1073.6502176920574,0
2023-10-05,1060.8798828125,1068.0195874736416,1053.789807348094,1061.028649355886,464238,Automobile and Auto Components,0.008436272630477637,-0.009992558900564719,-0.00356173949581462,0.010363179216150042,1068.9020263671875,1077.16220703125,1086.5594075520833,1087.6435668945312,1083.865517578125,1075.737567138672,1
2023-10-06,1082.7449951171875,1085.5214459056588,1063.01182234013,1063.01182234013,993174,Automobile and Auto Components,0.02061035623252727,0.0018691040863485497,0.016387207348338206,0.008751285054885427,1070.53818359375,1076.477978515625,1087.2733723958333,1087.2915466308593,1085.2438623046876,1077.588584391276,1
2023-10-09,1075.25830078125,1080.811323669177,1064.64806278194,1080.811323669177,493176,Automobile and Auto Components,-0.006914549935303271,0.01674440580525527,-0.004339041162426893,0.0015392495242507742,1069.100341796875,1075.8235229492188,1085.6967041015625,1086.2007690429687,1085.7991650390625,1079.009901936849,0
2023-10-10,1100.048583984375,1106.5437136521805,1078.4809477755916,1084.827310915354,1268718,Automobile and Auto Components,0.0230551888649575,0.0037157153688429645,0.023808401540100776,0.012992918014151922,1074.1873291015625,1076.130908203125,1084.0406982421875,1086.3966064453125,1087.0109130859375,1081.8740152994792,1
2023-10-11,1105.0067138671875,1112.4934593492042,1103.1226201981883,1108.5765054760825,660234,Automobile and Auto Components,0.004507191732254334,0.02189214294456643,0.005376873614316047,0.022848500451881915,1084.7876953125,1078.8132080078126,1083.5647216796874,1086.3544677734376,1088.1651513671875,1084.0274739583333,1
2023-10-12,1108.279052734375,1113.3362674150749,1100.6931701899202,1108.6260939390368,648613,Automobile and Auto Components,0.002961374646978765,4.473165605567431e-05,0.0007575847379486245,-0.002202339036281975,1094.267529296875,1081.5847778320312,1082.8639811197916,1088.4864379882813,1088.968359375,1085.5991861979167,1
2023-10-13,1108.5269775390625,1117.5506542647572,1101.734435659948,1101.734435659948,441654,Automobile and Auto Components,0.00022370250892667087,-0.006216395515824535,0.0037853674339265453,0.000946008840818191,1099.42392578125,1084.9810546875,1084.1266276041667,1090.3110107421876,1089.7180224609374,1087.6072062174478,1
2023-10-16,1112.939697265625,1117.5507338194973,1102.6765004501162,1110.1136171348069,575772,Automobile and Auto Components,0.00398070576176579,0.007605445744136796,7.118669720362902e-08,0.0008550742898436603,1106.960205078125,1088.0302734375,1086.2024169921874,1091.0125793457032,1090.35265625,1089.3260050455729,1
2023-10-17,1111.79931640625,1119.3356914926098,1108.9237281224152,1114.6255175870456,261269,Automobile and Auto Components,-0.0010246564680699288,0.0040643591634195175,0.0015972050476957822,0.005665512659196903,1109.3103515625,1091.7488403320312,1087.19072265625,1090.3581115722657,1090.97935546875,1090.7274861653646,0
2023-10-18,1096.825927734375,1116.4103347056152,1094.198122336465,1114.575870160711,366909,Automobile and Auto Components,-0.013467708111455368,-4.454179951129955e-05,-0.0026134758403831837,-0.013279187208738885,1107.6741943359375,1096.2309448242188,1088.4335367838542,1089.59208984375,1090.6184130859374,1091.416658528646,0
2023-10-19,1085.5711669921875,1092.760380018626,1074.9609285994843,1090.876286188539,830150,Automobile and Auto Components,-0.010261209602726584,-0.021263320520975126,-0.021183926690561794,-0.017581088236473308,1103.1326171875,1098.7000732421875,1088.7673909505208,1087.9311401367188,1091.415673828125,1091.3290690104166,0
2023-10-20,1062.0697021484375,1085.8188421026475,1056.1200098629436,1080.8607651980694,747206,Automobile and Auto Components,-0.02164893980084781,-0.009181170328180221,-0.006352296480459985,-0.017527073064030008,1093.841162109375,1096.6325439453126,1087.934423828125,1086.5552612304687,1091.017041015625,1090.4052124023438,0
2023-10-23,1047.59228515625,1076.051726399618,1042.386303092481,1062.813681932543,1581681,Automobile and Auto Components,-0.013631324726523508,-0.016696954729612412,-0.008995161369750981,-0.013003926298342572,1080.7716796875,1093.8659423828126,1085.6107421875,1084.8447326660157,1088.9643994140624,1088.7558268229166,0
2023-10-25,1020.1245727539062,1053.2445587907137,1002.7217306648288,1040.204789131322,2363189,Automobile and Auto Components,-0.026219849832367692,-0.021272677596801848,-0.02119523350909469,-0.0380517014757179,1062.4367309570312,1085.8735412597657,1081.9781372070313,1081.0022247314453,1084.7738354492187,1086.2222513834636,0
2023-10-26,1009.0679321289062,1014.323542820228,1000.440925496392,1007.6301380390928,1236865,Automobile and Auto Components,-0.010838520039912147,-0.03131561345668521,-0.03695344604027473,-0.002274614280997511,1044.8851318359375,1076.2796630859375,1079.115673828125,1077.546435546875,1080.6506982421874,1082.996199544271,0
2023-10-27,1016.4058837890624,1028.8507066873517,1014.0756115819332,1016.4058837890624,615619,Automobile and Auto Components,0.007272009570926219,0.008709292644866418,0.014322021774957783,0.01362867685443403,1031.0520751953122,1067.0923461914062,1076.150740559896,1074.3385620117188,1076.5553271484375,1081.3550740559897,1
2023-10-30,1019.727783203125,1025.330435031373,993.8962113304688,1016.4058954614676,1536810,Automobile and Auto Components,0.0032682803858621323,1.1483999973194159e-08,-0.0034215573096246787,-0.019899305358488162,1022.58369140625,1058.2124267578124,1071.9495930989583,1071.5967407226562,1073.760947265625,1079.611482747396,1
2023-10-31,1010.8032836914062,1030.586086483446,1006.4897802710371,1019.9262193524968,346106,Automobile and Auto Components,-0.008751845010719905,0.003463502038652422,0.005125812394237705,0.012670909494372884,1015.2258911132812,1047.9987854003907,1067.6525919596354,1068.0145294189454,1070.9209643554686,1076.674648030599,0
2023-11-01,1018.6370239257812,1023.5951014333295,1008.9192041156682,1015.414273545875,595750,Automobile and Auto Components,0.007750014627738944,-0.004423796271740388,-0.006783504203875856,0.002413759078583766,1014.9283813476562,1038.6825561523438,1062.2251546223958,1065.2156982421875,1067.7874560546875,1073.1329264322917,1
2023-11-02,1023.297607421875,1031.2801609324354,1015.5134496472776,1026.3220832356446,468806,Automobile and Auto Components,0.00457531327315408,0.010742226078503947,0.007507909610298569,0.006535950058943918,1017.77431640625,1031.3297241210937,1056.777880859375,1063.7803344726562,1065.59201171875,1070.1713012695313,1
2023-11-03,1022.2068481445312,1034.2550010817406,1018.6370564345332,1025.776639854529,438050,Automobile and Auto Components,-0.0010659257575045267,-0.0005314543943124583,0.002884609112053127,0.003075889136023191,1018.9345092773438,1024.9932922363282,1051.0397338867188,1061.8466827392579,1063.2577514648438,1066.9518575032553,0
2023-11-06,1066.680908203125,1074.713091820025,1023.8431604648772,1033.0652344451826,3643475,Automobile and Auto Components,0.04350788701848485,0.007105440217167747,0.03911810017449158,0.005110852778679176,1028.3251342773438,1025.454412841797,1048.2499959309896,1061.0434783935548,1062.9424194335938,1066.1883117675782,1
2023-11-07,1045.9560546875,1064.9453942551013,1006.4897102415692,1064.499215708694,5358480,Automobile and Auto Components,-0.01942929076188027,0.030427876396782683,-0.009088655976435711,-0.016949324753440353,1035.3556884765626,1025.290789794922,1043.7844197591146,1059.5783660888671,1061.4827612304687,1064.9934183756511,0
2023-11-08,1025.3304443359375,1055.0789098389143,1018.6866687923324,1054.0872943221484,1848097,Automobile and Auto Components,-0.01971938520660388,-0.009781051251985917,-0.00926477964918404,0.012118314202969493,1036.6943725585938,1025.811376953125,1038.0198282877604,1055.8424591064454,1059.5114331054688,1062.6052754720051,0
2023-11-09,1024.23974609375,1037.2795150439215,1020.4715585103772,1026.322114580636,1185106,Automobile and Auto Components,-0.0010637529083552533,-0.02634049370585323,-0.016870202436053194,0.0017521479103685955,1036.8828002929688,1027.3285583496095,1033.1807495117187,1051.8041107177735,1058.4008276367188,1060.8071431477865,0
2023-11-10,1031.77587890625,1034.2549175388936,1009.464531212458,1023.3471475552618,1066829,Automobile and Auto Components,0.007357782043941663,-0.002898667955323009,-0.0029158943767436662,-0.010786216633010937,1038.7966064453126,1028.8655578613282,1029.5943969726563,1047.978952026367,1057.2366674804687,1059.1808939615885,1
2023-11-13,1022.5538940429688,1035.7424291129184,1019.4799100855062,1035.2466213440755,1398118,Automobile and Auto Components,-0.008937972918166226,0.011627993313159779,0.0014382446230611912,0.009921476746705293,1029.9712036132812,1029.1481689453126,1026.960009765625,1043.6802978515625,1054.8290234375,1057.447216796875,0
2023-11-15,1052.8974609375,1055.0789667733775,1028.057442483364,1032.2718086570358,1213644,Automobile and Auto Components,0.029674295967480946,-0.0028735304474382106,0.018669253201319735,0.008413635534160191,1031.3594848632813,1033.3575866699218,1027.3136881510416,1040.6781860351562,1053.93458984375,1056.4622151692708,1
2023-11-16,1048.385498046875,1054.979765398363,1040.3038074302458,1052.897397036529,614110,Automobile and Auto Components,-0.004285282335667828,0.019980772705908256,-9.402270174885263e-05,0.011912140743127742,1035.9704956054688,1036.3324340820313,1029.1977498372396,1037.5074951171875,1051.86806640625,1055.5879435221354,0
2023-11-17,1051.5091552734375,1061.028640360768,1045.5594619630033,1050.1208692916389,595745,Automobile and Auto Components,0.0029794929750381893,-0.0026370354345113256,0.005733640739659762,0.005052038159641059,1041.4243774414062,1039.1535888671874,1032.0271647135417,1035.2416564941407,1049.7281640625,1055.5714192708333,1
2023-11-20,1058.3016357421875,1061.0285783500967,1047.4434945039654,1052.1040389060304,974108,Automobile and Auto Components,0.006459744486945196,0.0018885155722401237,-5.844391826048678e-08,0.0018019372493889296,1046.7295288085938,1042.7630676269532,1034.82021484375,1033.8781799316407,1047.7290673828124,1055.485477701823,1
2023-11-21,1068.713623046875,1071.9363734759193,1058.549564001428,1063.458012390015,950378,Automobile and Auto Components,0.009838392905237914,0.010791683202538094,0.010280397105593808,0.010603024941905792,1055.961474609375,1042.9663391113281,1038.0859375,1034.2103759765625,1046.136533203125,1055.0177652994792,1
2023-11-22,1087.5543212890625,1089.140881911304,1061.9705924607094,1071.9363768529531,909485,Automobile and Auto Components,0.01762932354925284,0.007972448713686298,0.016049934362798446,0.003231807537050546,1062.8928466796874,1047.1261657714845,1043.2026733398438,1036.208477783203,1045.1211181640624,1055.4276326497395,1
2023-11-23,1085.1744384765625,1097.7183992263174,1079.522278335588,1089.735845736432,1142761,Automobile and Auto Components,-0.0021882886821498193,0.01660496767143549,0.007875489257148205,0.016527468839046877,1070.250634765625,1053.1105651855469,1047.6385009765625,1039.460971069336,1044.056123046875,1054.9318277994792,0
2023-11-24,1106.19677734375,1111.501896337065,1084.331606005568,1086.8106448853246,1312834,Automobile and Auto Components,0.01937231298656461,-0.002684321032984549,0.012556496384193316,0.004455051800686283,1081.1881591796875,1061.3062683105468,1053.1651123046875,1044.3174133300781,1044.43095703125,1054.9714965820312,1
2023-11-28,1087.9013671875,1112.592617944837,1079.3238686954069,1112.047180987902,1267193,Automobile and Auto Components,-0.01653901957677162,0.023220729591989064,0.000981304315688769,-0.004618271092003301,1087.10810546875,1066.9188171386718,1057.544746907552,1047.8921875,1044.5241650390626,1054.2922403971354,0
2023-11-29,1105.353759765625,1108.4773728291916,1090.9258267338214,1094.6938930409622,492071,Automobile and Auto Components,0.01604225631524292,-0.01560481267667424,-0.0036987888012838255,0.010749283301255907,1094.4361328125,1075.1988037109375,1060.1229370117187,1052.173486328125,1046.25552734375,1054.1864664713542,1
2023-11-30,1110.857421875,1118.8894843580574,1101.635347994596,1105.353906648496,1157006,Automobile and Auto Components,0.004979095661231447,0.009737894470134734,0.00939316560182979,0.009816910552790103,1099.0967529296875,1080.9947998046875,1064.4496948242188,1057.1761932373047,1048.7861328125,1054.1170572916667,1
2023-12-01,1146.8033447265625,1153.695024146876,1115.1707855437644,1120.525533541734,2714425,Automobile and Auto Components,0.03235871871917628,0.013725583093327387,0.031107218608625642,0.012286676869808222,1111.4225341796875,1090.8365844726563,1072.5478881835938,1063.5845092773438,1053.8532836914062,1055.2838582356771,1
2023-12-04,1147.4974365234375,1165.9415821164428,1145.3655599832332,1162.1733947046462,1606671,Automobile and Auto Components,0.0006052404713212667,0.03716815004765883,0.01061507392616412,0.027076367880948027,1119.682666015625,1100.4354125976563,1080.765067545573,1069.794500732422,1059.3904638671875,1056.9729085286458,1
2023-12-05,1160.6859130859375,1176.006323750663,1148.5882527138472,1154.2404125006674,1129629,Automobile and Auto Components,0.011493251438065899,-0.006825988479967626,0.008632286375746423,0.0028136804904987933,1134.2395751953125,1110.6738403320312,1089.3590698242188,1076.718453979492,1065.1616650390624,1059.4767333984375,1
2023-12-06,1159.2977294921875,1169.7593220915262,1153.94298124725,1165.0491481713464,520319,Automobile and Auto Components,-0.0011960027929168726,0.009364371194785726,-0.0053120476760813995,0.00466200879275136,1145.028369140625,1119.7322509765625,1098.4753255208334,1081.3492950439454,1070.744462890625,1062.717667643229,0
2023-12-07,1154.5875244140625,1167.9743341417357,1151.0177326960466,1163.0162564648197,573632,Automobile and Auto Components,-0.004062981370789198,-0.0017448978094336542,-0.0015259446247446462,-0.002535002681017695,1153.7743896484376,1126.4355712890624,1105.2546630859374,1086.7808685302734,1076.4958325195312,1066.2841756184896,0
2023-12-08,1167.2802734375,1170.354257445107,1154.4387793869005,1156.669914383089,756528,Automobile and Auto Components,0.010993319046885608,-0.005456795678008275,0.00203765034367831,0.002972192863476275,1157.869775390625,1134.6461547851563,1113.1809814453125,1093.8783599853516,1082.4415625,1071.189365641276,1
2023-12-11,1183.2947998046875,1190.4343828365445,1165.197817308422,1171.791963407968,1031436,Automobile and Auto Components,0.013719521122400824,0.013073780891884379,0.01715730537459037,0.009319712845435868,1165.029248046875,1142.35595703125,1121.966691080729,1101.8311126708984,1088.8414501953125,1076.9969278971355,1
2023-12-12,1176.849365234375,1200.7472754160267,1170.4038642575451,1189.9386418762867,874194,Automobile and Auto Components,-0.005447023490153358,0.015486262950244134,0.008663134002319994,0.004467951168282358,1168.2619384765626,1151.2507568359374,1129.869873046875,1109.0847869873046,1095.0271508789062,1082.3450439453125,0
2023-12-13,1183.84033203125,1188.6992729768724,1164.4046892955932,1182.7992082158669,675591,Automobile and Auto Components,0.005940409200529073,-0.005999833444489622,-0.010033753718058591,-0.00512573065175026,1173.170458984375,1159.0994140625,1137.5449869791667,1117.1491088867188,1099.7135278320313,1087.8154622395834,1
2023-12-14,1191.029296875,1195.8882368060445,1178.2870625081114,1188.4511209055097,593147,Automobile and Auto Components,0.006072579763704233,0.0047784210966526075,0.006047756562657547,0.011922292429890735,1180.4588134765625,1167.1166015625,1144.4433186848958,1124.0557006835938,1105.5164575195313,1093.8229960123697,1
2023-12-15,1186.666259765625,1194.896717107165,1178.0392530483916,1192.5664448142863,486937,Automobile and Auto Components,-0.003663249191957485,0.0034627624446523786,-0.0008291073265572768,-0.0002103133163426918,1184.3360107421875,1171.1028930664063,1151.2094401041666,1130.9697387695312,1111.9698901367187,1099.4239705403645,0
2023-12-18,1196.6817626953125,1205.5070447582998,1171.098031621348,1187.55882648473,1027677,Automobile and Auto Components,0.008440033452763451,-0.004199026688476271,0.008879702738511464,-0.005892181783486494,1187.0134033203126,1176.0213256835937,1157.2417724609375,1138.228369140625,1118.8675708007813,1105.2034423828125,1
2023-12-19,1210.6634521484375,1219.6871294660173,1187.5092532089957,1196.681697068801,751405,Automobile and Auto Components,0.011683715661909844,0.007682036780506607,0.011762755571918415,0.014013533576627157,1193.776220703125,1181.0190795898438,1165.4259114583333,1145.8464599609374,1126.0230737304687,1111.4853291829427,1
2023-12-20,1166.28857421875,1216.7121973060566,1139.9116265875737,1216.7121973060566,1218390,Automobile and Auto Components,-0.03665335552249471,0.01673836934777162,-0.0024390944924237434,-0.040081899566508095,1190.265869140625,1181.7181640625,1169.488232421875,1150.7252075195313,1131.7724609375,1114.8055847167968,0
2023-12-21,1174.023193359375,1177.5434770146526,1143.3823694054613,1155.1824977271406,717489,Automobile and Auto Components,0.006631822785202246,-0.05057046334798809,-0.03219226401948483,0.0030447472742054504,1186.8646484375,1183.6617309570313,1173.6992838541667,1155.048651123047,1136.617490234375,1119.0744893391927,1
2023-12-22,1191.6739501953125,1193.8059477709498,1173.2299257476066,1178.03923680635,517014,Automobile and Auto Components,0.015034419196976234,0.01978625812300705,0.013810505576852705,0.026104614817233474,1187.8661865234376,1186.1010986328124,1176.6906575520834,1160.3736267089844,1142.3490283203125,1124.6192728678386,1
2023-12-26,1216.66259765625,1219.6870733707326,1191.9714683742457,1194.946314894662,768606,Automobile and Auto Components,0.020969366206957885,0.014351880277049922,0.02167950800388252,0.015974313487355563,1191.862353515625,1189.4378784179687,1181.301668294271,1165.8969177246095,1148.955166015625,1131.0333679199218,1
2023-12-27,1208.382568359375,1228.1157401086332,1194.301677327519,1219.6870087473708,878725,Automobile and Auto Components,-0.006805526292026576,0.02070443964245361,0.006910515755985669,0.0019549200757729146,1191.4061767578125,1192.5911987304687,1184.4814453125,1171.9209777832032,1154.9584033203125,1136.9202575683594,0
2023-12-28,1235.2059326171875,1239.4202986997414,1212.547541535644,1213.291253197271,1803621,Automobile and Auto Components,0.02219774180806877,-0.005243767871782268,0.009204799044516987,0.015277433293867437,1205.1896484375,1197.7277587890626,1189.5419921875,1178.4135864257812,1161.618095703125,1144.0086588541667,1
2023-12-29,1227.967041015625,1236.5445393754271,1218.5963228769351,1234.5613083579844,603888,Automobile and Auto Components,-0.0058604734728116,0.017530873238113642,-0.0023202454626014557,0.004988490046031968,1215.97841796875,1201.421533203125,1194.4339599609375,1184.2690673828124,1167.2346044921876,1149.8443115234375,0
2024-01-01,1237.0404052734375,1247.4523686043965,1223.6039660799956,1231.5865197191258,609955,Automobile and Auto Components,0.007388931424664458,-0.0024095916652492333,0.00882121822678461,0.004109353613703792,1225.051708984375,1206.4589477539062,1199.0846354166667,1188.7809204101563,1173.3092431640625,1156.1328084309896,1
2024-01-02,1230.991455078125,1248.4438629481012,1215.274374261492,1245.0723461779585,703395,Automobile and Auto Components,-0.004889856604138543,0.010949962704941196,0.0007948153922814338,-0.006807424664688422,1227.91748046875,1209.8899169921874,1202.2644124348958,1192.9556213378905,1178.3010302734374,1162.1155517578125,0
2024-01-03,1225.587158203125,1233.8176154692658,1205.5565730413982,1231.5864805407498,565828,Automobile and Auto Components,-0.004390198528759881,-0.010831391186710282,-0.011715582825083337,-0.007996384541556156,1231.3583984375,1211.3822875976562,1205.5135986328125,1196.20068359375,1183.8084619140625,1167.6917358398437,0
2024-01-04,1250.2288818359375,1254.492755895423,1209.076838223299,1218.7450894334977,872939,Automobile and Auto Components,0.020106055671259337,-0.010426706780358508,0.01675704753031404,0.002920033170255909,1234.36298828125,1219.776318359375,1209.939501953125,1200.7472412109375,1189.603466796875,1173.7422444661458,1
2024-01-05,1256.426513671875,1259.351731085196,1240.5110358957324,1257.3685000126209,671381,Automobile and Auto Components,0.004957197778727052,0.03169113124146117,0.0038732588665326695,0.025998511160485904,1240.0548828125,1228.016650390625,1214.29931640625,1205.8391906738282,1195.42623046875,1179.371317545573,1
2024-01-08,1245.5186767578125,1265.6483984494446,1238.131068775937,1261.334895304581,1003414,Automobile and Auto Components,-0.008681635412312816,0.00315452096336144,0.004999927509388158,-0.0019185376437034218,1241.750537109375,1233.401123046875,1218.222810872396,1209.7511108398437,1199.37484375,1184.7161254882812,0
2024-01-09,1263.2685546875,1279.1840323458791,1251.4187975352709,1256.3768751800224,1187562,Automobile and Auto Components,0.014250992988633415,-0.00393077218668525,0.0106946241254815,0.010732085717282569,1248.20595703125,1238.06171875,1222.6619303385417,1213.7497985839843,1204.0056884765625,1189.9518513997396,1
2024-01-10,1273.0855712890625,1276.2091844113208,1244.9732952823724,1268.8216971471695,731879,Automobile and Auto Components,0.007771124014078756,0.009905325553977606,-0.0023255824489168964,-0.005150555725703665,1257.7056396484375,1244.5320190429688,1226.8234049479167,1218.5616088867187,1208.5016748046876,1196.124658203125,1
2024-01-11,1264.01220703125,1288.1085116729562,1259.6491957460198,1274.2258949189752,430781,Automobile and Auto Components,-0.007127065503244379,0.004259225534964051,0.009323963035984706,0.01178812470858559,1260.4623046875,1247.412646484375,1233.3383138020833,1222.5702026367187,1212.69025390625,1201.4132731119792,0
2024-01-12,1242.6925048828125,1264.3097713529055,1223.9014394449598,1261.334924832075,1262925,Automobile and Auto Components,-0.016866690076127067,-0.01011670704409895,-0.018475726310620888,-0.028379136367319036,1257.7155029296875,1248.8851928710938,1237.9162679036458,1225.1533630371093,1216.214453125,1205.8077758789063,0
2024-01-15,1246.8572998046875,1254.0960200124905,1237.6848568277055,1249.4354757834503,430152,Automobile and Auto Components,0.0033514283746869378,-0.00943401218372586,-0.00807851965700268,0.011261868757174165,1257.9832275390625,1249.8668823242188,1241.5951578776042,1228.1629150390625,1219.3975341796875,1209.1429077148437,1
2024-01-16,1215.37353515625,1248.4935163399737,1211.2583067120495,1246.0639857901149,568277,Automobile and Auto Components,-0.025250495508483017,-0.002698410649194516,-0.0044673642074559705,-0.021351598486378465,1248.4042236328125,1248.3050903320313,1241.5092203776042,1229.0975036621094,1220.68068359375,1211.4054443359375,0
2024-01-17,1195.8883056640625,1223.1081030085857,1193.1613630101851,1215.3239454605168,822748,Automobile and Auto Components,-0.016032297008740204,-0.024669712534951538,-0.02033283553270404,-0.014940614732284807,1232.9647705078125,1245.335205078125,1240.67626953125,1228.3587463378906,1221.4422412109375,1212.578857421875,0
2024-01-18,1212.5970458984375,1227.1242378528882,1176.9485154478227,1189.9386548876491,1184472,Automobile and Auto Components,0.013971823417987972,-0.020887674161022662,0.0032835485550490873,-0.013588143284710141,1222.68173828125,1241.572021484375,1239.1690104166667,1230.674169921875,1222.592509765625,1214.3555013020834,1
2024-01-19,1223.5047607421875,1230.9915061876052,1211.060058842463,1214.7289877745666,409600,Automobile and Auto Components,0.008995333512187731,0.020833286476652946,0.0031514888349719605,0.028983037870319084,1218.844189453125,1238.2798461914062,1238.8715250651042,1233.1482482910155,1223.8915283203125,1216.652742513021,1
2024-01-23,1183.4434814453125,1221.670307756919,1179.0804700407757,1213.6877544863726,522523,Automobile and Auto Components,-0.03274305142267986,-0.0008571733272798587,-0.0075721062118080384,-0.026406278176041464,1206.16142578125,1232.0723266601562,1235.2983968098958,1232.7367248535156,1223.7626171875,1217.1915161132813,0
2024-01-24,1205.606201171875,1214.729015563914,1170.1063170329946,1183.4434973973982,495413,Automobile and Auto Components,0.018727315730782346,-0.024919306450260414,-0.0056818047790241355,-0.007611145494989646,1204.207958984375,1226.3060913085938,1233.606046549479,1232.183905029297,1224.1195947265626,1217.9352294921875,1
2024-01-25,1190.1865234375,1215.7206229821911,1182.0553246225772,1215.7206229821911,792922,Automobile and Auto Components,-0.012789978783608436,0.027273905054002068,0.0008163198586450537,0.010211899051943751,1203.0676025390626,1218.0161865234375,1231.246004231771,1231.274102783203,1223.300517578125,1218.3798014322917,0
2024-01-29,1233.22265625,1239.5193905446035,1190.3847934846892,1191.0293677771356,1842394,Automobile and Auto Components,0.03615914981813351,-0.0203099747904969,0.01957585247179039,0.007046598148670924,1207.192724609375,1214.9372314453126,1230.112255859375,1231.1749389648437,1225.977880859375,1220.02587890625,1
2024-01-30,1198.7640380859375,1245.5187345215236,1194.896713310672,1239.519412148,613893,Automobile and Auto Components,-0.027941927590630522,0.0407127193356811,0.004840056575705631,0.003790303648600002,1202.244580078125,1210.544384765625,1226.2680908203124,1229.7147888183595,1226.9675146484376,1220.2837036132812,0
2024-01-31,1224.89306640625,1233.520072978606,1193.9050815244889,1200.796760943466,892789,Automobile and Auto Components,0.021796640114457144,-0.03124005225334081,-0.009633465326819746,-0.000829889123584393,1210.5344970703125,1208.3479614257812,1224.8930501302084,1229.107421875,1228.296279296875,1221.557930501302,1
2024-02-01,1219.2408447265625,1235.304966858192,1206.7960222086451,1231.586408860425,346050,Automobile and Auto Components,-0.004614461322955066,0.02564101513129291,0.0014469921638777805,0.01079729107752514,1213.26142578125,1208.7346923828125,1221.957869466146,1228.5198913574218,1228.3994091796876,1222.3098999023437,0
2024-02-02,1228.4627685546875,1241.4529066613522,1220.7282407197945,1227.5207823016374,570679,Automobile and Auto Components,0.007563660508923542,-0.0033011297701389664,0.004976859939935796,0.01154479982926282,1220.9166748046875,1211.992138671875,1218.983015950521,1228.663671875,1229.2026171875,1222.9032104492187,1
2024-02-05,1260.9383544921875,1264.161105145522,1219.240991744063,1235.156349265512,1419072,Automobile and Auto Components,0.026435954567600062,0.006220315838203483,0.018291631009378362,-0.0012183292940405321,1226.459814453125,1216.82626953125,1218.7780924479166,1229.1991455078125,1230.2319140625,1226.058203125,1
2024-02-06,1274.7218017578125,1294.0583051683743,1264.5577422727736,1273.2343784185384,1223155,Automobile and Auto Components,0.010931103187178381,0.030828509423660888,0.023649833791881125,0.03716800110525087,1241.6513671875,1221.9479736328126,1220.91337890625,1230.1139099121094,1232.1021044921874,1229.4148234049478,1
2024-02-07,1274.4739990234375,1285.778441508522,1265.301554369894,1275.8622851263128,654867,Automobile and Auto Components,-0.000194397502289001,0.002063961476628018,-0.006398369862303022,0.0005881993935552554,1251.5675537109375,1231.051025390625,1222.7544921875,1231.5616760253906,1233.5994482421875,1232.174825032552,0
2024-02-08,1271.548583984375,1284.4890934268888,1257.5172006716405,1275.217512857698,728305,Automobile and Auto Components,-0.002295390130598318,-0.0005053619627536365,-0.0010027762482318625,-0.00615217271437718,1262.0291015625,1237.645263671875,1226.4994954427084,1231.9756774902344,1235.2217333984374,1234.0043579101562,0
2024-02-09,1303.032470703125,1310.172054292652,1262.1283289891633,1274.2259903622007,1936968,Automobile and Auto Components,0.024760270362691017,-0.0007775320566884014,0.019994689715304492,0.003666851089639156,1276.9430419921875,1248.9298583984375,1233.642439778646,1233.4730224609375,1238.3195458984376,1237.159354654948,1
2024-02-12,1121.4674072265625,1318.848504362021,1107.5847913911728,1312.8988118611398,7363983,Automobile and Auto Components,-0.13934039830840805,0.03035004919962936,0.006622374550687038,-0.12244677030723505,1249.0488525390624,1237.7543334960938,1227.5671305338542,1226.3457824707032,1233.1690869140625,1233.3680704752603,0
2024-02-13,1083.2904052734375,1151.2657025370556,1054.0873745020588,1151.216073338716,6017374,Automobile and Auto Components,-0.03404200755823872,-0.123149428624454,-0.12706751478330847,-0.048300967388617666,1210.7625732421875,1226.2069702148438,1218.2195068359374,1218.3756774902345,1226.243642578125,1228.545515950521,0
2024-02-14,1095.834228515625,1111.5018013149977,1065.441190238739,1075.4566032941964,2028786,Automobile and Auto Components,0.011579372605096783,-0.06580821081207155,-0.03453929109017129,0.010771228278911638,1175.034619140625,1213.3010864257812,1212.3788899739584,1210.8245239257812,1220.2562646484375,1223.838643391927,1
2024-02-15,1101.139404296875,1106.0479737424191,1085.1249105076838,1105.6513033255849,856004,Automobile and Auto Components,0.0048412210927524235,0.02807616777738886,-0.0049067195087999504,0.01847471305716475,1140.952783203125,1201.4909423828126,1205.4144368489583,1205.1128173828124,1213.7710986328125,1219.5102416992188,1
2024-02-16,1124.34326171875,1126.4752593502997,1097.073834225675,1112.4438751763173,1009339,Automobile and Auto Components,0.021072588385565583,0.0061435027755150085,0.018468715727368412,0.011011565214552821,1105.21494140625,1191.0789916992187,1201.0248860677084,1201.5355651855468,1207.82140625,1216.1354451497396,1
2024-02-19,1115.319580078125,1140.3578724959714,1107.6345596330434,1140.3578724959714,883522,Automobile and Auto Components,-0.00802573550966168,0.025092499444279603,0.012323939678603013,0.00962626678159939,1103.9853759765624,1176.5171142578124,1193.1646809895833,1196.6716918945312,1201.873701171875,1211.6384684244792,0
2024-02-20,1113.137939453125,1116.2614311923671,1090.7769632870193,1115.4682114835136,1337593,Automobile and Auto Components,-0.001956067717243104,-0.021826184229324586,-0.02113059582853838,-0.015219456813995613,1109.9548828125,1160.3587280273437,1187.4562744140626,1191.1533508300781,1196.6915185546875,1206.8621826171875,0
2024-02-21,1113.8818359375,1132.8216694167388,1106.345460648031,1116.460012251191,1137612,Automobile and Auto Components,0.0006682877817825172,0.0008891340492422906,0.014835447827559856,0.01427285126566713,1113.564404296875,1144.29951171875,1180.055525716146,1187.6752685546876,1191.3725,1202.4742879231771,1
2024-02-22,1123.550048828125,1125.9794585101013,1100.0983168303294,1113.98093454864,508795,Automobile and Auto Components,0.008679747329291665,-0.0022204805146153195,-0.006039971772574204,-0.005646648393208276,1118.046533203125,1129.499658203125,1173.6761393229167,1183.5724609375,1187.699560546875,1197.8170043945313,1
2024-02-23,1125.0904541015625,1138.457249736303,1118.0344387951775,1126.034644860801,443601,Automobile and Auto Components,0.0013710161599336246,0.010820391928022532,0.011081721901669894,0.016304108178736954,1118.1959716796875,1111.7054565429687,1166.7846516927084,1180.3176574707031,1184.867646484375,1192.8838338216146,1
2024-02-26,1168.321044921875,1174.532346965431,1112.4690654720137,1125.0903826987228,3694478,Automobile and Auto Components,0.03842410240235683,-0.0008385729217017523,0.03168770477546157,-0.004977819224568081,1128.7962646484375,1116.3908203125,1160.6101643880208,1177.072576904297,1183.0966064453125,1189.6941284179688,1
2024-02-27,1170.6563720703125,1187.7995642731078,1162.5569319362305,1166.631521472259,1178342,Automobile and Auto Components,0.001998874503363668,0.036922490328192614,0.011295744507977545,0.045024053269260955,1140.299951171875,1125.1274169921876,1153.672469075521,1175.6671936035157,1180.9826708984374,1187.2929239908854,1
2024-02-28,1145.1156005859375,1174.2342319688976,1134.0843528449263,1168.4700953689876,770303,Automobile and Auto Components,-0.02181747957276825,0.001575967958081792,-0.011420556727103737,-0.024491341721977644,1146.5467041015625,1130.0555541992187,1145.0485758463542,1171.6783203125,1179.4495556640625,1183.9015340169271,0
2024-02-29,1143.8734130859375,1150.830071549536,1128.7675746622083,1137.910562974282,1187019,Automobile and Auto Components,-0.0010847703929318664,-0.02615345699973215,-0.019931424056781832,-0.004688168185532748,1150.611376953125,1134.328955078125,1136.5368977864584,1167.9099487304688,1176.980244140625,1181.5181966145833,0
2024-03-01,1176.91748046875,1180.5449050303273,1142.9292851000716,1142.9292851000716,740159,Automobile and Auto Components,0.02888787081226618,0.0044104715160318,0.025820348473151844,0.012546170492274689,1160.9767822265626,1139.586376953125,1128.1292317708333,1165.3326843261718,1176.449482421875,1180.8858357747397,1
2024-03-04,1181.787109375,1186.3088641415045,1162.7556570501288,1174.681356096797,1806324,Automobile and Auto Components,0.00413761286331682,0.0277813084419698,0.004882456471259067,0.01734698043748284,1163.6699951171875,1146.2331298828126,1132.150545247396,1161.3751220703125,1174.392060546875,1179.858837890625,1
2024-03-05,1178.4580078125,1203.5019300861825,1172.644131825308,1182.6319544199478,1251169,Automobile and Auto Components,-0.00281700615626157,0.006768302128816295,0.014492908604472055,0.008504344584541412,1165.230322265625,1152.76513671875,1138.4950520833333,1156.5619323730468,1173.5798193359376,1178.3572794596355,0
2024-03-06,1174.4329833984375,1183.3772582878692,1142.9789257743707,1181.638093726035,674420,Automobile and Auto Components,-0.0034155009235619094,-0.0008403803822467637,-0.01672176113325574,-0.025297705625969558,1171.093798828125,1158.8202514648438,1143.734969075521,1151.559881591797,1171.561416015625,1178.0569295247396,0
2024-03-07,1171.5509033203125,1186.2095759095753,1163.1035326756526,1174.333615117291,557070,Automobile and Auto Components,-0.002454018338096331,-0.006181654643268253,0.0023934190063816807,0.017607154819278437,1176.629296875,1163.6203369140626,1148.4290690104167,1146.5599975585938,1169.653818359375,1176.9217529296875,0
2024-03-11,1152.6685791015625,1183.2281855622748,1136.3204804313043,1162.805496960154,2315091,Automobile and Auto Components,-0.01611737412794889,-0.009816731811756574,-0.0025133757203185114,-0.02302722972798077,1171.7795166015626,1166.3781494140626,1150.3174235026042,1139.0418029785155,1166.62205078125,1175.6711547851562,0
2024-03-12,1148.6932373046875,1163.65009993836,1131.9475926162377,1152.8673047281345,942567,Automobile and Auto Components,-0.0034488159640593263,-0.00854673654192395,-0.01654633135248651,-0.0038482874245184817,1165.1607421875,1164.4153686523437,1152.542333984375,1140.403094482422,1162.13224609375,1172.8535074869792,0
2024-03-13,1120.02197265625,1157.240045582074,1108.0962728586678,1148.6933183233718,1538078,Automobile and Auto Components,-0.024959896791690195,-0.0036205263065787197,-0.005508575435713592,-0.021071045968164448,1153.47353515625,1159.3519287109375,1153.00126953125,1142.2396728515625,1155.9442529296875,1170.2287719726562,0
2024-03-14,1106.158447265625,1120.0220254074695,1089.909583474531,1104.1210915951183,1500630,Automobile and Auto Components,-0.01237790483497947,-0.03880254722236132,-0.03216101993418685,-0.016412553520479545,1139.8186279296874,1155.4562133789063,1152.486376953125,1142.7558837890624,1149.211630859375,1166.2709513346354,0
2024-03-15,1112.568359375,1123.6493458594523,1092.294646383876,1111.0279080291689,1004065,Automobile and Auto Components,0.005794750404175764,0.006255488176638568,0.0032386152858583372,0.002188312632082301,1128.022119140625,1152.3257080078124,1151.7542643229167,1143.3273315429688,1142.852421875,1162.7152018229167,1
2024-03-18,1107.5,1114.0591105539224,1083.5492440984472,1112.0714939427648,1199978,Automobile and Auto Components,-0.004555548728571779,0.0009392976594504443,-0.008534900448141647,-0.008006449829614293,1118.9884033203125,1145.3839599609375,1150.5815673828124,1142.4851684570312,1135.031123046875,1158.6831095377604,0
2024-03-19,1105.810546875,1125.9849057150236,1086.8288308915128,1104.8664774304302,830859,Automobile and Auto Components,-0.0015254655756207214,-0.006478914846373529,0.010704813638812594,0.0030267076562766615,1110.411865234375,1137.7863037109375,1146.414200846354,1142.009716796875,1134.4048486328124,1153.5121826171876,0
2024-03-20,1085.934326171875,1111.6739864782166,1081.2634754928783,1103.1272590046829,1044847,Automobile and Auto Components,-0.017974345387910096,-0.0015741435379523772,-0.012709690124770634,-0.005120728527296503,1103.5943359375,1128.533935546875,1140.766064453125,1140.6495361328125,1134.51060546875,1147.2192667643228,0
2024-03-21,1095.1767578125,1115.0529240159938,1087.2262913311026,1091.0028114355628,2400850,Automobile and Auto Components,0.008511041061945557,-0.010990978121653505,0.0030395040082584757,0.005514674243024986,1101.397998046875,1120.6083129882813,1137.4368082682292,1139.7142822265625,1134.484306640625,1141.2426920572916,1
2024-03-22,1121.9598388671875,1126.5810717543625,1094.4811362496928,1095.1767535383035,1129996,Automobile and Auto Components,0.02445548708336709,0.00382578491915031,0.010338655224407356,0.0066728012157506456,1103.2762939453125,1115.6492065429688,1135.9759033203125,1139.6347717285157,1135.3171240234376,1136.2564005533854,1
2024-03-26,1123.152587890625,1133.885645825438,1120.0220671666996,1124.8917525911943,728614,Automobile and Auto Components,0.0010630942232672247,0.027132605724954795,0.006483842356503011,0.02333610883831616,1106.4068115234375,1112.697607421875,1132.3915771484376,1139.5378784179688,1135.2694970703126,1130.2604044596353,1
2024-03-27,1104.3197021484375,1135.972592629629,1100.3942080039988,1125.388510281166,1811541,Automobile and Auto Components,-0.016767878154078097,0.00044160488227196204,0.0018405266985030977,-0.01752452896964174,1106.108642578125,1108.26025390625,1127.2270833333334,1136.3378112792968,1134.829501953125,1129.6888142903647,0
2024-03-28,1122.6058349609375,1128.171137195608,1096.667462511953,1108.0465190570787,1391471,Automobile and Auto Components,0.01655873093355531,-0.015409781658206612,-0.006867644065216005,-0.003386736739377838,1113.4429443359375,1108.5186401367187,1123.5036051432292,1133.935284423828,1135.2082177734376,1130.9993286132812,1
2024-04-01,1141.48828125,1146.2586100008234,1114.0591942190151,1125.1897995516033,1247843,Automobile and Auto Components,0.016820192538656853,0.015471625242876152,0.016032561203592754,0.015858710412749666,1122.7052490234375,1112.0516235351563,1121.3072916666667,1133.7539184570312,1136.3124755859376,1132.5211303710937,1
2024-04-02,1148.1964111328125,1152.7182874865837,1128.1215317190297,1152.7182874865837,713289,Automobile and Auto Components,0.00587665243086577,0.024465639437853737,0.005635445116312532,0.012622612490418517,1127.9525634765625,1115.6144287109375,1119.7503255208333,1133.970068359375,1137.298330078125,1134.089697265625,1
2024-04-03,1134.6806640625,1137.016089381863,1098.456398854925,1118.0343744868076,1586014,Automobile and Auto Components,-0.011771284894522394,-0.030088802594953057,-0.0136218868696516,-0.026296043493559518,1130.2581787109375,1118.3324951171876,1118.551131184896,1131.8582275390625,1137.6819384765624,1134.43427734375,0
2024-04-04,1144.2210693359375,1165.2401374426822,1132.1960141420689,1145.363973051336,2867983,Automobile and Auto Components,0.008408009033378683,0.024444327641601316,0.024822910004873577,0.030715479760794695,1138.2384521484375,1122.1735473632812,1118.2529866536458,1129.9799255371095,1136.717939453125,1135.3976603190104,1
2024-04-05,1138.5565185546875,1147.7492454540015,1128.9662440670995,1142.8298215137818,838396,Automobile and Auto Components,-0.0049505737423078955,-0.0022125294641519577,-0.015010547119555517,-0.002852659817405123,1141.4285888671875,1127.4357666015626,1119.488623046875,1127.9848510742188,1135.4339453125,1136.2449462890625,0
2024-04-08,1166.631591796875,1172.6937981856145,1128.9662328295408,1145.8112350488684,2521920,Automobile and Auto Components,0.024658480088302293,0.0026087992096124335,0.021733451649315505,-9.95384830115853e-09,1146.4572509765626,1134.58125,1123.520166015625,1127.5947814941405,1136.2945849609375,1138.003271484375,1
2024-04-09,1141.587646484375,1176.1224879587403,1132.9913009819247,1175.9237748069902,1115923,Automobile and Auto Components,-0.02146688422343057,0.02628054153862225,0.0029237724105224405,0.003565268858658266,1145.135498046875,1136.5440307617187,1125.45478515625,1126.0966186523438,1136.203154296875,1138.6045247395834,0
2024-04-10,1170.1099853515625,1176.221931018144,1142.8796120706324,1146.7554889309888,1060445,Automobile and Auto Components,0.024984799857483253,-0.024804571946671405,8.455161806852907e-05,0.008727614307486586,1152.2213623046875,1141.2397705078124,1129.6287841796875,1126.9686889648438,1135.9308544921876,1140.10517578125,1
2024-04-12,1161.8116455078125,1179.650456026392,1155.799056747004,1170.010564010102,970493,Automobile and Auto Components,-0.007091931483053537,0.020279017893161777,0.0029148623383346006,0.011304291843096781,1155.7394775390626,1146.98896484375,1133.3621907552083,1127.624609375,1135.1318359375,1139.8881958007812,0
2024-04-15,1163.053955078125,1169.2155182934398,1147.8486388686129,1147.8486388686129,1166614,Automobile and Auto Components,0.0010692865535613105,-0.018941645334834556,-0.008845787902377333,-0.006878719818968815,1160.63896484375,1151.0337768554687,1138.5034993489583,1129.7762084960937,1134.515673828125,1139.6347819010416,1
2024-04-16,1173.33984375,1182.2343798889287,1155.3021980720407,1157.7867189281096,1425666,Automobile and Auto Components,0.008843861995365465,0.008658005701250193,0.011134697916506342,0.006493503543093082,1161.980615234375,1154.2189331054688,1143.7143717447916,1133.1352783203124,1134.4719482421874,1140.5755900065103,1
2024-04-18,1178.8553466796875,1189.389811619643,1167.1284816303898,1180.3460591167202,1051256,Automobile and Auto Components,0.004700686641697871,0.019484884236274702,0.006052464597913865,0.010236528224463415,1169.4341552734375,1157.2848266601563,1147.5074055989583,1136.4496276855468,1134.7641259765626,1141.7416544596354,1
2024-04-19,1185.7127685546875,1188.8930281986527,1150.92947482523,1172.693902878848,780402,Automobile and Auto Components,0.005817017239913458,-0.006482976902213444,-0.00041767923025493037,-0.013879368947051107,1172.5547119140624,1162.388037109375,1151.678084309896,1140.3602661132813,1136.0858935546876,1142.0348307291667,1
2024-04-22,1197.0421142578125,1207.4771015552033,1189.7376474125374,1198.3837312188646,757775,Automobile and Auto Components,0.00955488209588462,0.021906678526212753,0.015631409147640607,0.03371898403522988,1179.6008056640626,1167.6701416015626,1157.8595784505208,1144.9218444824219,1138.0198486328125,1142.543330891927,1
2024-04-23,1199.0794677734375,1204.495674549866,1187.3524811620896,1204.495674549866,475098,Automobile and Auto Components,0.0017019898392531818,0.005100155460876499,-0.0024691375111770553,-0.0020047833702120377,1186.805908203125,1173.7224365234374,1162.9578206380208,1150.5791015625,1141.1821484375,1143.230712890625,1
2024-04-24,1214.4337158203125,1223.377990323081,1201.563947144902,1212.4460992641418,1274760,Automobile and Auto Components,0.012805029574383564,0.00660062537563455,0.015676532653611686,0.011969037171593033,1195.0246826171874,1178.5026489257812,1167.820849609375,1156.5419494628907,1145.5131591796876,1144.564070638021,1
2024-04-25,1303.7274169921875,1317.6904723782457,1229.539601831174,1233.0676698839409,6402642,Automobile and Auto Components,0.07352702746033346,0.017008237011372884,0.07709185779144012,0.02328270147647693,1219.9990966796875,1194.7166259765625,1178.1895833333333,1165.6303283691407,1153.159521484375,1148.9699544270834,1
2024-04-26,1301.78955078125,1317.7898405705275,1298.2614826973645,1309.8393739607504,1068859,Automobile and Auto Components,-0.001486404432153754,0.06226073876710725,7.541087559248538e-05,0.055892368788969415,1243.214453125,1207.8845825195312,1189.33017578125,1174.5621765136718,1160.931103515625,1153.940653483073,0
2024-04-29,1274.062255859375,1308.746190207681,1265.664624149593,1304.1249572944344,1178300,Automobile and Auto Components,-0.021299368169943378,-0.0043626850588835975,-0.006862740995886907,-0.025108084143454557,1258.6184814453125,1219.1096435546874,1197.9862548828125,1183.0493041992188,1167.661171875,1158.1196207682292,0
2024-04-30,1263.3289794921875,1292.9445134136188,1258.7574858752205,1283.0064310660891,621752,Automobile and Auto Components,-0.008424452037430252,-0.01619363705158916,-0.012073904712994521,-0.00545732111222863,1271.4683837890625,1229.1371459960938,1206.3044189453126,1190.0854614257812,1174.7569580078125,1162.8965209960938,0
2024-05-02,1266.3602294921875,1277.043668744329,1254.981172954075,1263.6272566602445,492405,Automobile and Auto Components,0.00239941460158577,-0.015104502936701514,-0.012298164773760223,-0.003000032145604181,1281.8536865234375,1238.4391845703126,1212.9529947916667,1196.3290588378907,1181.604296875,1168.2365804036458,1
2024-05-03,1244.44677734375,1273.0187676358355,1234.508693763894,1267.0062998587207,683589,Automobile and Auto Components,-0.017304280123535465,0.002674082234825237,-0.0031517333408425108,-0.016312977143705942,1269.99755859375,1244.9983276367188,1219.8102701822916,1201.1415771484376,1186.5037744140625,1172.6325276692708,0
2024-05-06,1240.67041015625,1254.0868233327642,1231.1794915685457,1254.0868233327642,1136733,Automobile and Auto Components,-0.003034575086899749,-0.01019685263395853,-0.014871693005933051,-0.002696783110694656,1257.77373046875,1250.494091796875,1224.514298502604,1206.441064453125,1191.2044873046875,1177.0715413411458,0
2024-05-07,1232.2724609375,1242.5584731251345,1216.1230772697888,1241.9620911381269,713704,Automobile and Auto Components,-0.006768880074839778,-0.009668176053724498,-0.009192625257789522,-0.012229260154077659,1249.415771484375,1254.0171264648438,1229.2116861979166,1210.8436340332032,1196.32259765625,1181.2869384765625,0
2024-05-08,1396.44970703125,1465.2709293432513,1201.663287202337,1234.3098644260715,12388890,Automobile and Auto Components,0.1332312871528798,-0.00616140119465558,0.1792370025516603,-0.01189007127462316,1276.0399169921875,1273.754150390625,1244.7714029947917,1223.7382934570312,1207.2763525390626,1191.637451171875,1
2024-05-09,1404.002685546875,1454.2397439855324,1382.387354872202,1402.2635210098324,9267970,Automobile and Auto Components,0.00540870070550703,0.13607090198688154,-0.007528427089359635,0.15039493142094673,1303.568408203125,1292.7110473632813,1260.14892578125,1235.6068481445313,1217.7769287109375,1201.9316487630208,1
2024-05-10,1389.0457763671875,1429.0962983445006,1381.3935011814017,1411.80401010998,2132506,Automobile and Auto Components,-0.010653048839334378,0.00680363494963987,-0.017289752769459432,-0.0007189400910659893,1332.4882080078125,1301.2428833007812,1274.16162109375,1247.979754638672,1227.4109033203124,1210.8345133463542,0
2024-05-13,1407.2325439453125,1414.1892020015391,1360.4241975727414,1381.8406935142891,1603773,Automobile and Auto Components,0.013092993684980847,-0.021223425051297817,-0.010431134948869603,-0.01517981921206868,1365.800634765625,1311.7871826171875,1288.9296061197917,1259.8358825683595,1238.312978515625,1220.3038452148437,1
2024-05-14,1431.9287109375,1440.8233682978334,1399.3814880636317,1405.195242543088,726933,Automobile and Auto Components,0.01754945698096866,0.016901043035144392,0.01883352401404159,0.028636134641237376,1405.731884765625,1327.573828125,1304.588712565104,1273.3417358398438,1249.8212841796876,1231.2241455078124,1
2024-05-15,1453.6434326171875,1458.3640223043617,1422.1397562833206,1430.139962068435,888218,Automobile and Auto Components,0.01516466672804584,0.017751781937578093,0.012174048806031346,0.01626309081105548,1417.1706298828126,1346.6052734375,1321.5596435546875,1287.8712097167968,1262.4247607421876,1242.2587320963542,1
2024-05-16,1473.8177490234375,1483.0602149908516,1448.177445659606,1459.0099806874107,1258685,Automobile and Auto Components,0.013878449111779378,0.020186848409732283,0.016934175767355786,0.018308811958350324,1431.133642578125,1367.351025390625,1338.851912434896,1302.8951049804687,1274.71220703125,1253.3363810221354,1
2024-05-17,1470.0909423828125,1481.569476887667,1462.3889279812802,1479.780573404095,523810,Automobile and Auto Components,-0.0025286753691862174,0.014236086792839053,-0.0010051770576245955,0.009813357033192194,1447.34267578125,1389.9154418945313,1349.9428141276042,1317.456884765625,1287.8523388671874,1264.0661987304688,0
2024-05-21,1492.749755859375,1500.6504830556285,1457.966466517026,1480.8240566562838,1171767,Automobile and Auto Components,0.015413205280916609,0.0007051607994745801,0.012878914195806113,-0.0030241349477112545,1464.4461181640625,1415.1233764648437,1362.673494466146,1332.8087341308594,1300.7579296875,1276.001835123698,1
2024-05-22,1469.14697265625,1501.5947191227858,1450.960230826258,1498.6630329356146,766715,Automobile and Auto Components,-0.01581161417744592,0.01204665483326317,0.0006292178477393939,-0.004805484797949622,1471.8897705078125,1438.8108276367188,1375.6791422526042,1346.4139770507813,1313.0513427734375,1286.8326985677083,0
2024-05-23,1484.0042724609375,1490.6131220456946,1454.786283617191,1471.8301205522507,399306,Automobile and Auto Components,0.01011287507731451,-0.017904566799651467,-0.0073132896228528255,0.0026369108605781566,1477.9619384765624,1447.5662841796875,1390.3908284505208,1360.6602172851562,1325.88935546875,1298.3476236979166,1
2024-05-24,1563.7574462890625,1577.1738590789591,1471.3332692919969,1484.004325815788,3141428,Automobile and Auto Components,0.0537418761577213,0.008271474468106055,0.058070558854647736,0.011374169430346415,1495.9498779296875,1463.5417602539062,1410.2173095703124,1378.1264038085938,1341.5060595703126,1311.5851521809896,1
2024-05-27,1562.2666015625,1581.148958706067,1523.6074355688258,1580.0557938711788,2895264,Automobile and Auto Components,-0.0009533733828737123,0.0647245202621558,0.0025203940606961517,0.03552843354244484,1514.385009765625,1480.8638427734375,1431.4052978515624,1391.0533630371094,1356.842509765625,1325.607784016927,0
2024-05-28,1555.5584716796875,1590.093310773039,1549.99316935488,1569.2233360691432,1009029,Automobile and Auto Components,-0.004293844518024836,-0.006855743856674756,0.005656868707861307,0.01731793450863761,1526.9467529296876,1495.696435546875,1452.3978352864583,1403.7418090820313,1371.636337890625,1338.4560668945312,0
2024-05-29,1558.9375,1563.2605420804257,1535.5332647189605,1545.371991694254,740468,Automobile and Auto Components,0.002172228419458744,-0.015199458118330234,-0.01687496482805051,-0.009329011844573354,1544.9048583984375,1508.397314453125,1474.1755045572916,1417.9855712890626,1386.1121533203125,1351.6935953776042,1
2024-05-30,1544.7259521484375,1569.918969029443,1539.260006338123,1550.440350041039,919313,Automobile and Auto Components,-0.009116175505151758,0.0032797011813501253,0.004259320036413161,0.0024270015536553835,1557.0491943359375,1517.50556640625,1484.0605875651042,1432.055419921875,1399.9380126953124,1364.415995279948,0
2024-05-31,1544.9246826171875,1577.1239732627216,1538.5145465369396,1559.285163481005,2388880,Automobile and Auto Components,0.0001286509548659165,0.005704710561571735,0.00458941153996828,-0.00048429751836198687,1553.2826416015625,1524.616259765625,1493.4553873697917,1445.983642578125,1413.1576513671876,1376.802156575521,1
2024-06-03,1598.292236328125,1639.7339948938145,1579.0620695305856,1639.7339948938145,1873076,Automobile and Auto Components,0.0345437899409633,0.0515934052968301,0.03969885861386446,0.02635498187840657,1560.4877685546876,1537.4363891601563,1507.4051513671875,1463.6759155273437,1424.940244140625,1390.7833862304688,1
2024-06-04,1437.2952880859375,1604.0066343790515,1404.1020658129644,1598.2922365180357,3325214,Automobile and Auto Components,-0.10073060769666109,-0.025273464174573324,-0.021788509981508608,-0.11079995339868576,1536.8351318359375,1531.8909423828125,1509.409334309896,1473.5071594238282,1430.3604736328125,1399.1694702148438,0
2024-06-05,1492.1038818359375,1505.5699121977093,1397.5429930145765,1480.7744423763336,2791709,Automobile and Auto Components,0.03813314786760991,-0.07352710064945367,-0.06136927371216849,-0.004671364680736589,1523.468408203125,1534.1866333007813,1513.4210123697917,1486.49873046875,1439.082138671875,1409.004862467448,1
2024-06-06,1547.4093017578125,1569.0742504651882,1487.8304198549206,1505.61961314441,1052271,Automobile and Auto Components,0.037065395107628296,0.016778497829963435,0.042179601062019456,0.06460440021640346,1524.005078125,1540.5271362304688,1519.6720703125,1494.0467102050782,1450.4453515625,1420.6158569335937,1
2024-06-07,1573.397216796875,1580.0558050464451,1529.172748437313,1540.1543784321675,779819,Automobile and Auto Components,0.016794467378179023,0.022937244564470882,0.006998747559588736,0.027786989720524513,1529.6995849609375,1541.49111328125,1526.310701497396,1502.5164367675782,1462.7268310546874,1432.5813069661458,1
2024-06-10,1571.01220703125,1594.96296276581,1547.7073296392207,1584.0310714806633,2285921,Automobile and Auto Components,-0.0015158344886870845,0.028488503271445476,0.009434576723020616,0.012120658846980215,1524.2435791015625,1542.365673828125,1533.0387858072916,1511.6147583007812,1475.7894482421875,1441.4907999674479,0
2024-06-11,1592.6771240234375,1609.422769265485,1574.1923142927458,1580.1551639680972,788578,Automobile and Auto Components,0.013790419256593633,-0.0024468633111742744,0.009065919922429,0.01711239854352753,1555.3199462890625,1546.0775390625,1539.7006103515625,1520.8869873046874,1489.869716796875,1451.1870524088542,1
2024-06-12,1621.4976806640625,1634.7649978823931,1595.112141742898,1595.5095680315628,995791,Automobile and Auto Components,0.018095668108686125,0.0097170229946959,0.015746160114581853,0.013289245068859978,1581.1987060546876,1552.3335571289062,1549.85732421875,1530.3654357910157,1505.4387255859374,1462.7682332356771,1
2024-06-13,1626.8145751953125,1644.7528649368892,1613.5969965618606,1629.8457392728087,1143028,Automobile and Auto Components,0.0032790022425888132,0.021520504752351677,0.006109665344825599,0.01158843590693559,1597.0797607421875,1560.5424194335938,1559.3780110677083,1539.023992919922,1514.6533203125,1474.8844197591145,1
2024-06-14,1706.6671142578125,1728.6798719817157,1616.926172448604,1628.8518725527117,3052519,Automobile and Auto Components,0.04908521246369646,-0.0006097918938883229,0.051027123183060574,0.0020632015886474786,1623.733740234375,1576.7166625976563,1568.905322265625,1550.6664611816407,1526.7598974609375,1489.5613159179688,1
2024-06-18,1686.1944580078125,1723.2635553305092,1681.0267034841734,1709.3502394281868,1438259,Automobile and Auto Components,-0.011995693875488489,0.049420311467192723,-0.0031332097625440536,0.03964344948322429,1646.7701904296875,1585.506884765625,1577.1671793619792,1561.4716369628907,1538.6458447265625,1504.286238606771,0
2024-06-19,1692.8531494140625,1722.6673995928431,1677.5484767260562,1709.3503435834225,3289884,Automobile and Auto Components,0.0039489463238522315,6.093264759421402e-08,-0.0003459457700605295,-0.002069108569725975,1666.8053955078126,1611.0626708984375,1586.320157877604,1571.476806640625,1550.0706689453125,1519.3589965820313,1
2024-06-20,1780.3082275390625,1789.5505720164551,1686.49269898384,1693.4493571411097,3677708,Automobile and Auto Components,0.051661349453300476,-0.009302356595300765,0.038825354470294116,0.005331722082475787,1698.5675048828125,1639.88310546875,1601.0782063802083,1587.0348693847657,1564.005849609375,1537.62685546875,1
2024-06-21,1741.3509521484375,1793.3271776718748,1735.6862930473424,1793.3271776718748,925218,Automobile and Auto Components,-0.021882320593707538,0.058978923762668334,0.002110365426088112,0.029169171080991374,1721.4747802734375,1659.2772705078125,1614.1865397135416,1599.9022033691406,1575.514150390625,1549.1235636393228,0
2024-06-24,1732.3072509765625,1765.3017598492172,1723.2636195658454,1738.170744302574,1489126,Automobile and Auto Components,-0.0051934971297527,-0.030756481057129692,-0.015627610048848162,-0.007157211260616969,1726.6028076171874,1675.1682739257812,1626.6787109375,1608.3296936035156,1585.85373046875,1560.067049153646,0
2024-06-25,1708.8037109375,1753.823277509003,1704.778859927409,1741.9473163075124,1133078,Automobile and Auto Components,-0.013567766356581745,0.002172727861930346,-0.006502277741565643,-0.010726600056173319,1731.124658203125,1688.9474243164063,1634.046142578125,1615.6565490722655,1595.4022412109375,1570.7256469726562,0
2024-06-26,1669.10107421875,1716.1082563024788,1663.6351284561997,1708.4558594462133,2063096,Automobile and Auto Components,-0.023234170469449644,-0.019226446487654147,-0.021504459252070007,-0.024134351051819825,1726.3742431640626,1696.5898193359376,1649.499861653646,1621.3336791992188,1602.4562939453126,1579.4545979817708,0
2024-06-27,1670.1446533203125,1685.9461088653268,1664.281159854898,1670.591818547249,1401014,Automobile and Auto Components,0.0006252342159991375,-0.02216272705531752,-0.01757590019532873,0.0003883251727785364,1704.3415283203126,1701.4545166015625,1661.369246419271,1626.8940368652343,1610.496201171875,1587.3951293945313,1
2024-06-28,1660.0076904296875,1682.368377459701,1656.1318137482535,1674.5670064699057,1106864,Automobile and Auto Components,-0.006069511925492432,0.002379508793544538,-0.0021220912025674554,-0.004896616210781968,1688.0728759765625,1704.773828125,1668.8758056640625,1632.6581237792968,1617.536337890625,1594.2739379882812,0
2024-07-01,1655.6348876953125,1686.2939707803514,1652.454749663344,1662.7406412982152,1139145,Automobile and Auto Components,-0.002634206310961784,-0.007062342161285762,0.0023333732214927405,-0.002220272598101536,1672.7384033203125,1699.67060546875,1674.3583170572917,1638.1936340332031,1621.211435546875,1600.3345092773438,0
2024-07-02,1635.3116455078125,1670.840294141604,1630.8892468610131,1658.4176897241946,1389017,Automobile and Auto Components,-0.012275195659708804,-0.002599895297348054,-0.00916428387133228,-0.013050585988345187,1658.039990234375,1694.58232421875,1678.6449462890625,1640.0446044921875,1624.1332373046876,1605.841866048177,0
2024-07-03,1647.336669921875,1659.6101785819865,1628.9015981177097,1659.6101785819865,1034534,Automobile and Auto Components,0.0073533533789080785,0.0007190521815949591,-0.006721238169197452,-0.001218751516774752,1653.687109375,1690.0306762695313,1682.288916015625,1650.5466735839843,1627.804365234375,1610.9947631835937,1
2024-07-04,1659.9581298828125,1669.995569920761,1617.1746320350844,1639.783771920657,1511383,Automobile and Auto Components,0.007661736784828621,-0.01194642387543654,0.006257729358859487,-0.007199309090356598,1651.6498046875,1677.9956665039062,1684.8529459635417,1658.939385986328,1631.8451904296876,1617.355135091146,1
2024-07-05,1668.3885498046875,1682.1067992050848,1656.6656821352572,1674.1252722812171,1214143,Automobile and Auto Components,0.005078694317711685,0.02094270046369373,0.007252252342740295,0.024419780843628835,1653.3259765625,1670.6994262695312,1687.6245442708334,1664.988348388672,1636.7916943359376,1623.5012776692708,1
2024-07-08,1670.2342529296875,1689.340057354308,1642.4485866939492,1679.0637927282594,1498080,Automobile and Auto Components,0.0011062789451630195,0.002949910934868516,0.004300118252088092,-0.008581752851295699,1656.245849609375,1664.4921264648438,1685.1956868489583,1669.8302001953125,1641.8040771484375,1627.0505045572916,1
2024-07-09,1666.1436767578125,1677.966288669336,1658.6110623181758,1677.118275826277,613813,Automobile and Auto Components,-0.002449103270813602,-0.001158691474622886,-0.006732669740149633,0.009840475832951112,1662.412255859375,1660.226123046875,1683.8589680989583,1674.5867736816406,1644.518134765625,1630.5130737304687,0
2024-07-10,1655.96728515625,1674.723799651024,1599.2983974061494,1674.723799651024,936230,Automobile and Auto Components,-0.006107751536389094,-0.0014277324442567574,-0.0019323922299318008,-0.03576044213109697,1664.13837890625,1658.912744140625,1681.3999104817708,1677.7512817382812,1653.2650146484375,1633.8600341796875,0
2024-07-11,1636.911376953125,1661.8038374647376,1628.2315150185848,1661.8038374647376,836449,Automobile and Auto Components,-0.01150741827688162,-0.007714682378657578,-0.007714682378657578,0.01809113149826258,1659.5290283203126,1655.5894165039062,1671.8401204427084,1678.5219665527343,1659.057314453125,1636.4591634114583,0
2024-07-12,1615.2115478515625,1644.7931058194345,1610.22309361713,1643.1968248221028,1108682,Automobile and Auto Components,-0.01325656929696073,-0.011196876684929191,-0.010236305430161297,-0.011060111068571965,1648.8936279296875,1651.1098022460938,1663.4308268229167,1677.9418151855468,1661.769404296875,1638.808683268229,0
2024-07-15,1630.02734375,1633.7187511440825,1598.9492497140611,1624.2406881603456,1267534,Automobile and Auto Components,0.009172665907536626,-0.011536132723363512,-0.006732977318648636,-0.007001417348787231,1640.85224609375,1648.5490478515626,1656.612166341146,1674.1098266601562,1664.034609375,1641.645438639323,1
2024-07-16,1649.5321044921875,1659.9081134508588,1630.2767446038026,1630.476234053834,814531,Automobile and Auto Components,0.011965910152964332,0.003839052881104088,0.01603052072973754,0.019592551105261036,1637.529931640625,1649.97109375,1652.6607259114583,1672.276708984375,1667.1754052734375,1643.3534342447917,1
2024-07-18,1617.7557373046875,1662.0033028017417,1608.427352076313,1658.1122840712587,1232254,Automobile and Auto Components,-0.019263867069312046,0.016949679756271818,0.0012622321283357607,-0.013402259830921914,1629.8876220703125,1647.0130004882812,1649.237703450521,1668.5218383789063,1668.1785498046875,1649.3687825520833,0
2024-07-19,1575.7529296875,1630.5261809051376,1571.3630656543348,1623.1432443659642,945152,Automobile and Auto Components,-0.025963627665550826,-0.02108966928309164,-0.01893926554991865,-0.023043805102003434,1617.6559326171875,1638.59248046875,1642.944921875,1658.2940734863282,1666.348759765625,1652.1570841471355,0
2024-07-22,1621.696533203125,1642.4984847253545,1545.8720290806937,1566.3246913768758,1555103,Automobile and Auto Components,0.029156603582984664,-0.03500526104908441,0.007342601400960547,-0.01622224496095459,1618.9529296875,1633.9232788085938,1640.3908447265626,1652.3113525390625,1666.1440380859376,1654.6333251953124,1
2024-07-23,1595.00830078125,1630.4762589384227,1496.53626336707,1626.2360728588826,1886680,Automobile and Auto Components,-0.01645698308866783,0.038249656544290245,-0.007319474507120782,-0.03191452124466143,1611.94912109375,1626.40068359375,1636.349072265625,1645.4464050292968,1661.677685546875,1655.3536946614583,0
2024-07-24,1587.475830078125,1608.5270827846375,1581.3400069552804,1594.8088335129437,1093834,Automobile and Auto Components,-0.00472252758774705,-0.019325139732443986,-0.013461818921592816,0.05666668136554853,1599.5378662109374,1618.5338989257812,1633.160017903646,1639.3800109863282,1657.7289404296876,1655.902482096354,0
2024-07-25,1588.722900390625,1600.1963449236437,1554.9510901880783,1566.3746014642766,447267,Automobile and Auto Components,0.0007855680627519845,-0.01782924163144617,-0.005179109478574584,-0.016687693128065173,1593.731298828125,1611.8094604492187,1629.2524332682292,1635.361102294922,1653.56373046875,1655.7706746419271,1
2024-07-26,1681.0093994140625,1690.38771810704,1600.89477249403,1600.89477249403,2755566,Automobile and Auto Components,0.05808848037675207,0.022038260194900516,0.056362691659378905,0.02954670574261886,1614.7825927734375,1616.2192626953124,1630.655851236979,1635.9043395996093,1649.59177734375,1657.7543986002604,1
2024-07-29,1732.989013671875,1742.9659222134517,1687.3446570941614,1691.036064539171,1776427,Automobile and Auto Components,0.030921667824064913,0.05630681890772271,0.031104227475866164,0.05400097875605625,1637.0410888671875,1627.9970092773438,1634.962548828125,1639.5534057617188,1649.2572998046876,1661.293546549479,1
2024-07-30,1739.8231201171875,1748.9520155199436,1715.2300169331656,1736.4309469558689,867925,Automobile and Auto Components,0.003943537086154025,0.026844420038474093,0.0034344293426518124,0.016526179000694752,1666.004052734375,1638.9765869140624,1639.601806640625,1643.7628173828125,1649.5579345703125,1662.3987467447917,1
2024-07-31,1729.4970703125,1740.9705149670103,1718.0735589153387,1732.1409753949215,620610,Automobile and Auto Components,-0.005935114716714374,-0.0024705684775245818,-0.004563590357029024,0.0016578196242491572,1694.40830078125,1646.9730834960938,1643.8253662109375,1648.4720886230468,1650.3856689453125,1663.842167154948,0
2024-08-01,1713.583984375,1767.110001554097,1699.7160570708668,1735.982095454426,1134832,Automobile and Auto Components,-0.00920099039810729,0.002217556257872566,0.015014318945879346,-0.010684933569469202,1719.380517578125,1656.555908203125,1647.6664794921876,1651.7844543457031,1652.1649853515626,1664.5331949869792,0
2024-08-02,1651.5775146484375,1703.058339933738,1644.19457774505,1703.058339933738,1338199,Automobile and Auto Components,-0.036185252833801584,-0.018965492562911246,-0.0362465616537897,-0.03266514962593059,1713.494140625,1664.1383666992188,1648.6442220052083,1651.3654235839845,1651.4222998046876,1660.2421712239584,0
2024-08-05,1549.4638671875,1593.9608559999338,1534.5483154845429,1576.3016543817785,2625461,Automobile and Auto Components,-0.0618279472536134,-0.07442885694502466,-0.06405974556223881,-0.06668691391190629,1676.789111328125,1656.9151000976562,1644.2610432942708,1645.419189453125,1647.000546875,1653.8459350585938,0
2024-08-06,1513.9459228515625,1605.0351456445403,1506.9122754728469,1564.3792437424331,2039941,Automobile and Auto Components,-0.022922731589996803,-0.007563533671492095,0.006947654707404549,-0.01800923420450906,1631.613671875,1648.8088623046874,1636.5222819010417,1637.6047729492188,1641.33298828125,1646.5672241210937,0
2024-08-07,1553.853515625,1572.8595744213917,1526.4669513889814,1555.399985108119,1457651,Automobile and Auto Components,0.026359985631633664,-0.005739822150051865,-0.020046645900845816,0.012976651816044571,1596.4849609375,1645.446630859375,1630.143709309896,1631.9902648925781,1638.0746630859376,1641.402217610677,1
2024-08-08,1601.74267578125,1639.2060147297952,1532.602775135029,1558.3930584345344,4108498,Automobile and Auto Components,0.03081961051971338,0.0019243110165050314,0.0421820494260019,0.00401962436229919,1574.11669921875,1646.7486083984375,1629.076171875,1629.279034423828,1636.2509033203125,1639.1569376627604,1
2024-08-09,1632.77099609375,1651.1284101547162,1614.1640375338657,1624.2906239372523,2016949,Automobile and Auto Components,0.019371601182671894,0.042285587160478366,0.0072732745718275815,0.05321748317443231,1570.3553955078125,1641.9247680664062,1632.8773763020833,1629.0720153808593,1635.16341796875,1637.9111490885416,1
2024-08-12,1589.870361328125,1626.186212175812,1561.9350164985578,1626.186212175812,1651574,Automobile and Auto Components,-0.026274740835218635,0.0011670252913020818,-0.015106152753175062,-0.032356699703893654,1578.4366943359375,1627.6129028320313,1630.7556315104166,1627.8049560546874,1632.0226904296876,1635.5732381184896,0
2024-08-13,1577.399169921875,1601.2938171066282,1572.6102051179582,1591.2669753308674,479156,Automobile and Auto Components,-0.007844156171218919,-0.021473086282181253,-0.015307223049123131,0.006834592032728404,1591.12734375,1611.3705078125,1629.581689453125,1625.1735473632812,1628.309287109375,1632.965380859375,0
2024-08-14,1563.5810546875,1580.2923764600869,1549.663316016152,1570.4651459246406,464424,Automobile and Auto Components,-0.008760062448276429,-0.01307249489162654,-0.013115294908518926,-0.014591593662006686,1593.0728515625,1594.77890625,1627.9887044270833,1620.875994873047,1624.2067822265626,1630.5743611653645,0
2024-08-16,1580.8411865234375,1598.1012873226591,1572.1613246532938,1579.244905486087,744491,Automobile and Auto Components,0.011038846872819974,0.005590547223687015,0.011269377191114982,0.014517997815796102,1588.8925537109376,1581.5046264648438,1627.4632568359375,1619.0302673339843,1621.20173828125,1628.3578450520833,1
2024-08-19,1584.03369140625,1609.9736531390472,1556.547381950903,1606.2822457616758,1185925,Automobile and Auto Components,0.0020194975371519153,0.017120422666341728,0.007429044648526784,-0.009931514315704382,1579.1450927734375,1574.750244140625,1620.9982096354167,1619.4443054199219,1619.086630859375,1625.827030436198,1
2024-08-20,1573.757568359375,1600.9446439737062,1547.4684388661396,1596.305357171739,1042184,Automobile and Auto Components,-0.006487313434446085,-0.006211167817027019,-0.00560817200190622,-0.005832744438132198,1575.9225341796875,1577.1796142578125,1610.3827799479166,1617.0473571777343,1617.4284716796874,1622.6726643880208,0
2024-08-21,1596.305419921875,1606.2823287963868,1569.5174439514988,1573.358529510498,853929,Automobile and Auto Components,0.014327398333662034,-0.014374961255468666,0.003334084562369277,0.014248436046627733,1579.7037841796875,1585.4155639648438,1600.8149332682292,1617.1122131347656,1616.0795947265624,1620.208369954427,1
2024-08-22,1617.4564208984375,1644.144652185243,1590.3192774268553,1604.1872051447897,955957,Automobile and Auto Components,0.013249971285318018,0.019594183433754964,0.02357140006466185,0.013253649110763988,1590.478857421875,1591.7758544921876,1593.345556640625,1618.6112426757813,1614.7965673828126,1618.5854614257812,1
2024-08-23,1616.55859375,1633.170049596313,1598.2010570621037,1632.7211374123085,868264,Automobile and Auto Components,-0.0005550858352887378,0.01778715861590685,-0.006674961703852289,0.00495609890864257,1597.6223388671874,1593.2574462890625,1586.877197265625,1620.00302734375,1614.748681640625,1617.2718383789063,0
2024-08-26,1630.9251708984375,1634.367277376812,1609.9736632139145,1618.2545459188848,713146,Automobile and Auto Components,0.008887136664258222,-0.008860417839847257,0.0007330698850342987,0.007366160909348718,1607.000634765625,1593.0728637695313,1585.5003743489583,1617.4988159179688,1616.9555712890624,1617.0722981770834,1
2024-08-27,1603.6883544921875,1641.1017627166766,1598.4005440810845,1641.1017627166766,659375,Automobile and Auto Components,-0.01670022444453778,0.014118432020111316,0.004120545873063319,-0.007188390342812934,1612.9867919921876,1594.4546630859375,1589.115340169271,1611.0337829589844,1616.235244140625,1616.6881917317708,0
2024-08-28,1580.8411865234375,1616.2592124758405,1575.6033094459694,1610.2730672444482,927975,Automobile and Auto Components,-0.014246638322683691,-0.01878536491313898,-0.015137726864488776,-0.014262529326290463,1609.8939453125,1594.7988647460938,1593.5750244140625,1603.0846862792969,1615.6685595703125,1615.048653157552,0
2024-08-29,1574.2564697265625,1585.3308141777943,1552.6564377370628,1580.8412052012054,816590,Automobile and Auto Components,-0.004165324672085524,-0.018277559652418174,-0.019135790880145387,-0.014563863614233896,1601.253955078125,1595.86640625,1594.9352213541667,1595.32265625,1615.13978515625,1612.5394653320313,0
2024-08-30,1583.33544921875,1586.3784551616727,1571.4629032191572,1575.852767511667,931250,Automobile and Auto Components,0.005767153997318086,-0.003155558998035768,0.0006608343031682118,0.012112444855800764,1594.609326171875,1596.1158325195313,1593.7080729166667,1588.8102294921875,1614.924287109375,1611.3921223958334,1
2024-09-02,1558.842041015625,1595.307690793221,1541.9312295940729,1593.3123090661495,931058,Automobile and Auto Components,-0.015469500297748406,0.011079424369099922,0.005628691944532305,-0.018792472647358283,1580.1927001953125,1593.5966674804688,1588.7794759114583,1584.1734558105468,1610.0375927734376,1610.8284261067708,0
2024-09-03,1563.4813232421875,1587.3760924259095,1560.438439190509,1573.009319676009,878145,Automobile and Auto Components,0.0029761079727743667,-0.012742630101213681,-0.004971829831377339,0.012002616745306005,1572.1512939453125,1592.56904296875,1587.0202067057292,1584.8743286132812,1603.25728515625,1608.887919108073,1
2024-09-04,1601.9921875,1611.1710166129085,1550.411618034933,1564.3792902694822,1095011,Automobile and Auto Components,0.024631483398824816,-0.005486318039300775,0.01499009862913736,-0.006425643526685509,1576.381494140625,1593.1377197265624,1588.6597412109375,1589.2766418457031,1597.7440478515625,1609.1207153320313,1
2024-09-05,1605.234619140625,1626.1363151923863,1586.527915997395,1621.2476057466026,1562878,Automobile and Auto Components,0.002023999658628206,0.036351999691407455,0.009288460644568008,0.023294651267021127,1582.5771240234376,1591.9155395507812,1591.4366455078125,1591.8456970214843,1592.7735498046875,1609.7126749674478,1
2024-09-06,1547.6180419921875,1602.291550848598,1543.6272784782434,1602.291550848598,1243240,Automobile and Auto Components,-0.03589293207449196,-0.011692263927369106,-0.014663447412751052,-0.027040581565929478,1575.433642578125,1585.021484375,1589.221769205729,1589.1394653320312,1586.134912109375,1608.3425130208334,0
2024-09-09,1551.5589599609375,1557.4453603724194,1521.229133563358,1531.455464843256,950996,Automobile and Auto Components,0.002546440957535534,-0.04420923643254937,-0.027988782973003556,-0.014510073271681412,1573.9770263671876,1577.08486328125,1587.056787109375,1585.0788635253907,1582.134169921875,1604.027498372396,1
2024-09-10,1567.023193359375,1574.3561969150755,1549.4638583598346,1561.3862155716686,424183,Automobile and Auto Components,0.009966900258064904,0.019543990286048585,0.010858060881578702,0.018560468093546945,1574.685400390625,1573.4183471679687,1586.6078287760417,1583.936505126953,1582.83654296875,1598.4953043619792,1
2024-09-11,1558.09375,1577.9478222506468,1548.6656201933397,1567.3723236100734,1122926,Automobile and Auto Components,-0.005698347923129399,0.0038338419916261746,0.00228132956354421,-0.0005151705618612334,1565.905712890625,1571.143603515625,1584.0603841145833,1582.9712341308593,1584.6024560546875,1592.4376586914063,0
2024-09-12,1587.326171875,1590.4189892098411,1562.6832561370038,1565.3769727667348,445898,Automobile and Auto Components,0.018761657875208115,-0.0012730547893960997,0.00790340896152486,0.009051428378654247,1562.3240234375,1572.4505737304687,1582.0517008463542,1584.1584899902343,1585.9413623046876,1587.6986287434895,1
2024-09-13,1612.517822265625,1625.9367153658577,1583.435109883782,1584.3330559986464,1776046,Automobile and Auto Components,0.015870493939420083,0.012109596321969285,0.02233230764784988,0.013279628910901176,1575.3039794921874,1575.3688110351563,1581.782316080729,1585.7423217773437,1586.3723681640624,1584.3297566731771,1
2024-09-16,1597.5025634765625,1621.247654766361,1582.936301212964,1621.247654766361,1739277,Automobile and Auto Components,-0.009311685478282428,0.023299771868009245,-0.0028839133498758107,-0.0003150168059962155,1584.4927001953124,1579.23486328125,1579.5541422526042,1586.4157653808593,1584.961630859375,1582.5272583007813,0
2024-09-17,1592.414306640625,1606.2822335112344,1574.4558717318037,1602.2914701981629,1441523,Automobile and Auto Components,-0.003185132188372908,-0.011692343555574691,-0.009230805183359392,-0.005357404132220633,1589.5709228515625,1582.1281616210938,1578.8025390625,1587.3486022949219,1585.063388671875,1583.9589396158854,0
2024-09-18,1572.0614013671875,1609.2253850033972,1558.4430188882886,1596.2554041370688,366662,Automobile and Auto Components,-0.012781162030862547,-0.0037671460987978023,0.0018322754437303246,-0.010170404347949025,1592.364453125,1579.1350830078125,1578.2172200520833,1586.1364013671875,1584.8498779296874,1585.896122233073,0
2024-09-19,1582.2877197265625,1591.1173809838538,1530.5076631914596,1576.3015747594125,887601,Automobile and Auto Components,0.00650503749438891,-0.012500398949905733,-0.011252621409216235,-0.017925169774097083,1591.3567626953125,1576.8403930664062,1578.75263671875,1584.3779663085938,1585.59814453125,1586.8439290364583,1
2024-09-20,1587.67529296875,1597.2531006695883,1569.3676904229017,1582.287738078143,976662,Automobile and Auto Components,0.003404926408149489,0.003797600290822656,0.00385623321011086,0.025390285959372427,1586.3882568359375,1580.8461181640625,1579.0419596354166,1582.9338012695312,1585.8715087890625,1586.3750162760416,1
2024-09-23,1578.54638671875,1622.245293904616,1573.458187829872,1597.103533636965,2341523,Automobile and Auto Components,-0.005749857222335453,0.009363528012178879,0.01564698370255191,0.0026064621005852384,1582.597021484375,1583.5448608398438,1580.3555826822917,1580.3148620605468,1585.6520166015625,1584.567529296875,0
2024-09-24,1569.1182861328125,1584.732172310864,1553.9035006529043,1579.2448726295856,1095753,Automobile and Auto Components,-0.005972647155168653,-0.011181905638084189,-0.023124198131258433,-0.012427840363484766,1577.9378173828125,1583.7543701171876,1580.7313802083333,1578.586358642578,1585.4664453125,1583.8757934570312,0
2024-09-25,1555.89892578125,1577.7483803887671,1550.2619479572822,1573.358516163534,1014215,Automobile and Auto Components,-0.008424706071167187,-0.0037273234620356366,-0.004406922535000302,-0.002343487027406832,1574.705322265625,1583.5348876953126,1577.65849609375,1577.3392456054687,1583.850185546875,1583.1591186523438,0
2024-09-26,1524.970458984375,1551.5090111454874,1499.1302417004893,1548.4161938788027,1967406,Automobile and Auto Components,-0.01987819792429324,-0.015852917201319427,-0.016630896009422136,-0.0329826235651125,1563.2418701171875,1577.29931640625,1572.3075520833333,1574.8749450683595,1580.1507470703125,1581.8720987955728,0
2024-09-27,1518.984375,1535.446274630542,1516.4901477832511,1530.4578201970442,1217594,Automobile and Auto Components,-0.003925377012458098,-0.011597898389820283,-0.010352976617961307,0.011579985247359259,1549.5036865234374,1567.9459716796875,1570.3986409505208,1571.6573913574218,1576.2477783203126,1579.810205078125,0
2024-09-30,1513.097900390625,1534.1990859697453,1508.8079028607451,1516.9889190160936,753983,Automobile and Auto Components,-0.0038752700200586077,-0.008800570001476049,-0.0008122646043715598,-0.005065806021711139,1536.4139892578125,1559.5055053710937,1567.8345703125,1569.370184326172,1571.5346875,1577.4456787109375,0
2024-10-01,1526.66650390625,1551.4092859277384,1510.9030614052542,1515.492414999508,472946,Automobile and Auto Components,0.008967432650671237,-0.0009864963401027271,0.011217709693207567,0.0013886184851872319,1527.9236328125,1552.9307250976562,1565.1441243489583,1567.529443359375,1568.4538134765626,1575.8759765625,1
2024-10-03,1485.8111572265625,1547.4185696547916,1469.6486135316172,1525.46937008522,1217926,Automobile and Auto Components,-0.026761146966381877,0.00658330915217098,-0.0025723168664421037,-0.02730449684526237,1513.9060791015625,1544.3057006835938,1560.325284830729,1561.720391845703,1564.6526123046874,1572.1928344726562,0
2024-10-04,1470.3968505859375,1495.488678495835,1456.7783458743804,1484.5640122020611,1162303,Automobile and Auto Components,-0.010374337657685584,-0.026814932299082272,-0.03355904612837968,-0.008757377470189343,1502.991357421875,1533.1166137695313,1552.5299967447916,1554.9785034179688,1560.4982275390626,1567.2908487955729,0
2024-10-07,1430.6387939453125,1482.568653156513,1421.8092539823842,1474.5371928274703,1454350,Automobile and Auto Components,-0.027038997414053134,-0.0067540498706538665,-0.008639333433347773,-0.02400440121246261,1485.3222412109376,1517.4129638671875,1540.4047281901042,1549.129541015625,1554.390361328125,1561.0935221354166,0
2024-10-08,1477.9293212890625,1482.9677088139788,1426.0993301716155,1429.690992886078,501482,Automobile and Auto Components,0.03305553263611394,-0.030413746197475278,0.00026916504447616063,0.003017335959247136,1478.288525390625,1507.3512573242188,1532.4331787109375,1545.4480590820312,1551.1538525390624,1555.9936604817708,1
2024-10-09,1506.8125,1516.9888976880595,1478.9269683998905,1481.6208066973868,1303802,Automobile and Auto Components,0.019543004049574764,0.03632240398079278,0.022941287711038205,0.03704344929600212,1474.317724609375,1501.1206787109375,1526.7263916015625,1542.4375244140624,1548.887099609375,1552.7644653320312,1
2024-10-10,1497.5838623046875,1523.3741457857036,1485.561639142261,1516.4900547321936,978224,Automobile and Auto Components,-0.006124609196772934,0.023534529129981774,0.00420915941268607,0.004486138182704602,1476.672265625,1495.2891723632813,1521.7612223307292,1539.4120300292968,1544.7107666015625,1549.9892211914062,0
2024-10-11,1488.9039306640625,1506.513198701941,1476.5325396415385,1501.5746776599808,532795,Automobile and Auto Components,-0.005795956980510719,-0.009835459867125085,-0.011068158882968415,-0.006077902971387772,1480.373681640625,1491.68251953125,1515.5356363932292,1534.49091796875,1540.0575390625,1547.1441365559897,0
2024-10-14,1486.6591796875,1501.873965850636,1470.8458033444858,1482.6684161037265,760996,Automobile and Auto Components,-0.0015076533350014687,-0.01259095657214826,-0.0030794505187888843,-0.0038514127825677313,1491.5777587890625,1488.45,1508.8012288411458,1528.1979858398438,1537.6191845703124,1543.9215942382812,0
2024-10-15,1477.0313720703125,1502.2729993232103,1472.4420185120855,1502.2729993232103,1222899,Automobile and Auto Components,-0.006476136392748244,0.013222500059050457,0.0002656903852435999,0.001085236238883791,1491.3981689453126,1484.8433471679687,1502.0335611979167,1522.1744262695313,1534.6380810546875,1541.1945719401042,0
2024-10-16,1471.593994140625,1485.112753785222,1453.0867802786015,1480.5732117319917,762827,Automobile and Auto Components,-0.0036812880433717554,-0.014444636627959473,-0.011422854265316196,-0.013144991782455762,1484.3544677734376,1479.3360961914063,1495.5319417317708,1516.1334106445313,1530.8209130859375,1538.131660970052,0
2024-10-17,1467.7030029296875,1475.3852956411913,1439.4184913458362,1469.0997944943642,1026919,Automobile and Auto Components,-0.002644065704555776,-0.007749307597025745,-0.006549979534710371,-0.009406381723564117,1478.3782958984375,1477.5252807617187,1489.6522135416667,1510.9154907226562,1527.205283203125,1533.6553548177083,0
2024-10-18,1471.3446044921875,1481.5709358677052,1451.440720432773,1468.5510213522814,888822,Automobile and Auto Components,0.002481156988321853,-0.0003735438151577508,0.004192559221505299,0.00835214300720577,1474.8664306640626,1477.6200561523438,1486.0771565755208,1505.3683349609375,1522.5660205078125,1529.1923543294272,1
2024-10-21,1439.1690673828125,1492.5455284607883,1433.3326002020667,1471.5940203741063,1263428,Automobile and Auto Components,-0.02186811778229203,0.0020721098399583138,0.007407402728682566,-0.01247596265957529,1465.368408203125,1478.4730834960938,1480.7561360677084,1497.9430236816406,1515.6320703125,1525.5773885091146,0
2024-10-22,1402.952880859375,1438.869752900828,1398.2637823915609,1433.6818089879937,684238,Automobile and Auto Components,-0.025164650452985438,-0.025762683770945594,-0.03596257168470729,-0.0244666295914584,1450.5527099609376,1470.975439453125,1473.413134765625,1489.163348388672,1507.8500830078126,1520.6238525390625,0
2024-10-23,1401.755615234375,1428.0946774868569,1389.3344131243612,1402.8032393205633,841615,Automobile and Auto Components,-0.0008533897619331654,-0.021537951778314746,-0.007488568991215527,-0.0063860405880835636,1436.5850341796875,1460.4697509765624,1465.0857421875,1480.79521484375,1500.2237353515625,1515.1149332682292,0
2024-10-24,1426.3487548828125,1429.5912501608225,1394.0734800886175,1401.75565095499,475970,Automobile and Auto Components,0.017544527292173928,-0.0007467821118525286,0.0010479505998854943,0.003411034031467697,1428.3141845703126,1453.346240234375,1461.12158203125,1474.3177062988282,1494.3952294921876,1510.7234334309896,1
2024-10-25,1396.9666748046875,1436.6248859601812,1386.7902768839342,1434.7293707822378,591131,Automobile and Auto Components,-0.02059950624105178,0.02352315812301775,0.0049200327706031555,-0.0052244040997181385,1413.4385986328125,1444.1525146484375,1456.2262369791667,1467.9175170898438,1486.9823876953126,1504.3781168619792,0
2024-10-28,1362.346923828125,1405.7464779742425,1354.7644973464912,1388.7857326757598,1700514,Automobile and Auto Components,-0.024782087934490438,-0.03202251173085602,-0.02149371647930276,-0.02309345549307118,1398.074169921875,1431.7212890625,1451.673445638021,1460.08564453125,1477.9692529296874,1496.0390869140624,0
2024-10-29,1380.1556396484375,1383.797235678964,1337.7039662340155,1363.8434182935428,714147,Automobile and Auto Components,0.013072085757914742,-0.01795980027398536,-0.015613940805961346,-0.012592986564005204,1393.5147216796875,1422.0337158203124,1445.1552001953125,1453.4385314941405,1470.033623046875,1488.794189453125,1
2024-10-30,1417.269775390625,1426.697905139284,1373.1717670678056,1380.1556029670887,1095800,Automobile and Auto Components,0.026891268401903812,0.011960452684484757,0.031002135539944797,0.026513938606043785,1396.6175537109375,1416.6012939453126,1439.185685221354,1447.9686950683595,1463.9596826171876,1482.9560384114584,1
2024-10-31,1406.893798828125,1437.8720271395312,1392.028180569357,1411.732575169783,844545,Automobile and Auto Components,-0.007321101982606049,0.022879284143620948,0.007832157010951857,0.013732013688146472,1392.7265625,1410.5203735351563,1433.1396809895834,1444.0228271484375,1457.9994775390626,1477.4504516601562,0
2024-11-01,1415.3741455078125,1424.7025305765196,1387.7879692100412,1424.7025305765196,95867,Automobile and Auto Components,0.006027709189386776,0.009187260841648115,-0.009159018545767728,-0.003046067183482881,1396.408056640625,1404.9233276367188,1428.2376953125,1441.2716918945312,1453.615625,1471.8866658528646,1
2024-11-04,1419.6143798828125,1431.6864151933055,1392.2776253674272,1418.9159231925826,715523,Automobile and Auto Components,0.0029958399257594692,-0.004061624977668488,0.0049019949546660335,0.003235116788007364,1407.8615478515626,1402.9678588867187,1423.7680419921876,1440.7204711914062,1449.6408251953126,1466.2846354166666,1
2024-11-05,1457.4268798828125,1461.3677101263036,1414.2268162512617,1446.6517697102852,1623271,Automobile and Auto Components,0.02663575442446664,0.01954720929151077,0.02073170117283718,0.015764952681791566,1423.3157958984375,1408.4152587890626,1422.461075846354,1439.6953491210938,1447.413984375,1462.2473185221354,1
2024-11-06,1467.6531982421875,1479.4758106554414,1448.2480378109149,1457.5266115870277,990250,Automobile and Auto Components,0.0070166939422697805,0.007517249212587229,0.01239120065652255,0.024056411014630852,1433.39248046875,1415.0050170898437,1422.1983561197917,1437.7373840332032,1445.0534521484376,1458.8651489257813,1
2024-11-07,1443.3094482421875,1476.0336340454378,1438.1713161645932,1471.5939586144814,584800,Automobile and Auto Components,-0.01658685446204633,0.009651519852619694,-0.00232661905332443,-0.006957870049354997,1440.6756103515625,1416.7010864257813,1420.572119140625,1435.023663330078,1443.3533837890625,1455.112166341146,0
2024-11-08,1416.77099609375,1453.23652502532,1412.8799772677155,1446.7017227733395,811080,Automobile and Auto Components,-0.018387222629740796,-0.016915152237087283,-0.015444843866895264,-0.017585762288964468,1440.95498046875,1418.6815185546875,1416.9338785807292,1431.4170166015624,1441.208349609375,1451.505517578125,0
2024-11-11,1394.27294921875,1416.7709263812665,1377.012848967431,1410.8345928088495,692395,Automobile and Auto Components,-0.01587980480757334,-0.024792346203702853,-0.025092679695356557,-0.025385828150559453,1435.8866943359376,1421.87412109375,1413.9408040364583,1426.797705078125,1439.7537158203124,1447.3484700520833,0
2024-11-12,1357.4581298828125,1394.3228794215388,1336.9057229768257,1394.2729461642637,745108,Automobile and Auto Components,-0.02640431298374246,-0.011738900314042455,-0.01584451412838117,-0.029126181372003956,1415.8929443359375,1419.6043701171875,1410.907820638021,1420.81904296875,1434.9348681640624,1442.1604777018229,0
2024-11-13,1318.448486328125,1360.2018249313396,1309.668757945942,1356.8595848704124,584312,Automobile and Auto Components,-0.028737272035090466,-0.02683359911470551,-0.02447141547613052,-0.02037313818227693,1386.052001953125,1409.7222412109375,1405.3540120442708,1413.161767578125,1427.4003076171875,1435.2198771158853,0
2024-11-14,1325.6817626953125,1353.7667854498943,1298.5446193540083,1318.4485037831462,1860816,Automobile and Auto Components,0.005486203247373034,-0.028308810665132023,-0.00473094460211454,-0.008493856575902847,1362.52646484375,1401.6010375976562,1398.6428792317708,1406.0607055664063,1420.5242236328124,1429.8822306315103,1
2024-11-18,1301.53759765625,1333.2640924083582,1283.6289745057798,1325.9310892970198,1548457,Automobile and Auto Components,-0.01821264025686964,0.005675295995560825,-0.015144922494698676,-0.011486432291905935,1339.47978515625,1390.2173828125,1392.2809407552083,1397.5703552246093,1413.0295703125,1424.2535888671875,0
2024-11-19,1320.294189453125,1352.2202973172168,1293.0073684957213,1293.0073684957213,1521514,Automobile and Auto Components,0.014411102553357757,-0.02483064245725919,0.014217892026640255,0.007306156355306959,1324.684033203125,1380.2853637695312,1389.4774251302083,1391.626611328125,1406.374970703125,1420.5754353841146,1
2024-11-21,1293.206787109375,1314.9065623594815,1285.6243612647247,1311.115410331371,571103,Automobile and Auto Components,-0.02051618689238477,0.014004592917917114,-0.02759442010430191,-0.0057099498509323166,1311.8337646484374,1363.8633544921875,1383.6808349609375,1386.139306640625,1399.0219873046874,1414.418017578125,0
2024-11-22,1313.11083984375,1323.6364052643096,1293.3565122493549,1296.0004173661027,325496,Automobile and Auto Components,0.015391237451564344,-0.011528346662822098,0.00663913555132245,0.006014315858968056,1310.7662353515625,1348.4091186523438,1376.736905924479,1381.7070678710938,1392.6826611328124,1407.9612955729167,1
2024-11-25,1316.5030517578125,1346.8826903923994,1311.5145973489516,1324.933490993412,1609259,Automobile and Auto Components,0.0025833401196095895,0.02232489530065962,0.017562440135097335,0.014039504906514066,1308.9304931640625,1335.7284790039062,1370.7108561197917,1376.2147827148438,1386.6346630859375,1401.9252685546876,1
2024-11-26,1319.0970458984375,1330.5205579716571,1312.2129543406352,1316.9519861088295,471592,Automobile and Auto Components,0.001970366978763627,-0.006024079652932723,-0.012148149603121938,0.0005324812953628744,1312.4423828125,1325.961083984375,1364.2923828125,1372.3213012695312,1380.5447607421875,1396.2650390625,1
2024-11-27,1322.3394775390625,1329.3233134921857,1310.167576090559,1322.1897995538088,359994,Automobile and Auto Components,0.002458069063763668,0.003977224302956772,-0.0008998316277778473,-0.0015587243239068016,1312.8514404296875,1318.7677368164063,1357.8073893229166,1370.3209289550782,1375.8715771484376,1390.787715657552,1
2024-11-28,1326.130615234375,1357.1588977755914,1313.8091577234345,1322.93805326314,1254378,Automobile and Auto Components,0.002866992750127917,0.0005659200438421497,0.020939664565334803,0.0027794777548546534,1319.4362060546875,1315.6349853515626,1349.054305013021,1367.619677734375,1372.7986865234375,1385.7576904296875,1
2024-11-29,1329.173583984375,1342.7421546668,1322.8880831548345,1328.9241612814317,705598,Automobile and Auto Components,0.0022946222001383187,0.004524858895340156,-0.010622737788788639,0.006910383732696701,1322.6487548828125,1316.7074951171876,1339.8223307291667,1363.2148681640624,1369.8954052734375,1381.010343424479,1
2024-12-02,1340.6470947265625,1346.6831731521472,1302.335741299108,1326.4299999545783,982093,Automobile and Auto Components,0.008632063471946338,-0.0018768274364493465,0.002935052326800136,-0.015535964166154659,1327.4775634765624,1318.2040283203125,1332.978173828125,1359.9025329589845,1366.4673388671874,1376.775146484375,1
2024-12-03,1347.28173828125,1352.8188493849348,1335.0100922011998,1342.891874215874,791810,Automobile and Auto Components,0.004948836707874049,0.012410661898373254,0.004556139376439949,0.025089037999908248,1333.114501953125,1322.7784423828125,1328.345556640625,1356.4979125976563,1364.47994140625,1372.639717610677,1
2024-12-04,1374.71826171875,1383.2484455071717,1348.2794539024585,1361.7482805258524,2021679,Automobile and Auto Components,0.020364354876880597,0.014041641529023874,0.022493474374689404,0.00993952164015477,1343.5902587890625,1328.220849609375,1327.0419108072917,1354.253106689453,1364.974794921875,1370.491357421875,1
2024-12-05,1376.01513671875,1391.728767207865,1357.7075344430864,1391.728767207865,1249730,Automobile and Auto Components,0.000943375116279066,0.022016173701673747,0.00613072924696767,0.006992675378490132,1353.5671630859374,1336.5016845703126,1328.2790445963542,1350.18251953125,1364.8091748046875,1369.5934326171875,1
2024-12-06,1351.6217041015625,1381.801852873714,1348.179719320609,1379.8064711367122,637711,Automobile and Auto Components,-0.017727590319504882,-0.008566537066753255,-0.007132793808715121,-0.00701757549455273,1358.056787109375,1340.3527709960938,1330.4905924479167,1344.3809448242187,1362.183251953125,1367.9223022460938,0
2024-12-09,1360.301513671875,1371.824891475643,1337.9034032500635,1351.6216521648198,909119,Automobile and Auto Components,0.006421774335210184,-0.020426646462002096,-0.007220254754559896,-0.007622363638375984,1361.9876708984375,1344.7326171875,1332.7985758463542,1340.2305480957032,1360.319560546875,1365.7207275390624,1
2024-12-10,1358.0567626953125,1372.8725695364706,1347.1820296497344,1366.8364910612995,714858,Automobile and Auto Components,-0.001650186340308668,0.011256729183134029,0.0007637112195133522,0.006935199041373963,1364.14267578125,1348.6285888671875,1336.5665201822917,1337.2948364257813,1358.026865234375,1364.42373046875,0
2024-12-11,1376.21484375,1381.8018883995596,1340.8466284792728,1361.997748508344,1760051,Automobile and Auto Components,0.01337063483167622,-0.0035401034319754165,0.006504113390584987,-0.0047027061161948325,1364.4419921875,1354.0161254882812,1340.2945638020833,1336.3919311523437,1356.2908837890625,1364.8859944661458,1
2024-12-12,1349.326904296875,1375.8156443520195,1346.9325437534028,1375.7158996274468,937430,Automobile and Auto Components,-0.0195376031404072,0.010072080614029533,-0.004332201379803835,0.004538860108879383,1359.104345703125,1356.3357543945312,1344.0359049479166,1335.985369873047,1351.966884765625,1363.8583699544272,0
2024-12-13,1345.1866455078125,1352.9187497317548,1315.9043211128435,1348.8780530025783,580701,Automobile and Auto Components,-0.0030683882281440367,-0.019508276841269545,-0.016642414784466708,-0.023036211267191686,1357.817333984375,1357.937060546875,1346.1742919921876,1337.3222778320312,1347.06822265625,1361.4555989583334,0
2024-12-16,1360.9500732421875,1369.779612966136,1345.3861202356356,1354.115915231603,1080759,Automobile and Auto Components,0.011718394459992787,0.0038831251033888403,0.01246258375658127,0.022404211803073837,1357.9470458984374,1359.9673583984375,1349.1374267578126,1339.085693359375,1343.77384765625,1359.924141438802,1
2024-12-17,1337.50439453125,1367.5348662264914,1329.921968058298,1360.9501306523075,1074430,Automobile and Auto Components,-0.017227434842692624,0.005046994384919845,-0.001638764892101019,-0.011494211174580271,1353.836572265625,1358.9896240234375,1350.3645833333333,1340.884033203125,1340.60318359375,1357.3284830729167,0
2024-12-18,1303.4332275390625,1346.832781687379,1300.3404101068704,1337.5043961304289,637487,Automobile and Auto Components,-0.02547368601665667,-0.017227475124779956,-0.015138249890649269,-0.022243077911268005,1339.2802490234376,1351.8611206054688,1349.1041666666667,1340.0409851074219,1336.9695947265625,1353.4557779947916,0
2024-12-19,1294.80322265625,1313.8590933688906,1272.5546681781389,1287.0211853781254,1019636,Automobile and Auto Components,-0.0066209796562469725,-0.03774433257816412,-0.024482392147581522,-0.021368052329042042,1328.3755126953124,1343.7399291992188,1347.015673828125,1340.1208068847657,1334.4633984375,1348.0349894205729,0
2024-12-20,1275.9468994140625,1312.6618509731636,1271.4073571640038,1294.803281531204,1495889,Automobile and Auto Components,-0.014563080252074423,0.006046595224298734,-0.0009112410925719017,-0.0009015809244389272,1314.5275634765626,1336.1724487304687,1343.4672281901042,1338.2626098632813,1332.7633349609375,1341.6447794596354,0
2024-12-23,1296.199951171875,1306.9750614626678,1269.2622972333313,1281.035098410737,915584,Automobile and Auto Components,0.015872958167078233,-0.010633416918889083,-0.004332257775511494,-0.0016871539389682333,1301.5775390625,1329.7622924804687,1340.5040852864583,1337.2474548339844,1331.5840625,1336.7411295572917,1
2024-12-24,1321.7408447265625,1327.6770563797493,1290.912174085101,1297.9957545369557,805397,Automobile and Auto Components,0.019704439528482,0.013239805956339668,0.015839625045265482,0.017057055030280877,1298.4248291015624,1326.1307006835937,1338.801359049479,1337.3796447753907,1332.3921923828125,1333.5734578450522,1
2024-12-26,1311.2152099609375,1328.7745447018333,1305.0793868273254,1324.9334592567054,962802,Automobile and Auto Components,-0.007963463342772426,0.020753307262826537,0.0008266229478097742,0.010974575208623216,1299.9812255859374,1319.6307373046875,1334.567822265625,1336.8234313964845,1332.029033203125,1330.8048665364583,0
2024-12-27,1311.8138427734375,1343.8896292547631,1308.5713473799126,1316.9519752162491,1037735,Automobile and Auto Components,0.0004565480997722471,-0.006024064065023982,0.011375206285519024,0.00267566907257355,1303.383349609375,1315.8794311523438,1330.287736002604,1336.1075927734375,1332.7733154296875,1329.2833902994792,1
2024-12-30,1299.3426513671875,1312.1131429353106,1278.291398834795,1305.677963893482,3744544,Automobile and Auto Components,-0.00950683016111753,-0.008560685229934695,-0.023645160754067085,-0.023139700105573646,1308.0625,1311.2950317382813,1326.8024658203126,1334.6160461425782,1332.222587890625,1328.6465291341146,0
2024-12-31,1296.499267578125,1309.618926694298,1275.8969270407626,1297.995803862363,558405,Automobile and Auto Components,-0.0021883248318452786,-0.00588365603430363,-0.0019009155227520669,-0.0018731814954047188,1308.12236328125,1304.849951171875,1322.548982747396,1332.4086547851562,1331.4224365234375,1327.673779296875,0
2025-01-01,1296.8983154296875,1301.6373468033255,1285.1754483475304,1300.2904885600826,358152,Automobile and Auto Components,0.00030778872116754563,0.00176786757776215,-0.006094581964479762,0.00727215585375518,1303.153857421875,1300.7893432617188,1318.4717529296875,1329.8894836425782,1330.5344873046874,1327.5191365559897,1
2025-01-02,1312.661865234375,1317.899742446685,1292.0097123697858,1296.9981668577002,749880,Automobile and Auto Components,0.012154807834309445,-0.002531989375718857,0.012493799200904876,0.005317767337559065,1303.4431884765625,1301.71220703125,1314.2348876953124,1326.7866638183593,1330.1473828125,1327.2647257486979,1
2025-01-03,1293.156982421875,1318.9472657955157,1288.0188503343502,1315.1559919590975,1816419,Automobile and Auto Components,-0.014859030592023315,0.01399988493845683,0.0007948429725663786,-0.003088879284131374,1299.71181640625,1301.5475830078126,1310.4902262369792,1322.6437561035157,1328.8284375,1327.263065592448,0
2025-01-06,1257.8387451171875,1298.6443254338617,1248.260937269342,1293.3067037186734,758114,Automobile and Auto Components,-0.027311639487529238,-0.016613457547250188,-0.015393291974723833,-0.03086749316959725,1291.41103515625,1299.736767578125,1304.6670328776042,1317.954608154297,1325.9750439453126,1325.4206624348958,0
2025-01-07,1267.1173095703125,1287.0211932623688,1255.444253581617,1269.0128247497971,823200,Automobile and Auto Components,0.007376592976757523,-0.018784313805088604,-0.008950204412289553,0.005754659220522429,1285.5346435546876,1296.8285034179687,1298.411515299479,1313.2953979492188,1323.0338525390625,1323.7744710286458,1
2025-01-08,1245.6669921875,1269.0128612596918,1222.1713233377543,1267.1173460256728,855048,Automobile and Auto Components,-0.016928438449070216,-0.0014936639623780446,-0.0139922575455258,-0.0265029133304322,1275.28837890625,1289.2211181640625,1292.2890218098958,1307.6759094238282,1318.9692626953124,1321.3268025716145,0
2025-01-09,1224.466064453125,1251.553274385921,1222.1713267161604,1245.1182169320557,636615,Automobile and Auto Components,-0.017019739518941868,-0.01736155626202862,-0.013758400254855974,2.764265483179429e-09,1257.64921875,1280.5462036132812,1287.0245442708333,1300.0884704589844,1312.9591748046876,1318.06435546875,0
