Date,Close,High,Low,Open,Volume,Sector,return_ratio,pct_change_open,pct_change_high,pct_change_low,ma_5,ma_10,ma_15,ma_20,ma_25,ma_30,up_or_down
2022-01-10,75.72014617919922,77.27748622748425,75.59388091902005,76.51986255418645,4306798,Power,0.0,0.0,0.0,0.0,0.0,0.0,0.0,0.0,0.0,0.0,0
2022-01-11,77.319580078125,77.86675314144583,75.84642528896252,75.84642528896252,4113093,Power,0.021122963697673747,-0.008800816451376092,0.007625337504211016,0.0033408043994065384,0.0,0.0,0.0,0.0,0.0,0.0,1
2022-01-12,78.24555969238281,78.58228206245056,77.61420765692267,77.86675104008474,2869421,Power,0.011976004180599409,0.026637059603338065,0.0091891454585884,0.023307392025730733,0.0,0.0,0.0,0.0,0.0,0.0,1
2022-01-13,77.65629577636719,78.75064180886025,76.64613514825409,78.28764777454903,5494584,Power,-0.007530956623382545,0.00540534604105436,0.0021424644587935138,-0.012472877555456674,0.0,0.0,0.0,0.0,0.0,0.0,0
2022-01-14,77.90884399414062,79.04527637711753,77.27749195665957,77.44584993100983,4105754,Power,0.003252128050257763,-0.010752626595237458,0.0037413608510314944,0.00823729477271451,77.37008514404297,0.0,0.0,0.0,0.0,0.0,1
2022-01-17,78.4139175415039,79.55034982595726,78.24555315930503,79.1294485041268,5914691,Power,0.006482878213431853,0.02173904185462172,0.006389672754511855,0.012527078430397243,77.90883941650391,0.0,0.0,0.0,0.0,0.0,1
2022-01-18,77.02494049072266,79.12944706150743,76.85658253403763,79.12944706150743,4402218,Power,-0.01771339953836737,-1.8231131271306822e-08,-0.005291023425675445,-0.017751432115758914,77.84991149902343,0.0,0.0,0.0,0.0,0.0,0
2022-01-19,77.1512222290039,77.69839529324128,76.68822815408492,77.1091295231221,3700541,Power,0.001639491539710658,-0.025531804068022024,-0.018084945888144466,-0.0021905004672585493,77.63104400634765,0.0,0.0,0.0,0.0,0.0,1
2022-01-20,76.56195068359375,77.86674739816246,76.35150001495006,77.40375335816847,3181871,Power,-0.007637876995144066,0.003820868383140219,0.002166738505805732,-0.004390871288071696,77.41217498779297,0.0,0.0,0.0,0.0,0.0,0
2022-01-21,76.47776794433594,76.85658298275548,76.18313830719478,76.47776794433594,2745309,Power,-0.0010995375445136402,-0.011963055713173798,-0.012972988459908574,-0.0022050871000872663,77.12595977783204,77.2480224609375,0.0,0.0,0.0,0.0,0
2022-01-24,75.28211212158203,77.89484154529842,74.83927616792568,77.89484154529842,3526915,Power,-0.015634031364829548,0.018529222793137734,0.013509038812926422,-0.01763988947068873,76.49959869384766,77.20421905517578,0.0,0.0,0.0,0.0,0
2022-01-25,77.8062744140625,77.93912654938154,73.24506281571041,74.79498862777197,2373751,Power,0.03352937665197153,-0.039795355584923864,0.0005685229368799227,-0.021301827514180416,76.65586547851562,77.25288848876953,0.0,0.0,0.0,0.0,1
2022-01-27,74.3521499633789,77.58485360464321,73.68789606820707,77.58485360464321,4927740,Power,-0.044393906233085256,0.0373001591156783,-0.004545508275793475,0.006045912659135233,76.09605102539062,76.86354751586914,0.0,0.0,0.0,0.0,0
2022-01-28,74.92784118652344,75.81351308413517,74.66214367152412,75.1935454586631,1614463,Power,0.007742764982964001,-0.03082184260043519,-0.022831009381475975,0.013221270456891254,75.76922912597657,76.59070205688477,0.0,0.0,0.0,0.0,1
2022-01-31,75.01641082763672,75.99065537010891,74.44072947071855,75.4592467988911,1246520,Power,0.0011820658344179336,0.0035335657948736277,0.0023365529279346653,-0.002965548401338114,75.47695770263672,76.30145874023438,76.65766754150391,0.0,0.0,0.0,1
2022-02-01,74.70642852783203,75.76923893487422,74.13074040199345,75.50353464382847,1456345,Power,-0.004132193161266118,0.0005869107739095991,-0.0029137324077057603,-0.004164240072997094,75.36182098388672,75.93070983886719,76.5900863647461,0.0,0.0,0.0,0
2022-02-02,75.37067413330078,76.21206645680329,74.92783820213316,75.06069033291146,1152578,Power,0.008891411603504595,-0.005865212973220846,0.005844423517434194,0.01075259461617728,74.87470092773438,75.765283203125,76.46015930175781,0.0,0.0,0.0,1
2022-02-03,74.7507095336914,75.72494726994687,74.48500526146704,75.59209513383468,909433,Power,-0.008225541389120461,0.007079668446510645,-0.006391628117478176,-0.0059101256794769075,74.95441284179688,75.52523193359374,76.22716929117838,0.0,0.0,0.0,0
2022-02-04,73.51077270507812,75.28211662568242,73.33364101587402,74.97213279100482,1910006,Power,-0.016587626209145445,-0.008201417644691733,-0.005847883164392664,-0.01545766482195099,74.6709991455078,75.2201141357422,75.95080108642578,0.0,0.0,0.0,0
2022-02-07,73.64362335205078,75.06069710827143,73.33363952368074,73.51077120928058,2190788,Power,0.0018072269149671527,-0.019492063615130117,-0.0029411967587459342,-2.0348004725612157e-08,74.39644165039063,74.93669967651367,75.6664530436198,76.09236106872558,0.0,0.0,1
2022-02-08,73.73219299316406,74.61786498106994,73.15650484959704,74.21931528936871,4396198,Power,0.0012026790247661179,0.00963864299656092,-0.005899653803677296,-0.0024154627430771347,74.20159454345703,74.78170776367188,75.35433807373047,75.99296340942382,0.0,0.0,1
2022-02-09,74.61785888671875,74.83927686561108,73.68790067251473,73.73218697114939,1272811,Power,0.012011929356784412,-0.00656336313963668,0.002967277133931745,0.007263821911806634,74.05103149414063,74.4628662109375,75.19386596679688,75.85787734985351,0.0,0.0,1
2022-02-10,74.1307373046875,75.3706793491928,73.9536056228184,74.92784338737951,1487730,Power,-0.006528217095732702,0.01621620713214389,0.007100582820114054,0.0036058151728941557,73.92703704833984,74.44072494506835,74.99250030517578,75.65213623046876,0.0,0.0,0
2022-02-11,74.08645629882812,75.10498034230056,73.46648191025602,73.95360416148122,1544790,Power,-0.000597336644277191,-0.013002365767575075,-0.0035252303573017896,-0.006586882525333904,74.04217376708985,74.35658645629883,74.82746734619141,75.4736442565918,0.0,0.0,0
2022-02-14,71.69513702392578,72.80222688999714,71.38515321285385,72.66938151178081,1808965,Power,-0.03227741471743428,-0.017365247634128167,-0.0306604627523811,-0.028330316673454536,73.65247650146485,74.02445907592774,74.50862528483073,75.16295890808105,75.60438415527344,0.0,0
2022-02-15,71.82798767089844,72.18225777212832,70.54376615572276,71.82798767089844,2269006,Power,0.0018529938359461706,-0.011578381752787803,-0.008515798820351805,-0.011786583333683764,73.27163543701172,73.73661499023437,74.27835032145182,74.83366241455079,75.44869781494141,0.0,1
2022-02-16,71.0751724243164,72.5365324611043,70.76518860006215,72.18226233746775,2731222,Power,-0.010480806590757896,0.004932264957672627,0.0049080577403712855,0.0031387953380686007,72.56309814453125,73.30706481933593,73.82961018880208,74.53617401123047,75.19892150878906,0.0,0
2022-02-17,70.05664825439453,71.56229458845003,69.61381228975596,71.29659030681066,1898388,Power,-0.014330238466975787,-0.01226994003757298,-0.013430995935416079,-0.01627037718804558,71.74828033447265,72.83765869140625,73.54324340820312,74.1814453125,74.87136505126954,0.0,0
2022-02-18,70.72089385986328,71.20801606636616,69.56952454189069,70.05663999125377,1200258,Power,0.009481549888836982,-0.0173914392009632,-0.004950631112673354,-0.0006361919626083345,71.07516784667969,72.55867080688476,73.26278025309244,73.88939247131347,74.59394897460938,0.0,1
2022-02-21,69.43667602539062,70.85374966730878,68.6838562866035,69.96807779646741,1632152,Power,-0.018158959317134626,-0.0012641513323707887,-0.004975091550468158,-0.012730692945211786,70.62347564697265,72.13797607421876,72.8907979329427,73.5373378753662,74.25506225585937,74.7742327372233,0
2022-02-22,67.26677703857422,68.15244892457066,66.15968718107865,67.66533344155677,1803925,Power,-0.03125004120333974,-0.03291135654189581,-0.038125021687941296,-0.036750544334494206,69.71123352050782,71.49143447875977,72.39482116699219,73.13657112121582,73.80917663574219,74.49245376586914,0
2022-02-23,67.44391632080078,70.10093201230595,67.31106418479746,67.75390013338165,2730419,Power,0.0026333844138983764,0.0013088931557749817,0.028590067099302896,0.017402999511885398,68.98498229980468,70.77404022216797,71.86637064615886,72.61845321655274,73.42593566894531,74.16326497395833,1
2022-02-24,66.33683013916016,67.31106792880685,63.94551182951023,65.53972403594352,3288252,Power,-0.016414915414678877,-0.03267968475732408,-0.03979781728164966,-0.0499999873133391,68.24101867675782,69.99464950561523,71.30544535319011,72.21768722534179,72.99335998535156,73.76630732218425,0
2022-02-25,69.21526336669922,69.52524719384236,66.77966553506779,67.31106734690471,1927520,Power,0.043391178346941395,0.027027018148409354,0.0328947279127616,0.0443213858873146,67.939892578125,69.50753021240234,71.01907806396484,71.93205833435059,72.69949249267579,73.48493957519531,1
2022-02-28,69.34810638427734,69.6138038766656,67.04535424074056,68.19673031250895,1448140,Power,0.001919273453809378,0.013157761427845971,0.0012737341670476798,0.003978586947747553,67.92217864990235,69.2728271484375,70.73271026611329,71.64864311218261,72.41430603027344,73.19958165486653,1
2022-03-02,69.08240509033203,70.05664278504973,68.06388109975168,69.08240509033203,2411708,Power,-0.003831413830869268,0.012987056326080548,0.006361366334307839,0.01519160977737366,68.28530426025391,68.99826889038086,70.42272440592448,71.36744194030761,72.16631774902343,72.88853123982747,0
2022-03-03,70.32235717773438,70.63234102201407,69.08241504347457,69.08241504347457,2228089,Power,0.017948884173632607,1.440763754967378e-07,0.008217610979885492,0.01496438238998099,68.86099243164062,68.92298736572266,70.13635762532552,71.11502609252929,71.86696105957031,72.6651117960612,1
2022-03-04,69.3038330078125,70.41092299196286,68.68386531954471,69.79095530369506,1878595,Power,-0.01448364660683421,0.01025644890634747,-0.0031347967071090332,-0.005769192111755861,69.45439300537109,68.84770584106445,69.81456400553385,70.84268226623536,71.66502838134765,72.40353215535482,0
2022-03-07,69.25953674316406,69.96807693395891,67.31106135418831,68.32958534452838,1584099,Power,-0.0006391603858828532,-0.020939245677430995,-0.006289451113352107,-0.019987284626011736,69.46324768066407,68.70157012939453,69.49276936848959,70.63012046813965,71.43829620361328,72.1601183573405,0
2022-03-08,68.72814178466797,70.49948567992817,67.57677230703325,69.08241191514816,2082416,Power,-0.00767251678951697,0.011017578503131675,0.0075950171743441874,0.003947507994960686,69.3392547607422,68.63071670532227,69.2949696858724,70.38434638977051,71.18676544189454,71.90179748535157,0
2022-03-09,69.74666595458984,69.96808394174727,69.17097783655238,69.48096166714464,1583006,Power,0.0148196087290271,0.005769192779285337,-0.007537668297234124,0.023591028027735605,69.47210693359375,68.87870559692382,69.15621490478516,70.1850700378418,70.98837493896484,71.71728261311848,1
2022-03-10,70.14521026611328,71.16373428060085,69.65809478589067,70.85375047370643,2565075,Power,0.005714170076357661,0.01975776923091921,0.01708851052501359,0.007042215746744462,69.43667755126953,69.14883499145508,69.09421742757162,69.96143760681153,70.77935638427735,71.46191380818685,1
2022-03-11,68.63957214355469,70.18949796615108,68.06388405801938,69.87951415305987,2256628,Power,-0.02146458919784522,-0.013749961210706707,-0.013690067339753753,-0.022886223528958638,69.30382537841797,69.37910919189453,68.99974568684895,69.68687934875489,70.53491088867187,71.27149454752605,0
2022-03-14,67.22249603271484,69.03811930513221,67.08964390128428,68.55100383274028,3142899,Power,-0.02064517692324963,-0.019011441857047062,-0.016403859471599613,-0.014313613896977162,68.89641723632812,69.1798324584961,68.76651916503906,69.34368133544922,70.28337982177734,71.01464970906575,0
2022-03-15,67.17821502685547,68.15245280550133,66.91251750021057,67.66533729474871,1964458,Power,-0.0006587230238791486,-0.012919818652875392,-0.012828659131290165,-0.0026401451963932177,68.58643188476563,68.96284332275391,68.61595509847005,69.1178352355957,70.02476348876954,70.75337651570638,0
2022-03-16,65.98255920410156,68.10817320103095,65.8054275198327,67.70961677571509,3142303,Power,-0.017798267225110465,0.0006543894220685242,-0.0006497140256528366,-0.01654533444171158,67.83361053466797,68.65285873413086,68.53034057617188,68.82556381225587,69.71477813720703,70.46258087158203,0
2022-03-17,65.18545532226562,66.7796675633373,64.91975778684758,66.64681541705785,4841152,Power,-0.012080523875563576,-0.015696460994273798,-0.019505818101630434,-0.013458916177061409,66.84165954589844,68.13916854858398,68.37977650960286,68.53107795715331,69.3374819946289,70.12307357788086,0
2022-03-21,66.07112121582031,66.42539132096014,64.69833384947128,65.36258776268087,3147062,Power,0.013586863651962044,-0.019269152567015002,-0.005305151332793634,-0.0034107326478837185,66.32796936035156,67.81589736938477,68.36206258138021,68.33180160522461,69.01509735107422,69.83375396728516,1
2022-03-22,66.69109344482422,67.22249520687804,65.31829936547352,65.76113529337503,2948605,Power,0.009383407116382525,0.00609748702332924,0.011999987806867063,0.009582403117901928,66.22168884277343,67.55905303955078,68.19378458658854,68.13031158447265,68.71928283691406,69.60643132527669,1
2022-03-23,66.60252380371094,67.70961367250361,65.98255618004316,67.31106402259437,3077140,Power,-0.0013280580140219156,0.02356906890832633,0.007246360970780019,0.010169536271190216,66.10655059814454,67.34649124145508,68.01074574788412,67.98860397338868,68.51557830810548,69.3717280069987,0
2022-03-24,67.0010757446289,67.31105953580001,66.38110140514682,66.6910919534578,1841196,Power,0.005984036612374677,-0.009210552204737987,-0.00588622671266914,0.0060401604329509695,66.31025390625,67.07193222045899,67.87199045817057,67.9753189086914,68.3225018310547,69.14735743204753,1
2022-03-25,68.59528350830078,69.52524167302532,67.04535773851997,67.22249616649327,4174153,Power,0.023793763696393633,0.007968143832557617,0.032894774684800066,0.01000670852565344,66.99221954345703,66.91693954467773,67.75685221354166,68.0328872680664,68.22330627441406,68.9466049194336,1
2022-03-28,68.8609848022461,69.3481070117417,67.75389501442862,69.08240275980958,2206163,Power,0.0038734630189720676,0.02766791921427303,-0.00254777483718327,0.01056802886595043,67.5501922607422,66.93908081054687,67.72732899983724,68.1590950012207,68.17547973632813,68.77094650268555,1
2022-03-29,68.19673156738281,69.30382136555461,67.7538956481141,69.30382136555461,1556971,Power,-0.009646292988270133,0.003205137587858342,-0.0006385992076120006,9.352753460589724e-09,67.8513198852539,67.03650436401367,67.65647532145182,68.10816841125488,68.0745132446289,68.5746223449707,0
2022-03-30,68.63957214355469,69.2595397697371,68.10817035580685,68.63957214355469,1751705,Power,0.006493574779816491,-0.00958459734126682,-0.0006389488334840321,0.005228846316567726,68.25872955322265,67.1826400756836,67.65057067871093,68.07274169921875,68.04262908935547,68.47277018229167,1
2022-03-31,67.17821502685547,69.08241104161002,66.42539523231733,68.50672293150181,1786518,Power,-0.021290300493757353,-0.0019354609579300686,-0.0025574632565560362,-0.02470738994600008,68.29415740966797,67.30220565795898,67.47934061686198,67.97753219604492,68.03908660888672,68.31777776082357,0
2022-04-01,69.74666595458984,70.3223540726273,66.77966627810845,67.08965010870071,1961586,Power,0.03823339049284957,-0.02068516434829326,0.017948751531999152,0.005333367525358179,68.52443389892578,67.75832672119141,67.45277099609375,67.9487476348877,68.13119659423828,68.27349421183268,1
2022-04-04,69.87950897216797,70.32234488864921,69.525238887555,69.92378850953219,2068775,Power,0.0019046504339665926,0.042244048019918434,-1.3059827441708194e-07,0.041113901318590385,68.72813873291015,68.13916549682617,67.53543345133464,67.97753143310547,68.27290374755859,68.2675895690918,1
2022-04-05,72.75794982910156,73.33363793050518,69.92379562109168,70.3666315826113,5453816,Power,0.04119148659272964,0.006333224822604455,0.04282128314441369,0.005732547487988793,69.6403823852539,68.7458511352539,67.90446370442709,68.15245208740234,68.41461120605469,68.33549143473307,1
2022-04-06,74.70642852783203,77.93913253556488,72.04941264593778,72.62510077177636,12612793,Power,0.026780285911122803,0.03209574109730662,0.06280193830591241,0.030399050937745864,70.85375366210937,69.55624160766601,68.40634460449219,68.45136642456055,68.62894409179688,68.51114985148112,1
2022-04-07,76.16778564453125,77.62914567402304,75.28211371843204,75.28211371843204,5927091,Power,0.019561330202725324,0.036585325437348715,-0.003977294222519023,0.0448678338070605,72.65166778564453,70.47291259765625,69.08535970052084,68.77242240905761,68.91235931396484,68.80785013834635,1
2022-04-08,76.0792236328125,76.7877571550717,74.92784736807256,76.3892074711222,2133100,Power,-0.0011627226782207067,0.014705933428369011,-0.010838564712337018,-0.0047058502061259055,73.91817932128906,71.22130661010742,69.81161092122396,69.06912307739258,69.14263397216797,69.09569371541342,0
2022-04-11,74.66213989257812,76.38919730265164,74.21930396618595,76.16777933945555,2322193,Power,-0.018626422202647097,-0.002898683452768669,-0.005190408825396231,-0.00945634269200335,74.8747055053711,71.80142211914062,70.38434549967448,69.37025146484375,69.35696624755859,69.37320404052734,0
2022-04-12,73.73219299316406,74.35216068184177,73.06793900223465,73.5550612984393,1836991,Power,-0.012455401100906593,-0.034302142765278765,-0.026666553553890582,-0.015513012146757044,75.06955413818359,72.35496826171875,70.85375213623047,69.69573631286622,69.5358724975586,69.52376836140951,0
2022-04-13,74.57357025146484,75.72494640848505,74.13073430755557,74.13073430755557,2089332,Power,0.011411260456864358,0.007826422804279476,0.018463292983744495,0.014545302903485657,75.04298248291016,72.94836807250977,71.3851552327474,70.06550407409668,69.76968963623047,69.69795049031576,1
2022-04-18,76.21206665039062,77.80627195235948,73.42219892552002,74.61785459128168,4693494,Power,0.021971542912599062,0.006571097511393065,0.02748533531667463,-0.009557916681304679,75.05183868408203,73.85175323486328,71.99922129313151,70.57697944641113,70.0283056640625,69.93560587565104,1
2022-04-19,74.97212982177734,77.93912941985508,73.77647407415085,77.05345749462946,5377343,Power,-0.016269560492320312,0.03264102025833826,0.0017075418749910032,0.004825177586825102,74.830419921875,74.37429962158203,72.42434438069661,71.06631317138672,70.22138244628906,70.09059829711914,0
2022-04-20,74.70642852783203,76.52205874998278,74.48501053767419,75.06069866351277,1805954,Power,-0.0035440008784188848,-0.025862030023189875,-0.018181761592929724,0.009603826591268128,74.83927764892579,74.85699157714843,72.81404062906901,71.49807853698731,70.46405670166016,70.27068481445312,0
2022-04-21,74.529296875,75.59210052542099,74.13074043823651,75.19355084579831,1416355,Power,-0.0023710362859340472,0.001769929998668207,-0.012152812401456714,-0.004756260311710392,74.99869842529297,75.03412628173828,73.23621164957682,71.88998870849609,70.75632873535156,70.44634348551432,0
2022-04-22,74.57357025146484,75.68066011123801,74.13073430755557,74.30787273940344,1645444,Power,0.00059403990539586,-0.011778644530448634,0.0011715455080818504,-8.270092688444919e-08,74.99869842529297,75.02084045410156,73.6318115234375,72.28854103088379,71.05214294433594,70.64119110107421,1
2022-04-25,74.3521499633789,74.66214052017114,72.80222420797794,74.57356792843619,2450489,Power,-0.002969152306095846,0.0035755994518178458,-0.013458122452550292,-0.017921178199393872,74.62671508789063,74.83927688598632,74.11007385253906,72.65609474182129,71.38692657470703,70.79470723470052,0
2022-04-26,74.26358795166016,75.19354615562833,73.15649806938394,74.79498974372466,2424865,Power,-0.001191115680748589,0.002969172877727244,0.007117471207694903,0.004866250519955706,74.4850067138672,74.6577133178711,74.41120198567708,72.93950996398925,71.75005187988282,70.93198649088542,0
2022-04-27,74.44071960449219,75.14925301030718,73.37790936006003,73.51076148525652,2067556,Power,0.002385174992451722,-0.01716997706488599,-0.0005890551461620319,0.003026543048385122,74.43186492919922,74.6355712890625,74.7152826944987,73.21849670410157,72.08483581542968,71.12535807291667,1
2022-04-28,75.99065399169922,76.43348995492092,74.66214610203413,74.7949914852882,2870411,Power,0.02082105594145145,0.01746995914726357,0.017089151164783933,0.017501680726176527,74.72413635253906,74.86141738891601,74.93079630533855,73.60819282531739,72.45681823730469,71.41763000488281,1
2022-04-29,75.85780334472656,76.6106231455962,75.37068107273645,76.52205730263636,1641671,Power,-0.0017482498174995476,0.023090661327073825,0.00231748139172705,0.009489882191894505,74.98098297119141,74.98984069824219,75.00755462646484,73.96910438537597,72.82702941894532,71.70694961547852,0
2022-05-02,74.66213989257812,75.63637757921293,74.08645183684028,75.23782119117597,1379011,Power,-0.01576190450328352,-0.01678256122128785,-0.01271684691210162,-0.017038843455014274,75.04298095703125,74.83484802246093,74.9071782430013,74.3433006286621,73.13347198486328,71.99626897176107,0
2022-05-04,74.1307373046875,76.56633509466056,73.68790134287421,74.83927754644496,1973100,Power,-0.007117430449424478,-0.005297118369740228,0.012295109115632918,-0.005379532749709703,75.01641082763672,74.75070877075196,74.77727915445963,74.562504196167,73.35489013671875,72.2944450378418,0
2022-05-05,74.57357025146484,74.9278403580203,73.46648039169168,74.79498822341948,1556785,Power,0.005973675197067596,-0.0005917924982372647,-0.021399675648763217,-0.003004848111391456,75.04298095703125,74.73742294311523,74.77137451171875,74.79720726013184,73.5833935546875,72.57786000569662,1
2022-05-06,73.95360565185547,75.19354769684762,71.827991682889,73.51076968986831,1837352,Power,-0.008313462765948243,-0.01716984739291738,0.0035461763952853165,-0.0223025344356631,74.6355712890625,74.67985382080079,74.78613535563152,74.85699005126953,73.81366851806641,72.81994374593098,0
2022-05-09,72.97936248779297,73.82074805046544,71.87227266472918,73.82074805046544,1488257,Power,-0.013173707427449277,0.004216774792386024,-0.01825688092170874,0.0006164864254547542,74.05988311767578,74.52043304443359,74.67985483805339,74.77063674926758,73.98726013183594,73.03250503540039,0
2022-05-10,72.9350814819336,74.3078756649563,72.27082753991755,72.8908019400835,1614720,Power,-0.0006067606560249406,-0.012597354198391475,0.006598790006270949,0.005545321727163932,73.71447143554687,74.37872619628907,74.46138916015624,74.6090015411377,74.21753479003907,73.23030522664388,0
2022-05-11,69.12669372558594,73.24506260886403,68.32958767306299,73.24506260886403,2489227,Power,-0.0522161308243827,0.004860156005304095,-0.014302831921670589,-0.0545343121286066,72.71366271972656,73.86503677368164,74.07169342041016,74.26137504577636,74.1927359008789,73.24801890055339,0
2022-05-12,70.67662048339844,70.85375216094465,68.19673645490923,68.94955622019118,2049731,Power,0.022421537531728042,-0.058645678434480764,-0.032648077054547975,-0.0019442707424112138,71.93427276611328,73.48862686157227,73.80303955078125,74.06209907531738,74.22462036132812,73.30854008992513,1
2022-05-13,69.56952667236328,72.13796963726327,69.25953611847399,71.6951337112957,1198600,Power,-0.0156642154571498,0.0398200893757239,0.018124904287376564,0.015584318529193286,71.05745697021484,72.84651412963868,73.4723882039388,73.85396575927734,74.0970834350586,73.35429992675782,0
2022-05-16,69.56952667236328,71.07516611779707,68.32958472822605,70.14520797040915,1859722,Power,0.0,-0.02161828370566743,-0.014732928093351916,-0.013427051960861802,70.3754898071289,72.21768646240234,73.13878529866537,73.60376358032227,73.89160736083984,73.38529841105144,0
2022-05-17,71.03087615966797,71.4294325267714,69.17096671793753,69.70236845026915,1245616,Power,0.021005597669032428,-0.006313182795420702,0.004984390868495225,0.012313582660541389,69.99464874267578,71.85456008911133,72.91736704508463,73.34470405578614,73.68613098144532,73.51372044881185,1
2022-05-18,70.54376983642578,72.270827378965,70.056647577176,71.47372129889285,1062148,Power,-0.006857670207350952,0.025413094102928913,0.011779385925798191,0.012804228439513565,70.27806396484375,71.49586334228516,72.66937917073568,73.12328605651855,73.46471282958984,73.54029057820638,0
2022-05-19,70.63233184814453,70.85374981632054,69.25953774259727,69.34811033557978,958365,Power,0.0012554193222746868,-0.029739755041214067,-0.019607877950722052,-0.011378075630875784,70.26920623779297,71.10173950195312,72.41548665364583,72.91958122253418,73.3035205078125,73.56538467407226,1
2022-05-20,70.01236724853516,71.51800679397316,69.79094927084483,71.2523025178886,1661576,Power,-0.008777348607748925,0.027458458104976602,0.00937504337278705,0.007672755920239416,70.35777435302734,70.70761566162109,72.01693420410156,72.69373474121093,73.15472747802734,73.47386525472005,0
2022-05-23,69.3038330078125,71.11946328467549,68.77243116684853,70.49948883926669,2446108,Power,-0.010120129750897378,-0.010565464581764217,-0.005572631665278105,-0.01459384224799165,70.30463562011718,70.34006271362304,71.58000284830729,72.43024787902831,72.94393798828125,73.29377873738606,0
2022-05-24,69.70237731933594,70.1452132788162,68.81670540037543,69.30382765865991,1031388,Power,0.00575068209399765,-0.01695985602580452,-0.013698781752044198,0.000643778804612527,70.03893585205078,70.01679229736328,71.24935201009114,72.19775924682617,72.68355041503906,73.07826512654623,1
2022-05-25,68.6838607788086,70.3666320377552,68.19673851513001,69.96808237266586,1309815,Power,-0.014612364451517812,0.009584675716290736,0.003156576886563789,-0.009008959113030124,69.66695404052734,69.97250900268554,70.88622690836588,71.9187728881836,72.43201965332031,72.83175303141276,0
2022-05-26,68.8609848022461,69.56952496930519,66.77965735257723,68.72813267628003,1450768,Power,0.002578830331159132,-0.01772164756183514,-0.01132791275305478,-0.02077930988207577,69.31268463134765,69.79094543457032,70.50538787841796,71.6397861480713,72.19820190429688,72.63838119506836,1
2022-05-27,69.87950897216797,70.23377905678093,68.72813288646081,69.25953463481032,733232,Power,0.014791019513398673,0.007731942333327746,0.00954806127781982,0.029177680915554838,69.28611297607422,69.82194366455079,70.23378143310546,71.33422889709473,72.01221038818359,72.5099583943685,1
2022-05-30,68.81670379638672,70.54376805238937,68.68385841735142,70.32235007781009,1500053,Power,-0.015209110530592707,0.015345402602020775,0.004413673872764701,-0.000644197175886263,69.18868713378906,69.74666137695313,69.95627085367839,70.98217391967773,71.78193572998048,72.31806284586588,0
2022-05-31,69.08240509033203,69.52524102039825,68.41815119523268,69.08240509033203,2291741,Power,0.003861000008536619,-0.01763230304598873,-0.014438228352569804,-0.0038685541005019086,69.06469268798828,69.55181427001953,69.69942576090494,70.70318717956543,71.5711459350586,72.0804074605306,1
2022-06-01,69.25953674316406,70.27806073350413,68.9052734049067,69.08240507403538,1178821,Power,0.0025640632024959142,-2.359016315622853e-10,0.010828005801303275,0.007119780367698114,69.17982788085938,69.42339096069335,69.70828196207682,70.45962715148926,71.37098388671875,71.88998769124349,1
2022-06-02,70.36663055419922,70.72090066966534,68.81670471153281,69.3481132633022,817718,Power,0.015984712908788445,0.003846249837162752,0.006301254353623387,-0.0012853688694249854,69.48095703125,69.39682083129883,69.68761596679687,70.24928016662598,71.20802032470704,71.74532775878906,1
2022-06-03,70.18949890136719,71.07517081179454,69.7466629461535,70.85375283418769,967277,Power,-0.0025172677935118015,0.021711327100837563,0.005009412193206941,0.013513553700644554,69.54295501708984,69.41453399658204,69.72894744873047,70.06107482910156,70.97597412109376,71.60066782633463,0
2022-06-06,69.21526336669922,70.23378744771867,68.55100941261792,70.14521484812865,3185760,Power,-0.013880075366216826,-0.010000006460027078,-0.01183793657427612,-0.017142806308291347,69.62266693115234,69.4056770324707,69.70532989501953,69.87286987304688,70.71027252197266,71.42205759684245,0
2022-06-07,69.25953674316406,69.48095470814495,68.59528284822142,68.63956914407362,1705270,Power,0.0006396475908829746,-0.02146469587861266,-0.010718954038099082,0.0006458465890271103,69.65809326171875,69.36139297485352,69.58724060058594,69.6890926361084,70.4941683959961,71.25230382283529,1
2022-06-08,69.17097473144531,69.52524484642204,68.9495567542274,69.25954057090439,641134,Power,-0.0012786977199568117,0.009032274452793532,0.0006374428570121715,0.005164697794014073,69.640380859375,69.41010437011718,69.49572092692057,69.69130668640136,70.2957778930664,71.08255004882812,0
2022-06-09,68.9495620727539,69.48096390763926,68.77243038017244,68.99384837446975,449177,Power,-0.003200947500754947,-0.0038361819071358605,-0.0006369044637036803,-0.0025689269430162476,69.35696716308594,69.41896209716796,69.38353627522787,69.60495376586914,70.07081756591796,70.89951146443686,0
2022-06-10,69.12669372558594,69.92379302096862,68.28530137570161,68.28530137570161,561376,Power,0.0025690033048380023,-0.010269712669489728,0.006373387593154423,-0.007083201826342256,69.14440612792968,69.34368057250977,69.32449137369791,69.58281211853027,69.87774108886718,70.67071278889973,1
2022-06-13,67.08965301513672,68.6395789923841,66.8682350183871,68.6395789923841,707591,Power,-0.029468221329023936,0.0051881973066689735,-0.01836590912909153,-0.02075214326898689,68.71928405761719,69.17097549438476,69.1768793741862,69.45881843566895,69.64215270996094,70.37844111124674,0
2022-06-14,66.29254150390625,67.3110655578545,66.15968936519292,66.77966376014164,727398,Power,-0.01188128832698876,-0.027096833336475168,-0.019354918168670632,-0.010596147079391938,68.12588500976562,68.8919891357422,68.94955698649089,69.22190170288086,69.37645111083984,70.09945449829101,0
2022-06-15,67.93103790283203,68.6395781869733,66.24826655299317,66.42539824545803,979045,Power,0.02471614998844518,-0.005304990991809477,0.019736912766251224,0.0013388392335296206,67.87789764404297,68.75913925170899,68.89936879475911,69.09126510620118,69.32862487792968,69.8927978515625,1
2022-06-16,65.80542755126953,68.37387076009806,64.65405133155005,68.28530491792132,1327703,Power,-0.03129070918367172,0.027999932579861886,-0.003871052735077374,-0.024064255631019105,67.24907073974609,68.30301895141602,68.69566497802734,68.84991989135742,69.13377716064453,69.60052642822265,0
2022-06-17,63.148414611816406,65.71685793732364,62.52844017413392,65.53972624492346,3466883,Power,-0.04037680535367738,-0.040207460101379655,-0.03886006150064292,-0.03287668929694543,66.05341491699218,67.59891052246094,68.2469253540039,68.50672225952148,68.87693267822266,69.24035339355468,0
2022-06-20,60.5799560546875,63.635521242566085,60.22568596230477,63.059833187086646,1331266,Power,-0.04067336564057289,-0.03783801367386541,-0.03167127522655744,-0.036827309387796325,64.75147552490235,66.73537979125976,67.69780883789062,68.07052841186524,68.51734985351563,68.82703984578451,0
2022-06-21,62.7055778503418,63.14841383302178,60.2699799456019,61.37706990230185,1045078,Power,0.035087872855758206,-0.02668518452613655,-0.007654646336399895,0.000735466646653915,64.03408279418946,66.07998390197754,67.27268702189127,67.72068843841552,68.18433792114257,68.48605639139811,1
2022-06-22,61.11136245727539,62.66128831669904,60.757092337979024,62.26273865570344,1208841,Power,-0.02542382109724417,0.014429961462992136,-0.007713978653696718,0.00808217279675194,62.67014770507812,65.27402267456054,66.72947540283204,67.34206352233886,67.80704162597657,68.21887868245443,0
2022-06-23,61.02279281616211,62.04131681177654,60.84565438897607,61.111358651185085,871420,Power,-0.0014493154390921026,-0.01849228012415549,-0.009894011463490449,0.0014576413648039743,61.71362075805664,64.48134574890136,66.10655288696289,66.95015392303466,67.42266006469727,67.89708442687989,0
2022-06-24,62.262733459472656,62.57271725405912,61.33277531857333,61.50990698486847,913886,Power,0.02031930342890087,0.0065216735886735044,0.008565266979983166,0.00800584584863162,61.53648452758789,63.79494972229004,65.57810185750326,66.5693151473999,67.11267471313477,67.65352465311686,1
2022-06-27,62.74985504150391,63.768379114906224,62.3955849172152,63.0598388663288,758804,Power,0.007823645943015434,0.02519808527497225,0.01910835765677965,0.01732857502569307,61.97046432495117,63.360969924926756,65.14707463582357,66.26597270965576,66.85051559448242,67.42620226542155,1
2022-06-28,64.6097640991211,65.36259063960638,62.48415688900424,63.32554251324712,1948097,Power,0.029640053453302784,0.004213516109382143,0.025000032097844294,0.0014195230625140276,62.35130157470703,63.19269218444824,64.83708979288737,66.04234066009522,66.64681106567383,67.21216519673665,1
2022-06-29,62.79413986206055,64.29977940840148,62.6170014255178,64.29977940840148,1009624,Power,-0.028101390902389056,0.015384580320816799,-0.016260237251993104,0.002126051516539551,62.68785705566406,62.679002380371095,64.41196746826172,65.71907081604004,66.41122222900391,66.95384419759115,0
2022-06-30,63.059837341308594,63.54695959506772,62.74985352398025,62.97127150166341,531579,Power,0.004231246416173562,-0.020661158078008612,-0.011707968833799653,0.0021216617761627976,63.09526596069336,62.404443359375,64.01931915283203,65.35373115539551,66.1791763305664,66.70142771402995,1
2022-07-01,62.8827018737793,63.67980789684676,62.43986594509072,62.83841557805443,565200,Power,-0.0028090060963931185,-0.00210978626349434,0.002090553232217074,-0.004940052629303193,63.219259643554686,62.37787208557129,63.60305302937825,64.98839130401612,65.89930404663086,66.46377220153809,0
2022-07-04,63.90122985839844,63.989795698248194,62.70557412757552,62.882705807275045,533304,Power,0.016197268155932143,0.0007048272750542761,0.004867913576365845,0.004255425255372147,63.4495346069336,62.70999946594238,63.3904914855957,64.72268962860107,65.70268508911133,66.28368542989095,1
2022-07-05,63.45839309692383,65.36258903666754,62.88270500949336,64.56548297385153,2319722,Power,-0.006930019382348496,0.026760571845205083,0.021453316477097806,0.0028248028087178856,63.21926040649414,62.78528099060058,63.20154825846354,64.43263244628906,65.477724609375,66.07555262247722,0
2022-07-06,63.90122985839844,64.21121367644282,62.617001530585306,63.45839390200917,760970,Power,0.006978379688849623,-0.017146763577850388,-0.01761520431173269,-0.004225382461965355,63.440678405761716,63.06426773071289,62.93289438883463,64.16914520263671,65.26339233398437,65.91613159179687,1
2022-07-07,64.2997817993164,64.6540519284346,63.54696199815318,64.21121595632202,648417,Power,0.0062369995350815,0.011863238383803765,0.006896587474941818,0.014851564987723664,63.68866729736328,63.39196662902832,62.83251800537109,63.93665618896485,65.02071838378906,65.76409149169922,1
2022-07-08,64.38834381103516,64.78690021650573,63.76837618982354,64.65404808134888,669074,Power,0.001377329895071222,0.006896491811151373,0.002054755798108099,0.003484260847541387,63.98979568481445,63.60452766418457,62.91517995198568,63.69973869323731,64.78867218017578,65.58105265299479,1
2022-07-11,64.56548309326172,64.96403274683664,63.98979500476654,64.21121298056158,568018,Power,0.002751107913979256,-0.00684930199931344,0.0027340794163475124,0.0034722354272263,64.12264633178711,63.78609046936035,63.18088175455729,63.573530197143555,64.60268096923828,65.43934529622396,1
2022-07-12,64.38834381103516,65.5397199728742,64.21121213558621,64.65404808134888,763660,Power,-0.0027435600841194674,0.0068965384740722335,0.008861630069687987,0.003460194407610917,64.30863647460937,63.76394844055176,63.29306615193685,63.4783203125,64.40783325195312,65.28287658691406,0
2022-07-13,64.69833374023438,65.27401505833187,64.47691576953835,64.65404744323908,594357,Power,0.004814379604311192,-9.869603134760041e-09,-0.004054105123615037,0.004137963217250684,64.46805725097656,63.95436782836914,63.53219757080078,63.316685104370116,64.22892761230469,65.1308364868164,1
2022-07-14,66.15968322753906,66.42538748031626,64.34406002402766,64.74260964605361,1459639,Power,0.02258712709931676,0.0013697859038488414,0.017639062358205893,-0.0020605164487949024,64.8400375366211,64.26435241699218,63.874656931559244,63.334397888183595,64.1173324584961,64.99060490926107,1
2022-07-15,65.67256927490234,67.00107705487822,65.09688121881813,66.5582411282196,2034377,Power,-0.0073627008001446725,0.028043841483869958,0.008666710069738848,0.011699933055348888,65.09688262939453,64.5433391571045,64.10197931925455,63.46060562133789,63.97916748046875,64.84004058837891,0
2022-07-18,65.93827056884766,66.60252449703809,65.53972091478956,66.11540900398268,774686,Power,0.004045848927169304,-0.006653302682440909,-0.005948450015418327,0.006802778991559677,65.37144012451172,64.74704322814941,64.31454035441081,63.7285213470459,63.93311218261719,64.73080749511719,1
2022-07-19,66.4253921508789,66.95679393665787,65.53972025553385,65.53972025553385,3406347,Power,0.007387539555236522,-0.00870733097051779,0.005319159330597678,-1.0058872623730508e-08,65.77884979248047,65.04374313354492,64.43558222452799,63.91451206207275,63.9384262084961,64.63633600870769,1
2022-07-20,66.29254150390625,67.26677925923657,66.15968936519292,67.04536128042784,803486,Power,-0.00199999793258121,0.022972954706300674,0.004629632100843217,0.009459440889308945,66.09769134521484,65.2828742980957,64.66880900065104,64.1735710144043,63.87288635253906,64.54038823445639,0
2022-07-21,66.4253921508789,66.91251439617481,65.58400655315724,66.46967844850228,3457239,Power,0.002004005940318798,-0.008586467742603077,-0.0052665649665858405,-0.008701413467315233,66.15083312988281,65.49543533325195,64.89317932128907,64.44370098114014,63.89768493652344,64.45624923706055,1
2022-07-22,66.46968078613281,66.95679629141947,65.89399268248445,66.69109876775599,933066,Power,0.0006667425485920031,0.0033311477416768653,0.000661787942722869,0.00472655065798655,66.31025543212891,65.70356903076171,65.1323112487793,64.65404834747315,64.03053558349609,64.36768213907878,1
2022-07-25,66.2039794921875,66.8682334670255,66.07112734579174,66.33683163858328,563615,Power,-0.003997330674720856,-0.005312060165726273,-0.0013226861095400055,0.0026881762069088655,66.36339721679687,65.8674186706543,65.2858278910319,64.82675457000732,64.25549652099609,64.33815968831381,0
2022-07-26,66.33683013916016,66.86823195559101,65.89399416594432,66.07112585237438,721136,Power,0.0020066867277719336,-0.004005403629412374,-2.26031765526713e-08,-0.002680946836586706,66.34568481445312,66.0622673034668,65.47772369384765,64.91310787200928,64.40074661254883,64.3396359761556,1
2022-07-27,66.69109344482422,66.86822511312882,66.15968492563039,66.33682335107501,544689,Power,0.005340371327977156,0.004021385972660552,-1.0232754776851039e-07,0.004032093714291474,66.42539520263672,66.26154327392578,65.66371459960938,65.10795555114746,64.62393585205078,64.29830449422201,1
2022-07-28,66.82393646240234,66.86822275648773,66.2039688880458,66.86822275648773,510603,Power,0.001991915422529855,0.00801062484708348,-3.524306324553805e-08,0.000669349657048457,66.5051040649414,66.32796859741211,65.83199157714844,65.29616050720215,64.8559815979004,64.33225479125977,1
2022-07-29,67.88674926757812,69.08240492445805,66.86822527944337,67.13392953970114,4400947,Power,0.015904672209392512,0.003973588234594372,0.03311262176106666,0.010033482924881154,66.78851776123047,66.54938659667968,66.06521860758464,65.54636287689209,65.08094223022461,64.49019927978516,1
2022-08-01,69.56952667236328,71.29658408078086,68.2852984327733,68.2852984327733,2436878,Power,0.02478800978011808,0.01715032772498848,0.032051274977239474,0.021192025770206513,67.46162719726563,66.91251220703126,66.39882151285808,65.82977771759033,65.35372909545899,64.78985163370768,1
2022-08-02,69.25953674316406,70.36662656806848,68.99383923947103,69.61380683856149,1294443,Power,-0.004455829211820195,0.01945526249835594,-0.013043507268997834,0.010376183790062665,68.04616851806641,67.19592666625977,66.72356770833333,66.11983489990234,65.5397200012207,65.0083169301351,0
2022-08-03,71.47371673583984,72.00512526005522,68.90527373545255,69.3923892064632,3144753,Power,0.03196931566098482,-0.003180656857507569,0.023285167584405242,-0.0012836726437425172,69.00269317626953,67.71404418945312,67.17525990804036,66.49845924377442,65.88690307617188,65.35372873942057,1
2022-08-04,70.76519012451172,72.58081356690839,69.70237973070662,72.5365340237128,1272463,Power,-0.009913107134847499,0.045309649274285935,0.007995101803850657,0.011568142059988018,69.7909439086914,68.14802398681641,67.48229370117187,66.82172966003418,66.1951171875,65.67847531636556,0
2022-08-05,70.54376983642578,71.11945793631902,70.10093387606798,70.76518781660468,596380,Power,-0.003128943590716693,-0.024420055782222172,-0.020134186416114197,0.005717941724531661,70.32234802246094,68.5554328918457,67.80704040527344,67.1295009613037,66.50155990600587,65.954509862264,0
2022-08-08,71.20802307128906,71.69513856857101,70.49948283888203,70.54376913733513,832856,Power,0.009416185673143396,-0.003128920958188841,0.008094558774160765,0.005685358821590603,70.6500473022461,69.05583724975585,68.15835723876953,67.46162796020508,66.79383163452148,66.23644879659017,1
2022-08-10,70.89804077148438,71.73942640298412,70.41091850663257,71.20802459587162,890544,Power,-0.004353193452574233,0.009416217288352069,0.0006177243715173031,-0.0012562408784170254,70.97774810791016,69.51195831298828,68.45653381347657,67.78711280822753,67.0914175415039,66.44605801900228,0
2022-08-11,70.23377990722656,71.42943554477588,69.52523972942109,71.42943554477588,1152515,Power,-0.009369241477332646,0.0031093538988173908,-0.004321066863106959,-0.012578713585848944,70.7297607421875,69.86622695922851,68.71928304036459,68.06388511657715,67.34471954345703,66.69404602050781,0
2022-08-12,70.36663055419922,71.03088448677055,70.18949887503636,70.2337851733973,1179733,Power,0.001891549154098504,-0.01673890269830136,-0.005579647311583558,0.009554215824360224,70.650048828125,70.2204963684082,68.9820322672526,68.27423248291015,67.58739349365234,66.93760579427084,1
2022-08-16,70.01236724853516,70.8537528609022,69.56953129315453,70.80946656250796,1159135,Power,-0.005034535587023714,0.008196644786969687,-0.002493726878782354,-0.008832768317460271,70.54376831054688,70.43305816650391,69.2182113647461,68.4912223815918,67.81235443115234,67.17526130676269,0
2022-08-17,71.3851547241211,73.90931832077383,68.86099112746835,69.08240910537017,7600898,Power,0.019607785446144277,-0.024390205730658976,0.04312496284946565,-0.01018463330880448,70.57919464111328,70.61462097167968,69.563623046875,68.76356658935546,68.08514129638672,67.42472546895345,1
2022-08-18,70.94231414794922,72.49223989231763,70.32234655305786,71.51800220442834,1772962,Power,-0.006203538787347362,0.035256342831692544,-0.019173203875402334,0.02122181806655088,70.58804931640626,70.7828987121582,69.8706553141276,68.98941268920899,68.34730010986328,67.67418950398763,0
2022-08-19,70.32235717773438,71.42944716240544,70.10093918080015,71.38516086016219,1279933,Power,-0.008738888456921945,-0.0018574532309563185,-0.01466077929845866,-0.003148463939420032,70.60576477050782,70.66776275634766,70.11273956298828,69.19090347290039,68.57226104736328,67.88822708129882,0
2022-08-22,70.05664825439453,71.16373816599096,69.74666443057563,70.2337866945343,6520748,Power,-0.0037784416507581353,-0.01612904071034227,-0.003719880343051596,-0.005053780368203031,70.54376831054688,70.59690856933594,70.32825368245443,69.37246627807617,68.7281396484375,68.08012262980144,0
2022-08-23,69.08240509033203,70.45519917639336,68.90527342116155,69.6138068549835,6100764,Power,-0.013906505497162214,-0.00882737310245374,-0.009956461083380885,-0.012063530439532122,70.35777587890625,70.45077209472656,70.40796407063802,69.50310249328614,68.86453308105469,68.23659133911133,0
2022-08-24,69.34810638427734,70.23377820651771,68.94955000998532,69.4809517519016,7348948,Power,0.00384615002326405,-0.0019084590986189198,-0.003142720089702622,0.0006425718471956277,69.9503662109375,70.2647804260254,70.39320271809896,69.66030883789062,69.00092651367187,68.39601211547851,1
2022-08-25,70.14521026611328,70.49948036990985,69.61380848898852,69.74666062255476,1463488,Power,0.011494241492607804,0.0038241973368748905,0.0037831107791304053,0.009633978451012437,69.79094543457032,70.18949737548829,70.4522476196289,69.85072784423828,69.14971923828125,68.58790766398111,1
2022-08-26,70.8094711303711,71.56229770879477,70.49948729303593,70.6766257408995,1787551,Power,0.0094697964656143,0.01333347159625875,0.01507553436292497,0.012722746007891583,69.88836822509765,70.24706649780273,70.40796457926432,70.05664672851563,69.33039642333985,68.79161224365234,1
2022-08-29,68.99384307861328,70.32235094242301,68.72813880299516,69.92379452899584,2152306,Power,-0.025641033929133084,-0.01065177070936485,-0.017326816020041935,-0.02512569322210856,69.67580718994141,70.10978775024414,70.28987477620443,70.16514205932617,69.43313446044922,68.88608423868816,0
2022-08-30,72.13797760009766,73.51077182498683,69.30383006391831,69.43668220780125,8284752,Power,0.045571233333123295,-0.006966331339363974,0.045340078080927215,0.00837635458997843,70.28692169189453,70.3223487854004,70.39615529378256,70.37770347595215,69.65986633300781,69.10159784952799,1
2022-09-01,71.20802307128906,72.44796509943114,70.49948283888203,71.56229318749257,2124004,Power,-0.01289133074902471,0.03061221982539508,-0.014457836575107685,0.017252333296168265,70.65890502929688,70.30463562011718,70.39615529378256,70.45962829589844,69.86002807617187,69.27725626627604,0
2022-09-02,70.85375213623047,72.4479642621518,70.63233416080475,71.69513773999206,2034022,Power,-0.0049751547617593594,0.001856348456462209,-1.1556975265669678e-08,0.0018844297372553331,70.80061340332031,70.29577941894532,70.39320271809896,70.53933906555176,70.04070495605468,69.42486826578777,0
2022-09-05,71.96084594726562,73.15650172849973,70.80946970925308,71.07517399714543,2427966,Power,0.015625055521499398,-0.008647221588373055,0.009779949976014501,0.0025078535284570602,71.03088836669922,70.45962829589844,70.50834045410156,70.56369552612304,70.25149505615235,69.61381174723307,1
2022-09-06,71.47371673583984,72.62509286211973,70.41091320168925,71.96083896399058,2267354,Power,-0.006769364715122461,0.012460960938072807,-0.007264000517031022,-0.005628576364154592,71.52686309814453,70.60133514404296,70.58214619954427,70.59912185668945,70.43748626708984,69.78208923339844,0
2022-09-07,74.57357025146484,75.01640619537412,71.11945529468476,71.29658696939235,7705238,Power,0.0433705375513318,-0.009230742778452372,0.03292681962960575,0.010062958436086511,72.01398162841797,71.15045166015625,70.88622639973958,70.80061187744141,70.70495910644532,70.05221888224284,1
2022-09-08,73.42220306396484,75.28211273299908,72.44796530943648,74.83927677574614,2584014,Power,-0.0154393464550181,0.04968947262334833,0.0035419790296664644,0.018679980172050303,72.45681762695312,71.557861328125,71.02202962239583,70.9113208770752,70.85906616210937,70.29282633463542,0
2022-09-09,73.73219299316406,74.48501283145585,73.11222530448636,73.68790669091236,2084297,Power,0.004222018902499514,-0.015384569900158684,-0.010588171248199219,0.009168787449208793,73.03250579833984,71.91655960083008,71.20802154541016,71.05302848815919,71.03797241210937,70.53933842976888,1
2022-09-12,75.68065643310547,76.74346670111855,73.68789478236336,74.3078691279893,5181737,Power,0.026426223890045675,0.008413353899133114,0.030320916702707867,0.007873778639339024,73.7764678955078,72.40367813110352,71.56524149576823,71.32537231445312,71.20625,70.83899052937825,1
2022-09-13,74.70642852783203,76.56633829372986,74.3964446930392,76.16778861430204,1929942,Power,-0.012872878634906715,0.025029912822680522,-0.002308058457647366,0.009615553718403058,74.42301025390626,72.9749366760254,71.87522684733072,71.54236221313477,71.3638995361328,71.10174026489258,0
2022-09-14,74.21930694580078,75.6806601558506,73.15649662550787,73.68789840708419,2511305,Power,-0.006520477442577444,-0.032558253985493835,-0.011567461075146945,-0.016666765094049518,74.35215759277344,73.18306961059571,72.21768697102864,71.75270919799804,71.51092102050781,71.31282552083333,0
2022-09-15,73.7764663696289,75.10497411873047,72.89079453689455,74.57356561337797,2177416,Power,-0.005966649304543714,0.012019167671209141,-0.007606778745515852,-0.0036319684630807814,74.42301025390626,73.43991394042969,72.51291097005209,71.87227478027344,71.61365875244141,71.45305684407552,0
2022-09-16,71.0751724243164,76.52205614844915,70.3223526348016,72.80222998597627,4941777,Power,-0.03661457478565988,-0.023752862194964308,0.018868018348271898,-0.03523684874628297,73.89160614013672,73.46205596923828,72.57490844726563,71.8789176940918,71.62074401855469,71.51357803344726,0
2022-09-19,72.22654724121094,72.93508071765241,70.54376925430923,71.2080231893646,2499858,Power,0.01619939533907644,-0.021897774242887302,-0.04687505291073435,0.0031485951651459843,73.2007843017578,73.4886260986328,72.66938018798828,71.97412719726563,71.70045471191406,71.5386723836263,1
2022-09-20,72.22654724121094,72.62509689938798,70.76518723266102,72.62509689938798,2464409,Power,0.0,0.01990047815616136,-0.004250133340695683,0.003138731892161628,72.70480804443359,73.56390914916992,72.88489379882813,72.08262214660644,71.77485137939453,71.58738428751627,0
2022-09-21,70.76519012451172,72.13797759210813,69.96808401844308,72.00513220538062,4653124,Power,-0.02023296381341344,-0.008536507632702195,-0.006707313698385731,-0.011264058577238445,72.01398468017578,73.18307113647461,72.79337463378906,72.16676139831543,71.80496429443359,71.5947649637858,0
2022-09-22,70.94231414794922,71.65085433394506,70.32234655305786,70.41091238702234,1612436,Power,0.0025029823720652544,-0.022140363742560454,-0.006752660310459846,0.005063201881037482,71.44715423583985,72.93508224487304,72.77566070556641,72.24647178649903,71.78725067138672,71.58590799967448,1
2022-09-23,70.23377990722656,71.16373128881385,70.14520731714595,70.85374749495142,1867511,Power,-0.009987470090770056,0.006289296543907641,-0.006798565762536013,-0.0025189608224784887,71.27887573242188,72.58524093627929,72.73432922363281,72.25090026855469,71.75890930175781,71.56376597086589,0
2022-09-26,69.25953674316406,69.83522480354237,68.8167008132023,69.12669136988757,1908953,Power,-0.013871432882430645,-0.024374943967316764,-0.018668308437619796,-0.018939376683813847,70.6854736328125,71.94312896728516,72.55424194335937,72.17340354919433,71.716396484375,71.53129119873047,0
2022-09-27,68.10816955566406,69.96807916950124,67.79818574621459,69.70237490017867,2150226,Power,-0.01662395161217478,0.008327948566360543,0.0019023976271659304,-0.01480040535149163,69.86179809570312,71.28330307006836,72.32987213134766,72.12911987304688,71.63845733642579,71.45600916544596,0
2022-09-28,68.24102783203125,68.63957751474439,67.57677385608211,67.93103723754228,2089496,Power,0.0019506951549859153,-0.025412873882319387,-0.018987253480812094,-0.00326574948423064,69.35696563720703,70.6854751586914,71.90770263671875,71.93427238464355,71.60480224609375,71.39696451822917,1
2022-09-29,69.12669372558594,69.61380921085977,68.46243980800685,68.86098945569819,1786709,Power,0.012978495806579504,0.013689651387244872,0.014193439578005895,0.013106070346165621,68.99384155273438,70.2204978942871,71.62133534749348,71.8302059173584,71.5959457397461,71.32168248494466,1
2022-09-30,68.46244812011719,69.52525181442392,68.28530966630534,69.25954751227668,1662723,Power,-0.009609104235559496,0.005787864213524063,-0.001272123985739726,-0.0025872601414476115,68.6395751953125,69.95922546386718,71.2700190226237,71.71064071655273,71.52863525390624,71.23902028401693,0
2022-10-03,69.08240509033203,70.41091288053072,67.75389730013333,68.59528286440316,1944783,Power,0.009055430929480135,-0.009590946977465875,0.012738696272122763,-0.007782235575541696,68.6041488647461,69.64481124877929,70.83013559977213,71.56671867370605,71.45955261230469,71.19768854777018,1
2022-10-04,69.87950897216797,70.76518080513046,69.2152550974461,69.96807480403625,1160025,Power,0.011538450069791928,0.020012920456159877,0.005031434902723619,0.02156861605819227,68.95841674804687,69.410107421875,70.50834096272787,71.48700828552246,71.49497924804687,71.1917839050293,1
2022-10-06,71.0751724243164,71.42944254795296,70.01236881054734,70.23378679317761,1384111,Power,0.017110358526197578,0.003797617554657018,0.009386844423554974,0.01151644550004205,69.5252456665039,69.44110565185547,70.29873199462891,71.31208839416504,71.45246704101562,71.25820948282878,1
2022-10-07,70.4552001953125,71.42943790411957,69.65809415823757,70.94231567114596,1071900,Power,-0.008722767850673496,0.01008814860082663,-6.501287463933636e-08,-0.00506017234281031,69.79094696044922,69.3923942565918,70.07731424967447,71.16373825073242,71.42235412597657,71.29511260986328,0
2022-10-10,69.39239501953125,70.41091910008004,69.25954287734825,70.14521481571404,769359,Power,-0.015084836503693078,-0.011235901279666338,-0.014259090284410414,-0.005721535820144008,69.97693634033203,69.30825576782226,69.96512908935547,70.94674835205078,71.3638998413086,71.27001876831055,0
2022-10-11,68.28529357910156,69.96807132959569,68.19672775163124,69.70236709004521,1172350,Power,-0.015954218616003657,-0.006313299158499652,-0.006289475782227716,-0.015345396194704097,69.81751403808593,69.21083145141601,69.70237884521484,70.57698020935058,71.21687774658203,71.18587951660156,0
2022-10-12,69.52525329589844,69.7466713000255,68.41816327526311,68.41816327526311,594404,Power,0.018158517768698035,-0.018424106216121783,-0.003164300878428561,0.0032470109773936606,69.74666290283203,69.35253982543945,69.52229258219401,70.3179214477539,71.13893920898437,71.20359319051107,1
2022-10-13,69.03812408447266,69.79095062898216,68.68386071898651,69.61381218909851,673389,Power,-0.00700650753982246,0.017475606719008274,0.0006348593865674879,0.0038834343250990777,69.33925323486328,69.4322494506836,69.4071548461914,70.0588623046875,70.91752136230468,71.10026473999024,0
2022-10-14,69.48095703125,71.25230081032218,69.08240738381487,69.96807927335097,1525138,Power,0.006414324732165522,0.005089034390044933,0.020938963693283963,0.005802624672759382,69.14440460205078,69.46767578125,69.30973103841146,69.84408683776856,70.7598715209961,71.04269587198893,1
2022-10-17,68.77242279052734,69.74666050649157,68.63957065718218,69.43667670011298,604856,Power,-0.0101975313956022,-0.007594928698298253,-0.021131111370546796,-0.006410267728111041,69.02041015625,69.49867324829101,69.21230723063151,69.7289493560791,70.56148071289063,70.97331822713217,0
2022-10-18,69.65808868408203,70.67661260935041,68.86098270964854,69.17096648938944,1072957,Power,0.012878212772179376,-0.0038266550669051602,0.013333285007563811,0.0032257202419314623,69.29496917724609,69.55624160766601,69.23887736002604,69.60052642822265,70.3205780029297,70.89655965169271,1
2022-10-19,69.74666595458984,71.25230556440407,69.56953426772019,70.41091991606213,1530756,Power,0.0012716006451101158,0.01792592310912533,0.008145451993231134,0.010289594051529072,69.33925170898438,69.5429573059082,69.34811045328776,69.47653236389161,70.1221875,70.83899129231771,1
2022-10-20,68.99384307861328,70.67662105753368,68.19673700889936,69.70237655169421,2975531,Power,-0.01079367544918497,-0.010062975532951102,-0.008079521108970034,-0.019732736078668767,69.3303955078125,69.33482437133789,69.39829813639322,69.38796501159668,69.9131689453125,70.65300038655599,0
2022-10-21,68.99384307861328,69.87951498781976,68.46244128451747,69.12669521642233,794827,Power,0.0,-0.00825913496428532,-0.011278214178703339,0.0038961435293221047,69.23297271728515,69.18868865966797,69.38944142659506,69.29054145812988,69.72186401367188,70.50538838704428,0
2022-10-24,69.70237731933594,70.72090137756862,69.17097551938774,69.43667979793209,203946,Power,0.010269528542066197,0.004484296269903432,0.012040529902010988,0.010349239985844694,69.41896362304688,69.21968688964844,69.47210337320963,69.26397132873535,69.66695220947265,70.37106119791666,1
2022-10-25,68.99384307861328,69.92379452899584,68.6395729635026,69.74666285001071,1012620,Power,-0.010165137373673194,0.004464255102356596,-0.011271163588783217,-0.007682449927805202,69.28611450195312,69.29054183959961,69.46619923909505,69.25068664550781,69.53764404296875,70.14816741943359,0
2022-10-27,69.03812408447266,69.87951647035369,68.37387013847527,69.3481146649839,1466606,Power,0.0006418109773784764,-0.00571422586746384,-0.0006332330638004757,-0.003870985986008546,69.14440612792968,69.24182891845703,69.4101069132487,69.29718437194825,69.41010711669922,69.95922393798828,1
2022-10-28,68.32958984375,69.7466635615081,68.01960602379361,69.39239344278346,1168445,Power,-0.010262941673439996,0.0006385000949697961,-0.0019011709805112353,-0.005181279251330606,69.01155548095703,69.17097549438476,69.22706807454428,69.30161247253417,69.31268310546875,69.7629000345866,0
2022-10-31,67.9753189086914,68.90527711453292,67.88675306935897,68.68385913763164,920546,Power,-0.005184736742437801,-0.010210547150762639,-0.01206346517540835,-0.0019531567764177193,68.80785064697265,69.02041168212891,69.06174265543619,69.24404373168946,69.19400329589844,69.56952845255533,0
2022-11-01,67.48819732666016,69.03812318035641,67.1339339658134,68.19673756263464,1534400,Power,-0.007166153684186161,-0.007092227797230954,0.0019279519854868976,-0.011089337308214375,68.3650146484375,68.8919891357422,68.93479614257812,69.1953311920166,69.08417999267579,69.4499626159668,0
2022-11-02,68.01960754394531,68.41815721320481,67.35535359041906,67.48819897541179,2134816,Power,0.007874120784601812,-0.01038962584642844,-0.00898005244916622,0.0032981774123115315,68.1701675415039,68.72814102172852,68.91708374023438,69.14219131469727,69.03458282470703,69.3097312927246,1
2022-11-03,67.31106567382812,67.75390163220858,66.33682791681923,67.75390163220858,3137378,Power,-0.010416729759274546,0.00393702396612472,-0.00970876165118384,-0.015121673620680176,67.824755859375,68.48458099365234,68.76947123209635,69.01376914978027,69.0026986694336,69.14588190714518,0
2022-11-04,67.22249603271484,67.93102947177768,67.04535760509405,67.57676613081631,1365894,Power,-0.0013158258634986542,-0.0026143955864538215,0.0026142825033250716,0.01068078939745587,67.60333709716797,68.3074462890625,68.64842936197917,68.82113533020019,68.96195739746094,69.0277921040853,0
2022-11-07,67.08965301513672,67.97532500213522,66.73538286890911,67.53248900863598,1670558,Power,-0.001976169071637446,-0.0006552122085069501,0.0006520662310285363,-0.004623358682203316,67.42620391845703,68.11702728271484,68.48900909423828,68.65285797119141,68.88047576904297,68.89937006632486,0
2022-11-09,66.46968078613281,67.62105023628898,66.29254234654995,67.31106641344465,1733222,Power,-0.009240951490150473,-0.0032787566168783755,-0.0052118142257520095,-0.006635768063682934,67.22250061035156,67.79375762939453,68.33549296061197,68.50672225952148,68.8007650756836,68.77390009562174,0
2022-11-10,66.64681243896484,66.86823042048964,66.33682861625823,66.46968075660122,1355228,Power,0.002664848856457569,-0.012499960284025002,-0.011132921082543934,0.0006680430126932979,66.94794158935547,67.55905456542969,68.1347412109375,68.42479820251465,68.7033413696289,68.68680928548177,1
2022-11-11,66.7353744506836,67.3553488176615,66.51395648186438,67.00107871612272,868912,Power,0.0013288259179664585,0.00799459172171102,0.007284750831728193,0.0026701286344390507,66.83280334472656,67.32877960205079,67.93398844401041,68.28530426025391,68.57757598876952,68.64104944864908,1
2022-11-14,67.44391632080078,67.75390013338165,66.77966239792448,66.95679407450203,804767,Power,0.010617185802123341,-0.0006609541587878631,0.005917144261238683,0.003994739301556249,66.87708740234375,67.24021224975586,67.83065999348959,68.20559387207031,68.43232574462891,68.6144790649414,1
2022-11-15,65.98255920410156,67.62105093358066,65.8054275198327,67.39963294967428,1972249,Power,-0.021667738121081137,0.006613800455850916,-0.001960760923569782,-0.01458879609613084,66.65566864013672,67.04093627929687,67.62990773518881,68.03067398071289,68.25342010498046,68.50967458089193,0
2022-11-16,66.11541748046875,66.95680319452569,65.89399947601784,65.98256532636995,1461572,Power,0.0020135362733690876,-0.021024856683751203,-0.00982309103281187,0.001345967339220433,66.5848159790039,66.90365829467774,67.39077707926432,67.89782371520997,68.12234100341797,68.43144022623697,1
2022-11-17,65.229736328125,66.3368261953466,65.14117049017533,66.0711219243573,1178175,Power,-0.013395985174038838,0.0013421211732118632,-0.009259357818770186,-0.011424848875905669,66.30140075683593,66.6246711730957,67.13983662923177,67.67640609741211,68.00011871337891,68.3030179341634,0
2022-11-18,63.98979187011719,65.45115179020532,63.635521774771576,65.45115179020532,2082100,Power,-0.019008883490966744,-0.009383375309742203,-0.013351172432235159,-0.023113626974677004,65.75228424072266,66.29254379272462,66.80328114827473,67.38856239318848,67.77870025634766,68.10669403076172,0
2022-11-21,64.12265014648438,64.16692968943411,63.67981417414283,63.98979800335377,899520,Power,0.0020762417330073557,-0.022327396033238855,-0.019621077179628577,0.0006960326266831629,65.08803100585938,65.98255920410156,66.52281850179037,67.14500274658204,67.58208129882813,67.87494328816732,1
2022-11-22,64.16692352294922,64.43262778367607,63.36982425504876,64.12264398425476,860991,Power,0.0006904483261953587,0.002076049386716905,0.0041407325475588674,-0.004867946351827412,64.7249038696289,65.6902862548828,66.26892547607422,66.90365676879883,67.3695199584961,67.6653340657552,1
2022-11-23,67.57677459716797,67.79819259157921,63.7683823904382,64.299784225597,4896090,Power,0.053140323503264364,0.002762522415415747,0.052233859205658595,0.006289399411703256,65.01717529296874,65.80099563598633,66.2748306274414,66.79737663269043,67.32169403076172,67.60481338500976,1
2022-11-24,66.29254150390625,68.15245117447151,65.93827138638419,67.66533567537657,2323737,Power,-0.01900406021028911,0.052341566776825665,0.005225192137884527,0.03402766252812084,65.229736328125,65.76556854248047,66.15969289143881,66.66231155395508,67.18707214355469,67.53838831583658,0
2022-11-25,65.93827056884766,67.57676899742971,65.31830293872608,66.60252449703809,2522426,Power,-0.005344054203107018,-0.01570687808950355,-0.00844697684560225,-0.009402255088326927,65.61943206787109,65.68585815429688,66.06817321777343,66.50731887817383,67.034736328125,67.4188222249349,0
2022-11-28,66.33683013916016,67.08964994219893,65.93827370898148,65.93827370898148,2277615,Power,0.0060444346943608895,-0.00997335751268924,-0.0072083803718006045,0.009491532118294455,66.06226806640625,65.57514953613281,66.00912882486979,66.40768089294434,66.92845581054688,67.32877909342447,1
2022-11-29,66.33683013916016,66.73537981219813,66.1596916955894,66.42539598237518,924135,Power,0.0,0.007387549688419259,-0.005280548196421098,0.0033579584989613664,66.49624938964844,65.61057662963867,65.95894063313803,66.32575645446778,66.82217529296875,67.22397486368816,0
2022-11-30,65.89398956298828,66.64680931343962,65.76113742887563,66.42539134229862,1690773,Power,-0.006675636674874141,-6.985395395453509e-08,-0.0013271895508464304,-0.006024125211277931,66.1596923828125,65.58843383789062,65.92056121826172,66.24604606628418,66.66983978271485,67.12802708943686,0
2022-12-01,66.33683013916016,66.69110026916097,65.93827370898148,66.24826429594513,1190866,Power,0.006720500293104337,-0.00266655630887791,0.0006645622825400821,0.002693631634602456,66.16855010986328,65.69914321899414,65.89989573160807,66.16190719604492,66.56355926513672,67.01731847127279,1
2022-12-02,66.91251373291016,67.08964540736724,66.02684184634425,66.38110519525841,1494551,Power,0.008678189665414227,0.0020051981848134837,0.0059759868497861746,0.0013431976965860848,66.36339874267578,65.99141540527344,65.91170501708984,66.14197959899903,66.47853485107422,66.92284673055013,1
2022-12-05,67.22249603271484,67.48819353843587,66.95679176985372,66.95679176985372,1601091,Power,0.004632650643525693,0.008672446367109066,0.005940531190001819,0.014084422297126142,66.54053192138672,66.30139999389648,65.89694366455078,66.14197959899903,66.43425109863281,66.86380182902018,1
2022-12-06,66.82393646240234,67.57676291901502,66.77965692545675,67.22249283775137,1251012,Power,-0.005928961193564342,0.0039682466987207565,0.0013123685186315903,-0.002645509734185425,66.63795318603516,66.5671012878418,65.95303548177084,66.12869377136231,66.38819580078125,66.79147160847982,0
2022-12-07,67.35535430908203,68.81670761671953,66.6025277480073,67.13393632221081,3477692,Power,0.007952507362068983,-0.0013173643493749054,0.018348684431517714,-0.00265244215985061,66.9302261352539,66.5449592590332,66.03569793701172,66.17297744750977,66.38288208007812,66.71323750813802,1
2022-12-08,67.7096176147461,67.9753219015825,67.31106794163219,67.31106794163219,1001579,Power,0.00525961609582537,0.0026384810592845476,-0.012226474416985988,0.010638337876689441,67.2047836303711,66.6866668701172,66.20102335611979,66.22611770629882,66.37048248291016,66.67042999267578,1
2022-12-09,67.62104797363281,68.10817021976051,67.3110641611608,68.0638839220615,1332035,Power,-0.0013080806572741688,0.011184133656624073,0.001954361001340388,-5.6164186745810696e-08,67.34649047851562,66.85494461059571,66.44310709635417,66.2704013824463,66.38288177490234,66.62319412231446,0
2022-12-12,67.88674926757812,68.46243732670995,67.17820907831742,67.53247917294777,1185628,Power,0.003929269094571142,-0.007807440870142401,0.005201536112427352,-0.0019737480680038777,67.47934112548828,67.0099365234375,66.69404703776041,66.29254302978515,66.40945190429687,66.60843276977539,1
2022-12-13,69.83523559570312,70.54377589599399,67.93103945116987,68.10817790481313,5692186,Power,0.02870201253038296,0.008524768213988176,0.030401175455551988,0.01120646684663451,68.08160095214843,67.35977706909179,67.07193450927734,66.48517684936523,66.51927520751953,66.67042999267578,1
2022-12-14,71.11946105957031,72.2265510090833,69.48096252857846,70.58805247809144,5420175,Power,0.018389362517539753,0.03641081951633085,0.02385433855384078,0.022816124851478436,68.8344223022461,67.88232421875,67.30811360677083,66.73537902832031,66.70526641845703,66.79147211710612,1
2022-12-15,71.91655731201172,73.7764737525914,71.3851555106206,71.73942563059485,4576352,Power,0.011207850011317522,0.016311161904640548,0.021459182556192946,0.027405967228201877,69.67581024169922,68.44029693603515,67.68304799397787,67.06972007751465,66.91605621337891,66.92137044270834,1
2022-12-16,71.0751724243164,73.68790191649735,70.67662275843816,72.40368032009802,5564057,Power,-0.011699460029002018,0.009259269692561967,-0.0012005430944161954,-0.009925491471080905,70.36663513183593,68.85656280517578,68.02550811767578,67.4239891052246,67.08964813232421,67.04684066772461,0
2022-12-19,69.92379760742188,71.60657566042732,69.56953423385501,71.29659182998597,2444450,Power,-0.01619939533907655,-0.015290500223436032,-0.028245155608156325,-0.015664140155182693,70.77404479980468,69.12669296264649,68.26463928222657,67.71404647827148,67.18884338378906,67.13688405354817,0
2022-12-20,69.92379760742188,70.5437720254453,68.81670767217365,69.74666592063845,2141568,Power,0.0,-0.021739130434782594,-0.014842263090781516,-0.01082121031816552,70.79175720214843,69.43667907714844,68.50377044677734,68.00189018249512,67.34649291992187,67.23135553995768,0
2022-12-21,69.92379760742188,72.00513209140112,68.99384611609779,70.32235403839567,4463549,Power,0.0,0.008253987630208348,0.020715649645566048,0.0025740615893452556,70.55262451171875,69.69352340698242,68.77242431640624,68.1192413330078,67.498828125,67.34649276733398,0
2022-12-22,67.66533660888672,70.45520453179381,65.14117296707194,70.01236856806699,2084548,Power,-0.03229888930253755,-0.004408064470643791,-0.021525237362801874,-0.055840822999530304,69.70238037109375,69.68909530639648,68.86099141438802,68.18788108825683,67.59625213623048,67.38044357299805,0
2022-12-23,66.60252380371094,67.48819569874507,66.24826045140954,67.045359751228,1890056,Power,-0.015706901915214844,-0.042378352247209206,-0.04211198949411665,0.01699520340073124,68.80785064697265,69.5872428894043,68.84032541910807,68.22109375,67.70076141357421,67.37601521809896,0
2022-12-26,68.10816955566406,68.9052756064915,65.67257186305484,66.6025232914033,1493429,Power,0.022606436903059635,-0.006605027722542678,0.020997448414119768,-0.008689867242279381,68.4447250366211,69.6093849182129,68.89937032063803,68.30966072082519,67.86018218994141,67.3981569925944,1
2022-12-27,68.24102783203125,68.99384765334543,67.66533970144715,68.72814336010943,884232,Power,0.0019506951549859153,0.031915008075684925,0.0012854174963286003,0.03034398961179363,68.10817108154296,69.4499641418457,68.99384307861328,68.40487060546874,68.02314636230469,67.47343928019205,1
2022-12-28,68.28529357910156,68.90526788567281,67.93102351208077,68.01959609669059,923942,Power,0.0006486676487240661,-0.010309419530021624,-0.0012838792252560793,0.0039264387322353045,67.78047027587891,69.16654739379882,69.05583902994792,68.52443580627441,68.05148712158203,67.54576848347982,1
2022-12-29,68.15245819091797,68.46244879887679,67.70962218770956,68.28531034330872,469475,Power,-0.001945300096421465,0.003906436701570648,-0.006426491041740756,-0.00325920783943201,67.87789459228516,68.79013748168946,69.08536173502604,68.6152172088623,68.1258837890625,67.64319254557292,0
2022-12-30,67.66533660888672,69.2152624819306,67.35535278570605,68.50672223711146,1726537,Power,-0.007147527689561173,0.0032424527719003837,0.010996008706398275,-0.00523218695595995,68.09045715332032,68.44915390014648,69.08831431070963,68.65285835266113,68.19496643066407,67.7657107035319,0
2023-01-02,68.77242279052734,68.90527492387251,67.62104664438951,68.019603044425,760594,Power,0.01636120112783468,-0.007110531299402645,-0.004478601206475363,0.003944658407903701,68.22330780029297,68.33401641845703,69.14735921223958,68.73035469055176,68.29239013671875,67.920703125,1
2023-01-03,68.50672149658203,69.25954127535185,68.19673767675216,68.72813947605201,1280295,Power,-0.0038634860190196463,0.010416650493597412,0.005141353138359062,0.008513488934741575,68.27644653320313,68.19230880737305,69.05879160563151,68.81449394226074,68.37918579101563,68.06536305745443,0
2023-01-04,68.19673156738281,68.77241961386012,67.79818194289692,68.50671535944294,1202467,Power,-0.004524956419271753,-0.0032217388437558725,-0.0070332787731743895,-0.005844205271876346,68.25873413085938,68.01960220336915,68.863942972819,68.85656280517578,68.47129547119141,68.08602828979492,0
2023-01-05,68.15245819091797,68.50672834491293,67.93104018931376,68.37387619252218,1020475,Power,-0.0006492008553385942,-0.0019390678158159869,-0.0038633404268598737,0.001959613703635066,68.25873413085938,68.06831436157226,68.61300303141276,68.87870483398437,68.54392059326172,68.14802551269531,0
2023-01-06,67.17821502685547,68.77242721528734,66.95679704274774,68.37387078960906,1896076,Power,-0.014295055379122457,-7.902013776650563e-08,0.003878434670484987,-0.014341649176149107,68.16130981445312,68.12588348388672,68.35320587158203,68.8565631866455,68.55454864501954,68.18935699462891,0
2023-01-09,66.77967071533203,67.75390857213051,66.24826886227297,67.7096222689001,2292517,Power,-0.005932642172229663,-0.009714946850864825,-0.014809985402557069,-0.010581870874474819,67.76275939941407,67.99303359985352,68.14359741210937,68.8012092590332,68.53683563232421,68.20411834716796,0
2023-01-10,66.24826049804688,67.4881957462553,65.89399038835576,66.77966228401338,3189967,Power,-0.007957664534622322,-0.013734532164328184,-0.003921734280352807,-0.005347739344762847,67.31106719970703,67.79375686645508,67.89856160481771,68.62186050415039,68.51380859375,68.20116602579752,0
2023-01-11,66.46968078613281,66.69109876775599,66.02684482288647,66.42539448695196,1971319,Power,0.00334228078475296,-0.005305025286811538,-0.011810909592193997,0.002016184385673414,66.96565704345703,67.6121955871582,67.6682871500651,68.38937149047851,68.47838165283203,68.22035573323568,1
2023-01-12,66.51395416259766,66.82393795670774,66.33682249657473,66.6910925857605,891571,Power,0.0006660687390285247,0.003999947623355649,0.001991857855189183,0.004694721889554998,66.63795623779296,67.44834518432617,67.5915283203125,68.1192413330078,68.4305551147461,68.22625986735027,1
2023-01-13,65.49543762207031,66.77966599645133,65.18545379278548,66.60252755318807,3831653,Power,-0.01531282500567499,-0.0013279889283346336,-0.00066251648152027,-0.01735640418786555,66.30140075683593,67.23135528564453,67.5177225748698,67.8402545928955,68.3455307006836,68.17902399698893,0
2023-01-16,65.4511489868164,65.98255072850392,65.00831307588685,65.7168464790903,2445773,Power,-0.0006762094714056754,-0.013298009950004963,-0.011936496777174121,-0.0027174884363271312,66.03569641113282,66.89922790527343,67.34058787027995,67.61662216186524,68.24810668945312,68.11997909545899,0
2023-01-17,64.83118438720703,65.62829049793923,64.5654868550568,65.49543835329374,1896460,Power,-0.009472172898511766,-0.003369122799691926,-0.0053689987224403435,-0.006811839899815819,65.75228118896484,66.53167419433593,67.11326497395834,67.36199150085449,68.04794464111328,68.05355402628581,0
2023-01-18,66.15968322753906,66.51395331219538,64.69833010868398,65.00831389883082,2048842,Power,0.020491663894300016,-0.007437532547462045,0.013495137653843914,0.002057496351346222,65.69028167724609,66.32796936035156,66.9715576171875,67.17378578186035,67.84955352783203,68.01369832356771,1
2023-01-19,66.24826049804688,66.64681014823668,65.80542455021805,65.98255622649346,915273,Power,0.0013388406078544968,0.014986426646579343,0.0019974280496861674,0.017111638579764055,65.63714294433593,66.13754959106446,66.84461110432943,67.10293197631836,67.62282165527344,67.96498641967773,1
2023-01-20,65.36258697509766,66.5582426530399,64.87546474175741,66.02684088030337,1590255,Power,-0.01336900797531626,0.0006711569897033254,-0.0013289082403162844,-0.014131962749529214,65.6105728149414,65.95598678588867,66.69109446207682,67.04093513488769,67.39431823730469,67.88970438639323,0
2023-01-23,65.71685791015625,65.9825622057876,65.36259452550235,65.80543051346065,809022,Power,0.0054200874147403155,-0.003353338792084548,-0.008649273543071878,0.007508690468484458,65.66371459960938,65.84970550537109,66.48739013671874,66.9213695526123,67.22604064941406,67.81737467447917,1
2023-01-24,65.49543762207031,66.0268461947194,65.27401963584676,65.71685560829387,692271,Power,-0.003369307284725176,-0.0013460120916413132,0.0006711468523104003,-0.001355131177068425,65.79656524658203,65.77442321777343,66.28663787841796,66.78409004211426,67.04890625,67.67271474202474,0
2023-01-25,65.36258697509766,65.62828448289585,65.05259641362287,65.49543235042668,560441,Power,-0.002028395439377717,-0.0033693525932978474,-0.006036358463164415,-0.0033922106139498975,65.63714599609375,65.66371383666993,66.09769490559896,66.63795471191406,66.86645782470703,67.48081893920899,0
2023-01-27,64.21121215820312,65.62828583371471,63.81266250973246,65.49543369851106,1222389,Power,-0.017615196554769064,2.0582876292252195e-08,2.0582876292252195e-08,-0.01906048293609297,65.229736328125,65.43343963623047,65.83494517008464,66.44089241027832,66.7282928466797,67.22397410074869,0
2023-01-30,64.07835388183594,65.18544364053089,63.812656394032935,64.29977183357494,909275,Power,-0.0020690822038968992,-0.0182556523015025,-0.006747733657189725,-9.583833815440812e-08,64.97288970947265,65.29173126220704,65.62828776041667,66.26154327392578,66.6273260498047,66.99074681599934,0
2023-01-31,64.16692352294922,64.8311774176263,63.54695592410663,64.2554961146182,1893274,Power,0.001382208433078791,-0.0006885828315431608,-0.005434744371124012,-0.004163758178090005,64.66290283203125,65.1633087158203,65.45410461425782,66.03126831054688,66.4696762084961,66.7988510131836,1
2023-02-01,63.81266784667969,65.27402118471868,63.54696355405032,64.38834921880857,1654642,Power,-0.005520845582425826,0.0020675757285164575,0.006830722265611433,1.200678076962447e-07,64.32634887695312,65.06145706176758,65.29173177083334,65.79656562805175,66.29254180908202,66.59514668782552,0
2023-02-02,63.591251373291016,64.07836691188578,63.19269492483237,63.768383067845285,1274655,Power,-0.0034697886933776623,-0.00962854551304737,-0.018317460011377573,-0.005574910419073431,63.9720817565918,64.80461387634277,65.09983647664389,65.56629161834717,66.10478012084961,66.38406181335449,0
2023-02-03,64.34407043457031,64.87547226896298,63.2369804641102,63.72409599682809,1468822,Power,0.011838406148986236,-0.0006944988862281898,0.012439539200075123,0.0007008015614859975,63.998653411865234,64.61419486999512,64.95517756144206,65.37587223052978,65.9524446105957,66.27335294087727,1
2023-02-06,64.25550079345703,64.91975473650253,63.98979651338262,64.65405045642811,777769,Power,-0.0013765004376486978,0.014593450798365382,0.0006825764189577477,0.011904680516801047,64.03408279418946,64.50348625183105,64.87251510620118,65.22973651885987,65.81605117797852,66.19511884053549,0
2023-02-07,64.74262237548828,64.87547452799774,63.98980252078958,64.2555068258085,1211990,Power,0.007581009812639206,-0.006164248454753829,-0.0006820760288530625,9.38807009909226e-08,64.14922256469727,64.40606269836425,64.8252799987793,65.12788410186768,65.65485916137695,66.08293393452962,1
2023-02-08,64.74262237548828,65.80543283842277,64.29978637188421,64.78690867870516,2190252,Power,0.0,0.008270137131394018,0.014334512651983822,0.004844269538008206,64.33521347045898,64.33078117370606,64.8193758646647,65.05260219573975,65.5042951965332,65.96632041931153,0
2023-02-09,64.47691345214844,65.2740127122931,64.2112091940069,65.09688104495872,1145665,Power,-0.004104080335189497,0.004784490764805582,-0.008075626938500835,-0.0013775656635158784,64.51234588623046,64.24221382141113,64.707191212972,64.95296382904053,65.35550247192383,65.83937441507975,0
2023-02-10,65.05259704589844,65.22973547662573,64.299777297443,64.38834313423655,690658,Power,0.008928522829760421,-0.010884360346432365,-0.0006783286920405418,0.0013793246467062037,64.6540512084961,64.32635231018067,64.6274803161621,64.87989597320556,65.23150802612305,65.73604571024576,1
2023-02-13,65.80542755126953,66.07112507779973,65.09688729957438,65.09688729957438,1523514,Power,0.011572643361800417,0.011004230437497986,0.012898865755411437,0.012396777028387485,64.96403656005859,64.49905967712402,64.65700302124023,64.89539546966553,65.1765965270996,65.67404874165852,1
2023-02-14,66.4253921508789,67.13393237001108,65.58400655315724,65.938269905583,1926558,Power,0.009421177290070082,0.012925081995650567,0.016085805879041404,0.007482988416038339,65.30059051513672,64.72490653991699,64.70423863728841,64.94410762786865,65.16242538452148,65.59581438700359,1
2023-02-15,68.55101013183594,68.99384610586958,66.69110039232278,67.66533818376865,3630258,Power,0.03200008177789737,0.026192198865069516,0.02770452541953783,0.01688054599513089,66.06226806640625,65.19874076843261,64.90794347127279,65.13009891510009,65.25453536987305,65.59729067484538,1
2023-02-16,68.59528350830078,69.61380750844191,68.2410201666344,68.90527406796903,2464152,Power,0.0006458457195552825,0.018324535389639296,0.008985749274232457,0.023240278915686252,66.88594207763671,65.69914398193359,65.12345657348632,65.25187892913819,65.33955947875977,65.61057573954264,1
2023-02-17,68.15245819091797,68.99385065129864,67.44392464006921,68.59529419412638,2602962,Power,-0.00645562340053929,-0.00449863784790816,-0.008905659370349595,-0.011680592180755789,67.50591430664062,66.07998275756836,65.38620630900066,65.34708881378174,65.40509963989258,65.61057573954264,0
2023-02-20,68.59528350830078,69.12669203508058,68.37386554118923,68.50671767288419,2018272,Power,0.006497569260705216,-0.001291291513256243,0.0019254090404858815,0.0137883568621322,68.06388549804687,66.51396102905274,65.68733495076498,65.5087236404419,65.5290934753418,65.65781135559082,1
2023-02-21,68.59528350830078,69.21525787049718,68.2410201666344,68.99383990338563,2237081,Power,0.0,0.007110576116453604,0.0012812103806683073,-0.0019429261970687062,68.49786376953125,66.89922714233398,65.98255894978841,65.65264492034912,65.65485885620117,65.71833178202311,0
2023-02-22,68.37387084960938,68.63957513362806,68.15245286530735,68.63957513362806,2388587,Power,-0.003227811700269645,-0.005134730437582058,-0.008317280821899642,-0.0012978601596338457,68.46243591308594,67.2623519897461,66.28663914998373,65.79656658172607,65.79656631469726,65.78918546040853,0
2023-02-23,68.63957214355469,68.77242427977673,68.01960451737226,68.41815416889806,3793608,Power,0.003886006315624968,-0.0032258498730352025,0.0019354599134688844,-0.001949281975186512,68.47129364013672,67.67861785888672,66.62319386800131,65.96041584014893,65.8957618713379,65.8615151723226,1
2023-02-24,67.88735961914062,68.73360241453736,67.69930885290886,68.63957703142148,3064190,Power,-0.010958875484259445,0.003236317395772126,-0.0005644975532843599,-0.004708872783604545,68.41827392578125,67.96209411621093,66.85941314697266,66.1442232131958,65.96132583618164,65.90729535420736,0
2023-02-27,65.58370208740234,67.79333075883758,64.92551726567322,67.74632165652923,7682886,Power,-0.03393352672223793,-0.013013707448741085,-0.013679941435761345,-0.04097222902618236,67.81595764160156,67.93992156982422,66.94795989990234,66.21949062347412,65.97017044067383,65.91023750305176,0
2023-02-28,65.20759582519531,65.91279694913112,64.97252878388338,65.77175528960859,2555771,Power,-0.005734751931292359,-0.029146473471011514,-0.02773921547528202,0.0007240838454591891,67.13842010498047,67.81814193725586,66.97895812988281,66.27152423858642,65.94979995727539,65.90211906433106,0
2023-03-01,65.3956527709961,65.81877056947202,65.2075948365916,65.2075948365916,1664363,Power,0.002883973000705531,-0.008577548987903194,-0.001426526926655347,0.003617929871409409,66.54277648925782,67.50260620117187,67.02249348958334,66.35067348480224,65.94580856323242,65.92093467712402,1
2023-03-02,65.72474670410156,65.8187720866328,65.25461261776847,65.44266338283097,1271802,Power,0.005032351833200499,0.0036049258806194473,2.3050579223138357e-08,0.0007210476217487383,65.95981140136719,67.21555252075196,67.10568237304688,66.45734825134278,65.96029495239257,65.90643679300943,1
2023-03-03,65.81877136230469,66.05383840288435,65.63072059931167,65.77175508471805,1689721,Power,0.0014305822832065829,0.0050287027586566335,0.003571417527238996,0.005763699552493895,65.54609375,66.98218383789063,67.1567606608073,66.5310832977295,66.02459732055664,65.89212048848471,1
2023-03-06,65.67772674560547,66.47695321284999,65.58370136834314,66.19487708106298,4634203,Power,-0.0021429238768804204,0.006433186947800484,0.0064056051880727605,-0.0007164210683529015,65.56489868164063,66.6904281616211,67.14824727376302,66.60219459533691,66.08857223510742,65.90262514750162,0
2023-03-08,65.7717514038086,66.05383470618813,65.53668437638444,65.7717514038086,1673601,Power,0.0014316064648114413,-0.006392121202011269,-0.00636489017941444,-0.0007169005557438046,65.67772979736328,66.40807495117187,67.10467122395833,66.65365104675293,66.1527653503418,65.90445493062337,1
2023-03-09,67.04112243652344,67.60528189576048,65.77175468614418,66.00682172529933,9993881,Power,0.019299638608093028,0.0035740316545247452,0.023487617281771733,0.003586850814876419,66.00682373046875,66.27480010986328,67.00401204427084,66.7685760498047,66.28190353393555,65.9559777577718,1
2023-03-10,66.6650161743164,67.18215937514222,66.52397451093591,66.99410860641956,1493886,Power,-0.0056100830137970625,0.01495734615475075,-0.006258719862608841,0.011436821601936042,66.19487762451172,66.07734451293945,66.87532755533854,66.87798118591309,66.40485412597656,65.99939206441243,0
2023-03-13,65.7717514038086,67.13514446707453,65.44265900015004,67.04111909084014,1329606,Power,-0.01339930328933081,0.0007017107235018916,-0.0006998123981869497,-0.016254523556888723,66.1854736328125,65.86578369140625,66.71661376953125,66.9139389038086,66.46196136474609,66.05141003926595,0
2023-03-14,65.81877136230469,66.38293082496051,65.34863728114537,65.81877136230469,3012147,Power,0.0007148959468543659,-0.018232806151090353,-0.011204468957133562,-0.0014367038326553727,66.21368255615235,65.88929061889648,66.53151295979818,66.91460609436035,66.5244921875,66.10942395528157,1
2023-03-15,65.6307144165039,66.94708398079865,65.4426564975503,66.19487382601253,801149,Power,-0.00285719319744826,0.005714212768232141,0.008498467133452037,0.0014387326242235599,66.1854751586914,65.93160247802734,66.33387502034505,66.8748722076416,66.56001586914063,66.15821698506673,0
2023-03-16,64.78446960449219,65.67772137596914,64.54940259371658,65.489670636819,1235189,Power,-0.012894036268465747,-0.010653441096467597,-0.01896068550489194,-0.013649413878349503,65.73414459228516,65.87048416137695,66.0945816040039,66.68654518127441,66.56168975830079,66.19061037699382,0
2023-03-17,64.6904525756836,65.63072074001808,64.45538553459997,64.87850333907977,1467552,Power,-0.0014512278850559168,-0.009332270139645882,-0.0007156252526181461,-0.001456513233877077,65.3392318725586,65.76705474853516,65.83130696614583,66.49130363464356,66.57023132324218,66.22725041707356,0
2023-03-20,64.17329406738281,65.77174687431614,63.985243327864495,64.690444361572,4274832,Power,-0.007994356009424108,-0.0028986331038632906,0.0021487823493011593,-0.0072940717495685314,65.01954040527343,65.60250701904297,65.58370259602864,66.2923454284668,66.53505920410156,66.22155787150065,0
2023-03-21,64.31433868408203,64.69044735419357,63.93823001397049,64.5023894322997,1063616,Power,0.0021978709173182676,-0.0029069970244943732,-0.016440182472100662,-0.0007347524436706054,64.71865386962891,65.46616821289062,65.49907836914062,66.07829818725585,66.47541564941406,66.22351913452148,1
2023-03-22,64.50239562988281,64.69045356984586,64.40837024673974,64.40837024673974,576693,Power,0.002924028290558045,-0.0014576077938730503,9.608300066688003e-08,0.007353037965963649,64.49299011230468,65.33923263549805,65.45206502278646,65.87365379333497,66.39849578857422,66.21551157633463,1
2023-03-23,63.89121627807617,64.73745902602401,63.7971909002323,64.54940827033627,1068173,Power,-0.009475296938017741,0.0021897468148353028,0.0007266212181895604,-0.009489129194949153,64.31433944702148,65.02424201965331,65.3517692565918,65.6495210647583,66.21210403442383,66.18713137308757,0
2023-03-24,62.80991744995117,64.17330344487705,62.71588489277538,63.93823639929143,1227745,Power,-0.016924060788243933,-0.009468279995460516,-0.008714515361503139,-0.01694911628864504,63.938232421875,64.6387321472168,65.1574473063151,65.35803833007813,65.98068939208984,66.13156483968099,0
2023-03-27,60.78833770751953,63.23303347787682,58.39065104074645,63.04498271618654,2321974,Power,-0.03218567742972267,-0.013970571185707548,-0.014652042461985593,-0.06896552379710075,63.26124114990235,64.1403907775879,64.82208506266277,65.00308723449707,65.68612457275391,65.98942286173502,0
2023-03-28,59.42494583129883,61.25846938050454,58.813770119284186,61.02340235078172,3037547,Power,-0.02242851059327533,-0.03206568196719928,-0.031226781142219218,0.007246349732296542,62.283362579345706,63.50100822448731,64.40523300170898,64.6951494216919,65.31931106567383,65.776740137736,0
2023-03-29,61.86964416503906,63.18601377281222,59.04883626381327,59.660011966665856,2832316,Power,0.04113926061759443,-0.022342090601220055,0.031465761580407925,0.0039967875559130395,61.756812286376956,63.12490119934082,64.14509251912435,64.52825183868408,65.05028549194336,65.62488187154135,1
2023-03-31,62.66887283325195,63.37407393676114,61.96367172974277,62.43380579874889,1721421,Power,0.012917945124767849,0.04649335024660828,0.0029762941625832706,0.04936313144101345,61.51234359741211,62.9133415222168,63.85360921223958,64.39191284179688,64.82208557128907,65.4288106282552,1
2023-04-03,63.98524856567383,64.12628304501965,62.90393879073818,63.23303119867256,873539,Power,0.0210052562445866,0.012801164204212068,0.011869350690774771,0.015174489095746813,61.74740982055664,62.84282112121582,63.674958038330075,64.30493793487548,64.63591262817383,65.27514279683432,1
2023-04-05,65.0665512084961,65.53668526975308,63.93823233094992,64.07927398406231,1109019,Power,0.016899248921607768,0.013382922965228916,0.021994136534363884,0.01644242888593217,62.60305252075195,62.932146835327146,63.62794469197591,64.26732692718505,64.52308029174804,65.17227923075357,1
2023-04-06,65.0665512084961,65.39565079031716,64.59641714723911,64.83148417786761,595494,Power,0.0,0.011738744012492752,-0.0021519928701827507,0.010294072768267437,63.7313735961914,63.007368087768555,63.577796681722006,64.2367681503296,64.5023942565918,65.05465482076009,0
2023-04-10,65.30162048339844,66.19487953469195,65.11356972190335,65.81877083802503,507550,Power,0.0036127514143033945,0.015228506221587779,0.012221435748646536,0.008005901836404483,64.41776885986329,63.087290573120114,63.55585708618164,64.21326160430908,64.50615524291992,64.94486605326334,1
2023-04-11,65.67772674560547,65.8187683983372,64.69044952383629,65.63071764381253,721950,Power,0.0057595241806081,-0.002857136221447898,-0.005681876589225254,-0.006498187703026792,65.01953964233398,63.26594161987305,63.61540756225586,64.14509181976318,64.5174382019043,64.85499458312988,1
2023-04-12,64.12628173828125,65.8187671927071,63.891214712593005,65.67772554255889,1832603,Power,-0.023622087489927113,0.0007162484341780573,-1.8317421135449763e-08,-0.01235475741977643,65.04774627685546,63.39757804870605,63.577796173095706,64.01815509796143,64.45349960327148,64.70455156962076,0
2023-04-13,64.17329406738281,64.690444361572,63.93822705614698,64.26731943714198,682713,Power,0.000733121082763466,-0.02147464903459506,-0.017142873974402173,0.0007358185904815517,64.86909484863281,63.736073684692386,63.577796173095706,63.938232231140134,64.38768051147461,64.58074938456217,1
2023-04-17,63.93822860717773,64.69044593085025,63.56211994534148,64.31433726901399,1115135,Power,-0.0036629794935921778,0.0007315978367201659,2.4258269615273775e-08,-0.0058823512649986975,64.64343032836913,64.18740196228028,63.55272216796875,63.84420509338379,64.3181005859375,64.5259002685547,0
2023-04-18,63.89121627807617,64.4553828924924,63.656149246628246,64.17329958528428,1077783,Power,-0.0007352773157103254,-0.002192943124637581,-0.003633659267229583,0.0014793292194725804,64.3613494873047,64.38955917358399,63.511976877848305,63.7572301864624,64.2428791809082,64.48202095031738,0
2023-04-19,64.40836334228516,65.0195390277136,63.79718765685672,63.89121302992044,1028915,Power,0.008094180927127548,-0.00439569972538123,0.008752661296918873,0.002215628998889718,64.10747680664062,64.56350822448731,63.54645334879557,63.73842487335205,64.13756881713867,64.44911130269368,1
2023-04-20,64.12628173828125,64.7844737144141,63.84420561166115,64.5023904141177,745436,Power,-0.004379580373822578,0.009565906721962447,-0.0036153026738517946,0.0007369910262711166,64.10747680664062,64.57761154174804,63.63421096801758,63.71021633148193,64.03601943969727,64.39582913716634,0
2023-04-21,63.79719543457031,64.2673295308806,63.37407761736186,64.17330414635394,805336,Power,-0.005131847579344151,-0.005101923597729652,-0.007982532756431793,-0.007363675212107568,64.03225708007812,64.45067596435547,63.834801483154294,63.69141139984131,63.957037200927736,64.32844327290853,0
2023-04-24,63.79719543457031,64.22032042545577,63.46810300188852,63.9382370981988,969661,Power,0.0,-0.00366300366300365,-0.0007314619382503551,0.0014836568524809746,64.00405044555664,64.3237403869629,64.12628479003907,63.665554237365725,63.87617416381836,64.26575889587403,0
2023-04-25,64.59642028808594,65.06655437220208,63.75018467561836,63.79719377982388,855906,Power,0.012527586018029613,-0.0022059306727255645,0.013177043358551632,0.004444463602787163,64.1450912475586,64.25322036743164,64.30806986490886,63.670255470275876,63.83480239868164,64.2265811920166,1
2023-04-26,65.72474670410156,66.10085540790341,64.50239521016478,64.59642059269603,1508440,Power,0.01746732111444471,0.01252761705523353,0.015896047449889483,0.011799346752858986,64.40836791992187,64.25792236328125,64.51179478963216,63.76193199157715,63.87241348266602,64.18270200093588,1
2023-04-27,66.3359146118164,66.94708311288305,65.67772266452587,65.81876430849356,1341780,Power,0.009298900921845599,0.018922777834778914,0.01280206889544222,0.01822145442090317,64.85029449462891,64.47888565063477,64.668505859375,63.93823184967041,63.93823196411133,64.17173194885254,1
2023-04-28,64.40836334228516,66.66500816419534,64.17329632278776,66.66500816419534,7795448,Power,-0.0290574311187366,0.012857182364218067,-0.004213401623668789,-0.022906189202426264,64.97252807617187,64.502392578125,64.62462666829427,64.11923313140869,63.94763473510742,64.1262856801351,0
2023-05-02,64.40836334228516,66.28889949826429,64.26732169585149,65.16058067414727,4944231,Power,0.0,-0.02256697376144745,-0.005641770342316721,0.0014651791080013687,65.09476165771484,64.54940605163574,64.58074747721354,64.368404006958,63.951395721435546,64.07927207946777,0
2023-05-03,63.46809768676758,64.87849985758464,63.327056034950594,64.87849985758464,4357272,Power,-0.014598502534845181,-0.004329010172166026,-0.02127655838843079,-0.014630540624530064,64.86909713745118,64.50709419250488,64.45851262410481,64.44832668304443,63.910023803710935,64.00718485514322,0
2023-05-04,65.01953887939453,65.34863127120494,63.51511139277827,63.797187511326,4147295,Power,0.02444442561180482,-0.016666728556181787,0.007246336068994941,0.0029695894551593494,64.72805557250976,64.56821174621582,64.4146334330241,64.56585998535157,63.95515670776367,64.01502049763998,1
2023-05-05,64.54940795898438,65.34863442731698,64.40836630606063,64.54940795898438,1458549,Power,-0.00723060988301083,0.011790808921237073,4.829652877624824e-08,0.014063659713331234,64.37075424194336,64.61052436828614,64.44284184773763,64.5940679550171,64.024736328125,64.01031901041667,0
2023-05-08,64.59642028808594,65.20759603217228,64.22031875973448,64.87850360802635,1503989,Power,0.0007283154189645646,0.005098352710703136,-0.0021582454840975984,-0.002919613663736942,64.40836563110352,64.6904468536377,64.47105026245117,64.57056140899658,64.17705963134766,64.02442321777343,1
2023-05-09,64.83148193359375,66.00681704604959,64.59641491110258,64.59641491110258,2118863,Power,0.003638926808319898,-0.004347953193064469,0.012256563077145177,0.0058563420212094375,64.49298934936523,64.79387550354004,64.53060048421224,64.55880794525146,64.39332107543946,64.04166132609049,1
2023-05-10,65.01953887939453,65.16058052550645,64.50238856820951,64.8784972332826,819859,Power,0.0029007041053512594,0.004366841759998907,-0.012820441257647142,-0.0014555969247282974,64.80327758789062,64.8361873626709,64.6058219909668,64.54470386505128,64.51931686401367,64.05889943440755,1
2023-05-11,65.58370208740234,66.28890318511635,65.0665517462748,65.20759340055291,3464613,Power,0.00867682573163564,0.005072499846705547,0.017316031418232125,0.008746392042035867,64.91611022949219,64.82208290100098,64.68417790730794,64.54000263214111,64.63591003417969,64.11531562805176,1
2023-05-12,66.05384063720703,66.61800011894599,65.63072281932206,65.72474820399906,2691404,Power,0.007168527162101146,0.007930898480939197,0.0049645855945241735,0.008670677297411222,65.21699676513671,64.79387550354004,64.812681833903,64.63638057708741,64.71865371704102,64.22344640096028,1
2023-05-15,66.38292694091797,66.80605189341053,66.00681826326115,66.42994321575371,2538660,Power,0.004982091889530027,0.010729520173524909,0.0028228372831482496,0.005730478467751432,65.57429809570313,64.99133186340332,64.98506393432618,64.74686222076416,64.7713087463379,64.40993270874023,1
2023-05-16,65.9598159790039,66.9470932895016,65.58370726247651,66.66501713236387,2657571,Power,-0.006373791898188541,0.0035386740561658137,0.002111206875630156,-0.006410110529750268,65.79996490478516,65.1464771270752,65.12923863728841,64.84794158935547,64.8070393371582,64.62776171366373,0
2023-05-17,65.44265747070312,67.69930231597073,65.25460672262925,66.19487481035105,4415313,Power,-0.00784050865856567,-0.007052309325584538,0.01123587282895655,-0.005018022822804835,65.88458862304688,65.34393310546875,65.18565444946289,64.92551364898682,64.81268081665038,64.74686215718587,0
2023-05-18,67.55825805664062,69.25074341858806,65.63071285552509,65.63071285552509,11303088,Power,0.032327547011436586,-0.00852274373873041,0.022916648319008415,0.005763671743429732,66.27949981689453,65.59780502319336,65.30788853963216,65.08300838470458,64.8879020690918,64.90984166463217,1
2023-05-19,67.41722869873047,68.40451320204532,66.99411086798253,67.88736281008474,2990379,Power,-0.002087522117457774,0.0343840536903397,-0.012219799741754023,0.020773780340596515,66.55217742919922,65.88458709716797,65.37997614542643,65.24755573272705,65.01953994750977,65.02424100240071,0
2023-05-22,66.05384063720703,68.96867060425585,65.72474820399906,67.65229369774693,6799199,Power,-0.020223140105863013,-0.0034626343196658693,0.008247371054950436,-0.01894737682965686,66.48636016845703,66.03032913208008,65.48967463175455,65.36038799285889,65.09476181030273,65.05715065002441,0
2023-05-23,65.6307144165039,67.46423429082594,65.2546057522728,66.00681590705892,3261326,Power,-0.006405777720437156,-0.024322572092523198,-0.02181332915726919,-0.0071532027824132705,66.42053985595703,66.1102523803711,65.57116470336913,65.45206394195557,65.16246124267577,65.07595609029134,0
2023-05-24,65.6307144165039,66.47694994392879,65.4426564975503,65.91279053442017,1423406,Power,0.0,-0.0014244797502601658,-0.01463418887467327,0.002881800343586649,66.4581512451172,66.17136993408204,65.71533915201823,65.50377864837647,65.23204116821289,65.08692588806153,0
2023-05-25,65.6307144165039,66.10084845337377,65.34863112491155,65.4426564975503,1412963,Power,0.0,-0.007132667772946966,-0.005657622542433849,-0.0014367597171467406,66.07264251708985,66.17607116699219,65.75608418782552,65.49907703399658,65.28093521118164,65.08535881042481,0
2023-05-26,65.44265747070312,66.00681688860097,65.30161582280961,65.72474076649016,1931527,Power,-0.0028653801420983616,0.004310403703590593,-0.0014225470167623655,-0.0007194535110012223,65.67772827148437,66.1149528503418,65.81563415527344,65.45441417694092,65.33359024047851,65.12923800150553,0
2023-05-29,65.72474670410156,66.5709894942365,65.34863800029972,66.10085540790341,2015573,Power,0.004310479499166409,0.005722573220174887,0.008547186975970789,0.0007200767836694766,65.61190948486328,66.04913482666015,65.89085591634115,65.52023334503174,65.41069229125976,65.18095308939616,1
2023-05-30,65.16058349609375,65.72474293258463,65.06655094528158,65.67772665717855,1367745,Power,-0.008583725861245561,-0.006401259834139195,-0.012711942064870918,-0.004316647808586982,65.51788330078125,65.96921157836914,65.91279602050781,65.55784435272217,65.4652278137207,65.22169825236003,0
2023-05-31,65.11357116699219,65.53668897658493,64.59642080088828,65.0665548887366,1866329,Power,-0.0007214841638792935,-0.009305616980808673,-0.002861235321872546,-0.0072253736760791165,65.41445465087891,65.93630294799804,65.91906483968098,65.6401180267334,65.48591384887695,65.26244341532389,0
2023-06-01,65.01953887939453,65.34863127120494,64.8784972332826,65.16058052550645,1261569,Power,-0.0014441273287945089,0.0014450686213620667,-0.0028695026910373622,0.0043667501836330835,65.29221954345704,65.68243103027343,65.88145395914714,65.6401180267334,65.45770553588868,65.28281593322754,0
2023-06-02,65.3956527709961,65.63071980874422,64.87850241847957,65.06655317920739,1354935,Power,0.005784628714442519,-0.0014430096469483233,0.004316670939420009,7.992165640402504e-08,65.28281860351562,65.4802734375,65.8375747680664,65.68243026733398,65.42009506225585,65.3251283009847,1
2023-06-05,66.52397155761719,66.99410563222932,65.91279582588608,65.91279582588608,2765689,Power,0.017253727714474643,0.013005801065686606,0.020773592419192966,0.015942004960828315,65.44266357421876,65.52728652954102,65.84697774251302,65.77880783081055,65.50471939086914,65.4160208384196,1
2023-06-06,66.99410247802734,67.55826190626495,66.52396842554997,66.71201917707037,2211079,Power,0.00706709039467035,0.012125465794160961,0.00842098373747402,0.009272442353656984,65.80936737060547,65.66362533569335,65.91593017578126,65.88693885803222,65.60814895629883,65.52258440653483,1
2023-06-07,67.22917175292969,67.65228954484114,67.0411209951194,67.27618802922055,1995944,Power,0.0035088054949230507,0.008456779739385967,0.001391800734996007,0.007773928432249333,66.23248748779297,65.82347106933594,66.03503112792968,65.99742050170899,65.75859191894531,65.61034278869629,1
2023-06-08,67.27619171142578,68.16944362042959,67.1821591536974,67.4172262006644,2576121,Power,0.0006993981521725701,0.0020964055124912395,0.007644295249544575,0.0021037559707313136,66.68381805419922,65.98801879882812,66.01622670491537,66.08204498291016,65.84885803222656,65.66205762227376,1
2023-06-09,67.04112243652344,67.69930727668721,66.75903912006655,67.3231985793036,1434324,Power,-0.0034940930650571023,-0.0013947121034161292,-0.006896584727317467,-0.006298101147104385,67.01291198730469,66.14786529541016,65.99115295410157,66.13140907287598,65.94852661132812,65.685564549764,0
2023-06-12,66.99410247802734,67.37021115474452,66.38292677507148,67.37021115474452,1599033,Power,-0.0007013599532229575,0.0006983116731382744,-0.004861144599274336,-0.005633878946619153,67.10693817138672,66.27480087280273,66.05383707682292,66.16196784973144,66.04443389892577,65.77175585428874,0
2023-06-13,67.74632263183594,67.93437339112965,66.94708897064605,67.22917228326325,2616437,Power,0.011228154807437107,-0.0020934901206902667,0.008374060682239559,0.008498603827549633,67.25738220214843,66.53337478637695,66.19487762451172,66.25129318237305,66.16102752685546,65.88302116394043,1
2023-06-14,67.41722869873047,68.40451320204532,67.18216164305333,67.93437909069105,2205349,Power,-0.004857738698141767,0.010489595267609175,0.006920499703572114,0.0035113202981889025,67.2949935913086,66.76374053955078,66.31397857666016,66.35002174377442,66.2569351196289,66.0146588643392,0
2023-06-15,67.3702163696289,67.93437584153604,67.04112394215615,67.41722547430965,1911276,Power,-0.000697334049603926,-0.007612546450023738,-0.006872899732809246,-0.002099332582457425,67.31379852294921,66.99880828857422,66.42994537353516,66.34061965942382,66.32839569091797,66.09301478068033,0
2023-06-16,67.69930267333984,67.98138597061592,67.22916862699721,67.5582610247018,2128429,Power,0.004884744645992978,0.0020919809351380714,0.0006919932434432674,0.0028049154576124113,67.4454345703125,67.22917327880859,66.58038838704427,66.3547233581543,66.39421417236328,66.19801127115885,1
2023-06-19,67.69930267333984,68.63957076602512,67.41721937606376,67.69930267333984,4905140,Power,0.0,0.002087703953576714,0.00968183843285697,0.002797160115275199,67.586474609375,67.34670639038086,66.71202545166015,66.43699645996094,66.44686920166015,66.30144068400065,0
2023-06-20,68.73360443115234,69.15672942810347,67.60528545330355,67.65229455940228,2808524,Power,0.015277879047043808,-0.0006943662945007034,0.007534409908261486,0.002789585197673805,67.78393096923828,67.52065658569336,66.95022684733073,66.59214096069336,66.55782073974609,66.43151143391927,1
2023-06-21,68.68659210205078,69.25075156450293,68.40450878398632,68.87464286497591,1820296,Power,-0.0006839788119747947,0.01806809825940703,0.001359551516923796,0.011821906014061634,68.03780364990234,67.66639862060546,67.1884282430013,66.7449348449707,66.687578125,66.55374654134114,0
2023-06-22,68.54554748535156,69.10970692346085,68.2634641794587,68.78061451570348,1575613,Power,-0.002053451953034191,-0.0013652099722211153,-0.002036723614626923,-0.002061919704343218,68.27286987304687,67.79333419799805,67.42349548339844,66.89067649841309,66.72706970214844,66.65247472127278,0
2023-06-23,67.60527801513672,68.68658776791735,67.32319471487175,68.68658776791735,1596962,Power,-0.013717440515239598,-0.001367053034466048,-0.006122427288139276,-0.013774124649095776,68.25406494140626,67.84974975585938,67.57080383300782,66.99880752563476,66.73459167480469,66.70418930053711,0
2023-06-26,67.79332733154297,68.07541062583844,66.9470846223327,66.9470846223327,1212043,Power,0.0027815774437631724,-0.025325222901772193,-0.008898056548448552,-0.00558663465291509,68.27286987304687,67.92967224121094,67.65542755126953,67.10223655700683,66.80417114257813,66.75120264689127,1
2023-06-27,67.74632263183594,68.7335998786429,67.51125559588047,67.9813896677914,1279215,Power,-0.0006933528941153178,0.015449590542941705,0.00966853151165048,0.008427117875713597,68.07541351318359,67.92967224121094,67.70557556152343,67.23152351379395,66.8887954711914,66.81075286865234,0
2023-06-28,66.85305786132812,68.92165190465244,66.570981746563,67.93436756878447,2614564,Power,-0.0131854355455161,-0.0006916907588492283,0.0027359548509253706,-0.013927660521467766,67.70870666503906,67.87325515747071,67.68050130208333,67.31849784851075,66.93768920898438,66.8577662150065,0
2023-06-30,67.65229034423828,67.74632289793112,66.85306385358581,66.9941055104484,1863893,Power,0.011955062468017363,-0.013840742057163236,-0.017053117188010614,0.0042373133101250016,67.53005523681641,67.90146255493164,67.70557454427083,67.45013542175293,67.01855224609375,66.8609006245931,1
2023-07-03,68.16943359375,68.54554224831277,67.69929956896551,67.84034121113605,1414213,Power,0.0076441351339373576,0.012631494879137728,0.011797235867484268,0.01265814409393462,67.64288635253907,67.94847564697265,67.78079528808594,67.58882446289063,67.12762329101562,66.88597412109375,1
2023-07-04,68.59255981445312,69.1097101750295,68.16944200938285,68.40450905079452,1846174,Power,0.006206978676465358,0.008316111469761633,0.0082305560392677,0.006944568753453506,67.8027328491211,68.03780136108398,67.88735911051432,67.69225387573242,67.24233581542968,66.97059809366861,1
2023-07-05,68.7806167602539,68.9686675212016,68.35749178760656,68.92165841780303,1016470,Power,0.0027416522478456162,0.007560164880717091,-0.0020408514732691563,0.0027585641407747996,68.00959167480468,68.04250259399414,67.95631205240885,67.78157958984374,67.38713714599609,67.07559483846029,1
2023-07-06,71.27233123779297,72.07155775969444,68.451526684957,68.78061911471914,10411646,Power,0.03622698653930856,-0.002046371290558735,0.044989853364050925,0.0013756341096102798,68.89344635009766,68.30107650756835,68.21331888834635,67.98373756408691,67.63348754882813,67.26364873250326,1
2023-07-07,70.56712341308594,72.11856003119976,70.28504011506001,71.2723244844745,3481264,Power,-0.009894552520727573,0.036226852881324545,0.0006521611710132991,0.02678557395135428,69.47641296386719,68.5032341003418,68.42644602457682,68.14828414916992,67.85539093017579,67.42819569905599,0
2023-07-10,70.6611557006836,71.27233145708055,70.23803071225018,70.61413942185422,1746004,Power,0.0013325226118006128,-0.009234791588194291,-0.011733852891032681,-0.0006688393822196215,69.97475738525391,68.80882186889649,68.6239028930664,68.32928581237793,68.06601104736328,67.60214564005534,1
2023-07-11,70.3320541381836,71.22530593054844,70.04997084918625,70.75517189800357,1338951,Power,-0.004657460796339885,0.0019972271460650948,-0.0006598005926103934,-0.002677464916896244,70.32265625,69.06269454956055,68.79941965738932,68.49618339538574,68.21833435058593,67.75572255452474,0
2023-07-12,70.04998016357422,70.61413964290787,69.861929395022,70.61413964290787,2306224,Power,-0.004010603387968437,-0.001993243056479299,-0.00858074640264117,-0.0026843901843883744,70.57652893066407,69.29306030273438,68.88717803955078,68.61136627197266,68.3405694580078,67.91870244344075,0
2023-07-13,70.56712341308594,71.2723244844745,70.04997309126382,70.19101474027678,2515477,Power,0.007382489592490105,-0.005992070494249546,0.009320864700682163,0.002691647623680238,70.43548736572265,69.66446685791016,69.01254679361979,68.76886100769043,68.47408752441406,68.10048751831054,1
2023-07-14,70.94322204589844,71.55439771781043,70.75517130392981,70.75517130392981,1735190,Power,0.005329657985502667,0.008037447039917378,0.0039576825279128425,0.01006707328420009,70.51070709228516,69.99356002807617,69.17239176432291,68.9475112915039,68.62076873779297,68.29794362386068,1
2023-07-17,71.3663558959961,71.78947370514942,70.42608772127592,71.41336500052597,3510575,Power,0.005964401360624594,0.009302411180221348,0.0032852765844813003,-0.004651018103543403,70.65174713134766,70.31325225830078,69.42313028971354,69.13086395263672,68.79377807617188,68.49696706136068,1
2023-07-18,70.47309112548828,71.69544252322359,70.33205664962952,71.60141714809232,1327631,Power,-0.012516608972014565,0.002633290667159782,-0.0013098185161800613,-0.001335173863675987,70.6799545288086,70.5013053894043,69.60178120930989,69.26955337524414,68.93293762207031,68.62860438028972,0
2023-07-19,70.52011108398438,71.93051330566406,70.33206032389775,70.61413646402768,3733307,Power,0.0006672044286004652,-0.013788563458494996,0.003278740937603164,5.224172872075883e-08,70.77398071289062,70.67525482177734,69.78670043945313,69.35887870788574,69.04388916015625,68.74613800048829,1
2023-07-20,70.52011108398438,71.08427053792091,70.42608570394106,70.708161844071,1015175,Power,0.0,0.001331537631862334,-0.011764725828482536,0.0013368779417279875,70.76457824707032,70.60003280639648,70.03117065429687,69.45055465698242,69.1680044555664,68.8558359781901,0
2023-07-21,70.47309112548828,70.8962160740934,70.23802410082197,70.47309112548828,1261228,Power,-0.0006667595636667967,-0.00332452028806951,-0.0026455144352531823,-0.002670340133763216,70.67055206298828,70.59062957763672,70.21922403971354,69.54693183898925,69.29211944580078,68.96239929199218,0
2023-07-24,70.3320541381836,71.41335667409598,70.23802159273379,70.47308860900623,2232670,Power,-0.0020012885067514086,-3.5708410339729824e-08,0.007294332880362964,-3.5708410339729824e-08,70.46369171142578,70.55771942138672,70.36339874267578,69.6832706451416,69.39742950439454,69.07209701538086,0
2023-07-25,70.47309112548828,71.50739177296106,70.37906575035701,70.61413277502332,2554135,Power,0.002005301693984274,0.002001390442806228,0.0013167718651598825,0.002008088417425169,70.46369171142578,70.57182312011719,70.48876749674479,69.81725883483887,69.50838104248047,69.18806330362956,1
2023-07-26,71.83648681640625,73.67000680680812,70.56712627122984,70.7551770284128,12195129,Power,0.01934633019701426,0.0019973941171074205,0.030243237520303445,0.0026721087992258585,70.72696685791016,70.75047378540039,70.69249216715495,70.02176704406739,69.63249633789063,69.3244021097819,1
2023-07-27,71.78946685791016,72.87077659043901,71.50739073660449,72.21259180038292,5881954,Power,-0.0006545414535131799,0.020597994848982948,-0.010848787057465725,0.013324397847245262,70.98083801269532,70.87270812988281,70.72696787516276,70.26858749389649,69.756611328125,69.47014338175455,0
2023-07-28,70.8962173461914,72.68272820044614,70.61413404205987,71.78946918648056,4834280,Power,-0.01244262634637916,-0.005859402125767743,-0.002580573431373967,-0.012491809382821795,71.06546325683594,70.86800765991211,70.74890747070313,70.43078384399413,69.85063812255859,69.58767674763997,0
2023-07-31,73.62299346923828,74.09312750882812,70.99023997806476,71.36634864447186,8296581,Power,0.038461517766622544,-0.005893908212492915,0.01940487572910521,0.00532621324479976,71.72365112304688,71.09367141723632,70.9463633219401,70.70346183776856,70.09134674072266,69.78513310750326,1
2023-08-01,72.68273162841797,74.09313386824229,72.44766458844724,73.62299978830086,3879240,Power,-0.012771306850123954,0.03162066137180486,8.58300139849888e-08,0.020529929337227193,72.16557922363282,71.3146354675293,71.1030751546224,70.9079704284668,70.28692291259766,69.95124740600586,0
2023-08-02,72.21259307861328,73.575978956581,71.74245902777251,72.77675250488694,4407783,Power,-0.006468366546929172,-0.011494333100352527,-0.006979795355679497,-0.009733999911257118,72.24080047607421,71.48388366699218,71.24724934895833,71.07956924438477,70.46557373046875,70.06721369425456,0
2023-08-03,73.52896881103516,75.59756311136807,72.21259909789602,72.40064986443677,11377797,Power,0.018229171343962403,-0.005167895344394657,0.027476143484004067,0.006553163586733302,72.58870086669921,71.78476943969727,71.44470570882162,71.19240112304688,70.73261016845703,70.2286262512207,1
2023-08-04,74.09313201904297,75.55054332628166,72.72973891703397,73.90507408755384,8062523,Power,0.007672665850348981,0.020779153584034926,-0.0006219748779091594,0.007161351697601681,73.22808380126953,72.14677352905274,71.65469970703126,71.36870155334472,70.99024383544922,70.41354573567709,1
2023-08-07,73.62299346923828,75.03339558800778,73.05882688278957,74.09312750882812,4774984,Power,-0.006345237905233336,0.002544526524004276,-0.006845056507938763,0.004524806092470746,73.22808380126953,72.4758674621582,71.80514221191406,71.51679344177246,71.20838623046875,70.6141362508138,0
2023-08-08,73.43494415283203,73.90507824750276,72.68273390556506,73.71702747910525,2494035,Power,-0.0025542199188738346,-0.005076044734082186,-0.015037535375586164,-0.005147810241025286,73.37852630615234,72.77205276489258,72.00259908040364,71.67193794250488,71.40208160400391,70.80219014485677,0
2023-08-09,72.54168701171875,74.14013994886997,72.2596037057855,73.71702216364655,2931745,Power,-0.012163924837394036,-7.210625396769643e-08,0.003180589303755532,-0.005821605449367495,73.44434509277343,72.84257278442382,72.13737080891927,71.79652328491211,71.5525244140625,70.9620356241862,0
2023-08-10,72.58869934082031,73.99910158583893,72.44766485525989,72.82376638165675,3281764,Power,0.0006480732808704648,-0.012117361170759566,-0.0019023212409405854,0.002602576541107293,73.25629119873047,72.92249603271485,72.27527669270833,71.89760208129883,71.60517913818359,71.15322367350261,1
2023-08-11,73.62299346923828,75.17443006094382,72.68272539005862,72.8707761364241,6951577,Power,0.014248693499269383,0.0006455276498742446,0.015883010062514247,0.0032445564017604678,73.16226348876953,73.19517364501954,72.48527018229167,72.03159065246582,71.72741394042968,71.3522471110026,1
2023-08-14,73.67000579833984,74.37520688863731,72.11856196495013,73.57598042103547,2723810,Power,0.0006385549797185419,0.00967746361437305,-0.01063158272910858,-0.0077620015221065986,73.17166595458984,73.19987487792969,72.70780029296876,72.146773147583,71.84776794433594,71.53559951782226,1
2023-08-16,73.4819564819336,74.28118296517805,72.87078075697846,73.2938985499677,1971944,Power,-0.0025525899498501925,-0.003833885317648167,-0.00126418368960024,0.010430307697953056,73.18106842041016,73.27979736328125,72.90839131673177,72.29721641540527,71.97376403808593,71.69857940673828,0
2023-08-17,72.91779327392578,74.23416286143531,72.72973535165569,73.48195269338362,2239800,Power,-0.007677574672995013,0.0025657544097987817,-0.0006330015471721628,-0.0019355550174925407,73.25628967285157,73.3503173828125,72.98047841389975,72.41710052490234,72.0884765625,71.83648529052735,0
2023-08-18,72.63571166992188,73.52896350707171,72.2596029902938,72.96480407446779,1654869,Power,-0.003868487941540266,-0.007037763695171839,-0.009499660630374662,-0.006464101087247931,73.26569213867188,73.26099166870117,73.03689473470052,72.52288055419922,72.17122009277344,71.88193130493164,0
2023-08-21,73.0118179321289,73.34091032577858,72.4946676180536,72.87077628522871,1505186,Power,0.0051779799985463,-0.0012886732230941167,-0.0025575388571205115,0.0032530572827997872,73.14345703125,73.15286026000976,73.17793477376303,72.64981689453126,72.25396392822266,71.96342112223307,1
2023-08-22,73.81105041503906,74.9393693353524,73.10584929642404,73.29390005858401,3251045,Power,0.010946618034536781,0.005806494659795103,0.021794916404412,0.00843071219514413,73.17166595458984,73.17166595458984,73.19047190348307,72.82376670837402,72.35175170898438,72.06841761271158,1
2023-08-23,78.84148406982422,79.49967608843924,73.99910159336576,74.14014325261732,29646442,Power,0.06815285281132111,0.011545888448518893,0.06085328437552695,0.012218615959440404,74.24357147216797,73.71231994628906,73.60105539957682,73.24218635559082,72.68648742675781,72.35206527709961,1
2023-08-24,77.19601440429688,80.06383515816523,76.77289660229906,79.54668480134414,8360443,Power,-0.020870607459266832,0.07292326817207706,0.007096369412856296,0.03748417141839955,75.09921569824219,74.17775268554688,73.93328348795573,73.51016273498536,72.95352355957031,72.59026641845703,0
2023-08-25,76.34976959228516,78.13628048117485,75.73860104427885,77.10198696876814,3976865,Power,-0.010962286311566594,-0.03073286886413007,-0.024075222891615455,-0.013472144517069462,75.84202728271484,74.55385971069336,74.1213368733724,73.7381778717041,73.18670989990234,72.783021291097,0
2023-08-28,76.9609375,78.13627254787316,75.87962782122152,76.77288676181062,6713131,Power,0.008004842856481842,-0.004268375172884031,-1.015316014596479e-07,0.0018620198287029321,76.63185119628906,74.88765411376953,74.3125239054362,74.04141387939453,73.44622375488281,72.98361180623372,1
2023-08-29,78.13628387451172,78.46537630088629,77.00796493446265,77.10199031718726,4490372,Power,0.015271986187950448,0.004286715913101924,0.004211920306429917,0.014870092877887986,77.4968978881836,75.33428192138672,74.61340993245443,74.2670783996582,73.75839294433594,73.20927607218424,1
2023-08-30,79.02953338623047,79.8287598032412,78.277316068058,78.32433234057228,5649661,Power,0.011431942593447708,0.015853572889058754,0.01737560649842318,0.016483374605154477,77.53450775146484,75.8890396118164,74.98638254801432,74.58441848754883,74.10065063476563,73.49449081420899,1
2023-08-31,78.23030853271484,80.11084486449815,77.24303126273469,79.2646092541371,4933110,Power,-0.010112989654256,0.01200491450697938,0.0035336270030026373,-0.013213084674799758,77.74136657714844,76.42029113769532,75.3656239827474,74.8853042602539,74.35640350341797,73.75149739583334,0
2023-09-01,81.28617858886719,82.46151377478878,78.51239041956288,78.51239041956288,12520419,Power,0.03906248247601396,-0.009489970891832344,0.0293427052762536,0.01643331619794397,78.72864837646485,77.28533782958985,75.9454559326172,75.27316474914551,74.73627197265625,74.11036631266276,1
2023-09-04,85.7054443359375,86.41064545690186,81.89735541325925,82.83762357454506,22876663,Power,0.0543667548873501,0.05508981616619413,0.04789060376575893,0.04311376810217382,80.47754974365235,78.5547004699707,76.7509526570638,75.85378036499023,75.3286410522461,74.61811141967773,1
2023-09-05,83.82490539550781,86.08155034685393,82.08541078618894,85.65842538328347,10299410,Power,-0.021941884264184974,0.03405218169012292,-0.003808501930610775,0.002296232545980992,81.61527404785156,79.55608596801758,77.42794596354166,76.3638759613037,75.73671752929687,75.06787312825521,0
2023-09-06,86.59869384765625,87.11584419166884,82.0854111013141,84.15399813001135,12276772,Power,0.033090266419758985,-0.017563097226460544,0.012015279007491886,3.8389909029490354e-09,83.12910614013671,80.33180694580078,78.30239512125651,77.02206344604492,76.2933560180664,75.60539321899414,1
2023-09-07,85.47037506103516,87.68000374755181,85.09426637161864,86.73973561084884,11793981,Power,-0.013029281811178572,0.030726258268118478,0.006475969568081386,0.03665517696671894,84.57711944580078,81.15924301147462,79.1392339070638,77.66849784851074,76.82366729736329,76.05985616048177,0
2023-09-08,87.35090637207031,88.76130849700037,85.09426153744698,86.0345296207337,13748940,Power,0.022002141791144014,-0.008130137648551305,0.012332398531389899,-5.680960502019161e-08,85.79006500244141,82.25935668945313,80.12024688720703,78.40660820007324,77.37654479980469,76.57857081095378,1
2023-09-11,86.45764923095703,88.29117633664009,86.12855682952971,88.05610931080967,6674626,Power,-0.010226077532709987,0.023497306244222083,-0.00529658888902218,0.012154700838758359,85.94050598144531,83.20902786254882,81.01663564046224,79.04834098815918,77.87112548828125,77.09728520711263,0
2023-09-12,80.76903533935547,87.20987071773595,80.43994292232577,86.92778740389525,10678704,Power,-0.06579653671134855,-0.012813669781068904,-0.012247040573808765,-0.06604794178152962,85.32933197021484,83.4723030090332,81.48050130208334,79.40329246520996,78.15696716308594,77.3354866027832,0
2023-09-13,83.2607421875,83.63684368432652,78.70043621487812,80.86305569001172,7176170,Power,0.030849778478540646,-0.06976746901085595,-0.040970442955636455,-0.021624912254442297,84.6617416381836,83.89542388916016,81.77511850992839,79.89223175048828,78.54999908447266,77.6880869547526,1
2023-09-14,84.05997467041016,84.85920116912362,83.26074817169669,83.68386597287537,3471069,Power,0.009599151555847563,0.034883795310397536,0.014615059953848597,0.05794519288771682,84.3796615600586,84.47839050292968,82.2327158610026,80.4493408203125,79.01073059082032,78.08299967447917,1
2023-09-15,84.71815490722656,85.56439763727555,83.73087770023304,84.62412953137142,4595131,Power,0.007829888593198664,0.011235900105294183,0.00831019451557724,0.00564647254390338,83.85311126708984,84.82158813476562,82.79060821533203,81.05346298217773,79.49590881347656,78.4559725443522,1
2023-09-18,85.23530578613281,86.88077498210573,83.73087824169284,85.00023875813667,6857617,Power,0.006104369004171328,0.004444467894063608,0.015384638718670907,6.4666680898994855e-09,83.608642578125,84.77457427978516,83.34223276774088,81.66463737487793,79.96040130615235,78.82737833658854,1
2023-09-20,84.9532241821289,86.17557562162635,83.6838636402979,84.62413177108776,3719329,Power,-0.0033094455566533565,-0.004424775654090829,-0.008116863145208209,-0.0005614965754834333,84.44548034667969,84.88740615844726,83.79669545491537,82.22174606323242,80.4117300415039,79.20505269368489,0
2023-09-21,84.85919952392578,85.89349304183665,83.77788972960582,84.20101469625794,4844385,Power,-0.0011067815154555127,-0.004999957647711772,-0.00327334720719763,0.0011235868567454066,84.76517181396484,84.71345672607421,84.18533986409506,82.5226318359375,80.8668197631836,79.58586120605469,0
2023-09-22,85.37635040283203,85.98751895790707,83.87191563246584,84.85920005380908,4106864,Power,0.0060942229222942235,0.007816834036091347,0.0010946803155928997,0.0011223236006958626,85.02844696044922,84.70405426025391,84.6617426554362,82.93164863586426,81.36516204833984,80.0136833190918,1
2023-09-25,85.56439971923828,87.1628526686985,85.04724937893711,85.61141599514804,5877377,Power,0.0022025925858739637,0.008864282727883088,0.013668654765661925,0.014013436292807269,85.19769592285157,84.5254035949707,84.94695739746093,83.39238014221192,81.8823095703125,80.44620666503906,1
2023-09-26,85.89348602294922,86.59868706939983,84.85919258955686,85.37634289309105,2762674,Power,0.003846065709462776,-0.002745814904758892,-0.006472546297251691,-0.0022112036632995213,85.32933197021484,84.46898727416992,84.95949350992838,83.83900756835938,82.3975762939453,80.8552230834961,1
2023-09-27,84.57711029052734,85.9405033004806,84.3890595454119,85.65842000913135,1846304,Power,-0.015325675943227646,0.003303925964520671,-0.007600389696344467,-0.005540154576050171,85.25410919189453,84.84979476928712,85.00964050292968,84.16104888916016,82.82821868896484,81.21879323323567,0
2023-09-28,84.62413024902344,85.84648166653545,82.79061029643182,84.81218100232849,5082490,Power,0.0005559418894141022,-0.009879227362735055,-0.001094031688602226,-0.018941427450319015,85.20709533691407,84.98613357543945,84.8780029296875,84.4407787322998,83.05952453613281,81.590199025472,1
2023-09-29,84.57711029052734,85.51737836345673,84.4360758185288,84.9062098549935,1883625,Power,-0.0005556329897599133,0.0011086715558279447,-0.0038336259878081203,0.01987502587799983,85.04724731445313,85.03784713745117,84.81845194498698,84.75811882019043,83.35476837158203,81.9788429260254,0
2023-10-03,85.56439971923828,86.22258453991566,83.96594676977807,84.62413159045545,5609968,Power,0.01167324616931853,-0.0033222336154187238,0.008246349338046022,-0.00556786947040433,85.04724731445313,85.12247161865234,84.69935150146485,84.97202987670899,83.72335357666016,82.40979919433593,1
2023-10-04,83.11969757080078,86.03452710916291,81.33318682997368,85.51737680898171,4549771,Power,-0.028571487165915732,0.010555443249322671,-0.002181069284297399,-0.031355091451812256,84.49248962402343,84.91091079711914,84.47682139078776,84.84274253845214,83.96970397949218,82.746728515625,0
2023-10-05,83.2607421875,84.29503565112537,82.64956649464257,83.3077512877652,1726384,Power,0.001696885585743102,-0.025838322030762306,-0.020218527566617794,0.016185025030689637,84.22921600341797,84.74166259765624,84.64293518066407,84.81453437805176,84.17468231201173,83.0617182413737,1
2023-10-06,82.60255432128906,83.91893114655863,82.4145035635405,83.30775542336099,1743664,Power,-0.007905140513025044,4.964238886628891e-08,-0.004461763396403695,-0.0028440915188260307,83.8249008178711,84.51599807739258,84.59905598958333,84.6147274017334,84.31760314941407,83.18708724975586,0
2023-10-09,80.95708465576172,81.94436906292133,80.3929252118176,81.75631113248892,2178748,Power,-0.019920324244782517,-0.01862304755406985,-0.023529399822655894,-0.024529400339884377,83.10089569091797,84.07407150268554,84.39219665527344,84.38906288146973,84.42667419433593,83.31245625813803,0
2023-10-10,82.8376235961914,83.68386637630512,81.33319597247633,81.33319597247633,1713486,Power,0.023228837209565256,-0.005175321074931016,0.021227783351997154,0.011695939141178613,82.5555404663086,83.80139389038087,84.26682790120442,84.16339874267578,84.4887319946289,83.52871805826823,1
2023-10-11,83.21372985839844,84.85919909288654,82.97866282490013,83.68386392539503,2854179,Power,0.004540283096970965,0.028901703969854697,0.014044914121155161,0.020231183992580837,82.57434692382813,83.53341827392578,84.1320561726888,84.00120277404785,84.38906341552735,83.73714447021484,1
2023-10-12,83.07268524169922,83.82490259154493,82.93164359189362,83.63684466724536,1452134,Power,-0.001694968089271165,-0.0005618676760862362,-0.012188383963057214,-0.0005666424524787272,82.53673553466797,83.38297576904297,84.00668690999349,84.11638526916504,84.358974609375,83.90169118245443,0
2023-10-13,82.64956665039062,83.35476771878359,82.36748335356295,82.6025503763606,1434357,Power,-0.0050933539716156995,-0.012366491048290573,-0.0056085346743814934,-0.006802713824253903,82.54613800048828,83.18551940917969,83.85937805175782,84.08582649230956,84.20100952148438,84.02235895792643,0
2023-10-16,83.5428237915039,85.0002422951971,82.69658102076839,82.74359729779464,4324029,Power,0.01080776557355434,0.0017075371255657057,0.019740617380938463,0.003995480422690489,83.06328582763672,83.08209075927735,83.73714294433594,84.05996894836426,84.12390747070313,84.19944279988607,1
2023-10-17,87.02182006835938,87.35091248580784,83.73088154652133,83.73088154652133,12379160,Power,0.04164326891245529,0.011931850692609602,0.027654864587880912,0.012507173972442498,83.9001251220703,83.22783279418945,83.83430430094401,84.1751522064209,84.11074401855468,84.39063084920248,1
2023-10-18,85.0942611694336,88.05610705371264,84.62412712982346,87.44493136748424,13383377,Power,-0.022150293999960047,0.04435698934925658,0.008073121938129368,0.010668054208958111,84.27623138427734,83.42528915405273,83.78102264404296,84.16809997558593,84.05620849609375,84.37025807698568,0
2023-10-19,84.76517486572266,86.1755770858722,84.10698285878021,84.3420498954718,3335213,Power,-0.003867314895133589,-0.035483834494336675,-0.021356042536531228,-0.006111073621473118,84.61472930908204,83.575732421875,83.79356028238932,84.15869750976563,84.21605407714844,84.4016003926595,0
2023-10-20,83.68386840820312,85.32933773083633,82.97866726993175,84.4830949301753,2794063,Power,-0.01275649415260971,0.0016722979211234446,-0.00981994416112375,-0.013415242712284225,84.82158966064453,83.68386383056641,83.73087615966797,84.0999309539795,84.23297912597656,84.30443954467773,0
2023-10-23,80.06383514404297,83.87191688238178,79.78175182697635,83.68386612012188,5169243,Power,-0.04325843598077861,-0.009460221724996942,-0.017079950310312397,-0.03852695576027698,84.12579193115235,83.59453887939453,83.42999114990235,83.83430519104004,84.07313354492187,84.12422154744466,0
2023-10-25,80.29890441894531,82.08541540485164,78.98252752545238,80.4869551864399,3443911,Power,0.00293602316800623,-0.038202237562650954,-0.0213003534906141,-0.01001763289501656,82.78120880126953,83.34066696166992,83.0789581298828,83.57103042602539,83.89636352539063,83.88915481567383,1
2023-10-26,78.51239013671875,80.20487566781928,77.3840712317695,79.87577607800549,3074312,Power,-0.022248302080259297,-0.007593517570874453,-0.022909547667602004,-0.020238100042668017,81.46483459472657,82.87053298950195,82.77180430094401,83.20197563171386,83.62744689941407,83.62431284586589,0
2023-10-27,79.82876586914062,80.58097607079482,78.88849773681547,78.88849773681547,1657738,Power,0.01676647125542341,-0.012360172128103808,0.004689246131784008,0.019441035875976675,80.47755279541016,82.5461410522461,82.54300587972006,82.96455841064453,83.42246856689454,83.59297053019206,1
2023-10-30,79.59370422363281,80.67501408373423,78.98252846151662,79.73474588776378,1629098,Power,-0.0029445732117810985,0.01072714242539563,0.001167000172060284,0.0011919446737957973,79.65951995849609,82.24055480957031,82.34241587320963,82.713037109375,83.21184875488281,83.47073593139649,0
2023-10-31,79.6877212524414,80.62798934981535,79.07654555441309,79.92278827678489,1304819,Power,0.0011812118775680336,0.0023583493861734084,-0.0005828909291551998,0.0011903530404484552,79.58429718017578,81.85504455566407,82.25779164632162,82.4685676574707,82.98430358886719,83.32499415079752,1
2023-11-01,79.07654571533203,80.29889711387612,78.60641166568836,79.82876306423245,1483218,Power,-0.0076696325042755475,-0.001176450604135737,-0.00408161283188424,-0.005945301295454675,79.33982543945312,81.06051712036133,82.00705312093099,82.1441749572754,82.72478942871093,83.1369405110677,0
2023-11-02,81.52124786376953,82.03839822924122,79.45266074923649,79.45266074923649,2049909,Power,0.030915641627015322,-0.004711363430413451,0.021662826986256434,0.010765649590356752,79.94159698486328,80.70321578979492,81.89422098795573,82.06425247192382,82.54989990234375,83.01313858032226,1
2023-11-03,81.38021087646484,82.6495714383724,80.91007680363414,81.85034494929555,1216226,Power,-0.0017300641366576608,0.03017751926051271,0.007449843272456125,0.018343200097444834,80.25188598632812,80.36471939086914,81.78138936360678,81.97022590637206,82.42202392578125,82.89403813680013,0
2023-11-06,81.5682601928711,82.60255370006269,81.42721853878213,81.89735260329435,946656,Power,0.002310749927789013,0.0005743122283470292,-0.0005688806062930096,0.006391561540635582,80.64679718017578,80.15315856933594,81.7093022664388,81.91851119995117,82.29978912353516,82.7843401590983,1
2023-11-07,81.75630950927734,82.32047611569688,81.38020800323284,81.66228413276622,1087238,Power,0.0023054226725149896,-0.0028702816764638595,-0.003414877285635276,-0.0005773319584396752,81.06051483154297,80.32240600585938,81.59020131429037,81.95847244262696,82.18695709228516,82.66367212931316,1
2023-11-08,85.0942611694336,86.3166125418904,81.99137363853627,82.03838991196774,7876238,Power,0.04082806183634635,0.0046056240429186435,0.04854365055635945,0.007510003357071193,82.26405792236328,80.8019416809082,81.46169738769531,82.07130432128906,82.16815155029298,82.64800084431967,1
2023-11-09,84.05997467041016,86.12856174633639,83.82490763116051,85.2823189703023,3081372,Power,-0.012154597558160174,0.039541598290940394,-0.002178616491266272,0.022362523168687032,82.77180328369141,81.35670013427735,81.39274495442709,82.11361656188964,82.20576263427735,82.58688379923503,0
2023-11-10,83.73087310791016,84.76516653294233,83.49580609432667,83.96594012149365,1703459,Power,-0.003915080438584129,-0.015435542380913159,-0.015829768728862437,-0.003926059045384567,83.24193572998047,81.7469108581543,81.32379150390625,82.14652595520019,82.22456787109375,82.5586758931478,0
2023-11-13,84.76517486572266,85.75245211562134,83.730881339015,84.05997375564789,2184699,Power,0.01235269285296381,0.001119902117670435,0.011647303049836077,0.0028154137996196926,83.88131866455078,82.26405792236328,81.39587860107422,82.2523063659668,82.3110726928711,82.5633773803711,1
2023-11-15,85.84648132324219,87.25688348841916,84.43607915806523,85.47037264445973,5891782,Power,0.01275649415260971,0.01677848357306999,0.01754388750037572,0.00842219510618758,84.69935302734375,82.87993392944335,81.78138834635416,82.36748924255372,82.50664855957031,82.60568974812826,1
2023-11-16,90.31275939941406,92.56939723852436,85.56440233445961,85.8934947548568,38662449,Power,0.052026338264870464,0.00495051205822139,0.0608836064012106,0.013363045603789203,85.74305267333985,84.00355529785156,82.44897867838542,82.53203620910645,82.80565399169922,82.76396840413412,1
2023-11-17,91.39405822753906,93.50966149367356,89.74858902054558,91.06496582087566,21742324,Power,0.011972824607682453,0.06020794800326179,0.010157398483717106,0.048901021592256955,87.20986938476562,84.99083633422852,83.30775655110678,82.84702606201172,83.13286712646484,83.03978042602539,1
2023-11-20,91.6761474609375,94.96708608774038,91.30003875456752,92.14628155048077,16342709,Power,0.00308651611351074,0.011874113385514917,0.015585818307827237,0.017286619778131396,88.79892425537109,86.02042999267579,84.0975819905599,83.19257469177246,83.47700561523438,83.32029393513997,1
2023-11-21,93.2275848388672,95.20214644143576,91.01795620804816,92.5223837541158,14300507,Power,0.0169230211008895,0.004081577653559432,0.002475177067960077,-0.0030896213229181235,90.49140625,87.1863624572754,85.00650736490886,83.66976051330566,83.90012634277343,83.67446161905924,1
2023-11-22,93.88577270507812,96.8006025155448,92.85147918183854,93.83876360210344,24076088,Power,0.0070600119840980025,0.014227690582270469,0.016790126418970486,0.020144629149871474,92.0992645263672,88.39930877685546,85.95304412841797,84.36085739135743,84.3138442993164,84.1054178873698,1
2023-11-23,93.13356018066406,94.77902939110918,92.61640984505358,94.2618790554987,7734572,Power,-0.0080119969484298,0.004508962364309754,-0.02088388989222445,-0.002531670349856352,92.66342468261719,89.20323867797852,86.89017842610677,85.00259017944336,84.5583139038086,84.44861577351888,0
2023-11-24,92.14627838134766,93.69772225821792,91.86419506785246,93.2275881848437,4618347,Power,-0.010600709318974166,-0.010972525489822194,-0.011408717095310217,-0.00812183044516157,92.81386871337891,90.01186904907226,87.59851379394532,85.68428459167481,84.84039459228515,84.74636739095052,0
2023-11-28,90.97093963623048,92.71043420487533,90.73587260874666,92.28731642487502,4227106,Power,-0.012755140693290201,-0.010085767295667791,-0.010536948279508462,-0.012282505259774035,92.6728271484375,90.73587570190429,88.23789571126302,86.2413932800293,85.08862518310546,85.0096425374349,0
2023-11-29,93.0865478515625,94.16785767043216,91.53510395263444,91.53510395263444,9978782,Power,0.023255868564090898,-0.00815076763937439,0.01572016653849495,0.008808328182769332,92.64461975097656,91.56801300048828,89.00578155517579,86.91603546142578,85.46473236083985,85.35754191080729,1
2023-11-30,91.39405822753906,93.4626523919653,91.11198209626032,93.4626523919653,4839272,Power,-0.01818189269111481,0.02105802425622727,-0.007488810894848208,-0.0046225091588149025,92.14627685546876,92.12277069091797,89.64829813639322,87.50135231018066,85.91794128417969,85.6192497253418,0
2023-12-01,94.4969482421875,95.3431910044648,91.67614381704756,92.09926161134791,20065803,Power,0.03395067551244235,-0.014587546423351916,0.02012074945843456,0.006191959694074045,92.41895446777343,92.54118957519532,90.27514394124348,88.27237243652344,86.48586303710937,85.8684206644694,1
2023-12-04,102.39520263671876,103.38247988680185,95.43721691461263,95.90735098808364,38383051,Power,0.08358211076074884,0.041347664575266396,0.08431948624375885,0.04102564681462617,94.46873931884767,93.64130401611328,91.49749247233073,89.31607017517089,87.44117553710937,86.4451187133789,1
2023-12-05,110.29344940185548,111.79787690532838,101.9250619983374,103.24143875400478,52108850,Power,0.07713492977945835,0.07647054881989579,0.0814006108940406,0.06798024181205342,98.33324127197265,95.50303421020507,93.26833089192708,90.76173210144043,88.65976287841796,87.29606119791667,1
2023-12-06,111.89190673828124,114.61868573218474,109.44721105100368,112.268015422557,29622448,Power,0.014492767658410566,0.08743172099780594,0.025231327328738562,0.07380077976100696,102.09431304931641,97.36946640014648,95.07677968343098,92.27791442871094,89.9516909790039,88.2363291422526,1
2023-12-07,114.8067398071289,115.98207499592768,109.82332291082813,111.84489369662066,18107690,Power,0.02605043701387233,-0.003768853705516939,0.011894999973464992,0.0034364681951482012,106.77684936523437,99.46156311035156,97.00746358235678,93.93043594360351,91.3564517211914,89.39442596435546,1
2023-12-08,112.8321762084961,115.6529806137085,111.1867069721222,115.22986282239728,13907405,Power,-0.017199021607529397,0.03026485174154092,-0.002837458997269504,0.012414339915767014,110.44389495849609,101.43142471313476,98.50875803629557,95.31733169555665,92.70667694091797,90.47886835734049,0
2023-12-11,110.9516372680664,114.3366010381196,110.4815032118458,113.39633292567837,7545120,Power,-0.016666690332682643,-0.015911933346175355,-0.011382150019857429,-0.006342518629076865,112.15518188476562,103.31196060180665,99.81259663899739,96.66191482543945,93.88389251708985,91.56017659505208,0
2023-12-12,111.6568374633789,115.55895153367648,110.57552770794564,111.51579581290042,24247853,Power,0.006355924190723616,-0.01658375596687478,0.010690806657348118,0.0008510428747474652,112.42785949707032,105.38055038452148,101.14464263916015,98.05821304321289,95.0949575805664,92.62111231486003,1
2023-12-13,117.6275405883789,118.23871630221112,111.23372166510936,112.36204054166384,29650250,Power,0.053473690108393646,0.007588563777845891,0.023189590533397197,0.005952437856793669,113.57498626708984,107.83464965820312,102.77130635579427,99.7013313293457,96.53732879638672,93.88890686035157,1
2023-12-14,114.2425765991211,120.58938641018338,113.7724425390424,119.22600050542576,18631189,Power,-0.028776968151557503,0.061087889919698934,0.01988071404601599,0.022823302465563078,113.46215362548828,110.11950149536133,104.12842661539713,101.12113609313965,97.83677947998046,95.04073537190756,0
2023-12-15,115.32389068603516,117.90962811319434,112.59711160084105,115.18284902800022,12217017,Power,0.009465070896539807,-0.03391165903649973,-0.022222173748142837,-0.010330541491170186,113.96049652099609,112.20219573974609,105.60778198242187,102.3716926574707,99.04596466064453,96.24898020426433,1
2023-12-18,117.0633773803711,118.473779517484,113.49035576354792,114.94777417470172,14325730,Power,0.015083489500641534,-0.0020408841705361613,0.004784608460880468,0.007933100148016736,115.18284454345704,113.66901321411133,107.2689219156901,103.6551586151123,100.36610076904297,97.43371785481771,1
2023-12-19,114.2425765991211,117.20442261235212,113.67841716176196,117.11039723507167,8727086,Power,-0.024096355703837613,0.018813962044041954,-0.010714243356645503,0.0016570694218798199,115.69999237060547,114.0639259338379,108.82036437988282,104.78348007202149,101.5865689086914,98.52913004557291,0
2023-12-20,108.553955078125,116.12311655719417,103.42949652867496,115.08882302664274,12623504,Power,-0.04979423337901023,-0.017262124082553454,-0.009225812738605565,-0.09015713702718964,113.8852752685547,113.73013076782226,109.85152486165364,105.54979858398437,102.5381201171875,99.42865320841472,0
2023-12-21,111.32775115966795,112.12697765792412,104.98094110355906,106.29731795733922,9102000,Power,0.025552234182040445,-0.07638886938020317,-0.034412949098742374,0.015000020564288175,113.30231018066407,113.38223190307617,111.18043772379558,106.42189750671386,103.55737091064454,100.4143679300944,1
2023-12-22,112.03295135498048,113.25529564411326,109.82332264021872,112.17399301202413,4556680,Power,0.006334451095676208,0.05528526182611149,0.010062859177667471,0.04612629193219808,112.64412231445313,113.30230941772462,112.34950459798178,107.36686706542969,104.42617858886719,101.31232426961263,1
2023-12-26,116.02909088134766,117.15740978931568,111.93892587286771,112.6911360869542,11536604,Power,0.03566932298074743,0.004610186916272463,0.034454142943251,0.019263697198269147,112.43726501464843,113.81005477905273,113.25843048095703,108.56100769042969,105.41157989501953,102.37796147664388,1
2023-12-27,118.5207977294922,119.88418361485728,115.13582680613162,116.96935391856464,14904805,Power,0.021474845913363128,0.03796410241449055,0.023274446152788508,0.028559331870798177,113.29290924072265,114.49645080566407,113.80692036946614,109.93850059509278,106.48536590576173,103.53762563069661,1
2023-12-28,121.85875701904295,124.86761220587113,121.01250708229698,121.38862294774628,30855199,Power,0.028163489897943483,0.037781426340598445,0.041568691054557405,0.05104128262404939,115.95386962890625,114.91957244873046,114.47137705485027,111.37711105346679,107.63061279296875,104.77407836914062,1
2023-12-29,124.58552551269533,125.52579362977228,121.76472116146448,122.4699222492722,14878887,Power,0.02237646731638865,0.008907748315024389,0.00527103395567452,0.006216002769498408,118.60542449951171,115.9538673400879,115.12329610188802,113.03668441772462,108.85860290527344,106.0653798421224,1
2024-01-01,128.6757049560547,130.13310914340028,124.58553267276214,125.05566675831976,16092130,Power,0.0328302941014007,0.021113302446494675,0.036704133711489506,0.0231660819684969,121.93397521972656,117.28904876708984,116.17953135172526,114.74562225341796,110.28028869628906,107.34414469401041,1
2024-01-02,126.56009674072266,129.33388487017666,123.55122723010837,128.86375080256232,8945971,Power,-0.016441395957803806,0.030451111436653244,-0.00614159054897323,-0.008301970706105166,124.04017639160156,118.238720703125,117.22009531656902,115.95386695861816,111.65684143066406,108.5163459777832,0
2024-01-03,126.65410614013672,129.2398433322408,124.20941776692231,126.5600879415624,8806136,Power,0.0007428044212596241,-0.01787673295750536,-0.0007271221925347904,0.005327268304572197,125.66683807373047,119.47987365722656,118.21991322835287,116.77189979553222,113.08416809082031,109.68227793375651,1
2024-01-04,126.79515838623048,128.1115279806688,126.08995731477724,126.79515838623044,5754194,Power,0.001113680798770833,0.0018573821217362507,-0.008730398633116754,0.015140072159292695,126.65411834716797,121.3039939880371,118.83108774820964,117.51706237792969,114.43251251220703,110.80119705200195,1
2024-01-05,130.3211669921875,131.54350406862858,126.79516154702392,126.9361960258893,20626872,Power,0.02780870066991392,0.001112326696491417,0.026788971625392177,0.005592865976520089,127.8012466430664,123.20333557128906,119.90299377441406,118.29278373718262,115.98959686279296,112.0157101949056,1
2024-01-08,127.59439086914062,130.8383132642108,126.8891897246752,130.3211772361527,5710766,Power,-0.02092350909664842,0.02666679257958071,-0.0053608941726979165,0.0007415754395045937,127.5849838256836,124.75947952270508,120.72102711995443,119.03089447021485,117.31349456787109,113.16440455118816,0
2024-01-09,130.7913055419922,133.51807744092898,127.26529997577047,130.6972729879516,15819262,Power,0.025055291624302534,0.00288591432164087,0.02048149437165825,0.002964084268418432,128.4312255859375,126.23570098876954,121.63622233072917,120.02287788391114,118.44933868408204,114.45257212320963,1
2024-01-10,128.76971435546875,133.65910564130806,128.34659657688363,131.54350240102974,10293609,Power,-0.01545661753391081,0.006474728919218853,0.0010562479859064222,0.00849639769300059,128.8543472290039,127.26059265136719,122.60469818115234,120.87852172851562,119.18838928222657,115.71253128051758,0
2024-01-11,130.50921630859375,132.20170177309615,129.80401522733047,130.6972670607934,6123579,Power,0.013508626324378659,-0.006433121551351673,-0.010903887626803721,0.011355335391178834,129.59715881347657,128.12563858032226,124.0683822631836,121.52260551452636,119.93308166503907,116.95995356241862,1
2024-01-12,132.29571533203125,133.18896713414165,129.3338766336251,130.60322992693392,7620307,Power,0.013688680952717247,-0.0007195034446720872,0.007467871803496173,-0.0036219110239540386,129.9920684814453,128.89665756225585,125.46624654134115,122.42526245117188,120.63264068603516,118.32334213256836,1
2024-01-15,131.8726043701172,133.330022831557,130.6972692153033,133.330022831557,4785040,Power,-0.0031982212035526203,0.020878449224789986,0.0010590644289123485,0.010541650936052749,130.84771118164062,129.21634750366212,126.7888900756836,123.25269813537598,121.3942578125,119.56919733683269,0
2024-01-16,130.55624389648438,134.92848524024046,129.2868761012757,132.01364811283375,9217735,Power,-0.00998206170205207,-0.009873055526183228,0.01198876573135288,-0.010791297496079877,130.80069885253906,129.61596221923827,127.75736694335937,123.92734146118164,122.17844207763672,120.50789871215821,0
2024-01-17,130.0861053466797,132.9539117495602,128.01750392201683,129.70998947521667,7388183,Power,-0.0036010422464164416,-0.017450155120689592,-0.014634222619223203,-0.009818260116862376,131.06397705078126,129.95916213989258,128.52838745117188,124.71951789855957,122.91561279296874,121.167653910319,0
2024-01-18,132.9539031982422,133.98820384404956,124.1153888239617,128.91076185837397,11276056,Power,0.0220453817409616,-0.006161650464056256,0.00777932804592929,-0.03048110593089015,131.55291442871095,130.57503662109374,129.2680638631185,125.93951530456543,123.52866729736328,121.86972045898438,1
2024-01-19,135.0695037841797,136.90303801576903,132.6248153876477,134.317300799002,12392887,Power,0.015912286401874365,0.041940167466916645,0.021754408881486942,0.06856060835256517,132.10767211914063,131.04987030029298,129.9669957478841,127.12660293579101,124.36174438476563,122.54514592488607,1
2024-01-23,122.7990264892578,132.8598928543077,121.29459170590216,132.57780953900934,10496555,Power,-0.09084565317222326,-0.012950612092746727,-0.029532910445680738,-0.08543064620771412,130.29295654296874,130.5703338623047,129.575217183431,127.66490669250489,124.66074981689454,122.87737426757812,0
2024-01-24,123.55123138427734,127.68841992680034,122.23486168963808,124.5855321067465,9592330,Power,0.006125495588398255,-0.060283673867090215,-0.03892425935627042,0.007751953079785601,128.89195404052734,129.8463264465332,129.37462615966797,128.04101371765137,124.92026397705078,123.29736073811848,1
2024-01-25,125.3377456665039,126.23099752814493,123.97435973585678,124.77357904475528,4206714,Power,0.014459704385058059,0.0015093802211934015,-0.011413896416690772,0.014230785081881026,127.9422821044922,129.5031295776367,129.2868687947591,128.38186111450196,125.3640707397461,123.75339101155599,1
2024-01-29,130.7913055419922,132.2487096981478,126.46606630848554,126.70113334623365,14397836,Power,0.04351091402265195,0.01544841717481682,0.047672222257937324,0.02009856375090502,127.50976257324218,129.53133850097657,129.55327860514322,128.8284885406494,126.25356475830078,124.19218317667644,1
2024-01-30,134.59938049316406,140.94619053205133,132.5778097012006,133.2359945394664,27034297,Power,0.029115658226603225,0.05157697504863723,0.06576609218914253,0.04832714079844025,127.41573791503906,129.76170501708984,129.83849283854167,129.32918128967285,127.18442993164062,124.87074330647786,1
2024-01-31,134.55238342285156,136.80902133479316,133.33003190915238,135.96278570465356,8359254,Power,-0.00034916260491169027,0.02046587466556904,-0.02935282735660294,0.005673816829883549,129.76640930175782,130.0296829223633,130.30235900878907,129.6230152130127,128.08520721435548,125.51169306437174,0
2024-02-01,136.00856018066406,138.67824986090912,134.940678383296,137.27058345169434,6343323,Power,0.01082237802682573,0.009618791938270865,0.013663050198580606,0.012080147668764196,132.25787506103515,130.57491455078124,130.65017598470052,130.09543838500977,128.8843859863281,126.14319915771485,1
2024-02-02,133.67864990234375,137.56183517075274,132.7078535852415,136.29979699588458,6498178,Power,-0.01713061497912649,-0.007072064759973684,-0.008050395006254485,-0.01654671389536211,133.92605590820312,130.93416900634764,130.9774383544922,130.44666557312013,129.49070007324218,126.79106826782227,0
2024-02-05,138.28993225097656,139.7946695034054,132.12538453230852,134.35820420855805,12812541,Power,0.03449527917884798,-0.014245015987699228,0.016231495675243623,-0.004389107631515232,135.42578125,131.4677719116211,131.49615275065105,131.02140426635742,130.14794708251952,127.78226750691732,1
2024-02-06,135.7173309326172,139.7946725871058,134.9406909000535,139.3578171979064,6082798,Power,-0.018602954506409586,0.037211073330421174,2.205878391059457e-08,0.021307838593700223,135.6493713378906,131.53255462646484,131.72426045735676,131.2912124633789,130.59321929931642,128.59525349934896,0
2024-02-07,134.6009063720703,138.0957791150144,133.67865281337512,136.34834274354236,6165170,Power,-0.00822610165463078,-0.021595304195172527,-0.012152776930986486,-0.009352539091512013,135.65907592773436,132.7127426147461,131.906147257487,131.64153823852538,130.83022735595702,129.34751866658527,0
2024-02-08,134.69798278808594,139.1151087898979,134.11549909940777,138.33846880938555,7023285,Power,0.0007212166591752389,0.014595894792695852,0.007381323900092163,0.0032678836660817723,135.39696044921874,133.82741775512696,132.18226318359376,131.83687210083008,131.15574279785156,129.96981506347657,1
2024-02-09,130.62063598632812,134.8921334821228,129.35859792201495,134.8921334821228,6146630,Power,-0.030270288517776134,-0.024912342582101288,-0.03035597890487196,-0.03546869086224669,134.7853576660156,134.35570678710937,132.2178985595703,131.92941818237304,131.3144039916992,130.3731430053711,0
2024-02-12,118.67984771728516,131.25165684412926,113.00069084157929,130.7177159163038,9033792,Power,-0.09141578724431254,-0.030946338070724,-0.02698805737605159,-0.1264539608746933,130.86334075927735,133.14456100463866,131.26629486083985,131.33794975280762,130.9897915649414,130.26717936197917,0
2024-02-13,120.0875015258789,121.1553834005218,114.89374270797624,116.49555811335244,7826770,Power,0.011860933727746437,-0.10880053788621546,-0.07692301709834803,0.016752568964829795,127.73737487792968,131.69337310791016,130.26749471028646,130.7275390625,130.58044494628905,130.11724522908528,1
2024-02-14,124.4560775756836,125.18417477072056,117.85466745130104,118.87399908040018,4153611,Power,0.036378274127580656,0.02041658073120245,0.033253094143412376,0.025770983462959585,125.70840911865234,130.68374252319336,130.37796478271486,130.35671272277833,130.4549124145508,129.97659098307292,1
2024-02-15,129.69839477539062,130.5721055414757,125.42688206307967,125.47542484190136,5277064,Power,0.042121825641814103,0.055532966103347015,0.04304003106321819,0.0642504431562505,124.70849151611328,130.052725982666,130.78777567545572,130.31382026672364,130.41119598388673,130.08120091756186,1
2024-02-16,128.2907257080078,130.86334480271017,127.1257731053011,130.7662592469946,3385817,Power,-0.010853403928557381,0.04216629998870025,0.002230486059995096,0.013544871835106553,124.24250946044921,129.51393356323243,130.984641011556,130.22405128479005,130.39203643798828,130.13575490315756,0
2024-02-19,126.2035140991211,129.35860195159913,125.81520151947088,128.29072013779793,4692223,Power,-0.016269388121143313,-0.018931023365291844,-0.011498581618707648,-0.010309251647536932,125.7472427368164,128.30529174804687,130.6787882486979,129.88653182983398,130.21980834960937,130.11603342692058,0
2024-02-20,126.6889190673828,128.14511353942171,125.42688089564722,126.20352091003652,2172350,Power,0.003846208021438091,-0.016269292319191497,-0.00938080957794718,-0.003086436449124652,127.0675262451172,127.40245056152344,130.15142415364582,129.46750259399414,129.99553649902344,129.99495849609374,1
2024-02-21,124.6017074584961,128.29072144220777,124.2619228379658,127.31992517003616,3402895,Power,-0.016475092093702126,0.008846062708468105,0.0011362735477327135,-0.00928794568885627,127.09665222167969,126.40253067016602,129.48804575602213,129.55763664245606,129.7047006225586,129.89520238240559,0
2024-02-22,126.34912872314452,128.04802219709555,122.51448641600446,125.2327189369612,10848629,Power,0.014024055530944324,-0.01639339820760566,-0.0018917911005866817,-0.014062525205246867,126.42679901123047,125.56764526367188,128.84408365885417,129.69753150939943,129.536416015625,129.74712982177735,1
2024-02-23,125.57250213623048,127.12576726407735,125.23271752001456,126.83452542348878,2044573,Power,-0.006146671486874866,0.012790638901115647,-0.007202414509758115,0.022187017907255413,125.883154296875,125.06283187866211,128.30367380777994,129.70926933288575,129.35587188720703,129.64055608113605,0
2024-02-26,125.37833404541016,126.44621588216128,123.09697166787927,125.47541959899688,3365663,Power,-0.0015462628164379932,-0.010715582527344059,-0.005345504664718725,-0.01705421629770154,125.7181182861328,125.73268051147461,127.44290059407552,129.43862075805663,129.05284912109374,129.4695266723633,0
2024-02-27,126.6889190673828,127.85387168237868,124.45608458095462,125.37833811727737,2976160,Power,0.010453042241715949,-0.0007737091617606717,0.011132447028143755,0.011040993898227658,125.7181182861328,126.392822265625,126.84100646972657,129.04309768676757,128.71762573242188,129.28263346354166,1
2024-02-28,125.4268798828125,128.24219806059276,120.42728482778838,127.17431619778368,4626074,Power,-0.009961717203531006,0.014324468703887039,0.0030372672575671444,-0.03237125582675415,125.88315277099609,126.48990249633789,126.22940470377604,128.58682250976562,128.82273986816406,129.06777598063152,0
2024-02-29,123.1455078125,125.66957668328274,121.2039152339613,125.2327213157467,5122564,Power,-0.018188860892051295,-0.015267193408906365,-0.020060646309996044,0.006448957205034578,125.24242858886718,125.83461380004883,125.45923970540365,127.94366989135742,128.80651092529297,128.8207514444987,0
2024-03-01,122.99988555908205,125.52396180918626,122.17471020343464,123.14550648221694,4674159,Power,-0.001182521847566509,-0.016666689117673217,-0.0011587122192944221,0.008009600742677314,124.7279052734375,125.30552978515625,124.95118967692058,127.40973167419433,128.7129965209961,128.58454411824545,0
2024-03-04,125.9608154296875,129.69838697657076,124.3590075171235,124.3590075171235,7530065,Power,0.024072622971532676,0.009854204749905282,0.033256002337866075,0.01787847345863769,124.84440155029297,125.2812599182129,125.43658752441407,126.79327583312988,128.5197769165039,128.35144119262696,1
2024-03-05,124.55316925048828,126.59183260891538,123.29113108774231,126.2035200110748,3411156,Power,-0.01117527045531852,0.014832158367758863,-0.023952143431179018,-0.00858704528688159,124.41725158691406,125.06768493652343,125.73429870605469,126.23506774902344,128.11792846679688,128.0008967081706,0
2024-03-06,122.51448822021484,126.88307150328002,121.05829379252646,124.5531663442489,4803709,Power,-0.01636795789734946,-0.013076922630058885,0.0023006136206620287,-0.018110283160812424,123.83477325439453,124.85896301269531,125.6048594156901,125.63074684143066,127.63641265869141,127.99141209920248,0
2024-03-07,121.68931579589844,124.79586842722335,121.15538227014667,122.51449117685154,3100807,Power,-0.0067353048305045515,-0.016367911207995522,-0.01644981518281352,0.0008019977366160447,123.54353485107421,124.3929817199707,125.07092081705729,124.98031349182129,127.06364288330079,127.92934824625651,0
2024-03-11,117.85466766357422,122.22325084166444,117.27219138781304,122.17470806593948,3766428,Power,-0.031511789734735784,-0.0027734115992986696,-0.02061460541908222,-0.03205132788632603,122.51449127197266,123.62119827270507,124.37518361409505,124.34201507568359,126.43068359375,127.67991231282552,0
2024-03-12,116.44701385498048,117.85467294158056,112.9036132660008,117.85467294158056,5507624,Power,-0.011943980128237275,-0.0353594880048933,-0.03574260928260864,-0.037251611572308496,120.61173095703126,122.7280662536621,123.72475026448568,124.23037338256836,125.55696685791015,127.2017692565918,0
2024-03-13,109.1660385131836,117.02949429131408,108.14670686509884,116.689709668698,7472871,Power,-0.06252608032408968,-0.009884744014011404,-0.0070016625532999255,-0.042132454961336774,117.53430480957032,120.97577819824218,122.55655822753906,123.68430023193359,124.49491516113281,126.35399119059245,0
2024-03-14,113.5346221923828,114.06856311000094,106.5448919261498,106.98174729031894,4369059,Power,0.04001779068562272,-0.08319467419999271,-0.025300726105358384,-0.014811499909536008,115.7383316040039,119.78655242919922,121.81875254313151,123.13822746276855,123.65226379394531,125.65339914957683,1
2024-03-15,114.02001953125,115.28205765133129,109.11750278666184,114.55396044511234,4531805,Power,0.0042753243855844225,0.07078042139510488,0.010638290763425484,0.024145792576290015,114.20447235107422,118.87400360107422,120.99681193033854,122.35430870056152,122.82514526367187,124.92044779459636,1
2024-03-18,111.7386474609375,115.52475433647564,111.156171189298,114.1656380982584,3278597,Power,-0.020008522009481222,-0.003389864002475984,0.002105242481691194,0.018683239174030586,112.98126831054688,117.74787979125976,120.07455495198568,121.52670478820801,122.06986572265625,124.18911437988281,0
2024-03-19,110.9134750366211,114.60250386480686,110.57369781979584,111.49595132354835,2737601,Power,-0.007384843499245619,-0.023384328412480282,-0.007983141595632737,-0.005240135237387866,111.874560546875,116.24314575195312,119.1102310180664,120.762202835083,121.75921081542968,123.27656580607096,0
2024-03-20,110.23392486572266,113.43754827100084,109.50582762726104,111.54449841363592,4228808,Power,-0.006126849516472799,0.0004354157214794263,-0.010165184481311984,-0.00965754255840412,112.08813781738282,114.81122131347657,118.0132314046224,119.939453125,121.36506774902344,122.42711893717448,0
2024-03-21,117.0294952392578,117.95174874831731,110.379534754926,110.379534754926,6524040,Power,0.06164681500557023,-0.01044393650316966,0.039794587824942385,0.007978635900902864,112.78711242675782,114.26272201538086,117.45340576171876,119.56084251403809,121.06800445556641,121.84140523274739,1
2024-03-22,116.20431518554688,119.31086781725396,114.84520627867484,116.49555704078404,4636040,Power,-0.007051043431605897,0.055409023959353876,0.011522669933760055,0.04045742296036936,113.22397155761719,113.7142219543457,116.99065958658854,119.0536018371582,120.52824127197266,121.22494964599609,0
2024-03-26,115.23351287841795,116.93240633016056,114.602501235898,116.2043091365566,4001553,Power,-0.008354270713430978,-0.0025000773559584744,-0.019934994444399168,-0.0021133232343011343,113.92294464111328,113.45210647583008,116.4729014078776,118.53665237426758,120.00595275878906,120.71204554239908,0
2024-03-27,118.5342254638672,120.76705989230028,115.47621567069596,116.15577751728284,7780336,Power,0.02864368622461244,-0.0004176404440968673,0.0327937625033774,0.007623868810677115,115.4470947265625,113.66082763671875,115.97779541015625,118.19444694519044,119.6991812133789,120.70719146728516,1
2024-03-28,118.0973663330078,128.14510612760475,114.84520034820812,128.14510612760475,10305499,Power,-0.003685510485683108,0.10321766912143482,0.06109320076090441,-0.005464461394260711,117.01978302001953,114.55396041870117,115.54740854899089,117.76486930847167,119.3555191040039,120.64085362752279,0
2024-04-01,121.83493041992188,122.70864853373288,118.97108442049505,119.79625975875466,5201212,Power,0.03164815781221564,-0.06515150380020329,-0.04242423107799631,0.03592561169101827,117.98087005615234,115.38399124145508,115.50210469563802,117.58527183532715,119.24484802246094,120.55348205566406,1
2024-04-02,123.77652740478516,124.11630462614735,121.3980794486617,122.27179018742514,3272008,Power,0.015936291654382595,0.020664505166152036,0.011471531218335551,0.020399873128739587,119.4953125,116.3596420288086,115.64125213623046,117.6168228149414,119.14194396972657,120.35608647664388,1
2024-04-03,125.28126525878906,126.25206155709324,122.99988803250388,123.63090710771918,4700410,Power,0.01215689182394808,0.011115539555041298,0.017207706411974222,0.013194678129315518,121.50486297607422,117.71390380859376,116.13635864257813,117.73089179992675,119.13029449462891,120.25577112833659,1
2024-04-04,133.63009643554688,134.16403732988147,126.20351112899525,126.397667414251,16832363,Power,0.0666406997048754,0.022379196038100346,0.06266809171437004,0.026045739941200408,124.52403717041015,119.98556594848633,117.28189748128256,118.11435585021972,119.46036499023438,120.50332387288411,1
2024-04-05,131.5428924560547,133.82426957890212,130.47501065106752,132.7078449985655,9695795,Power,-0.015619265683153194,0.049923212298164765,-0.00253248007246476,0.03384612269389464,127.21314239501953,122.11646270751953,118.77368774414063,118.46384201049804,119.65452392578125,120.66512298583984,0
2024-04-08,136.73666381835938,138.33847177682063,130.71771495016054,132.17390938991653,14282732,Power,0.03948348151185588,-0.004023391447994129,0.03373231336978799,0.0018601592587110805,130.19348907470703,124.0871795654297,120.32049051920573,119.17495079040528,120.10691528320312,121.06962153116862,1
2024-04-09,138.5811767578125,140.95962481483843,136.78519761361403,137.75599394816965,10605486,Power,0.013489527153473402,0.04223287775945117,0.018947390442815237,0.04641668243487018,133.1544189453125,126.32486572265626,121.95790100097656,120.01954383850098,120.72434204101563,121.47735646565755,1
2024-04-10,138.19285583496094,140.76546004148332,137.02788845304266,139.45487914341308,5285898,Power,-0.002802118815387167,0.012332568235706942,-0.001377449561249633,0.0017742478255153848,135.7367370605469,128.62080001831055,123.72151489257813,121.03645324707031,121.33206085205079,121.8980349222819,0
2024-04-12,136.97935485839844,139.98881430283006,135.91147307326705,137.85306554574228,5769001,Power,-0.008781213538359367,-0.011486249943420956,-0.005517303310232369,-0.008147358850663422,136.40658874511718,130.46531295776367,125.45924021402995,122.06307029724121,121.77280242919922,122.28473561604818,0
2024-04-15,136.05709838867188,139.74612736909506,129.60130878281348,132.02829958398976,7582456,Power,-0.0067328136468444155,-0.04225343802615511,-0.00173361661032434,-0.04642848869022187,137.30942993164064,132.26128616333008,127.1807851155599,123.40762329101562,122.23295959472657,122.59700826009114,0
2024-04-16,136.97935485839844,139.45487341026438,134.2611224342981,134.79506332686378,4302456,Power,0.00677845169894753,0.020955838646652847,-0.00208416479450213,0.035954989152876315,137.35796813964845,133.77572860717774,128.51077575683593,124.57985992431641,122.8115542602539,122.98209075927734,1
2024-04-18,138.19285583496094,141.54210002503697,136.2512632826646,137.2220595588128,8318186,Power,0.008859006364988042,0.01800508247148347,0.014967039614543598,0.014822912338904315,137.28030395507812,135.2173614501953,129.97667846679687,125.78850173950195,123.4716958618164,123.48366902669271,1
2024-04-19,136.833740234375,138.82387568054253,133.82428048864674,135.42608851353626,3598242,Power,-0.00983491941297665,-0.013088063617838208,-0.01920435223169381,-0.0178125525998456,137.00848083496095,136.37260894775392,131.41669362386068,127.04325637817382,124.23085876464843,123.94479751586914,0
2024-04-22,139.35780334472656,141.0566967663125,137.36766808823376,137.85306620868687,6155080,Power,0.018446204174703107,0.017921049937937417,0.016083840584512288,0.026477912577961726,137.48417053222656,136.94537963867188,132.8049321492513,128.4654727935791,125.14729034423829,124.39136377970378,1
2024-04-23,138.14431762695312,142.51290101408895,136.88227946358975,140.7654646965994,5626193,Power,-0.008707698375322814,0.02112683140107774,0.010323538556903378,-0.003533499777634952,137.9016143798828,137.60552215576172,134.14139556884766,129.86099243164062,126.30642150878906,124.84440205891927,0
2024-04-24,137.02789306640625,139.74612569377186,136.44542416901254,139.1151140183013,3210706,Power,-0.008081581491912515,-0.011724116294115072,-0.01941420952509809,-0.003191467122619196,137.91132202148438,137.6346450805664,135.15425974527994,130.86091232299805,127.24615234375,125.32818222045898,0
2024-04-25,137.3191375732422,138.28993390082,136.59104032755886,137.0278957123336,1825283,Power,0.0021254395752461352,-0.015003533733172536,-0.010420265933832384,0.0010672117400283287,137.73657836914063,137.50844116210936,136.05710042317708,131.91665344238282,128.1781170654297,125.84917627970377,1
2024-04-26,139.30926513671875,140.76545954581337,136.93081723116595,137.9501562801673,4857225,Power,0.014492718193886756,0.006730458517511195,0.017900982198522097,0.002487548984122734,138.23168334960937,137.62008209228514,136.99230041503907,133.12044105529785,129.28094177246095,126.5643295288086,1
2024-04-29,143.09536743164062,145.91068556469563,139.8432087432527,140.28006411176142,17629442,Power,0.0271776776024637,0.01688949033781606,0.036551765152357474,0.02126907274036105,138.97919616699218,138.23168334960937,137.62331848144532,134.34849815368653,130.5682174682617,127.45260798136393,1
2024-04-30,143.04684448242188,146.20193254018056,142.51290354078128,144.35741063389275,7667056,Power,-0.00033909517889829655,0.0290657589012997,0.0019960633750555346,0.019090628865861214,139.95970153808594,138.93065795898437,138.39024861653647,135.59597206115723,131.8807342529297,128.58196818033855,0
2024-05-02,148.24058532714844,150.95881780655753,142.65850685520178,143.3380612717602,20238147,Power,0.03630797214380199,-0.00706128876693235,0.03253640484587739,0.0010216851302788932,142.20223999023438,140.05678100585936,139.15717671712238,136.91625480651857,133.12917785644532,129.73883361816405,1
2024-05-03,148.38621520996094,153.04602543705562,147.22124784001184,149.69678128139054,11205177,Power,0.0009823887465845171,0.044361699559857914,0.013826337943191103,0.03198365863622299,144.41565551757813,141.07611694335938,139.81084594726562,138.14673919677733,134.41645385742189,130.8843734741211,1
2024-05-06,144.64865112304688,149.59971826125386,141.78480495270904,149.45408992590882,11287598,Power,-0.025188081531869688,-0.0016212195974042443,-0.02251810960761702,-0.036927026275518915,145.48353271484376,141.85760803222655,140.2412322998047,139.11510848999023,135.59305938720703,131.98137359619142,0
2024-05-07,138.19285583496094,145.76505493837612,136.20272050622208,144.98842976799807,7212459,Power,-0.0446308709964689,-0.029879812323132637,-0.02563282449624038,-0.03937011761132525,144.5030303955078,141.74111328125,140.32213236490887,139.34324645996094,136.37940460205078,132.89068628946941,0
2024-05-08,139.30926513671875,141.39647119781748,135.9114781821646,135.9114781821646,2846993,Power,0.00807863253865393,-0.06260466162960654,-0.02997003460401071,-0.0021383003435984094,143.7555145263672,141.85760803222655,140.5389434814453,139.73156509399413,137.22788055419923,133.8598642985026,1
2024-05-09,135.96002197265625,140.03736338590178,133.82427311935388,139.7946643159089,6191220,Power,-0.024041783299736275,0.028571436244256176,-0.009612034871890551,-0.015357091915468635,141.29940185546874,141.75082092285157,140.47098795572916,139.69273300170897,137.7928842163086,134.49088185628256,0
2024-05-10,137.56182861328125,138.67825321263544,135.37753700392477,136.78518863398608,7725284,Power,0.01178145323444535,-0.021527829382114283,-0.009705339635116106,0.011606742546515392,139.1345245361328,141.77509002685548,140.42891947428384,139.64176559448242,138.34429626464845,135.20279897054036,1
2024-05-13,136.00856018066406,138.1443089622251,131.54289151752954,137.8530671253815,5038201,Power,-0.011291420361849047,0.007806974585917281,-0.003850237784518762,-0.028325566938657287,137.40650634765626,141.44501953125,140.37390747070313,139.53255081176758,138.77338806152343,135.8953005472819,0
2024-05-14,138.43556213378906,139.018031041992,135.1348457346002,136.44542670111548,4039429,Power,0.01784447942027434,-0.01021116507321329,0.006324705565727173,0.02730633465353005,137.45504760742188,140.97903900146486,140.3124247233073,139.6053611755371,138.96560668945312,136.5586784362793,1
2024-05-15,136.44541931152344,140.37714718495897,135.9114783980389,139.30926535798986,2750023,Power,-0.014375950742644306,0.02098889443284624,0.009776545767335998,0.005747094017215737,136.8822784423828,140.318896484375,140.19916483561198,139.6247772216797,139.16170776367187,137.1702802022298,0
2024-05-16,137.02789306640625,139.2607275393557,135.47462786018025,137.367677699768,2427759,Power,0.00426891395711082,-0.013937247125899832,-0.007953001382285385,-0.0032142284302084656,137.09585266113282,139.19762725830077,140.19916483561198,139.62720413208007,139.17335693359374,137.67671229044598,1
2024-05-17,142.8526611328125,143.92054292463973,136.29978649712064,137.85306641011024,7437015,Power,0.04250790066211896,0.003533500154258462,0.03346108746966836,0.006090872143173609,138.15401916503907,138.64427185058594,140.56806640625,139.86019439697264,139.34421630859376,138.31258341471354,1
2024-05-21,142.8526611328125,144.69718288113452,139.40634632309985,142.12456395106898,4255374,Power,0.0,0.03098587251045326,0.005396310635803037,0.022792110727516413,139.52283935546876,138.4646728515625,140.80429280598958,140.16114044189453,139.53060852050783,138.89829661051434,0
2024-05-22,144.066162109375,145.0855011665949,140.3286053171363,143.6778495224225,5444422,Power,0.008494773334563943,0.010929043707661235,0.0026836616838585847,0.006615616995649054,140.64895935058593,139.0520034790039,140.86901245117187,140.39655838012695,139.81408081054687,139.24616546630858,1
2024-05-23,142.31874084472656,146.8329376300666,140.7654608684936,144.89134506636324,3732251,Power,-0.012129296977605342,0.008445947290931288,0.012044183942716558,0.003113089810662828,141.82362365722656,139.3529510498047,140.82047220865886,140.60527954101562,140.06454650878905,139.60536041259766,0
2024-05-24,140.7654571533203,144.5515566273464,136.88227212840113,138.82386464086073,9724463,Power,-0.010914119125751132,-0.0418760721886009,-0.015537256419046463,-0.0275862325611268,142.57113647460938,139.8334945678711,140.32213033040364,140.79215774536132,140.21599060058594,139.73965352376302,0
2024-05-27,141.7362518310547,142.609962526661,138.67824958325747,141.15376815853372,3540412,Power,0.006896540510481941,0.01678316277752745,-0.013431844983107455,0.013120599380259002,142.3478546142578,140.25093688964844,139.87879943847656,141.01301345825195,140.3577264404297,139.8448226928711,1
2024-05-28,137.65892028808594,143.19245631526078,136.93082305258463,142.3672735230888,2168130,Power,-0.028767033770787154,0.008597045480161603,0.004084523817828423,-0.012600581099949215,141.3091064453125,140.4159729003906,139.4128173828125,140.9304962158203,140.3907336425781,139.8270248413086,0
2024-05-29,141.15377807617188,141.73626178961885,135.9114839078537,137.1735220782047,3420372,Power,0.025387804733409736,-0.03648135780335637,-0.010169491907003003,-0.007444190592058919,140.72662963867188,140.68779449462892,139.61021219889324,140.8334167480469,140.46257263183594,139.96617228190104,1
2024-05-30,138.67825317382812,141.73625550080124,137.46475783563633,141.73625550080124,4026617,Power,-0.01753778705808262,0.03326249376315671,-4.43698566776618e-08,0.011428570148168893,139.9985321044922,140.91107788085938,139.56814473470052,140.6149871826172,140.48393005371094,140.0535441080729,0
2024-05-31,142.75559997558594,144.8428061113685,137.90161843825337,137.90161843825337,13595163,Power,0.029401486595356907,-0.027054736623306597,0.021917826173626365,0.003177982557095671,140.3965606689453,141.48384857177734,140.02118326822918,140.34073791503906,140.71303833007812,140.24608561197917,1
2024-06-03,147.75518798828125,151.1529749023956,144.64864291515462,149.11431164183222,8353049,Power,0.03502200973937519,0.08130936627549024,0.04356563477633313,0.04892636180279708,141.60034790039063,141.9741012573242,140.70074055989582,140.30918655395507,141.1304803466797,140.56483001708983,1
2024-06-04,127.51409912109376,147.56103666360988,118.242991552291,147.56103666360988,11628696,Power,-0.13699071513341954,-0.010416672693049356,-0.023763596059589,-0.182550287584462,139.57138366699218,140.44024505615235,140.1344431559245,139.45245895385742,140.65867370605469,140.2541753133138,0
2024-06-05,132.07684326171875,133.8728075789089,125.2812689721665,128.6305133379534,7889462,Power,0.03578227170229997,-0.12828944383747987,-0.09276316698632037,0.05952384430973168,137.75599670410156,139.2413131713867,139.7105285644531,139.14665832519532,140.2179327392578,140.0114766438802,1
2024-06-06,138.19285583496094,139.30926562726108,132.99908983229804,133.9698861084462,5948404,Power,0.04630647146163924,0.04150937932172094,0.04060912852035137,0.06160394864651475,137.65891723632814,138.82872467041017,139.8270243326823,139.09083786010743,140.02377319335938,140.01309458414713,1
2024-06-07,142.70706176757812,143.67785810613307,137.02789726176104,138.8238764133583,3092904,Power,0.032665986279408976,0.036231950671234525,0.031358951317428385,0.030291992483129304,137.64920959472656,139.02288513183595,140.20563557942708,139.4281898498535,139.80243225097655,140.20240020751953,1
2024-06-10,142.44493103027344,144.34769821697816,141.83333945965526,143.4836901384196,3438212,Power,-0.0018368448909109603,0.03356637089708081,0.004662096997230414,0.03506907931831216,136.587158203125,139.0937530517578,140.17845357259114,139.67234497070314,139.56478088378907,140.37325998942057,0
2024-06-11,143.45457458496094,144.11470896409534,141.3479483741217,143.67785358811804,4086646,Power,0.007087957060914363,0.0013532092010675179,-0.0016140836034156392,-0.003422263674977777,139.77525329589844,139.6733184814453,140.2185811360677,140.04464569091797,139.51701782226561,140.51143697102864,1
2024-06-12,144.5321502685547,145.61943732704725,142.2507731584942,143.48368854221894,3105917,Power,0.007511616040906111,-0.0013513916101204337,0.01044118517650272,0.00638725071539703,142.2663146972656,140.0111557006836,140.24964701334636,140.34947509765624,139.77058959960937,140.5593297322591,1
2024-06-13,145.73593139648438,146.34753778715432,143.38660619930647,145.86213965187355,3889263,Power,0.008328812141056074,0.016576456416889318,0.005000022479635158,0.007984723144855765,143.77492980957032,140.71692352294923,140.4774597167969,140.8140007019043,140.02765625,140.64896596272786,1
2024-06-14,145.37673950195312,146.11453932461225,143.7846342328227,145.73592937686706,3785962,Power,-0.002464676288746137,-0.0008652709696135297,-0.0015920900758914502,0.002775908043760822,144.30886535644532,140.97903747558593,140.78487854003907,141.23144302368163,140.40432495117187,140.55350443522136,0
2024-06-18,146.8232421875,150.66758735644834,145.61944940633083,146.88148759715432,4558146,Power,0.009950028391766397,0.007860506500938946,0.0311608143370381,0.012760857120080793,145.1845275878906,140.8858428955078,141.12401123046874,141.42997207641602,140.77478149414063,140.50140533447265,1
2024-06-19,145.0854949951172,148.2891255473178,142.16340364768064,147.65811391706734,3725588,Power,-0.01183564105037016,0.00528743501048301,-0.015786154479951797,-0.02373340767830112,145.51071166992188,142.64298248291016,141.6191162109375,141.54161376953124,141.13785888671876,140.515966796875,0
2024-06-20,145.69711303710938,146.88148572893735,143.5807693631372,145.32820569642243,2716556,Power,0.004215569874939984,-0.015779073420601253,-0.009492535701353888,0.009969975950837373,145.74370422363282,144.00500946044923,141.92200520833333,141.62316131591797,141.42832092285155,140.76610870361327,1
2024-06-21,146.3766632080078,148.77453122587036,145.66798606502894,145.82331702636495,2975386,Power,0.0046641292797982015,0.0034068495346097905,0.012888251283259322,0.014536882001327633,145.8718505859375,144.8233901977539,142.43523254394532,141.82605743408203,141.82557067871093,141.0016886393229,1
2024-06-24,147.62899780273438,150.4734238003785,145.2796577632887,145.7844759779211,5502704,Power,0.00855556184490247,-0.000266356912158483,0.011419243337617235,-0.0026658452020259515,146.32230224609376,145.31558380126953,142.76012573242187,142.16923446655272,142.24961486816406,141.39065450032552,1
2024-06-25,147.0368194580078,149.21139376858284,146.3960903215663,148.33768299210917,2786627,Power,-0.0040112603454630635,0.017513572669937583,-0.008387062644828913,0.007684713575638158,146.36501770019532,145.77477264404297,142.7122344970703,142.43426284790038,142.41698120117186,141.70648752848308,0
2024-06-26,163.07435607910156,165.03536872576754,147.03681208959,147.4639500126361,63690072,Power,0.10907156914988847,-0.0058901619726630106,0.1060507147445231,0.004376631688840282,149.9627899169922,147.73675079345702,145.08291829427083,143.70503463745118,143.22584899902344,142.60868072509766,1
2024-06-27,160.4337921142578,166.20032453903852,159.21059410207064,164.45288822650255,15995220,Power,-0.016192392405111833,0.11520739958756487,0.00705882516133105,0.08279411012436211,152.91012573242188,149.32691497802733,146.97338155110677,144.66903533935547,143.88055419921875,143.34195505777996,0
2024-06-28,157.8514862060547,162.51129665162549,156.83214711614502,160.1813914288401,5023035,Power,-0.016095773054868978,-0.02597398466957468,-0.022196273669408684,-0.01493899950150801,155.20509033203126,150.53847045898436,148.2839569091797,145.6276969909668,144.50186401367188,144.05549062093098,0
2024-07-01,156.72535705566406,159.11350765849207,154.8517124936505,156.84184787145782,4875762,Power,-0.007134105464934315,-0.020848511350744947,-0.020908017246439425,-0.012627733911134142,157.02436218261718,151.67333221435547,149.21850992838543,146.3261848449707,145.14026000976563,144.71207275390626,0
2024-07-02,153.93917846679688,158.82228273626163,152.91012193192174,157.26900271015018,3119639,Power,-0.017777458869515428,0.00272347491750069,-0.0018302966637848694,-0.012538386114447242,158.404833984375,152.38492584228516,149.98479309082032,146.6353843688965,145.62837707519532,145.08162333170574,0
2024-07-03,154.42457580566406,158.2300955549939,152.60917663695852,155.327409261673,8915769,Power,0.003153176103066535,-0.012345684241767296,-0.00372861522366541,-0.001968118860680823,156.6748779296875,153.31883392333984,150.71612650553385,147.980908203125,146.29900329589844,145.46735382080078,1
2024-07-04,154.3954315185547,155.96813154133093,152.28880540039324,155.33710508096826,3345297,Power,-0.00018872829636940036,6.242181815396819e-05,-0.01429540951567465,-0.0020992920846916174,155.4672058105469,154.18866577148438,151.3736785888672,149.0968376159668,146.82866943359375,145.81166280110676,0
2024-07-05,163.11318969726562,164.93827657010584,152.5606244110944,154.50221690662562,11901412,Power,0.05646383505630648,-0.005374686066844436,0.05751267864870102,0.001784891607669481,156.51954650878906,155.86231842041016,152.53216247558595,150.34285430908204,147.80606689453126,146.50481109619142,1
2024-07-08,167.044921875,173.5783766473217,164.06457020532457,164.64705389463737,14288074,Power,0.024104317897477134,0.06566143315692896,0.052383838711588915,0.07540573354780777,158.58345947265624,157.8039108276367,153.9767079671224,151.55974731445312,148.77763977050782,147.38079325358072,1
2024-07-09,176.62667846679688,183.51932320253928,168.9185535936234,168.9185535936234,40013333,Power,0.05736035842482501,0.02594337158148896,0.057270650568507664,0.029585811136579432,163.12095947265624,160.7628967285156,155.9636037190755,153.2688346862793,149.93249938964843,148.54380747477214,1
2024-07-10,180.62635803222656,182.9951033851451,173.8210812709123,178.04403630727924,18221608,Power,0.022644821270199955,0.054022974501720666,-0.0028564829482050635,0.029023026618397285,168.36131591796874,162.51809692382812,158.33299458821614,155.12742385864257,152.05698974609376,149.97605539957684,1
2024-07-11,186.2958068847656,186.97537615566628,176.112163022951,182.02430902491804,14706939,Power,0.031387716135689914,0.022355552031910753,0.021750706422696053,0.013180689794858091,174.74139099121095,165.10429840087892,161.0395741780599,157.21560668945312,154.22574829101563,151.4807896931966,1
2024-07-12,181.46124267578125,187.0724441065009,180.56811185708003,187.0724441065009,9334536,Power,-0.02595100925687932,0.027733301714617742,0.0005191483115605244,0.025301766542656923,178.41100158691407,167.46527404785155,163.37854614257813,159.00187225341796,155.95648376464842,152.90688934326172,0
2024-07-15,178.13140869140625,184.8395995000364,177.18001770387812,181.4806527808579,6448190,Power,-0.018350111215343357,-0.029891047569034712,-0.0119357215710153,-0.018763524292060962,180.6282989501953,169.6058792114258,165.41204020182292,160.6396057128906,157.37345764160156,154.0860829671224,0
2024-07-16,174.7433319091797,180.1312542723479,172.94735285039835,179.58761072096078,5213740,Power,-0.019020097618472454,-0.010431095716759486,-0.025472600245963983,-0.023889064400895665,180.2516296386719,171.68629455566406,167.25914103190104,162.0356101989746,158.66539367675782,154.98568776448568,0
2024-07-18,170.50096130371094,176.39368722461617,169.141837576718,174.74333645407404,6755556,Power,-0.024277725273509465,-0.026974434636327316,-0.020749131308888447,-0.0220038943121158,178.22655029296874,173.29393310546874,167.754248046875,163.3063835144043,159.74724914550782,156.41858317057293,0
2024-07-19,162.52101135253906,171.29700334431868,161.8026167612684,170.4718353812131,6774987,Power,-0.046802961638188645,-0.024444428952422825,-0.028893799775314366,-0.043390925158423466,173.47159118652343,174.1064910888672,167.89339599609374,164.14757843017577,160.46680358886718,157.43338877360026,0
2024-07-22,162.58895874023438,168.5884875240947,159.2591345709697,160.56970067648848,7330565,Power,0.00041808371194496097,-0.058086631627924046,-0.015811810874354237,-0.01571966041841888,169.69713439941407,174.05406799316407,168.2092274983724,164.95819320678712,161.1409246826172,158.24659220377603,1
2024-07-23,160.23963928222656,165.50135359428344,149.13372693694137,163.889842950305,4894382,Power,-0.014449440332300112,0.020677265136751055,-0.018311653275672413,-0.06357819073490067,166.11878051757813,173.37353973388673,168.44351298014323,165.5887252807617,161.73544067382812,158.8310114542643,0
2024-07-24,163.715087890625,169.16125574116012,159.06498011860805,160.32700346154505,9115225,Power,0.021689069096549884,-0.02173923303984293,0.02211403150120872,0.06659293900611729,163.9131317138672,172.08238067626954,169.0952402750651,166.4226387023926,162.41111450195314,159.5400166829427,1
2024-07-25,162.78311157226562,167.65651299921646,161.73466463542928,163.33647255692836,4421855,Power,-0.005692672131612064,0.01877081857957341,-0.008895315510344282,0.016783609533855604,162.36956176757812,170.29805603027344,169.65247599283853,166.40807647705077,163.11901916503905,160.1843012491862,0
2024-07-26,162.00648498535156,164.9674017346894,161.3948785999147,163.75390640687047,4230772,Power,-0.0047709285036567906,0.002555668329353944,-0.016039408290327684,-0.0021008856467504833,162.26665649414062,167.86912384033204,170.15987955729167,166.48671112060546,163.77139404296875,160.76677907307942,0
2024-07-29,162.07443237304688,165.65667293655815,161.47254343307057,163.08406877713492,3940441,Power,0.00041941152973890006,-0.0040905138963295284,0.004178226695825016,0.00048121002245915534,162.16375122070312,165.9304428100586,170.09062906901042,166.69785842895507,164.3993048095703,161.31139577229817,1
2024-07-30,167.7341766357422,172.4134217197684,164.01602518196222,165.01594414481548,18871311,Power,0.03492064837017761,0.011845886493797142,0.040787664411187974,0.015751790953524525,163.66265869140625,164.89071960449218,170.13657938639324,167.248299407959,165.20351196289062,162.0566436767578,1
2024-07-31,167.48178100585938,171.53970240971967,166.97696278463516,169.25834000376537,7331826,Power,-0.0015047358561334212,0.02570900576266033,-0.005067582913984681,0.018052733563004075,164.41599731445314,164.16456451416016,169.52691955566405,167.9254295349121,166.02131042480468,162.7452616373698,0
2024-08-01,176.5295867919922,177.6557139987309,167.59826424212272,168.32636143064212,27161163,Power,0.05402262700930005,-0.005506249045704403,0.03565362130804717,0.003720881294798195,167.16529235839843,164.76742706298828,169.25380147298176,169.03068008422852,166.5595196533203,163.79339803059895,1
2024-08-02,174.32589721679688,176.3354378378325,170.91839275238195,174.7433325119176,10289950,Power,-0.012483400744556006,0.03812219920121995,-0.007431656045174151,0.01981004114376006,169.6291748046875,165.94791564941406,168.4558074951172,170.02720336914064,167.11520385742188,164.74769083658853,0
2024-08-05,165.54989624023438,170.3165097546893,161.8802873140612,169.88935700126362,8846839,Power,-0.0503424971084383,-0.027777743739223593,-0.03413340027929346,-0.05287965380890691,170.324267578125,166.24400939941407,167.39505106608073,170.14903869628907,167.42314025878906,165.3867986043294,0
2024-08-06,168.92825317382812,172.1998466682411,165.3266073168049,167.9477542764027,7581263,Power,0.020406880404753025,-0.01142863072256195,0.011057864656012661,0.02128931236733944,170.56308288574218,167.1128707885742,166.78150736490886,170.24320526123046,167.91125610351563,166.09677378336588,1
2024-08-07,169.40394592285156,173.5783727678262,168.91854779699813,171.44262397670613,4915324,Power,0.002815945468482184,0.020809267235283757,0.008005385174592927,0.02172633031360882,170.94751586914063,167.68175659179687,166.42554829915363,169.8820686340332,168.5298468017578,166.84234466552735,1
2024-08-08,169.61752319335938,170.37474308869955,166.00615993257907,168.91854870332608,5889711,Power,0.0012607573533445215,-0.014722565572275581,-0.018456387325463397,-0.017241374037379797,169.56510314941406,168.36519775390624,166.3666524251302,169.33162689208984,169.13756469726562,167.0604502360026,1
2024-08-09,170.61744689941406,173.26771660683383,169.88934968647203,170.61744689941406,4061370,Power,0.00589516747579677,0.01005749936362399,0.016980060927388463,0.023391841335707486,168.8234130859375,169.2262939453125,166.9064147949219,168.54770889282227,169.7864453125,167.3999053955078,1
2024-08-12,173.24830627441406,174.25792786233745,166.11294787121537,167.94775220158428,6713490,Power,0.015419638629049492,-0.015647254992648407,0.005714920672444279,-0.022228596567271275,170.36309509277345,170.34368133544922,167.61703796386718,168.1370620727539,170.19184997558594,167.9131327311198,1
2024-08-13,170.63687133789062,175.51997558588377,168.23900327020698,174.45209372098074,3623633,Power,-0.015073364886968088,0.038728363042271896,0.007242412090102013,0.012798854190703368,170.70481872558594,170.63395080566406,168.31018676757813,167.76233520507813,170.33552795410156,168.37684987386066,0
2024-08-14,166.84104919433594,170.63686620250095,164.6373374920901,170.63686620250095,4515262,Power,-0.022245028954136714,-0.021869772022237055,-0.02782081849705742,-0.02140803088527743,170.1922393798828,170.56987762451172,168.51858418782552,167.36722106933593,169.94410278320314,168.80691223144532,0
2024-08-16,163.93836975097656,169.11271591203646,163.10348432359177,168.91855961075132,2672227,Power,-0.017397873349371817,-0.010069961023021046,-0.008932127765729825,-0.00931655717872637,169.05640869140626,169.31075592041014,168.5956013997396,167.03909149169922,169.27658325195313,169.12403869628906,0
2024-08-19,168.7146759033203,171.70473016871446,164.30726739037996,165.4139745368487,8356720,Power,0.029134766678471813,-0.020747187768936803,0.015327139906062603,0.0073804865161550826,168.6758544921875,168.7496337890625,169.04281412760417,167.3487747192383,168.5733380126953,169.60134684244792,1
2024-08-20,171.72415161132812,175.0831132233949,169.15154742104508,170.86014352353726,8341090,Power,0.017837664043715673,0.03292447933699405,0.019675538649173374,0.029483053961061323,168.37102355957032,169.36705932617187,169.68612874348958,167.80553436279297,168.1838543701172,169.88837890625,1
2024-08-21,182.2669982910156,187.849076800594,171.93772665016633,173.09297657269147,40850013,Power,0.061394082199629274,0.013068191347074487,0.07291373418126601,0.016471497137333424,170.69704895019532,170.70093383789063,170.6549835205078,168.90690231323242,168.34927795410155,170.39578145345052,1
2024-08-22,186.3831787109375,189.4994264004752,180.2671593293086,183.09217999229165,25791945,Power,0.022583245779632666,0.05776781714422108,0.008785508174911527,0.048444473713961544,174.60547485351563,172.39885711669922,171.91507670084636,170.04030685424806,168.81487182617187,170.72099812825522,1
2024-08-23,184.6454467773437,189.09169545192324,182.2184561130433,187.1209802175653,8467311,Power,-0.009323437584938143,0.022004217905118972,-0.0021516210169959527,0.010824471806148983,178.74689025878905,173.90164947509766,172.4561340332031,171.13342361450196,169.38065124511718,170.85496775309244,0
2024-08-26,183.20867919921875,188.1209061145688,182.50970467710343,185.95603450997115,7907309,Power,-0.007781223979259511,-0.006225628501088765,-0.005133960722253139,0.0015983483247132835,181.64569091796872,175.16077270507813,173.0483194986979,172.19353332519532,170.20815795898437,170.75206349690754,0
2024-08-27,202.3236541748047,203.8672166888582,182.22817434953805,182.8591859997333,70281201,Power,0.10433444015389992,-0.016653659658846798,0.08370314017464708,-0.001542549904748669,187.76559143066405,178.06830749511718,175.4999033610026,174.20599441528321,171.7975457763672,171.44747721354167,1
2024-08-28,198.14923095703125,203.18766606238887,196.702739155016,202.7993386592426,12674762,Power,-0.02063240323925153,0.10904649143269385,-0.0033333001622642966,0.07943099280418497,190.9420379638672,180.81954345703124,177.44796854654948,175.72674713134765,173.31392944335937,172.11473795572917,0
2024-08-29,192.5089111328125,199.3044852991829,191.24687296785137,198.52784528896245,7459586,Power,-0.028465009916903816,-0.02106265926960149,-0.019111301578776163,-0.02773660504475739,192.16718444824218,183.3863296508789,178.98829956054686,176.9781036376953,174.4656823730469,172.70692392985026,0
2024-08-30,188.3733062744141,196.6542122861556,187.3636846469636,193.3826187040754,11703680,Power,-0.021482667135056643,-0.02591690136664726,-0.013297608476040446,-0.02030458464824436,192.91275634765626,185.82982330322267,180.23868509928386,177.5702896118164,175.4892901611328,173.30266876220702,0
2024-09-02,190.0722045898437,194.64466176557576,188.0626639143675,189.83922295394868,5730756,Power,0.009018784821638759,-0.018323238013179588,-0.01021870061779151,0.0037306016303049194,194.28546142578125,187.96557617187497,181.5356689453125,178.35760498046875,176.6119189453125,174.22104187011718,1
2024-09-03,191.994384765625,193.50882459485945,189.01403307069705,190.27607119945097,5326356,Power,0.010112894623015345,0.002301148512434903,-0.005835439618088745,0.0050587880471730795,192.2196075439453,189.99259948730466,182.78540751139323,179.6798294067383,177.80871704101563,175.20122273763022,1
2024-09-04,188.27622985839844,196.58624351025472,185.98515008224567,189.4023570800884,10255373,Power,-0.019365956518808902,-0.004591823416654095,0.015903248453078778,-0.016024646102961504,190.24500732421876,190.59352264404293,183.96136474609375,180.6472282409668,178.63039916992187,176.13577575683593,0
2024-09-05,188.05294799804688,192.57684726245367,187.6063752055045,189.01402680456664,5565788,Power,-0.0011859269782462656,-0.0020502927287094908,-0.020395100777190978,0.008716960050530353,189.35381469726562,190.76049957275387,185.3754913330078,181.57967834472657,179.45324584960937,176.94703776041666,0
2024-09-06,182.44174194335932,191.9264259625673,181.5486111230084,188.3539026811632,5107131,Power,-0.029838437070105583,-0.0034924610335189676,-0.003377463641825784,-0.0322897560163421,188.16750183105466,190.54012908935547,186.60904947916666,182.22088928222655,179.68973205566405,177.60232543945312,0
2024-09-09,184.44158935546875,186.392884532677,176.7820073492311,182.1796322603817,8132817,Power,0.01096156718746033,-0.03278015657171174,-0.02883157648634349,-0.026255247805491044,187.04137878417967,190.66342010498047,187.65751037597656,182.9120964050293,180.09435974121095,178.35016225179035,1
2024-09-10,193.0428466796875,193.6738583379745,184.33480284154257,185.1793908670108,11938715,Power,0.04663404470909116,0.016465938422477677,0.03906250940615208,0.04272377944770711,187.25107116699218,189.73533935546874,189.0787567138672,183.90182342529297,181.19407775878906,179.3824427286784,1
2024-09-11,188.7616271972656,195.56690364830348,187.9461618938862,194.15925203369423,6414243,Power,-0.022177560868264945,0.04849276760572363,0.00977439767335797,0.01959130341462445,187.3481506347656,188.79657897949218,189.51173197428386,184.8080612182617,181.98741271972656,180.08335774739584,0
2024-09-12,189.30528259277344,191.92642969680733,185.0823126712026,189.74213797458304,5846636,Power,0.0028801160679743365,-0.022749954034354425,-0.018614979751599314,-0.015237604183162445,187.5986175537109,188.4762161254883,189.70653889973957,185.9312728881836,182.78346618652344,180.81080780029296,1
2024-09-13,191.76138305664065,196.4891560780661,189.936281357105,190.2760659716101,9482841,Power,0.012974283814100929,0.0028139663794586323,0.02377330932725963,0.02622599975031359,189.4625457763672,188.81502380371091,190.1809346516927,187.3224235534668,183.66922058105467,181.31853434244792,1
2024-09-16,189.83921813964844,192.88751790843983,188.72279351431737,192.7030642425832,2375704,Power,-0.010023733070513297,0.012755142159262434,-0.018329958973386296,-0.0063889207165539474,190.5420715332031,188.7917251586914,190.6229705810547,188.3786506652832,184.43809143066406,181.8356450398763,0
2024-09-17,186.8103179931641,191.0915330730696,185.99485268647027,190.2760677663758,2571775,Power,-0.01595508123224698,-0.01259448823892173,-0.00931104746872613,-0.014454750149934359,189.29556579589843,188.2733184814453,189.5887481689453,189.132958984375,184.98057189941406,182.54432576497396,0
2024-09-18,186.7035522460937,187.4122294001365,183.3057651829948,185.257060420774,2573125,Power,-0.000571519540340959,-0.026377501934527148,-0.019254142838061816,-0.01445785979899361,188.88395080566406,188.11605072021484,188.8257029215495,189.35478668212892,185.62323913574218,183.13683573404947,0
2024-09-19,183.6843719482422,187.82966142750487,178.14111863266547,186.8297424371276,4720715,Power,-0.016170984759154017,0.008489188011412852,0.002227346788971296,-0.028175036094328254,187.7597686767578,187.67919311523437,188.2374003092448,189.21984634399413,186.29697204589843,183.61284993489582,0
2024-09-20,180.9176025390625,185.5191824222813,180.17980266962005,184.6454568475764,3914349,Power,-0.015062628245582577,-0.011691316174062938,-0.012300927274552675,0.01144420812332747,185.59101257324218,187.5267791748047,187.7403533935547,189.03345413208007,186.97614135742188,183.98951924641926,0
2024-09-23,189.88775634765625,190.95562335680933,180.9272961095798,181.5389024999294,8306145,Power,0.04958143200387033,-0.016824428830715554,0.02930392891746103,0.004148597283849753,185.60072021484376,188.07139587402344,187.72805684407552,189.36740798950194,187.8230645751953,184.63186289469402,1
2024-09-24,194.96502685546875,197.5570512540464,189.6450671659484,190.6158634866071,11714046,Power,0.02673827215334912,0.050000087373455626,0.03457048177576838,0.04818383540695059,187.23166198730468,188.26361389160155,187.9260996500651,188.99947662353514,188.75269958496094,185.35575358072916,1
2024-09-25,199.9937438964844,201.1489938836149,194.1592633651064,194.935903381202,13667372,Power,0.02579291846400511,0.022663590614001583,0.01818179916519136,0.023803393711305132,189.88970031738282,189.38682556152344,188.70726725260417,189.09170227050782,189.46176940917968,186.33431599934895,1
2024-09-26,198.1201019287109,206.28450200617308,195.32420396801632,200.8092117085964,10328933,Power,-0.009368502890486852,0.030129433447203313,0.025530866565157018,0.005999922860849161,192.77684631347657,190.2683074951172,189.37841084798177,189.37226181030275,189.93124633789063,187.3769510904948,0
2024-09-27,194.06216430664065,199.6539601829497,193.23699638265416,198.0424348539759,4168819,Power,-0.020482210449954352,-0.013778137123686807,-0.03214270465662494,-0.010685862494050902,195.4057586669922,190.49838562011718,190.15310567220052,189.65670471191407,190.3079150390625,188.3810775756836,0
2024-09-30,195.53778076171875,200.65388119568584,190.47022310334955,194.14954922130715,8668324,Power,0.00760383385576624,-0.019656825748174178,0.005008270368491052,-0.014318030869335918,196.5357635498047,191.06824188232423,190.89285176595052,189.92998352050782,190.8010791015625,189.27518107096355,1
2024-10-01,195.10093688964844,198.15893936100167,194.30487679988528,195.61545775228024,2540572,Power,-0.002234063772067918,0.007550409140029135,-0.01243405719249957,0.02013256263397678,196.5629455566406,191.89730377197264,191.03005777994792,190.08531112670897,190.51217041015624,190.05440724690754,0
2024-10-03,187.8102569580078,192.7904318574368,186.10164600556675,190.27607301913184,4451061,Power,-0.03736875920675009,-0.027295310884429047,-0.027091926919252662,-0.04221834742092989,194.12624816894532,192.00797424316406,190.96663309733074,190.06201248168946,190.0986114501953,190.2391825358073,0
2024-10-04,188.625717163086,191.2274440417335,182.19903581886064,189.30527158563004,4495929,Power,0.004341936475069641,-0.0051020678433078,-0.008107185614165235,-0.02097031525765969,192.22737121582034,192.50210876464843,190.92132873535155,190.0906509399414,189.94328369140624,190.31393381754557,1
2024-10-07,178.08287048339844,189.01403117200093,173.99581166099506,188.62571858852,7646091,Power,-0.055892944176706316,-0.0035897204098865876,-0.011574765749886362,-0.04502342244017743,189.0315124511719,192.21863555908203,190.00942789713542,189.87270736694336,189.53166625976561,190.09518127441407,0
2024-10-08,184.5872039794922,185.3638439656764,173.8793222023638,178.06345179662617,4449013,Power,0.03652419504715976,-0.0559958995567037,-0.019311726138483754,-0.0006694957626809384,186.84139709472657,191.68858032226564,189.65929361979167,189.87998809814454,189.31226623535156,190.14113210042316,1
2024-10-09,182.169921875,186.3637690497912,181.5486128283468,185.5191809992469,2652063,Power,-0.01309561038023388,0.04187119325944688,0.0053943911753358,0.04410697332404667,184.2551940917969,190.40906982421876,189.34993387858074,189.33634185791016,188.91928771972655,189.469341023763,0
2024-10-10,180.24774169921875,184.69399039403868,179.1022092107784,183.23779598882945,2212216,Power,-0.01055157819686714,-0.01229729992408024,-0.008959781529780053,-0.013475198622869389,182.7426910400391,188.4344696044922,188.91954650878907,188.9106475830078,188.59814819335938,188.87262471516928,0
2024-10-11,180.0827178955078,182.4029205146803,178.91776527067887,180.56811605695123,1922281,Power,-0.0009155388142744192,-0.014569482881364504,-0.01240468016566465,-0.0010298250418701027,181.03409118652343,186.63073120117187,188.67943623860677,188.44951934814452,188.2793389892578,188.4584182739258,0
2024-10-14,182.0048828125,184.0435609300916,178.01490950071556,180.17979587519088,3135912,Power,0.010673788909091764,-0.0021505467866645978,0.008994595101777803,-0.00504620526976407,181.81849365234376,185.4250030517578,188.75192159016927,187.9616943359375,188.26186462402345,188.246137491862,1
2024-10-15,188.5286407470703,190.45081329631824,182.4514611692949,183.18926103335568,4724952,Power,0.03584386217424207,0.01670256725259822,0.03481378176909122,0.024922360048507564,182.60678100585938,184.72408905029297,188.66131388346355,187.8961654663086,188.4253466796875,188.19468536376954,1
2024-10-16,187.67434692382807,191.62548014297624,186.5093795188895,189.2081920348573,5857119,Power,-0.004531374224398976,0.032856352864514715,0.006167822685169355,0.022241084415483448,183.70766601562497,183.98143005371094,188.1752685546875,187.9393669128418,188.21060668945313,188.0506841023763,0
2024-10-17,187.3345642089844,188.120906846128,184.65517173924007,187.36368691308772,2502943,Power,-0.001810490993644276,-0.00974854789284052,-0.01828866022531761,-0.00994163287890637,185.12503051757812,183.9338607788086,187.3313232421875,187.97091751098634,188.15352416992187,188.01929524739583,0
2024-10-18,191.27598571777344,194.54756437025148,181.87868504136785,186.39288172026025,7819844,Power,0.021039478354843766,-0.005181394585162091,0.03416237797205657,-0.015036062471042166,187.36368408203126,184.19888763427736,186.875048828125,188.3504981994629,188.23235229492187,188.1267298380534,1
2024-10-21,187.0044860839844,193.71267690293453,184.45128721027868,192.70305532231745,3629663,Power,-0.02233160434520831,0.033854155501107375,-0.0042914310956267965,0.014144605060926851,188.3636047363281,185.09104919433594,186.40453694661457,188.65484237670898,188.04207641601562,188.27882130940756,0
2024-10-22,181.1311798095703,188.0432448924205,180.22833152589672,186.97537782451545,2797445,Power,-0.03140730148995663,-0.029722816217012338,-0.02926722247173774,-0.022894693489277196,186.8841125488281,184.74544677734374,185.44409688313803,188.21701354980468,187.6937548828125,188.16847432454426,0
2024-10-23,182.5679473876953,185.75215802443,178.39352039039804,180.08271126274877,2864630,Power,0.007932193560686418,-0.03686403333938304,-0.012183829678652947,-0.01018048117054804,185.86283264160159,184.78524932861328,184.6085642496745,187.597159576416,187.52406005859376,187.8193110148112,1
2024-10-24,182.2378845214844,185.26676426885413,181.5389099931412,182.898018902044,1801202,Power,-0.0018078905466905049,0.015633414332526074,-0.00261312579481332,0.017631748035801698,184.84349670410157,184.98426361083983,184.23707275390626,186.70936660766603,187.34543334960938,187.6018529256185,0
2024-10-25,177.2674102783203,183.4805006721053,174.29676115770414,181.52920544214533,3056417,Power,-0.027274648497020437,-0.007484025623217705,-0.009641576047372702,-0.039893094189618505,182.04178161621093,184.7027328491211,183.47985229492187,185.66673202514647,187.0887548828125,187.20059051513672,0
2024-10-28,171.77268981933594,178.52942338360876,170.81159620483223,177.58774984167812,4221615,Power,-0.03099678869543665,-0.021712515024054246,-0.02698421505478954,-0.019995580696525517,178.99542236328125,183.67951354980468,183.05917358398438,184.55225830078126,186.72295837402345,186.5343007405599,0
2024-10-29,177.0052947998047,178.0440391593332,170.02526688902964,171.77270322763155,2408173,Power,0.030462380172146197,-0.032744638181579244,-0.00271879119461782,-0.004603489067918076,178.1702453613281,182.5271789550781,182.5537129720052,183.62563400268556,186.20765991210936,186.10650329589845,1
2024-10-30,177.84017944335938,179.4419874389954,175.8791667379542,177.00529401932954,1516877,Power,0.004716721296382342,0.03046229519229149,0.007851699423709224,0.0344295877667713,177.22469177246094,181.54376220703125,182.2650634765625,182.7625961303711,185.522666015625,185.8074986775716,1
2024-10-31,183.6649475097656,186.00457006057536,176.96644440195638,177.4809800498675,5739875,Power,0.032752823825514366,0.0026874113182513426,0.03657216861695223,0.006181958239671159,177.51010437011718,181.1768005371094,182.4928771972656,182.555330657959,184.86951416015626,185.70621185302736,1
2024-11-01,185.1211395263672,186.93652377604155,183.6649451494497,183.6649451494497,505681,Power,0.007928524393715053,0.034842973584237935,0.0050103807404446865,0.03785181292493256,179.08085021972656,180.56131591796876,182.82877197265626,182.38010177612304,184.3495556640625,185.7541041056315,1
2024-11-04,175.5587921142578,185.8103982503933,174.93748310034584,185.8103982503933,4061721,Power,-0.05165454057043217,0.011681342344331602,-0.006024106487597991,-0.04751838758344573,179.83807067871095,179.4167465209961,182.39903259277344,182.253897857666,183.6094207763672,185.57547709147136,0
2024-11-05,176.908203125,179.2575283605337,173.96669156222853,175.55879687941564,2798226,Power,0.007686376708857523,-0.05517237715169665,-0.03526643261928275,-0.005549362668951008,179.81865234375,178.99444885253905,181.62433675130208,181.8699478149414,182.86423767089843,185.1428253173828,1
2024-11-06,181.1991271972656,183.4708018440111,177.84988285600187,178.6265228746137,4563269,Power,0.024255088212239206,0.01747406595241796,0.023504025309349252,0.02232146429240056,180.49044189453124,178.8575668334961,181.19265543619792,181.8214080810547,182.30816528320312,184.6839619954427,1
2024-11-07,180.48074340820312,183.6746567124513,179.75264618433255,181.72336148522152,1918822,Power,-0.0039646095440647455,0.017336947284035897,0.0011111025099979077,0.010698704422938965,179.85360107421874,178.68185272216797,180.73573404947916,181.83305816650392,182.01498474121092,184.03352864583334,0
2024-11-08,177.41302490234375,181.0340909756435,176.6752250426068,179.5973165906079,1425068,Power,-0.016997483764353505,-0.011699348268915388,-0.01437632052276927,-0.01712031064382724,178.31197814941407,178.6964141845703,179.81153666178386,181.6995735168457,181.56647705078126,183.34329274495443,0
2024-11-11,178.64593505859375,180.276865693788,174.40354525473197,176.67521980114626,2416660,Power,0.006949377910266952,-0.016270269762006295,-0.004182777275675398,-0.012857941951549767,178.92940673828124,179.38373870849608,179.25429992675782,181.5316261291504,181.58899963378906,182.8294184366862,1
2024-11-12,178.54885864257812,183.1115984157777,177.3644859388605,178.9565913222418,4262381,Power,-0.0005434012029649216,0.012912798544489013,0.015724328859836545,0.016977525771072033,179.25753784179688,179.53809509277343,179.08214518229167,181.0326370239258,181.3474658203125,182.26312103271485,0
2024-11-13,169.86993408203125,178.04403723012302,168.94768055067723,177.94696648708248,3898790,Power,-0.048608121197349585,-0.005641730364327913,-0.02767471437908675,-0.04745485176262754,176.99169921875,178.74107055664064,178.23561096191406,180.14241638183594,180.85546630859375,181.42208760579427,0
2024-11-14,169.85052490234375,173.56866164620044,169.20979579771998,169.86993016259845,2990972,Power,-0.00011425906410333919,-0.04539013214968379,-0.02513634072528992,0.0015514580974913539,174.86565551757812,177.35962829589843,177.4097869873047,179.2682144165039,180.43957763671875,180.82342987060548,0
2024-11-18,166.09353637695312,172.00568232314444,165.23924570094877,170.76306423697807,2211164,Power,-0.022119381306302865,0.005257752643594404,-0.009004962694486585,-0.023465249621350326,172.6017578125,175.45686798095704,176.66486206054688,178.00909194946288,179.88001037597655,180.07235717773438,0
2024-11-19,165.0159454345703,169.3554059362069,164.06456923992144,166.44301713313135,2450601,Power,-0.006487855974944057,-0.02529848666718426,-0.01540807461208471,-0.00710894349610669,169.87575988769532,174.40258331298827,176.21441243489582,176.9096649169922,179.2004528808594,179.6367930094401,0
2024-11-21,165.9867401123047,168.3166600203525,164.2587239574196,164.57908850027025,3435430,Power,0.005883035576821349,-0.011198599166045042,-0.006133526769412256,0.0011834043047662668,167.36333618164062,173.31043701171876,175.47984212239584,176.1524429321289,178.29877685546876,179.01677754720052,1
2024-11-22,167.9283447265625,168.33607740687927,165.53047661053716,167.36528107855085,1351299,Power,0.011697347709486605,0.01692920166024625,0.00011536223760866271,0.007742375092645082,166.9750183105469,171.98335876464844,174.81905314127604,175.42046279907225,177.50893676757812,178.54205830891928,1
2024-11-25,169.43307495117188,176.67522177708958,168.92825673374773,172.80173925541865,4243657,Power,0.008960549376339833,0.03248259221885008,0.0495386639552855,0.020526613544434635,166.8915283203125,170.87859191894532,173.8702616373698,174.78022232055665,176.79287719726562,178.18156941731772,1
2024-11-26,166.97695922851562,171.04459798913234,166.00616295393124,167.99629827946436,3777719,Power,-0.014496081850394749,-0.02780898500594009,-0.031869912098151265,-0.017297838954332456,167.068212890625,169.8349853515625,172.66064961751303,174.2656997680664,175.82091613769532,177.74471079508464,0
2024-11-27,168.61761474609375,169.40395739311117,166.40420032738686,168.33607551865774,2243457,Power,0.009825640167113292,0.002022528131114809,-0.009591887819371037,0.002397726484203444,167.78854675292968,168.8321533203125,172.19790445963542,174.1079460144043,175.0854412841797,177.29846852620443,1
2024-11-28,169.26803588867188,171.3649593580326,167.1711124193112,169.4913148799947,3996044,Power,0.0038573736412861326,0.006862696292387449,0.011575892293772094,0.00460873037108156,168.44480590820314,167.90407104492186,171.68855997721354,173.72108306884766,174.61091552734376,176.6564483642578,1
2024-11-29,168.89913940429688,170.86015211604538,167.40411959107902,169.85053046224812,3691449,Power,-0.0021793629401928305,0.002119374567999266,-0.0029458020115565864,0.001393824377882824,168.63896484375,167.80699157714844,170.86856079101562,173.27403106689454,174.0641632080078,176.03060811360677,0
2024-12-02,172.2775115966797,172.8017350616538,167.94775373969725,168.77293648970002,4570893,Power,0.02000230554340443,-0.006344366247284738,0.01136357963845036,0.0032474359050791435,169.20785217285157,168.04969024658203,170.3216786702474,172.70465927124025,173.66574829101563,175.5287063598633,1
2024-12-03,178.89834594726562,183.33489227180075,172.80174619900646,172.94735972278002,14178508,Power,0.03843121652514947,0.02473396102422365,0.060955158849469004,0.028901800418435153,171.59212951660157,169.33017120361328,170.4207000732422,172.39351959228514,173.73098571777345,175.11611836751302,1
2024-12-04,181.1602935791016,183.18925423990825,178.69447755691758,179.59731098288563,7962516,Power,0.012643759336392835,0.03845072437512154,-0.000794382509994862,0.034101110014969294,174.1006652832031,170.9446060180664,170.58832397460938,172.67359466552733,174.10648986816406,174.9213119506836,1
2024-12-05,185.97544860839844,188.1403201434399,179.74292351758848,180.0924107674173,12312895,Power,0.026579527633600053,0.0027567215891046715,0.027027054201812728,0.005867254405424793,177.44214782714843,172.94347686767577,171.08342997233072,173.12695693969727,174.46529602050782,175.0827875773112,1
2024-12-06,192.10118103027344,197.84829348170555,185.82012763884848,186.82974929641807,21098223,Power,0.03293839303903878,0.03741045222445161,0.05159964292005137,0.03381053341254536,182.08255615234376,175.3607604980469,172.56551310221354,173.67205963134765,175.03573608398438,175.4005620320638,1
2024-12-09,193.8291931152344,196.58625105636887,191.741972179076,192.10117688359543,5322121,Power,0.008995322546656581,0.02821514029231964,-0.006378839074765108,0.031868692673255206,186.39289245605468,177.8003723144531,174.16409098307292,174.33948211669923,175.44230590820314,175.7869389851888,1
2024-12-10,188.6839599609375,194.09128737684563,186.7229473859785,193.96509393715868,4290299,Power,-0.026545192040488885,0.009702788310832267,-0.012691445439934834,-0.026175931832024824,188.35001525878906,179.9710723876953,175.6701192220052,174.9030288696289,175.58481872558593,176.16749064127603,0
2024-12-11,187.57725524902344,190.06249131387943,187.2083479286173,189.5965132550128,2228429,Power,-0.0058653884100332565,-0.02252250955814361,-0.020757222631760497,0.0025995762675885548,189.63340759277344,181.86703643798828,177.17420654296876,175.3495948791504,176.06555725097655,176.6943094889323,0
2024-12-12,185.1793975830078,189.15966841045565,182.11167766421613,187.3539866671848,3248506,Power,-0.01278330713834297,-0.011827889391677449,-0.004750137163743728,-0.027224588651060144,189.4741973876953,183.4581726074219,178.45371704101564,175.68112182617188,176.3964050292969,176.96677958170574,0
2024-12-13,182.02430725097656,186.10164877076323,179.69440204343448,185.03378172279645,3651174,Power,-0.01703802028309853,-0.012384070313432805,-0.01616634066547873,-0.013273589325988766,187.45882263183594,184.77068939208985,179.39344787597656,176.28884048461913,176.42941223144533,177.1062505086263,0
2024-12-16,183.2183837890625,184.67457825684784,181.1505977177671,181.97576569493972,3115095,Power,0.006559983972028061,-0.01652679850881511,-0.0076682314387941375,0.008103734216387215,185.33666076660157,185.86477661132812,180.31246846516927,176.95723342895508,176.53891784667968,177.09136505126952,1
2024-12-17,181.9854736328125,185.8880639371457,180.1118291459435,183.1892515162052,4294839,Power,-0.006729183670070138,0.006668392445726701,0.006570940579651019,-0.005734281779417705,183.99696350097656,186.17348937988282,181.3130360921224,177.75183029174804,176.72181579589844,176.9868428548177,0
2024-12-18,179.3934326171875,183.461071277006,178.2381975221269,181.9757541987528,3900341,Power,-0.014243120419901723,-0.00662428230591372,-0.013056204947942907,-0.010402601720836402,182.36019897460938,185.9968032836914,182.03142395019532,178.4707046508789,176.75171569824218,177.11466420491536,0
2024-12-19,181.50978088378903,182.8009417082724,176.20922669976142,176.6363794312507,4474807,Power,0.011797244947743701,-0.02934113278448336,-0.003598199684209158,-0.01138347924615657,181.62627563476562,185.55023651123048,182.84754028320313,179.24685668945312,176.87015258789063,177.26805013020834,1
2024-12-20,177.4033203125,182.85919075115112,176.68492572132928,181.50978449338888,4861983,Power,-0.022623907930990117,0.02759004163145784,0.0003186473895286923,0.0026996260665645977,180.70207824707032,184.08045043945313,183.41448567708332,179.72060546875,177.17148803710938,177.1415232340495,0
2024-12-23,179.3546142578125,179.72352158757118,174.97632833045978,179.28665140730925,3990598,Power,0.01099919630520585,-0.0122480068624653,-0.017147998690682176,-0.009670306529513062,179.9293243408203,182.63299255371095,183.88629252115885,180.21668243408203,177.5516516113281,177.10398559570314,1
2024-12-24,178.08287048339844,180.96613659593,177.17031961772508,179.93709491784745,6412060,Power,-0.0070906666085880365,0.0036279528087146407,0.0069140366123605634,0.01253878915050577,179.1488037109375,181.57288360595703,183.83192749023436,180.77197799682617,178.03122497558593,177.12631378173828,0
2024-12-26,179.42257690429688,181.34474940519584,177.55863499734397,178.6265168384966,4411186,Power,0.007522938153803782,-0.007283534726117535,0.0020921749029279013,0.0021917631601995335,179.15463256835938,180.75741577148438,183.71607971191406,181.31222610473634,178.607490234375,177.1522018432617,1
2024-12-27,179.19927978515625,181.83984682256235,178.2964463650807,181.04380158463096,2229890,Power,-0.0012445318922140736,0.013532619842326676,0.0027301447601344453,0.004155311104682369,178.69253234863282,180.1594039916992,183.26433512369792,181.80878829956055,179.13599182128905,177.17388254801432,0
2024-12-30,179.89825439453125,181.44181690841972,177.90811907871765,179.59730992098795,3356676,Power,0.003900543630604991,-0.007989733152873657,-0.002188903703438716,-0.00217798668610536,179.19151916503907,179.9467987060547,182.4508066813151,182.35874404907227,179.6147882080078,177.50815989176434,1
2024-12-31,180.50015258789065,182.8980206822901,177.77221729999857,181.44182620293057,6616815,Power,0.003345770059777209,0.01027028903024263,0.008025734082046654,-0.0007638874460751399,179.42062683105468,179.6749755859375,181.56220397949218,182.7698760986328,180.05747131347655,177.86314748128254,1
2025-01-01,180.68460083007807,181.4903635286959,179.11191557983727,180.5001471647929,2358037,Power,0.0010218730540829668,-0.005189977734706308,-0.007696404522821165,0.007536038533950906,179.94097290039062,179.54488830566407,181.02891337076824,182.85918884277345,180.60577697753905,178.34951629638672,1
2025-01-02,183.7911529541016,184.92698278774608,180.22831768500507,181.05350042184924,5437601,Power,0.017193231242462303,0.003065666514671106,0.018935546726737362,0.00623298623965729,180.81468811035157,179.98466033935546,180.77650655110676,182.99073181152343,181.21271850585939,178.97535654703776,1
2025-01-03,180.4710235595703,186.6550059715209,179.79146912231636,184.93669239839767,4632855,Power,-0.018064685601925645,0.021447759736766825,0.00934435395919575,-0.002423861956322604,181.06903686523438,179.8807846069336,180.46261494954427,182.71551055908202,181.6608380126953,179.45816599527996,0
2025-01-06,170.93780517578125,181.26707666501736,170.14174514186263,181.1505858554391,4835749,Power,-0.05282409439342661,-0.020472446510519382,-0.0288657101825901,-0.05367175666098367,179.27694702148438,179.2342330932617,179.72351481119793,181.65734176635743,181.7423846435547,179.55848134358723,0
2025-01-07,173.99581909179688,176.22865357510844,170.52036651246738,172.78232370012495,3797828,Power,0.01788962899617763,-0.046195059849224784,-0.02779557756767903,0.0022253290648279744,177.97608032226563,178.69835357666017,179.10867716471355,180.66567306518556,181.81111694335937,179.7105728149414,1
2025-01-08,169.3262939453125,173.5783866070189,166.1129604660756,173.27744211510384,5181686,Power,-0.026836996261506818,0.002865561733260469,-0.015038797121377345,-0.02584680139113782,175.7044189453125,177.82269592285155,178.26473185221354,179.6977897644043,181.42823486328126,179.78888397216798,0
2025-01-09,164.92857360839844,169.3068593442655,164.35580737853164,168.91854677121094,5606219,Power,-0.02597186907270521,-0.0251555845393735,-0.02460863559254145,-0.010578061354236223,171.93190307617186,176.37329559326173,177.30040791829427,178.56535568237305,180.77896606445313,179.6659159342448,0
