Date,Close,High,Low,Open,Volume,Sector,return_ratio,pct_change_open,pct_change_high,pct_change_low,ma_5,ma_10,ma_15,ma_20,ma_25,ma_30,up_or_down
2022-01-10,230.25,232.0,221.8999938964844,224.1000061035156,172435,Consumer Services,0.0,0.0,0.0,0.0,0.0,0.0,0.0,0.0,0.0,0.0,0
2022-01-11,231.75,235.9499969482422,226.6499938964844,232.0,145761,Consumer Services,0.006514657980456029,0.03525209139367558,0.01702584891483694,0.02140603934498464,0.0,0.0,0.0,0.0,0.0,0.0,1
2022-01-12,243.6000061035156,245.8999938964844,230.1999969482422,231.9499969482422,546751,Consumer Services,0.051132712420779214,-0.0002155303955078125,0.04216993887236553,0.015662930277329457,0.0,0.0,0.0,0.0,0.0,0.0,1
2022-01-13,235.4499969482422,245.8500061035156,232.4499969482422,243.6000061035156,207121,Consumer Services,-0.03345652278764777,0.050226382015745585,-0.0002032850516858753,0.009774109599601344,0.0,0.0,0.0,0.0,0.0,0.0,0
2022-01-14,241.0500030517578,242.0,234.3999938964844,234.3999938964844,130720,Consumer Services,0.02378426917009757,-0.03776688003497719,-0.015659979694670145,0.008388887820361735,236.4200012207031,0.0,0.0,0.0,0.0,0.0,1
2022-01-17,238.25,244.6999969482422,235.8500061035156,241.0500030517578,104811,Consumer Services,-0.011615859847786902,0.028370346964301518,0.01115701218281906,0.006186059064794858,238.02000122070314,0.0,0.0,0.0,0.0,0.0,0
2022-01-18,236.5,244.5,233.1000061035156,241.6999969482422,149793,Consumer Services,-0.007345225603357819,0.0026965106337077938,-0.0008173148783671147,-0.01165995305844092,238.97000122070312,0.0,0.0,0.0,0.0,0.0,0
2022-01-19,237.6999969482422,241.0,231.0,231.0,123371,Consumer Services,0.005073982867831672,-0.04426974382847626,-0.014314928425357865,-0.009009034957223605,237.78999938964844,0.0,0.0,0.0,0.0,0.0,1
2022-01-20,238.4499969482422,244.0,236.1499938964844,241.6999969482422,93366,Consumer Services,0.0031552377350820837,0.04632033310927364,0.012448132780082943,0.022294345872226895,238.38999938964844,0.0,0.0,0.0,0.0,0.0,1
2022-01-21,239.1499938964844,241.8999938964844,234.0,240.0,112014,Consumer Services,0.002935613156640704,-0.007033500081533806,-0.008606582391457396,-0.009104357196921375,238.00999755859374,237.21499938964843,0.0,0.0,0.0,0.0,1
2022-01-24,227.9499969482422,241.75,223.9499969482422,241.0500030517578,133676,Consumer Services,-0.04683252031814855,0.004375012715657656,-0.0006200657307523505,-0.04294873099041796,235.9499969482422,236.98499908447266,0.0,0.0,0.0,0.0,0
2022-01-25,234.9499969482422,238.0,223.5500030517578,230.9499969482422,126823,Consumer Services,0.0307084891147833,-0.04190004553265647,-0.015511892450879028,-0.0017860857420632925,235.63999633789064,237.30499877929688,0.0,0.0,0.0,0.0,1
2022-01-27,241.0,245.6999969482422,230.75,234.9499969482422,168137,Consumer Services,0.025750172931862547,0.017319766412018822,0.032352928353958754,0.03220754573899609,236.29999694824218,237.0449981689453,0.0,0.0,0.0,0.0,1
2022-01-28,235.3999938964844,244.0,234.0,243.5,159982,Consumer Services,-0.023236539848612403,0.03639073489173672,-0.006918994584278693,0.014084507042253502,235.68999633789062,237.03999786376954,0.0,0.0,0.0,0.0,0
2022-01-31,258.54998779296875,266.0,235.25,235.25,2827363,Consumer Services,0.09834322216110336,-0.033880903490759784,0.0901639344262295,0.005341880341880323,239.5699951171875,238.7899963378906,237.9999979654948,0.0,0.0,0.0,1
2022-02-01,249.1999969482422,258.54998779296875,247.0,257.0,499338,Consumer Services,-0.036163184243557134,0.09245483528161524,-0.028007564688087405,0.049946865037194366,243.8199951171875,239.88499603271484,239.2633310953776,0.0,0.0,0.0,0
2022-02-02,246.5,253.9499969482422,245.1000061035156,251.8000030517578,149210,Consumer Services,-0.010834658833494992,-0.02023345116047548,-0.017791495114708566,-0.0076922829817182015,246.12999572753907,240.88499603271484,240.24666442871094,0.0,0.0,0.0,0
2022-02-03,251.0500030517578,256.79998779296875,244.3000030517578,244.3000030517578,276080,Consumer Services,0.01845843023025484,-0.02978554372161135,0.01122264571362619,-0.0032639862580008394,248.13999633789064,242.2199966430664,240.7433308919271,0.0,0.0,0.0,1
2022-02-04,260.29998779296875,262.5,247.3000030517578,250.75,764905,Consumer Services,0.036845188722439026,0.026401951975725924,0.022196310272516673,0.012279983473288736,253.1199951171875,244.40499572753907,242.39999694824218,0.0,0.0,0.0,1
2022-02-07,265.54998779296875,271.3500061035156,261.6000061035156,262.0,426364,Consumer Services,0.02016903667385339,0.04486540378863402,0.033714308965773876,0.05782451627695662,254.5199951171875,247.0449951171875,244.03332926432293,242.12999725341797,0.0,0.0,1
2022-02-08,265.1499938964844,275.0,256.54998779296875,265.20001220703125,632864,Consumer Services,-0.0015062847481515096,0.012213787049737634,0.01345123941177273,-0.01930435088961191,257.7099945068359,250.7649948120117,245.8266621907552,243.8749969482422,0.0,0.0,0
2022-02-09,258.5,269.04998779296875,257.0,267.8999938964844,120172,Consumer Services,-0.025080120873321787,0.010180925962195442,-0.02163640802556821,0.0017540917109470922,260.10999450683596,253.1199951171875,247.29332885742187,245.21249694824218,0.0,0.0,0
2022-02-10,254.0500030517578,261.20001220703125,251.9499969482422,259.8999938964844,150582,Consumer Services,-0.01721468838778406,-0.02986188944480217,-0.029176643531305335,-0.019649817322014873,260.7099945068359,254.42499542236328,248.38332926432292,245.7349967956543,0.0,0.0,0
2022-02-11,256.1499938964844,264.79998779296875,251.0,251.0,211842,Consumer Services,0.008266053215904678,-0.03424391729700904,0.013782448000362768,-0.0037705773357772365,259.87999572753904,256.49999542236327,249.5633290608724,246.7699966430664,0.0,0.0,1
2022-02-14,234.1499938964844,253.5,232.0,248.6000061035156,233551,Consumer Services,-0.08588717752962605,-0.0095617286712526,-0.04267367188024018,-0.07569721115537853,253.5999969482422,254.05999603271485,249.22999572753906,246.42499618530275,244.4239971923828,0.0,0
2022-02-15,242.6499938964844,244.0,235.0,237.75,168874,Consumer Services,0.03630151706840423,-0.04364443216866909,-0.03747534516765283,0.012931034482758674,249.0999969482422,253.40499572753907,250.20999552408855,246.64499588012694,244.9199969482422,0.0,1
2022-02-16,246.3500061035156,254.5,242.6999969482422,244.6999969482422,209453,Consumer Services,0.015248350711311476,0.029232374125098604,0.04303278688524581,0.03276594446060499,246.6699981689453,253.38999633789064,250.9699961344401,247.13749618530272,245.50399719238283,0.0,1
2022-02-17,245.1999969482422,256.20001220703125,242.3000030517578,246.3500061035156,311618,Consumer Services,-0.00466819211195868,0.0067429880500669,0.006679812208374214,-0.0016481001298475073,244.89999694824218,252.80499572753905,251.24999593098957,247.51249618530272,245.56799682617188,0.0,0
2022-02-18,251.8500061035156,254.8999938964844,242.0500030517578,242.8999938964844,297167,Consumer Services,0.0271207554569306,-0.014004514396405154,-0.005074232039834259,-0.0010317787736329187,244.03999938964844,251.95999755859376,252.34666341145834,248.1824966430664,246.22399719238283,0.0,1
2022-02-21,282.75,302.0,250.0,250.0,8572905,Consumer Services,0.12269205141009154,0.02923016172055304,0.1847783728180199,0.032844440603218006,253.76000061035157,253.67999877929688,253.95999755859376,250.36249694824218,247.8919970703125,245.97999776204426,1
2022-02-22,272.45001220703125,280.0,263.0,276.20001220703125,2057498,Consumer Services,-0.0364278967036914,0.1048000488281251,-0.07284768211920534,0.052000000000000046,259.7200042724609,254.41000061035157,255.50999857584637,252.58749771118164,249.25999755859374,247.38666483561198,0
2022-02-23,262.1499938964844,282.0,258.0,273.0,834098,Consumer Services,-0.03780516736670225,-0.011585851070247677,0.0071428571428571175,-0.019011406844106515,262.8800018310547,254.775,256.55333150227864,253.94749755859374,250.2859973144531,248.3999979654948,0
2022-02-24,246.5500030517578,261.0,242.0,250.0,923073,Consumer Services,-0.05950788177735589,-0.08424908424908428,-0.07446808510638303,-0.06201550387596899,263.15000305175784,254.025,256.2533315022786,254.22499771118163,250.63999755859376,248.49833119710286,0
2022-02-25,261.20001220703125,266.29998779296875,254.0,258.1499938964844,397425,Consumer Services,0.05942003234207216,0.03259997558593741,0.020306466639727017,0.04958677685950419,265.02000427246094,254.53000183105468,256.31333312988284,255.51499862670897,251.5499981689453,249.3566650390625,1
2022-02-28,262.25,266.8999938964844,254.8000030517578,255.5500030517578,215574,Consumer Services,0.004019861194097141,-0.010071628534568666,0.0022531210327432216,0.0031496183140071743,260.9200042724609,257.3400024414062,256.0933339436849,255.69999923706055,252.47399841308595,250.0633316040039,1
2022-03-02,258.0,272.0,255.5500030517578,267.54998779296875,288160,Consumer Services,-0.0162059103908484,0.04695748228490726,0.0191083035599231,0.0029434850510878796,258.0300018310547,258.8750030517578,255.61666768391927,256.13999938964844,253.67599853515625,250.72166493733724,0
2022-03-03,252.9499969482422,287.95001220703125,247.5500030517578,266.45001220703125,5111706,Consumer Services,-0.01957365523937138,-0.004111289987382305,0.05863975076114425,-0.03130502799633983,256.19000244140625,259.53500213623045,255.24666748046874,256.46249923706057,254.39599853515625,251.2699981689453,0
2022-03-04,263.54998779296875,271.29998779296875,249.1999969482422,256.0,1560306,Consumer Services,0.04190547923546917,-0.039219409751468204,-0.05782262096968205,0.006665295399489013,259.5899993896484,261.3700012207031,255.87999979654947,257.0874984741211,255.297998046875,252.1316645304362,1
2022-03-07,256.79998779296875,265.25,252.5500030517578,254.8999938964844,640463,Consumer Services,-0.025611839547123982,-0.004296898841857799,-0.02229999286835771,0.013443042313565634,258.7099945068359,261.86499938964846,255.92333272298177,256.9124984741211,256.15399780273435,252.7433308919271,0
2022-03-08,265.0,269.75,258.0,264.0,644783,Consumer Services,0.0319315132274931,0.035700299417076975,0.016965127238454336,0.021579872826710034,259.25999450683594,260.0899993896484,257.97999979654946,256.88499908447267,256.4119982910156,253.60499776204426,1
2022-03-09,270.70001220703125,276.0,268.0,272.8999938964844,486254,Consumer Services,0.021509480026532968,0.03371209809274389,0.023169601482854407,0.03875968992248069,261.7999969482422,259.9149993896484,259.8500010172526,257.1625,257.27199890136717,255.02999827067057,1
2022-03-10,262.8999938964844,279.0,260.29998779296875,279.0,362624,Consumer Services,-0.028814251787256717,0.02235253294226691,0.010869565217391353,-0.02873138883220616,263.7899963378906,259.98999938964846,260.9533335367839,257.3824996948242,257.92799865722657,255.96166483561197,0
2022-03-11,265.70001220703125,272.3999938964844,264.3500061035156,265.04998779296875,343255,Consumer Services,0.010650507324276859,-0.050000043752800205,-0.023655935854894672,0.015559041492418713,264.2200012207031,261.9050003051758,262.32000122070315,257.9650001525879,258.5139990234375,256.7849985758464,1
2022-03-14,266.1000061035156,274.0,264.54998779296875,268.3999938964844,283145,Consumer Services,0.0015054342420304234,0.012639148303347003,0.005873737662871026,0.0007565034417846839,266.0800048828125,262.3949996948242,263.27000122070314,258.46250076293944,258.7459997558594,257.80833231608074,1
2022-03-15,266.1499938964844,272.1499938964844,264.3999938964844,268.8999938964844,163872,Consumer Services,0.00018785340782478954,0.0018628912495164407,-0.006751847093122709,-0.0005669775218503093,266.31000366210935,262.78499908447264,262.1633341471354,260.06250076293946,258.77,258.06166585286456,1
2022-03-16,273.45001220703125,282.6000061035156,269.0,269.0,796590,Consumer Services,0.027428211452021012,0.0003719081658073442,0.038397988026433794,0.01739790548299558,266.86000366210936,264.33000030517576,262.23000081380206,261.6025016784668,259.10200073242186,258.86999969482423,1
2022-03-17,267.6000061035156,279.20001220703125,265.1000061035156,277.0,350196,Consumer Services,-0.021393329099896108,0.029739776951672958,-0.01203111756210995,-0.014498118574291396,267.8000061035156,265.7950012207031,262.5933349609375,262.6650016784668,259.4660009765625,259.57333323160805,0
2022-03-21,269.1499938964844,281.0,267.0,270.0,240568,Consumer Services,0.005792181455964496,-0.02527075812274371,0.0064469474006829675,0.0071670835637116515,268.49000244140626,266.35500183105466,264.1000010172526,263.8625015258789,260.07000061035154,260.1766662597656,1
2022-03-22,303.6499938964844,307.8999938964844,266.29998779296875,271.6000061035156,4164220,Consumer Services,0.12818131444308611,0.005925948531539271,0.09572951564585197,-0.0026217685656600986,276.0,271.0400024414063,266.92999979654945,266.45250091552737,261.9700006103516,261.6216664632162,1
2022-03-23,305.8500061035156,313.54998779296875,293.0,303.6499938964844,2429600,Consumer Services,0.007245223946163559,0.1180043706654168,0.01835009421398004,0.10026291186986014,283.94000244140625,275.1250030517578,269.8366668701172,267.6075012207031,264.8380010986328,262.965000406901,1
2022-03-24,300.0,310.6499938964844,295.0,303.0,608315,Consumer Services,-0.019127042624729196,-0.0021406023696676213,-0.009248904510878786,0.006825938566553003,289.25,278.0550018310547,272.6366668701172,268.98500061035156,267.13200134277344,264.1266672770182,0
2022-03-25,298.45001220703125,316.79998779296875,291.0,301.20001220703125,1690938,Consumer Services,-0.005166625976562478,-0.005940553772174062,0.019797180161972516,-0.013559322033898313,295.4200012207031,281.61000366210936,275.6700012207031,270.8000015258789,269.21600158691405,265.4583343505859,0
2022-03-28,308.79998779296875,318.6499938964844,300.1499938964844,300.1499938964844,1663070,Consumer Services,0.034679092520049304,-0.0034861164275954426,0.005839665955809981,0.03144327799479174,303.35,285.9200012207031,278.68666788736977,273.91250076293943,271.76000122070315,267.28333384195963,1
2022-03-29,315.3999938964844,318.95001220703125,303.0,312.0,777855,Consumer Services,0.021373077604978752,0.03948028100777656,0.0009415293152157389,0.00949527290178298,305.7,290.85,282.5933349609375,276.6224998474121,274.3020007324219,269.25833384195965,1
2022-03-30,311.20001220703125,321.95001220703125,306.54998779296875,318.0,750573,Consumer Services,-0.013316365791787521,0.019230769230769162,0.00940586262794274,0.01171613132992988,306.77000122070314,295.35500183105466,285.6733357747396,279.0700004577637,275.44000122070315,271.82666778564453,0
2022-03-31,302.3500061035156,316.1000061035156,295.54998779296875,314.29998779296875,403230,Consumer Services,-0.02843832183922923,-0.011635258512676883,-0.018170541642202998,-0.03588321786993165,307.24000244140626,298.2450012207031,287.78333536783856,281.28750076293943,276.6360009765625,273.8166681925456,0
2022-04-01,306.8999938964844,310.0,299.5,304.75,305742,Consumer Services,0.015048743843619983,-0.030384944842121286,-0.019297709540435748,0.013364954729073508,308.92999877929685,302.175,290.7166687011719,283.98500061035156,278.4260009765625,275.83500111897786,1
2022-04-04,305.79998779296875,315.0,304.54998779296875,309.8500061035156,228350,Consumer Services,-0.0035842493495996663,0.01673504874000198,0.016129032258064502,0.01686139496817618,308.3299987792969,305.8399993896484,293.39000040690104,286.0975006103516,280.79600036621093,277.85500081380206,0
2022-04-05,309.1499938964844,318.0,306.5,308.70001220703125,548548,Consumer Services,0.010954892862139687,-0.0037114535221283163,0.00952380952380949,0.006402929847946215,307.0799987792969,306.38999938964844,296.25999959309894,288.71500091552736,282.71399963378906,279.76500040690104,1
2022-04-06,316.3999938964844,332.70001220703125,309.0,309.3500061035156,1620798,Consumer Services,0.02345139946024899,0.0021055842914849965,0.046226453481230445,0.00815660685154973,308.1199951171875,307.4449981689453,299.60999959309896,291.2850006103516,284.87999938964845,280.8866668701172,1
2022-04-07,305.1499938964844,318.70001220703125,303.0,318.5,477020,Consumer Services,-0.035556258587288836,0.029578127415399447,-0.04207995036467904,-0.01941747572815533,308.67999267578125,307.9599975585937,301.72333170572915,293.0074996948242,286.7659991455078,281.97666625976564,0
2022-04-08,310.0,312.5,304.95001220703125,306.8999938964844,212587,Consumer Services,0.015893843029735955,-0.03642074129832218,-0.019454069562456322,0.006435683851588214,309.29999389648435,309.1149963378906,304.5499979654948,295.3625,289.0479992675781,283.57166646321616,1
2022-04-11,305.6499938964844,315.0,302.25,311.29998779296875,184042,Consumer Services,-0.014032277753276201,0.014336897960214534,0.008000000000000007,-0.00885395015232271,309.2699951171875,308.7999969482422,306.98333129882815,297.35999908447263,290.73199951171875,285.54166615804036,0
2022-04-12,299.04998779296875,305.95001220703125,296.0,305.0,238935,Consumer Services,-0.021593346099496036,-0.020237674397721395,-0.028730119977678603,-0.02067824648469807,307.2499938964844,307.1649963378906,306.6766642252604,299.0074981689453,292.42199951171875,286.80333201090497,0
2022-04-13,308.45001220703125,313.3999938964844,300.8999938964844,300.8999938964844,412120,Consumer Services,0.031432953679202624,-0.013442642962346318,0.024350323229965554,0.016554033434068804,305.6599975585938,306.88999633789064,306.84999796549477,301.1224990844727,294.16,288.343332417806,1
2022-04-18,300.8999938964844,307.95001220703125,299.0,307.95001220703125,159445,Consumer Services,-0.024477283228244162,0.02342977219525033,-0.017389858952113646,-0.006314370006727299,304.80999755859375,306.7449951171875,306.9099975585938,302.4949981689453,295.3679992675781,289.7733322143555,0
2022-04-19,288.3500061035156,306.95001220703125,281.5,302.29998779296875,252615,Consumer Services,-0.04170816898482954,-0.01834721282707419,-0.0032472802739417217,-0.058528428093645446,300.47999877929686,304.88999633789064,306.2366638183594,303.5324981689453,296.38599975585936,290.9533325195313,0
2022-04-20,280.54998779296875,294.20001220703125,278.0,287.70001220703125,284897,Consumer Services,-0.027050522439547753,-0.04829631549947777,-0.04153770807280632,-0.01243339253996445,295.4599975585937,302.3649963378906,304.35333048502605,304.10249786376954,296.97999877929686,291.51999918619794,0
2022-04-21,287.75,292.29998779296875,283.1000061035156,283.1000061035156,238656,Consumer Services,0.025663919159905513,-0.015988897839202765,-0.0064582744229304545,0.018345345696099358,293.2,300.22499694824216,302.50999755859374,303.3074981689453,297.84599853515624,292.5516662597656,1
2022-04-22,285.8500061035156,296.54998779296875,282.20001220703125,286.95001220703125,277713,Consumer Services,-0.006602932741909262,0.013599456095058748,0.014539856919221661,-0.003179067033136307,288.67999877929685,297.1699981689453,300.8199971516927,302.3074981689453,298.6339990234375,293.2466664632162,0
2022-04-25,278.1000061035156,286.0,275.0,285.0,106353,Consumer Services,-0.02711212116327011,-0.0067956512426433635,-0.03557574853226442,-0.025513862138847432,284.1200012207031,294.4649993896484,299.203330485026,301.2124984741211,298.8199987792969,293.4933329264323,0
2022-04-26,284.79998779296875,289.0,277.25,280.95001220703125,147696,Consumer Services,0.024091986847922797,-0.014210483484100922,0.010489510489510412,0.00818181818181829,283.4099975585938,291.9449981689453,297.72999674479166,300.52999725341795,299.507998046875,294.22333272298175,1
2022-04-27,287.54998779296875,294.0,275.20001220703125,283.8999938964844,135492,Consumer Services,0.009655899290273329,0.010500023353902765,0.01730103806228378,-0.007394004663548226,284.80999755859375,290.13499755859374,296.513330078125,299.46749725341795,300.2439978027344,294.951665242513,1
2022-04-28,292.04998779296875,295.0,284.6000061035156,290.0,224021,Consumer Services,0.015649452933518937,0.021486460847687905,0.00340136054421758,0.03415695305061539,285.6699951171875,289.43499755859375,295.373329671224,298.2999969482422,299.7799975585938,295.81666463216146,1
2022-04-29,298.75,302.8999938964844,289.1499938964844,293.70001220703125,304355,Consumer Services,0.022941319935205096,0.012758662782866415,0.0267796403270657,0.015987307432852926,288.2499938964844,288.4649963378906,294.19666341145836,297.6774963378906,299.4959973144531,296.90333150227866,1
2022-05-02,305.8999938964844,310.0,295.8500061035156,297.8999938964844,455158,Consumer Services,0.023933033963127626,0.014300243496389475,0.023440099856661067,0.023171407049829895,293.80999145507815,288.9649963378906,294.2466634114583,297.85499572753906,299.7319970703125,297.98499755859376,1
2022-05-04,296.54998779296875,309.5,294.0,307.1499938964844,320459,Consumer Services,-0.03056556485803541,0.031050688786567138,-0.001612903225806428,-0.006253189336992371,296.1599914550781,289.7849945068359,293.34999593098956,297.3374954223633,299.65599609375,298.9499969482422,0
2022-05-05,288.70001220703125,302.79998779296875,286.1000061035156,299.29998779296875,176601,Consumer Services,-0.026471002896880313,-0.02555756555268318,-0.02164785850413975,-0.0268707275390625,296.38999633789064,290.59999694824216,292.2199971516927,296.4824966430664,298.8519970703125,299.60166422526044,0
2022-05-06,287.54998779296875,296.54998779296875,279.25,285.6000061035156,632168,Consumer Services,-0.003983458141448959,-0.04577341212232078,-0.020640687754166165,-0.023942698208252344,295.4899963378906,290.5799957275391,291.453330485026,295.4024963378906,297.73799682617187,299.06499735514325,0
2022-05-09,286.3999938964844,289.95001220703125,281.0,284.3999938964844,127808,Consumer Services,-0.003999283412636889,-0.004201723324180562,-0.022255861937668153,0.006266786034019756,293.0199951171875,290.63499450683594,289.9833292643229,293.9024963378906,296.74599609375,298.4166636149088,0
2022-05-10,288.70001220703125,298.95001220703125,284.1000061035156,289.0,457310,Consumer Services,0.008030790361602369,0.016174424058496673,0.031039833147424645,0.011032050190447062,289.5799987792969,291.6949951171875,289.1699971516927,293.07999725341796,296.19999633789064,298.0399973551432,1
2022-05-11,283.75,292.8500061035156,281.0,289.95001220703125,308023,Consumer Services,-0.017145867674856596,0.0032872394706964236,-0.020404769541508494,-0.010911672076438061,287.02000122070314,291.5899963378906,288.863330078125,291.76749725341796,295.27399658203126,297.5499969482422,0
2022-05-12,288.45001220703125,291.79998779296875,275.29998779296875,280.79998779296875,329147,Consumer Services,0.01656391967235682,-0.03155724790081804,-0.003585515754354174,-0.020284740950289093,286.9700012207031,291.67999877929685,289.38999837239584,290.9074981689453,294.57999755859373,296.8716644287109,1
2022-05-13,289.04998779296875,296.0,285.8999938964844,289.0,200327,Consumer Services,0.0020799984765016433,0.029202323944105935,0.01439346258647256,0.038503474658658776,287.27000122070314,291.3799987792969,289.47666422526044,290.4074981689453,293.77599731445315,295.9933308919271,1
2022-05-16,299.75,304.0,288.5,291.95001220703125,191221,Consumer Services,0.03701786078155833,0.010207654695609802,0.027027027027026973,0.00909411038482566,289.94000244140625,291.47999877929686,290.40333048502606,289.9724975585938,293.10999755859376,295.6116638183594,1
2022-05-17,307.3999938964844,315.0,298.75,299.95001220703125,477292,Consumer Services,0.02552124736108219,0.027401951243375633,0.03618421052631571,0.035528596187174966,293.67999877929685,291.6299987792969,292.3566630045573,290.29749755859376,293.19999755859374,295.7799967447917,1
2022-05-18,291.8500061035156,312.0,290.20001220703125,309.29998779296875,274939,Consumer Services,-0.050585517572277916,0.03117177931462778,-0.00952380952380949,-0.028619206001569086,295.3,291.1600006103516,292.8266642252604,290.4724975585938,292.4739978027344,295.27833048502606,0
2022-05-19,287.20001220703125,293.0,285.0,286.6000061035156,124647,Consumer Services,-0.01593282096706583,-0.07339147295617565,-0.0608974358974359,-0.017918718085103036,295.05,291.01000061035154,292.80333251953124,290.80499877929685,291.7359985351562,294.6583312988281,0
2022-05-20,302.29998779296875,305.5,287.1000061035156,294.0,226958,Consumer Services,0.05257651442943723,0.025819936283642653,0.04266211604095571,0.0073684424684759,297.7,292.48500061035156,293.4866658528646,291.5324981689453,291.8659985351562,294.42999776204425,1
2022-05-23,291.29998779296875,311.3500061035156,289.1000061035156,303.8999938964844,196929,Consumer Services,-0.03638769581272161,0.03367344862749788,0.01914895614898726,0.006966213714669545,296.00999755859374,292.975,292.98999837239586,291.804997253418,291.17999755859375,293.5933308919271,0
2022-05-24,294.8999938964844,300.54998779296875,290.0,292.79998779296875,192759,Consumer Services,0.012358414879420465,-0.036525193571726566,-0.03468770868421356,0.0031130884727899044,293.50999755859374,293.5949981689453,292.2566650390625,292.6449966430664,290.93999755859375,293.2516642252604,1
2022-05-25,289.6000061035156,297.79998779296875,288.0,297.79998779296875,115816,Consumer Services,-0.01797215294222476,0.017076503444171554,-0.009149892236543056,-0.006896551724137945,293.05999755859375,294.17999877929685,291.7933329264323,292.88499755859374,290.98999755859376,292.57166442871096,0
2022-05-26,292.8999938964844,295.0,283.3500061035156,291.20001220703125,134563,Consumer Services,0.011394985232801469,-0.022162444111736512,-0.009402242806387573,-0.01614581214057076,294.1999938964844,294.6249969482422,292.0733317057292,293.15249786376955,291.4839978027344,292.14666442871095,1
2022-05-27,292.95001220703125,299.1499938964844,291.29998779296875,296.8999938964844,105235,Consumer Services,0.0001707692440735542,0.019574112124008725,0.014067775920286074,0.028057107881440446,292.3299987792969,295.01499938964844,292.43333333333334,293.19749908447267,291.69199829101564,291.9433319091797,1
2022-05-30,297.1499938964844,301.54998779296875,293.6000061035156,293.75,145309,Consumer Services,0.014336854461316495,-0.010609612533648782,0.008022710832194857,0.00789570342234791,293.5,294.7549987792969,293.15,293.11749877929685,292.14399780273436,291.56666463216146,1
2022-05-31,297.04998779296875,302.6499938964844,292.75,296.0,240265,Consumer Services,-0.00033655091896267475,0.007659574468085184,0.003647839986884227,-0.0028951160962030764,293.92999877929685,293.7199981689453,293.7066650390625,292.6749984741211,292.9019970703125,291.4383310953776,0
2022-06-01,316.45001220703125,319.79998779296875,296.04998779296875,297.5,966430,Consumer Services,0.06530895543272508,0.0050675675675675436,0.05666609695141833,0.01127237504002987,299.3,296.17999877929685,295.8866658528646,293.66999969482424,294.167998046875,292.3749979654948,1
2022-06-02,308.3999938964844,323.6499938964844,303.0,320.5,665712,Consumer Services,-0.025438514773323262,0.07731092436974785,0.012038793778841539,0.023475806429998913,302.4,298.2999969482422,297.21666463216144,294.6549987792969,295.00199829101564,293.30333150227864,0
2022-06-03,296.75,310.25,293.3500061035156,309.8999938964844,416323,Consumer Services,-0.03777559703971567,-0.033073341976647797,-0.04140273180653975,-0.03184816467486595,303.1599975585938,297.7449981689453,297.72999877929686,295.11499938964846,295.1899987792969,293.60333150227865,0
2022-06-06,290.75,296.75,282.0,295.0,236821,Consumer Services,-0.020219039595619215,-0.048080007066606756,-0.043513295729250556,-0.038691003468090956,301.8799987792969,297.68999938964845,297.1299987792969,295.3324996948242,294.86999877929685,293.76666463216145,0
2022-06-07,293.3999938964844,295.79998779296875,286.04998779296875,286.1000061035156,132444,Consumer Services,0.009114338422990143,-0.030169470835540224,-0.003201389071714411,0.014361658840314817,301.15,297.5399993896484,296.19666544596356,295.5674987792969,294.36999877929685,294.2766642252604,1
2022-06-08,298.0,304.8999938964844,291.45001220703125,296.54998779296875,189184,Consumer Services,0.015678276070921093,0.036525625538337714,0.03076405165332452,0.018877904717726546,297.4599975585937,298.3799987792969,296.6066650390625,296.2799987792969,294.4279992675781,294.71666463216144,1
2022-06-09,296.25,298.0,291.1000061035156,298.0,102403,Consumer Services,-0.005872483221476488,0.004889604676171944,-0.022630351048242292,-0.0012009129828651766,295.0299987792969,298.7149993896484,297.2099975585937,296.6699981689453,294.72999877929686,295.0066650390625,0
2022-06-10,297.25,302.0,291.79998779296875,293.95001220703125,109730,Consumer Services,0.0033755274261604296,-0.013590563063653471,0.01342281879194629,0.002404608982399692,295.1299987792969,299.14499816894534,296.8733317057292,297.0799987792969,295.1179992675781,295.17999877929685,1
2022-06-13,294.1000061035156,302.5,285.0,293.70001220703125,130312,Consumer Services,-0.010597119920889408,-0.0008504847410039096,0.0016556291390728006,-0.023303591766403065,295.8,298.8399993896484,297.05999959309895,296.79749908447263,295.4259997558594,295.0249989827474,0
2022-06-14,293.8500061035156,299.0,288.1000061035156,289.20001220703125,60237,Consumer Services,-0.0008500509854189042,-0.015321756257973607,-0.011570247933884281,0.010877214398300472,295.89000244140624,298.52000122070314,296.99000040690106,296.11999969482423,295.63199951171873,294.6233327229818,0
2022-06-15,294.75,297.6499938964844,292.6499938964844,296.6000061035156,46618,Consumer Services,0.0030627663018232276,0.02558780630751456,-0.004515070580319858,0.015793084680928215,295.24000244140626,296.35,297.3333333333333,296.26499938964844,296.07199951171873,294.56333312988284,1
2022-06-16,289.95001220703125,298.5,286.5,298.5,223155,Consumer Services,-0.01628494586248941,0.00640591320763928,0.0028557235711257345,-0.021014843754480816,293.9800048828125,294.5050018310547,297.1366678873698,296.4024993896484,296.13199951171873,294.60499979654946,0
2022-06-17,288.20001220703125,296.95001220703125,282.1000061035156,290.6499938964844,194147,Consumer Services,-0.006035523111999286,-0.026298177901224906,-0.005192588921168362,-0.01535774483938701,292.1700073242188,293.65000305175784,296.82000122070315,295.69750061035154,296.09800048828123,294.6266672770182,0
2022-06-20,284.79998779296875,290.70001220703125,276.70001220703125,287.5,160607,Consumer Services,-0.011797447154929586,-0.010837756623543027,-0.021047313497473574,-0.01914212612424715,290.31000366210935,293.0550018310547,295.9966674804688,295.37250061035155,295.5,294.5733337402344,0
2022-06-21,297.6000061035156,305.0,285.0,285.0,108216,Consumer Services,0.04494388644374414,-0.008695652173912993,0.049191562409651945,0.029996340537775446,291.06000366210935,293.4750030517578,296.03333536783856,295.50750122070315,295.1080004882813,294.8700002034505,1
2022-06-22,299.95001220703125,304.5,293.45001220703125,297.70001220703125,87430,Consumer Services,0.0078965257235184,0.04456144634046044,-0.0016393442622950616,0.02964916563870612,292.1000061035156,293.6700042724609,294.93333536783854,296.0250015258789,295.4320007324219,295.4100006103516,1
2022-06-23,298.0,303.0,296.1000061035156,301.54998779296875,125829,Consumer Services,-0.00650112394623048,0.012932399825567042,-0.0049261083743842304,0.009030478058439373,293.7100036621094,293.8450042724609,294.24000244140626,296.2800018310547,295.86400024414064,295.72833353678385,0
2022-06-24,305.04998779296875,307.0,297.0,297.0,197020,Consumer Services,0.023657677157613355,-0.015088668470093158,0.013201320132013139,0.003039493002137128,297.0799987792969,294.6250030517578,294.7933349609375,296.88500061035154,295.9740002441406,296.2616668701172,1
2022-06-27,307.6499938964844,313.0,305.1499938964844,307.1000061035156,235114,Consumer Services,0.008523213268509355,0.03400675455729174,0.019543973941368087,0.027441056890519677,301.65,295.98000183105466,295.9200012207031,297.4100006103516,296.62800048828126,296.525,1
2022-06-28,312.04998779296875,314.8999938964844,301.04998779296875,308.0,231356,Consumer Services,0.014301946964981438,0.0029306215519286916,0.006070268039886084,-0.013436035344986608,304.5399963378906,297.8,297.1633341471354,298.1600006103516,297.31400024414063,296.67999979654945,1
2022-06-29,314.75,321.0,307.54998779296875,310.1000061035156,571650,Consumer Services,0.008652498999046854,0.006818201634791077,0.019371248719429524,0.021591098699761613,307.4999938964844,299.8,298.2800008138021,298.075,298.32,297.4433329264323,1
2022-06-30,314.6499938964844,320.0,311.6000061035156,315.0,412847,Consumer Services,-0.0003177318618446945,0.01580133440838649,-0.0031152647975077885,0.013168650532586534,310.8299926757812,302.26999816894534,299.5066670735677,298.3875,299.19,298.35833231608075,0
2022-07-01,327.6499938964844,331.79998779296875,310.04998779296875,314.79998779296875,866335,Consumer Services,0.04131574845756014,-0.0006349593874007686,0.0368749618530273,-0.004974384724600878,315.34999389648436,306.2149963378906,301.53333333333336,299.93249969482423,300.57799926757815,299.2033325195313,1
2022-07-04,335.1000061035156,339.25,321.5,330.0,952861,Consumer Services,0.02273771507953981,0.048284665808270955,0.022453322727907343,0.036929568320695605,320.8399963378906,311.2449981689453,304.26666666666665,302.15,302.0959997558594,300.6633331298828,1
2022-07-05,333.8999938964844,338.8500061035156,330.25,338.45001220703125,449092,Consumer Services,-0.0035810569536681713,0.025606097597064448,-0.0011790534900055771,0.027216174183514852,325.2099975585937,314.8749969482422,306.93666585286456,304.175,303.57,301.9633331298828,0
2022-07-06,330.20001220703125,336.79998779296875,322.1499938964844,334.75,222857,Consumer Services,-0.011081107388699718,-0.010932226543303947,-0.006049928504119895,-0.024526892062121552,328.3,317.8999969482422,309.3,305.7850006103516,304.12,303.31666666666666,0
2022-07-07,337.1000061035156,345.0,328.54998779296875,331.5,471604,Consumer Services,0.020896407151427265,-0.009708737864077666,0.024346830475753478,0.019866503236814825,332.7900024414063,321.80999755859375,312.4433329264323,307.82750091552737,305.26800048828125,304.790000406901,1
2022-07-08,325.75,339.1000061035156,323.0,339.0,303170,Consumer Services,-0.03366955175916042,0.02262443438914019,-0.017101431584012672,-0.01689236949984607,332.4100036621094,323.8799987792969,314.94666544596356,309.2525009155273,306.42800048828127,305.8833333333333,0
2022-07-11,325.54998779296875,328.6000061035156,318.6499938964844,323.8999938964844,288081,Consumer Services,-0.0006140052403108553,-0.0445427908658278,-0.03096431675319611,-0.013467511156395107,330.5,325.6699981689453,317.6633321126302,310.825,307.82,306.8299997965495,0
2022-07-12,314.45001220703125,326.20001220703125,313.0,324.8999938964844,208236,Consumer Services,-0.03409607127061687,0.003087372704056346,-0.007303694010669992,-0.017731034064666584,326.61000366210936,325.9100006103516,318.7866658528646,311.8550003051758,308.66200073242186,307.4100006103516,0
2022-07-13,317.70001220703125,320.0,315.6499938964844,319.95001220703125,85940,Consumer Services,0.010335506038588571,-0.015235400992436587,-0.019006781039285325,0.008466434174071447,324.11000366210936,326.2050018310547,319.9699991861979,313.0025009155273,309.45000122070314,307.4516672770182,1
2022-07-14,318.6000061035156,321.5,306.70001220703125,318.3999938964844,210637,Consumer Services,0.002832841869385483,-0.004844563998778306,0.004687499999999956,-0.028354132306393165,320.4100036621094,326.6000030517578,321.3433329264323,314.43500061035155,310.34400146484376,307.7916676839193,1
2022-07-15,314.04998779296875,343.95001220703125,313.0,343.95001220703125,700224,Consumer Services,-0.014281287581232927,0.08024503392061466,0.06982896487412527,0.020541204898016474,318.07000122070315,325.24000244140626,321.9433329264323,315.7274993896484,311.0160009765625,308.3683339436849,0
2022-07-18,314.3999938964844,317.5,312.6000061035156,316.0,100645,Consumer Services,0.0011144916959728857,-0.08126184391645697,-0.07690074507428823,-0.0012779357715155815,315.8400024414062,323.1700012207031,322.39333292643227,317.2074996948242,311.82800048828125,309.1566670735677,1
2022-07-19,312.3999938964844,316.75,311.1499938964844,314.3999938964844,75684,Consumer Services,-0.006361323278710085,-0.005063310454163417,-0.0023622047244094,-0.0046385546344202,315.42999877929685,321.02000122070314,322.4166666666667,317.94749908447267,312.57,309.790000406901,0
2022-07-20,317.5,328.0,313.6499938964844,317.8500061035156,230862,Consumer Services,0.016325243928159372,0.010973321482210752,0.03551696921862657,0.008034710104579679,315.38999633789064,319.75,322.6,318.8249984741211,313.48,310.44000040690105,1
2022-07-21,315.95001220703125,318.95001220703125,313.70001220703125,317.0,80235,Consumer Services,-0.004881851316437036,-0.002674236549294884,-0.02759142619807542,0.00015947174085839677,314.85999755859376,317.63500061035154,322.68666788736977,319.72249908447264,314.52,311.09666748046874,0
2022-07-22,324.75,327.8999938964844,311.1499938964844,317.0,214052,Consumer Services,0.02785246859621071,0.0,0.028060766097866452,-0.008128843517111295,317.0,317.5350006103516,322.4933349609375,320.7074996948242,315.98199951171875,312.0133341471354,1
2022-07-25,323.8999938964844,333.0,310.8500061035156,333.0,395972,Consumer Services,-0.0026174167929657877,0.050473186119873725,0.015553541318837683,-0.0009641259805666103,318.9,317.3700012207031,321.7466674804688,321.5199996948242,317.5459997558594,313.0066670735677,0
2022-07-26,315.79998779296875,324.5,314.0,324.5,110632,Consumer Services,-0.02500773774668341,-0.02552552552552556,-0.02552552552552556,0.010133485072010506,319.5799987792969,317.5049987792969,320.540000406901,321.7074996948242,318.2739990234375,313.7383331298828,0
2022-07-27,318.45001220703125,320.3999938964844,313.25,315.0,112391,Consumer Services,0.008391464586755548,-0.02927580893682591,-0.012634841613299308,-0.0023885350318471055,319.77000122070314,317.5799987792969,319.7566670735677,321.89250030517576,319.0139990234375,314.52833353678386,1
2022-07-28,327.8500061035156,329.95001220703125,320.8500061035156,322.70001220703125,296149,Consumer Services,0.029517957406681505,0.024444483196924605,0.029806549601971266,0.02426179123229244,322.15,318.5049987792969,319.14000040690104,322.55250091552733,320.20799926757815,315.7916666666667,1
2022-07-29,317.8500061035156,337.70001220703125,316.0,337.70001220703125,626073,Consumer Services,-0.030501753283001642,0.046482799605153335,0.02348840646545325,-0.015116116600449314,320.77000122070314,318.88500061035154,318.6133341471354,322.06250152587893,320.72,316.7799997965495,0
2022-08-01,317.20001220703125,323.79998779296875,314.0,317.0,777347,Consumer Services,-0.0020449705332794554,-0.06129704311156747,-0.04116086441104694,-0.006329113924050667,319.4300048828125,319.1650024414063,318.0566691080729,321.16750183105466,321.10200073242186,317.86000061035156,0
2022-08-02,315.6000061035156,318.70001220703125,311.1000061035156,317.0,210005,Consumer Services,-0.005044155239411929,0.0,-0.015750388444110475,-0.009235649351861053,319.3900085449219,319.48500366210936,318.1333353678385,320.25250244140625,321.24400146484373,318.4600006103516,0
2022-08-03,320.3999938964844,322.70001220703125,315.75,316.5,150827,Consumer Services,0.015209086502344205,-0.001577287066246047,0.01255098790960063,0.014946942479123981,319.7800048828125,319.77500305175784,318.31333414713544,319.7625015258789,321.4700012207031,319.14166666666665,1
2022-08-04,313.20001220703125,321.20001220703125,308.04998779296875,321.0,116285,Consumer Services,-0.02247185339141833,0.014218009478673022,-0.004648279960515311,-0.024386420291468758,316.8500061035156,319.5000030517578,317.9533345540365,318.5675018310547,321.412001953125,319.64833374023436,0
2022-08-05,325.3999938964844,328.8999938964844,311.0,311.0,261476,Consumer Services,0.03895268586831557,-0.031152647975077885,0.023972544821978525,0.009576407479080506,318.36000366210936,319.56500244140625,318.7100016276042,318.5500015258789,321.322001953125,320.3266672770182,1
2022-08-08,319.6499938964844,331.5,317.25,326.95001220703125,171255,Consumer Services,-0.017670559643062522,0.05128621288434476,0.00790515704397965,0.020096463022508004,318.85,319.14000244140624,319.06000162760415,318.2550018310547,320.70400146484377,320.72666727701824,0
2022-08-10,326.75,329.0,318.0,318.54998779296875,184370,Consumer Services,0.022211813668342906,-0.025692075548060966,-0.007541478129713397,0.0023640661938533203,321.0799987792969,320.23500366210936,320.01666870117185,318.8700012207031,320.4180017089844,321.2166676839193,1
2022-08-11,332.3500061035156,334.95001220703125,324.0,325.95001220703125,309091,Consumer Services,0.01713850375980308,0.023230339656681753,0.0180851434864171,0.018867924528301883,323.4700012207031,321.6250030517578,321.0066691080729,319.60250091552734,320.5040014648437,321.80333455403644,1
2022-08-12,335.3500061035156,340.5,330.6499938964844,333.0,276540,Consumer Services,0.009026628388463465,0.021629045954724146,0.016569600211085556,0.020524672520013443,327.9,322.3750030517578,322.3000020345052,320.4400009155273,320.43400146484373,322.4933349609375,1
2022-08-16,358.95001220703125,361.0,336.29998779296875,338.0,867693,Consumer Services,0.07037425279256082,0.01501501501501501,0.0602055800293686,0.017087536672549364,334.61000366210936,326.48500366210936,324.5800028483073,322.6850021362305,321.762001953125,323.5366689046224,1
2022-08-17,343.8999938964844,360.0,337.6499938964844,360.0,439177,Consumer Services,-0.0419278946893209,0.06508875739644981,-0.0027700831024930483,0.0040142912652934015,339.4600036621094,329.1550018310547,325.9133361816406,324.16000213623045,322.4960021972656,323.8300018310547,0
2022-08-18,347.8999938964844,353.3999938964844,342.3999938964844,345.5,203441,Consumer Services,0.01163128837159566,-0.040277777777777746,-0.01833335028754335,0.014067821963166471,343.69000244140625,332.38500061035154,328.05333658854164,325.9350021362305,323.83400146484377,324.2966684977213,1
2022-08-19,336.95001220703125,349.79998779296875,336.0,349.0,175787,Consumer Services,-0.03147450957619513,0.01013024602026058,-0.010186774662396036,-0.018691571292548725,344.61000366210936,334.0400024414063,329.286669921875,326.90750274658205,324.60400146484375,324.52166849772135,0
2022-08-22,329.54998779296875,337.79998779296875,324.54998779296875,335.6000061035156,165212,Consumer Services,-0.0219617870484472,-0.03839539798419589,-0.034305318521343886,-0.03407741728283109,343.45,335.675,329.40000203450523,327.5875015258789,325.04200073242185,324.27000122070314,0
2022-08-23,337.3999938964844,342.0,326.6000061035156,326.6000061035156,116578,Consumer Services,0.023820380501567984,-0.02681763955994676,0.012433429126129436,0.006316494800962857,339.13999633789064,336.875,330.7033345540365,328.2200012207031,325.9760009765625,324.65833435058596,1
2022-08-24,332.3500061035156,338.70001220703125,331.1499938964844,337.0,94834,Consumer Services,-0.014967361838536641,0.03184321402978818,-0.009649087113943744,0.01393137693796187,336.8299987792969,338.14500122070314,331.7133341471354,328.6425018310547,326.6940014648437,324.88500162760414,0
2022-08-25,330.54998779296875,338.75,325.1499938964844,333.79998779296875,110756,Consumer Services,-0.005416032127245507,-0.00949558518406901,0.00014758721927110585,-0.01811867767050468,333.35999755859376,338.525,332.709999593099,329.3800018310547,327.4200012207031,325.4216674804687,0
2022-08-26,326.54998779296875,335.0,324.25,334.5,137320,Consumer Services,-0.012101044161905383,0.0020971007568322264,-0.011070110701106972,-0.002767934532918681,331.2799926757813,337.9449981689453,333.1199991861979,329.7850006103516,327.78200073242186,325.71666666666664,0
2022-08-29,320.1000061035156,326.75,319.0,321.25,98423,Consumer Services,-0.019751896893477672,-0.039611360239162896,-0.02462686567164174,-0.01619121048573635,329.38999633789064,336.4199981689453,333.5799987792969,329.3975006103516,327.94800048828125,325.76666666666665,0
2022-08-30,322.29998779296875,329.0,320.54998779296875,322.25,99247,Consumer Services,0.006872794900046664,0.003112840466926059,0.006885998469778221,0.00485889590272337,326.3699951171875,332.75499572753904,333.3733317057292,329.61999969482423,327.85,326.0416666666667,1
2022-09-01,324.70001220703125,327.45001220703125,322.0,322.29998779296875,65240,Consumer Services,0.00744655446777176,0.0001551211573893596,-0.004711209097169489,0.0045235135306502805,324.8399963378906,330.8349975585937,333.709999593099,329.99499969482423,327.8820007324219,326.38500061035154,1
2022-09-02,332.1000061035156,343.6499938964844,324.29998779296875,325.8999938964844,633095,Consumer Services,0.022790248285442294,0.011169737014784298,0.04947314425265814,0.007142819232822228,325.15,329.2549987792969,334.06666666666666,330.8199996948242,328.53400146484375,327.0416676839193,1
2022-09-05,330.6000061035156,344.0,326.75,342.0,628720,Consumer Services,-0.004516711750774394,0.0494016766033738,0.0010184958816588097,0.007554771197201937,325.9600036621094,328.6199981689453,333.95,331.33000030517576,329.02000122070314,327.47833455403645,0
2022-09-06,331.5,338.8500061035156,329.1000061035156,331.5,133472,Consumer Services,0.0027223045368081067,-0.030701754385964897,-0.014970912489780108,0.007192061525679083,328.24000244140626,328.81499938964845,333.6933329264323,332.24499969482423,329.1660009765625,327.9966674804688,1
2022-09-07,332.1000061035156,337.8999938964844,323.3999938964844,330.5,451925,Consumer Services,0.0018099731629430682,-0.003016591251885359,-0.002803636387543773,-0.017320000307864958,330.20000610351565,328.2850006103516,331.90333251953126,332.58000030517576,329.7360009765625,328.2416676839193,1
2022-09-08,336.8500061035156,338.3999938964844,332.3999938964844,334.70001220703125,179539,Consumer Services,0.014302920544118969,0.012708055089353243,0.0014797277568261435,0.027829314068820832,332.6300048828125,328.73500061035156,331.43333333333334,333.4400009155273,330.5220007324219,328.673334757487,1
2022-09-09,335.25,340.0,333.54998779296875,339.70001220703125,168445,Consumer Services,-0.004749906707806173,0.014938750575566706,0.0047281505093792475,0.0034596688255130736,333.2600036621094,329.2050018310547,330.590000406901,333.86500091552733,331.30800048828127,329.32166849772136,0
2022-09-12,332.79998779296875,336.5,331.25,336.5,134419,Consumer Services,-0.00730801553178595,-0.009420112134352787,-0.010294117647058787,-0.006895481568406914,333.7,329.8300018310547,330.31333211263023,333.8875,331.80400024414064,329.8000010172526,0
2022-09-13,330.6499938964844,334.8999938964844,330.1000061035156,332.0,73150,Consumer Services,-0.006460318435533852,-0.013372956909361022,-0.004754847261562056,-0.003471679687499951,333.5299987792969,330.88500061035154,330.3866658528646,333.6524993896484,332.50199951171874,329.8933339436849,0
2022-09-14,336.6000061035156,339.0,326.6000061035156,328.1000061035156,159091,Consumer Services,0.017994895862281535,-0.01174696956772403,0.012242478883958796,-0.01060284742588713,334.42999877929685,332.31500244140625,330.3333333333333,332.53499908447264,332.95,330.5183339436849,1
2022-09-15,348.8999938964844,357.0,335.5,341.0,863972,Consumer Services,0.03654185255476827,0.03931726198266028,0.053097345132743445,0.027250440080100802,336.8399963378906,334.73500061035156,331.43666585286456,332.78499908447264,334.12,331.575,1
2022-09-16,334.8500061035156,351.8999938964844,332.5,350.5,288952,Consumer Services,-0.040269383888660304,0.027859237536656867,-0.014285731382396749,-0.008941877794336861,336.75999755859374,335.01000061035154,331.72333374023435,332.1324996948242,334.4440002441406,332.21666666666664,0
2022-09-19,338.3999938964844,343.79998779296875,329.0,336.5,178373,Consumer Services,0.010601725334510759,-0.03994293865905851,-0.023017920556993032,-0.010526315789473717,337.8799987792969,335.7899993896484,332.5133341471354,332.2049987792969,334.68599975585937,332.81666666666666,1
2022-09-20,343.6000061035156,356.1499938964844,339.75,340.3999938964844,249852,Consumer Services,0.015366466609990415,0.011589877849879304,0.03592206673070808,0.032674772036474176,340.4700012207031,337.0,334.0800008138021,332.9074996948242,335.01599975585935,333.8299997965495,1
2022-09-21,351.6000061035156,363.0,342.3500061035156,343.1000061035156,784114,Consumer Services,0.023282886664413693,0.007931880891432375,0.01923348651104173,0.007652703763107116,343.4700012207031,338.95,336.03333536783856,333.6175003051758,334.72199951171876,334.7033335367839,1
2022-09-22,352.45001220703125,359.6000061035156,345.6499938964844,357.8500061035156,271530,Consumer Services,0.002417537226280242,0.042990381048112924,-0.00936637437048038,0.009639222240793277,344.1800048828125,340.51000061035154,337.8833353678385,334.62250061035155,335.06400024414063,335.7966674804687,1
2022-09-23,340.20001220703125,354.75,334.0,354.0,156968,Consumer Services,-0.034756701874659846,-0.010758714650970114,-0.0134872247530482,-0.03370459743150844,345.2500061035156,341.0050018310547,338.4233357747396,335.10500183105466,334.7560009765625,336.2450012207031,0
2022-09-26,328.70001220703125,339.0,320.20001220703125,339.0,235280,Consumer Services,-0.03380364370181621,-0.0423728813559322,-0.04439746300211411,-0.04131732872146332,343.310009765625,340.5950042724609,338.296669514974,335.21250305175784,334.4260009765625,336.123334757487,0
2022-09-27,336.20001220703125,342.0,323.3500061035156,328.25,164805,Consumer Services,0.022817157655826703,-0.03171091445427732,0.008849557522123908,0.009837582062450556,341.83001098632815,341.15000610351564,338.61000366210936,336.0175033569336,334.692001953125,336.15166829427085,1
2022-09-28,337.29998779296875,342.3500061035156,328.04998779296875,333.1499938964844,236220,Consumer Services,0.0032717892504421364,0.014927628016707883,0.0010234096594023967,0.014535276328241364,338.9700073242187,341.2200042724609,338.9566691080729,336.7675033569336,334.68800170898436,335.4300008138021,1
2022-09-29,340.1000061035156,343.29998779296875,336.29998779296875,339.5,124219,Consumer Services,0.008301270121199966,0.01906050193561959,0.002774884394673771,0.025148606331320877,336.5000061035156,340.3400054931641,339.1733357747396,337.5375030517578,334.99800170898436,335.30333455403644,1
2022-09-30,353.3500061035156,357.0,334.45001220703125,340.0,317105,Consumer Services,0.038959128968574896,0.0014727540500736325,0.039906824043621114,-0.005500968341028867,339.1300048828125,342.19000549316405,340.3800028483073,338.6000030517578,335.9100024414063,335.48500162760416,1
2022-10-03,367.0,377.0,350.1000061035156,353.25,1175287,Consumer Services,0.038630235349381925,0.0389705882352942,0.05602240896358546,0.04679322267985664,346.7900024414063,345.0500061035156,342.6600036621094,340.42000274658204,337.5280029296875,336.4866678873698,1
2022-10-04,372.7999877929688,379.8500061035156,363.0,373.3999938964844,456752,Consumer Services,0.015803781452231158,0.05704173785275124,0.007559697887309369,0.03684659717677974,354.10999755859376,347.9700042724609,345.4700032552083,342.4850021362305,339.6360021972656,337.92833455403644,1
2022-10-06,375.2999877929688,379.5,366.9500122070313,373.2000122070313,251327,Consumer Services,0.006706008803273766,-0.0005355696109318187,-0.0009214324019788389,0.01088157632790998,361.7099975585937,350.3400024414062,348.0500020345052,344.64500122070314,341.7560021972656,339.19166768391926,1
2022-10-07,382.8999938964844,387.0,370.5,374.5,380701,Consumer Services,0.020250483215331405,0.0034833541008769675,0.01976284584980248,0.009674308965456069,370.2699951171875,353.38500061035154,350.31666870117186,346.94750061035154,344.08400146484377,340.8766672770182,1
2022-10-10,384.2000122070313,389.0499877929688,376.2999877929688,379.3999938964844,219625,Consumer Services,0.0033951902096358566,0.013084095851760624,0.0052971260800227515,0.015654487970226283,376.43999633789065,357.7850006103516,353.60666910807294,349.39500122070314,346.1680017089844,342.6650014241537,1
2022-10-11,386.5,396.3999938964844,375.75,384.2000122070313,558928,Consumer Services,0.005986433419812975,0.012651603552362056,0.01889218952353966,-0.001461567395190544,380.3399963378907,363.56499938964845,356.81333618164064,352.0800018310547,348.40400146484376,344.663335164388,1
2022-10-12,392.75,397.0,382.1000061035156,385.0,313098,Consumer Services,0.016170763260025867,0.0020822169899819,0.001513638024102315,0.01689955050835823,384.32999877929694,369.2199981689453,360.0900024414062,355.1850021362305,350.85400146484375,347.0850016276042,1
2022-10-13,390.0,401.5,386.5,392.0499877929688,294803,Consumer Services,-0.00700190961171232,0.018311656605113802,0.01133501259445846,0.011515293970689955,387.27000122070314,374.48999938964846,362.65000203450523,357.85500183105466,353.1700012207031,349.3416687011719,0
2022-10-14,386.8500061035156,395.25,384.1499938964844,393.5499877929688,102621,Consumer Services,-0.008076907426883051,0.0038260427157368326,-0.015566625155666203,-0.0060802227775307305,388.06000366210935,379.1649993896484,364.9433349609375,359.75250244140625,355.1700012207031,351.413335164388,0
2022-10-17,384.7000122070313,398.0,374.1000061035156,383.5,349310,Consumer Services,-0.005557693841444555,-0.025536750361318084,0.006957621758380661,-0.026161624242214354,388.1600036621094,382.3,367.9100016276042,362.24500274658203,357.1480017089844,353.1666687011719,0
2022-10-18,397.6499938964844,399.5,388.0499877929688,389.0,115848,Consumer Services,0.033662545564162594,0.014341590612777066,0.0037688442211054607,0.037289445233511076,390.39000244140624,385.36499938964846,372.5066670735677,365.207502746582,359.742001953125,355.40166829427085,1
2022-10-19,404.5499877929688,410.0,395.0,399.6499938964844,474257,Consumer Services,0.01735192758051607,0.027377876340576757,0.026282853566958808,0.017910095156965067,392.75,388.5399993896485,377.06333211263023,368.2550018310547,362.69800170898435,357.8366678873698,1
2022-10-20,399.2999877929688,404.0,396.1499938964844,399.6499938964844,98732,Consumer Services,-0.012977382668187598,0.0,-0.014634146341463428,0.0029113769531250444,394.60999755859376,390.9399993896485,381.19666544596356,370.64000091552737,365.2060009765625,360.0766672770182,0
2022-10-21,386.6000061035156,401.0,384.0,401.0,80324,Consumer Services,-0.03180561502054924,0.0033779710349883807,-0.007425742574257432,-0.030670185747015855,394.55999755859375,391.3100006103516,384.2966654459635,372.3475006103516,366.71400146484376,361.73500061035156,0
2022-10-24,364.4500122070313,389.0,360.0,386.0,171652,Consumer Services,-0.05729434440451986,-0.03740648379052369,-0.029925187032418976,-0.0625,390.5099975585938,389.3350006103516,385.0366658528646,373.56000061035155,367.8980017089844,362.7083343505859,0
2022-10-25,364.75,372.6000061035156,361.6000061035156,365.9500122070313,251589,Consumer Services,0.0008231246616017263,-0.051942973556913685,-0.042159367343147514,0.004444461398654509,383.9299987792969,387.16000061035163,384.8866658528646,375.3625,368.952001953125,363.77333475748696,1
2022-10-27,365.1499938964844,367.3999938964844,349.79998779296875,367.3999938964844,368136,Consumer Services,0.0010966248018762226,0.0039622397624972105,-0.013956017503624518,-0.032632793449591024,376.05000000000007,384.40000000000003,384.3766662597656,376.8099990844727,369.8140014648437,364.923334757487,1
2022-10-28,362.7000122070313,365.0,358.3999938964844,365.0,63529,Consumer Services,-0.006709521375885874,-0.006532373261716962,-0.006532373261716962,0.024585495722217132,368.7300048828125,381.67000122070317,383.5366678873698,378.08000030517576,370.25800170898435,365.7933349609375,0
2022-10-31,365.25,370.0,352.54998779296875,361.0,179753,Consumer Services,0.00703056991217621,-0.010958904109588996,0.013698630136986356,-0.016322561950727232,364.4600036621094,379.5100006103516,382.36000162760416,379.3375,370.77000122070314,366.338335164388,1
2022-11-01,359.70001220703125,366.8999938964844,355.0,365.0,73164,Consumer Services,-0.0151950384475531,0.011080332409972193,-0.008378394874366535,0.006949403749433758,363.5100036621094,377.01000061035154,380.72666829427084,379.6550003051758,371.5500012207031,367.1666687011719,0
2022-11-02,367.6499938964844,377.0,359.79998779296875,359.79998779296875,236399,Consumer Services,0.022101699804439878,-0.01424660878638695,0.027527953860814636,0.013521092374559895,364.0900024414062,374.01000061035154,379.4700012207031,379.6875,373.1080004882813,368.14166870117185,1
2022-11-03,367.5499877929688,370.7999877929688,363.0,363.8500061035156,70880,Consumer Services,-0.0002720144299627192,0.01125630474695094,-0.016445655721568198,0.008893864134516205,364.57000122070315,370.31000061035155,377.79000040690113,379.42500000000007,374.36199951171875,368.94000142415365,0
2022-11-04,368.6000061035156,377.0,366.0,369.25,208995,Consumer Services,0.002856804095823451,0.014841263723788689,0.016720637570497576,0.008264462809917328,365.75,367.24000244140626,376.3633341471355,379.0900009155274,375.61400024414064,369.5066680908203,1
2022-11-07,366.5,404.9500122070313,363.2000122070313,403.0,344384,Consumer Services,-0.005697249236957025,0.09140148950575488,0.07413796341387613,-0.007650239871499154,366.0,365.23000183105466,375.00666707356777,378.2700012207032,376.67,369.9750010172526,0
2022-11-09,364.7999877929688,369.8999938964844,360.25,367.25,103135,Consumer Services,-0.004638505339784937,-0.08870967741935487,-0.08655393815034029,-0.008122280032715756,367.0199951171875,365.26499938964844,373.6799987792969,377.30000000000007,377.1279992675781,370.7950002034505,0
2022-11-10,361.5,365.0,357.0,364.7999877929688,87880,Consumer Services,-0.00904601947202266,-0.006671238140316338,-0.013246807183932008,-0.009021512838306767,365.7899963378906,364.93999938964845,371.269999186198,376.05000000000007,376.90799926757813,371.8883331298828,0
2022-11-11,360.1499938964844,369.2000122070313,357.3500061035156,365.0,105192,Consumer Services,-0.003734456717885526,0.0005482790946382821,0.011506882758989923,0.0009804092535452558,364.30999755859375,364.43999938964845,368.309999593099,374.41999969482424,376.40199951171877,372.68666585286456,0
2022-11-14,364.1499938964844,368.8500061035156,354.75,358.0,83952,Consumer Services,0.011106483597913552,-0.019178082191780854,-0.0009480121666936014,-0.007275797003239659,363.4199951171875,364.5849975585937,365.96666666666675,373.1274993896485,375.95599975585935,373.5816660563151,1
2022-11-15,362.7999877929688,365.9500122070313,355.0,365.5,65237,Consumer Services,-0.0037072803134505783,0.020949720670391025,-0.007862257959866947,0.0007047216349542751,362.6799926757813,364.3399963378906,364.37999877929695,371.92499847412114,375.15199951171877,374.3383321126302,0
2022-11-16,363.75,366.0,360.2999877929688,360.2999877929688,51447,Consumer Services,0.0026185563368137377,-0.014227119581480707,0.00013659732559423432,0.014929543078785468,362.4699951171875,364.7449951171875,364.33333129882817,370.8774978637696,374.3339990234375,374.68499857584635,1
2022-11-17,354.70001220703125,368.5,349.6000061035156,365.6000061035156,192708,Consumer Services,-0.02487969152706182,0.014710015237614282,0.006830601092896238,-0.0296974245128242,361.10999755859376,363.4499969482422,363.66333211263026,368.7299987792969,373.06199951171874,374.2749989827474,0
2022-11-18,318.8500061035156,357.6000061035156,303.95001220703125,356.5,914164,Consumer Services,-0.10107134161188214,-0.024890607088608907,-0.029579359284896523,-0.1305777834653914,352.85,358.5799987792969,360.57666625976566,364.4449996948243,370.1059997558594,372.47666625976564,0
2022-11-21,324.6000061035156,329.0,319.04998779296875,319.04998779296875,283851,Consumer Services,0.018033557754216334,-0.10504912260036814,-0.07997764433828525,0.04967914123869943,344.94000244140625,354.17999877929685,358.0366658528646,360.7100006103516,367.49,370.7866668701172,1
2022-11-22,331.3999938964844,333.0,324.6000061035156,324.6000061035156,154395,Consumer Services,0.020948822135265832,0.01739545062809489,0.012158054711246091,0.01739545062809489,338.6600036621094,350.6699981689453,355.7799987792969,357.95000000000005,365.2719995117188,369.07000020345055,1
2022-11-23,330.45001220703125,344.95001220703125,327.29998779296875,333.1000061035156,61643,Consumer Services,-0.002866571234005133,0.02618607467705747,0.03588592254363743,0.00831787319373034,332.0000061035156,347.23500061035156,353.8299987792969,356.25000000000006,363.10199951171876,367.27833353678386,0
2022-11-24,345.54998779296875,353.54998779296875,329.29998779296875,332.1499938964844,430335,Consumer Services,0.045695188464623726,-0.0028520329919657916,0.02493107778403547,0.006110602122188613,330.1700012207031,345.63999938964844,352.3566650390625,355.2899993896485,361.01799926757815,365.9133331298828,1
2022-11-25,362.1000061035156,368.0,342.0,345.54998779296875,392223,Consumer Services,0.04789471536738299,0.040343200790967204,0.04087119984711429,0.03856669504347443,338.82000122070315,345.8350006103516,351.9933329264323,355.13750000000005,359.32,364.89166666666665,1
2022-11-28,359.8500061035156,363.6000061035156,356.3500061035156,359.0,183785,Consumer Services,-0.006213753002138223,0.03892349206242662,-0.011956505153490116,0.04195908217402233,345.8700012207031,345.4050018310547,351.409999593099,354.99499969482423,357.7420007324219,363.8866668701172,0
2022-11-29,358.6000061035156,363.3500061035156,348.8500061035156,359.8500061035156,135128,Consumer Services,-0.0034736695256312178,0.0023677050237203012,-0.000687568745333933,-0.021046723366187736,351.31000366210935,344.98500366210936,350.8833333333333,354.6625,356.6220007324219,362.94500020345055,0
2022-11-30,372.3999938964844,374.0,355.6499938964844,361.5,294190,Consumer Services,0.038482954707438566,0.004585226812556353,0.029310564793138427,0.019492583270733777,359.7,345.8500030517578,351.39000040690104,355.29749908447263,356.94,362.534999593099,1
2022-12-01,368.2999877929688,376.2999877929688,365.3999938964844,372.5,127110,Consumer Services,-0.011009683594826347,0.030428769017980528,0.006149699981200074,0.02741459346921249,364.25,347.2100006103516,351.8433329264323,355.3299987792969,357.0819995117188,361.5566660563151,0
2022-12-02,368.0499877929688,374.3999938964844,365.3999938964844,368.0,50415,Consumer Services,-0.000678794483535361,-0.012080536912751683,-0.0050491468459195055,0.0,365.43999633789065,352.1299987792969,352.3699991861979,355.35499877929686,357.1979992675781,360.3399993896484,0
2022-12-05,367.6000061035156,373.0,364.0,369.6000061035156,92368,Consumer Services,-0.0012226102550675355,0.004347842672596913,-0.0037392999981497033,-0.0038314009848642305,366.9899963378906,356.4299987792969,352.6,355.30499877929685,357.3939990234375,359.28333333333336,0
2022-12-06,359.75,367.8500061035156,358.04998779296875,365.0,79158,Consumer Services,-0.021354749654996175,-0.01244590375419874,-0.013806954146070693,-0.016346187381954036,367.2199951171875,359.2649993896485,352.39666748046875,354.9674987792969,357.1739990234375,358.3883331298828,0
2022-12-07,366.7999877929688,369.5,358.1499938964844,359.75,94054,Consumer Services,0.019596908389072354,-0.014383561643835585,0.004485507323928273,0.00027930765793926504,366.09999389648436,362.89999694824223,352.6,355.0674987792969,357.457998046875,358.46666564941404,1
2022-12-08,365.8500061035156,368.5,363.2999877929688,365.5499877929688,38871,Consumer Services,-0.002589917451113366,0.01612227322576465,-0.0027063599458727605,0.014379433154403154,365.60999755859376,364.9299987792969,353.3433329264323,355.28499908447264,357.38599853515626,358.5033325195312,0
2022-12-09,360.2999877929688,366.5499877929688,357.3500061035156,365.75,48043,Consumer Services,-0.015170201497759384,0.0005471541887849263,-0.005291756328442809,-0.016377599475296045,364.0599975585938,364.74999694824226,356.1066650390625,355.29249877929686,357.09599853515624,358.34166564941404,0
2022-12-12,361.7999877929688,365.75,356.1000061035156,359.6000061035156,47645,Consumer Services,0.004163197476603653,-0.01681474749551437,-0.002182479387833558,-0.003497971116972365,362.89999389648443,364.94499511718755,358.5866638183594,355.1749984741211,356.82399780273437,358.31166483561196,1
2022-12-13,356.04998779296875,364.1499938964844,354.0,363.4500122070313,83941,Consumer Services,-0.015892758966289278,0.010706357169547376,-0.004374589483296276,-0.005897236920869853,362.15999145507817,364.68999328613285,360.22999674479166,354.8374984741211,356.40599731445315,358.0049977620443,0
2022-12-14,356.79998779296875,360.5499877929688,356.0,356.95001220703125,34918,Consumer Services,0.002106445796133727,-0.017884165034220634,-0.009886052900879405,0.005649717514124353,360.1599914550781,363.1299926757813,361.9866617838542,354.48999786376953,356.08599731445315,357.9083302815755,1
2022-12-15,359.3500061035156,361.9500122070313,356.0,356.45001220703125,44546,Consumer Services,0.007146912549858442,-0.0014007563605572537,0.0038830244389480573,0.0,358.8599914550781,362.23499450683596,362.9066630045573,354.7224975585938,355.99999755859375,357.6316640218099,1
2022-12-16,354.54998779296875,360.5,352.04998779296875,359.0,28130,Consumer Services,-0.013357501680865913,0.007153844033220835,-0.004006111778225074,-0.011095539907391205,357.7099914550781,360.88499450683594,362.40332845052086,356.5074966430664,355.77599731445315,357.1983306884766,0
2022-12-19,355.3500061035156,360.0,343.3500061035156,356.95001220703125,63427,Consumer Services,0.0022564330506027463,-0.005710272403812722,-0.001386962552011095,-0.024712347652655953,356.4199951171875,359.6599945068359,362.10332845052085,358.0449966430664,355.4239978027344,356.7566640218099,1
2022-12-20,348.1000061035156,354.45001220703125,345.54998779296875,352.1000061035156,42198,Consumer Services,-0.020402419798715377,-0.013587353796482349,-0.015416632758246562,0.006407402505738791,354.8299987792969,358.4949951171875,361.40332845052086,358.87999725341797,354.83599853515625,356.14333089192706,0
2022-12-21,332.3500061035156,352.75,329.1000061035156,349.70001220703125,235139,Consumer Services,-0.04524561828165086,-0.006816227932068819,-0.004796197343726716,-0.04760521565785414,349.94000244140625,355.0499969482422,358.7333292643229,358.97499694824216,353.5799987792969,355.06166483561196,0
2022-12-22,327.3999938964844,335.0,318.0,333.0,91228,Consumer Services,-0.014893973570409669,-0.04775525199908892,-0.05031892274982286,-0.03372836796613188,343.55,351.2049957275391,356.0066630045573,358.06749725341797,352.487998046875,353.9249979654948,0
2022-12-23,318.54998779296875,323.95001220703125,313.29998779296875,323.0,170045,Consumer Services,-0.02703117369731467,-0.03003003003003002,-0.03298503818796639,-0.014779912600727196,336.35,347.0299957275391,352.7066630045573,355.88999633789064,352.47599731445314,352.5383310953776,0
2022-12-26,326.54998779296875,333.70001220703125,316.54998779296875,322.0,72072,Consumer Services,0.025113797854543707,-0.003095975232198178,0.030097236093848068,0.010373444387580477,330.5899963378906,343.50499572753904,349.9699951171875,354.2249954223633,352.55399658203123,351.2849975585938,1
2022-12-27,330.6499938964844,338.0,321.3500061035156,332.0,173481,Consumer Services,0.012555523677174385,0.03105590062111796,0.012885788539620968,0.015163539711415819,327.09999389648436,340.9649963378906,348.0299947102865,352.8274948120117,352.52399658203126,350.2133310953776,1
2022-12-28,347.3999938964844,352.0,333.95001220703125,343.54998779296875,426335,Consumer Services,0.05065779618687638,0.03478911985833966,0.041420118343195256,0.039209602813752076,330.1099914550781,340.0249969482422,346.7366617838542,351.5774948120117,353.2019958496094,349.6683308919271,1
2022-12-29,345.1499938964844,350.0,337.6499938964844,346.0,124629,Consumer Services,-0.006476684051613502,0.007131457703638988,-0.005681818181818232,0.011079447684401833,333.6599914550781,338.60499572753906,345.3566609700521,350.4199951171875,353.18599609375,349.34999694824216,0
2022-12-30,347.54998779296875,350.0,344.29998779296875,345.1499938964844,37597,Consumer Services,0.00695348091822412,-0.0024566650390625,0.0,0.019694932671975973,339.4599914550781,337.9049957275391,344.5066609700521,349.3949951171875,352.60399536132815,350.30666300455727,1
2023-01-02,356.04998779296875,359.0,345.0,349.5,79393,Consumer Services,0.02445691353343782,0.012603233899578958,0.0257142857142858,0.0020331461860294553,345.3599914550781,337.97499389648436,344.1233276367187,348.81749420166017,352.4519946289063,351.35499572753906,1
2023-01-03,351.04998779296875,360.0,348.1499938964844,359.6000061035156,52910,Consumer Services,-0.014042971974225549,0.02889844378688311,0.0027855153203342198,0.009130417091259169,349.439990234375,338.2699920654297,343.7899943033854,348.3824935913086,352.1499938964844,352.00999552408854,0
2023-01-04,345.04998779296875,354.20001220703125,342.95001220703125,352.3999938964844,24846,Consumer Services,-0.017091582989994247,-0.020022280547344118,-0.016111077202691004,-0.01493603843347835,348.96998901367186,339.539990234375,343.0066609700521,347.2949935913086,351.0559936523438,352.4966613769531,0
2023-01-05,331.1000061035156,348.70001220703125,327.0,348.70001220703125,132990,Consumer Services,-0.04042887170836007,-0.01049938068540368,-0.015527949775408945,-0.046508271291159975,346.1599914550781,339.9099914550781,341.1233276367187,345.55749359130857,349.5679943847656,352.01499532063804,0
2023-01-06,334.04998779296875,338.3999938964844,328.95001220703125,334.0,77443,Consumer Services,0.008909639489800725,-0.042156615120229834,-0.02953833653562221,0.0059633400826644145,343.4599914550781,341.4599914550781,339.7566609700521,344.24499359130857,348.20799438476564,351.0799947102865,1
2023-01-09,337.70001220703125,348.1499938964844,335.6000061035156,335.8500061035156,179277,Consumer Services,0.010926581492122889,0.0055389404296875,0.02881205725725433,0.020215818968564392,339.7899963378906,342.5749938964844,338.5799947102865,343.03999481201174,347.0119946289062,350.34166158040364,1
2023-01-10,339.79998779296875,341.54998779296875,334.0,337.70001220703125,37965,Consumer Services,0.006218464643258814,0.0055084295664578065,-0.01895736383519231,-0.0047675985530885034,337.5399963378906,343.4899932861328,338.02666015625,342.22749481201174,346.213994140625,349.7149943033854,1
2023-01-11,337.3500061035156,343.3999938964844,333.79998779296875,339.25,36778,Consumer Services,-0.007210069974887157,0.004589836354576438,0.005416501740989732,-0.000598838943207336,336.0,342.48499450683596,338.35999348958336,341.25499572753904,345.0359948730469,348.5466613769531,0
2023-01-12,339.04998779296875,340.0,335.0,338.8999938964844,60389,Consumer Services,0.005039222346809424,-0.0010317055372605077,-0.009900972501208805,0.003595003747500325,337.5899963378906,341.8749938964844,339.13665974934895,340.23999481201173,343.963994140625,347.5716613769531,1
2023-01-13,337.1000061035156,342.20001220703125,336.0,338.3999938964844,32482,Consumer Services,-0.005751310307209989,-0.001475361490129501,0.006470624138327219,0.0029850746268655914,338.2,340.8299957275391,340.3733276367187,339.36749572753905,343.0359948730469,346.539995320638,0
2023-01-16,336.3500061035156,342.45001220703125,333.79998779296875,337.95001220703125,58011,Consumer Services,-0.002224859051974337,-0.0013297331488451025,0.0007305668938688559,-0.006547655378069228,337.92999877929685,338.85999755859376,341.0266621907552,338.41749572753906,342.01799560546874,345.4983286539713,0
2023-01-17,338.70001220703125,342.0,331.5,335.1000061035156,109340,Consumer Services,0.006986787753446189,-0.008433217933336512,-0.0013140960461089923,-0.006890317187175143,337.7100036621094,337.625,341.563330078125,337.94749603271487,341.32399658203127,344.7966623942057,1
2023-01-18,335.8999938964844,338.45001220703125,333.0,337.79998779296875,55245,Consumer Services,-0.008266956627197786,0.008057241540661453,-0.010380081265990548,0.004524886877828038,337.4200012207031,336.7100006103516,340.7966634114583,338.12499542236327,340.48799682617187,343.76666259765625,0
2023-01-19,336.5,339.5,332.54998779296875,332.54998779296875,39717,Consumer Services,0.0017862641096102472,-0.01554174123658536,0.003102342310823847,-0.0013513880091028385,336.9100036621094,337.25,340.2199971516927,338.5799957275391,339.57399658203127,342.7883290608724,1
2023-01-20,340.1499938964844,342.04998779296875,335.5,336.8500061035156,38824,Consumer Services,0.010846935799359247,0.012930441943735271,0.007511009699466165,0.00887088352223242,337.52000122070314,337.86000061035156,339.72666422526044,339.65999603271484,338.99799682617186,342.1166625976563,1
2023-01-23,342.0,348.3500061035156,340.0,340.3500061035156,446566,Consumer Services,0.0054387950513343775,0.01039038128716685,0.018418414078003265,0.013412816691505292,338.65,338.2899993896484,338.7899983723958,340.43249664306643,338.46399658203126,341.4566630045573,1
2023-01-24,357.1000061035156,365.0,342.0,342.0,1820129,Consumer Services,0.044152064630162746,0.0048479326190538075,0.0477967377773969,0.00588235294117645,342.3299987792969,340.02000122070314,339.1933329264323,341.75499725341797,338.82399658203127,341.4916636149089,1
2023-01-25,357.45001220703125,366.8999938964844,355.1000061035156,360.04998779296875,1495642,Consumer Services,0.0009801346892561735,0.05277774208470398,0.005205462730094146,0.03830411141378831,346.64000244140624,342.0300018310547,340.02000122070314,342.2574981689453,339.8279968261719,341.5133310953776,1
2023-01-27,350.70001220703125,363.0,348.5,359.0,258488,Consumer Services,-0.018883759321542515,-0.0029162278254887264,-0.01062958288733229,-0.018586330583141852,349.4800048828125,343.19500427246095,341.32666829427086,342.53499908447264,340.75999755859374,341.22499796549477,0
2023-01-30,355.25,360.0,345.45001220703125,349.0,101091,Consumer Services,0.012974016636996044,-0.027855153203342642,-0.008264462809917328,-0.008751758372937624,352.5000061035156,345.0100036621094,342.74000244140626,342.91999969482424,342.227998046875,341.2483317057292,1
2023-01-31,355.1499938964844,360.0,351.0,354.3999938964844,76254,Consumer Services,-0.00028150908801016783,0.015472761881043962,0.0,0.016065964964107726,355.1300048828125,346.89000244140624,343.90333455403646,342.875,343.37199829101564,341.2416646321615,0
2023-02-01,354.25,367.0,348.79998779296875,357.6499938964844,252911,Consumer Services,-0.0025341233618230152,0.00917042905183929,0.019444444444444375,-0.006267841045673128,354.56000366210935,348.44500122070315,344.8666687011719,343.0350006103516,344.31599853515627,341.44666442871096,0
2023-02-02,363.1499938964844,368.5,347.54998779296875,350.3500061035156,195319,Consumer Services,0.025123483123456136,-0.020410982573878078,0.004087193460490468,-0.0035837157217504245,355.7,351.1700012207031,346.5866678873698,343.9400009155273,344.94599853515626,342.47333068847655,1
2023-02-03,361.75,366.7000122070313,357.6499938964844,362.1499938964844,93509,Consumer Services,-0.0038551395291595014,0.03368056968003108,-0.004884634444962566,0.029060585407161943,357.9099975585938,353.69500122070315,348.1000020345052,345.4725006103516,345.60999877929686,343.6183308919271,0
2023-02-06,362.75,367.4500122070313,360.1000061035156,361.8500061035156,63554,Consumer Services,0.0027643400138217533,-0.0008283523347358823,0.0020452685438596685,0.006850306861015509,359.4099975585938,355.9550018310547,349.81000162760415,346.9075012207031,346.21799926757814,345.09166463216144,1
2023-02-07,362.0499877929688,372.1000061035156,357.29998779296875,363.5,100829,Consumer Services,-0.0019297373040143562,0.004559883566817913,0.012654765932799572,-0.007775668600633057,360.7899963378906,357.9600006103516,351.52333374023436,348.125,346.45799926757815,346.27499796549483,0
2023-02-08,362.5499877929688,365.5499877929688,358.04998779296875,364.0,55407,Consumer Services,0.001381024766905714,0.0013755158184318717,-0.017602843867529083,0.002099076478095485,362.4499938964844,358.5049987792969,353.1133321126302,349.2625,346.9179992675781,347.3383310953776,1
2023-02-09,361.4500122070313,365.3500061035156,359.1000061035156,360.9500122070313,31566,Consumer Services,-0.0030339970293024043,-0.008379087343320601,-0.0005470707047771084,0.0029326025592661953,362.1099975585938,358.9049987792969,354.81666666666666,350.4675003051758,347.5740002441406,347.8066650390625,0
2023-02-10,360.20001220703125,374.8999938964844,359.5,359.6499938964844,265264,Consumer Services,-0.0034582928697871607,-0.0036016574777154586,0.026139284613185154,0.001113878835103943,361.80000000000007,359.85499877929686,356.39666748046875,351.5250015258789,348.7380004882813,348.30833231608074,0
2023-02-13,367.2000122070313,375.4500122070313,360.0,360.0,442756,Consumer Services,0.019433647314749836,0.0009731853453509576,0.0014671067471363486,0.0013908205841446364,362.6900024414063,361.05,358.2000020345052,353.0300018310547,350.0640014648437,348.9633331298828,1
2023-02-14,364.4500122070313,368.5,360.5,367.2000122070313,50784,Consumer Services,-0.007489106504848131,0.02000003390842031,-0.01851115190055963,0.001388888888888884,363.1700073242188,361.9800018310547,359.69666951497396,354.4350021362305,351.1340014648438,349.2433339436849,0
2023-02-15,364.8500061035156,369.4500122070313,356.20001220703125,366.0,57880,Consumer Services,0.0010975274607951668,-0.0032680069911182885,0.002578052122201635,-0.01192784408590497,363.6300109863281,363.0400024414063,360.2133361816406,355.7425018310547,352.1360021972656,349.7033345540365,1
2023-02-16,363.2000122070313,371.2999877929688,361.5499877929688,366.0,39597,Consumer Services,-0.004522389663921711,0.0,0.0050073772494581,0.015019582825920974,363.9800109863281,363.045004272461,360.59666951497394,357.10750274658204,353.17000244140627,350.30833536783854,0
2023-02-17,362.75,366.8500061035156,360.5,361.3999938964844,335810,Consumer Services,-0.0012390203521656096,-0.012568322687201205,-0.011984868935504545,-0.0029041289681084326,364.49000854492186,363.145004272461,361.40000203450523,358.42000274658204,354.1180029296875,351.36333516438805,0
2023-02-20,363.5,372.0,360.6000061035156,365.0,66433,Consumer Services,0.002067539627842896,0.009961278816586816,0.014038418456591817,0.00027740944109733157,363.7500061035156,363.220004272461,361.9500020345052,359.58750305175784,355.1740026855469,352.3450022379557,1
2023-02-21,372.1000061035156,387.5499877929688,362.2999877929688,364.0,631352,Consumer Services,0.02365888886799339,-0.002739726027397249,0.04180104245421723,0.004714314089515614,365.2800048828125,364.2250061035157,363.0800028483073,361.0925033569336,356.6040026855469,353.4916687011719,1
2023-02-22,362.9500122070313,373.5499877929688,360.6000061035156,371.0,152901,Consumer Services,-0.024590147128185857,0.019230769230769162,-0.036124372186740694,-0.004692193615045359,364.9000061035157,364.2650085449219,363.6600036621094,361.3850036621094,357.5740026855469,354.2633361816406,0
2023-02-23,364.5499877929688,369.25,362.7000122070313,364.3999938964844,159163,Consumer Services,0.004408253291433573,-0.017789773863923553,-0.011511144247050464,0.0058236441152828,365.1700012207031,364.57500610351565,363.7533365885417,361.74000244140626,358.7200024414062,355.1700022379557,1
2023-02-24,363.2000122070313,367.7000122070313,361.0,364.8999938964844,87612,Consumer Services,-0.003703128874342876,0.001372118574025194,-0.004197664977572679,-0.004687102701449453,365.2600036621094,364.87500610351566,363.8500040690105,362.3650024414063,359.7880029296875,355.9750030517578,0
2023-02-27,364.1499938964844,371.0,349.0,362.0,216459,Consumer Services,0.0026155882641092365,-0.007947366251003674,0.008974674145810546,-0.03324099722991691,365.39000244140624,364.57000427246095,363.9433369954428,362.81000213623054,360.7480029296875,356.8766693115234,1
2023-02-28,366.7000122070313,378.9500122070313,364.1499938964844,364.1499938964844,164348,Consumer Services,0.007002659215399554,0.005939209658796685,0.02142860433162075,0.043409724631760405,364.31000366210935,364.7950042724609,364.25333862304694,363.38750305175785,361.73600341796873,357.8883361816406,1
2023-03-01,364.5,370.0,363.1499938964844,367.0499877929688,45357,Consumer Services,-0.005999487684197891,0.007963734573915193,-0.02361792299439658,-0.002746121149968417,364.6200012207031,364.7600036621094,364.38333943684904,363.90000305175784,362.0320031738281,358.7483357747396,0
2023-03-02,364.7000122070313,369.3999938964844,361.7999877929688,361.7999877929688,19339,Consumer Services,0.000548730334790859,-0.014303228918675859,-0.001621638117609847,-0.0037174889885868145,364.6500061035157,364.9100036621094,364.6000061035157,363.9775039672852,362.32200317382814,359.7083363850912,1
2023-03-03,360.7999877929688,366.9500122070313,359.20001220703125,364.7000122070313,41672,Consumer Services,-0.010693787451393155,0.008015545914617173,-0.0066323273685262585,-0.007186223531398639,364.17000122070317,364.7150024414062,364.6400044759115,363.93000335693364,362.72600219726564,360.5183359781901,0
2023-03-06,364.25,366.3999938964844,361.0499877929688,365.0,28218,Consumer Services,0.009562118413958709,0.0008225604138405451,-0.001498891653494816,0.005150265932817755,364.1900024414063,364.7900024414063,364.4433369954428,364.0050033569336,363.0860021972656,361.32166951497396,1
2023-03-08,366.5499877929688,368.5,361.2000122070313,362.5,59947,Consumer Services,0.006314311030799713,-0.006849315068493178,0.005731457801576578,0.0004155225568058807,364.1599975585938,364.2350006103516,364.58333536783863,364.23000335693365,363.542001953125,362.14000244140624,1
2023-03-09,372.5499877929688,376.8999938964844,364.0499877929688,366.0,84429,Consumer Services,0.016368845177506586,0.009655172413793212,0.022795098769292643,0.007890297590311235,365.7699951171875,365.19499816894535,365.0966674804688,364.73000335693365,364.27400146484376,362.6550018310547,1
2023-03-10,376.1499938964844,379.8999938964844,365.5499877929688,371.0,245677,Consumer Services,0.00966314916514266,0.013661202185792254,0.00795967112916407,0.004120313281958055,368.05999145507815,366.3549987792969,365.95999959309904,365.4650024414063,364.79400146484375,363.27833455403646,1
2023-03-13,372.7000122070313,382.0,370.3999938964844,377.8999938964844,89715,Consumer Services,-0.009171824393017225,0.01859836629780154,0.005527786620833197,0.013267695979960914,370.43999633789065,367.3049987792969,366.62333374023444,366.0900024414063,365.232001953125,364.0116678873698,0
2023-03-14,369.0499877929688,377.2999877929688,365.0,373.75,468374,Consumer Services,-0.00979346470220921,-0.010981725227603878,-0.012303696877045023,-0.014578817455362936,371.39999389648443,367.79499816894537,366.99333292643234,366.18250122070316,365.48400146484374,364.47166748046874,0
2023-03-15,366.5499877929688,372.6499938964844,363.1000061035156,369.75,52240,Consumer Services,-0.00677415006826243,-0.010702341137123761,-0.012324394505509373,-0.005205462730094146,371.39999389648443,367.77999572753913,366.62333170572924,366.2875,365.6640014648438,364.85166727701824,0
2023-03-16,363.5499877929688,367.6000061035156,360.6499938964844,363.2000122070313,82861,Consumer Services,-0.008184422588753293,-0.017714639061443438,-0.013551557428366778,-0.006747485997928515,369.59999389648436,367.684994506836,366.66333007812506,366.2224990844727,365.7040014648438,365.1616668701172,0
2023-03-17,366.2999877929688,376.2000122070313,364.8999938964844,364.9500122070313,276057,Consumer Services,0.007564296774412282,0.004818281776385103,0.023395010774547975,0.011784278585680097,367.6299926757813,367.8449920654297,366.7799967447917,366.3774978637696,365.8980004882813,365.26666666666665,1
2023-03-20,365.1499938964844,370.2000122070313,362.0,364.8999938964844,74303,Consumer Services,-0.0031394865815130846,-0.00013705523735829672,-0.01594896279986846,-0.007947366251003674,366.1199890136719,368.2799926757813,366.9099955240885,366.4974975585938,366.09599975585945,365.3799997965495,0
2023-03-21,362.5,372.25,361.5499877929688,365.3500061035156,93591,Consumer Services,-0.007257274930245861,0.0012332480530512502,0.005537514114997588,-0.0012431276437325778,364.80999145507815,368.10499267578126,366.7999959309896,366.4474975585938,365.9079992675782,365.3716664632162,0
2023-03-22,362.2000122070313,366.4500122070313,357.04998779296875,363.1000061035156,45851,Consumer Services,-0.0008275525323274691,-0.006158478068733042,-0.015580894003945467,-0.01244641170497518,363.93999633789065,367.6699951171875,366.4999959309896,365.95249786376957,365.8179992675782,365.3766672770182,0
2023-03-23,360.5499877929688,372.0,359.04998779296875,365.8999938964844,108046,Consumer Services,-0.004555561453486012,0.007711340528511412,0.01514527932348142,0.005601456570164309,363.3399963378906,366.4699951171875,366.2366617838542,365.83249664306646,365.6459985351563,365.31000061035155,0
2023-03-24,361.1499938964844,375.0,358.29998779296875,362.3999938964844,69133,Consumer Services,0.0016641412393005872,-0.00956545520192098,0.008064516129032251,-0.0020888456357014418,362.30999755859375,364.9699951171875,365.9999938964844,365.66249694824216,365.56399780273443,365.3,1
2023-03-27,360.8500061035156,369.5,358.0,365.0,136091,Consumer Services,-0.0008306459865391469,0.00717440989874385,-0.014666666666666717,-0.0008372531487276236,361.45,363.784994506836,366.0033284505208,365.5449966430664,365.4879980468751,365.32166646321616,0
2023-03-28,360.04998779296875,364.4500122070313,357.0,364.4500122070313,115555,Consumer Services,-0.002217038373327318,-0.0015068158711470936,-0.013667084690037079,-0.0027932960893854997,360.9599975585937,362.884994506836,365.72332763671875,365.3399963378906,365.3499975585938,365.0833323160807,0
2023-03-29,359.54998779296875,362.7000122070313,357.1499938964844,358.04998779296875,190389,Consumer Services,-0.0013886960615243638,-0.017560774316635053,-0.004801755909959682,0.0004201509705443751,360.42999267578125,362.184994506836,365.2566609700521,364.9824951171875,364.84799682617194,364.9199981689453,0
2023-03-31,363.1499938964844,365.5,358.0,360.1000061035156,61973,Consumer Services,0.010012532959919218,0.0057255086731973215,0.00771984477180121,0.0023799695311264024,360.9499938964844,362.14499511718753,364.62999471028644,364.91499481201174,364.8559960937501,364.8633310953776,1
2023-04-03,362.6499938964844,365.9500122070313,360.4500122070313,363.1499938964844,49160,Consumer Services,-0.001376841548681229,0.008469835438136508,0.0012312235486493517,0.006843609516847149,361.2499938964844,361.77999572753913,363.72999471028646,364.8124938964844,364.7799963378907,364.8449971516927,0
2023-04-05,363.75,364.4500122070313,361.0499877929688,362.5,46588,Consumer Services,0.0030332445113168127,-0.0017898772061377688,-0.004098920480842594,0.00166451814570312,361.8299926757812,361.6399963378907,363.1333272298177,364.9599945068359,364.80199584960945,364.878330485026,1
2023-04-06,362.3500061035156,367.3500061035156,360.1499938964844,362.7999877929688,44996,Consumer Services,-0.003848780471434665,0.0008275525323278021,0.007957178760737538,-0.00249271271821927,362.2899963378906,361.62499694824226,362.68666178385416,364.86499481201173,364.7299963378907,364.8399973551432,0
2023-04-10,363.4500122070313,365.4500122070313,360.25,362.8999938964844,39747,Consumer Services,0.003035755719571931,0.00027565079073998966,-0.0051721624198065586,0.00027767903709685626,363.07000122070315,361.7499969482422,362.47999674479166,364.70999603271486,364.5999963378907,364.5516642252604,1
2023-04-11,358.70001220703125,366.8999938964844,356.1000061035156,364.0,173418,Consumer Services,-0.013069197525007459,0.0030311549242665325,0.003967660804541584,-0.011519760989547212,362.1800048828125,361.56499938964845,362.1566650390625,364.01749725341796,364.367996826172,364.4099975585938,0
2023-04-12,359.75,361.8999938964844,356.1000061035156,358.79998779296875,74027,Consumer Services,0.0029272031146816424,-0.014285747821514372,-0.01362769169576672,0.0,361.6000061035156,361.425,361.7199991861979,363.19749755859374,364.1699963378907,364.2499979654948,1
2023-04-13,361.1499938964844,364.5,356.20001220703125,359.75,63855,Consumer Services,0.003891574416912791,0.0026477487161438162,0.007184322043009894,0.0002808371294622525,361.0800048828125,361.4549987792969,361.4533325195313,362.61999664306643,364.18399658203134,364.1816640218099,1
2023-04-17,363.8999938964844,368.2999877929688,358.3500061035156,360.8999938964844,1434641,Consumer Services,0.007614564714040206,0.0031966473842512944,0.010425206565072065,0.006035917526119539,361.39000244140624,361.8399993896484,361.5466654459635,362.3624969482422,364.1699963378907,364.17333068847654,1
2023-04-18,365.0,372.8999938964844,362.75,362.7999877929688,297322,Consumer Services,0.003022825287071873,0.0052645994142892505,0.01248983506918111,0.012278481433075195,361.7,362.38500061035154,361.73333129882815,362.2849975585938,364.1079968261719,364.1166636149089,1
2023-04-19,367.6499938964844,372.5,364.0,368.0,100543,Consumer Services,0.007260257250642166,0.014332999950370962,-0.0010726572889014907,0.00344589937973816,363.4899963378906,362.8350006103516,362.2066650390625,362.48999786376953,363.91199707031257,364.22166341145834,1
2023-04-20,368.7000122070313,383.0,366.5,369.0,366132,Consumer Services,0.002856027003886208,0.0027173913043478937,0.028187919463087185,0.006868131868131844,365.27999877929693,363.44000244140625,362.709999593099,362.60999908447263,363.61399780273445,364.35499674479166,1
2023-04-21,372.2000122070313,380.7999877929688,369.1000061035156,369.1000061035156,567035,Consumer Services,0.009492812270466278,0.00027101925071981725,-0.005744157198514843,0.007094150350656525,367.49000244140626,364.2850036621094,363.46666666666664,362.9625,363.59399780273446,364.73499755859376,1
2023-04-24,371.75,379.0,370.5,373.7999877929688,337444,Consumer Services,-0.001209060161935227,0.012733626691230793,-0.004726858851548665,0.003792993425450586,369.06000366210935,365.2250030517578,364.2466674804688,363.425,363.7019982910156,364.98499755859376,0
2023-04-25,371.7999877929688,378.6499938964844,370.0499877929688,372.8999938964844,82776,Consumer Services,0.0001344661545898962,-0.0024076884052305347,-0.000923498953867119,-0.0012146078462380583,370.4200012207031,366.06000061035155,365.0633341471355,363.90499877929693,363.9119982910156,365.1599975585938,1
2023-04-26,372.9500122070313,382.0,371.75,372.0,164711,Consumer Services,0.0030931265514264616,-0.002413499359654625,0.008847236649979884,0.004594006926389449,371.4800048828125,367.48500061035156,365.71666870117195,364.52500000000003,364.28799926757813,365.17333170572914,1
2023-04-27,372.5499877929688,379.9500122070313,371.1499938964844,373.25,138462,Consumer Services,-0.001072595256654485,0.0033602150537634934,-0.005366460191017497,-0.0016140043134247328,372.25000000000006,368.76499938964844,366.37666829427087,365.09499969482425,364.53799926757813,365.05333150227864,0
2023-04-28,384.1000061035156,385.0,373.8500061035156,373.8999938964844,399754,Consumer Services,0.031002600158358762,0.0017414437950016293,0.013291189974266926,0.007274719793702422,374.6299987792969,371.06000061035155,367.7333353678386,366.2574996948243,365.2959997558594,365.43333129882814,1
2023-05-02,384.1499938964844,395.0,382.5,386.0,269532,Consumer Services,0.00013014265080557585,0.03236161086128697,0.025974025974025983,0.02313760533706999,377.1099975585938,373.0850006103516,369.1866678873699,367.46250000000003,366.16199951171876,365.93666483561196,1
2023-05-03,385.25,391.0,380.1000061035156,384.3999938964844,213447,Consumer Services,0.0028634807262604145,-0.004145093532423871,-0.010126582278481067,-0.006274493847017948,379.80000000000007,375.11000061035156,370.6400004069011,368.7475006103516,367.0839990234375,366.55999857584635,1
2023-05-04,380.75,389.7999877929688,379.5,385.9500122070313,157581,Consumer Services,-0.011680726800778696,0.004032305762638355,-0.0030690849284685795,-0.0015785479975820582,381.35999755859376,376.4200012207031,372.109999593099,369.6275009155274,367.8919995117187,367.1333323160807,0
2023-05-05,377.9500122070313,384.1499938964844,376.0499877929688,380.8999938964844,90705,Consumer Services,-0.007353874702478502,-0.013084643479264857,-0.014494597417702537,-0.009090941256999163,382.44000244140625,377.3450012207031,373.32333374023443,370.39250183105474,368.56400024414063,367.52166646321615,0
2023-05-08,388.2999877929688,401.0,378.1000061035156,379.9500122070313,709682,Consumer Services,0.027384509198713936,-0.0024940449059477343,0.04386309090520557,0.005451451607745961,383.2799987792969,378.95499877929694,375.1333333333334,371.62000122070316,369.66199951171876,368.2933329264323,1
2023-05-09,393.1000061035156,405.7000122070313,381.0,389.9500122070313,1063453,Consumer Services,0.012361623645237074,0.026319251687643375,0.011720728695838734,0.007669912323911454,385.07000122070315,381.0899993896485,377.08000081380214,373.1575012207032,370.98400024414065,369.31333312988284,1
2023-05-10,401.1000061035156,404.9500122070313,388.0499877929688,399.8500061035156,583110,Consumer Services,0.020351055395031903,0.025387853792983694,-0.001848656587215669,0.018503904968422136,388.24000244140626,384.0200012207032,379.48666788736983,375.0400009155274,372.6460009765625,370.60999959309896,1
2023-05-11,403.5499877929688,408.0,398.8999938964844,402.0,342058,Consumer Services,0.006108156699506262,0.005377001034552409,0.007531763677066872,0.02796033100071682,392.8,387.07999877929694,381.88000081380216,377.28249969482425,374.2620007324219,372.0433329264323,1
2023-05-12,417.4500122070313,426.1499938964844,401.0499877929688,402.7999877929688,1387167,Consumer Services,0.03444436831749709,0.001990019385494479,0.044485279158049895,0.005389806792131413,400.70000000000005,391.57000122070315,385.13000081380216,380.16750030517585,376.45400146484377,373.9200002034505,1
2023-05-15,423.6000061035156,432.3999938964844,418.2999877929688,418.2999877929688,553551,Consumer Services,0.01473228821810224,0.03848063671731472,0.014666197558407479,0.04301209456439348,407.7600036621094,395.5200012207032,388.5566670735677,383.2900009155274,378.8480017089844,376.0116668701172,1
2023-05-16,414.8999938964844,431.2000122070313,412.6499938964844,425.5499877929688,527983,Consumer Services,-0.02053827214748727,0.017332058837133513,-0.0027751658334674856,-0.013507038157698492,412.1200012207031,398.5950012207032,391.43333333333334,385.8400009155274,380.95000122070314,377.840000406901,0
2023-05-17,427.3999938964844,430.6499938964844,414.0,414.8999938964844,263056,Consumer Services,0.03012774206769131,-0.025026422751692534,-0.0012755526321340804,0.0032715524620952063,417.3799987792969,402.8100006103516,395.14000040690104,388.9600006103516,383.50800048828125,380.10166727701824,1
2023-05-18,430.75,438.0,425.5499877929688,428.25,282702,Consumer Services,0.007838105173971988,0.032176443239105845,0.01706723837846469,0.027898521239055007,422.82000122070315,407.8100006103516,398.9933329264323,392.1150009155274,386.39,382.35500081380206,1
2023-05-19,429.7999877929688,436.0,422.0499877929688,430.2999877929688,158307,Consumer Services,-0.002205483939712538,0.004786895021526627,-0.004566210045662156,-0.008224650688282376,425.2899963378906,412.9949981689453,402.80999959309895,395.16999969482424,389.19199951171873,384.5933339436849,0
2023-05-22,433.2999877929688,437.3999938964844,427.0499877929688,429.6000061035156,80231,Consumer Services,0.008143322706853917,-0.0016267295126904946,0.0032109951754228927,0.011846937909290256,427.22999267578126,417.4949981689453,406.0899983723958,398.2249984741211,392.07799926757815,386.91166687011724,1
2023-05-23,423.8999938964844,436.7000122070313,422.1000061035156,433.7000122070313,112310,Consumer Services,-0.02169396298477566,0.00954377571057985,-0.0016003239579804873,-0.011591106031954568,429.0299926757813,420.5749969482422,408.73999837239586,400.83249816894534,394.4779992675781,388.96333312988287,0
2023-05-24,419.8999938964844,435.9500122070313,417.0,425.0,165752,Consumer Services,-0.009436187916003536,-0.02005997685533445,-0.0017174261026684512,-0.012082459203435536,427.5299926757813,422.4549957275391,411.0499979654948,403.2374984741211,396.6739990234375,390.844999186198,0
2023-05-25,432.5499877929688,450.0,420.0,421.0,1585965,Consumer Services,0.0301262064309602,-0.009411764705882342,0.03222843766384931,0.007194244604316502,427.889990234375,425.35499572753906,414.503330485026,406.21749725341795,399.2699987792969,393.3066650390626,1
2023-05-26,430.6499938964844,438.7000122070313,430.0,432.5499877929688,141869,Consumer Services,-0.00439254178731785,0.02743465033959347,-0.025111083984374893,0.023809523809523725,428.05999145507815,426.67499389648435,418.01666259765625,409.12249755859375,401.747998046875,395.66999816894537,0
2023-05-29,423.8999938964844,433.6499938964844,421.8500061035156,433.6499938964844,122883,Consumer Services,-0.015673981413366733,0.0025430727882531645,-0.011511324755021257,-0.018953474177870633,426.17999267578125,426.7049926757812,420.38999633789064,411.1124969482422,403.8159973144531,397.76166483561207,0
2023-05-30,424.3999938964844,428.0,421.0,425.0,82582,Consumer Services,0.0011795234895004558,-0.01994694804157937,-0.013028926498343418,-0.002014948657620863,426.2799926757813,427.6549926757813,422.47666219075523,413.1249969482422,405.9219970703125,399.7783315022787,1
2023-05-31,433.2000122070313,439.6000061035156,424.0499877929688,424.1000061035156,320288,Consumer Services,0.02073519895641973,-0.002117632697610339,0.027102817998868378,0.00724462658662417,428.93999633789065,428.23499450683596,424.6166625976563,415.5224975585937,408.377998046875,402.0516652425131,1
2023-06-01,433.4500122070313,440.8999938964844,430.6499938964844,434.8999938964844,191158,Consumer Services,0.0005771006300907544,0.02546566290388741,0.002957206039398086,0.015564217176060602,429.1200012207031,428.50499572753904,426.60999755859376,418.1574981689453,410.797998046875,404.24499918619796,1
2023-06-02,436.0,441.2000122070313,431.6499938964844,434.0499877929688,122323,Consumer Services,0.005883003163351441,-0.001954486354207363,0.0006804679398961788,0.0023220713204987753,430.19000244140625,429.1249969482422,427.84666341145834,421.05999755859375,413.33599853515625,406.48833211263025,1
2023-06-05,437.0499877929688,444.3500061035156,433.2000122070313,437.0,102663,Consumer Services,0.0024082288829558873,0.006796480336357602,0.007139605188873466,0.0035909147051178536,432.8200012207032,429.4999969482422,428.7433288574219,423.49749755859375,415.45399780273436,408.64999796549483,1
2023-06-06,433.7000122070313,446.6499938964844,432.1000061035156,440.0,166576,Consumer Services,-0.007664971237853924,0.006864988558352492,0.005176072378477503,-0.002539256861770256,434.68000488281257,430.47999877929686,429.9966634114583,425.52749786376955,417.4359985351563,410.7149983723959,0
2023-06-07,441.75,443.9500122070313,433.2999877929688,434.7999877929688,118339,Consumer Services,0.01856118876271995,-0.011818209561434534,-0.006044960766480645,0.002777092507528778,436.39000244140624,432.6649993896484,430.953330485026,427.55999755859375,419.69599853515626,413.0466654459636,1
2023-06-08,437.3999938964844,442.6499938964844,433.0499877929688,440.0499877929688,76134,Consumer Services,-0.009847212458439447,0.012074517358311887,-0.002928298850773947,-0.0005769674752897913,437.17999877929685,433.15,431.39666341145835,429.2524978637695,421.9619982910156,415.19499816894535,0
2023-06-09,433.1499938964844,439.9500122070313,430.3999938964844,437.3999938964844,76605,Consumer Services,-0.009716506765671817,-0.006022029246666394,-0.006099585963361576,-0.00611937183046718,436.60999755859376,433.4,431.6199971516927,430.03749694824216,424.16999755859376,417.2149983723959,0
2023-06-12,427.5499877929688,436.8500061035156,423.1000061035156,431.0,121743,Consumer Services,-0.012928560966005365,-0.014631902116576168,-0.007046268933973532,-0.016960938421213045,434.7099975585937,433.76499938964844,431.2366638183594,430.23499603271483,425.73999755859376,418.66333109537766,0
2023-06-13,430.9500122070313,433.0,424.7999877929688,427.5,41992,Consumer Services,0.007952343611594026,-0.008120649651972123,-0.008813107587786861,0.004017919321507302,434.1599975585938,434.4200012207031,431.7066650390625,431.03749694824216,427.2539978027344,420.2233317057292,1
2023-06-14,430.5,434.6000061035156,428.0,431.2000122070313,50295,Consumer Services,-0.0010442329603999045,0.008654999314693157,0.0036951642113525196,0.007532985637915601,431.9099975585938,434.15,432.4133321126302,431.19249725341797,428.42999755859375,421.73166503906253,0
2023-06-15,421.2999877929688,432.2000122070313,420.1000061035156,430.0,155502,Consumer Services,-0.021370527774753012,-0.0027829595850177302,-0.005522305252597448,-0.01845792966468307,428.6899963378907,432.93499755859386,431.66333211263026,430.7199966430664,429.13999755859373,423.08333129882817,0
2023-06-16,427.8999938964844,429.8500061035156,419.0499877929688,421.2999877929688,52974,Consumer Services,0.01566581128589739,-0.020232586527979546,-0.005437311515831267,-0.002499448453442965,427.6399963378907,432.12499694824226,431.4799987792969,430.6249969482422,429.55799682617186,424.74833068847664,1
2023-06-19,418.6499938964844,432.9500122070313,416.3500061035156,429.5499877929688,294653,Consumer Services,-0.02161720058878458,0.01958224599819869,0.0072118321728467105,-0.00644310170171658,425.85999755859376,430.2849975585938,431.12999877929695,429.89249725341796,429.3599963378906,425.7599975585938,0
2023-06-20,420.2000122070313,426.1000061035156,417.3500061035156,420.0,109503,Consumer Services,0.0037024204780717884,-0.022232541181148036,-0.015821702068090193,0.0024018253520845523,423.7099975585937,428.93499755859375,430.8500000000001,429.70749816894534,429.5719970703125,426.66333109537766,1
2023-06-21,419.0499877929688,424.8999938964844,412.5499877929688,421.7999877929688,98301,Consumer Services,-0.002736850025353843,0.004285685221354196,-0.0028162689271112873,-0.011501181838622698,421.4199951171875,426.6649963378906,429.90666503906255,429.66499786376954,429.23799682617187,427.2616638183594,0
2023-06-22,410.2000122070313,421.8500061035156,408.3500061035156,416.9500122070313,81655,Consumer Services,-0.021119140541079884,-0.01149828289781274,-0.0071781309408816,-0.010180540089025247,419.2,423.9449981689453,428.35666503906253,428.54749908447263,428.41599731445314,427.4833312988282,0
2023-06-23,407.3500061035156,412.6499938964844,401.5499877929688,411.9500122070313,209254,Consumer Services,-0.006947844999276254,-0.011991845193944473,-0.02180872839616299,-0.016652426126872677,415.0900024414062,421.36499938964846,426.4466654459636,427.3824996948242,427.517998046875,427.146664428711,0
2023-06-26,414.9500122070313,421.8999938964844,407.3999938964844,411.9500122070313,187903,Consumer Services,0.018657189123950424,0.0,0.022416091449938058,0.014568562523607165,414.35000610351574,420.10500183105466,424.9733337402344,426.93500061035155,426.7839990234375,426.8583312988282,1
2023-06-27,420.0,425.7999877929688,415.6000061035156,416.0499877929688,150875,Consumer Services,0.012170111204742096,0.009952604598727488,0.009243882324969421,0.020127668949142752,414.31000366210947,419.01000061035154,424.059999593099,426.71500091552736,426.6279992675781,427.0283315022787,1
2023-06-28,427.1499938964844,435.0,421.5,421.8999938964844,453570,Consumer Services,0.017023794991629426,0.014060825081496198,0.021606417263460242,0.014196327742629578,415.9300048828125,418.675,423.08666585286466,426.4125,426.9179992675781,427.0199981689454,1
2023-06-30,429.1000061035156,437.6000061035156,427.1499938964844,429.5,304617,Consumer Services,0.0045651696942405895,0.018013762060826943,0.0059770255253233096,0.013404493230093406,419.7100036621094,419.4550018310547,422.5333333333334,426.1949996948242,426.78,426.9649983723959,1
2023-07-03,441.2999877929688,442.0,430.5,433.0,274185,Consumer Services,0.02843155794901131,0.008149010477299212,0.010054830519000468,0.007842692617075153,426.5,420.7950012207031,423.07666625976566,426.45999908447266,427.20599975585935,427.34833170572915,1
2023-07-04,434.25,445.7999877929688,431.25,444.0,210982,Consumer Services,-0.01597549963286249,0.025404157043879882,0.008597257450155604,0.0017421602787457413,430.35999755859376,422.35500183105466,423.5233337402344,426.3199996948242,427.62,427.3799987792969,0
2023-07-05,443.2999877929688,444.0,435.5,438.3999938964844,106733,Consumer Services,0.020840501538212486,-0.012612626359269408,-0.00403765778882148,0.009855072463768044,435.0199951171875,424.6649993896484,424.34666544596354,426.7999984741211,428.37599975585937,428.02666524251305,1
2023-07-06,442.7000122070313,448.0,440.2999877929688,443.9500122070313,125200,Consumer Services,-0.0013534301882672795,0.012659713475857037,0.009009009009008917,0.011021785976966347,438.1299987792969,427.0300018310547,425.159999593099,426.84749908447264,428.75599975585936,428.7866658528646,0
2023-07-07,449.8500061035156,452.5,437.0,440.1000061035156,192668,Consumer Services,0.016150878019719928,-0.008672161274139722,0.010044642857142794,-0.007494862331271501,442.2799987792969,430.9950012207031,427.06333414713544,427.4699996948242,429.41199951171876,429.3633331298828,1
2023-07-10,450.5499877929688,461.8999938964844,442.2000122070313,452.0,204559,Consumer Services,0.001556033522187139,0.02703929500443003,0.020773467174551197,0.011899341434854271,444.12999877929695,435.3149993896485,428.5733337402344,428.33999938964854,429.9939990234376,430.02666625976565,1
2023-07-11,449.3500061035156,463.0,448.0,450.6000061035156,469037,Consumer Services,-0.00266337081781165,-0.0030973316293901876,0.00238148109558578,0.013116209029531145,447.1500000000001,438.7549987792969,430.6200012207031,429.4300003051759,430.48599975585944,430.875,0
2023-07-12,458.5499877929688,460.0,448.0,453.7999877929688,1055581,Consumer Services,0.02047397699897613,0.007101601522655265,-0.006479481641468721,0.0,450.2,442.60999755859376,433.1766662597656,430.80999908447274,431.4799987792969,432.0133331298828,1
2023-07-13,456.5499877929688,461.8999938964844,453.6000061035156,460.0,452960,Consumer Services,-0.004361574644513921,0.013662433613505831,0.004130421514096483,0.012500013623918838,452.9699951171875,445.5499969482422,435.6766662597656,432.1124984741212,432.0719982910157,432.7916656494141,0
2023-07-14,452.2999877929688,457.4500122070313,446.8500061035156,453.1000061035156,142228,Consumer Services,-0.009308947790241162,-0.014999986731487724,-0.009634080424886005,-0.014880952180718388,453.4599914550781,447.8699951171875,438.48333129882815,433.6624984741212,432.6679980468751,433.4199981689453,0
2023-07-17,459.6499938964844,462.0,450.8500061035156,452.25,135820,Consumer Services,0.016250290298216674,-0.0018759790158144884,0.009946415283752286,0.008951549614779175,455.2799926757813,449.7049957275391,441.9699971516927,435.2499984741212,433.7279980468751,434.2083312988281,1
2023-07-18,466.7000122070313,468.9500122070313,454.0,461.5499877929688,400533,Consumer Services,0.015337797028524891,0.020563820437742075,0.015043316465435774,0.006986789073617494,458.74999389648445,452.9499969482422,445.4199971516927,437.65249938964854,435.29399902343755,435.19666544596356,1
2023-07-19,461.2999877929688,470.0,457.3500061035156,468.8999938964844,85001,Consumer Services,-0.011570654109319012,0.015924615530078734,0.0022390185854290756,0.007378868069417566,459.29999389648447,454.7499969482422,448.17332967122394,439.7074981689454,436.50799804687506,436.1166646321615,0
2023-07-20,457.8500061035156,462.7999877929688,446.2999877929688,460.25,97313,Consumer Services,-0.007478824584321364,-0.018447417379139464,-0.015319174908577038,-0.02416096679365909,459.55999755859375,456.26499633789064,450.2199971516927,441.64749908447277,437.6019982910157,436.65333150227866,0
2023-07-21,458.7999877929688,470.2999877929688,454.5499877929688,456.8999938964844,168530,Consumer Services,0.0020748753451766966,-0.007278666167334302,0.016205704835400958,0.0184853242788503,460.85999755859376,457.1599945068359,452.1999959309896,444.0774978637696,439.1019982910157,437.3666646321615,1
2023-07-24,465.0,467.6000061035156,451.1000061035156,462.9500122070313,113182,Consumer Services,0.013513540479493047,0.013241449751294265,-0.0057409775877811375,-0.007589884021786619,461.92999877929685,458.60499572753906,453.7799967447917,446.95999755859384,440.5859985351563,438.42833150227864,1
2023-07-25,470.2999877929688,472.0,463.25,465.7000122070313,78185,Consumer Services,0.011397823210685498,0.005940166168027172,0.009409738749041718,0.026934147045203805,462.6499938964844,460.6999938964844,456.18332926432294,449.7274963378907,442.6519982910157,439.85333150227865,1
2023-07-26,466.0,474.7000122070313,461.3500061035156,470.25,114041,Consumer Services,-0.009143074430318143,0.009770211882549784,0.00572036484540539,-0.004101443921175174,463.5899963378906,461.4449951171875,457.69666341145836,452.02749633789074,444.48399780273445,441.02166442871095,0
2023-07-27,488.75,497.0,468.3999938964844,468.4500122070313,453470,Consumer Services,0.04881974248927046,-0.003827725237573021,0.04697701120606457,0.015281213178063524,469.7699951171875,464.6649963378906,460.76666259765625,455.1074966430665,447.2719982910157,442.9633310953776,1
2023-07-28,475.1000061035156,490.0,471.5,490.0,169943,Consumer Services,-0.02792837625879152,0.04600274785230374,-0.014084507042253502,0.006618288095453506,473.0299987792969,466.9449981689453,462.4499959309896,457.4074966430665,449.8679980468751,444.7566650390625,0
2023-07-31,489.0,495.0,479.0,495.0,502683,Consumer Services,0.029256985303965255,0.010204081632652962,0.010204081632652962,0.01590668080593849,477.8299987792969,469.8799987792969,465.013330078125,459.79249725341805,453.1339978027344,446.7933319091797,1
2023-08-01,482.7000122070313,492.25,481.0,489.75,93549,Consumer Services,-0.012883410619567881,-0.010606060606060619,-0.005555555555555536,0.0041753653444676075,480.31000366210935,471.479998779297,467.23666381835943,462.2149978637696,455.84399780273446,448.92833251953124,0
2023-08-02,481.7000122070313,492.1499938964844,480.0,483.5499877929688,195277,Consumer Services,-0.0020716800801966473,-0.01265954508837408,-0.00020316120571994833,-0.0020790020790020236,483.45000610351565,473.5200012207032,468.77999877929693,464.1349990844727,458.3119982910157,450.97833251953125,0
2023-08-03,469.9500122070313,486.0,467.7999877929688,482.5,149704,Consumer Services,-0.02439277496831349,-0.0021714151989976616,-0.012496177939154696,-0.025416692097981697,479.69000854492185,474.7300018310548,469.67333374023445,465.4974990844727,460.02399902343757,452.675,0
2023-08-04,486.8999938964844,489.8500061035156,471.9500122070313,471.9500122070313,117236,Consumer Services,0.03606762687344278,-0.021865259674546556,0.007921823258262517,0.008871364947318439,482.0500061035156,477.54000244140633,471.9800008138021,467.3499984741211,462.3359985351563,455.2316660563151,1
2023-08-07,474.25,492.7000122070313,472.0499877929688,489.5,151355,Consumer Services,-0.02598068197793768,0.03718611577293496,0.005818119971429336,0.00021183511675304523,479.1000061035156,478.46500244140634,472.95333455403653,468.53499908447264,463.65399902343756,457.4616658528646,0
2023-08-08,478.7999877929688,486.0,475.0,475.0,103553,Consumer Services,0.009594070201304872,-0.02962206332992845,-0.013598563103375705,0.006249364015077585,478.32000122070315,479.31500244140625,473.759999593099,470.0074981689453,465.43599853515633,459.5899983723958,1
2023-08-09,507.9500122070313,511.0,479.9500122070313,480.7000122070313,448130,Consumer Services,0.06088142263417695,0.012000025699013372,0.05144032921810693,0.010421078330592248,483.5700012207032,483.5100036621094,476.87000122070316,472.4774993896484,468.02199951171883,462.52166544596355,1
2023-08-10,484.2999877929688,511.0,482.25,511.0,414363,Consumer Services,-0.046559747702935694,0.06303304976809287,0.0,0.004792140294761715,486.43999633789065,483.06500244140625,478.6333333333334,473.86499938964846,469.6859985351563,464.426665242513,0
2023-08-11,492.2000122070313,503.0,485.0499877929688,486.2999877929688,274650,Consumer Services,0.016312254002037285,-0.04833661880045248,-0.015655577299412915,0.0058060918464879485,487.5,484.77500305175784,480.8600016276042,475.86000061035156,471.3799987792969,466.5299987792969,1
2023-08-14,484.3999938964844,499.7999877929688,478.8999938964844,492.0,192667,Consumer Services,-0.015847253387035742,0.011721185173991566,-0.0063618532942966155,-0.012679092982699758,489.5299987792969,484.31500244140625,482.1533345540365,477.0975006103516,472.7339990234375,467.96666564941404,0
2023-08-16,479.8999938964844,490.75,477.0,485.5,120497,Consumer Services,-0.009289843221925498,-0.013211382113821113,-0.018107218915574652,-0.0039674126554595235,489.75,484.0350006103516,482.7933349609375,477.7574996948242,473.95599853515625,469.4883321126302,0
2023-08-17,482.2000122070313,490.6000061035156,479.1000061035156,479.8500061035156,523364,Consumer Services,0.004792703354447259,-0.011637474555065697,-0.0003056421731724157,0.004402528518900661,484.6,484.0850006103516,483.8733357747396,478.80250091552733,474.90199951171877,470.784999593099,1
2023-08-18,490.4500122070313,494.0,483.0,483.3500061035156,104303,Consumer Services,0.017109082934775754,0.007293945932023149,0.006930276914360656,0.008140250149864858,485.8300048828126,486.13500061035154,483.986669921875,480.4325012207031,476.25800048828125,472.37666625976567,1
2023-08-21,503.2999877929688,507.4500122070313,491.0499877929688,492.0,260970,Consumer Services,0.02620037774718864,0.017895921769434775,0.027226745358363003,0.01666664139331009,488.05,487.775,485.8666687011719,482.6575012207031,478.2980004882813,474.1583323160808,1
2023-08-22,528.6500244140625,535.0,498.8999938964844,503.2999877929688,625976,Consumer Services,0.05036764799509874,0.02296745486375773,0.05429103779729294,0.015986164949922,496.90000610351564,493.2150024414062,488.5100036621094,485.8400024414062,481.05800170898436,476.76166687011727,1
2023-08-23,520.9500122070312,534.7999877929688,516.0999755859375,534.7999877929688,237962,Consumer Services,-0.014565424858469789,0.06258692780449149,-0.00037385459258176823,0.03447581058303628,505.110009765625,497.4300048828125,491.06000366210935,488.37250366210935,483.2280017089844,479.1483337402344,0
2023-08-24,523.2999877929688,533.9500122070312,517.4000244140625,523.5,193410,Consumer Services,0.004510942568139553,-0.0211293718229163,-0.0015893335926300267,0.00251898641663173,513.3300048828125,498.9650024414062,493.8333353678385,491.2375030517578,485.7080017089844,481.3066670735678,1
2023-08-25,522.5499877929688,528.9500122070312,512.7999877929688,523.5,106687,Consumer Services,-0.0014332123399488639,0.0,-0.009364172461262754,-0.008890677240116385,519.75,502.7900024414063,497.340000406901,492.92750244140626,488.2960009765625,483.50666707356777,0
2023-08-28,523.9500122070312,527.75,506.8999938964844,524.4000244140625,123804,Consumer Services,0.002679216241063598,0.00171924434395887,-0.0022686684551234126,-0.011505448589960499,523.8800048828125,505.9650024414062,499.81000162760415,495.37000274658203,490.902001953125,485.8950012207032,1
2023-08-29,523.6500244140625,528.2999877929688,521.5999755859375,526.4000244140625,51855,Consumer Services,-0.0005725504074427512,0.0038138823548581335,0.001042136983360864,0.028999766949010963,522.8800048828125,509.89000549316404,503.10333658854165,497.10250396728514,493.2480029296875,488.0283355712891,0
2023-08-30,541.75,544.0,524.0,526.7000122070312,269596,Consumer Services,0.03456502385575266,0.0005698855985096785,0.029717987071360197,0.004601274015334056,527.0400024414063,516.0750061035156,507.3000040690104,500.0550033569336,496.10600341796874,490.53000183105473,1
2023-08-31,551.2000122070312,555.0,536.0,553.5,247866,Consumer Services,0.01744349276793944,0.05088283115975023,0.020220588235294157,0.022900763358778553,532.6200073242187,522.9750061035156,510.18333740234374,503.5300033569336,499.51400390625,493.5266693115235,1
2023-09-01,540.75,551.75,537.1500244140625,550.0,133675,Consumer Services,-0.01895865743033809,-0.006323396567298967,-0.005855855855855907,0.0021455679366837455,536.260009765625,528.0050048828125,513.9466715494792,507.070002746582,501.59400390625,496.29000244140633,0
2023-09-04,535.5999755859375,559.9500122070312,530.1500244140625,552.0,149648,Consumer Services,-0.009523854672330079,0.0036363636363636598,0.01486182547717485,-0.013031741006873765,538.5900024414062,531.2350036621094,516.8400024414062,509.5050018310547,504.01400268554687,498.8500020345053,0
2023-09-05,529.4500122070312,541.2000122070312,526.4000244140625,536.0,220488,Consumer Services,-0.011482381738681546,-0.02898550724637683,-0.03348513187114199,-0.007073469446963854,539.75,531.3150024414062,519.8433369954427,512.2650024414063,505.63200317382814,500.99833577473964,0
2023-09-06,539.2999877929688,544.6500244140625,528.25,531.9000244140625,333612,Consumer Services,0.018604165376968407,-0.0076492081827191916,0.006374745249842162,0.0035143911476764877,539.2599975585938,533.15,523.8033365885417,515.2900024414063,507.8960021972656,503.29833577473966,1
2023-09-07,546.0999755859375,547.3499755859375,534.0,541.9000244140625,175056,Consumer Services,0.012608915162036327,0.018800525551800673,0.004957222162579766,0.010884997633696214,538.239990234375,535.4299987792969,528.0633341471354,517.1975006103515,510.47200073242186,505.96833496093757,1
2023-09-08,565.2999877929688,568.0,546.7000122070312,548.0,295073,Consumer Services,0.03515841982309298,0.011256643866242921,0.03772727749180338,0.0237827943951896,543.1499877929688,539.7049987792968,533.0533325195313,521.2475006103516,514.2859997558594,508.5200012207032,1
2023-09-11,574.7999877929688,580.7999877929688,566.9500122070312,567.0,225504,Consumer Services,0.016805236520682998,0.034671532846715314,0.022535189776353493,0.0370404235373083,550.989990234375,544.7899963378907,537.819999186198,525.3774993896484,517.8019995117188,511.84333394368497,1
2023-09-12,567.4500122070312,581.1500244140625,563.0,578.5999755859375,265790,Consumer Services,-0.012787014164977406,0.02045851073357574,0.0006026801454039887,-0.006967126063997409,558.589990234375,549.1699951171875,540.4066650390625,529.5300003051758,521.53,514.458334350586,0
2023-09-13,560.0,574.9000244140625,557.0,567.3499755859375,74404,Consumer Services,-0.01312893126577841,-0.019443485092800694,-0.010754537963413968,-0.010657193605683846,562.7299926757812,550.9949951171875,543.0099975585938,533.5350006103515,524.7780004882812,517.0350006103516,0
2023-09-14,564.1500244140625,567.0999755859375,557.8499755859375,562.5,40993,Consumer Services,0.007410757882254426,-0.00854847236210532,-0.013567661326984282,0.001525988484627483,566.3400024414062,552.2899963378907,545.7333333333333,537.6325012207031,527.0260009765625,519.783334350586,1
2023-09-15,559.9500122070312,573.6500244140625,557.0499877929688,566.8499755859375,106076,Consumer Services,-0.007444849818793231,0.007733289930555554,0.011550077781889101,-0.001434055441390858,565.2700073242188,554.2099975585937,548.2266682942708,541.1075012207032,530.052001953125,522.783334350586,0
2023-09-18,561.3499755859375,572.0,552.0,561.9500122070312,129380,Consumer Services,0.002500157779063761,-0.008644197918225682,-0.0028763607493050847,-0.009065591784638172,562.5800048828125,556.7849975585938,550.7199991861979,544.0100006103515,532.8180004882812,525.2650004069011,1
2023-09-20,549.9500122070312,568.1500244140625,546.6500244140625,561.0,218709,Consumer Services,-0.02030812126963566,-0.0016905635490603865,-0.00673072654884177,-0.009691984757133176,559.0800048828125,558.8349975585937,552.4733317057292,545.075,535.4400012207032,527.7883341471355,0
2023-09-21,540.4000244140625,551.7000122070312,537.0499877929688,549.5,65702,Consumer Services,-0.01736519243747847,-0.02049910873440286,-0.02895364164420533,-0.01756157722920393,555.160009765625,558.9450012207031,552.3833333333333,546.0475006103516,537.8600024414062,529.8416687011719,0
2023-09-22,549.25,551.7000122070312,540.4000244140625,540.4000244140625,108748,Consumer Services,0.016376712039443797,-0.01656046512454501,0.0,0.0062378487985093045,552.1800048828125,559.2600036621094,552.2533325195312,547.3450012207031,540.542001953125,531.2183349609376,1
2023-09-25,546.4500122070312,552.7000122070312,544.0,550.0,105113,Consumer Services,-0.005097838494253493,0.017764572820562652,0.0018125792602388113,0.006661686571611147,549.4800048828125,557.3750061035156,552.6333333333333,548.5400024414063,542.782001953125,533.2900024414063,0
2023-09-26,557.0499877929688,560.5,541.2000122070312,546.4500122070312,224054,Consumer Services,0.019397886996334268,-0.006454523259943223,0.014112516049749946,-0.0051470363841337186,548.6200073242187,555.6000061035156,554.0633341471354,550.1950012207031,544.932001953125,535.4516682942709,1
2023-09-27,548.5499877929688,564.5499877929688,546.2999877929688,558.9000244140625,209578,Consumer Services,-0.015258953749693105,0.022783442087863648,0.007225669568186932,0.009423458002411511,548.3400024414062,553.7100036621093,555.3366658528646,551.4399993896484,545.7280004882813,537.5900014241537,0
2023-09-28,550.2999877929688,556.25,544.2000122070312,549.9000244140625,125609,Consumer Services,0.003190228855971533,-0.01610305887790109,-0.01470195371966343,-0.003843997131358745,550.3199951171875,552.7400024414062,556.069999186198,551.8674987792969,546.9019995117187,539.9366678873698,1
2023-09-29,557.4500122070312,562.4000244140625,544.9500122070312,551.5,269861,Consumer Services,0.012992957609790912,0.002909575404442588,0.011056223665730336,0.001378169759604253,551.9599975585937,552.0700012207031,556.8266682942708,552.1799987792969,548.2680004882812,542.4450012207031,1
2023-10-03,566.9000244140625,597.0,557.0499877929688,557.0499877929688,1142864,Consumer Services,0.01695221454856055,0.010063441147722063,0.0615220022829579,0.022203826616927547,556.05,552.7650024414063,556.9333374023438,553.4875,550.042001953125,544.9933349609375,1
2023-10-04,577.6500244140625,583.5999755859375,567.1500244140625,569.9000244140625,203233,Consumer Services,0.018962779215102366,0.023068013468603654,-0.02244560203360557,0.01813129313782058,560.1700073242188,554.3950073242188,557.12333984375,555.5900024414062,552.1900024414062,547.471669514974,1
2023-10-05,593.2999877929688,600.0,580.2000122070312,584.7999877929688,258350,Consumer Services,0.02709246553703637,0.026144872329538105,0.028101482351154727,0.023009763256998994,569.1200073242187,558.7300048828125,558.8466715494792,558.7825012207031,554.9760009765625,549.6266682942709,1
2023-10-06,609.0499877929688,621.0,589.0,592.0999755859375,669974,Consumer Services,0.026546435739176033,0.01248287952350835,0.03499999999999992,0.015167162371290566,580.8700073242187,565.5950012207031,562.1166707356771,562.2700012207031,557.6680004882812,552.5633341471354,1
2023-10-09,589.7000122070312,604.3499755859375,585.0,599.0,320928,Consumer Services,-0.03177075112677785,0.01165347863295274,-0.02681163351700888,-0.006791171477079749,587.3200073242188,569.6400024414063,563.8200032552083,564.4500030517578,559.2080004882813,554.7766682942708,0
2023-10-10,599.5999755859375,605.0,589.6500244140625,596.9000244140625,80930,Consumer Services,0.016788134939754062,-0.003505802313752082,0.001075576140186385,0.007948759682158135,593.8599975585937,574.9549987792968,566.4633341471355,566.1650024414063,561.5619995117188,557.3450012207031,1
2023-10-11,605.7000122070312,620.0,601.5,604.0,185098,Consumer Services,0.010173510456088275,0.011894748359085883,0.024793388429751984,0.0200966252782111,599.4699951171875,579.8200012207031,569.4200032552084,567.7100036621093,564.3660009765625,560.0700012207031,1
2023-10-12,607.7999877929688,612.0,601.0,605.0,115230,Consumer Services,0.003467022525368124,0.0016556291390728006,-0.012903225806451646,-0.0008312551953449931,602.3699951171875,585.7450012207031,573.2766682942708,569.7275024414063,567.5,562.875,1
2023-10-13,595.5499877929688,604.9500122070312,593.0999755859375,603.5,105669,Consumer Services,-0.020154656541672478,-0.0024793388429752428,-0.0115195878970078,-0.013144799357841075,599.6699951171875,590.2700012207031,576.9533325195313,571.5050018310546,569.75,564.6683329264323,0
2023-10-16,592.2999877929688,598.9500122070312,587.2999877929688,597.5499877929688,64180,Consumer Services,-0.005457140570255148,-0.009859175156638367,-0.009918174855655049,-0.009779106443629226,600.189990234375,593.7549987792969,579.8233317057292,572.9125,571.5980004882813,566.0383321126302,0
2023-10-17,598.9000244140625,607.0,590.4000244140625,595.0,93526,Consumer Services,0.011143063915443951,-0.004267404978765099,0.013440166339267368,0.00527845510902103,600.05,596.9549987792968,583.319999186198,574.8600006103516,572.942001953125,567.9766662597656,1
2023-10-18,588.0499877929688,600.0,585.2999877929688,599.0,88752,Consumer Services,-0.0181166074115775,0.006722689075630228,-0.011532125205930832,-0.008638273052504086,596.5199951171875,597.9949951171875,585.3866658528646,576.1950012207031,573.472001953125,569.725,0
2023-10-19,581.2999877929688,587.4000244140625,579.0,586.8499755859375,58901,Consumer Services,-0.011478616002244424,-0.020283847101940755,-0.020999959309895844,-0.010763690285941263,591.2199951171875,596.7949951171875,587.569999186198,577.7625,574.0260009765625,571.4533325195313,0
2023-10-20,582.1500244140625,588.6500244140625,573.8499755859375,581.2999877929688,59302,Consumer Services,0.0014623028366491653,-0.009457251467766326,0.0021280217024963743,-0.008894688107189075,588.5400024414063,594.1049987792969,589.6933349609375,579.85,574.912001953125,572.8816670735677,1
2023-10-23,563.2000122070312,587.9000244140625,555.3499755859375,584.3499755859375,79840,Consumer Services,-0.03255176743504318,0.005246839595762998,-0.0012741017054175297,-0.03223839119468519,582.7200073242187,591.4549987792968,590.0766682942708,580.5475006103516,574.8740014648438,573.4516682942708,0
2023-10-25,559.7000122070312,584.0,535.0999755859375,572.7999877929688,157133,Consumer Services,-0.0062144885016682805,-0.019765531403312497,-0.006633822507405962,-0.036463493094844646,574.8800048828125,587.4650024414062,589.5966674804688,581.2100006103516,574.8640014648438,573.2650024414063,0
2023-10-26,557.25,575.0,542.5499877929688,574.0,488379,Consumer Services,-0.004377366720737186,0.002094993422843805,-0.015410958904109595,0.01392265473171328,568.7200073242187,582.6200012207031,588.2366658528646,581.2200012207031,574.7000024414062,572.6800028483073,0
2023-10-27,562.5,570.0,555.2000122070312,561.0499877929688,198076,Consumer Services,0.009421265141319024,-0.02256099687636104,-0.008695652173912993,0.023315868949737473,564.960009765625,578.0900024414062,586.1833333333333,581.9175018310547,575.202001953125,572.5150024414063,1
2023-10-30,549.8499755859375,563.7999877929688,546.0,561.7000122070312,150541,Consumer Services,-0.022488932291666708,0.0011585855595854788,-0.010877214398300472,-0.016570626809713773,558.5,573.5200012207031,582.2366658528646,581.8950012207031,575.58,572.1766682942708,0
2023-10-31,547.6500244140625,558.9500122070312,536.8499755859375,550.9500122070312,97568,Consumer Services,-0.004001002581714541,-0.019138329653512254,-0.008602298139315345,-0.016758286472641992,555.3900024414063,569.0550048828125,579.4333333333333,581.4050018310547,575.5160009765625,571.6266682942709,0
2023-11-01,558.4500122070312,569.7999877929688,545.0,545.0,258192,Consumer Services,0.019720601317463338,-0.01079955000490207,0.019411352265824355,0.015181195463718211,555.1400024414063,565.0100036621094,576.6900024414062,580.9825012207032,575.9960009765625,571.5766682942708,1
2023-11-02,570.5499877929688,584.7999877929688,560.6500244140625,566.2999877929688,414131,Consumer Services,0.021667070143158496,0.0390825464091169,0.02632502688899696,0.028715641126720204,557.8,563.2600036621094,574.3466674804688,580.6274993896484,576.5360009765625,571.8833353678385,1
2023-11-03,581.0999755859375,584.0,568.5999755859375,572.0499877929688,236308,Consumer Services,0.01849090880499138,0.010153629037516598,-0.001367968210785886,0.014179881968583663,561.5199951171875,563.2400024414062,572.5666666666667,580.0174987792968,577.8380004882813,572.9216674804687,1
2023-11-06,582.0499877929688,586.5,576.5,585.75,147663,Consumer Services,0.0016348515693420662,0.023948977361029966,0.0042808219178083196,0.013893817715911139,567.9599975585937,563.2299987792969,571.6666666666666,578.6674987792969,579.1080004882813,574.309999593099,1
2023-11-07,577.0,588.0,571.7000122070312,584.0,109835,Consumer Services,-0.008676209773867405,-0.0029876227059325577,0.002557544757033181,-0.008326084636545938,573.8299926757812,564.6099975585937,570.6466674804688,578.0324981689453,579.89,575.2349995930989,0
2023-11-08,580.0499877929688,587.5,576.4500122070312,577.9000244140625,124769,Consumer Services,0.005285940715717086,-0.010445163674550506,-0.0008503401360544505,0.008308553259711804,578.1499877929688,566.6449951171875,569.3899983723958,577.0549987792969,580.4159985351563,576.3549987792969,1
2023-11-09,588.4500122070312,594.4000244140625,578.0999755859375,582.5499877929688,80877,Consumer Services,0.014481552608980763,0.008046311096146619,0.011744722406914931,0.0028622835353737663,581.7299926757812,569.7649963378906,569.4166666666666,576.1924987792969,580.847998046875,577.4016662597656,1
2023-11-10,584.2999877929688,594.0,582.0,588.0,85755,Consumer Services,-0.007052467207023239,0.009355441286127197,-0.0006729885559086934,0.006746280191604503,582.3699951171875,571.9449951171875,569.6166666666667,575.0174987792968,580.487998046875,578.5933329264323,0
2023-11-13,595.7000122070312,599.4000244140625,580.3499755859375,584.2999877929688,125033,Consumer Services,0.01951056760607317,-0.006292537767059958,0.009090950192024438,-0.0028350934949527007,585.1,576.5299987792969,570.5199991861979,575.025,579.9539990234375,580.1066670735677,1
2023-11-15,596.8499755859375,603.6500244140625,592.0,602.2999877929688,69231,Consumer Services,0.0019304404152111765,0.030806093404160517,0.0070904234682915845,0.02007413613190967,589.0699951171875,581.4499938964843,572.763330078125,575.2524993896484,580.2399975585937,581.419999186198,1
2023-11-16,602.3499755859375,607.9000244140625,595.7999877929688,598.9000244140625,280968,Consumer Services,0.009215046033302698,-0.0056449667073128484,0.007040503318334723,0.006418898298933717,593.5299926757813,585.839990234375,575.6066609700521,575.4249969482422,580.3499975585937,582.6016642252604,1
2023-11-17,586.75,604.7999877929688,582.1500244140625,603.7999877929688,117041,Consumer Services,-0.025898524476177798,0.00818160490759734,-0.00509958298501767,-0.022910311612240886,593.189990234375,587.4599914550781,577.5733276367188,575.3599975585937,579.5919970703125,582.9049967447917,0
2023-11-20,601.9000244140625,604.4000244140625,585.6500244140625,586.75,86947,Consumer Services,0.025820237603855878,-0.02823780744893767,-0.0006613151239731607,0.00601219591723412,596.7099975585937,589.5399963378907,580.1999959309895,576.3899993896484,579.3559985351562,583.1916646321614,1
2023-11-21,597.0,612.0,590.3499755859375,606.6500244140625,122470,Consumer Services,-0.008140927422012556,0.033915678592352005,0.012574413102159232,0.008025187357547203,596.9699951171875,591.0349975585938,583.343330891927,577.1324981689453,579.4139990234376,582.7899983723959,0
2023-11-22,582.2000122070312,606.0499877929688,578.0499877929688,601.6500244140625,130699,Consumer Services,-0.024790599318205597,-0.008241984338217545,-0.009722242168351714,-0.02083507800734763,594.0400024414063,591.5549987792969,585.6466634114583,578.0824981689453,579.01,582.5399983723959,0
2023-11-23,585.0,589.9500122070312,578.0,583.9000244140625,57074,Consumer Services,0.004809322800173765,-0.02950220107991597,-0.026565425146807153,-8.647659203242508e-05,590.5700073242188,592.05,587.4166625976562,579.3474975585938,578.4539990234375,582.0533325195313,1
2023-11-24,587.9000244140625,590.0,581.0499877929688,585.1500244140625,39276,Consumer Services,0.004957306690705154,0.002140777440888808,8.473225177452193e-05,0.005276795489565389,590.8000122070313,591.9950012207031,588.5733317057292,580.8799987792969,578.4480004882812,581.4599995930989,1
2023-11-28,588.3499755859375,598.5,587.0,591.9000244140625,135833,Consumer Services,0.0007653532117530837,0.011535503235702738,0.014406779661017,0.010240103832772629,588.0900024414062,592.4,589.0566650390625,582.1724975585937,578.73,580.8116658528646,1
2023-11-29,585.5999755859375,592.9000244140625,581.0999755859375,592.9000244140625,65558,Consumer Services,-0.004674088746687288,0.0016894745037219216,-0.009356684354114408,-0.01005114891663117,585.8099975585938,591.3899963378906,589.2933308919271,583.9599975585937,578.867998046875,580.4799987792969,0
2023-11-30,589.75,591.2000122070312,581.3499755859375,588.5,160098,Consumer Services,0.0070867906200133834,-0.007421191150077666,-0.0028672830781399927,0.0004302185690989724,587.3199951171875,590.6799987792969,590.1433308919271,586.0649963378906,579.9299975585938,580.3949991861979,1
2023-12-01,584.5999755859375,594.0,575.0999755859375,588.0,323445,Consumer Services,-0.008732555174332357,-0.000849617672047609,0.004736109159598989,-0.010750839016894553,587.239990234375,588.9049987792969,590.4466634114583,587.3724945068359,580.92599609375,579.9183308919271,0
2023-12-04,578.5499877929688,598.7999877929688,574.0999755859375,588.0999755859375,242472,Consumer Services,-0.010348936102682726,0.00017002650669639685,0.008080787530250433,-0.001738828103724277,585.3699829101563,588.0849975585937,589.7866617838541,587.772494506836,581.7779956054687,579.6016642252604,0
2023-12-05,569.4000244140625,580.0,561.0499877929688,579.8499755859375,331126,Consumer Services,-0.01581533760602294,-0.014028227074453392,-0.031396105838714106,-0.02273121119653365,581.5799926757812,584.8349975585937,588.7933308919271,587.1874969482421,582.0539965820312,579.2049987792968,0
2023-12-06,589.5999755859375,594.9000244140625,570.0999755859375,572.2999877929688,401381,Consumer Services,0.03547585231079253,-0.013020588274302303,0.02568969726562509,0.016130448248593998,582.3799926757813,584.0949951171875,588.3866617838542,587.5649963378906,583.6439965820313,579.4533304850261,1
2023-12-07,590.5,594.75,578.5999755859375,593.9000244140625,169777,Consumer Services,0.001526500087059901,0.037742507569137995,-0.0002521842459332069,0.014909665609551759,582.5299926757813,584.9249938964844,587.963330078125,588.2399963378906,585.3579956054688,580.363330078125,1
2023-12-08,583.0,594.0,578.0999755859375,594.0,139305,Consumer Services,-0.012701100762066098,0.00016833739994570607,-0.0012610340479193294,-0.0008641548930133913,582.2099975585937,584.7249938964844,586.6733317057292,588.3874969482422,586.3399951171875,581.1399963378906,0
2023-12-11,589.5499877929688,590.8499755859375,577.0,583.0,888267,Consumer Services,0.011234970485366702,-0.01851851851851849,-0.005303071404145654,-0.001902742834096527,584.4099975585938,584.889990234375,586.8599975585937,588.442495727539,587.0999951171875,582.2166625976563,1
2023-12-12,614.5999755859375,620.7999877929688,587.1500244140625,589.9000244140625,2198805,Consumer Services,0.042490014946392485,0.011835376353451998,0.05068970710768039,0.01759103018035102,593.4499877929687,587.514990234375,587.7066609700521,589.9574951171875,588.4399951171876,583.9533284505209,1
2023-12-13,642.5999755859375,646.4000244140625,622.4000244140625,624.7999877929688,2031110,Consumer Services,0.04555808837009123,0.05916250539838819,0.041237173203088284,0.060035763491923966,604.0499877929688,593.214990234375,590.746659342448,592.3024932861329,590.8619946289062,587.0449951171875,1
2023-12-14,642.5,660.9000244140625,638.9000244140625,645.0,476235,Consumer Services,-0.00015557981595992754,0.032330365879783995,0.022431929845831533,0.026510281736465746,614.4499877929687,598.489990234375,594.7666585286458,594.584994506836,593.4819946289062,590.2066609700521,0
2023-12-15,677.25,686.7000122070312,636.5,642.0999755859375,764487,Consumer Services,0.0540856031128405,-0.004496161882267424,0.03903765598411413,-0.0037564944785587473,633.2999877929688,607.7549926757813,600.9166585286458,598.3299957275391,597.3699951171875,594.166660563151,1
2023-12-18,669.4000244140625,675.0,660.7000122070312,670.0,245769,Consumer Services,-0.0115909569375231,0.04345121550363373,-0.01703802533718879,0.038020443373183443,649.2699951171875,616.8399963378906,606.3499918619792,602.4624969482422,600.6079956054688,597.4616617838542,0
2023-12-19,668.5499877929688,677.8499755859375,660.5999755859375,669.4000244140625,165772,Consumer Services,-0.0012698485062616616,-0.0008954859491604461,0.004222186053240762,-0.00015141004880503406,660.0599975585938,626.7549926757813,611.6966593424479,605.7949951171875,603.9779956054688,600.3766621907552,0
2023-12-20,653.0,676.75,641.0999755859375,671.0,226179,Consumer Services,-0.02325927466441624,0.0023901636205316823,-0.0016227419422515377,-0.029518620527807182,662.1400024414063,633.0949951171875,616.1899943033854,608.5949951171875,606.2699951171875,602.7416625976563,0
2023-12-21,649.5999755859375,664.3499755859375,628.5499877929688,636.0,379721,Consumer Services,-0.005206775519238094,-0.05216095380029806,-0.018322902717491707,-0.01957571092012378,663.5599975585938,639.0049926757813,620.1799926757812,611.9649932861328,608.3799951171875,605.1616617838541,0
2023-12-22,653.25,674.0,646.3499755859375,652.0,158220,Consumer Services,0.0056188801589318604,0.02515723270440251,0.014525513311792304,0.02831912837270112,658.7599975585938,646.0299926757813,624.756660970052,615.3774932861328,610.41599609375,607.6016621907552,1
2023-12-26,649.8499755859375,668.9500122070312,645.0999755859375,653.25,165644,Consumer Services,-0.005204782876482961,0.0019171779141105016,-0.00749256349105154,-0.0019339367946394903,654.8499877929687,652.0599914550781,629.5099934895833,618.4749908447266,612.9399951171876,609.6483276367187,0
2023-12-27,659.2000122070312,669.5499877929688,644.6500244140625,654.9500122070312,143891,Consumer Services,0.014387992571151864,0.0026023914382415914,0.0008968915090650231,-0.0006974906044079354,652.9799926757812,656.5199951171875,635.496659342448,622.0174926757812,615.2319946289062,612.1449951171875,1
2023-12-28,679.0,684.5,647.4000244140625,662.0,369700,Consumer Services,0.030036388692830096,0.01076416163305649,0.022328448181010208,0.00426588054890642,658.1799926757812,660.1599975585938,641.4566609700521,626.6874938964844,618.5119946289062,614.9216613769531,1
2023-12-29,696.4500122070312,718.2000122070312,670.0,675.8499755859375,1730148,Consumer Services,0.02569957615173979,0.020921413271808964,0.049233034634085016,0.03490882720678279,667.55,665.5549987792969,648.5199951171875,632.022494506836,623.0819946289063,618.2416625976563,1
2024-01-01,687.75,700.9000244140625,684.1500244140625,699.0,188557,Consumer Services,-0.012491940633989174,0.03425320004486543,-0.024087980366090278,0.021119439423973985,674.45,666.6049987792969,655.5033284505208,637.1799957275391,627.1919946289063,621.088330078125,0
2024-01-02,677.7999877929688,692.5999755859375,674.0,692.5999755859375,260946,Consumer Services,-0.014467484125090913,-0.009155971980060795,-0.011841986787008096,-0.014835962949435566,680.0400024414063,667.4449951171875,661.3866617838542,642.1424957275391,630.7879931640625,624.1233296712239,0
2024-01-03,677.8499755859375,682.0499877929688,671.2999877929688,677.7999877929688,88637,Consumer Services,7.375006472276624e-05,-0.02136873854268906,-0.015232440318877383,-0.004005952829423176,683.7699951171875,668.3749938964844,665.6033284505208,647.5649932861328,634.3679931640625,626.6549947102865,1
2024-01-04,679.8499755859375,693.5,678.0499877929688,679.75,149681,Consumer Services,0.0029505053802962866,0.0028769729155364576,0.016787643738668034,0.010055117120129742,683.939990234375,671.0599914550781,668.0866617838542,652.0774932861328,638.1379931640626,629.416660563151,1
2024-01-05,685.0499877929688,690.0,678.1500244140625,683.25,104880,Consumer Services,0.0076487642770739495,0.0051489518205223295,-0.005046863734679219,0.00014753576121928624,681.6599853515625,674.6049926757812,670.9233276367188,656.8049926757812,641.9499926757812,632.8449930826823,1
2024-01-08,705.7000122070312,715.0,677.1500244140625,690.0,755792,Consumer Services,0.030143821300677498,0.009879253567508295,0.03623188405797095,-0.0014745999616589955,685.2499877929688,679.8499938964844,672.8199951171875,662.9399932861328,646.793994140625,636.8683268229166,1
2024-01-09,724.6500244140625,739.25,706.5,717.9000244140625,461956,Consumer Services,0.02685278713226369,0.04043481799139492,0.03391608391608392,0.04334338703056839,694.6199951171875,687.3299987792968,676.5033284505208,669.6949951171875,652.6379956054687,641.42666015625,1
2024-01-10,735.75,769.0,726.2000122070312,730.0,938119,Consumer Services,0.015317705391526992,0.016854680560588253,0.04024349002367256,0.027883952168480164,706.2,694.9849975585937,680.983329264323,675.7524963378906,659.2919946289062,646.3399943033854,1
2024-01-11,749.2000122070312,754.0499877929688,728.5499877929688,734.75,315690,Consumer Services,0.018280682578363905,0.006506849315068397,-0.019440848123577714,0.003235989460803834,720.0700073242188,702.0049987792969,687.3966634114583,681.0824981689453,665.67599609375,651.7933288574219,1
2024-01-12,749.0999755859375,762.4000244140625,746.3499755859375,752.2000122070312,183719,Consumer Services,-0.00013352458550963675,0.023749591299123907,0.011073584982785434,0.024432074794059178,732.8800048828125,707.2699951171875,694.0299967447917,686.4124969482422,672.0199951171875,657.1049947102864,0
2024-01-15,740.1500244140625,759.25,732.75,755.0,178215,Consumer Services,-0.011947605744980105,0.0037223979626819226,-0.004131721292222501,-0.018221981685281885,739.7700073242188,712.5099975585938,699.8233317057292,689.5574981689454,678.30599609375,662.2899963378907,0
2024-01-16,719.1500244140625,743.7000122070312,716.75,743.7000122070312,173877,Consumer Services,-0.028372626234288933,-0.01496687124896523,-0.02048072149222091,-0.02183555100648238,738.6700073242188,716.6450012207031,704.4433349609375,692.0449981689453,683.4899975585937,666.9766642252604,0
2024-01-17,724.3499755859375,730.5499877929688,710.0,719.1500244140625,129102,Consumer Services,0.007230690391913264,-0.033010605607109444,-0.01768189350305105,-0.009417509591907902,736.3900024414063,721.2950012207032,708.7866658528645,694.8349975585937,687.8799975585938,672.1416625976562,1
2024-01-18,719.4500122070312,740.0,715.2000122070312,726.0,302603,Consumer Services,-0.0067646352509953545,0.009525099566698447,0.012935476510758992,0.007323960854973555,730.4400024414062,725.2550048828125,711.4833333333333,698.1574981689453,690.9539990234375,676.4699971516927,0
2024-01-19,717.2000122070312,738.4500122070312,713.7999877929688,728.0,204728,Consumer Services,-0.0031273889246283826,0.0027548209366390353,-0.00209457809860647,-0.00195752850974118,724.060009765625,728.4700073242187,712.8666666666667,701.5375,693.9419995117188,680.6933308919271,0
2024-01-23,752.0499877929688,775.0,728.0499877929688,734.0,698762,Consumer Services,0.04859171080978375,0.008241758241758212,0.049495547686065455,0.019963575572563785,726.4400024414062,733.1050048828125,717.1533325195312,706.4774993896484,696.9339990234375,686.3283304850261,1
2024-01-24,747.2999877929688,763.0,722.6500244140625,757.0,247442,Consumer Services,-0.00631606951279895,0.03133514986376018,-0.015483870967741953,-0.0074170228273416905,732.0699951171875,735.3700012207031,721.7866658528645,711.35,700.0499975585938,691.5866638183594,0
2024-01-25,761.9000244140625,794.8499755859375,755.0499877929688,765.0,801418,Consumer Services,0.01953704918986099,0.010568031704095038,0.041743087268594437,0.04483493016578355,739.5800048828125,737.9850036621094,727.3900024414063,716.4850006103516,703.7839990234374,696.4966654459636,1
2024-01-29,757.2000122070312,768.1500244140625,750.0999755859375,765.0,241577,Consumer Services,-0.006168804379086068,0.0,-0.03359118323202148,-0.006555873501170817,747.1300048828125,738.7850036621094,732.5466715494791,720.3950012207031,707.9519995117188,700.3166666666667,0
2024-01-30,753.75,763.0,725.0499877929688,759.9000244140625,346812,Consumer Services,-0.004556275952737221,-0.006666634752859446,-0.006704451279541224,-0.0333955320734427,754.4400024414062,739.2500061035156,737.1266723632813,723.2600006103515,712.1180004882813,704.025,0
2024-01-31,777.0999755859375,785.0,749.2000122070312,749.25,356266,Consumer Services,0.03097840873756219,-0.01401503365166279,0.028833551769331667,0.03330808195387247,759.45,742.9450012207031,741.886669921875,727.7274993896484,717.0719995117188,707.3533325195312,1
2024-02-01,761.1500244140625,789.2000122070312,754.2999877929688,780.9000244140625,103464,Consumer Services,-0.020524966764860153,0.04224227482691023,0.005350334021695824,0.006807228380728114,762.2200073242187,747.1450012207031,744.3200032552083,731.8950012207031,721.5240014648438,710.4116658528645,0
2024-02-02,786.5999755859375,793.2999877929688,762.1500244140625,764.7000122070312,471759,Consumer Services,0.033436182560023564,-0.02074530887508519,0.005195103297669368,0.010407048585619583,767.1599975585938,753.3700012207031,747.7100016276041,737.3325012207031,726.62,714.3466654459636,1
2024-02-05,782.7999877929688,801.9000244140625,778.0,794.6500244140625,218420,Consumer Services,-0.0048309025056073596,0.03916570122784657,0.010840837959697813,0.020796398449403508,772.2799926757813,759.7049987792968,749.95,742.4800018310547,730.7719995117187,718.6733317057292,0
2024-02-06,807.0,818.0,782.8499755859375,782.8499755859375,370532,Consumer Services,0.030914681380183717,-0.014849365715210006,0.020077285317083637,0.006233901781410589,782.9299926757812,768.6849975585938,753.8100016276042,748.5775024414063,735.1939990234375,723.919999186198,1
2024-02-07,806.7000122070312,816.5999755859375,794.5999755859375,812.0,182547,Consumer Services,-0.00037173208546315006,0.03723577354938867,-0.0017115212885849829,0.015009261501484294,788.85,774.15,758.2466674804688,753.6275024414062,739.9519995117188,729.034999593099,0
2024-02-08,800.9000244140625,830.3499755859375,796.0,809.5,254962,Consumer Services,-0.00718977030519774,-0.0030788177339901024,0.016838109736819318,0.001761923555346323,796.8,779.5100036621094,763.6966674804687,757.4400024414062,744.8760009765625,734.0700012207031,0
2024-02-09,819.1500244140625,839.0,803.3499755859375,805.0,594983,Consumer Services,0.022786864082507297,-0.005558987029030238,0.010417323620631969,0.009233637670775785,803.310009765625,785.2350036621094,770.016670735677,761.6100036621094,750.5280029296875,739.4016682942708,1
2024-02-12,817.3499755859375,836.8499755859375,798.0,819.0,166316,Consumer Services,-0.00219745928642634,0.017391304347825987,-0.002562603592446311,-0.006659582683170462,810.2200073242187,791.25,776.5433349609375,765.0175018310547,756.0280029296875,744.0133341471354,0
2024-02-13,831.2000122070312,849.0,804.9000244140625,806.0,407629,Consumer Services,0.016945050510541737,-0.015873015873015928,0.014518760552696852,0.00864664713541674,815.060009765625,798.9950012207031,784.1433349609375,769.1225036621094,761.87400390625,748.5050008138021,1
2024-02-14,833.1500244140625,839.0,807.4000244140625,823.0,136223,Consumer Services,0.0023460204263634488,0.021091811414392092,-0.011778563015312105,0.0031059758034173157,820.3500122070312,804.6000061035156,789.5500040690105,773.7725036621093,766.9720043945313,753.3516682942708,1
2024-02-15,839.4500122070312,873.7000122070312,832.25,835.7000122070312,467917,Consumer Services,0.007561648692742118,0.015431363556538624,0.04135877497858309,0.030777774132433766,828.060009765625,812.4300048828125,795.6933390299479,779.7875030517578,771.56400390625,758.7400024414062,1
2024-02-16,858.3499755859375,865.0,841.25,845.0,231168,Consumer Services,0.02251469784271687,0.011128380587680065,-0.009957665200272081,0.010814058275758542,835.9,819.6050048828125,802.1233357747395,786.4875030517578,776.4680029296875,764.756669108073,1
2024-02-19,839.0,877.0,834.0,864.9000244140625,239912,Consumer Services,-0.02254322378552942,0.02355032475036989,0.01387283236994219,-0.008618127786032659,840.2300048828125,825.2250061035156,807.5766682942708,792.4650024414062,780.0600024414063,770.061669921875,0
2024-02-20,838.0999755859375,891.75,830.0,841.3499755859375,923159,Consumer Services,-0.0010727347009088506,-0.027228637025509705,0.016818700114024976,-0.004796163069544335,841.6099975585937,828.3350036621093,813.2,798.5100006103515,783.6200024414062,775.1633361816406,0
2024-02-21,829.7000122070312,860.7000122070312,825.0,846.0,262127,Consumer Services,-0.010022626922323474,0.005526861055441312,-0.03481916208911551,-0.0060240963855421326,840.9199951171875,830.6350036621094,816.7066691080729,802.3925018310547,787.202001953125,779.2966695149739,0
2024-02-22,847.7999877929688,860.0,815.0999755859375,838.7999877929688,178255,Consumer Services,0.02181508415046407,-0.008510652726987256,-0.0008133056780564862,-0.012000029592802997,842.589990234375,835.325,822.4833333333333,807.4175018310547,792.3480004882813,783.4016682942708,1
2024-02-23,862.7999877929688,868.7999877929688,835.0,850.25,184680,Consumer Services,0.017692852342506615,0.0136504677797602,0.010232543945312589,0.02441421299240898,843.4799926757812,839.6899963378906,827.5633341471354,812.4625,797.8860009765625,787.6366678873698,1
2024-02-26,849.8499755859375,875.0499877929688,846.0499877929688,867.3499755859375,290780,Consumer Services,-0.015009286497740026,0.020111703129594316,0.007193830671978985,0.01323351831493258,845.6499877929688,842.9399963378906,832.0333333333333,817.0949981689453,803.1019995117188,790.9916666666667,0
2024-02-27,840.1500244140625,865.0,838.2999877929688,854.0,241613,Consumer Services,-0.011413721775054841,-0.0153916826675633,-0.011485044206807626,-0.009160215249475856,846.0599975585938,843.8349975585937,834.2433349609375,821.4149993896484,808.02,794.0266682942708,0
2024-02-28,819.75,849.7000122070312,811.3499755859375,849.7000122070312,238183,Consumer Services,-0.024281406678872464,-0.0050351145116730445,-0.017687847159501446,-0.032148410592231835,844.0699951171875,842.4949951171875,835.1133341471354,823.5475006103516,810.7280004882813,796.680000813802,0
2024-02-29,810.5,827.6500244140625,792.9500122070312,819.0499877929688,408948,Consumer Services,-0.01128392802683742,-0.036071582880705666,-0.02595032067340519,-0.022678207841958953,836.6099975585937,839.5999938964844,835.7533325195312,826.0149993896484,813.2560009765625,799.725,0
2024-03-01,797.6500244140625,822.4000244140625,790.0,818.3499755859375,288145,Consumer Services,-0.015854380735271456,-0.0008546635949748804,-0.006343260853180932,-0.003720300348845962,823.5800048828125,833.5299987792969,834.319999186198,826.5675018310546,814.6860009765625,802.1683349609375,0
2024-03-04,812.5999755859375,834.9500122070312,803.25,826.5999755859375,154407,Consumer Services,0.018742494470374904,0.010081261374869532,0.015260198711582351,0.016772151898734267,816.1300048828125,830.8899963378906,834.0033325195312,828.0575012207031,816.9019995117187,805.2733337402344,1
2024-03-05,795.2999877929688,820.1500244140625,786.0,818.3499755859375,182679,Consumer Services,-0.021289673040531865,-0.009980643895073915,-0.017725597432890372,-0.02147525676937445,807.1599975585938,826.6099975585937,831.6099975585937,827.4725006103515,818.5639990234375,807.8766662597657,0
2024-03-06,765.25,802.25,763.0,799.5999755859375,241310,Consumer Services,-0.037784469073563365,-0.02291195767015819,-0.021825304982281413,-0.029262086513994867,796.2599975585938,820.1649963378907,827.083329264323,825.4,818.09,808.3166666666667,0
2024-03-07,753.5,789.75,750.5999755859375,765.0,225295,Consumer Services,-0.015354459327017289,-0.04327160660626961,-0.015581177937052049,-0.01625167026744756,784.8599975585937,810.7349975585937,821.3533284505208,823.0299987792969,817.7839990234374,808.5233337402344,0
2024-03-11,743.4000244140625,760.5499877929688,719.5999755859375,756.7999877929688,451243,Consumer Services,-0.013404081733161877,-0.010718970205269573,-0.03697374131944442,-0.04130029444219019,774.0099975585938,798.7950012207032,813.6899983723958,819.2424987792969,816.0560009765625,807.9066670735677,0
2024-03-12,741.9500122070312,766.5499877929688,720.0,750.8499755859375,447739,Consumer Services,-0.0019505140696950418,-0.007862066996569439,0.007889027803959836,0.0005558983152227359,759.8800048828125,788.0050048828125,807.2199991861979,815.4725006103515,814.422001953125,807.3983337402344,0
2024-03-13,725.1500244140625,755.0,705.4500122070312,734.2999877929688,486848,Consumer Services,-0.022643018419792105,-0.022041670548172743,-0.015067494588608898,-0.020208316379123237,745.8500122070312,776.5050048828125,799.6900024414062,810.1700012207032,811.1480029296876,806.4450012207031,0
2024-03-14,716.3499755859375,725.1500244140625,681.0499877929688,681.0499877929688,388067,Consumer Services,-0.012135487184511407,-0.07251804560156616,-0.039536391504553015,-0.0345878857351295,736.0700073242188,766.1650024414063,792.1333333333333,804.3299987792968,807.5340014648438,804.4200012207032,0
2024-03-15,735.25,759.0,702.75,719.9500122070312,2257194,Consumer Services,0.02638378594011015,0.05711772279759253,0.04667996200274427,0.03186258365168304,732.4200073242188,758.6400024414063,784.6300008138021,799.1199981689454,804.9080004882812,803.5566670735677,1
2024-03-18,738.0,746.75,725.0499877929688,737.3499755859375,125077,Consumer Services,0.0037402244134647766,0.024168293748014547,-0.01613965744400525,0.031732462174270726,731.3400024414062,752.675,776.3100016276042,793.1024993896484,801.6619995117187,801.9366678873698,1
2024-03-19,743.5,749.9000244140625,730.0,742.0,77176,Consumer Services,0.007452574525745215,0.006306400716114879,0.004218311903665839,0.0068271323224196045,731.65,745.7650024414063,769.2200032552083,788.3274993896484,798.7080004882813,800.6266682942709,1
2024-03-20,794.4000244140625,798.4000244140625,742.3499755859375,743.5,1449745,Consumer Services,0.0684600193867686,0.0020215633423179558,0.06467528793307564,0.01691777477525691,745.5,745.6750061035157,766.1700032552084,786.1425018310547,797.2360009765625,800.2066691080729,1
2024-03-21,823.4500122070312,832.2000122070312,790.0999755859375,790.0999755859375,1115264,Consumer Services,0.03656846286528692,0.06267649708935785,0.04233465275476944,0.06432276092190992,766.9200073242188,751.4950073242187,766.416670735677,785.8300018310547,796.8480004882813,800.7650024414063,1
2024-03-22,819.0999755859375,831.6500244140625,809.4000244140625,815.0499877929688,612128,Consumer Services,-0.005282696650200647,0.03157829765597486,-0.0006608841443178637,0.024427350239837775,783.6900024414062,758.0550048828125,766.9900024414062,784.3950012207031,796.0339990234374,801.3716674804688,0
2024-03-26,868.7999877929688,895.4000244140625,811.1500244140625,818.0,1150022,Consumer Services,0.060676368805259395,0.003619424883398281,0.07665484053212768,0.002162095314077739,809.85,770.5950012207031,771.7333333333333,784.6950012207031,796.4519995117188,803.0266662597656,1
2024-03-27,871.75,910.4500122070312,806.9000244140625,868.7999877929688,993361,Consumer Services,0.0033955021276246278,0.06210267456353158,0.01680811635315438,-0.0052394746620022525,835.5,783.575,775.6766682942708,785.7900024414063,797.7619995117187,804.840000406901,1
2024-03-28,883.2999877929688,958.0,875.0499877929688,875.0499877929688,3035993,Consumer Services,0.013249197353563336,0.007193830671978985,0.052226906645541415,0.08445899283296465,853.2799926757813,799.3899963378906,781.5433349609375,787.9475006103515,799.57,806.5766662597656,1
2024-04-01,901.4000244140624,917.1500244140624,882.0499877929688,900.75,449616,Consumer Services,0.020491381038415746,0.029369764659789688,-0.0426408930959683,0.007999542994858277,868.8699951171875,817.8950012207031,790.6200032552083,792.0300018310547,802.4380004882812,808.8516662597656,1
2024-04-02,877.75,899.7000122070312,875.5499877929688,895.6500244140625,180312,Consumer Services,-0.026236991095530127,-0.005661921272203774,-0.019026344373898274,-0.007369196859538629,880.6,832.1450012207031,798.9033365885417,795.3925018310547,803.6360009765625,810.1283325195312,0
2024-04-03,871.5499877929688,885.9500122070312,862.8499755859375,878.5,304616,Consumer Services,-0.0070635285753702926,-0.019148131464945983,-0.01528287186111088,-0.014505182324363486,881.15,845.5,807.4466674804687,799.0875,803.9860009765625,810.5683329264323,0
2024-04-04,848.3499755859375,879.5,845.0,875.7000122070312,390109,Consumer Services,-0.026619255960040555,-0.003187237100704343,-0.007280334238004338,-0.02068722963550651,876.4699951171875,855.9849975585937,814.5399983723959,800.875,803.9260009765625,810.8799987792969,0
2024-04-05,850.9000244140625,861.0,843.0,849.9000244140625,241701,Consumer Services,0.0030058924989815328,-0.02946213021962274,-0.021034678794769723,-0.002366863905325478,869.9900024414062,861.6349975585938,822.9233317057292,803.6550018310547,804.3560009765625,811.3066670735677,1
2024-04-08,855.2999877929688,863.9000244140625,845.3499755859375,855.5,94293,Consumer Services,0.005170952230182602,0.00658898155674037,0.003368204894381499,0.0027876341470196575,860.7699951171875,864.8199951171875,832.1866658528646,808.1575012207031,805.7780004882812,812.159999593099,1
2024-04-09,850.5499877929688,859.0,846.0,855.2999877929688,71928,Consumer Services,-0.005553607000810312,-0.0002337956832627608,-0.005671980872307469,0.0007689411874791663,855.3299926757812,867.9649963378906,839.8733317057291,813.0100006103515,807.38,812.2516662597657,0
2024-04-10,859.6500244140625,862.5999755859375,842.5499877929688,856.5,94420,Consumer Services,0.010699002706127558,0.0014030307776897732,0.004190891252546569,-0.004078028613512141,852.95,867.05,847.9833333333333,818.8225006103515,809.86,812.1466674804688,1
2024-04-12,875.75,884.5,856.6500244140625,866.0,213672,Consumer Services,0.01872852338591069,0.011091652072387603,0.025388389791208166,0.016734955581719557,858.4300048828125,867.45,856.8,825.5125,812.3860009765625,813.0100016276042,1
2024-04-15,858.7999877929688,865.2000122070312,831.4000244140625,856.0,223028,Consumer Services,-0.019354852648622578,-0.011547344110854452,-0.021820223621219603,-0.029475280780235424,860.0099975585938,865.0,861.093330891927,832.1949981689453,814.9260009765625,813.6316670735677,0
2024-04-16,850.25,862.7999877929688,843.0,854.3499755859375,94410,Consumer Services,-0.00995573813984485,-0.0019275986145590451,-0.0027739532827101288,0.01395233972252119,859.0,859.8849975585938,862.8799967447917,838.8899993896484,818.3260009765625,814.6483337402344,0
2024-04-18,845.75,853.1500244140625,832.5999755859375,850.25,184406,Consumer Services,-0.005292561011467245,-0.0047989415381274325,-0.011184473244593707,-0.012336921013122781,858.0400024414063,856.6849975585938,864.6566650390625,844.4149993896484,822.0160009765625,815.8233337402344,0
2024-04-19,879.6500244140625,887.7000122070312,813.0,830.0,688087,Consumer Services,0.04008279564181194,-0.023816524551602436,0.04049696630636257,-0.023540687197527443,862.0400024414063,857.4950012207031,865.3800008138021,851.4975006103516,827.4660009765626,818.5566670735677,1
2024-04-22,887.5499877929688,900.9000244140624,868.75,886.5,210645,Consumer Services,0.00898080277343083,0.06807228915662655,0.014869902022658366,0.06857318573185722,864.4,861.4150024414063,866.4333333333333,858.7,833.29,821.055000813802,1
2024-04-23,886.75,896.4500122070312,870.0499877929688,896.4500122070312,118889,Consumer Services,-0.0009013439287606229,0.011223928039516329,-0.004939518355463912,0.001496388826438766,869.9900024414062,865.0,866.6633341471354,863.3174987792969,839.7539990234375,824.1033345540365,0
2024-04-24,883.9000244140625,894.0,876.0999755859375,883.5499877929688,155766,Consumer Services,-0.0032139561160839936,-0.014390121298903269,-0.0027330159782131824,0.006953609422276408,876.7200073242187,867.8600036621094,865.4966674804688,866.3399993896485,846.4560009765624,828.0583353678386,0
2024-04-25,894.1500244140625,930.3499755859376,879.3499755859375,879.4000244140625,193701,Consumer Services,0.011596334106670936,-0.004696919739960004,0.04065992794847606,0.0037096222926229494,886.4000122070313,872.2200073242187,866.5900024414062,870.0925018310547,852.812001953125,832.746669514974,1
2024-04-26,883.7999877929688,901.3499755859376,865.0,898.6500244140625,126212,Consumer Services,-0.011575279694116314,0.021889924341116584,-0.031171065471072512,-0.016318844583325,887.2300048828125,874.6350036621094,867.406669108073,870.8425018310547,858.6440014648438,837.4266682942708,0
2024-04-29,871.4500122070312,892.5999755859375,866.2999877929688,886.7999877929688,83083,Consumer Services,-0.013973722286167889,-0.013186486729158231,-0.00970766099406839,0.0015028760612354475,884.010009765625,874.2050048828125,868.9466715494792,870.8275024414063,863.762001953125,841.7433349609375,0
2024-04-30,864.9000244140625,879.4000244140625,861.0,873.7999877929688,60833,Consumer Services,-0.0075161945048118906,-0.014659449908602129,-0.014788204719824227,-0.006117958983782645,879.6400146484375,874.8150085449219,869.8800048828125,869.907504272461,866.582001953125,846.4016682942708,0
2024-05-02,879.5999755859375,892.75,851.0,873.4000244140625,122020,Consumer Services,0.01699612759501723,-0.0004577287531399854,0.015180776910749483,-0.011614401858304313,878.7800048828125,877.7500061035156,871.5000040690104,868.8175018310546,868.8280004882813,851.8433349609375,1
2024-05-03,868.0999755859375,892.0,858.9500122070312,890.9500122070312,84205,Consumer Services,-0.013074124964975509,0.020093871424771814,-0.0008401008120973996,0.009341964990636109,873.5699951171875,879.9850036621094,872.6700032552084,868.3350006103516,870.7880004882812,856.2716674804688,0
2024-05-06,862.7000122070312,879.0999755859375,851.1500244140625,873.75,61962,Consumer Services,-0.006220439500947417,-0.019305249420698667,-0.014461910778096998,-0.009080840191068917,869.35,878.2900024414063,872.8733357747395,867.8925018310547,870.5440014648437,860.4283345540365,0
2024-05-07,877.5,918.0499877929688,856.25,862.0999755859375,1049660,Consumer Services,0.017155427823753122,-0.013333361275035815,0.04430669239988361,0.005991864465313634,870.5599975585938,877.2850036621094,872.9900024414062,869.3500030517578,870.7740014648438,864.8950012207031,1
2024-05-08,868.4500122070312,885.9500122070312,862.0,875.2999877929688,84651,Consumer Services,-0.010313376402243613,0.01531146338110001,-0.03496538969855789,0.006715328467153281,871.2699951171875,875.4550048828125,873.6333374023437,870.2275024414063,870.1800024414063,867.3633341471354,0
2024-05-09,829.3499755859375,874.0999755859375,822.25,867.0,132384,Consumer Services,-0.045022783201680294,-0.009482449341621457,-0.01337551380757207,-0.046113689095127586,861.2199951171875,870.0,872.2400024414062,868.9300018310547,867.2980004882812,867.559999593099,0
2024-05-10,832.1500244140625,849.7999877929688,800.0499877929688,830.5499877929688,222108,Consumer Services,0.0033761969139105563,-0.04204153657097032,-0.027800009691888672,-0.026999102714540868,854.0300048828125,863.8,871.3333374023438,868.0100036621094,865.4740014648437,867.9950012207031,1
2024-05-13,812.5499877929688,842.5499877929688,806.0,833.8499755859375,201891,Consumer Services,-0.023553489209947043,0.0039732560850886944,-0.00853141927999923,0.007437050556609703,844.0,856.675,866.8600016276042,865.6550018310547,863.1140014648438,866.1200012207031,0
2024-05-14,788.5499877929688,851.4500122070312,777.0,829.8499755859375,1123548,Consumer Services,-0.029536644342569418,-0.00479702598442755,0.0105632004545817,-0.03598014888337464,826.2099975585937,848.3849975585938,860.2600016276042,861.2950012207032,860.722001953125,863.3466674804688,0
2024-05-15,778.9000244140625,789.0,741.0499877929688,789.0,1382994,Consumer Services,-0.012237605133841978,-0.0492257357205973,-0.07334548277843755,-0.04626771197816115,808.3,839.7849975585938,853.0700032552083,857.3000030517578,857.842001953125,859.8666687011719,0
2024-05-16,789.2000122070312,798.2000122070312,767.5999755859375,781.9000244140625,311006,Consumer Services,0.013223761034950599,-0.008998701629832073,0.011660345002574513,0.0358275261187726,800.2700073242188,830.7450012207031,846.756669108073,854.2475036621094,855.1980029296875,856.1266682942709,1
2024-05-17,785.1500244140625,797.0999755859375,781.25,790.0,162676,Consumer Services,-0.005131763469748085,0.01035934944753003,-0.0013781465851548935,0.017782731693865683,790.8700073242187,822.4500061035156,839.4900024414062,851.2175048828125,852.5820043945313,853.0400024414063,0
2024-05-21,767.0999755859375,799.0,762.0,786.0,209910,Consumer Services,-0.022989299199978164,-0.005063291139240533,0.0023836713991438607,-0.024639999999999995,781.7800048828125,812.8900024414063,831.7100016276041,845.5900024414062,848.8800024414063,849.5583353678386,0
2024-05-22,767.4500122070312,779.6500244140625,759.0499877929688,770.0,110404,Consumer Services,0.0004563116050504412,-0.020356234096692072,-0.024217741659496195,-0.0038714070958415503,777.560009765625,801.8850036621094,824.7766682942708,839.5850036621093,844.5480029296875,846.861669921875,1
2024-05-23,779.75,782.5999755859375,767.4500122070312,767.4500122070312,85589,Consumer Services,0.016027086581960504,-0.003311672458401027,0.003783686371448436,0.011066497001714692,777.7300048828125,793.0150024414063,819.1,834.2350036621094,841.3860034179687,844.4900024414062,1
2024-05-24,770.9000244140625,788.9500122070312,763.0499877929688,769.0,165265,Consumer Services,-0.011349760289756317,0.002019659610808189,0.008114026091477156,-0.005733304246629545,774.0700073242188,787.1700073242188,811.8533365885417,828.5850036621093,838.2120043945313,841.676670328776,0
2024-05-27,777.6500244140625,785.5,766.0999755859375,770.9000244140625,113573,Consumer Services,0.008755999203827303,0.002470772970172286,-0.004372916095634616,0.0039971009000216995,772.5700073242188,781.7200073242187,805.82333984375,822.7600036621094,835.4880053710938,839.2466715494792,1
2024-05-28,765.75,785.4500122070312,760.1500244140625,779.4500122070312,84822,Consumer Services,-0.015302544898688653,0.011090916490069214,-6.363818328292137e-05,-0.007766546614656034,772.3000122070313,777.0400085449219,799.3600056966146,816.8575042724609,830.9320043945313,836.1166707356771,0
2024-05-29,765.1500244140625,777.9500122070312,755.25,766.0,288493,Consumer Services,-0.0007835136610349069,-0.017255772655576984,-0.009548666221196989,-0.006446128075624946,771.8400146484375,774.7000122070312,791.8700073242187,811.5425048828125,826.036005859375,832.4300048828125,0
2024-05-30,759.9000244140625,770.0,754.0,770.0,89888,Consumer Services,-0.006861399506613575,0.005221932114882533,-0.01021918128708188,-0.0016550810989738318,767.87001953125,772.8000122070313,784.6333414713541,806.2925048828125,820.9620068359375,829.1333394368489,0
2024-05-31,784.4000244140625,799.0,764.9500122070312,765.0,699286,Consumer Services,0.03224108331736297,-0.00649350649350644,0.03766233766233773,0.014522562608794809,770.57001953125,772.3200134277344,781.6366780598959,801.5325073242187,816.9820068359375,826.9383402506511,1
2024-06-03,784.6500244140625,818.0,752.9500122070312,818.0,280914,Consumer Services,0.00031871493143653673,0.06928104575163396,0.02377972465581979,-0.015687299573180824,771.97001953125,772.2700134277344,778.4700113932291,797.360009765625,812.6020068359375,824.9016743977865,1
2024-06-04,747.7999877929688,798.9500122070312,670.0,790.0,327289,Consumer Services,-0.046963659560976256,-0.03422982885085579,-0.02328849363443608,-0.11016669216046615,768.3800170898437,770.3400146484375,774.1533447265625,791.6150085449219,807.1620068359375,820.5066731770834,0
2024-06-05,770.3499755859375,774.9500122070312,723.7999877929688,762.8499755859375,99979,Consumer Services,0.030155105858616027,-0.03436711951147153,-0.030039426288638538,0.08029848924323701,769.4200073242188,770.6300109863281,772.940010579427,786.2575073242188,803.1180053710938,816.6000061035156,1
2024-06-06,778.4500122070312,791.0,767.5499877929688,770.3499755859375,120070,Consumer Services,0.010514748981373945,0.009831553044540975,0.020710997535517084,0.06044487529407627,773.1300048828125,770.5000122070312,772.910009765625,781.7575073242188,799.6600048828125,812.9900065104167,1
2024-06-07,821.3499755859375,827.0,776.9000244140625,778.4500122070312,233425,Consumer Services,0.05510946458498722,0.010514748981373945,0.04551201011378003,0.012181664738187381,780.5199951171875,775.5450073242188,775.0533406575521,781.3575073242188,797.3300048828125,810.9050048828125,1
2024-06-10,839.4500122070312,849.8499755859375,810.0,832.0,239973,Consumer Services,0.022036935726675422,0.0687905285544872,0.027629958386865106,0.0426051931339575,791.4799926757812,781.7250061035156,778.67333984375,781.7225067138672,796.1840063476562,809.0816711425781,1
2024-06-11,839.9000244140625,862.0,831.0999755859375,839.0,170727,Consumer Services,0.0005360798147444612,0.008413461538461453,0.014296669721835853,0.026049352575231444,809.9,789.1400085449219,783.5266764322917,783.0900085449218,795.2720068359375,807.618339029948,1
2024-06-12,841.25,857.9500122070312,835.4000244140625,839.7999877929688,62123,Consumer Services,0.0016073050919116483,0.0009535015410830905,-0.004698361708780463,0.005173924863965285,824.0800048828125,796.7500061035156,788.4466756184896,785.7250091552735,793.8220068359375,806.6116719563802,1
2024-06-13,825.2000122070312,854.5,823.1500244140625,844.0,76681,Consumer Services,-0.019078737346768238,0.005001205368041273,-0.004021227528345439,-0.01466363375867985,833.4300048828125,803.2800048828125,791.4766764322917,788.0400085449219,792.0920068359375,805.2883382161458,0
2024-06-14,826.4000244140625,864.7999877929688,819.9000244140625,830.0,376544,Consumer Services,0.0014542076942314353,-0.016587677725118488,0.012053818365089342,-0.003948247468392396,834.4400146484375,807.4800048828125,795.1766764322916,789.9000091552734,791.9740087890625,803.5150065104167,1
2024-06-18,818.25,843.9500122070312,808.9000244140625,830.0,145098,Consumer Services,-0.009862081526245237,0.0,-0.024109592830994564,-0.013416269877368436,830.2000122070312,810.8400024414062,797.8833414713541,791.5550079345703,791.4180078125,801.853340657552,0
2024-06-19,802.4500122070312,820.0,796.8499755859375,814.0,246927,Consumer Services,-0.01930948706748392,-0.01927710843373498,-0.028378472493174156,-0.014896833309967605,822.710009765625,816.3050048828125,800.330008951823,793.322509765625,791.0140087890625,799.8450073242187,0
2024-06-20,823.25,830.3499755859375,800.5,802.4500122070312,87303,Consumer Services,0.025920602500536072,-0.014189174192836274,0.012621921446265283,0.004580566638505035,819.110009765625,821.5950073242187,804.2033406575521,796.1125091552734,792.4020092773437,798.0366739908854,1
2024-06-21,835.3499755859375,854.5999755859375,803.0,829.7000122070312,487169,Consumer Services,0.014697814255618002,0.03395850157077396,0.029204553155900204,0.0031230480949406836,821.1400024414063,827.2850036621094,809.2333374023438,798.8925079345703,794.6600073242188,796.933339436849,1
2024-06-24,842.1500244140625,870.0,834.5,848.7999877929688,221720,Consumer Services,0.008140359163062438,0.023020339044145466,0.018020155457532994,0.03922789539227889,824.2900024414063,829.3650085449219,813.0833374023438,802.4550079345703,796.7780078125,797.3600077311198,1
2024-06-25,830.5,848.9000244140625,825.5499877929688,848.9000244140625,52473,Consumer Services,-0.013833668676989208,0.00011785652984497297,-0.024252845501077536,-0.010724999648929034,826.7400024414062,828.4700073242187,816.1400024414063,805.0975067138672,798.5920068359375,797.3050069173177,0
2024-06-26,813.9500122070312,833.9500122070312,809.2000122070312,830.5499877929688,56675,Consumer Services,-0.019927739666428357,-0.02161625172971282,-0.01761103990702584,-0.019804949218941492,829.0400024414063,825.8750061035156,820.5500040690105,807.5075073242188,800.4660083007813,797.3516743977865,0
2024-06-27,806.9500122070312,832.0,801.4000244140625,814.0499877929688,81814,Consumer Services,-0.008600036728323657,-0.01986635391308078,-0.0023382842838152174,-0.009639134546840733,825.7800048828125,822.4450073242188,822.9900065104167,809.5975067138672,802.0460083007813,797.9650085449218,0
2024-06-28,803.3499755859375,820.0,800.0999755859375,807.4500122070312,56614,Consumer Services,-0.004461288266478292,-0.00810758022837288,-0.014423076923076872,-0.0016222220969802637,819.3800048828125,820.2600036621094,824.6500040690104,811.7700042724609,802.9900073242187,798.7800069173177,0
2024-07-01,861.3499755859375,874.9000244140625,803.25,804.4500122070312,263497,Consumer Services,0.07219767444157399,-0.0037154002782165962,0.06695124928544205,0.003937038507913604,823.2199951171875,823.7549987792969,827.3166707356771,815.6175018310547,806.6080053710938,801.1850056966146,1
2024-07-02,849.0,909.9000244140624,842.0,869.0,1064844,Consumer Services,-0.014337929919294834,0.08024114216354361,0.040004570834753395,0.048241518829754026,826.9199951171875,826.8299987792968,827.9533365885417,818.8350006103516,809.4620043945313,803.3133382161458,0
2024-07-03,857.75,862.0,846.6500244140625,850.5999755859375,85578,Consumer Services,0.010306242638398189,-0.02117379104034811,-0.05264317301772581,0.0055225943159886715,835.6799926757812,832.3599975585937,829.1433349609375,824.3325012207031,813.1420043945312,806.3350056966145,1
2024-07-04,851.5,858.0,841.9500122070312,855.0,219912,Consumer Services,-0.007286505392014031,0.005172848037094724,-0.004640371229698403,-0.005551304637691268,844.589990234375,835.1849975585938,829.8266682942708,828.3900024414063,816.5960034179687,809.1366719563802,0
2024-07-05,849.75,858.0,844.0,852.5,53904,Consumer Services,-0.002055196711685303,-0.0029239766081871066,0.0,0.0024348093868364895,853.8699951171875,836.625,831.4633341471355,831.9550018310547,820.1900024414062,811.4700052897135,0
2024-07-08,844.7000122070312,870.0,841.6500244140625,861.1500244140625,47827,Consumer Services,-0.005942910024087977,0.010146656204178983,0.013986013986013957,-0.002784331262959072,850.5400024414063,836.8799987792969,832.6833333333333,833.1225036621094,822.602001953125,813.9300048828125,0
2024-07-09,842.9000244140625,864.7000122070312,840.0,848.75,178361,Consumer Services,-0.0021309195773132616,-0.014399377649091605,-0.006091939991918149,-0.0019604638106096584,849.3200073242188,838.1200012207031,834.3266682942708,833.2950042724609,824.932001953125,816.1050048828125,0
2024-07-10,841.4500122070312,850.5,831.0499877929688,843.0,47928,Consumer Services,-0.00172026594499064,-0.006774668630338709,-0.016421894306197116,-0.010654776436942015,846.060009765625,840.8700012207031,836.9266682942708,833.3725036621094,828.6780029296875,818.6283386230468,0
2024-07-11,836.25,853.6500244140625,831.5,843.0,40285,Consumer Services,-0.006179823081102764,0.0,0.003703732409244598,0.0005414983618812208,843.010009765625,843.8,837.7933349609375,833.1225036621094,831.31400390625,820.9983378092448,0
2024-07-12,822.2000122070312,840.4000244140625,820.5499877929688,838.0,50860,Consumer Services,-0.016801181217301897,-0.005931198102016588,-0.015521583343355072,-0.013168986418558348,837.5000122070312,845.6850036621094,836.916670735677,832.9725036621094,833.06400390625,823.0750040690104,0
2024-07-15,792.0499877929688,832.7999877929688,783.0,824.25,291088,Consumer Services,-0.03666993914671779,-0.016408114558472575,-0.009043356021309679,-0.045761974714016995,826.9700073242187,838.7550048828125,833.5766682942708,831.2550018310546,831.8920043945312,823.3300028483073,0
2024-07-16,780.6500244140625,803.7999877929688,772.0,795.9000244140625,285248,Consumer Services,-0.01439298472899675,-0.034394874838868716,-0.0348222867736272,-0.01404853128991057,814.5200073242188,831.9200073242188,830.2533365885416,829.3750030517579,829.5400048828125,823.1966695149739,0
2024-07-18,770.3499755859375,784.4000244140625,760.25,784.4000244140625,314896,Consumer Services,-0.013194195229617733,-0.014449050945143815,-0.02413531186057072,-0.015220207253886064,800.3,823.1800048828125,827.3466674804688,827.7700012207031,826.7580029296874,823.9483357747396,0
2024-07-19,765.4500122070312,777.4000244140625,754.0499877929688,765.0499877929688,98778,Consumer Services,-0.006360697779187019,-0.024668582379950843,-0.008924018080224916,-0.008155228157883943,786.1400024414063,814.5750061035156,824.580000813802,824.8800018310546,823.7260034179687,823.7850036621094,0
2024-07-22,811.7999877929688,826.0,753.6500244140625,765.0,687490,Consumer Services,0.06055258324746249,-6.53392507239392e-05,0.06251604587042303,-0.0005304202445211015,784.0599975585938,810.7800048828125,825.1433349609375,823.7025024414063,823.1900024414062,824.896669514974,1
2024-07-23,805.5499877929688,824.0,784.75,824.0,104663,Consumer Services,-0.007698940741538762,0.0771241830065359,-0.002421307506053294,0.041265805849494575,786.7599975585938,806.8650024414062,821.4233357747396,821.8725006103516,822.3560009765625,824.3700032552083,0
2024-07-24,857.5999755859375,865.3499755859375,798.25,815.0,301747,Consumer Services,0.06461422454436927,-0.01092233009708743,0.050182009206234834,0.017202930869703703,802.1499877929688,808.3349975585937,821.9966674804688,823.2274993896484,823.93,824.9750020345052,1
2024-07-25,828.0999755859375,845.1500244140625,824.0499877929688,843.5499877929688,92199,Consumer Services,-0.03439832187476999,0.035030659868673375,-0.023343100181169363,0.03232068624236617,813.6999877929687,806.9999938964844,820.0199991861979,823.9349975585938,824.9559985351563,824.5816670735677,0
2024-07-26,835.1500244140625,840.3499755859375,811.0499877929688,825.0,147972,Consumer Services,0.00851352377246073,-0.0219903835711055,-0.00567952279413686,-0.015775741996935877,827.639990234375,806.8899963378906,818.930000813802,825.3449981689453,825.4319995117188,824.3783345540364,1
2024-07-29,826.2999877929688,856.0,823.1500244140625,840.5,99208,Consumer Services,-0.010596942300639789,0.018787878787878798,0.018623222310621745,0.014918977625559604,830.539990234375,807.2999938964844,817.3666666666667,826.4924987792969,825.07,824.4150004069011,0
2024-07-30,852.25,869.4000244140625,831.0,831.0,471077,Consumer Services,0.031405073932462724,-0.01130279595478878,0.015654234128577693,0.009536506533575517,839.8799926757813,813.3199951171875,817.8699991861979,826.0375,825.4739990234375,825.2766662597656,1
2024-07-31,843.5499877929688,861.4500122070312,840.0999755859375,852.0,42375,Consumer Services,-0.010208286543891165,0.025270758122743597,-0.009144251189076247,0.010950632474052258,837.0699951171875,819.6099914550781,817.913330078125,825.7649993896484,825.9959985351562,826.1199991861979,0
2024-08-01,833.0499877929688,849.3499755859375,829.1500244140625,843.0499877929688,41233,Consumer Services,-0.012447395118185933,-0.010504709163182246,-0.014046127401047381,-0.013034104856672335,838.0599975585938,825.8799926757813,817.3533284505208,824.5299987792969,826.7599975585938,827.1399983723958,0
2024-08-02,822.7000122070312,838.7999877929688,815.4000244140625,829.9500122070312,46544,Consumer Services,-0.01242419511145798,-0.015538788655026337,-0.01242124930384636,-0.016583247416191993,835.5699951171875,831.6049926757812,816.4499959309895,823.0899993896485,827.3899975585938,827.1216654459636,0
2024-08-05,802.4000244140625,819.5,791.5499877929688,801.0,96805,Consumer Services,-0.024674835896149605,-0.034881633569769366,-0.023009046344588557,-0.029249492159669876,830.7900024414063,830.6649963378907,815.1299967447917,820.7225006103515,827.3519995117188,826.0233337402344,0
2024-08-06,778.0499877929688,817.0,775.0999755859375,795.0,83463,Consumer Services,-0.03034650533426253,-0.0074906367041198685,-0.003050640634533197,-0.020782025722592468,815.95,827.9149963378907,814.1966634114583,817.3899993896484,824.02,823.8866658528646,0
2024-08-07,801.75,809.4000244140625,779.9500122070312,788.75,49138,Consumer Services,0.030460783470042996,-0.00786163522012584,-0.009302295698821905,0.006257304572132583,807.5900024414062,822.3299987792968,815.6033284505208,815.3324981689453,822.13,822.9283325195313,1
2024-08-08,789.2999877929688,806.7000122070312,783.5,800.0,37211,Consumer Services,-0.015528546563182144,0.014263074484944571,-0.0033358192804426867,0.004551558096554498,798.8400024414062,818.45,816.8666625976563,812.7249969482422,819.3919995117187,822.1066650390625,0
2024-08-09,786.0,815.1500244140625,782.0999755859375,794.1500244140625,25343,Consumer Services,-0.004180904401374863,-0.007312469482421924,0.010474788743231933,-0.0017868850211391063,791.5,813.5349975585938,818.2366617838542,810.2124969482422,816.7719995117187,821.4083312988281,0
2024-08-12,789.0499877929688,798.8499755859375,775.0,787.0999755859375,39531,Consumer Services,0.0038803915941079126,-0.00887747731711852,-0.01999637899764728,-0.009078092069518706,788.8299926757812,809.8099975585938,816.7199951171875,808.5549957275391,814.3439990234375,820.9316650390625,1
2024-08-13,772.3499755859375,797.4500122070312,770.0,790.5499877929688,64068,Consumer Services,-0.021164707515860193,0.004383194402290513,-0.001752473457709569,-0.006451612903225823,787.689990234375,801.8199951171875,814.506660970052,807.5699951171875,811.4499975585937,817.9649983723958,0
2024-08-14,766.4500122070312,782.9000244140625,761.0,776.7000122070312,31190,Consumer Services,-0.007638976584974033,-0.017519417873376186,-0.01824564244810789,-0.011688311688311637,780.6299926757813,794.1099975585937,808.4299967447917,806.859994506836,808.3919970703125,815.2133321126302,0
2024-08-16,780.3499755859375,793.2999877929688,763.5,763.5,79607,Consumer Services,0.018135511980593044,-0.01699499420570727,0.013283897119162447,0.003285151116951379,778.839990234375,788.8399963378906,805.2466634114584,807.359994506836,805.9479956054688,812.6333312988281,1
2024-08-19,776.1500244140625,820.0,765.4500122070312,820.0,171543,Consumer Services,-0.005382137891042249,0.07400130975769481,0.03365689224490365,0.0025540434931647926,776.8699951171875,784.1849975585938,801.313330078125,807.8949951171875,803.5439965820312,810.1216654459636,0
2024-08-20,767.5499877929688,780.0999755859375,765.0,778.9500122070312,93597,Consumer Services,-0.011080379244445937,-0.0500609607231326,-0.048658566358612765,-0.0005879054149254825,772.5699951171875,780.6999938964843,797.3966634114583,805.6824951171875,801.3579956054688,807.3816650390625,0
2024-08-21,774.2000122070312,776.0,763.2000122070312,767.5499877929688,29565,Consumer Services,0.008663962634126499,-0.014635116805200798,-0.005255705312460779,-0.0023529252195669814,772.9400024414062,780.3149963378906,792.1933308919271,804.1149963378906,800.6439965820313,805.0316650390625,1
2024-08-22,794.4500122070312,797.9000244140625,774.4500122070312,774.4500122070312,127491,Consumer Services,0.026156031620656828,0.008989674319327401,0.028221680945956784,0.014740565801967254,778.5400024414063,779.5849975585937,788.919999186198,800.9574981689453,801.19599609375,803.4166646321614,1
2024-08-23,796.8499755859375,804.9500122070312,789.5499877929688,792.8499755859375,68445,Consumer Services,0.003020911752822597,0.023758748904231908,0.00883567812664987,0.01949767621916032,781.8400024414062,780.3399963378906,786.5066650390625,799.3949981689453,802.25599609375,801.9299967447917,1
2024-08-26,824.3499755859375,828.9500122070312,794.0499877929688,800.0499877929688,138853,Consumer Services,0.034510887673402824,0.009081178569388504,0.029815516039556567,0.00569944914137599,791.4799926757812,784.1749938964844,786.6166625976563,798.8549957275391,804.6119946289062,801.5333292643229,1
2024-08-27,813.6500244140625,832.0,804.0499877929688,830.0,95918,Consumer Services,-0.012979864728290491,0.037435176131496384,0.003679338618800765,0.012593665579914592,800.7,786.6349975585938,787.3666625976563,798.2224975585938,804.68599609375,801.2483296712239,0
2024-08-28,810.4000244140625,824.5,803.2000122070312,818.0999755859375,108375,Consumer Services,-0.003994346343614286,-0.014337378812123491,-0.009014423076923128,-0.0010571178394898073,807.9400024414062,790.4400024414062,789.5233317057292,796.1299987792969,804.8799975585938,801.8599975585937,0
2024-08-29,801.9000244140625,845.0,797.0,800.0,455191,Consumer Services,-0.010488647265460949,-0.02212440548354,0.024863553668890148,-0.007719138586657737,809.4300048828125,793.9850036621094,789.5333333333333,794.0475006103516,802.6519995117187,802.5683308919271,0
2024-08-30,835.1500244140625,840.0,802.0,802.0,134910,Consumer Services,0.04146402168312102,0.0024999999999999467,-0.00591715976331364,0.006273525721455453,817.0900146484375,799.4650085449218,792.5900024414062,794.1525024414062,802.9340014648437,804.7283325195312,1
2024-09-02,855.75,881.7999877929688,830.0,856.0,909609,Consumer Services,0.024666197669562795,0.06733167082294256,0.04976189022972477,0.034912718204488824,823.37001953125,807.4250061035157,797.2400024414062,795.8050018310547,803.7580004882813,807.7383321126302,1
2024-09-03,876.0499877929688,879.0,853.2000122070312,855.0,249602,Consumer Services,0.023721867125876317,-0.001168224299065379,-0.0031753094031864437,0.027951821936182286,835.8500122070312,818.2750061035156,803.0400024414063,799.4875,805.7480004882813,809.8799987792969,1
2024-09-04,877.9500122070312,899.9000244140625,864.0999755859375,867.0,295107,Consumer Services,0.0021688538788171563,0.01403508771929829,0.023777047114974303,0.012775390556676758,849.360009765625,828.6500061035156,810.0800048828125,804.4825012207032,806.7760009765625,812.2933329264323,1
2024-09-05,899.8499755859375,924.0,871.0499877929688,875.4000244140625,793717,Consumer Services,0.02494443086099296,0.009688609474120424,0.026780725560741514,0.008043064926970489,868.95,839.1900024414062,818.9733357747396,809.3875,809.0280004882812,813.7016662597656,1
2024-09-06,885.4000244140625,917.75,882.4000244140625,900.0,249722,Consumer Services,-0.01605817810070609,0.02810141066925742,-0.00676406926406925,0.01303029307175807,879.0,848.0450073242188,825.9766723632813,814.1925018310546,811.122001953125,815.6116678873698,0
2024-09-09,881.7999877929688,917.7000122070312,874.8499755859375,886.75,487451,Consumer Services,-0.004066000137594505,-0.014722222222222192,-5.446776678696974e-05,-0.00855626543430621,884.2099975585937,853.7900085449219,833.0200032552083,818.9825012207032,813.4860009765625,817.1666666666666,0
2024-09-10,899.5999755859375,904.4000244140624,880.3499755859375,881.7999877929688,185328,Consumer Services,0.020185969652278812,-0.005582195891774777,-0.014492740128642878,0.006286792196932289,888.9199951171875,862.3850036621094,841.8233357747396,824.5100006103515,817.3739990234375,819.6099995930989,1
2024-09-11,882.2000122070312,912.0,878.0,901.25,134869,Consumer Services,-0.019341889563272985,0.022057169966300583,0.00840333412293015,-0.002669365196918849,889.7699951171875,869.5650024414062,849.0233357747396,830.0025024414062,821.54,820.6083333333333,0
2024-09-12,895.4500122070312,900.1500244140625,872.0,887.9000244140625,85709,Consumer Services,0.015019269798979051,-0.014812732966366204,-0.012993394282826198,-0.006833712984054663,888.8900024414063,878.9200012207032,855.756669108073,836.4525024414063,825.2880004882812,822.3383341471355,1
2024-09-13,888.0,909.7000122070312,882.5499877929688,900.0,136909,Consumer Services,-0.008319852705869213,0.013627632901488385,0.01060932903844014,0.012098609854321873,889.4099975585938,884.2049987792968,861.8333374023438,841.8350036621093,829.2360009765625,824.1700012207032,0
2024-09-16,881.6500244140625,919.0,876.7000122070312,888.0,223465,Consumer Services,-0.007150873407587244,-0.013333333333333308,0.010223136933246835,-0.006628492059205349,889.3800048828125,886.7950012207032,865.6533406575521,847.1100036621094,833.062001953125,826.1350016276042,0
2024-09-17,880.7000122070312,891.9500122070312,872.4000244140625,883.6500244140625,69093,Consumer Services,-0.001077538910819631,-0.0048986211553350145,-0.029434154290499226,-0.004904742481004254,885.6000122070312,887.2600036621094,870.12333984375,852.7675048828125,836.7280029296875,828.7450012207031,0
2024-09-18,858.5499877929688,899.7000122070312,851.9500122070312,881.0,92254,Consumer Services,-0.025150475879470724,-0.0029989524595098738,0.008688827730181314,-0.02344109540891659,880.8700073242187,885.3200012207031,873.3333374023438,856.9850036621094,840.1760034179688,831.4283345540365,0
2024-09-19,881.3499755859375,888.5,845.7999877929688,868.0,121467,Consumer Services,0.026556389397406566,-0.014755959137343955,-0.012448607374759058,-0.007218762047001448,878.05,883.4700012207031,878.6300008138021,861.3300018310547,844.772001953125,834.0816670735677,1
2024-09-20,887.0499877929688,894.3499755859375,870.0499877929688,885.4500122070312,61541,Consumer Services,0.00646736525208591,0.02010370069934475,0.006584103079276815,0.0286710810475157,877.8599975585937,883.6349975585938,882.0899983723958,865.8400024414062,849.0400024414063,837.340000406901,1
2024-09-23,888.5,894.4500122070312,879.9500122070312,892.9500122070312,63667,Consumer Services,0.0016346454280879996,0.00847026923779226,0.00011185399879742874,0.011378684619231638,879.2299926757812,884.3049987792969,884.2733317057292,869.0475036621094,853.5340014648438,840.7566670735677,1
2024-09-24,914.8499755859376,937.0,878.5,890.0,669186,Consumer Services,0.029656697339265792,-0.003303670045022966,0.04757111880179621,-0.0016478347484698563,886.0599853515625,885.8299987792968,886.8599975585937,874.1075012207032,859.4260009765625,844.95,1
2024-09-25,895.4500122070312,935.7000122070312,885.5499877929688,918.9500122070312,296980,Consumer Services,-0.02120562266669046,0.03252810360340597,-0.0013873935890807987,0.008025028791085687,893.439990234375,887.1549987792969,888.0266642252604,878.3600006103516,864.2760009765625,849.0533345540365,0
2024-09-26,880.0,891.8499755859375,863.0499877929688,891.8499755859375,335908,Consumer Services,-0.017253908086897418,-0.02949021846793154,-0.046863349416513156,-0.025407938919491335,893.1699951171875,885.6099975585937,886.7033325195313,882.2649993896484,867.6980004882812,852.8383341471355,0
2024-09-27,890.3499755859375,899.0,878.5999755859375,878.5999755859375,173361,Consumer Services,0.011761335893110791,-0.01485675883019999,0.008017070818850502,0.01801748220023036,893.8299926757812,885.8449951171875,887.0333292643229,885.0249969482422,871.4380004882812,856.5050008138021,1
2024-09-30,879.8499755859375,901.0,875.5499877929688,892.0,210142,Consumer Services,-0.011793115390484443,0.015251564746659563,0.0022246941045607205,-0.003471418026087192,892.0999877929687,885.664990234375,886.9033284505208,886.2299957275391,873.6580004882812,859.9616658528646,0
2024-10-01,865.0999755859375,891.5,862.0,871.5499877929688,141845,Consumer Services,-0.016764221639237076,-0.022926022653622424,-0.010543840177580477,-0.015475972796395898,882.1499877929688,884.1049865722656,884.6033284505208,885.6824951171875,875.7159985351562,863.2133321126302,0
2024-10-03,860.7000122070312,883.7999877929688,852.9500122070312,864.2000122070312,147377,Consumer Services,-0.005086075023786885,-0.008433223210237095,-0.008637142127909447,-0.01049882574590344,875.1999877929687,884.3199890136718,883.1699951171875,884.8199951171875,877.727998046875,866.0966654459636,0
2024-10-04,862.0999755859375,883.9000244140625,851.3499755859375,855.1500244140625,123137,Consumer Services,0.0016265404427222574,-0.010472098663660612,0.00011318920850356129,-0.0018758855714809952,871.6199829101563,882.3949890136719,880.9466593424479,882.9324951171875,880.13599609375,868.3516642252604,1
2024-10-07,830.5499877929688,866.75,826.0,860.0499877929688,146742,Consumer Services,-0.036596669396174564,0.005729945903075517,-0.019402674443222523,-0.029776209917067864,859.6599853515625,876.7449890136719,877.1166585286459,880.1899932861328,879.9519946289063,869.4749979654948,0
2024-10-08,885.5999755859375,896.5,815.1500244140625,836.7999877929688,204603,Consumer Services,0.06628136608520552,-0.027033312400437715,0.03432362272858369,-0.013135563663362548,860.8099853515625,876.4549865722656,877.3799886067708,880.3799926757813,881.1459936523438,871.5166646321615,1
2024-10-09,890.5999755859375,913.0,863.2999877929688,882.0499877929688,216871,Consumer Services,0.0056458899478761815,0.05407504858998058,0.018404907975460016,0.05906883633293991,865.9099853515625,874.0299865722657,878.0399861653646,879.9299926757812,881.7279931640625,874.0816630045573,1
2024-10-10,883.9000244140625,896.4500122070312,875.0999755859375,891.5,95778,Consumer Services,-0.007522963570111285,0.01071369235056241,-0.018127040298980046,0.013668467461855904,870.5499877929688,872.8749877929688,879.7299886067708,880.0149932861328,881.9659936523437,876.5316630045573,0
2024-10-11,890.0,894.2000122070312,873.5999755859375,885.9000244140625,53116,Consumer Services,0.006901205359713725,-0.006281520567512633,-0.0025099001275715738,-0.0017140898661271997,876.1299926757813,873.8749877929688,880.3066569010417,879.7424926757812,881.5719946289063,879.4683288574219,1
2024-10-14,887.0999755859375,904.0,878.3499755859375,890.0,64618,Consumer Services,-0.0032584543978230185,0.004628034171970219,0.010959503085647304,0.00543727121422366,887.439990234375,873.5499877929688,880.309989420573,879.6974914550781,881.6399926757813,881.1999938964843,0
2024-10-15,899.7999877929688,909.0,883.5999755859375,887.4500122070312,237948,Consumer Services,0.014316325731654755,-0.002865154823560423,0.005530973451327359,0.005977116349889844,890.2799926757813,875.5449890136719,881.0633219401042,880.6049896240235,882.3599926757812,882.6683268229167,1
2024-10-16,888.7999877929688,899.7999877929688,881.0499877929688,899.4000244140625,52393,Consumer Services,-0.012224939041153848,0.013465560924735831,-0.010121025530287375,-0.0028859074959546316,889.9199951171875,877.914990234375,879.3266560872396,881.0099884033203,881.9279931640625,883.0933268229167,0
2024-10-17,862.7999877929688,894.9000244140625,859.0,888.7999877929688,84095,Consumer Services,-0.02925292569429727,-0.011785675265018392,-0.005445613964637719,-0.02502694296404684,885.6999877929687,878.1249877929688,877.1499877929688,881.2224884033203,881.1519921875,882.5883260091146,0
2024-10-18,873.25,879.9500122070312,839.9500122070312,861.0,89355,Consumer Services,0.0121117435731104,-0.03127811450808016,-0.016705790366717044,-0.022176935731046288,882.3499877929687,879.239990234375,876.6999877929687,880.8174896240234,880.2639916992188,881.70166015625,1
2024-10-21,866.5499877929688,877.9500122070312,862.0999755859375,873.5499877929688,39330,Consumer Services,-0.007672501811659016,0.014576060154435355,-0.0022728563807661306,0.026370573316268686,878.239990234375,882.839990234375,875.1133219401041,879.7924896240235,879.4059912109375,881.0733256022136,0
2024-10-22,855.0499877929688,888.9000244140625,832.0,866.7000122070312,228908,Consumer Services,-0.013271017439270394,-0.007841538185174746,0.012472250190537215,-0.03491471573871652,869.289990234375,879.7849914550782,873.4599894205729,878.1199890136719,878.3419897460938,880.1816589355469,0
2024-10-23,836.3499755859375,856.25,821.0,855.0499877929688,164470,Consumer Services,-0.021870080666627656,-0.013441818680025142,-0.036730817321761755,-0.013221153846153855,858.7999877929688,874.3599914550781,871.5433227539063,874.1949890136718,876.56798828125,878.0733256022136,0
2024-10-24,836.4500122070312,864.4000244140625,830.0,840.5,125979,Consumer Services,0.00011961095715173897,-0.01701653470637987,0.00951827668795624,0.010962241169305775,853.5299926757813,869.614990234375,869.9266560872396,871.2449890136719,875.6839892578125,876.5483256022136,1
2024-10-25,844.6500244140625,898.0,803.4000244140625,827.0,2752083,Consumer Services,0.009803349975923803,-0.016061867935752483,0.038870863763236674,-0.03204816335655125,847.8099975585938,865.0799926757812,868.7633260091146,869.477490234375,874.2159912109375,874.8549926757812,1
2024-10-28,833.75,863.0499877929688,820.0,845.2000122070312,256796,Consumer Services,-0.012904781979523272,0.02200726989967494,-0.03891983541985666,0.020662154694411683,841.25,859.7449951171875,868.97666015625,866.6474914550781,872.0839916992187,873.0466593424479,0
2024-10-29,831.0999755859375,848.0,821.0,846.3499755859375,90687,Consumer Services,-0.0031784400768365417,0.0013605813562442837,-0.017438141481764258,0.0012195121951219523,836.4599975585937,852.8749938964844,865.3433268229167,864.2099914550781,869.7879907226562,871.3616577148438,0
2024-10-30,840.4500122070312,845.0,825.5,827.9500122070312,101986,Consumer Services,0.011250194796963875,-0.02174037207972712,-0.003537735849056589,0.005481120584652777,837.2800048828125,848.0399963378907,861.9999959309896,862.9774932861328,866.8119921875,870.0199910481771,1
2024-10-31,870.9000244140625,909.7000122070312,836.5999755859375,838.4500122070312,968740,Consumer Services,0.03623060475312401,0.012681925050052945,0.07656806178346898,0.013446366548682587,844.1700073242188,848.85,861.1333292643229,863.4874938964844,865.8299926757812,870.4316589355469,1
2024-11-01,895.4000244140625,907.8499755859376,880.0,905.0,69996,Consumer Services,0.028131816871268978,0.0793726362025935,-0.0020336776918418176,0.05187667425362519,854.3200073242188,851.0650024414062,861.493330891927,865.1524963378906,866.4459936523438,870.8999938964844,1
2024-11-04,866.9500122070312,899.2000122070312,856.0,895.4000244140625,85796,Consumer Services,-0.03177352181294446,-0.010607707829765167,-0.009527965645781511,-0.027272727272727226,860.960009765625,851.1050048828125,860.15,866.9724975585938,865.5099951171875,870.2299947102864,0
2024-11-05,861.6500244140625,879.0,848.0999755859375,861.0,94439,Consumer Services,-0.0061133718419085215,-0.0384186100917,-0.022464426081858613,-0.009229000483717886,867.07001953125,851.7650085449219,857.6066691080729,865.775,864.7819970703125,869.3349955240885,0
2024-11-06,873.2000122070312,884.5499877929688,860.0,861.6500244140625,115529,Consumer Services,0.013404500047247137,0.0007549644762629981,0.006313979286653781,0.01403139341660875,873.62001953125,855.4500122070312,856.5666707356771,864.9050018310547,865.1059985351562,867.9466634114583,1
2024-11-07,881.2000122070312,884.7999877929688,868.0,878.0,48224,Consumer Services,0.00916170394888094,0.018975193086143927,0.00028262958956548623,0.009302325581395321,875.6800170898438,859.9250122070313,857.7933390299479,864.7700012207031,865.9259985351563,867.4716634114583,1
2024-11-08,892.0499877929688,908.0,876.5,884.9500122070312,326398,Consumer Services,0.01231272745759826,0.007915731443087992,0.026220628986332928,0.009792626728110543,875.010009765625,864.6650085449219,859.0466715494791,864.8725006103516,867.1239990234375,867.8733296712239,1
2024-11-11,885.8499755859375,947.0,871.5499877929688,892.0499877929688,877793,Consumer Services,-0.006950296835237624,0.008023024451099037,0.04295154185022021,-0.005647475421598713,878.7900024414063,869.8750061035156,860.3333374023438,864.8100006103516,869.3359985351562,867.723329671224,0
2024-11-12,858.5999755859375,886.4500122070312,855.5,875.0,117135,Consumer Services,-0.030761416437332656,-0.01911326498098198,-0.0639387410696608,-0.01841545294907554,878.1799926757812,872.6250061035156,860.5700032552083,862.75,868.2559985351562,867.0149963378906,0
2024-11-13,818.5499877929688,858.0,813.0,851.2000122070312,166205,Consumer Services,-0.046645689415070524,-0.027199986049107117,-0.03209432208839169,-0.04967855055523085,867.2499877929688,870.4350036621094,859.3833374023437,859.2375,865.3739990234375,865.463330078125,0
2024-11-14,844.1500244140625,866.0,810.7999877929688,814.0,86110,Consumer Services,0.03127486042742289,-0.04370302123302061,0.00932400932400923,-0.0027060420750691927,859.839990234375,867.7600036621094,859.8966715494792,858.3050018310547,863.7839990234374,864.9116638183593,1
2024-11-18,844.25,855.2000122070312,831.0499877929688,841.4000244140625,76102,Consumer Services,0.00011843343368611592,0.03366096365363935,-0.01247111754384378,0.02497533338045721,850.2799926757813,862.6450012207031,859.8700032552083,856.8550018310547,861.9539990234375,864.3166646321614,1
2024-11-19,838.9000244140625,858.0,831.9500122070312,838.0,99639,Consumer Services,-0.006336956572031371,-0.004040913139300439,0.003274073612022921,0.0010829967237622196,840.8900024414063,859.8400024414062,860.2133382161459,855.4725036621094,860.0260009765625,864.5949991861979,0
2024-11-21,842.0999755859375,846.4500122070312,832.1500244140625,838.9000244140625,56681,Consumer Services,0.0038144606970420547,0.0010740148139170014,-0.013461524234229305,0.00024041373171046487,837.5900024414062,857.8849975585938,860.9466715494792,854.8250030517578,857.7180004882813,863.1449991861979,1
2024-11-22,842.0999755859375,851.2000122070312,834.5,837.0,103442,Consumer Services,0.0,-0.002264899700521017,0.005611672197410433,0.0028239806729468686,842.3,854.7749938964844,861.0566691080729,855.1125030517578,855.85,861.5283325195312,0
2024-11-25,897.5999755859375,927.0,847.3499755859375,847.3499755859375,2441698,Consumer Services,0.06590666382739507,0.012365562229315952,0.08905073626165838,0.01539841292502997,852.989990234375,856.414990234375,862.8366658528646,858.1700012207032,857.2419995117187,861.9849975585937,1
2024-11-26,892.0499877929688,899.2000122070312,876.5499877929688,895.1500244140625,138508,Consumer Services,-0.006183141648757107,0.05641122346769589,-0.029989199345165862,0.03446039186681937,862.5499877929688,856.414990234375,862.613330078125,860.5399993896484,857.9939990234375,862.0533304850261,0
2024-11-27,878.7000122070312,903.0,876.0,899.8499755859375,87260,Consumer Services,-0.014965501674370052,0.005250461982561516,0.004225965014882371,-0.0006274460106416857,870.5099853515625,855.6999938964843,863.3966634114583,862.7875,858.48,861.7733317057292,0
2024-11-28,893.4000244140625,910.9500122070312,878.5,884.5499877929688,226784,Consumer Services,0.016729272792553207,-0.017002820701313204,0.008804000229270414,0.0028538812785388057,880.7699951171875,859.1799987792969,865.513330078125,865.9025024414062,860.0140014648438,861.559999593099,1
2024-11-29,890.0999755859375,914.0,885.5,891.5,133397,Consumer Services,-0.0036938087507769612,0.007857116390190821,0.0033481395818628634,0.007968127490039834,890.3699951171875,866.3349975585937,866.6399943033854,868.3850006103515,862.1640014648438,861.6033325195312,0
2024-12-02,878.5999755859375,898.1500244140625,877.2000122070312,890.0,223707,Consumer Services,-0.012919896995199576,-0.0016825574873807758,-0.01734132996273252,-0.009373221674724763,886.5699951171875,869.7799926757813,866.4666585286458,868.7699981689453,863.85,862.1299987792969,0
2024-12-03,889.9000244140625,901.5999755859376,877.0,887.4000244140625,336402,Consumer Services,0.012861426294246137,-0.0029213208830758397,0.0038411747237059313,-0.00022801208874589918,886.1400024414063,874.3449951171875,866.3233276367188,868.4949981689454,865.66,862.684999593099,1
2024-12-04,892.8499755859375,919.0,889.0999755859375,889.9500122070312,610891,Consumer Services,0.0033149242509766808,0.0028735493833826897,0.01929905155859646,0.013797007509620762,888.9699951171875,879.739990234375,866.7899943033855,869.7899963378907,868.0239990234375,863.5616658528646,1
2024-12-05,893.75,907.5,886.5999755859375,899.5,138915,Consumer Services,0.0010080354355970211,0.010730926076718994,-0.012513601741022895,-0.002811832267065828,889.039990234375,884.9049926757813,869.1333292643229,871.3949951171875,870.53,864.8516662597656,1
2024-12-06,898.0,910.8499755859376,892.0999755859375,895.9000244140625,586144,Consumer Services,0.004755244755244803,-0.004002196315661455,0.0036914331525483846,0.006203474116232899,890.6199951171875,890.4949951171875,874.4299967447917,872.6349945068359,872.8319995117188,866.9066670735677,1
2024-12-09,928.5499877929688,972.0,890.6500244140625,898.0,2063359,Consumer Services,0.03402003094985395,0.002343984293683876,0.06713512219696272,-0.001625323631381903,900.6099975585937,893.5899963378906,880.0566609700521,875.0024932861328,875.137998046875,869.9766662597656,1
2024-12-10,921.7999877929688,939.0,905.5499877929688,935.0499877929688,453709,Consumer Services,-0.007269398620147305,0.04125833829951975,-0.03395061728395066,0.016729313389632017,906.989990234375,896.5649963378906,885.22666015625,876.4899932861329,876.1939965820312,872.5483317057292,0
2024-12-11,927.0999755859376,939.9000244140624,913.5499877929688,923.7999877929688,406059,Consumer Services,0.005749607141629864,-0.012031442325937891,0.0009584924537404671,0.008834410146145277,913.839990234375,901.4049926757813,891.1066569010417,878.5524932861329,878.5999951171875,875.6599975585938,1
2024-12-12,1017.0,1045.0,927.0999755859376,927.0999755859376,6402769,Consumer Services,0.09696907214051498,0.003572188608545801,0.1118203775464921,0.014832234660419719,938.489990234375,913.764990234375,902.7666585286458,886.4724945068359,884.813994140625,881.8566650390625,1
2024-12-13,1007.5499877929688,1052.449951171875,959.25,1009.6500244140624,4105622,Consumer Services,-0.009292047401210701,0.08904115090279463,0.0071291398773922765,0.03467805550716707,960.3999877929688,925.5099914550781,913.7966593424479,895.922494506836,890.1879931640625,887.4266642252604,0
2024-12-16,975.9500122070312,1044.9000244140625,971.0,1007.5499877929688,1326353,Consumer Services,-0.0313631839301165,-0.0020799649089419114,-0.007173668210451067,0.01224915298410223,969.8799926757813,935.2449951171875,919.0199951171875,902.5124938964843,893.9779931640625,890.9283304850261,0
2024-12-17,996.75,1007.7999877929688,968.5499877929688,976.5,750547,Consumer Services,0.021312554467755263,-0.030817317422615953,-0.035505824245623874,-0.0025231845592494917,984.8699951171875,945.9299926757812,925.9999959309896,910.1374938964843,898.1659936523438,894.3066630045573,1
2024-12-18,1001.0,1012.0,981.2999877929688,1001.0,366651,Consumer Services,0.004263857536995319,0.02508960573476693,0.004167505713340125,0.01316400821918684,999.65,956.7449951171875,934.1533284505208,918.2424926757812,902.7719946289062,898.7749959309896,1
2024-12-19,1007.5499877929688,1020.4500122070312,982.0999755859376,989.9500122070312,340987,Consumer Services,0.006543444348620087,-0.011038948844124596,0.008349814433825431,0.0008152326535415533,997.7599975585938,968.1249938964844,941.7633260091146,926.5149932861328,908.7299951171875,903.6383280436198,1
2024-12-20,976.7000122070312,1010.3499755859376,968.1500244140624,1004.0999755859376,359199,Consumer Services,-0.030618803989580834,0.014293614025378876,-0.009897629967438815,-0.014204206820749077,991.5900024414062,975.9949951171875,947.5366617838541,933.2449951171875,915.05599609375,907.0883280436198,0
2024-12-23,961.8499755859376,992.4500122070312,926.0,980.0,653105,Consumer Services,-0.015204296544992668,-0.024001569735995876,-0.017716597032157666,-0.04353666616862628,988.7699951171875,979.3249938964843,953.0866617838542,936.4574951171875,919.763994140625,909.77666015625,0
2024-12-24,980.2999877929688,985.0,950.3499755859376,965.9500122070312,282715,Consumer Services,0.019181798279707563,-0.014336722237723198,-0.007506687606828488,0.026295869963215646,985.4799926757812,985.1749938964844,959.1133260091145,940.8699951171875,925.2059936523438,912.7183268229167,1
2024-12-26,975.2000122070312,987.5499877929688,961.0,981.0,192015,Consumer Services,-0.0052024641940672245,0.015580503755657116,0.0025888200943844364,0.011206423620410133,980.3199951171875,989.9849975585937,964.6033284505208,945.6949951171875,930.6579931640625,915.6966613769531,0
2024-12-27,989.0999755859376,1020.0,955.7000122070312,985.0,995193,Consumer Services,0.014253448733505092,0.004077471967380175,0.03285910850908147,-0.005515075747105858,976.6299926757813,987.1949951171875,970.9599934895833,950.4799926757812,936.5379931640625,920.0466613769531,1
2024-12-30,981.2000122070312,997.4500122070312,977.5499877929688,989.0999755859376,305276,Consumer Services,-0.007987022114955056,0.004162411762373308,-0.022107831169577152,0.02286279722386797,977.5299926757813,984.5599975585938,976.506660970052,955.0349945068359,942.1019946289063,925.4683288574219,0
2024-12-31,974.2000122070312,992.5499877929688,952.9500122070312,986.0,501806,Consumer Services,-0.0071341213951422455,-0.0031341377640831114,-0.004912551360062967,-0.025164928538823128,980.0,984.3849975585938,979.5499959309896,959.8149963378906,945.16599609375,929.8033284505208,0
2025-01-01,1014.7000122070312,1022.0,973.5499877929688,975.0,465915,Consumer Services,0.04157257184615304,-0.011156186612576113,0.029671061980985236,0.02161705789606727,986.8800048828125,986.1799987792969,985.743330891927,966.0549957275391,950.0719970703125,935.4849955240885,1
2025-01-02,1009.4500122070312,1050.0999755859375,1003.0,1015.9500122070312,723479,Consumer Services,-0.005173942975107426,0.04200001252003216,0.027495083743578785,0.030250128474444526,993.7300048828125,987.025,991.2333333333333,971.8849975585938,955.3019970703125,941.1699951171875,0
2025-01-03,992.75,1016.9500122070312,988.0,1013.7000122070312,164252,Consumer Services,-0.01654367428310677,-0.0022146758924803667,-0.03156838791507366,-0.014955134596211339,994.460009765625,985.5450012207032,989.6166666666667,976.8349975585937,959.27599609375,946.1916625976562,0
2025-01-06,955.2000122070312,1003.9000244140624,950.1500244140624,1000.6500244140624,346110,Consumer Services,-0.037824213339681445,-0.012873619054769803,-0.012832477148652766,-0.03830969188860078,989.260009765625,983.3950012207031,986.1266682942709,979.6949981689453,961.8799975585938,949.9616638183594,0
2025-01-07,957.75,967.5,943.0,957.9500122070312,267665,Consumer Services,0.002669585176278355,-0.04267227418700603,-0.03625861493061289,-0.007525153113027261,985.9700073242187,982.9850036621094,984.9133341471354,981.1549987792969,965.0459985351563,951.9666646321615,1
2025-01-08,940.25,962.0999755859376,937.0,958.0,135512,Consumer Services,-0.01827199164708948,5.2182047425963773e-05,-0.005581420583010255,-0.006362672322375418,971.0800048828125,978.9800048828125,981.1466674804688,982.0774993896484,967.0599975585938,953.5733317057292,0
2025-01-09,919.25,949.0499877929688,914.4500122070312,939.0,153364,Consumer Services,-0.022334485509173052,-0.019832985386221247,-0.013564066234406869,-0.024066155595484306,953.0400024414063,973.3850036621094,975.6966674804687,981.6850006103516,968.1159985351562,954.9249979654948,0
