Date,Close,High,Low,Open,Volume,Sector,return_ratio,pct_change_open,pct_change_high,pct_change_low,ma_5,ma_10,ma_15,ma_20,ma_25,ma_30,up_or_down
2022-01-10,598.6500244140625,601.9500122070312,586.0,594.0,217729,Chemicals,0.0,0.0,0.0,0.0,0.0,0.0,0.0,0.0,0.0,0.0,0
2022-01-11,588.5,601.8499755859375,584.0,599.9000244140625,175041,Chemicals,-0.01695485509083039,0.009932701033775304,-0.0001661875887782882,-0.0034129692832765013,0.0,0.0,0.0,0.0,0.0,0.0,0
2022-01-12,603.6500244140625,617.9000244140625,584.0,584.0,671738,Chemicals,0.02574345694827951,-0.026504457021138572,0.026667856574222437,0.0,0.0,0.0,0.0,0.0,0.0,0.0,1
2022-01-13,599.9000244140625,624.0499877929688,596.0,610.7000122070312,433174,Chemicals,-0.006212208810295272,0.045719198984642606,0.00995300717901415,0.020547945205479534,0.0,0.0,0.0,0.0,0.0,0.0,0
2022-01-14,609.4000244140625,616.0499877929688,600.0,601.0,316531,Chemicals,0.015835972017635536,-0.01588343214858634,-0.012819485868901359,0.006711409395973256,600.02001953125,0.0,0.0,0.0,0.0,0.0,1
2022-01-17,605.4500122070312,623.0,604.0999755859375,614.2000122070312,369075,Chemicals,-0.006481805134204266,0.021963414653962232,0.011281571860637607,0.006833292643229072,601.3800170898437,0.0,0.0,0.0,0.0,0.0,0
2022-01-18,614.5,629.0,603.9500122070312,605.0,611536,Chemicals,0.01494753920307823,-0.014978853832927297,0.009630818619582593,-0.00024824265016865077,606.5800170898438,0.0,0.0,0.0,0.0,0.0,1
2022-01-19,619.7999877929688,625.25,611.0,618.9500122070312,319020,Chemicals,0.0086248784263121,0.023057871416580555,-0.0059618441971383,0.011673131303045814,609.810009765625,0.0,0.0,0.0,0.0,0.0,1
2022-01-20,614.5999755859375,624.0,607.0999755859375,623.7999877929688,237191,Chemicals,-0.008389823022662335,0.0078358114391881,-0.0019992003198719965,-0.006383018680953367,612.75,0.0,0.0,0.0,0.0,0.0,0
2022-01-21,604.4500122070312,617.0499877929688,599.0999755859375,610.0,255530,Chemicals,-0.01651474744890713,-0.02212245601638063,-0.011137840075370553,-0.013177401287619683,611.7599975585938,605.8900085449219,0.0,0.0,0.0,0.0,0
2022-01-24,544.1500244140625,604.25,539.0,600.0,462739,Chemicals,-0.09976009028901345,-0.016393442622950838,-0.0207438425511538,-0.10031710571705155,599.5,600.4400085449219,0.0,0.0,0.0,0.0,0
2022-01-25,549.2999877929688,565.0,524.2999877929688,543.0,141228,Chemicals,0.009464234398320004,-0.09499999999999997,-0.06495655771617703,-0.027272749920280615,586.4599975585937,596.5200073242188,0.0,0.0,0.0,0.0,1
2022-01-27,521.0499877929688,558.2000122070312,514.0,548.0,541419,Chemicals,-0.05142909271399332,0.009208103130755152,-0.012035376624723426,-0.01964521844893863,566.7099975585937,588.2600036621094,0.0,0.0,0.0,0.0,0
2022-01-28,505.25,544.0499877929688,499.2000122070313,524.5999755859375,654054,Chemicals,-0.030323362754298033,-0.042700774478216186,-0.025349380337910787,-0.028793750569978016,544.8400024414062,578.7950012207032,0.0,0.0,0.0,0.0,0
2022-01-31,554.0999755859375,593.0,546.5,564.75,2021706,Chemicals,0.09668476117949032,0.07653455257831077,0.0899733724939602,0.09475157579393678,534.7699951171875,573.2649963378906,582.1833374023438,0.0,0.0,0.0,1
2022-02-01,567.4000244140625,570.2000122070312,549.0,560.0,398719,Chemicals,0.024002976744514015,-0.008410801239486454,-0.03844854602524239,0.0045745654162854255,539.4199951171875,569.4599975585937,580.1000040690104,0.0,0.0,0.0,1
2022-02-02,565.3499755859375,582.6500244140625,560.25,569.9000244140625,408079,Chemicals,-0.0036130573491638396,0.017678615025111588,0.021834464995610814,0.020491803278688492,542.6299926757813,564.5449951171875,578.5566691080729,0.0,0.0,0.0,0
2022-02-03,560.5499877929688,567.4500122070312,552.9500122070312,567.0,240642,Chemicals,-0.008490294508271545,-0.005088654658409797,-0.026087722595252605,-0.01302987557870372,550.5299926757813,558.6199951171875,575.6833333333333,0.0,0.0,0.0,0
2022-02-04,558.5999755859375,570.0,554.2000122070312,554.5,242011,Chemicals,-0.0034787481036417933,-0.022045855379188684,0.004493766390189835,0.00226060217452706,561.1999877929687,553.0199951171875,572.9299967447917,0.0,0.0,0.0,0
2022-02-07,550.7000122070312,559.3499755859375,547.7999877929688,557.0,150462,Chemicals,-0.014142434164304496,0.004508566275924331,-0.018684253358004388,-0.011548221351665444,560.5199951171875,547.6449951171875,569.0166625976562,576.7675018310547,0.0,0.0,0
2022-02-08,547.5999755859375,560.0,541.2999877929688,553.9000244140625,217316,Chemicals,-0.005629265575407882,-0.005565485791629299,0.0011621068068905505,-0.011865644660175811,556.5599853515625,547.989990234375,565.1599934895834,574.2149993896485,0.0,0.0,0
2022-02-09,551.0499877929688,559.9000244140625,548.3499755859375,550.0,169028,Chemicals,0.0063002417108213304,-0.007041025893053665,-0.0001785278320312056,0.013024178739987624,553.6999877929687,548.164990234375,560.9299926757812,572.3424987792969,0.0,0.0,1
2022-02-10,542.0,558.0,535.25,555.4000244140625,238722,Chemicals,-0.016423170299332046,0.00981822620738626,-0.0033935065747691118,-0.023889807913166305,549.989990234375,550.2599914550781,555.7433268229166,569.2599975585938,0.0,0.0,0
2022-02-11,539.8499755859375,545.6500244140625,533.25,541.0,142442,Chemicals,-0.003966834712292422,-0.025927302450615253,-0.022132572734654965,-0.0037365716954693706,546.239990234375,553.7199890136719,550.7599934895833,566.2574951171875,0.0,0.0,0
2022-02-14,497.5499877929688,529.0499877929688,492.0,525.0,406949,Chemicals,-0.07835507957012966,-0.02957486136783738,-0.030422497715306474,-0.07735583684950775,535.6099853515625,548.064990234375,543.6333251953125,560.6649932861328,568.5359985351563,0.0,0
2022-02-15,509.3999938964844,522.0,499.0,499.0,453972,Chemicals,0.023816714690477303,-0.049523809523809526,-0.013325749845263357,0.014227642276422703,527.9699890136719,542.2649871826172,541.3166564941406,555.8624923706054,564.9659973144531,0.0,1
2022-02-16,516.4000244140625,531.9500122070312,513.0499877929688,522.0,353798,Chemicals,0.013741716924717151,0.04609218436873741,0.019061326067109752,0.028156288162262122,521.0399963378907,537.3699920654296,539.1233256022135,550.9574935913085,562.0819982910157,0.0,1
2022-02-17,517.0499877929688,525.9000244140625,511.8500061035156,525.9000244140625,189784,Chemicals,0.0012586431994145997,0.0074713111380506625,-0.011373226156848215,-0.002338917684444719,516.0499938964844,533.0199920654297,538.8566589355469,545.8199935913086,558.6179968261719,0.0,1
2022-02-18,523.1500244140625,526.7000122070312,512.0499877929688,514.4500122070312,110651,Chemicals,0.011797769587292395,-0.021772222238986227,0.0015211784670672301,0.00039070369652915993,512.7100036621093,529.4749969482422,540.0499938964844,541.2474960327148,555.5479968261719,0.0,1
2022-02-21,500.25,520.5,495.0499877929688,518.0,537362,Chemicals,-0.0437733410023462,0.006900549535880041,-0.011771429776603504,-0.033199883615412484,513.2500061035156,524.4299957275391,536.4599955240885,536.0374954223632,551.1819958496094,559.3216664632162,0
2022-02-22,477.0499877929688,496.0,470.5,496.0,691282,Chemicals,-0.04637683599606435,-0.0424710424710425,-0.047070124879923125,-0.04959092697369316,506.7800048828125,517.3749969482421,530.4366597493489,532.6824935913086,546.0459948730469,555.2683319091797,0
2022-02-23,470.8999938964844,488.4500122070313,463.1499938964844,482.0,570742,Chemicals,-0.0128917179621717,-0.028225806451612878,-0.015221749582598143,-0.01562169203722763,497.67999877929685,509.35999755859376,524.1399943033854,528.7624938964843,540.3019946289063,551.3483317057292,0
2022-02-24,448.9500122070313,462.0,444.25,455.0,414630,Chemicals,-0.04661283069431987,-0.05601659751037347,-0.05415090909204512,-0.040807501123941714,484.06000366210935,500.05499877929685,516.6999959309895,525.1574951171875,533.4679956054688,546.1916646321614,0
2022-02-25,481.2000122070313,484.2000122070313,454.8500061035156,454.8500061035156,229591,Chemicals,0.07183427803344844,-0.00032965691535025154,0.048051974474093706,0.023860452680958044,475.6700012207031,494.19000244140625,511.5399983723958,523.9549957275391,528.1319970703125,542.2349975585937,1
2022-02-28,472.0499877929688,479.0,465.1000061035156,476.2000122070313,208194,Chemicals,-0.019015012846936075,0.04693856395960294,-0.010739388839188901,0.0225349013135272,470.0299987792969,491.64000244140624,506.2966634114583,519.8524963378907,522.83599609375,537.6566630045573,0
2022-03-02,510.5499877929688,523.0999755859375,472.9500122070313,472.9500122070313,798382,Chemicals,0.0815591589780642,-0.006824863327779651,0.09206675487669624,0.016878103634702102,476.729998779297,491.7550018310547,503.8266642252604,517.0099945068359,521.4919946289062,534.4933288574218,1
2022-03-03,540.3499755859375,558.0,522.9000244140625,522.9000244140625,830770,Chemicals,0.05836840369302432,0.10561372432138949,0.06671769459551236,0.10561372432138949,490.6199951171875,494.1499969482422,503.113330078125,515.7599945068359,521.133994140625,532.0216613769531,1
2022-03-04,532.5999755859375,551.9500122070312,530.0,537.5,324573,Chemicals,-0.014342556398926787,0.027921160650733468,-0.010842272030409994,0.013578074688165076,507.34998779296876,495.7049957275391,502.4866617838542,514.3624938964844,521.5959936523437,529.1149943033854,0
2022-03-07,542.6500244140625,545.0,521.4000244140625,524.0,263380,Chemicals,0.018869788375541097,-0.025116279069767433,-0.01259174210222569,-0.016226369030070797,519.639990234375,497.6549957275391,502.67333170572914,513.5649963378906,523.0919946289063,526.7166625976563,1
2022-03-08,532.5499877929688,547.0,527.4500122070312,536.2000122070312,235380,Chemicals,-0.01861243189291195,0.023282466043952788,0.003669724770642091,0.011603351572082365,531.739990234375,500.88499450683594,505.0066650390625,512.6574951171875,522.2299951171875,524.3199951171875,0
2022-03-09,538.2000122070312,550.9500122070312,529.2000122070312,542.5,253342,Chemicals,0.010609378543932957,0.011749324225185376,0.0072212288976805095,0.0033178499563919495,537.2699951171875,506.9999969482422,506.9266662597656,512.1874969482421,521.0619946289063,524.1216613769532,1
2022-03-10,531.75,552.0499877929688,528.0499877929688,546.0,387112,Chemicals,-0.011984414828571377,0.006451612903225712,0.0019965070542991015,-0.0021731375425830812,535.55,513.0849975585937,507.9499979654948,511.2224975585938,519.7179956054688,523.5366617838541,0
2022-03-11,534.0999755859375,545.0,524.75,531.75,272913,Chemicals,0.004419324092030941,-0.026098901098901117,-0.01277056054498571,-0.0062493852272610395,535.85,521.5999938964844,509.0866638183594,510.82749633789064,518.6599951171875,523.9716613769531,1
2022-03-14,567.1500244140625,573.0,545.0499877929688,550.0,1456086,Chemicals,0.06187989204056277,0.03432063939821339,0.05137614678899083,0.03868506487464263,540.75,530.1949951171875,512.0199971516927,512.1924987792969,519.0019970703125,526.0349955240886,1
2022-03-15,562.5499877929688,577.5999755859375,556.5499877929688,571.0,385108,Chemicals,-0.008110793305256658,0.038181818181818095,0.008027880603730386,0.02109898221733042,546.75,539.2449951171875,516.173329671224,515.4424987792969,519.47599609375,526.3166625976562,0
2022-03-16,592.6500244140625,596.9000244140625,565.0999755859375,566.0,854074,Chemicals,0.05350642125010818,-0.008756567425569184,0.03341421337240602,0.01536247952654568,557.6400024414063,547.4549987792968,523.8799987792969,519.6050003051757,521.277998046875,527.1583292643229,1
2022-03-17,589.9000244140625,618.7000122070312,565.5499877929688,598.0,2304392,Chemicals,-0.004640175291849236,0.05653710247349819,0.036522008546353124,0.0007963408714797282,569.2700073242188,552.4100036621094,531.8133341471354,523.2800003051758,522.8319995117188,527.9766642252604,0
2022-03-21,595.4500122070312,615.0,587.0,615.0,316464,Chemicals,0.009408353217956744,0.028428093645485042,-0.005980300846984865,0.03792770342147622,581.5400146484375,558.6950073242188,541.580000813802,527.2000015258789,524.97,529.1399983723958,1
2022-03-22,620.0999755859375,624.9000244140625,587.4000244140625,598.0,495672,Chemicals,0.04139720022431659,-0.027642276422764178,0.01609760067327226,0.0006814725963586454,592.1300048828125,566.4400024414062,550.8399983723958,532.0474990844726,528.18,531.1899983723958,1
2022-03-23,615.7000122070312,627.9000244140625,610.0,625.9500122070312,232943,Chemicals,-0.007095570959745112,0.046739150847878275,0.004800767935339678,0.03847459081820981,602.760009765625,574.7550048828125,560.4166666666666,537.8199996948242,532.9060009765625,533.3566650390625,0
2022-03-24,622.2000122070312,634.0,611.0,611.0,304457,Chemicals,0.010557089282327903,-0.023883715816729767,0.009714883498578963,0.0016393442622950616,608.6700073242188,583.1550048828125,567.8600016276042,545.0775009155274,537.4180017089843,535.8433329264323,1
2022-03-25,629.0,634.0,622.4500122070312,624.9000244140625,346440,Chemicals,0.010928941915073542,0.022749630792246345,0.0,0.01873979084620503,616.4900024414062,592.8800048828125,573.7700032552083,552.9825012207032,541.9220007324219,538.4416666666667,1
2022-03-28,618.0999755859375,636.8499755859375,615.0,633.0,137632,Chemicals,-0.01732913261377189,0.012962034356667651,0.004495229630816278,-0.0119688522145186,621.0199951171875,601.2800048828125,579.4700032552083,561.4399993896484,545.9640002441406,540.9783325195312,0
2022-03-29,636.7000122070312,641.9000244140625,613.9500122070312,623.5,327926,Chemicals,0.030092278524135985,-0.01500789889415477,0.0079297307399262,-0.001707297224339377,624.3400024414062,608.2350036621094,585.7400024414062,569.2149993896485,550.5059997558594,544.2066670735677,1
2022-03-30,669.1500244140625,675.0,635.5499877929688,638.0,522021,Chemicals,0.05096593620997081,0.023255813953488413,0.05156562443840329,0.03518197761457764,635.0300048828125,618.8950073242188,594.8466715494792,579.0700012207031,557.2620007324218,549.9266682942708,1
2022-03-31,665.1500244140625,685.0,661.0,669.1500244140625,396662,Chemicals,-0.005977732726682006,0.04882448967721387,0.014814814814814836,0.040044076305326914,643.6200073242187,626.1450073242188,603.3100056966146,586.8000030517578,564.7860021972656,555.1183359781901,0
2022-04-01,650.4500122070312,677.8499755859375,645.25,666.0,219759,Chemicals,-0.022100295673867953,-0.004707501007447212,-0.010437991845346661,-0.023827534039334353,647.910009765625,632.2000061035156,611.22333984375,592.3050048828125,571.9680029296875,559.5866689046223,0
2022-04-04,639.2000122070312,669.8499755859375,635.2999877929688,656.7999877929688,217087,Chemicals,-0.017295718024245677,-0.013813832142689608,-0.011802021521185035,-0.015420398616088682,652.1300170898437,636.5750061035156,618.2300089518229,597.6350067138671,579.5780029296875,563.6583363850912,0
2022-04-05,635.5499877929688,645.5,625.0,643.2000122070312,297591,Chemicals,-0.005710300914200106,-0.020706418755635503,-0.03635138683798245,-0.0162127939412543,651.9000122070313,638.1200073242187,622.7900065104167,602.2800048828125,585.752001953125,567.4050018310547,0
2022-04-06,636.5999755859375,654.5999755859375,631.9000244140625,636.0,344925,Chemicals,0.001652093168335922,-0.011194048616892327,0.014097560938710396,0.011040039062500062,645.3900024414063,640.2100036621093,627.7266723632813,607.4825042724609,592.3340014648437,571.9500010172526,1
2022-04-07,633.2000122070312,644.7999877929688,629.0,639.0,128692,Chemicals,-0.005340816068641674,0.004716981132075526,-0.01497095655128422,-0.004589372213985254,639.0,641.3100036621094,630.4300048828125,612.2325042724609,597.2400024414062,577.1550018310547,0
2022-04-08,631.5499877929688,645.9000244140625,625.0999755859375,625.0999755859375,80361,Chemicals,-0.0026058502562426034,-0.02175277686081767,0.0017060121617851198,-0.0062003567791136804,635.2199951171875,641.5650024414062,633.2066691080729,617.2225036621094,600.8880029296874,582.5100016276042,0
2022-04-11,621.25,640.0,618.0,640.0,102906,Chemicals,-0.016309061819418824,0.023836226197410992,-0.009134578403855564,-0.011358144078124965,631.6299926757813,641.8800048828125,634.9266682942708,621.5800048828125,604.43400390625,588.2533345540364,0
2022-04-12,615.7999877929688,630.0,609.0,618.0,94114,Chemicals,-0.008772655464034163,-0.034375000000000044,-0.015625,-0.014563106796116498,627.6799926757812,639.7900024414063,634.6400024414063,624.0125030517578,607.3600024414062,592.740000406901,0
2022-04-13,640.7999877929688,646.4500122070312,615.7999877929688,615.7999877929688,627624,Chemicals,0.04059759742704805,-0.00355989030263959,0.026111130487351142,0.011165825604217972,628.5199951171875,636.9549987792968,636.3133341471354,627.9250030517578,611.6900024414062,598.365000406901,1
2022-04-18,637.4500122070312,651.8499755859375,632.0,640.7999877929688,125451,Chemicals,-0.005227802199989751,0.04059759742704805,0.00835325744750226,0.026307262955772792,629.3699951171875,634.1849975585938,637.330000813802,630.1650024414063,615.6600024414063,602.5950012207031,0
2022-04-19,603.0999755859375,644.4000244140625,588.0999755859375,635.0,152952,Chemicals,-0.05388663575699726,-0.009051167140225691,-0.011428935262563056,-0.06946206394630139,623.6799926757812,629.4499938964843,635.6033325195312,630.825,618.5140014648438,604.6866678873698,0
2022-04-20,616.3499755859375,629.0,605.0,608.0,323787,Chemicals,0.02196982347267884,-0.04251968503937009,-0.023898236856935817,0.02873665212657861,622.6999877929687,627.164990234375,635.4866658528646,631.8699981689454,621.8040014648437,607.4783345540365,1
2022-04-21,617.0999755859375,626.0499877929688,615.0,621.7999877929688,67825,Chemicals,0.0012168411287547531,0.02269734834369852,-0.004690003508793672,0.016528925619834656,622.9599853515625,625.3199890136718,634.1799967447917,631.7199981689453,623.8019995117188,609.9599995930989,1
2022-04-22,631.4500122070312,639.0,617.0999755859375,619.0,177630,Chemicals,0.023253989934886032,-0.004503036101539792,0.020685268683870328,0.003414594448678754,621.089990234375,624.8049926757812,631.6666625976562,632.5074981689453,626.5580004882812,613.2566670735677,1
2022-04-25,610.25,624.9500122070312,607.5,624.2000122070312,82864,Chemicals,-0.03357353994330192,0.008400665924121586,-0.021987461334849412,-0.015556596930379585,615.6499877929688,622.5099914550781,628.006660970052,631.9099975585938,627.2619995117187,615.6583333333333,0
2022-04-26,617.8499755859375,638.0,615.0499877929688,615.0499877929688,372830,Chemicals,0.012453872324354798,-0.014658802042810115,0.020881650592952772,0.012427963445216017,618.5999877929687,621.139990234375,625.8333251953125,631.3524963378907,628.3799975585938,618.5283325195312,1
2022-04-27,611.25,617.25,599.9000244140625,617.0,79163,Chemicals,-0.010682165326102666,0.003170493855350953,-0.03252351097178685,-0.024632084675377364,617.5799926757812,620.139990234375,623.9699910481771,631.0099975585938,629.0119970703125,621.1,0
2022-04-28,605.4000244140625,623.5,601.25,601.5499877929688,80979,Chemicals,-0.009570512206032666,-0.025040538423065195,0.010125556905629773,0.0022503342740418653,615.2400024414062,619.0999938964844,621.9599934895833,629.4449981689453,628.4239990234375,622.375,0
2022-04-29,594.4000244140625,608.8499755859375,591.0999755859375,606.0,141859,Chemicals,-0.01816980435480886,0.007397576755604263,-0.023496430495689613,-0.01688153748700627,607.8300048828125,614.4599975585937,619.1466634114583,625.7074981689453,627.5719995117188,623.4366678873698,0
2022-05-02,573.9500122070312,591.5,561.0,587.0,147901,Chemicals,-0.034404460577184715,-0.031353135313531344,-0.028496306613530642,-0.050921970612670786,600.5700073242188,608.1099975585937,615.1966634114583,621.1474975585937,625.6419995117187,622.8133341471354,0
2022-05-04,553.6500244140625,595.4000244140625,550.0,575.25,139840,Chemicals,-0.0353689125554828,-0.02001703577512781,0.006593447868237456,-0.019607843137254943,587.7300170898437,603.1650024414063,610.0033325195312,616.3074981689454,622.6280004882813,621.6050008138021,0
2022-05-05,556.6500244140625,568.6500244140625,553.0,560.0,65597,Chemicals,0.005418585510178486,-0.026510212950890955,-0.0449277778016971,0.005454545454545379,576.8100219726563,597.1950073242188,605.6966674804687,612.1799987792969,620.1700024414063,620.3116678873698,1
2022-05-06,552.9500122070312,559.7000122070312,534.8499755859375,549.0,100688,Chemicals,-0.006646927233904143,-0.019642857142857184,-0.01573905182938018,-0.032821020640257714,566.32001953125,590.7800109863281,601.506669108073,608.05,616.8200024414062,618.0733357747396,0
2022-05-09,557.0999755859375,569.0499877929688,536.9000244140625,560.0,105798,Chemicals,0.007505132990850649,0.020036429872495543,0.016705333896757102,0.0038329417999489745,558.860009765625,583.3450073242187,595.9266682942708,604.075,612.3380004882813,616.1200012207031,1
2022-05-10,518.6500244140625,560.0,514.1500244140625,552.0,182016,Chemicals,-0.06901804497735753,-0.014285714285714235,-0.015903678037264668,-0.04237287942914114,547.8000122070313,574.185009765625,588.006669108073,598.3475006103515,606.4780004882813,612.6683349609375,0
2022-05-11,508.8500061035156,541.0,490.5499877929688,510.0,238508,Chemicals,-0.01889524312973534,-0.07608695652173914,-0.03392857142857142,-0.04590107070011107,538.8400085449218,563.2850128173828,581.7233378092448,592.2125015258789,600.8140002441406,608.6633351643881,0
2022-05-12,483.6499938964844,501.2000122070313,475.8500061035156,495.0,172793,Chemicals,-0.049523458592441894,-0.02941176470588236,-0.07356744508866675,-0.029966327704113893,524.2400024414062,550.5250122070313,572.8766723632813,585.3325012207031,594.5919995117188,604.1816691080729,0
2022-05-13,515.5,533.4500122070312,492.8999938964844,499.0,308592,Chemicals,0.06585341983966297,0.008080808080808133,0.06434556906331124,0.03583059277981748,516.75,541.535009765625,566.103340657552,580.3175018310546,589.79,600.1416687011719,1
2022-05-16,522.5499877929688,533.4000244140625,500.75,516.0,247684,Chemicals,0.013676018997029527,0.03406813627254501,-9.370661135044145e-05,0.015926163929237624,509.8400024414062,534.3500061035156,558.843339029948,574.4050018310547,585.2280004882813,595.2550008138021,1
2022-05-17,528.7999877929688,538.0999755859375,523.6500244140625,535.5,163270,Chemicals,0.011960578214530893,0.03779069767441867,0.008811306630587268,0.04573145165064907,511.8699951171875,529.8350036621093,553.4133382161458,568.9725006103515,581.0519995117188,590.7099995930989,1
2022-05-18,523.0999755859375,538.7999877929688,518.0,538.7999877929688,109770,Chemicals,-0.01077914587483475,0.006162442190417838,0.00130089618805318,-0.010789695694914947,514.7199890136719,526.7799987792969,547.0966715494792,564.9725006103515,576.7139990234375,586.4649983723958,0
2022-05-19,493.0499877929688,512.5999755859375,488.0,512.0,192326,Chemicals,-0.05744597437480081,-0.04974014179686004,-0.04862660133744934,-0.05791505791505791,516.5999877929687,520.4199951171875,539.2166707356771,558.8075012207031,571.5859985351562,581.593330891927,0
2022-05-20,482.8500061035156,503.7999877929688,478.8999938964844,503.7999877929688,222425,Chemicals,-0.02068752041777988,-0.0160156488418578,-0.017167358977943192,-0.01864755349081071,510.0699890136719,513.4099945068359,531.0466695149739,552.095002746582,566.2679992675781,576.5033315022787,0
2022-05-23,497.8500061035156,506.3999938964844,480.9500122070313,492.0,185401,Chemicals,0.03106554791424032,-0.023421969191904535,0.0051607903265451505,0.004280681429680744,505.12999267578124,507.48499755859376,524.6100016276042,545.4150024414063,560.55,571.8783325195312,1
2022-05-24,496.3999938964844,508.8500061035156,492.2000122070313,497.8500061035156,105364,Chemicals,-0.0029125483363552362,0.011890256307958591,0.004838096833650551,0.023391204313260916,498.6499938964844,505.25999450683594,519.440000406901,539.7225021362304,554.9079992675781,567.3183319091797,0
2022-05-25,489.8999938964844,506.0,481.3999938964844,501.0,101619,Chemicals,-0.013094278968414863,0.006327194652739232,-0.005600876622443907,-0.02194233653534361,492.00999755859374,503.3649932861328,515.1899983723958,533.3250030517578,550.38,562.5966654459636,0
2022-05-26,489.6499938964844,502.0,478.0,502.0,170974,Chemicals,-0.0005103082325264019,0.001996007984031989,-0.007905138339920903,-0.007062721104262204,491.3299987792969,503.9649932861328,510.72332967122395,527.245002746582,545.3120007324219,558.2099985758464,0
2022-05-27,488.5,499.0,484.0499877929688,499.0,104702,Chemicals,-0.002348603922841086,-0.005976095617529875,-0.005976095617529875,0.012656878227968127,492.4599975585937,501.26499328613284,506.4266621907552,521.4000015258789,540.1680017089843,553.966665649414,0
2022-05-30,494.9500122070313,514.75,490.75,497.5,254885,Chemicals,0.013203709738037528,-0.0030060120240480437,0.0315631262525049,0.01384157086250526,491.8799987792969,498.50499572753904,502.2833312988281,516.4275009155274,534.7080017089844,549.1049997965495,1
2022-05-31,482.2999877929688,500.2999877929688,473.1000061035156,500.0,494297,Chemicals,-0.025558185881549456,0.005025125628140614,-0.028071903267666287,-0.035965346707049206,489.05999755859375,493.85499572753906,499.85999552408856,511.8449996948242,529.5900012207031,543.9333323160807,0
2022-06-01,481.8500061035156,489.2999877929688,481.0,483.5,89954,Chemicals,-0.0009329912934734619,-0.03300000000000003,-0.0219868084517163,0.016698359320578504,487.45,489.72999877929686,498.05999552408855,508.2549987792969,524.1500024414063,539.8916666666667,0
2022-06-02,479.8999938964844,485.7000122070313,473.25,485.0,80048,Chemicals,-0.0040469278454514646,0.0031023784901758056,-0.007357399705190115,-0.016112266112266127,485.5,488.4149993896484,497.80999552408855,504.417497253418,518.8960021972656,535.3433339436849,0
2022-06-03,473.8999938964844,490.6499938964844,470.0,489.0,82569,Chemicals,-0.012502604868326439,0.008247422680412342,0.010191438264455233,-0.006867406233491802,482.5799987792969,487.51999816894534,495.0366617838542,500.4649963378906,513.6360009765625,530.5700012207031,0
2022-06-06,480.6499938964844,484.8500061035156,470.0499877929688,472.0499877929688,94629,Chemicals,0.014243511472748382,-0.034662601650370495,-0.01182102897201387,0.00010635700631667078,479.7199951171875,485.7999969482422,492.2433288574219,496.64249725341796,509.08599975585935,525.5433339436848,1
2022-06-07,477.2999877929688,483.5,474.3999938964844,480.6499938964844,95632,Chemicals,-0.006969741279632791,0.01821842246776484,-0.0027843788522659008,0.009254347870404578,478.7199951171875,483.88999633789064,488.80999552408855,494.57499542236326,505.2199987792969,521.1116668701172,0
2022-06-08,474.3999938964844,481.5,472.2000122070313,479.5,51908,Chemicals,-0.006075830652948477,-0.00239258069507442,-0.004136504653567741,-0.004637398224615286,477.22999267578126,482.3399963378906,485.563330078125,492.85249481201174,502.04999755859376,516.330000813802,0
2022-06-09,475.75,478.9500122070313,472.0,474.6000061035156,40964,Chemicals,0.0028457127337362387,-0.010218965373272937,-0.0052959248036732465,-0.00042357518394897653,476.3999938964844,480.9499969482422,484.4099975585938,492.4574951171875,498.8139965820312,511.81333414713544,1
2022-06-10,468.8999938964844,474.8999938964844,466.6499938964844,472.0,55882,Chemicals,-0.014398331273811071,-0.005478310303579148,-0.008456035509601945,-0.011334758693889002,475.3999938964844,478.9899963378906,483.47999674479166,490.1274948120117,495.4519958496094,507.2633331298828,0
2022-06-13,451.2999877929688,465.4500122070313,448.5,465.0499877929688,104043,Chemicals,-0.037534669082126215,-0.014724602133540654,-0.01989888778881077,-0.03889423365236455,469.5299926757813,474.62499389648445,480.37666219075527,486.5649948120117,491.2199963378906,502.4933319091797,0
2022-06-14,435.1000061035156,454.0,430.0,450.1000061035156,173406,Chemicals,-0.03589625997704393,-0.03214704242957345,-0.024599875189042608,-0.04124860646599782,461.0899963378906,469.90499572753913,476.28999633789067,481.87999572753904,487.87799560546875,497.86499837239586,0
2022-06-15,431.3999938964844,441.9500122070313,428.1000061035156,441.9500122070313,53671,Chemicals,-0.00850382016807183,-0.018107073508037086,-0.02654182333253019,-0.0044185904569403744,452.4899963378906,464.859994506836,472.3899963378907,477.2949966430664,484.7799951171875,493.7899973551432,0
2022-06-16,409.8999938964844,457.9500122070313,406.0499877929688,437.4500122070313,497213,Chemicals,-0.0498377383036287,-0.010182147020491472,0.03620318940619205,-0.05150669936037111,439.3199951171875,457.859994506836,467.07332967122403,473.1374969482422,481.8299951171875,488.89832967122396,0
2022-06-17,391.7999877929688,416.0499877929688,385.1499938964844,416.0499877929688,367016,Chemicals,-0.04415712703837349,-0.04891993100216108,-0.09149475553484698,-0.051471480174358764,423.8999938964844,449.6499938964845,460.62666219075527,468.58499603271486,476.8819946289062,483.5266621907552,0
2022-06-20,391.8999938964844,399.8999938964844,382.7000122070313,393.8500061035156,150589,Chemicals,0.0002552478474511233,-0.05335892883260973,-0.03881743629450807,-0.006361110549858995,412.0199951171875,440.7749938964844,453.75666097005217,463.2874954223633,471.6559948730469,478.0199961344401,1
2022-06-21,400.25,405.1499938964844,386.6000061035156,392.6000061035156,176011,Chemicals,0.021306471634498614,-0.003173797081702845,0.013128282270889358,0.01019073366105494,405.04999389648435,433.0699951171875,448.28666178385424,458.47999572753906,466.5139953613281,474.0733286539714,1
2022-06-22,393.9500122070313,398.5,389.0499877929688,398.5,162847,Chemicals,-0.015740131899984244,0.015028002559247966,-0.01641365913036008,0.006337252071323407,397.5599975585938,425.0249969482422,442.4266621907553,453.68249664306643,461.3479968261719,470.2433288574219,0
2022-06-23,452.2000122070313,467.7000122070313,395.0,395.0,1743059,Chemicals,0.14786139914976837,-0.008782936010037656,0.173651222602337,0.015293695909836202,406.0200012207032,422.6699981689453,440.57999674479174,451.80999755859375,459.71399780273435,469.1949961344401,1
2022-06-24,468.5,472.9500122070313,437.7999877929688,445.0,757493,Chemicals,0.03604596937849269,0.12658227848101267,0.011225144030306389,0.10835439947587044,421.36000366210936,422.6299987792969,440.2199971516928,450.80999755859375,459.13999755859373,467.6283294677734,1
2022-06-27,482.1499938964844,495.0,461.3999938964844,471.25,473104,Chemicals,0.029135525926327288,0.0589887640449438,0.046622237496246166,0.05390590854624633,439.4100036621094,425.7149993896484,440.31999715169275,450.1699966430664,458.5119970703125,466.2816630045573,1
2022-06-28,462.6000061035156,476.25,460.25,474.7000122070313,123535,Chemicals,-0.04054752263911887,0.007320980810676447,-0.037878787878787845,-0.00249240119570171,451.8800048828125,428.4649993896484,439.3399983723958,449.18499755859375,457.1599975585938,464.0749969482422,0
2022-06-29,448.7000122070313,467.0,439.5499877929688,455.5,103912,Chemicals,-0.030047543694528,-0.04044662252643383,-0.01942257217847765,-0.044975583285238874,462.8300048828125,430.19500122070315,437.6266662597656,447.52749786376955,455.51199829101563,461.5949981689453,0
2022-06-30,470.1499938964844,477.8999938964844,448.9500122070313,448.9500122070313,258263,Chemicals,0.04780472722509299,-0.01437977561573811,0.02334045802245055,0.02138556404303671,466.4200012207031,436.2200012207031,437.2533325195312,447.03999786376954,454.7319982910156,460.8316650390625,1
2022-07-01,476.0,479.0,460.7999877929688,469.7999877929688,98313,Chemicals,0.012442850535915762,0.046441641650568855,0.002301749565943423,0.026394866385420546,467.9200012207031,444.64000244140624,437.72666625976564,447.14499816894534,454.2319982910156,460.60333150227865,1
2022-07-04,495.9500122070313,504.3999938964844,463.25,476.0,202619,Chemicals,0.041911790350906086,0.013197131477499013,0.05302712713253532,0.005316866909579776,470.6800048828125,455.0450042724609,440.7033345540365,447.90999908447264,454.2719982910156,460.5399983723958,1
2022-07-05,488.6499938964844,500.0499877929688,486.1000061035156,499.0,458881,Chemicals,-0.01471926228625553,0.04831932773109249,-0.008624120055814921,0.049325431416115784,475.89000244140624,463.8850036621094,444.27333374023436,448.4774993896484,454.52599853515625,460.2816650390625,0
2022-07-06,490.8999938964844,495.0,478.0,492.1000061035156,143109,Chemicals,0.004604522721996851,-0.013827643079126983,-0.010098965935900761,-0.016663250363734283,484.3299987792969,473.5800018310547,448.24000040690106,449.30249938964846,454.887998046875,460.31499837239585,1
2022-07-07,484.3999938964844,500.7999877929688,480.25,492.1000061035156,103757,Chemicals,-0.013240986108813524,0.0,0.01171714705650273,0.004707112970711247,487.17999877929685,476.8,453.2066670735677,449.73499908447263,455.067998046875,460.13999837239584,0
2022-07-08,484.2000122070313,499.1000061035156,482.0,484.2999877929688,105255,Chemicals,-0.00041284412050546226,-0.015850473915470897,-0.0033945322102443276,0.0036439354502864063,488.82000122070315,478.3700012207031,459.3666687011719,450.5,455.47999877929686,459.9966654459635,0
2022-07-11,482.5499877929688,485.0,478.1499938964844,484.0,61530,Chemicals,-0.0034077331112436493,-0.0006194255637624879,-0.028250863416321437,-0.007987564530115399,486.13999633789064,478.4100006103516,465.4100016276042,452.0625,455.5559985351563,459.5833312988281,0
2022-07-12,467.8500061035156,484.8999938964844,465.0,482.6000061035156,103079,Chemicals,-0.03046312726415401,-0.0028925493729016205,-0.0002061981515786293,-0.027501817555876107,481.97999877929686,478.93500061035155,469.9166687011719,453.7,455.1779992675781,459.10166524251304,0
2022-07-13,463.1000061035156,476.75,460.5499877929688,470.0,53760,Chemicals,-0.010152826628261336,-0.02610859084989936,-0.016807576818044345,-0.009569918724798288,476.4200012207031,480.375,474.52666829427085,455.2850006103516,454.7259997558594,458.47666524251304,0
2022-07-14,463.7000122070313,468.2999877929688,460.3500061035156,468.2999877929688,32477,Chemicals,0.0012956296601334127,-0.0036170472490025807,-0.01772419970011785,-0.0004342236342498307,472.2800048828126,479.7300018310548,475.2933349609375,457.975001525879,454.2440002441407,457.9366658528646,1
2022-07-15,467.0499877929688,480.7000122070313,460.0,466.5,125048,Chemicals,0.007224445757490816,-0.003843663975845679,0.02647880575974826,-0.0007603043312155444,468.85,478.83500061035164,475.19666748046876,461.737501525879,454.1700000000001,457.70833231608077,1
2022-07-18,473.0,476.5,466.7999877929688,470.0,321086,Chemicals,0.012739561851072612,0.007502679528403,-0.008737283337580615,0.014782582158627822,466.94000244140625,476.53999938964853,474.5866678873698,465.7925018310548,455.03800048828134,457.45333251953133,1
2022-07-19,472.9500122070313,480.7999877929688,470.3999938964844,477.75,262809,Chemicals,-0.00010568243756592377,0.01648936170212756,0.009024108694583033,0.007712095539111674,467.9600036621094,474.97000122070324,475.27666829427085,469.4275024414063,456.55200073242196,457.3083333333334,0
2022-07-20,478.25,496.25,474.3500061035156,479.0,454433,Chemicals,0.01120623249005992,0.0026164311878598134,0.03213396963247006,0.00839713490281313,470.99000244140626,473.7050018310548,477.2466674804688,473.6425018310548,458.4260009765626,457.4366668701172,1
2022-07-21,480.8500061035156,484.75,472.0,479.0,44476,Chemicals,0.005436499955077112,0.0,-0.023173803526448378,-0.004954160584542677,474.4200012207031,473.3500030517579,477.9600016276042,475.075001525879,461.26400146484383,457.6066670735678,1
2022-07-22,487.3500061035156,495.0,482.0499877929688,487.0,146081,Chemicals,0.013517728849941513,0.016701461377870652,0.021144920061887618,0.021292347019001623,478.4800048828125,473.66500244140633,478.7166687011719,476.0175018310548,465.0860021972657,458.2216674804688,1
2022-07-25,473.2999877929688,492.8500061035156,471.6000061035156,490.0,367682,Chemicals,-0.02882942061062066,0.006160164271047153,-0.004343422013099785,-0.021678211708494488,478.5400024414063,472.74000244140626,477.2066670735677,475.575001525879,468.3420019531251,458.95500081380214,0
2022-07-26,470.2000122070313,477.2999877929688,466.1499938964844,477.2999877929688,49453,Chemicals,-0.006549705611430312,-0.025918392259247303,-0.03155121866282529,-0.011556429466701434,477.99000244140626,472.9750030517578,475.97666829427084,475.9550018310548,471.1400024414063,460.12500101725266,0
2022-07-27,472.1499938964844,478.8999938964844,468.0499877929688,474.0,141345,Chemicals,0.004147132366713935,-0.0069138652364688635,0.0033522022720218203,0.004075928180546917,476.77000122070314,473.8800018310547,474.72666829427084,477.12750091552743,474.26800170898446,461.483334350586,1
2022-07-28,468.8999938964844,477.7999877929688,464.5,477.7999877929688,913112,Chemicals,-0.0068834057863241815,0.008016851883900333,-0.0022969432397891287,-0.00758463387577113,474.3799987792969,474.4,473.6933349609375,477.06500091552743,474.9360009765626,463.45000101725265,0
2022-07-29,475.7000122070313,482.2000122070313,466.3500061035156,474.7999877929688,285656,Chemicals,0.014502065257113506,-0.0062787778916810755,0.009208925337957696,0.0039827903197322545,472.05,475.26500244140624,473.1266682942708,477.050001525879,475.2240014648438,466.24666849772143,1
2022-08-01,477.25,495.0,474.0,475.8999938964844,202278,Chemicals,0.0032583303619806436,0.002316777868147657,0.02654497608654771,0.01640397511817837,472.8400024414062,475.69000244140625,472.77333577473956,476.11500091552745,475.02800170898445,469.09166870117195,1
2022-08-02,476.5,487.0,472.6000061035156,476.5,493434,Chemicals,-0.0015715034049240684,0.0012607819105081575,-0.016161616161616155,-0.0029535736212750185,474.1,476.0450012207031,473.3500020345052,475.5075012207032,475.5840014648438,471.6333353678386,0
2022-08-03,474.8500061035156,479.8999938964844,469.0,478.5,118645,Chemicals,-0.0034627364039546693,0.0041972717733473885,-0.014579067974364701,-0.007617448279776617,474.64000244140624,475.7050018310547,474.1333353678385,474.7050018310548,476.6300012207032,474.33000183105474,0
2022-08-04,485.8999938964844,497.2999877929688,469.0499877929688,480.0499877929688,585621,Chemicals,0.02327048046948943,0.0032392639351490615,0.03625754139983939,0.00010658378031735971,478.0400024414063,476.2100006103516,475.6133341471354,474.7800018310548,477.2600012207032,475.45333455403653,1
2022-08-05,486.7999877929688,496.0,481.2000122070313,489.0,186247,Chemicals,0.00185222043175437,0.01864391716408309,-0.0026140917451822343,0.025903474534201054,480.25999755859374,476.1549987792969,476.9300008138021,474.91000061035163,477.69200073242195,476.0633341471355,1
2022-08-08,470.6499938964844,482.8500061035156,438.25,455.0,913371,Chemicals,-0.033175830528888284,-0.06952965235173825,-0.026512084468718444,-0.08925604970382361,478.93999633789065,475.88999938964844,476.77333374023436,474.3150009155273,476.68000000000006,475.68000081380217,0
2022-08-10,451.1499938964844,475.0,448.0499877929688,475.0,193229,Chemicals,-0.0414320625791591,0.04395604395604402,-0.016257649382389605,0.022361637861879835,473.8699951171875,473.98499755859376,475.3199991861979,473.4800003051758,475.18000000000006,475.29833374023445,0
2022-08-11,449.75,459.25,443.0,451.9500122070313,167600,Chemicals,-0.0031031672734669336,-0.04852629009046039,-0.03315789473684205,-0.011271036559657888,468.84999389648436,471.7449981689453,473.4199991861979,472.8125,473.5340002441407,475.33333333333337,0
2022-08-12,460.25,463.0,446.4500122070313,452.0,153537,Chemicals,0.023346303501945442,0.00011060469436552367,0.008165487207403288,0.007787837939122522,463.7199951171875,470.8799987792969,472.0466654459635,472.63999938964844,472.5680004882813,475.00333353678394,1
2022-08-16,453.2000122070313,462.7000122070313,451.0499877929688,461.6499938964844,103214,Chemicals,-0.015317735563212809,0.02134954401877076,-0.0006479217990684738,0.010303450465142694,457.0,468.6299987792969,469.76999918619794,471.94750061035154,471.3280004882813,474.24333394368495,0
2022-08-17,450.2000122070313,456.8500061035156,446.6000061035156,452.0,78388,Chemicals,-0.00661959381993471,-0.02090326876219606,-0.012643194184525197,-0.009865828200611104,452.9100036621094,465.925,468.2300008138021,470.8075012207031,470.03400146484375,472.71833394368497,0
2022-08-18,436.5,454.0,434.0,452.5,235129,Chemicals,-0.03043094588085249,0.0011061946902655162,-0.006238384733368796,-0.02821317942524859,449.9800048828125,461.925,465.9833333333334,468.98500061035156,468.7800012207031,470.9800008138021,0
2022-08-19,427.3999938964844,440.3999938964844,425.0,440.0,151595,Chemicals,-0.020847665758340517,-0.027624309392265234,-0.02995596058043093,-0.020737327188940058,445.5100036621094,457.17999877929685,463.00000000000006,466.44250030517577,467.35200073242186,468.8633341471355,0
2022-08-22,417.3500061035156,431.25,414.0499877929688,429.3999938964844,145027,Chemicals,-0.023514244119064776,-0.024090922962535566,-0.020776553186408697,-0.025764734604779238,436.9300048828125,450.325,459.5633341471355,463.26750030517576,465.49800048828126,466.62833455403654,0
2022-08-23,420.8500061035156,426.2000122070313,412.0,416.0,149939,Chemicals,0.008386246433004452,-0.03120632064963358,-0.011710116621376665,-0.004951063527126154,430.4600036621094,443.73000183105466,455.90666707356775,459.94250030517577,463.65000122070313,464.5166676839193,1
2022-08-24,421.9500122070313,429.25,419.0,424.0,108743,Chemicals,0.002613772335897435,0.019230769230769162,0.007156235817954659,0.016990291262136026,424.81000366210935,438.86000366210936,452.2200012207032,457.37500152587893,461.6080017089844,462.4966684977214,1
2022-08-25,420.25,427.1499938964844,418.25,426.0,137576,Chemicals,-0.004028942191847129,0.004716981132075526,-0.004892268150298529,-0.0017899761336515052,421.56000366210935,435.77000427246094,448.4700012207032,454.8775009155273,459.5000012207031,460.9100016276042,0
2022-08-26,422.0,429.0,419.1000061035156,420.0,90930,Chemicals,0.0041641879833431705,-0.014084507042253502,0.004331045604472061,0.002032291939068953,420.4800048828125,432.99500427246096,444.9466674804688,452.3700012207031,457.2500012207031,459.5400014241537,1
2022-08-29,424.25,429.5,414.3500061035156,415.1499938964844,113889,Chemicals,0.005331753554502328,-0.011547633579799155,0.0011655011655011815,-0.011333810381350284,421.86000366210936,429.39500427246094,440.83666788736986,450.1375015258789,454.9860009765625,458.2250010172526,1
2022-08-30,422.2000122070313,431.9500122070313,420.1000061035156,425.2000122070313,192879,Chemicals,-0.004832027797215588,0.02420816200963949,0.005704335755602585,0.01387715678846524,422.1300048828125,426.2950042724609,436.53000284830733,447.4625015258789,452.38000122070315,456.73000183105466,0
2022-09-01,420.0499877929688,424.9500122070313,419.2999877929688,420.0,89670,Chemicals,-0.005092430961390448,-0.012229567398270413,-0.016205578891487438,-0.0019043520564712146,421.75,423.2800018310547,433.156669108073,444.60250091552734,450.2500012207031,454.9650014241536,0
2022-09-02,422.7000122070313,429.6499938964844,420.0,423.8999938964844,91994,Chemicals,0.0063088310702883454,0.009285699753534216,0.011060081314136605,0.0016694782432877808,422.2400024414063,421.90000305175784,431.26000366210945,441.9125015258789,448.3500012207031,453.2900014241537,1
2022-09-05,415.5,428.5,414.2999877929688,428.5,187076,Chemicals,-0.01703338537758281,0.010851630501884202,-0.002676583062541482,-0.013571457635788597,420.94000244140636,420.7100036621094,428.9766703287761,438.94500122070315,446.08400146484377,451.198334757487,0
2022-09-06,412.2000122070313,421.9500122070313,409.3500061035156,419.9500122070313,187079,Chemicals,-0.007942208888011337,-0.019953297066438003,-0.015285852492342378,-0.011947820022448985,418.5300048828126,420.19500427246095,425.7733378092449,435.26000213623047,443.8160021972656,448.9100016276042,0
2022-09-07,419.4500122070313,421.3999938964844,410.6499938964844,411.8999938964844,77423,Chemicals,0.017588548727064612,-0.01916899172889741,-0.0013035153327050075,0.0031757365911460056,417.9800048828125,420.0550048828125,423.52333780924477,431.8925033569336,441.5660021972656,446.64666849772135,1
2022-09-08,431.9500122070313,442.0,417.6000061035156,428.0,427540,Chemicals,0.029800928921728698,0.03908717247410731,0.04888468533906987,0.016924418142773012,420.360009765625,421.0550048828125,422.3066711425781,429.95750427246094,439.7540026855469,445.2683359781901,1
2022-09-09,433.0,437.3999938964844,428.5,435.0,91174,Chemicals,0.0024308085734361384,0.016355140186915973,-0.010407253627863433,0.026101517569859567,422.4200073242188,422.3300048828125,422.0733378092448,429.05000457763674,438.01400268554687,444.02833557128906,1
2022-09-12,419.6499938964844,438.0,417.7999877929688,433.0,1022361,Chemicals,-0.03083142287186058,-0.0045977011494252595,0.0013717560857067213,-0.024970856959232623,423.2500061035156,422.0950042724609,421.5566711425781,427.5450042724609,435.8060021972656,442.27833557128906,0
2022-09-13,431.2999877929688,437.3999938964844,420.4500122070313,424.0,338063,Chemicals,0.027761215455559318,-0.020785219399538146,-0.0013698769486658602,0.006342806346312457,427.0700012207032,422.8000030517579,422.486669921875,426.0975036621095,433.622001953125,441.02500203450523,1
2022-09-14,426.8999938964844,432.1499938964844,422.2000122070313,425.0,99213,Chemicals,-0.010201701880400926,0.002358490566037652,-0.012002743651712278,0.004162207038153953,428.55999755859375,423.2700012207032,422.89000244140624,424.7825027465821,431.22600219726564,439.39833475748696,0
2022-09-15,428.8500061035156,435.4500122070313,425.5,430.0,99475,Chemicals,0.00456784313635783,0.0117647058823529,0.007636279896228393,0.007816171713776576,427.93999633789065,424.1500030517579,423.3500020345052,423.7150024414062,429.5540026855469,437.7850016276042,1
2022-09-16,435.6499938964844,439.2999877929688,423.0,428.8500061035156,325980,Chemicals,0.01585633134240272,-0.0026744044104287656,0.00884137209326119,-0.005875440658049347,428.4699951171875,425.44500122070315,424.3766682942708,423.6725021362305,428.9340026855469,436.423334757487,1
2022-09-19,422.7999877929688,438.8500061035156,421.0,437.0,134101,Chemicals,-0.029496169593815957,0.019004299359895782,-0.001024315278754906,-0.004728132387706863,429.09999389648436,426.175,424.4300008138021,423.4425018310547,427.85600219726564,434.68833414713544,0
2022-09-20,441.3999938964844,446.8999938964844,423.9500122070313,429.0,390534,Chemicals,0.04399244711573491,-0.01830663615560646,0.018343369445162905,0.007007154886060185,431.1199951171875,429.0949981689453,425.5733337402344,424.64500122070314,427.102001953125,433.2050008138021,1
2022-09-21,433.9500122070313,451.8999938964844,431.1000061035156,439.8500061035156,229777,Chemicals,-0.01687807383885065,0.02529138951868437,0.011188185429150233,0.016865181485105518,432.5299987792969,430.5449981689453,426.35666707356773,425.3000015258789,426.332001953125,431.4433349609375,0
2022-09-22,433.6000061035156,444.5499877929688,430.0,439.0,118224,Chemicals,-0.0008065585751123594,-0.0019324908303299804,-0.016264674049097705,-0.0025516262768306985,433.47999877929686,430.7099975585937,427.26000162760414,425.88250122070315,425.6680017089844,430.2083353678385,0
2022-09-23,425.3500061035156,439.3999938964844,424.0,433.6499938964844,83224,Chemicals,-0.019026752499699984,-0.01218680205812217,-0.011584735210661723,-0.013953488372092981,431.4200012207031,429.9449981689453,427.43666788736977,426.1375015258789,425.222001953125,429.3483357747396,0
2022-09-26,407.2999877929688,423.7000122070313,402.0,423.7000122070313,692481,Chemicals,-0.042435683675890346,-0.0229447292274797,-0.035730500472313964,-0.05188679245283023,428.32000122070315,428.7099975585937,426.89000040690104,425.40250091552736,424.4180017089844,427.93333536783854,0
2022-09-27,411.5499877929688,420.7999877929688,403.0,409.1000061035156,138261,Chemicals,0.01043456942640586,-0.03445835657984764,-0.006844522847560097,0.0024875621890547706,422.3500000000001,426.73499755859376,426.84666544596354,424.76750030517576,424.1860009765625,426.31000162760415,1
2022-09-28,407.0499877929688,418.7999877929688,405.3500061035156,410.5,382695,Chemicals,-0.010934273195176814,0.003422131204100065,-0.004752851848902617,0.0058312806538849404,416.9699951171875,424.7499969482422,426.01999715169273,424.00999908447267,423.6340002441406,424.77166748046875,0
2022-09-29,415.6499938964844,430.8500061035156,408.1000061035156,415.0,64355,Chemicals,0.021127641226928784,0.010962241169305775,0.02877272841875933,0.0067842604134504825,413.37999267578124,423.42999572753905,424.93332926432294,423.7899993896484,423.38199951171873,423.6200002034505,1
2022-09-30,419.2000122070313,422.5,412.6499938964844,418.0,60821,Chemicals,0.008540883826960943,0.0072289156626506035,-0.019380308657833578,0.01114919805175063,412.1499938964844,421.7849975585938,424.013330078125,423.61499938964846,423.34,423.0433339436849,1
2022-10-03,414.25,418.9500122070313,411.1499938964844,416.0,53629,Chemicals,-0.011808234882843105,-0.004784688995215336,-0.008402337971523566,-0.003635041856746679,413.5399963378906,420.92999877929685,423.65333048502606,423.55249938964846,423.03,422.60500081380206,0
2022-10-04,414.1499938964844,420.75,411.7999877929688,418.0,61285,Chemicals,-0.00024141485459416856,0.004807692307692291,0.004296426161885858,0.0015809167119873457,414.05999755859375,418.2049987792969,422.50999755859374,423.6499984741211,422.62599975585937,422.4983337402344,0
2022-10-06,412.0499877929688,419.8500061035156,410.3500061035156,419.8500061035156,121033,Chemicals,-0.00507064139675073,0.0044258519222861725,-0.002139022926879064,-0.003521082400279596,415.05999755859375,416.01499633789064,421.51999715169273,423.27999725341795,422.2199987792969,422.2049997965495,0
2022-10-07,410.0,414.75,405.0499877929688,414.75,119696,Chemicals,-0.004975094900376065,-0.012147209787721658,-0.012147209787721658,-0.012915848011976983,413.92999877929685,413.6549957275391,420.263330078125,422.18249664306643,421.8179992675781,421.8066660563151,0
2022-10-10,411.2000122070313,414.3999938964844,406.25,407.9500122070313,60817,Chemicals,0.0029268590415396645,-0.016395389494800905,-0.0008438965726718095,0.002962627436603027,412.3299987792969,412.2399963378907,418.6333312988282,421.09249725341795,421.3579992675781,421.5049997965495,1
2022-10-11,408.25,413.8500061035156,407.0,413.8500061035156,35910,Chemicals,-0.0071741539870043836,0.014462541291677011,-0.0013271906396459254,0.0018461538461538307,411.1299987792969,412.33499755859384,417.66333211263026,420.5224975585937,421.0679992675781,421.0466664632161,0
2022-10-12,401.5499877929688,409.9500122070313,399.5499877929688,409.6000061035156,68411,Chemicals,-0.016411542454454864,-0.010269421136451462,-0.009423689353550091,-0.01830469829737391,408.60999755859376,411.3349975585937,415.00666503906257,419.0349975585938,420.6419982910156,420.2899993896484,0
2022-10-13,400.75,407.7999877929688,399.3999938964844,404.5,46140,Chemicals,-0.001992249576113214,-0.012451186590624053,-0.005244601414907901,-0.00037540708563899017,406.35,410.7049987792969,412.79333089192716,417.72749786376954,419.89399780273436,419.5749989827474,0
2022-10-14,397.2000122070313,408.1000061035156,396.0,407.0,72528,Chemicals,-0.008858360057314218,0.006180469715698411,0.0007356996555358819,-0.00851275400210838,403.7900024414063,408.86000061035156,410.36666463216153,416.14499816894534,418.5039978027344,418.81333312988284,0
2022-10-17,395.6000061035156,401.1000061035156,394.0,400.0,38645,Chemicals,-0.0040282126242274785,-0.017199017199017175,-0.017152658405558685,-0.005050505050505083,400.67000122070317,406.5,408.3833312988282,414.1424987792969,417.007998046875,417.909999593099,0
2022-10-18,401.4500122070313,406.2000122070313,397.1499938964844,397.5,35818,Chemicals,0.014787679507732188,-0.006249999999999978,0.012715048680900454,0.007994908366711684,399.3100036621094,405.2200012207031,407.99333292643234,413.075,416.2799987792969,417.44166666666666,1
2022-10-19,396.8999938964844,404.9500122070313,395.0,404.9500122070313,84084,Chemicals,-0.011333959826112627,0.018742169074292603,-0.003077301729284332,-0.00541355641325969,398.3800048828125,403.4950012207031,407.0166666666667,410.85,414.9039990234375,416.9316660563151,0
2022-10-20,391.8500061035156,399.3999938964844,390.0,396.8999938964844,61336,Chemicals,-0.012723577401429376,-0.01987904202465207,-0.013705440531532775,-0.012658227848101222,396.6000061035156,401.4750030517578,406.00333455403654,408.7449996948243,413.50199951171874,416.0116658528646,0
2022-10-21,389.4500122070313,395.7999877929688,387.6000061035156,395.5,55717,Chemicals,-0.006124776978695068,-0.003527321536944905,-0.009013535699874398,-0.006153830503806135,395.0500061035156,399.420004272461,404.25666910807297,406.5375,411.9259997558594,414.5949991861979,0
2022-10-24,389.7000122070313,393.8999938964844,388.9500122070313,393.8999938964844,20665,Chemicals,0.0006419309081111546,-0.004045527442517405,-0.004800388971912373,0.003482987828320905,393.87000732421876,397.270004272461,402.29000244140633,404.7550003051758,410.08800048828124,413.15166625976565,1
2022-10-25,392.6499938964844,398.5,388.0499877929688,389.0,70907,Chemicals,0.007569878360398574,-0.012439690206677345,0.011678106562054147,-0.0023139847944867453,392.11000366210936,395.71000366210944,400.8500020345053,404.0225006103516,408.8820007324219,412.2516662597656,1
2022-10-27,391.7999877929688,396.8999938964844,388.7000122070313,396.8999938964844,48803,Chemicals,-0.0021647933699946442,0.020308467600216984,-0.004015071777956347,0.001675104843475106,391.0900024414063,394.7350036621094,399.3600016276042,403.03500061035163,406.89800048828124,410.93499959309895,0
2022-10-28,386.4500122070313,392.2999877929688,385.5499877929688,391.7999877929688,42347,Chemicals,-0.013654864095515196,-0.01284959985372458,-0.011589836669826936,-0.008103998752602815,390.0100036621094,393.30500488281257,397.65333658854166,402.00500183105476,404.99800048828126,409.5866668701172,0
2022-10-31,375.2000122070313,389.5,373.3500061035156,389.5,136171,Chemicals,-0.029111138943302972,-0.0058703110378455214,-0.0071373639563977465,-0.031643060759229735,387.16000366210943,391.1050048828125,395.3333374023438,399.9825027465821,402.662000732422,407.79833374023445,0
2022-11-01,381.0,383.4500122070313,371.0,374.0499877929688,91799,Chemicals,0.015458389137174011,-0.039666270107910684,-0.015532702934451081,-0.006294378103917975,385.4200012207031,389.645004272461,393.32000325520835,398.0725021362305,400.8880004882813,405.9766672770183,1
2022-11-02,377.9500122070313,383.7000122070313,375.3500061035156,382.8999938964844,269570,Chemicals,-0.008005217304379753,0.02365995560041001,0.0006519754649663145,0.011725083836969352,382.4800048828125,387.2950042724609,391.3000040690104,396.2575027465821,399.7140014648438,404.4816680908204,0
2022-11-03,374.5499877929688,378.4500122070313,373.6000061035156,375.1000061035156,72092,Chemicals,-0.008995963233889404,-0.020370822453127158,-0.013682564068221326,-0.004662315096692349,379.03000488281253,385.06000366210935,389.5000040690104,394.2775024414063,398.2340014648438,402.25333455403654,0
2022-11-04,364.9500122070313,378.6000061035156,357.20001220703125,375.5499877929688,672938,Chemicals,-0.025630692561239288,0.0011996312506830087,0.00039633740691291663,-0.043897199219906646,374.7300048828125,382.37000427246096,387.11333821614585,391.92250366210936,396.5500024414063,399.95333455403653,0
2022-11-07,387.75,392.75,362.0499877929688,365.75,455514,Chemicals,0.062474276011353025,-0.02609502892161264,0.03737452104693184,0.013577758735143997,377.2400024414063,382.2000030517578,386.48333740234375,390.81000366210935,395.43400268554694,398.42500101725267,1
2022-11-09,383.1000061035156,390.0,380.2000122070313,387.5,130274,Chemicals,-0.011992247315240179,0.05946684894053322,-0.00700190961171232,0.050131266471527214,377.66000366210943,381.5400024414063,385.65000406901044,389.4050033569336,393.9900024414063,397.0166676839193,0
2022-11-10,373.75,384.7999877929688,370.2000122070313,382.5,55838,Chemicals,-0.02440617581454485,-0.012903225806451646,-0.01333336463341328,-0.026301945499556334,376.82000122070315,379.65000305175784,383.80333658854164,387.6800033569336,392.3700024414063,395.898334757487,0
2022-11-11,380.3500061035156,392.0,359.5,375.0,113996,Chemicals,0.017658879206730704,-0.019607843137254943,0.018711051027644476,-0.02890332753702729,377.9800048828125,378.5050048828125,382.7000040690104,386.62000427246096,391.01800292968755,394.8583353678386,1
2022-11-14,384.8500061035156,391.75,380.0,381.0,98367,Chemicals,0.011831207907948116,0.016000000000000014,-0.0006377551020407823,0.057023643949930536,381.9600036621094,378.3450042724609,382.23333740234375,385.8250045776367,389.93000366210947,394.11833597819015,1
2022-11-15,385.2999877929688,392.3999938964844,383.0,386.0,113506,Chemicals,0.0011692391381492584,0.013123359580052396,0.0016592058621172079,0.007894736842105177,381.4700012207031,379.3550018310547,381.9566691080729,385.2300033569336,388.9420031738282,393.106669108073,1
2022-11-16,388.3999938964844,390.0,382.7999877929688,387.8999938964844,87478,Chemicals,0.008045694787774726,0.004922263980529529,-0.006116192491882444,-0.0005222250836323106,382.5299987792969,380.0950012207032,381.8700012207031,384.87000274658203,388.03000244140634,392.08000183105474,1
2022-11-17,400.3500061035156,412.8500061035156,389.0,391.8500061035156,340128,Chemicals,0.030767282169978927,0.010183068494931113,0.05858975923978371,0.016196479636212402,387.85,382.3350006103516,382.3833353678385,384.81500244140625,387.714002685547,391.61666870117193,1
2022-11-18,392.7000122070313,401.3999938964844,391.6000061035156,399.0,54128,Chemicals,-0.019108264718013523,0.01824676224349875,-0.02773407299928765,0.006683820317520794,390.32000122070315,384.15000305175784,382.44333699544273,384.6050033569336,387.3600036621094,390.9016693115235,0
2022-11-21,389.8500061035156,394.5499877929688,389.1000061035156,391.5,27257,Chemicals,-0.007257463750760418,-0.018796992481203034,-0.01706528701463328,-0.0063840652733268,391.32000122070315,386.64000244140624,382.6700032552083,384.50500335693357,386.92400390625005,390.16166992187505,0
2022-11-22,389.9500122070313,394.25,389.0,389.0,21456,Chemicals,0.0002565245657304427,-0.0063856960408684715,-0.0007603289880880881,-0.00025701902325081516,392.25000610351566,386.86000366210936,383.65333658854166,384.5300033569336,386.6340039062501,389.49333699544275,1
2022-11-23,390.6000061035156,397.3999938964844,386.9500122070313,389.5,45983,Chemicals,0.001666864665051504,0.0012853470437017567,0.007989838672122662,-0.005269891498634216,392.6900085449219,387.61000366210936,384.2933369954427,384.5750030517578,386.4340039062501,388.8066701253256,1
2022-11-24,389.75,395.0,386.7999877929688,392.7999877929688,34817,Chemicals,-0.0021761548649089635,0.008472369173218919,-0.0060392398926647495,-0.00038771006416771225,390.5700073242188,389.2100036621094,385.0800028483073,384.4300033569336,385.9660034179688,388.1900034586589,0
2022-11-25,390.4500122070313,397.0,389.5,393.2000122070313,60908,Chemicals,0.001796054411882686,0.0010183921244757421,0.005063291139240533,0.006980383382215516,390.12000732421876,390.2200042724609,386.14000447591144,384.36250457763674,385.7080041503907,387.820004272461,1
2022-11-28,389.1499938964844,393.7000122070313,387.2000122070313,388.2999877929688,45296,Chemicals,-0.003329538404157173,-0.012461913178890005,-0.008312311821079832,-0.005904975078225183,389.9800048828125,390.65000305175784,387.7533365885417,384.49750366210935,385.60000366210943,387.4333374023438,0
2022-11-29,386.2000122070313,391.0499877929688,385.0,386.5,30291,Chemicals,-0.007580577504101904,-0.00463555974647234,-0.006731075265166475,-0.005681849529113658,389.2300048828125,390.74000549316406,387.6500040690105,385.0475036621094,385.47000366210943,387.0666707356771,0
2022-11-30,388.3500061035156,390.0,382.0,388.1000061035156,41016,Chemicals,0.005567047717574214,0.0041397311863276,-0.002685047502225424,-0.007792207792207795,388.7800048828125,390.73500671386716,388.00000406901046,385.4150039672852,385.4160034179688,386.8250040690105,1
2022-12-01,435.2999877929688,441.5,387.5,388.0,1924573,Chemicals,0.12089604983021052,-0.00025768127272063346,0.13205128205128203,0.014397905759162333,397.89000244140624,394.2300048828125,392.1033365885417,388.28250274658205,387.1220031738282,387.95333658854173,1
2022-12-02,436.75,444.7000122070313,421.25,430.0,737059,Chemicals,0.0033310642032933213,0.10824742268041243,0.007248045769040257,0.08709677419354844,407.15,398.6350036621094,395.8633361816407,391.3925033569336,388.9200036621094,389.2816701253256,1
2022-12-05,440.6499938964844,446.75,433.1000061035156,435.0,185681,Chemicals,0.008929579614159966,0.011627906976744207,0.004609821760054977,0.028130578287277386,417.45,403.7150024414062,399.58333536783863,395.1775024414063,391.0880029296875,390.9083363850912,1
2022-12-06,433.1000061035156,444.0,431.25,435.1000061035156,52564,Chemicals,-0.01713375217870161,0.00022989908854165186,-0.00615556799104644,-0.004271544856717102,426.8299987792969,408.0300018310547,402.7700032552084,397.4450027465821,393.40400268554686,392.3633361816407,0
2022-12-07,424.2999877929688,437.4500122070313,421.2000122070313,433.0499877929688,52921,Chemicals,-0.02031867510166585,-0.004711602578233665,-0.014752224758938448,-0.023304319519927397,434.0199951171875,411.4,405.16333618164066,399.50500183105476,395.1360021972656,393.5166687011719,0
2022-12-08,466.2999877929688,475.7999877929688,426.0499877929688,428.5499877929688,1386951,Chemicals,0.09898656895671021,-0.010391410060843431,0.08766710370506892,0.011514661551228933,440.2199951171875,419.05499877929685,409.5600016276042,404.13250122070315,398.6700012207031,395.9716684977214,1
2022-12-09,458.2000122070313,473.75,446.1499938964844,468.0,322705,Chemicals,-0.01737073943380374,0.09205463383676338,-0.004308507451792565,0.047177576996628945,444.50999755859385,425.8299987792969,413.9266682942709,408.02500152587896,402.0160021972656,398.1850026448568,0
2022-12-12,483.3500061035156,494.6000061035156,455.0499877929688,458.7999877929688,326257,Chemicals,0.05488868011011894,-0.019658145741519695,0.04401056697312011,0.019948434423938233,453.05000000000007,435.25,420.16000162760423,412.9500015258789,406.752001953125,401.4150024414063,1
2022-12-13,473.25,500.0,467.0,485.0499877929688,581735,Chemicals,-0.020895843541900327,0.057214474059326115,0.010917900990389695,0.026260877986152176,461.07999877929694,443.9549987792969,425.71333414713547,417.34750213623045,410.172001953125,404.68333536783854,0
2022-12-14,474.1499938964844,480.8999938964844,463.0,473.9500122070313,156518,Chemicals,0.0019017303676374109,-0.022884188981106113,-0.038200012207031286,-0.008565310492505307,471.05,452.5349975585938,431.2833333333334,421.63500213623047,413.8140014648437,407.788335164388,1
2022-12-15,477.9500122070313,491.5,472.0,484.0,276569,Chemicals,0.008014380173917202,0.021204742133393184,0.02204201754637025,0.01943844492440605,473.3800048828125,456.8,437.16333414713546,425.51500244140624,417.982001953125,411.1216684977214,1
2022-12-16,461.7000122070313,479.8999938964844,458.1499938964844,475.6000061035156,116250,Chemicals,-0.03399937145092291,-0.017355359290257,-0.023601233170937208,-0.029343233270160196,474.0800048828125,459.2950012207031,441.9133341471354,428.9650024414062,421.23600219726563,414.02666931152345,0
2022-12-19,438.3999938964844,464.75,436.6000061035156,464.75,121212,Chemicals,-0.05046570867340361,-0.02281330101823864,-0.03156906457421682,-0.047036970599278916,465.0900024414062,459.07000122070315,445.19666748046876,431.3925018310547,423.37800170898436,416.4750020345052,0
2022-12-20,480.6499938964844,488.0,430.6000061035156,435.7000122070313,1522846,Chemicals,0.09637317652421351,-0.062506697779384,0.05002689618074241,-0.013742555923321298,466.57000122070315,463.825,451.4933329264323,435.92750091552733,427.192001953125,419.57166849772136,1
2022-12-21,454.0,481.3999938964844,447.0,476.0,303168,Chemicals,-0.05544573855174928,0.09249480528777076,-0.01352460267113853,0.038086376367913566,462.5400024414063,466.7950012207031,455.8699991861979,439.0975006103516,429.8160021972656,421.93500162760415,0
2022-12-22,439.75,460.0,434.2999877929688,454.7999877929688,162007,Chemicals,-0.03138766519823788,-0.04453784077107392,-0.04445366466100542,-0.028411660418414253,454.9,464.14000244140624,456.1666666666667,441.5975006103516,431.392001953125,424.13500162760414,0
2022-12-23,419.0499877929688,441.5,409.0,441.5,218993,Chemicals,-0.0470722278727258,-0.02924359751527339,-0.04021739130434787,-0.058254636205583576,446.3699951171875,460.225,454.9866658528646,443.0274993896484,432.4460009765625,425.4250010172526,0
2022-12-26,455.7999877929688,479.9500122070313,412.8500061035156,412.8500061035156,650280,Chemicals,0.08769836790487218,-0.06489239840653316,0.08708949537266442,0.009413217857006329,449.84999389648436,457.4699981689454,455.9966654459635,446.35999908447275,435.0840002441406,427.790000406901,1
2022-12-27,461.8999938964844,470.5,451.9500122070313,455.0,201280,Chemicals,0.013383076496014112,0.10209517566512027,-0.019689575928075964,0.09470753427508005,446.09999389648436,456.33499755859384,457.9166646321615,450.1449981689454,437.9619995117188,430.3433339436849,1
2022-12-28,462.6000061035156,474.9500122070313,457.5499877929688,460.8999938964844,145265,Chemicals,0.001515505988917809,0.012967019552712955,0.00945804932418981,0.012390696835233639,447.8199951171875,455.17999877929685,460.4699991861979,453.8574981689454,440.84199951171877,432.81666768391926,1
2022-12-29,452.7000122070313,460.8500061035156,450.7999877929688,457.0,97517,Chemicals,-0.021400764733818467,-0.008461692228532103,-0.02968734759684455,-0.014752486460679837,450.4099975585938,452.6549987792969,459.56333414713544,454.72749938964853,443.36,434.56166788736977,0
2022-12-30,459.6499938964844,470.1000061035156,455.1000061035156,456.7999877929688,156007,Chemicals,0.0153522896002809,-0.00043766347271601,0.020071606547667598,0.009538638924102116,458.5299987792969,452.4499969482422,459.659999593099,455.87249908447274,446.1279992675781,436.7933339436849,1
2023-01-02,446.0499877929688,455.0,430.3500061035156,430.3500061035156,117194,Chemicals,-0.029587743465908423,-0.05790276356452284,-0.032120837922709145,-0.054383651215268114,456.5799987792969,453.2149963378906,457.17333170572914,456.14249877929694,448.4039990234375,438.6666666666667,0
2023-01-03,463.7999877929688,478.9500122070313,448.75,448.75,910475,Chemicals,0.03979374618487497,0.04275588157435384,0.052637389466002826,0.04275588157435384,456.9599975585937,451.5299957275391,456.5433308919271,457.67749786376964,451.507998046875,441.1283325195312,1
2023-01-04,463.7000122070313,470.0,451.8500061035156,461.5499877929688,190776,Chemicals,-0.000215557543270406,0.028523649677924867,-0.01868673552337763,0.006908091595577925,457.17999877929697,452.4999969482422,455.84666544596354,459.64749908447277,454.5219982910156,443.56499938964845,0
2023-01-05,466.5,474.8999938964844,435.1000061035156,467.7999877929688,386327,Chemicals,0.006038360403834986,0.013541328491603055,0.010425518928690147,-0.03706982355592292,459.9399963378907,455.1749969482422,455.0833312988281,459.6574996948243,455.7699987792969,446.1233327229818,1
2023-01-06,449.7999877929688,467.7999877929688,447.6000061035156,466.5,130419,Chemicals,-0.035798525631363765,-0.0027789393477798408,-0.01495052894244342,0.028729027406692476,457.9699951171876,458.2499969482422,454.2899963378906,459.2374984741212,456.2919982910156,448.10166524251304,0
2023-01-09,431.6499938964844,453.4500122070313,425.1000061035156,452.2999877929688,583254,Chemicals,-0.04035125475556567,-0.030439468825361637,-0.030675450962791118,-0.05026809582928482,455.0899963378906,455.8349975585937,453.8399963378906,456.6524978637696,455.93199829101565,449.51833190917966,0
2023-01-10,429.8500061035156,446.3999938964844,423.0,434.7000122070313,227718,Chemicals,-0.004170016954524569,-0.038912173471013944,-0.015547509363233014,-0.0049400284012328655,448.3,452.6299987792969,450.453330485026,454.4824981689454,455.80199829101565,450.97333170572915,0
2023-01-11,430.2999877929688,435.8999938964844,428.0499877929688,435.8999938964844,160175,Chemicals,0.0010468342051037638,0.0027604822998752443,-0.023521505697947753,0.011938505420729939,441.6199951171875,449.3999969482422,448.873329671224,452.2899978637696,456.0419982910156,452.3716644287109,1
2023-01-12,425.2000122070313,434.2000122070313,421.2000122070313,434.2000122070313,84721,Chemicals,-0.01185213974115018,-0.003899935107264052,-0.003899935107264052,-0.016002746831640047,433.35999755859376,446.6499969482422,447.90333048502606,449.6524978637696,454.39799926757814,452.0349985758464,0
2023-01-13,439.2999877929688,443.3500061035156,420.0,422.75,207601,Chemicals,0.03316080710522695,-0.02637036362304801,0.021073223489734838,-0.002849031747989339,431.25999755859385,444.6149963378907,449.2533304850261,448.5324966430665,453.6419982910156,452.1199981689453,1
2023-01-16,450.6499938964844,454.0,438.3999938964844,442.2999877929688,221801,Chemicals,0.025836572772372834,0.0462447966717181,0.024021639223791524,0.04380950927734384,435.05999755859386,445.0749969482423,448.90999755859383,449.1449966430665,452.33399780273436,452.4533315022787,1
2023-01-17,456.2000122070313,459.3999938964844,448.1000061035156,448.1000061035156,655087,Chemicals,0.012315585012127483,0.013113313295549212,0.011894259683886244,0.022125940561307678,440.32999877929694,444.3149993896485,448.52999877929693,447.9224975585938,451.6519982910156,453.22333170572915,1
2023-01-18,447.25,458.8500061035156,443.0,458.0,70305,Chemicals,-0.019618614571561332,0.022093268827578116,-0.001197187201296912,-0.011381401548870906,443.7200012207031,442.6699981689453,447.50666503906257,447.58499755859384,450.57599853515626,453.9883321126302,0
2023-01-19,444.7999877929688,456.0,442.1000061035156,445.0499877929688,201146,Chemicals,-0.005477947919577897,-0.028275135823212172,-0.006211193343370391,-0.0020315889311159907,447.63999633789064,440.4999969482422,446.9799967447917,447.8374969482423,449.24999755859375,453.27166544596355,0
2023-01-20,451.1000061035156,464.7000122070313,444.0,446.9500122070313,310128,Chemicals,0.014163710619252923,0.0042692382118352246,0.019078974138226457,0.004297656345291889,450.0,440.6299987792969,446.40999755859383,449.4399978637695,448.8259973144531,453.0349985758464,1
2023-01-23,450.4500122070313,455.6000061035156,446.4500122070313,455.6000061035156,57710,Chemicals,-0.0014409086404116866,0.019353381049864504,-0.019582538981000708,0.005518045511331726,449.9600036621094,442.51000061035154,446.70333251953133,449.17249908447263,449.307998046875,451.93833211263023,0
2023-01-24,448.0,454.25,445.3500061035156,453.2000122070313,106512,Chemicals,-0.005439032391246212,-0.005267765286067649,-0.0029631389056848922,-0.002463895337526778,448.32000122070315,444.325,445.65000000000003,448.4774993896484,448.00199829101564,451.09666544596354,0
2023-01-25,446.2999877929688,451.8999938964844,443.0,449.0,63332,Chemicals,-0.0037946701049803577,-0.009267458283104935,-0.005173376122213802,-0.005276762257345524,448.12999877929695,445.925,444.4899983723959,447.6624984741211,447.6939978027344,450.1683319091797,0
2023-01-27,432.0,452.8500061035156,427.3999938964844,449.8500061035156,113241,Chemicals,-0.032041201398379404,0.001893109361950085,0.0021022620488215793,-0.03521446073028356,445.57000122070315,446.60499877929686,442.1899983723959,446.6274978637695,447.38399780273437,448.63666483561195,0
2023-01-30,440.5,449.8999938964844,426.3500061035156,433.0,142725,Chemicals,0.01967592592592582,-0.037456943147486044,-0.006514325200995819,-0.0024566864950004152,443.45,446.725,441.569999186198,445.6699981689453,448.24199829101565,447.92999776204425,1
2023-01-31,441.9500122070313,446.5,439.5499877929688,441.6499938964844,63037,Chemicals,0.0032917416731699234,0.019976891215899295,-0.007557221477239362,0.030960435089681493,441.75,445.85500183105466,442.25666707356777,445.4649993896484,447.6879992675781,448.04833170572914,1
2023-02-01,432.0499877929688,454.1000061035156,426.5499877929688,440.1499938964844,132270,Chemicals,-0.022400778686764378,-0.0033963546263550137,0.01702129026543253,-0.029575703244298812,438.55999755859375,443.43999938964845,442.4033325195313,443.87749938964845,446.4939990234375,446.42833150227864,0
2023-02-02,433.7999877929688,453.2999877929688,415.0,415.0,190941,Chemicals,0.004050457237458671,-0.057139598421530824,-0.0017617667910015955,-0.027077688719978843,436.05999755859375,442.0949981689453,442.63666585286467,442.3824981689453,445.3419982910156,445.7549977620443,1
2023-02-03,434.2999877929688,448.0,425.1000061035156,436.2000122070313,88912,Chemicals,0.0011526049194787724,0.05108436676393091,-0.011692009564733152,0.024337364104856984,436.5199951171876,441.0449981689454,443.2433308919271,440.7724975585937,444.6059973144532,445.57333068847663,1
2023-02-06,427.2999877929688,438.7000122070313,423.7999877929688,437.2000122070313,42138,Chemicals,-0.016117891311884902,0.0022925262998969576,-0.020758901323590817,-0.0030581470051314064,433.87999267578135,438.6649963378907,442.4433308919271,439.6474975585937,443.3119970703126,445.8483306884766,0
2023-02-07,439.6000061035156,442.9500122070313,426.0,432.7000122070313,86324,Chemicals,0.028785440350881375,-0.01029277189925848,0.009687713430001743,0.005191156843793676,433.4099914550782,437.57999572753914,441.7066650390625,440.0449981689453,443.05399780273444,445.3083312988282,1
2023-02-08,434.2000122070313,445.7000122070313,430.0,435.0499877929688,93179,Chemicals,-0.012283880394698521,0.005430957983918683,0.00620837549207387,0.009389671361502261,433.8399963378906,436.1999969482423,440.23999837239586,440.2624984741211,441.86999877929696,444.3849985758464,0
2023-02-09,433.7999877929688,437.8999938964844,432.0,437.2000122070313,64837,Chemicals,-0.0009212906559563638,0.004942016950671979,-0.01750060151877164,0.0046511627906977715,433.8399963378906,434.9499969482422,439.3433308919271,440.43749847412107,440.67399780273445,443.42499796549487,0
2023-02-10,430.7000122070313,441.8999938964844,430.0,436.2000122070313,183494,Chemicals,-0.007146094221231247,-0.0022872826442796867,0.009134505722202757,-0.00462962962962965,433.1200012207032,434.8199981689453,438.40333251953126,440.7124984741211,439.2419982910157,442.6916646321615,0
2023-02-13,416.8999938964844,433.0,415.3999938964844,425.0,333957,Chemicals,-0.032040905315585344,-0.02567632254378638,-0.020140289702219816,-0.03395350256631535,431.04000244140633,432.4599975585937,436.1233317057292,439.5924987792969,437.92599853515634,441.2666646321615,0
2023-02-14,414.8500061035156,421.1000061035156,413.7999877929688,420.0,247567,Chemicals,-0.004917217133559748,-0.0117647058823529,-0.0274826648879547,-0.0038517239456539176,426.09000244140634,429.7499969482422,433.7499979654948,437.80249938964846,437.2539990234376,440.2266652425131,0
2023-02-15,419.3500061035156,423.3500061035156,412.8500061035156,420.3999938964844,1209451,Chemicals,0.010847294043132116,0.0009523664202009119,0.005343148818304444,-0.002295750888055781,423.1200012207031,428.47999877929686,431.8399983723958,435.95999908447266,436.83399902343757,438.74499918619796,1
2023-02-16,418.1499938964844,423.8999938964844,415.2000122070313,423.0,108139,Chemicals,-0.0028616005474315642,0.00618460071661131,0.0012991325972351309,0.005692154702128027,419.99000244140626,426.9149993896484,429.9633321126302,434.5049987792969,436.3479992675782,437.2266652425131,0
2023-02-17,415.9500122070313,423.5499877929688,413.0,418.0,83891,Chemicals,-0.005261226166602961,-0.011820330969267157,-0.0008256808411303274,-0.005298680496989783,417.0400024414063,425.0800018310547,428.89333292643227,433.0625,435.9779992675782,435.54166564941414,0
2023-02-20,406.1499938964844,421.2000122070313,404.0,420.0,92715,Chemicals,-0.023560567431043067,0.004784688995215225,-0.005548283918464403,-0.021791767554479424,414.89000244140624,422.9650024414062,426.60333251953125,430.81499938964845,434.6519995117188,434.08666585286466,0
2023-02-21,401.0499877929688,411.5,392.0,411.5,99495,Chemicals,-0.012556952308647396,-0.020238095238095277,-0.023029468010232312,-0.02970297029702973,412.1299987792969,419.11000061035156,423.8766642252604,428.3449981689453,432.6679992675782,433.0666656494141,0
2023-02-22,395.8500061035156,403.5499877929688,393.3500061035156,402.0499877929688,291423,Chemicals,-0.012965919081731836,-0.022964792726685723,-0.019319592240659045,0.003443893121213293,407.4299987792969,415.275,421.4633321126302,425.7374984741211,430.2539990234376,431.9333323160808,0
2023-02-23,394.9500122070313,403.5,389.0,401.0,229393,Chemicals,-0.002273573026670528,-0.002611585188032617,-0.00012387013872106056,-0.011058868783570985,402.7900024414063,411.39000244140624,418.8733337402344,423.16999969482424,428.1619995117188,430.75499979654955,0
2023-02-24,382.8999938964844,402.1499938964844,381.0499877929688,397.6000061035156,217741,Chemicals,-0.030510236582118044,-0.00847878777178146,-0.0033457400334959697,-0.020437049375401473,396.17999877929685,406.61000061035156,415.44666748046876,420.7149993896484,425.6859997558594,429.344999186198,0
2023-02-27,408.3500061035156,423.2000122070313,373.2999877929688,382.0,1042642,Chemicals,0.06646647326380362,-0.03923542722344464,0.052343699191912174,-0.020338538901123693,396.6200012207031,405.7550018310547,414.18333536783854,419.10749969482424,423.97599975585945,428.3133331298829,1
2023-02-28,387.6000061035156,412.7999877929688,383.3999938964844,412.2999877929688,255451,Chemicals,-0.05081425171998144,0.07931933977216965,-0.024574726167481242,0.027056004376611487,393.9300048828125,403.0300018310547,410.7166687011719,416.38999938964844,421.46199951171883,426.21166687011726,0
2023-03-01,389.8500061035156,393.4500122070313,387.2999877929688,390.8999938964844,254013,Chemicals,0.00580495346896126,-0.05190394016511635,-0.04687494224355959,0.010172128217449616,392.7300048828125,400.0800018310547,407.76000162760414,414.2800003051758,419.1359997558595,424.00000000000006,1
2023-03-02,387.5,392.0499877929688,386.2000122070313,389.6499938964844,70123,Chemicals,-0.006027975033278898,-0.0031977488347851857,-0.003558328556680368,-0.0028401126274383293,391.24000244140626,397.01500244140624,404.6733357747396,411.96500091552736,416.7840002441407,422.0083333333334,0
2023-03-03,402.1499938964844,405.7000122070313,388.8999938964844,389.0,614139,Chemicals,0.03780643586189525,-0.00166814809871918,0.034817050986035714,0.006991148638301192,395.0900024414062,395.63500061035154,402.77000122070314,410.3575012207031,415.5900000000001,420.58666687011726,1
2023-03-06,397.1000061035156,405.2999877929688,395.5,404.7999877929688,172443,Chemicals,-0.012557473255286555,0.04061693520043397,-0.0009860103574715895,0.01697095964797679,392.8400024414062,394.73000183105466,401.4500020345052,408.84750213623045,413.8540002441407,418.78666687011724,0
2023-03-08,400.25,403.2000122070313,394.6000061035156,397.0,181957,Chemicals,0.007932495210446477,-0.019268745128910525,-0.005181287069295881,-0.002275585073285402,395.3700012207031,394.65000305175784,400.47666829427084,406.8800018310547,412.1859997558594,417.11333312988285,1
2023-03-09,391.7000122070313,405.0,389.0,405.0,97904,Chemicals,-0.021361618470877475,0.02015113350125941,0.004464255303753495,-0.014191601664716114,395.74000244140626,394.23500366210936,398.6333353678386,404.75500183105476,410.57200073242194,415.23666687011723,0
2023-03-10,388.1499938964844,392.0,384.6000061035156,391.0,67102,Chemicals,-0.009063104927019006,-0.03456790123456788,-0.032098765432098775,-0.011311038294304354,395.8700012207031,393.5550018310547,396.6333353678386,402.4725021362305,408.7460009765625,413.29833374023445,0
2023-03-13,380.0,394.9500122070313,380.0,394.9500122070313,577260,Chemicals,-0.02099702183341501,0.010102333010310272,0.007525541344467701,-0.011960494099101826,391.44000244140625,393.26500244140624,394.23666788736983,399.93750152587893,406.5740014648438,411.5650004069011,0
2023-03-14,368.3999938964844,383.3999938964844,364.5499877929688,380.1000061035156,637202,Chemicals,-0.03052633185135689,-0.037599710455842095,-0.02924425358541949,-0.04065792686060843,385.7,389.27000122070314,391.7200012207032,397.512501525879,404.2180017089844,409.16166687011724,0
2023-03-15,360.8999938964844,373.5499877929688,360.0,369.8999938964844,138296,Chemicals,-0.020358306526214065,-0.0268350750940356,-0.025691200470324027,-0.012481108065631852,377.8299987792969,386.6,389.04333496093756,394.8150009155274,401.07000122070315,406.45999959309904,0
2023-03-16,364.9500122070313,387.2000122070313,359.75,362.0499877929688,847048,Chemicals,0.011221996062733552,-0.02122196872950577,0.03654135955059301,-0.000694444444444442,372.47999877929686,384.11000061035156,386.9833353678386,392.0950012207032,398.3000012207031,404.2233337402344,1
2023-03-17,363.3500061035156,370.6000061035156,361.3999938964844,368.3999938964844,138729,Chemicals,-0.004384178791609461,0.017539031397914906,-0.04287191523806011,0.004586501449574287,367.52000122070314,381.69500122070315,384.8766682942708,389.3550018310547,395.482001953125,401.8750010172526,0
2023-03-20,358.95001220703125,372.3500061035156,353.1000061035156,365.0,135637,Chemicals,-0.012109519258493795,-0.00922908239091813,0.004722072237395514,-0.02296620900150348,363.31000366210935,377.3750030517578,383.2800028483073,386.50500183105476,392.612001953125,399.36333516438805,0
2023-03-21,355.1000061035156,363.7000122070313,352.0,363.0,182793,Chemicals,-0.010725744456292263,-0.005479452054794498,-0.023230814434523128,-0.0031152820291743266,360.65000610351564,373.1750030517578,379.73000284830727,383.9525024414063,390.14000244140624,396.9566691080729,0
2023-03-22,365.4500122070313,373.8500061035156,355.1000061035156,356.8500061035156,317243,Chemicals,0.029146735921200095,-0.01694213194623795,0.027907598448763782,0.008806835521351308,361.56000976562507,369.69500427246095,378.2533365885417,382.1725036621094,388.16400268554685,394.48500264485676,1
2023-03-23,375.8999938964844,379.0,365.2999877929688,366.0,259988,Chemicals,0.028594831961677558,0.025641008098596263,0.01377556188954121,0.02872425095503872,363.7500061035156,368.11500244140626,377.3233357747396,381.17500305175787,386.42600219726563,392.5416687011719,1
2023-03-24,366.1000061035156,379.0,363.4500122070313,376.0,82735,Chemicals,-0.026070731450098084,0.02732240437158473,0.0,-0.005064264023424969,364.3000061035156,365.9100036621094,375.89666951497395,379.73250274658204,384.34400268554685,390.2850026448568,0
2023-03-27,353.8500061035156,369.4500122070313,350.1499938964844,369.4500122070313,120681,Chemicals,-0.03346080250142436,-0.017420180300448673,-0.025197856973532162,-0.03659380344984242,363.2800048828125,363.2950042724609,372.676670328776,378.2800033569336,381.86000244140627,387.7233357747396,0
2023-03-28,348.75,357.20001220703125,342.04998779296875,355.0,221474,Chemicals,-0.014412903816719669,-0.039112225550377966,-0.03315739503382509,-0.02313296085879768,362.0100036621094,361.3300048828125,369.4533365885417,375.3000030517578,379.5640026855469,385.45166931152346,0
2023-03-29,345.25,355.5,343.0,348.1000061035156,169149,Chemicals,-0.01003584229390686,-0.0194366025253081,-0.004759272533411685,0.002777407516255437,357.9700012207031,359.76500549316404,365.786669921875,373.18250274658203,377.3320031738281,383.1316691080729,0
2023-03-31,347.8500061035156,355.8500061035156,345.1499938964844,348.20001220703125,99848,Chemicals,0.007530792479408133,0.0002872913006668476,0.0009845460014503704,0.006268203779837833,352.36000366210936,358.0550048828125,362.86333618164065,371.082502746582,375.4120031738281,380.7483357747396,1
2023-04-03,358.25,367.5499877929688,349.04998779296875,349.70001220703125,343265,Chemicals,0.029897926445312306,0.004307868889757982,0.03287897004011775,0.011299417544402557,350.7900024414063,357.5450042724609,360.87000325520836,369.62000274658203,373.9440026855469,378.7516693115234,1
2023-04-05,364.0499877929688,372.3999938964844,355.95001220703125,360.0,552343,Chemicals,0.016189777510031478,0.02945378162260659,0.013195500651866254,0.019768012191294204,352.8299987792969,358.0550018310547,359.8066691080729,367.7150024414062,373.19000244140625,377.02166849772135,1
2023-04-06,375.5,378.1499938964844,365.0499877929688,365.0499877929688,309630,Chemicals,0.03145175825014079,0.0140277438693579,0.015440386934051142,0.0255653189320435,358.17999877929685,360.0950012207031,360.2800028483073,366.63500213623047,371.8760021972656,376.0000020345052,1
2023-04-10,403.0499877929688,411.9500122070313,374.4500122070313,378.7000122070313,1713339,Chemicals,0.07336880903586906,0.037392206192330635,0.08938257002801753,0.025749965014088882,369.7399963378906,363.8549987792969,363.0900024414062,366.7750015258789,372.49400146484373,376.06666870117186,1
2023-04-11,407.2000122070313,412.0,400.1000061035156,403.4500122070313,301735,Chemicals,0.010296550154454298,0.0653551602910154,0.00012134431724097894,0.06850044881906037,381.60999755859376,366.9850006103516,365.9066691080729,367.5500015258789,373.18800170898436,376.44500223795575,1
2023-04-12,405.3999938964844,417.0,402.1000061035156,403.0,341215,Chemicals,-0.00442047705448434,-0.0011154100716704862,0.012135922330097193,0.0049987502361661384,391.0399963378906,370.9149993896485,368.7100016276042,368.4125015258789,373.90400146484376,376.7933349609375,0
2023-04-13,409.1000061035156,411.7000122070313,402.25,405.0,511949,Chemicals,0.009126818605665887,0.00496277915632759,-0.012709802860836228,0.00037302634719615924,400.05,376.4399993896485,372.05333455403644,369.8675018310547,374.182001953125,377.6666687011719,1
2023-04-17,408.8999938964844,413.6000061035156,401.7999877929688,408.0499877929688,141288,Chemicals,-0.0004889078563852234,0.007530834056713065,0.004614995968299507,-0.0011187376184740305,406.72999877929686,382.45499877929694,375.64000040690104,371.8925018310547,374.65400146484376,377.68500162760415,0
2023-04-18,417.7999877929688,421.5,405.1000061035156,409.6499938964844,225685,Chemicals,0.02176569828645558,0.003921103177014107,0.019100565231875644,0.00821308713490354,409.67999877929685,389.7099975585938,379.1299987792969,374.7375015258789,375.3560009765625,378.69166768391926,1
2023-04-19,420.9500122070313,426.8500061035156,417.8500061035156,419.8999938964844,303315,Chemicals,0.007539551235275388,0.02502136007010436,0.012692778418779582,0.031473709720809095,412.42999877929685,397.01999816894534,382.1333333333333,377.5375015258789,376.5260009765625,379.72833455403645,1
2023-04-20,423.2999877929688,424.3999938964844,417.0,417.0,55623,Chemicals,0.005582552601950619,-0.006906391851959182,-0.0057397497294098265,-0.0020342373844671746,416.00999755859385,403.52499694824223,385.94666544596356,380.5350006103516,377.9320007324219,380.9216674804687,1
2023-04-21,426.3999938964844,429.3999938964844,420.75,423.0,130698,Chemicals,0.007323425922307614,0.014388489208633004,0.011781338529471164,0.008992805755395628,419.4699951171876,409.75999755859374,390.7833312988281,383.9074996948242,379.7880004882812,381.73000081380206,1
2023-04-24,427.3999938964844,430.9500122070313,424.6499938964844,425.3500061035156,54505,Chemicals,0.0023452157934193973,0.00555556998467055,0.0036097306301325904,0.00926914770406273,423.16999511718757,414.9499969482422,396.0266642252604,387.52249908447266,382.14800048828124,382.74000040690106,1
2023-04-25,430.25,436.0,423.7999877929688,428.25,114212,Chemicals,0.006668240861523955,0.006817900211287586,0.01171826812837562,-0.0020016628181626084,425.6599975585938,417.6699981689453,401.6933308919271,390.7624984741211,384.92200073242185,383.74000040690106,1
2023-04-26,436.8500061035156,439.4500122070313,427.0,431.8500061035156,232391,Chemicals,0.015339932837921344,0.008406318980771932,0.007912872034475438,0.007550760498356679,428.8399963378906,420.63499755859374,407.6266642252604,393.8099990844727,387.7980004882813,385.2450002034505,1
2023-04-27,430.25,440.2999877929688,427.1000061035156,437.5,81198,Chemicals,-0.015108174456455625,0.013083232179299964,0.0019341803671109048,0.00023420633141824077,430.22999877929686,423.1199981689453,412.4266642252604,397.0174987792969,390.4740002441406,386.64833374023436,0
2023-04-28,428.8500061035156,432.4500122070313,424.3500061035156,431.0,74176,Chemicals,-0.003253907952316948,-0.014857142857142902,-0.01782869816846011,-0.00643877302903495,430.7200012207031,425.0949981689453,416.7466654459635,400.7674987792969,393.27,388.27666727701825,0
2023-05-02,430.0499877929688,436.4500122070313,425.0,428.0,782712,Chemicals,0.0027981384455513236,-0.00696055684454755,0.009249623972920729,0.0015317400427368177,431.25,427.2099975585937,420.3833312988281,404.83249816894534,396.26799926757815,390.3316670735677,1
2023-05-03,430.7000122070313,433.7000122070313,428.0,431.0,349619,Chemicals,0.0015115089699186957,0.007009345794392496,-0.006300836116589492,0.007058823529411784,431.3400024414062,428.5,422.22666625976564,409.10499877929686,398.8779992675781,392.65833435058596,1
2023-05-04,436.1000061035156,441.4500122070313,426.6499938964844,430.25,2513248,Chemicals,0.012537714751418738,-0.0017401392111369152,0.017869494539696884,-0.0031542198680271083,431.19000244140625,430.01499938964844,424.15333251953126,413.5174987792969,401.2859997558594,395.0300008138021,1
2023-05-05,457.5499877929688,461.0,436.1499938964844,439.9500122070313,1445857,Chemicals,0.049185923846012614,0.022545060330113387,0.04428584721343287,0.02226649510348966,436.65,433.43999938964845,427.6299987792969,418.4824981689453,404.9439990234375,398.1700002034505,1
2023-05-08,454.9500122070313,461.3500061035156,447.5499877929688,456.0,1468158,Chemicals,-0.00568238587105796,0.03648138958436009,0.0007592323286673697,0.026137783001299653,441.8700012207032,436.2950012207031,430.68666585286456,423.0274993896484,408.9879992675781,401.3700002034505,0
2023-05-09,456.7999877929688,460.3999938964844,451.25,457.6499938964844,597454,Chemicals,0.004066327148697146,0.003618407667728807,-0.0020592005949124914,0.008267260212154737,447.22000122070324,439.23500061035156,433.8799987792969,427.0924987792969,413.30999877929685,404.75999959309894,1
2023-05-10,459.2999877929688,464.0,453.5,459.7000122070313,256528,Chemicals,0.005472854787231363,0.004479445729022924,0.007819300936665607,0.00498614958448762,452.93999633789065,442.13999938964844,436.64666544596355,429.9049987792969,417.87199829101564,407.8883321126302,1
2023-05-11,455.1000061035156,466.4500122070313,452.6000061035156,458.5,421792,Chemicals,-0.00914431047480524,-0.0026104245707325724,0.005280198722050322,-0.00198455103965689,456.7399963378906,443.9649993896484,438.92333170572914,432.2999984741211,422.1619982910156,410.52833251953126,0
2023-05-12,445.0499877929688,454.2999877929688,441.8500061035156,454.2999877929688,262120,Chemicals,-0.02208309860637725,-0.009160331967352664,-0.026047859569290344,-0.023751656772053487,454.2399963378906,445.4449981689453,440.3733317057292,434.2824981689453,425.63399780273437,413.1599985758464,0
2023-05-15,436.25,450.75,435.0,448.1000061035156,114701,Chemicals,-0.01977303232072536,-0.01364732964130877,-0.00781419301861519,-0.015503012354628809,450.4999938964844,446.18499755859375,441.0299987792969,435.6399978637695,428.5219982910156,415.9066650390625,0
2023-05-16,432.2000122070313,439.5,429.1499938964844,439.5,101367,Chemicals,-0.009283639640042862,-0.019192157970042367,-0.024958402662229595,-0.013448289893139398,445.57999877929694,446.4000000000001,441.3500000000001,436.80499877929685,430.78999877929687,418.68833211263023,0
2023-05-17,448.25,452.9500122070313,415.2000122070313,415.2000122070313,752859,Chemicals,0.03713555608434471,-0.055290074614263274,0.030602985681527528,-0.032506074537701046,443.3700012207031,448.154998779297,442.55000000000007,438.32749938964844,432.59799926757813,422.1216654459635,1
2023-05-18,454.8500061035156,458.5,438.0,455.5,305181,Chemicals,0.014723939996688529,0.0970616247787437,0.012252980778002298,0.05491326378285355,443.32000122070315,450.029998779297,443.75000000000006,440.02249908447266,434.5039990234375,425.68833211263023,1
2023-05-19,465.9500122070313,476.7999877929688,450.7000122070313,456.9500122070313,300192,Chemicals,0.02440366264607574,0.003183341837609932,0.03991273237288717,0.028995461659888866,447.5000061035156,450.8700012207032,446.13000081380216,442.1550003051758,436.9259997558594,429.27833251953126,1
2023-05-22,440.3999938964844,465.0,432.6499938964844,465.0,254491,Chemicals,-0.05483424753982946,0.017616779905722968,-0.024748297179261858,-0.04004885249982104,448.3300048828125,449.4149993896484,446.90000000000003,442.8550003051758,438.1779992675781,431.8233327229818,0
2023-05-23,448.7000122070313,449.7000122070313,440.8500061035156,443.5,87284,Chemicals,0.018846545017205063,-0.04623655913978497,-0.03290319955477139,0.018952992771781307,451.6300048828125,448.60500183105466,448.1433349609376,443.9200012207031,439.77,434.2633331298828,1
2023-05-24,426.6499938964844,443.8999938964844,422.6000061035156,443.8999938964844,280849,Chemicals,-0.0491420051496968,0.0009019028105623494,-0.012897527580845947,-0.04139730009602116,447.31000366210935,445.3400024414062,447.87333374023444,443.74000091552733,440.12400024414063,435.05,0
2023-05-25,432.8999938964844,436.9500122070313,426.2000122070313,429.6000061035156,97094,Chemicals,0.014649009936506419,-0.0322144356602615,-0.015656638398318545,0.008518708120022644,442.9200012207031,443.1200012207031,447.65999959309903,443.5425003051758,440.60199951171876,435.9066660563151,1
2023-05-26,442.5499877929688,450.0,432.0499877929688,436.7000122070313,162152,Chemicals,0.02229150850667816,0.016527015834829628,0.029866088633464738,0.013725892581851529,438.2399963378906,442.8700012207031,446.65999959309903,444.1574996948242,441.37199951171874,437.14499918619794,1
2023-05-29,439.0499877929688,447.2999877929688,437.7000122070313,442.7000122070313,91258,Chemicals,-0.007908711098275623,0.013739408821347832,-0.006000027126735974,0.013077247017004634,437.9699951171876,443.15,445.5999979654949,444.66749877929686,441.8779992675781,438.14333190917966,0
2023-05-30,441.7000122070313,443.6000061035156,434.9500122070313,439.0499877929688,75128,Chemicals,0.006035814799548733,-0.008244916000489155,-0.008271812632299258,-0.006282841954089902,436.5699951171875,444.1,444.59333292643237,445.25,442.45,439.2366658528646,1
2023-05-31,454.5,457.5,440.0,444.7999877929688,345791,Chemicals,0.028978916547933276,0.013096458626281393,0.03133452142748783,0.011610501554750963,442.13999633789064,444.725,444.2733337402344,446.43999938964845,443.42,440.459999593099,1
2023-06-01,446.9500122070313,459.6000061035156,444.5499877929688,456.7999877929688,121878,Chemicals,-0.016611634307961975,0.026978418006579075,0.004590177275443974,0.010340881347656428,444.95,443.93500061035155,443.7300008138021,446.98249969482424,443.8240002441406,441.3266662597656,0
2023-06-02,449.5499877929688,452.7000122070313,443.5499877929688,450.0,782987,Chemicals,0.005817150721394659,-0.014886138298345841,-0.015013041350852907,-0.002249465813652707,446.35,442.2949981689453,444.0300008138021,446.5824996948242,444.5959997558594,442.2016662597656,1
2023-06-05,460.0499877929688,462.5499877929688,447.0499877929688,449.5,127726,Chemicals,0.023356690657581725,-0.0011111111111110628,0.021758284339150613,0.007890880613965034,450.55000000000007,444.25999755859385,445.6166666666667,446.83749847412116,445.84399902343756,443.32333272298183,1
2023-06-06,455.5,460.5499877929688,453.0,460.0,99561,Chemicals,-0.009890203051187485,0.023359288097886566,-0.0043238569944470395,0.013309500882453085,453.30999755859386,444.9399963378907,447.1699991861979,446.77249908447277,446.8619995117188,444.259999593099,0
2023-06-07,451.0,458.5,437.5,458.5,244367,Chemicals,-0.009879253567508184,-0.003260869565217428,-0.004451173265235919,-0.034216335540838805,452.6099975585938,447.37499694824226,447.35333251953125,446.3574996948243,447.67399902343755,444.95166625976566,0
2023-06-08,457.2999877929688,463.5,451.1000061035156,453.3999938964844,136126,Chemicals,0.013968930804808988,-0.011123241229041736,0.010905125408942284,0.031085728236607046,454.67999267578125,449.8149963378907,447.51666463216145,446.467498779297,448.5219982910157,445.6333323160808,1
2023-06-09,477.5499877929688,480.9500122070313,457.2999877929688,457.2999877929688,466784,Chemicals,0.0442816543637603,0.008601662878219729,0.03764835427622715,0.013744140114310799,460.2799926757813,453.3149963378907,448.2899963378906,448.092498779297,449.3219982910157,447.20999857584644,1
2023-06-12,474.7000122070313,501.0,472.5499877929688,481.2999877929688,942021,Chemicals,-0.005967910498980156,0.0524819607274194,0.04168829875055269,0.03334791254554781,463.2099975585937,456.8799987792969,450.5766642252604,450.01499938964855,450.1119982910157,448.73833211263025,0
2023-06-13,469.7999877929688,476.9500122070313,465.0,476.9500122070313,371057,Chemicals,-0.010322359991693952,-0.009037971527663169,-0.04800396765063608,-0.01597711985610417,466.0699951171876,459.68999633789065,451.9833292643229,451.8949981689454,450.6319982910157,450.0633321126303,0
2023-06-14,466.75,473.7999877929688,465.0499877929688,473.7999877929688,116809,Chemicals,-0.006492098493439902,-0.006604516895777235,-0.006604516895777235,0.00010750063004039134,469.2199951171876,460.9149963378906,454.6566630045573,452.8199981689454,450.92999877929697,451.2649983723959,0
2023-06-15,461.8500061035156,470.9500122070313,460.6000061035156,467.5,79317,Chemicals,-0.010498112258134684,-0.01329672426188755,-0.006015144912124404,-0.009568824440942092,470.12999877929695,462.4049957275391,456.5866638183594,453.1699981689454,451.19999877929695,452.12333170572924,0
2023-06-16,454.3999938964844,468.0,451.75,468.0,147259,Chemicals,-0.016130804608805116,0.0010695187165774556,-0.006263960357929643,-0.019214081602783706,465.5,462.88999633789064,457.3766642252604,452.59249725341806,451.5739990234376,452.0183319091797,0
2023-06-19,452.7000122070313,461.0,450.0499877929688,456.7999877929688,102568,Chemicals,-0.003741156937251966,-0.023931650015023953,-0.014957264957264904,-0.0037631703531404437,461.1,462.1549987792969,458.2866658528646,453.2074981689454,452.2319995117188,451.94333190917973,0
2023-06-20,451.6499938964844,455.9500122070313,449.3999938964844,454.5,51829,Chemicals,-0.0023194572172150485,-0.005034999681329255,-0.010954420375203222,-0.001444270445760898,457.4700012207031,461.76999816894534,458.9499979654948,453.35499725341805,453.00999877929695,451.7716654459636,0
2023-06-21,447.5,456.0,444.8999938964844,456.0,175428,Chemicals,-0.009188517552455755,0.0033003300330032292,0.00010963437137934129,-0.010013351270842574,453.6200012207031,461.4199981689453,458.48333129882815,454.39749755859384,452.9799987792969,451.3783325195313,0
2023-06-22,446.8500061035156,455.5,443.0499877929688,454.9500122070313,83417,Chemicals,-0.0014525003273393455,-0.002302604809141906,-0.0010964912280702066,-0.004158251582143224,450.6200012207031,460.375,458.47666422526044,455.0949981689454,452.6599987792969,451.1033325195313,0
2023-06-23,440.6000061035156,450.5,436.9500122070313,445.1000061035156,581856,Chemicals,-0.013986796273092517,-0.021650743684414553,-0.010976948408342513,-0.013768142995160049,447.86000366210936,456.6800018310547,457.8799987792969,454.99749908447274,451.6459985351563,450.95499979654954,0
2023-06-26,440.1000061035156,445.8500061035156,435.6000061035156,440.6000061035156,109025,Chemicals,-0.0011348161440618565,-0.010110087482122943,-0.010321851046580233,-0.003089612234353334,445.3400024414062,453.2200012207031,456.55,455.05000000000007,451.6339990234376,451.08333333333337,0
2023-06-27,444.0,446.3500061035156,439.0,442.25,72381,Chemicals,0.008861608367183305,0.0037448794226677684,0.001121453388258864,0.00780531186603417,443.81000366210935,450.64000244140624,455.78333333333336,455.16499938964853,451.4459985351563,451.4766662597657,1
2023-06-28,443.6499938964844,452.2999877929688,440.1000061035156,446.0,92591,Chemicals,-0.0007883020349450653,0.00847936687394002,0.013330304935793569,0.002505708664044759,443.0400024414063,448.3300018310547,455.2933329264323,454.62249908447274,452.1259985351563,451.32333272298183,0
2023-06-30,454.6000061035156,458.1000061035156,441.5,442.0,125577,Chemicals,0.024681646247438405,-0.008968609865470878,0.012823388165116745,0.0031810812930439525,444.5900024414062,447.60500183105466,455.1133341471354,455.00499877929695,452.9939990234376,451.3149993896485,1
2023-07-03,449.5,459.5,446.7000122070313,454.6000061035156,83266,Chemicals,-0.011218667037048657,0.028506801139175586,0.0030560879236662952,0.01177805709406865,446.3700012207031,447.11500244140626,453.2433349609375,455.00249938964845,453.27199951171883,450.7666656494141,0
2023-07-04,443.0499877929688,451.2999877929688,441.2000122070313,449.2000122070313,37014,Chemicals,-0.014349304131326401,-0.011878560985445041,-0.01784551078788077,-0.012312513655027502,446.9599975585937,446.15,451.1333333333333,454.1524993896484,453.4319995117188,450.8549987792969,0
2023-07-05,445.25,449.75,441.3500061035156,443.0,44168,Chemicals,0.004965607194778343,-0.01380234202703845,-0.0034344955348853956,0.00033996802432989526,447.2099975585937,445.51000061035154,449.4966674804688,453.63999938964844,453.5739990234376,450.7399983723959,1
2023-07-06,446.7999877929688,456.1499938964844,443.1000061035156,449.6499938964844,112711,Chemicals,0.0034811629263757915,0.015011272904027928,0.014230114277897332,0.003965107003056412,447.8399963378906,445.43999938964845,448.1666666666667,453.42999877929685,453.2659985351563,451.41166483561204,1
2023-07-07,444.3500061035156,451.0,442.0,449.8999938964844,75519,Chemicals,-0.005483396948051,0.000555987998206442,-0.011290132555944021,-0.002482523331896913,445.7899963378906,445.18999938964845,447.0,452.7824996948242,453.1619982910157,451.79333190917976,0
2023-07-10,439.3999938964844,448.2999877929688,437.1499938964844,446.0,75813,Chemicals,-0.011139894540426964,-0.008668579571889712,-0.005986723297186636,-0.010972864487591938,443.7699951171875,445.0699981689453,446.0,450.875,452.75599853515627,451.6883321126303,0
2023-07-11,436.6000061035156,444.0,425.3500061035156,439.5,180969,Chemicals,-0.0063722982063317835,-0.014573991031390121,-0.009591764242819045,-0.026992995442573275,442.47999877929686,444.7199981689453,444.9266662597656,448.9699996948242,451.8179992675781,451.6066660563152,0
2023-07-12,436.6000061035156,450.0,435.0,450.0,91441,Chemicals,0.0,0.023890784982935065,0.013513513513513598,0.022687184102533786,440.75,443.97999877929686,443.9233337402344,447.31000061035155,451.06199951171874,451.4366658528646,0
2023-07-13,435.0499877929688,442.0,434.2000122070313,439.6499938964844,134364,Chemicals,-0.0035502022191435945,-0.023000013563368005,-0.01777777777777778,-0.0018390523976291595,438.4,443.1199981689453,443.09333292643237,445.725,450.4239990234375,450.78833211263026,0
2023-07-14,442.3500061035156,452.3500061035156,432.0,432.0,181219,Chemicals,0.016779723055688756,-0.01740019106718238,0.023416303401619043,-0.005066817469324025,438.0,441.89499816894534,442.79333292643236,444.75,449.82599975585936,450.6349985758464,1
2023-07-17,444.5499877929688,448.9500122070313,443.0,443.2999877929688,68297,Chemicals,0.004973395860965235,0.026157379150390847,-0.007516290152776661,0.02546296296296302,439.0299987792969,441.3999969482422,443.0566650390626,444.2574996948242,448.50599975585936,450.4683319091797,1
2023-07-18,436.5,444.7999877929688,435.0,444.7000122070313,77239,Chemicals,-0.01810817234060469,0.0031581873508110814,-0.009243845197065559,-0.018058690744920947,439.00999755859374,440.7449981689453,442.8166646321615,443.44749908447267,446.9779992675781,449.68333231608074,0
2023-07-19,431.25,438.3999938964844,429.5,436.5,85111,Chemicals,-0.012027491408934665,-0.018439424290399575,-0.01438847588157599,-0.012643678160919491,437.93999633789065,439.3449981689453,441.9666646321615,442.42749938964846,445.43599975585937,448.8749989827474,0
2023-07-20,431.5499877929688,436.0,427.6000061035156,432.0,66251,Chemicals,0.0006956238677537918,-0.010309278350515427,-0.005474438708708229,-0.0044237343340730595,437.2399963378906,437.8199981689453,441.15999755859383,441.6299987792969,444.02799926757814,448.22666524251304,1
2023-07-21,431.1000061035156,437.0,428.5,432.5,73485,Chemicals,-0.0010427104673422782,0.0011574074074074403,0.002293577981651307,0.0021047565099110432,434.9899963378906,436.4949981689453,439.59333089192717,440.8424987792969,442.7979992675781,447.35333251953125,0
2023-07-24,436.4500122070313,443.9500122070313,434.5,435.9500122070313,102508,Chemicals,0.012410127645025026,0.007976906837066533,0.015903918093893132,0.014002333722286986,433.3700012207031,436.2,438.7233317057292,440.63499908447267,442.08,445.98333333333335,1
2023-07-25,430.75,437.0,426.1499938964844,436.0,503023,Chemicals,-0.01305994282875056,0.00011466404764082228,-0.01565494316011018,-0.019217505416606717,432.2200012207031,435.61499938964846,437.9033325195313,440.16749877929686,441.2019995117187,444.51833292643227,0
2023-07-26,437.9500122070313,439.8999938964844,431.1000061035156,433.6000061035156,100049,Chemicals,0.01671506026008429,-0.0055045731570742,0.006636141639552395,0.011615657111175848,433.56000366210947,435.75,437.41666666666674,439.86499938964846,440.6540002441406,443.4566670735677,1
2023-07-27,440.75,445.0,435.5499877929688,436.0,85127,Chemicals,0.006393395855518458,0.005535041196266466,0.011593558022907624,0.010322388370332503,435.40000610351564,436.32000122070315,437.0133341471354,439.7199996948242,440.3840002441406,442.590000406901,1
2023-07-28,438.8999938964844,442.6499938964844,434.2000122070313,441.4500122070313,97920,Chemicals,-0.004197404659139203,0.012500027997778274,-0.005280912592169895,-0.0030994733641898087,436.9600036621094,435.975,436.65,438.9349990844727,440.06599975585937,441.825,0
2023-07-31,444.0499877929688,446.5499877929688,437.3999938964844,438.8999938964844,167411,Chemicals,0.011733866411716365,-0.005776459938913847,0.008810559020128395,0.007369833255387537,438.47999877929686,435.925,436.959999593099,438.6624984741211,440.2039990234375,441.47999979654946,1
2023-08-01,448.8999938964844,454.0,445.0,445.0,287017,Chemicals,0.010922207492046532,0.013898396419103953,0.016683489890688685,0.017375414287989832,442.10999755859376,437.1649993896484,437.7799987792969,438.9549987792969,440.5559985351563,441.35333251953125,1
2023-08-02,450.5,453.8500061035156,446.7999877929688,449.0,310151,Chemicals,0.0035642818562491296,0.008988764044943753,-0.0003303830319039136,0.004044916388693975,444.6199951171875,439.0899993896484,438.7066650390625,439.2174987792969,440.81599853515627,441.31499938964845,1
2023-08-03,441.25,457.5,436.0,450.5,256864,Chemicals,-0.020532741398446186,0.0033407572383072903,0.008042291169765514,-0.02417186232774282,444.7199951171875,440.06000061035155,439.1199991861979,438.93999938964845,440.7199987792969,441.1066660563151,0
2023-08-04,446.4500122070313,450.0,440.2999877929688,441.25,79722,Chemicals,0.011784730214235317,-0.020532741398446186,-0.016393442622950838,0.009862357323322968,446.22999877929686,441.5950012207031,439.39333292643227,439.04499969482424,440.3939990234375,441.0933329264323,1
2023-08-07,450.0,453.0,443.0499877929688,446.4500122070313,331663,Chemicals,0.007951590762466987,0.011784730214235317,0.006666666666666599,0.006245741713018393,447.4200012207031,442.95,439.7566670735677,439.575,440.4139990234375,441.4066660563151,1
2023-08-08,447.9500122070313,453.7000122070313,445.1000061035156,451.0,97605,Chemicals,-0.004555528428819344,0.010191483186383632,0.0015452808102236482,0.004627058722558308,447.2300048828125,444.6700012207031,440.52000122070314,440.14250030517576,440.61,441.6683329264323,0
2023-08-09,453.8500061035156,454.5,445.0,447.3999938964844,194976,Chemicals,0.013171098863052455,-0.007982275174092335,0.0017632527472881687,-0.00022468232339756256,447.90000610351564,446.26000061035154,442.02666829427085,441.00500030517577,440.9540002441406,441.9966664632162,1
2023-08-10,436.8999938964844,464.9500122070313,416.1499938964844,454.0,277294,Chemicals,-0.037347167520286995,0.014751913709329711,0.022992326088077775,-0.06483147438992276,447.0300048828125,445.875,442.3833353678385,441.0975006103516,440.55800048828127,441.77166646321615,0
2023-08-11,444.0499877929688,449.0,426.7000122070313,430.0,177256,Chemicals,0.01636528724277908,-0.052863436123347984,-0.03430478930696135,0.02535148015206068,446.55,446.38999938964844,443.2466674804688,441.18249969482423,440.5459997558594,441.4199991861979,1
2023-08-14,443.0499877929688,450.0,436.1499938964844,448.0,86848,Chemicals,-0.0022519987107086914,0.041860465116279055,0.00222717149220486,0.022146663742929507,445.1599975585938,446.2899993896484,443.68666585286456,441.10749969482424,440.69199951171873,441.2049987792969,0
2023-08-16,441.6000061035156,444.8999938964844,435.0,439.0,73342,Chemicals,-0.00327272707234727,-0.0200892857142857,-0.011333346896701402,-0.0026366935975639105,443.88999633789064,445.56000061035155,444.409999593099,441.3625,440.8919995117187,441.1566660563151,0
2023-08-17,443.1000061035156,444.7999877929688,439.2000122070313,441.0,50527,Chemicals,0.0033967390834872546,0.004555808656036442,-0.0002247833330805138,0.009655200475934045,441.7399963378906,444.82000122070315,444.7533325195312,441.95500030517576,441.15199951171877,441.084999593099,1
2023-08-18,452.8999938964844,459.8999938964844,441.0,444.0,196414,Chemicals,0.02211687577968413,0.006802721088435382,0.03394785638021158,0.004098332748042388,444.93999633789065,445.98500061035156,445.56333211263023,443.0225006103516,441.8659997558594,441.2883331298828,1
2023-08-21,469.7999877929688,485.1000061035156,445.5499877929688,455.0,653913,Chemicals,0.037315067618099995,0.024774774774774855,0.05479454781794013,0.010317432637117374,450.0899963378906,448.3199981689453,447.6233317057292,444.9574996948242,442.9639990234375,442.1366658528646,1
2023-08-22,469.5,479.0,465.0499877929688,473.0,133320,Chemicals,-0.0006385436372148279,0.03956043956043964,-0.012574739284200165,0.04376613294636855,455.3799987792969,450.26999816894534,449.3199991861979,446.60999908447263,443.9619995117188,443.13999938964844,0
2023-08-23,479.7999877929688,488.7999877929688,468.0,469.9500122070313,386423,Chemicals,0.02193820616180786,-0.0064481771521537334,0.020459264703484026,0.006343430350426171,463.0199951171875,453.4549957275391,451.3799987792969,449.06249847412107,445.6939990234375,444.5799987792969,1
2023-08-24,510.2999877929688,520.7999877929688,483.0,483.0,1365583,Chemicals,0.0635681550145446,0.027768884889867174,0.0654664500800961,0.03205128205128216,476.45999145507824,459.09999389648436,455.3666646321615,452.679997253418,448.85599853515623,447.036664835612,1
2023-08-25,520.4500122070312,529.9000244140625,506.0499877929688,509.5,1000955,Chemicals,0.01989030894937116,0.05486542443064191,0.017473189006124157,0.04772254201442827,489.9699951171875,467.4549957275391,460.64666544596355,456.66499786376954,452.41199951171876,449.8833323160807,1
2023-08-28,527.7999877929688,537.9500122070312,525.0,526.0999755859375,649894,Chemicals,0.014122346841282774,0.03258091380949457,0.015191521838237465,0.03744691762503094,501.5699951171875,475.8299957275391,466.0699971516927,461.10999755859376,456.2799987792969,452.7316650390625,1
2023-08-29,526.4000244140625,539.0,514.7000122070312,528.0,573450,Chemicals,-0.0026524505708314106,0.003611527280430682,0.0019518315254998253,-0.01961902436755958,512.95,484.1649993896484,471.1633321126302,465.2274993896484,459.8779992675781,455.459999593099,0
2023-08-30,515.0499877929688,533.1500244140625,512.0,529.9500122070312,357903,Chemicals,-0.021561618720910003,0.0036932049375590914,-0.010853386986897084,-0.0052457978297952845,520.0,491.50999755859374,475.63666381835935,468.53499908447264,463.2499987792969,458.0783325195313,0
2023-08-31,519.8499755859375,523.0,512.7999877929688,516.5499877929688,316304,Chemicals,0.009319460065492002,-0.025285449769605117,-0.019037839162096004,0.0015624761581420898,521.9099975585938,499.18499450683595,480.0366617838542,472.0024978637695,466.52599731445315,461.0316650390625,1
2023-09-01,528.5499877929688,532.8499755859375,517.2999877929688,524.3499755859375,178396,Chemicals,0.01673562107457105,0.015100160637492754,0.018833605326840308,0.008775351222934935,523.5299926757813,506.7499938964844,486.14666137695315,476.367497253418,470.0379968261719,464.26499837239584,1
2023-09-04,534.9000244140625,543.25,526.75,529.0,309949,Chemicals,0.012014070131018517,0.00886816941083346,0.01951773461681472,0.018267953663307024,524.95,513.2599975585938,492.203330485026,480.78999786376954,473.877998046875,467.7249989827474,1
2023-09-05,527.3499755859375,542.5,524.0,534.4500122070312,266391,Chemicals,-0.01411487845115622,0.010302480542592196,-0.0013805798435342354,-0.0052206929283341585,525.139990234375,519.0449951171875,497.823329671224,484.6574966430664,477.2099975585937,470.7549977620443,0
2023-09-06,516.7000122070312,534.1500244140625,511.75,528.9500122070312,161835,Chemicals,-0.02019524769499248,-0.010290953081444454,-0.015391660066244262,-0.02337786259541985,525.4699951171875,522.7349975585937,502.8299967447917,488.0949966430664,479.9219982910156,473.6199981689453,0
2023-09-07,528.2000122070312,531.0,517.5,520.5,119970,Chemicals,0.022256628078793694,-0.01597506760945855,-0.005897265318892231,0.011235955056179803,527.1400024414063,524.525,508.503330485026,491.8124969482422,483.0299987792969,476.6283315022786,1
2023-09-08,520.7000122070312,534.2000122070312,518.1500244140625,530.0,128780,Chemicals,-0.014199166654052076,0.018251681075888593,0.006026388337158739,0.001256085824275388,525.5700073242188,524.55,513.0233317057292,496.0024978637695,486.20799926757815,479.2933319091797,0
2023-09-11,515.75,523.9500122070312,513.0999755859375,519.0499877929688,117785,Chemicals,-0.009506456867650503,-0.020660400390625,-0.01918756975997138,-0.009746306263008875,521.7400024414062,523.3450012207031,516.0866658528646,499.5874984741211,488.97999877929686,481.85499877929686,0
2023-09-12,499.8999938964844,522.0,476.7000122070313,516.0,471695,Chemicals,-0.03073195560545927,-0.005876096454481172,-0.0037217523840055167,-0.07094126897460684,516.2500061035156,520.6949981689453,518.1133321126302,502.42999877929685,490.97599853515624,483.71666564941404,0
2023-09-13,491.9500122070313,509.3999938964844,490.1000061035156,499.9500122070313,101462,Chemicals,-0.015903144201876662,-0.03110462750575327,-0.024137942727041395,0.02810990885954645,511.3000061035156,518.3850006103515,518.9233337402344,504.94749908447267,492.7359985351562,485.15166625976565,0
2023-09-14,504.1499938964844,517.0,495.7000122070313,495.7000122070313,257279,Chemicals,0.024799230382616333,-0.00850084987744748,0.014919525313265014,0.011426251854265157,506.49000244140626,516.8150024414062,518.5133341471354,507.99999847412107,494.747998046875,486.93999938964845,1
2023-09-15,498.0,514.5999755859375,492.8999938964844,504.2999877929688,124567,Chemicals,-0.012198738413050858,0.01734915346813759,-0.004642213566852016,-0.005648614568477095,501.95,513.7600036621094,517.0166666666667,510.2549987792969,497.19199829101564,488.8316660563151,0
2023-09-18,488.1000061035156,501.6000061035156,485.0,499.3999938964844,63958,Chemicals,-0.019879505816233656,-0.009716426760049912,-0.02526228157632493,-0.016027579619210752,496.4200012207031,509.0800018310547,514.3700012207031,511.16999969482424,498.9539990234375,490.2199991861979,0
2023-09-20,497.8500061035156,502.0,481.75,488.0,199999,Chemicals,0.019975414624215926,-0.022827380928737817,0.0007974359880726922,-0.006701030927835028,496.0100036621094,506.1300048828125,512.4666666666667,512.5875,501.14599975585935,491.81499938964845,1
2023-09-21,483.6499938964844,501.1499938964844,480.1499938964844,497.8500061035156,96703,Chemicals,-0.028522671553565693,0.020184438736712274,-0.0016932392500311755,-0.0033212373710754806,494.35,502.8250030517578,510.3733337402344,512.7800003051758,502.82799926757815,493.0049987792969,0
2023-09-22,483.7000122070313,489.0,476.8999938964844,485.4500122070313,91543,Chemicals,0.0001034184041728281,-0.02490708796718588,-0.024244226368271726,-0.006768718194966161,490.2600036621094,498.3750030517578,507.9633361816406,511.4500015258789,504.4519995117187,493.9999989827474,1
2023-09-25,479.6000061035156,489.1499938964844,476.5,482.0,97079,Chemicals,-0.008476340707142316,-0.007106833083279418,0.0003067359846307127,-0.0008387374745305598,486.5800048828125,494.26500244140624,504.7000040690104,509.4075012207031,505.52,495.4233327229818,0
2023-09-26,479.4500122070313,486.0499877929688,474.2999877929688,478.25,76074,Chemicals,-0.00031274790361857097,-0.00778008298755184,-0.006337536833684654,-0.004617024568795758,484.8500061035156,490.6350036621094,501.0033365885417,506.99000244140626,505.9060009765625,496.60333353678385,0
2023-09-27,492.1499938964844,514.0,476.6499938964844,477.7000122070313,302870,Chemicals,0.026488646086360035,-0.001150000612584856,0.05750439853716527,0.004954683036047847,483.7100036621094,489.86000366210936,498.65667114257815,505.27750091552736,506.8120007324219,498.24000040690106,1
2023-09-28,483.5,499.5499877929688,480.1499938964844,492.3500061035156,81394,Chemicals,-0.017575930110249605,0.03066776956692885,-0.028112864216014,0.007342914181931448,483.6800048828125,489.01500244140624,496.44333699544273,503.7000015258789,506.96000122070313,499.6366668701172,0
2023-09-29,484.1499938964844,487.2999877929688,481.0,483.5,51196,Chemicals,0.001344351388799181,-0.01797502994577993,-0.0245220704620992,0.0017702928549840902,483.77000122070314,487.01500244140624,493.5066691080729,501.9150024414063,505.91400146484375,501.0049997965495,1
2023-10-03,489.0499877929688,490.8500061035156,479.2999877929688,483.9500122070313,61517,Chemicals,0.010120817842108831,0.0009307387942736334,0.007285077774422222,-0.0035343289127467425,485.6599975585938,486.1200012207031,491.39666748046875,499.94000244140625,504.65800048828123,502.209999593099,1
2023-10-04,490.1499938964844,506.75,484.6000061035156,487.9500122070313,165176,Chemicals,0.002249271303491396,0.008265316456462557,0.03239277518340544,0.011057831098539861,487.79999389648435,486.325,489.69000040690105,497.70250091552737,503.15200073242187,502.8883331298828,1
2023-10-05,496.2000122070313,503.75,484.5,492.8999938964844,175181,Chemicals,0.012343197767793246,0.010144444237359496,-0.005920078934385842,-0.00020636834968235096,488.60999755859376,486.16000061035163,489.44333496093753,496.145002746582,501.9440002441406,503.77833353678386,1
2023-10-06,495.5,506.0499877929688,493.0,500.0,87845,Chemicals,-0.0014107460495975666,0.014404557093597115,0.0045657325915013924,0.01754385964912286,491.00999755859374,487.34500122070324,489.68000081380217,495.08500213623046,501.16200073242186,504.3016672770182,0
2023-10-09,472.1000061035156,489.0,461.5499877929688,487.7999877929688,126221,Chemicals,-0.047225012909151154,-0.024400024414062416,-0.033692299583542695,-0.06379312820898819,488.6,486.18500061035166,487.54333496093756,492.2800018310547,499.252001953125,503.02833455403646,0
2023-10-10,481.8500061035156,485.0,470.5499877929688,472.4500122070313,132670,Chemicals,0.020652403884659387,-0.031467765416288374,-0.008179959100204526,0.019499513027908533,487.1600036621094,486.41000061035163,486.46666870117195,490.3375015258789,497.3840026855469,501.7416676839193,1
2023-10-11,484.9500122070313,493.0,482.7999877929688,483.8999938964844,53923,Chemicals,0.0064335499932519635,0.02423532943933049,0.016494845360824684,0.026033365886282134,486.12000732421876,486.96000061035164,486.25666910807297,488.7975021362305,495.3860021972656,500.31333516438804,1
2023-10-12,480.4500122070313,488.2000122070313,478.25,487.2000122070313,67242,Chemicals,-0.00927930691149026,0.006819628750094342,-0.009736283555717429,-0.009424167166549147,482.9700073242187,485.79000244140633,485.096669514974,487.8250030517578,493.5100036621094,498.7816680908203,0
2023-10-13,476.7999877929688,485.0,475.2000122070313,478.2000122070313,52697,Chemicals,-0.007597095059474479,-0.0184729059410933,-0.006554715540798228,-0.006377392144210514,479.2300048828125,485.1200012207032,484.6400024414063,487.0675018310547,491.91400268554685,497.5066680908203,0
2023-10-16,473.3999938964844,480.0,470.5,475.0,55941,Chemicals,-0.0071308598647883414,-0.006691786125772592,-0.010309278350515427,-0.009890597824697922,479.49000244140626,484.0450012207032,483.95333455403653,485.5300018310547,489.722001953125,495.9583353678385,0
2023-10-17,477.1499938964844,485.8999938964844,472.1000061035156,474.0,72936,Chemicals,0.007921419620507963,-0.002105263157894721,0.012291653951009174,0.0034006505919566,478.55,482.85500183105466,483.79000040690113,484.4875015258789,487.9800012207031,494.2450022379557,1
2023-10-18,475.1000061035156,483.0,471.1000061035156,477.75,112832,Chemicals,-0.004296317340860112,0.007911392405063333,-0.005968293749561537,-0.0021181952702215012,476.5799987792969,481.3500030517578,483.50000000000006,483.8375015258789,486.35400146484375,492.2516682942708,0
2023-10-19,464.6499938964844,475.8500061035156,462.6499938964844,472.8500061035156,54474,Chemicals,-0.02199539480695012,-0.010256397480867374,-0.01480329999272123,-0.017936769470502822,473.4199951171875,478.19500122070315,481.66666666666674,482.17750091552733,484.9440014648437,490.1616689046224,0
2023-10-20,451.75,466.6499938964844,447.7000122070313,462.0,93829,Chemicals,-0.027762819468277633,-0.022945978562894154,-0.019333849089055,-0.03231380500741576,468.4099975585938,473.82000122070315,479.55000000000007,480.58250122070314,483.3360009765625,487.9966684977214,0
2023-10-23,443.7999877929688,456.2000122070313,434.6000061035156,454.0499877929688,163535,Chemicals,-0.01759825613067223,-0.0172078186299377,-0.022393617970926538,-0.029260678459525735,462.4899963378906,470.98999938964846,476.859999593099,478.5875,480.92200073242185,485.18333435058594,0
2023-10-25,440.6499938964844,454.3500061035156,435.2999877929688,443.7999877929688,74494,Chemicals,-0.007097778240484964,-0.022574606927802998,-0.004055252200817816,0.0016106343295505532,455.18999633789065,466.8699981689453,473.6333333333333,476.63999938964844,478.62800048828126,482.51500040690104,0
2023-10-26,445.7000122070313,448.0,428.7999877929688,434.0499877929688,67697,Chemicals,0.01146038438782604,-0.021969356169852627,-0.013976022929927945,-0.014932231064273438,449.30999755859375,462.9449981689453,470.6700012207031,474.95249938964844,476.9320007324219,480.1800008138021,1
2023-10-27,453.7999877929688,459.8500061035156,445.7000122070313,445.7000122070313,76775,Chemicals,0.018173604137518007,0.02684028278240458,0.02645090648106163,0.03941237149060295,447.13999633789064,460.2799957275391,467.8433329264323,473.03499908447264,475.17,478.6433339436849,1
2023-10-30,443.9500122070313,451.5,441.7999877929688,447.1000061035156,35749,Chemicals,-0.02170554396407609,0.0031411125378968396,-0.018158108062819034,-0.00875033499494482,445.5799987792969,456.9949981689453,464.4066670735677,471.05749969482423,473.5820007324219,477.0433339436849,0
2023-10-31,444.1499938964844,458.1499938964844,442.0,450.1000061035156,83714,Chemicals,0.00045045992556436154,0.006709908206320669,0.014728668652235655,0.0004527211692113564,445.65,454.0699981689453,462.5433329264323,469.05749969482423,472.0,475.0433339436849,1
2023-11-01,441.0499877929688,448.9500122070313,435.3500061035156,445.0,59525,Chemicals,-0.006979637838829045,-0.011330828781065838,-0.020080719877804354,-0.015045235059919393,445.729998779297,450.4599975585937,459.8233317057292,466.6574996948243,470.4579992675782,473.1450002034506,0
2023-11-02,434.6499938964844,448.0499877929688,428.9500122070313,448.0499877929688,88292,Chemicals,-0.014510812999928291,0.006853905152738982,-0.002004731906873114,-0.014700801209963865,443.5199951171876,446.4149963378906,456.4699971516927,463.88249969482433,468.66599853515635,471.36333312988285,0
2023-11-03,448.5,453.0,433.3500061035156,434.6499938964844,132074,Chemicals,0.03186473322904071,-0.029907363601304637,0.011047901666986437,0.010257591260682153,442.4599975585937,444.7999969482422,454.3399963378906,461.49749908447274,466.919998779297,469.71833292643237,1
2023-11-06,444.6000061035156,456.0,441.0,451.75,76386,Chemicals,-0.008695638565182517,0.03934201390461345,0.0066225165562914245,0.01765315285274749,442.5899963378906,444.0849975585937,452.1933308919271,458.95249938964855,465.3639990234376,468.41666666666674,0
2023-11-07,447.0499877929688,451.0,432.25,446.8999938964844,91338,Chemicals,0.005510530040079953,-0.0107360400741906,-0.010964912280701733,-0.019841269841269882,443.1699951171875,444.4099975585938,450.43666381835936,457.6999984741212,463.87999877929695,467.194999186198,1
2023-11-08,445.6499938964844,450.0,444.1000061035156,447.6000061035156,32447,Chemicals,-0.003131627188708852,0.0015663732749868764,-0.0022172949002217113,0.027414704692922287,444.0899963378906,444.9099975585938,448.3366638183594,455.8899978637696,462.1439990234376,466.0633321126303,0
2023-11-09,438.2999877929688,446.5499877929688,437.0499877929688,445.6499938964844,44257,Chemicals,-0.01649277730097498,-0.004356595577392097,-0.007666693793402679,-0.01587484398481076,444.8199951171875,444.1699951171875,445.8833292643229,453.5574966430665,460.06999877929695,464.6916646321615,0
2023-11-10,447.2999877929688,450.0,438.0,442.7000122070313,48161,Chemicals,0.020533881475377047,-0.006619503488960676,0.007725926103105518,0.0021736923316908463,444.5799926757812,443.5199951171875,444.72666219075523,451.89999542236336,458.11399780273445,463.196664428711,1
2023-11-13,443.5,457.2000122070313,439.0,451.0,216118,Chemicals,-0.00849538988748555,0.018748560117696877,0.016000027126736205,0.0022831050228311334,444.3599914550781,443.47499389648436,444.1766621907552,450.23499603271495,456.03399780273446,461.86333109537765,0
2023-11-15,449.25,450.7999877929688,444.2999877929688,449.7000122070313,115987,Chemicals,0.012965050732807182,-0.0028824563036999873,-0.01399830324406115,0.012072865132047417,444.79999389648435,443.98499450683596,444.5399963378906,449.02749633789074,455.1199975585938,460.69999796549484,1
2023-11-16,441.7000122070313,449.3999938964844,436.2000122070313,448.6499938964844,149491,Chemicals,-0.016805760251460633,-0.002334930580485617,-0.0031055766069083557,-0.01823087060203088,444.00999755859385,444.0499969482422,444.60999755859376,447.2549972534181,453.5139978027344,459.12166544596363,0
2023-11-17,436.4500122070313,444.9500122070313,433.4500122070313,442.0,75891,Chemicals,-0.0118858950756362,-0.014822231108775452,-0.009902051067846918,-0.006304447324716689,443.64000244140624,444.22999877929686,443.9933308919271,445.32249755859385,451.5739978027344,457.33166605631516,0
2023-11-20,428.3500061035156,444.8500061035156,425.0,438.8500061035156,7116960,Chemicals,-0.018558840364228057,-0.007126683023720326,-0.00022475806443877921,-0.019494779026549613,439.8500061035156,442.2149993896484,442.2966654459635,443.5074981689454,449.4899975585938,455.069999186198,0
2023-11-21,447.0,449.6499938964844,435.2000122070313,438.0,395184,Chemicals,0.04353914703103179,-0.001936894364119257,0.01079012639566379,0.02400002872242668,440.5500061035156,442.4549987792969,442.4999979654948,443.2699981689454,448.2979980468751,453.45333251953133,1
2023-11-22,450.3999938964844,457.1000061035156,446.1499938964844,450.4500122070313,138429,Chemicals,0.007606250327705455,0.02842468540418097,0.016568469494400384,0.02516080280862676,440.7800048828125,442.7899993896484,442.9166646321615,443.5999984741212,447.37799804687506,452.7299987792969,1
2023-11-23,449.6000061035156,455.4500122070313,445.0,451.0,65525,Chemicals,-0.001776171855705222,0.001220974088276705,-0.0036097000097407017,-0.002577594782509851,442.36000366210936,443.18500061035155,443.4866658528646,444.04749908447275,446.2759985351563,451.65499877929693,0
2023-11-24,444.6000061035156,455.0,442.0,452.3999938964844,56719,Chemicals,-0.011120996290308827,0.0031041993270164436,-0.0009880605883632043,-0.006741573033707815,443.99000244140626,443.81500244140625,444.15,443.99249877929697,445.05599853515633,450.3099985758464,0
2023-11-28,447.8500061035156,454.3999938964844,445.6499938964844,454.0,297004,Chemicals,0.007309941420116095,0.0035367067309945988,-0.001318694733001391,0.008257904743177225,447.89000244140624,443.87000427246096,444.10666707356773,443.69499969482433,444.3839990234376,449.2233317057292,1
2023-11-29,449.3999938964844,452.5,446.5,447.8500061035156,86628,Chemicals,0.0034609529347879864,-0.01354624206274091,-0.004181324652300034,0.0019073400990847755,448.3700012207031,444.4600036621094,444.4266662597656,443.9674987792969,444.2899987792969,448.3099985758464,1
2023-11-30,469.7999877929688,471.0,447.0,450.7000122070313,371123,Chemicals,0.04539384551300962,0.006363751400411788,0.04088397790055254,0.0011198208286673506,452.25,446.51500244140624,445.9433329264323,445.24999847412107,445.32999877929694,448.1899983723959,1
2023-12-01,482.8500061035156,489.8999938964844,471.3999938964844,472.7999877929688,281132,Chemicals,0.027777817474737176,0.04903477920427868,0.040127375576400004,0.05458611609951758,458.9,450.6300018310547,448.4233337402344,447.3399993896484,447.0179992675782,448.37999877929695,1
2023-12-04,481.0499877929688,489.9500122070313,471.1499938964844,489.9500122070313,220569,Chemicals,-0.003727903671520094,0.03627331822515245,0.00010209902259661341,-0.0005303351786951627,466.18999633789065,455.0899993896484,451.27333374023436,449.65999908447264,448.4319982910157,448.57833150227873,0
2023-12-05,481.4500122070313,489.3999938964844,474.7000122070313,477.0,109730,Chemicals,0.0008315651683057368,-0.02643129275310474,-0.0011226008711976432,0.007534794346886642,472.90999755859383,460.4,453.55000203450527,451.30749969482423,449.5379992675782,449.1383321126303,1
2023-12-06,483.3500061035156,486.5499877929688,476.7000122070313,482.0,106730,Chemicals,0.00394639910335548,0.01048218029350112,-0.005823469838698858,0.004213187167831256,479.7000000000001,464.0350006103516,456.20666910807296,453.24499969482423,451.1139990234375,450.1916656494141,1
2023-12-07,475.3999938964844,485.0,472.3999938964844,483.3500061035156,165745,Chemicals,-0.016447733747061655,0.002800842538414061,-0.0031856701918742125,-0.00902038640745706,480.82000122070315,466.5350006103516,457.95000203450525,454.6625,452.3639990234375,451.24499918619796,0
2023-12-08,479.4500122070313,483.0,471.7999877929688,475.0,94944,Chemicals,0.008519180400807569,-0.017275278779509073,-0.004123711340206171,-0.0012701230128445706,480.14000244140624,469.52000122070314,460.46666870117195,456.35250091552734,453.9,452.53833312988286,1
2023-12-11,479.1000061035156,484.3500061035156,475.5499877929688,479.4500122070313,176299,Chemicals,-0.0007300158402426815,0.009368446751644832,0.002795043692578991,0.007948283376483456,479.7500061035156,472.9700012207031,463.3100016276042,458.3925018310547,455.67800048828127,453.6516662597657,0
2023-12-12,474.0,482.0499877929688,468.25,479.0,71165,Chemicals,-0.01064497190261715,-0.000938600887629093,-0.004748669931997962,-0.015350621344452309,478.2600036621094,475.5850006103516,466.3533345540365,459.7275024414063,456.69800048828125,454.32500000000005,0
2023-12-13,467.7000122070313,475.0499877929688,464.1000061035156,474.0,42410,Chemicals,-0.01329111348727574,-0.01043841336116913,-0.014521315583989503,-0.008862773938033919,475.1300048828125,477.4150024414063,467.7333353678386,460.9375030517578,457.6220007324219,455.1166666666667,0
2023-12-14,469.1000061035156,473.25,463.0,465.0,80795,Chemicals,0.0029933586913497567,-0.01898734177215189,-0.0037890492352843363,-0.0023701919608901667,473.87000732421876,477.3450042724609,468.9800028483074,461.9300033569336,458.5040014648437,455.9483337402344,1
2023-12-15,475.0499877929688,479.1499938964844,469.1000061035156,471.9500122070313,64512,Chemicals,0.012683823517453119,0.014946262810820121,0.01246697072685543,0.013174959186858848,472.99000244140626,476.56500244140625,470.6766682942709,463.59750213623045,459.6800012207031,457.0816670735677,1
2023-12-18,480.1000061035156,482.1000061035156,473.9500122070313,475.2999877929688,184393,Chemicals,0.010630498769210961,0.007098157642313918,0.006156761441321379,0.010338959796230451,473.19000244140625,476.4700042724609,473.04333496093756,465.7800018310547,461.352001953125,458.59666748046874,1
2023-12-19,481.6499938964844,484.8999938964844,479.8500061035156,484.0,85864,Chemicals,0.003228468596675249,0.018304255060954677,0.005807898273221701,0.012448557325718701,474.7200012207031,476.49000244140626,475.2966674804688,468.44500122070315,462.72600219726564,459.7016672770182,1
2023-12-20,479.9500122070313,487.9500122070313,472.3999938964844,484.7999877929688,218853,Chemicals,-0.003529495922340753,0.0016528673408446881,0.006289994532765464,-0.015525710351713684,477.1700012207031,476.15000305175784,477.33333536783863,470.0925018310547,464.1840026855469,460.8800008138021,0
2023-12-21,510.6000061035156,512.8499755859375,476.25,478.7000122070313,1148742,Chemicals,0.0638608044940796,-0.012582458208605485,0.051029742301433645,0.008149886014518604,485.4700012207031,479.6700042724609,480.05333658854175,473.1025024414063,466.6380029296875,462.998334757487,1
2023-12-22,513.0,527.7999877929688,505.5,514.7000122070312,461377,Chemicals,0.004700340516638812,0.07520367470646816,0.029150849017689273,0.06141732283464574,493.06000366210935,483.02500305175784,482.0633361816407,476.27250213623046,469.49000244140626,465.2433349609375,1
2023-12-26,502.8999938964844,524.4000244140625,500.3999938964844,522.0,111824,Chemicals,-0.019688121059484698,0.014182995181341473,-0.006441764792612825,-0.010089032845728263,497.6200012207031,485.4050018310547,483.52000325520834,479.18750152587893,472.1480017089844,467.39666849772135,0
2023-12-27,500.6000061035156,510.8999938964844,493.0499877929688,508.0,111826,Chemicals,-0.004573449633889171,-0.026819923371647514,-0.02574376409051915,-0.014688261776909628,501.4100036621094,488.06500244140625,484.796669514974,481.8250015258789,475.0380017089844,469.1733357747396,0
2023-12-28,504.7999877929688,519.4000244140625,495.5499877929688,502.6499938964844,112024,Chemicals,0.008389895402008296,-0.010531508077786689,0.016637366645379847,0.005070479792912419,506.3799987792969,491.775,486.22666829427084,484.5950012207031,477.3500012207031,471.2166687011719,1
2023-12-29,499.9500122070313,508.2000122070313,498.0,505.2000122070313,161933,Chemicals,-0.009607717320164855,0.005073148993357091,-0.021563364806665097,0.004944026369454235,504.25,494.86000061035156,487.86333618164065,486.1025024414063,479.332001953125,472.9066691080729,0
2024-01-01,488.25,504.8999938964844,486.0499877929688,499.9500122070313,114011,Chemicals,-0.023402364079123772,-0.010391923739401121,-0.006493542367729366,-0.023996008447853767,499.3,496.1800018310547,488.4500020345052,486.3725021362305,480.87800170898436,474.4583353678385,0
2024-01-02,502.8500061035156,504.4500122070313,481.5,493.0,150082,Chemicals,0.02990272627448154,-0.013901414216094254,-0.0008912293422315143,-0.009361151953997893,499.2900024414063,498.4550018310547,490.03333536783856,487.46250305175784,483.2080017089844,476.6716684977213,1
2024-01-03,510.0499877929688,515.0499877929688,499.25,503.0,1152596,Chemicals,0.014318348617004872,0.020283975659229236,0.0210129355326234,0.03686396677050885,501.17999877929685,501.2950012207031,492.43666788736977,488.8925018310547,485.6960009765625,479.39500122070314,1
2024-01-04,517.0,522.0499877929688,510.7999877929688,512.5499877929688,879732,Chemicals,0.01362613934587964,0.018986059230554186,0.013590913825657136,0.023134677602341114,503.6200012207031,505.0,495.72333374023435,490.5750015258789,488.40000122070313,481.72833455403645,1
2024-01-05,518.6500244140625,522.6500244140625,510.0,520.2999877929688,144201,Chemicals,0.0031915365842600796,0.015120476411230266,0.001149385375202261,-0.0015661468521668276,507.36000366210936,505.8050018310547,499.02666829427085,492.7375030517578,490.3540026855469,484.0033355712891,1
2024-01-08,500.9500122070313,519.5,492.7999877929688,519.0,142815,Chemicals,-0.03412708256791763,-0.002498535121023382,-0.006027024331614617,-0.033725514131433765,509.9000061035157,504.6000030517579,500.7533365885417,493.8125030517578,491.0780029296875,485.7150024414062,0
2024-01-09,507.25,508.6000061035156,495.3999938964844,497.1499938964844,154665,Chemicals,0.01257608072552574,-0.042100204438373034,-0.020981701436928568,0.005275986542044864,510.7800048828126,505.0350036621095,502.56333618164064,495.22000274658205,492.1260034179688,487.80333557128904,1
2024-01-10,493.5,510.4500122070313,491.0,504.0499877929688,76720,Chemicals,-0.027106949236076927,0.013879098825698044,0.003637448056064585,-0.008881699537129473,507.4700073242187,504.3250030517579,503.35333658854165,496.195002746582,492.6080029296875,489.3250020345052,0
2024-01-11,497.3500061035156,500.0,488.25,495.0499877929688,181290,Chemicals,0.007801430807529153,-0.017855371923343077,-0.02047215585684603,-0.005600814663951126,503.5400085449219,503.5800048828126,504.5133361816406,497.67750244140626,493.1680029296875,490.9233357747396,1
2024-01-12,499.7999877929688,505.8500061035156,491.3999938964844,500.0,85244,Chemicals,0.004926071497711515,0.00999901490574584,0.011700012207031207,0.006451600402425761,499.77000122070314,503.56500244140636,503.7933349609375,499.2125015258789,494.14400268554687,491.9233357747396,1
2024-01-15,499.7999877929688,499.7999877929688,499.7999877929688,499.7999877929688,0,Chemicals,0.0,-0.0004000244140623943,-0.011960103266873912,0.017094004885669367,499.5399963378906,504.72000122070324,502.9133341471354,500.4500015258789,494.9580017089844,492.48833516438805,0
2024-01-16,492.5499877929688,502.0,489.1499938964844,496.9500122070313,72296,Chemicals,-0.014505802675215618,-0.005702232203971258,0.00440178523562218,-0.021308511717883394,496.59999389648436,503.6899993896485,502.22333374023435,501.07250061035154,495.4960009765625,492.8716684977214,0
2024-01-17,492.0499877929688,496.9500122070313,487.2999877929688,492.0,62446,Chemicals,-0.0010151253931411919,-0.009960784959130109,-0.010059736639379868,-0.0037820834643761403,496.3099914550782,501.88999938964855,501.65333251953126,501.5925003051758,496.21800048828123,493.2250010172526,0
2024-01-18,487.0499877929688,491.7000122070313,467.0,486.5,84606,Chemicals,-0.010161569198338771,-0.011178861788617933,-0.010564442843423949,-0.041658092143423864,494.24998779296885,498.89499816894534,500.4699991861979,501.94749908447267,496.99199951171875,493.34833374023435,0
2024-01-19,489.0499877929688,495.6499938964844,486.1000061035156,487.0499877929688,64031,Chemicals,0.004106354686636671,0.0011304990605731646,0.008033316232235466,0.04089937067133964,492.0999877929688,495.93499450683595,499.7433308919271,500.8699981689453,497.78999877929687,493.80333353678384,1
2024-01-23,465.1499938964844,496.1000061035156,460.0,490.8999938964844,75500,Chemicals,-0.04887024740424306,0.007904745303375593,0.0009079233583633162,-0.0536926677140539,485.16998901367185,492.35499267578126,498.203330485026,498.47749786376954,497.3939990234375,493.3266662597656,0
2024-01-24,473.1000061035156,476.0,459.5,465.25,66726,Chemicals,0.017091287351065576,-0.05225095582684636,-0.04051603679948668,-0.0010869565217391797,481.2799926757813,488.9399932861328,496.2199971516927,496.9874984741211,497.1139990234375,493.1266662597656,1
2024-01-25,472.8500061035156,480.0,465.5,472.0,45581,Chemicals,-0.0005284295006863227,0.014508328855454167,0.008403361344537785,0.013057671381936808,477.43999633789065,486.8749938964844,493.73999837239586,495.5999984741211,496.7619995117187,493.0883331298828,0
2024-01-29,473.3999938964844,476.3500061035156,466.3500061035156,472.8500061035156,70410,Chemicals,0.001163133733466326,0.0018008603888042263,-0.007604153951009107,0.0018260066670583441,474.7099975585937,484.47999267578126,490.8333312988281,494.0299987792969,496.4999987792969,493.27833251953126,1
2024-01-30,472.3500061035156,478.4500122070313,465.1000061035156,475.0,91502,Chemicals,-0.0022179717078710803,0.004546883512176025,0.004408535901350152,-0.00268039022974198,471.3700012207031,481.73499450683596,487.7466634114583,492.6499984741211,494.9699987792969,493.3866658528646,0
2024-01-31,493.2999877929688,495.0,472.6000061035156,474.0,135065,Chemicals,0.04435266522440129,-0.002105263157894721,0.03459083994297685,0.01612556418313771,477.0,481.0849945068359,487.2366617838542,492.90249786376955,494.18199829101565,493.9949991861979,1
2024-02-01,480.4500122070313,502.0,478.0,502.0,72161,Chemicals,-0.026049008522032402,0.05907172995780585,0.014141414141414232,0.011426140132765106,478.4700012207031,479.8749969482422,485.44999593098964,491.7824981689453,493.2839990234375,494.0066660563151,0
2024-02-02,475.2000122070313,487.3999938964844,472.5,480.7000122070313,46494,Chemicals,-0.010927255420149162,-0.04243025456766669,-0.029083677497043103,-0.011506276150627603,478.94000244140625,478.18999938964845,484.2299967447917,490.0399993896484,492.26799926757815,493.7916666666667,0
2024-02-05,474.5,485.0,466.0499877929688,472.5,87480,Chemicals,-0.0014730896234201873,-0.017058481378818158,-0.004924074531264977,-0.013650819485780286,479.1600036621094,476.93500061035155,482.70666300455736,487.9149993896484,491.0559997558594,493.60999959309896,0
2024-02-06,483.2000122070313,495.5,474.25,476.6000061035156,265509,Chemicals,0.018335115294059623,0.008677261594742136,0.021649484536082397,0.017594705335930216,481.3300048828125,476.3500030517578,481.5999979654949,486.1424987792969,490.38599975585936,492.69666646321616,1
2024-02-07,484.3999938964844,488.1499938964844,479.0,485.2999877929688,70232,Chemicals,0.002483405751527501,0.01825426264800245,-0.014833513831514877,0.010015814443858684,479.5500061035156,478.27500305175784,480.57333170572923,485.3149978637695,490.23199951171875,491.7433329264323,1
2024-02-08,472.5499877929688,486.6000061035156,470.8500061035156,484.3999938964844,140090,Chemicals,-0.024463266417893315,-0.001854510445337909,-0.003175228541122177,-0.017014601036501875,477.9700012207031,478.2200012207031,479.2399983723959,483.57999725341796,489.0199987792969,490.7316660563151,0
2024-02-09,469.3999938964844,481.4500122070313,464.3500061035156,476.75,132164,Chemicals,-0.006665948530009236,-0.015792720877117028,-0.010583628918797716,-0.013804820889332214,476.80999755859375,477.875,477.7299987792969,482.3749969482422,487.3939990234375,489.69166564941406,0
2024-02-12,457.5,480.9500122070313,452.0499877929688,472.2999877929688,79841,Chemicals,-0.025351499896075103,-0.009334058116478694,-0.00103852941597804,-0.02648867911892483,473.4099975585938,476.2850006103516,475.759999593099,480.3824966430664,485.0139990234375,488.11499938964846,0
2024-02-13,446.2000122070313,447.7999877929688,413.4500122070313,430.25,472822,Chemicals,-0.024699426869876917,-0.0890323711196056,-0.06892613280523763,-0.08538873272487646,466.00999755859374,473.6700012207031,472.9033345540365,477.7024978637695,482.1159985351562,486.3233327229818,0
2024-02-14,453.5,457.8999938964844,445.0,446.0,100250,Chemicals,0.016360348707434857,0.03660662405578141,0.022554726169812023,0.07630907452282365,459.8299987792969,469.69000244140625,472.12666829427087,475.3874984741211,480.217998046875,485.1649993896484,1
2024-02-15,451.2999877929688,454.7999877929688,444.0499877929688,450.0,320542,Chemicals,-0.004851184580002665,0.008968609865470878,-0.006770050545614081,-0.002134858892204883,455.5799987792969,466.775,470.67333374023445,473.3249984741211,477.97999755859377,483.44666544596356,0
2024-02-16,450.75,454.2000122070313,444.0,450.0,289769,Chemicals,-0.0012186745132842791,0.0,-0.001319207568252212,-0.00011257244531692745,451.85,464.3299987792969,469.20000000000005,471.25999908447267,476.26999755859373,481.4699991861979,0
2024-02-19,451.1000061035156,459.8500061035156,445.0,445.0,109060,Chemicals,0.0007764971791806019,-0.011111111111111072,0.012439440212760111,0.0022522522522523403,450.57000122070315,461.98999938964846,467.71333414713547,469.4625,474.41999755859376,479.27333272298176,1
2024-02-20,455.0499877929688,463.8999938964844,420.0,451.0,205549,Chemicals,0.008756332600329708,0.01348314606741563,0.008807193082992049,-0.0561797752808989,452.3399963378906,459.1749969482422,466.559999593099,467.7625,472.62999755859374,477.15333150227866,1
2024-02-21,474.0,495.0,460.0,462.0,622782,Chemicals,0.0416438033521116,0.024390243902439046,0.06704032445073782,0.09523809523809534,456.43999633789065,458.13499755859374,465.27333374023436,468.20500030517576,471.597998046875,476.2549977620443,1
2024-02-22,467.4500122070313,475.4500122070313,462.0,474.0,73467,Chemicals,-0.01381853964761326,0.025974025974025983,-0.03949492483428019,0.004347826086956497,459.6700012207031,457.625,464.4066670735677,467.92250061035156,470.5939990234375,474.92833150227864,0
2024-02-23,468.7000122070313,473.8999938964844,466.0499877929688,467.4500122070313,65026,Chemicals,0.0026740827197719863,-0.01381853964761326,-0.0032601078362618496,0.008766207344088395,463.26000366210945,457.55500183105477,463.97333374023435,467.7150009155274,469.6600000000001,474.1016652425131,1
2024-02-26,470.3500061035156,474.25,468.7000122070313,471.5,30374,Chemicals,0.003520362392812393,0.008664001897971785,0.0007385653260676417,0.005686137717998863,467.1100036621095,458.84000244140634,463.69666748046876,467.562501525879,468.99200073242196,473.20166524251306,1
2024-02-27,470.2999877929688,472.3500061035156,464.9500122070313,465.0,49758,Chemicals,-0.00010634274454712767,-0.01378579003181335,-0.004006312907716136,-0.008000853215987536,470.1600036621094,461.2500000000001,462.8366658528646,467.46000061035164,468.24200073242196,472.21833190917977,0
2024-02-28,469.1000061035156,474.2999877929688,464.1000061035156,474.0,67592,Chemicals,-0.0025515239647028176,0.019354838709677358,0.0041282558785991075,-0.0018281666441535283,469.1800048828125,462.81000061035166,461.81666666666666,466.250001525879,468.4000012207032,471.194999186198,0
2024-02-29,470.7999877929688,474.0,467.6000061035156,467.9500122070313,74566,Chemicals,0.003623921695447674,-0.012763687326938222,-0.0006324853482807535,0.0075414780305331774,469.85,464.76000061035165,461.7,465.7675003051759,468.3080004882813,470.469999186198,1
2024-03-01,491.9500122070313,522.2000122070312,464.0,466.2000122070313,360346,Chemicals,0.04492358743085423,-0.0037397156840456303,0.10168778946631063,-0.007698900890772631,474.5,468.88000183105476,463.2033345540365,466.60500030517585,469.07200073242194,470.46666666666675,1
2024-03-04,463.4500122070313,496.2000122070313,459.2000122070313,488.7000122070313,297631,Chemicals,-0.05793271530198907,0.048262546998836475,-0.04978935157453035,-0.010344801277949789,473.1200012207032,470.1150024414063,463.6000020345052,466.05250091552745,468.6740014648438,469.68000081380217,0
2024-03-05,455.75,461.7999877929688,453.5499877929688,460.8999938964844,95125,Chemicals,-0.016614547425217396,-0.056885650943609645,-0.06932693181738503,-0.012304059808071588,470.21000366210944,470.18500366210947,464.2366678873698,464.6800003051759,468.0100012207032,468.5700012207032,0
2024-03-06,448.7000122070313,456.9500122070313,444.1000061035156,456.0,64434,Chemicals,-0.015468980346612593,-0.010631360298053893,-0.010502329393979548,-0.020835590218926003,466.1300048828126,467.6550048828126,463.9166687011719,462.8950012207032,466.2260021972657,468.0216684977214,0
2024-03-07,452.1000061035156,454.6000061035156,447.0499877929688,453.7000122070313,76144,Chemicals,0.0075774321461696825,-0.0050438328793173115,-0.005142807836168606,0.006642606730263401,462.3900085449219,466.12000427246096,463.9700032552083,461.87250213623054,465.0920019531251,467.3216684977214,1
2024-03-11,439.7000122070313,454.9500122070313,431.2999877929688,452.1000061035156,89312,Chemicals,-0.027427546403627212,-0.003526572758357327,0.0007699210268730106,-0.03523095946776744,451.94000854492185,463.2200042724609,463.23333740234375,460.3875030517579,463.67200195312506,466.21666870117195,0
2024-03-12,439.5,443.2000122070313,426.4500122070313,441.8999938964844,85823,Chemicals,-0.00045488333290544247,-0.02256140692175923,-0.02582701326459791,-0.011245016747520875,447.15000610351564,460.1350036621094,462.4600036621094,459.4875030517579,462.2720019531251,465.08666890462246,0
2024-03-13,432.3999938964844,439.5,422.8999938964844,439.5,163676,Chemicals,-0.016154735161582723,-0.005431079270498018,-0.008348402764264629,-0.008324582504229072,442.4800048828125,456.3450042724609,460.9500040690104,458.79750213623055,460.2400012207032,463.75500183105476,0
2024-03-14,441.7000122070313,444.75,429.3999938964844,436.3500061035156,75956,Chemicals,0.02150790573964101,-0.007167221607472962,0.011945392491467643,0.015370064066709377,441.0800048828125,453.6050048828125,458.7966715494792,458.2075027465821,458.5320019531251,462.03500264485683,1
2024-03-15,433.1499938964844,443.8999938964844,427.3500061035156,440.0,130146,Chemicals,-0.019357070577891267,0.008364830630066544,-0.0019111997830593142,-0.0047740750398401754,437.2900024414063,449.8400054931641,456.5100036621094,457.3000030517579,456.9560021972657,460.45833536783863,0
2024-03-18,424.5,440.0,422.0499877929688,432.0,57150,Chemicals,-0.01996997349271945,-0.018181818181818188,-0.008785748930183246,-0.012402055071605633,434.25,443.0950042724609,453.56333618164064,455.9875030517579,455.16000244140633,458.7683349609376,0
2024-03-19,429.7999877929688,434.5,416.75,422.0,97447,Chemicals,0.012485248039973529,-0.02314814814814814,-0.012499999999999956,-0.012557725260659569,432.30999755859375,439.73000183105466,450.8600016276042,454.92250213623055,454.05200195312506,457.2783345540365,1
2024-03-20,423.2000122070313,442.7999877929688,422.0,433.0,256803,Chemicals,-0.01535592315818457,0.026066350710900466,0.01910238847633794,0.012597480503899305,430.4700012207031,436.4750030517578,447.7200032552084,453.3300033569337,453.1320019531251,455.2783345540365,0
2024-03-21,436.8500061035156,441.7999877929688,426.25,427.0,77705,Chemicals,0.03225423795547222,-0.01385681293302543,-0.0022583559791504726,0.01007109004739326,429.5,435.2900024414063,445.5700032552084,451.4725036621095,452.4660021972657,453.69333496093753,1
2024-03-22,443.2999877929688,456.7999877929688,435.0,435.0,730121,Chemicals,0.014764751286107991,0.0187353629976581,0.03395201542429449,0.02052785923753664,431.5299987792969,434.4100006103516,443.73666992187503,450.26500244140624,452.1460021972657,452.71833496093757,1
2024-03-26,438.0,447.25,434.1000061035156,443.2999877929688,96036,Chemicals,-0.011955758941829764,0.019080431707974244,-0.020906278564300385,-0.0020689514861709224,434.22999877929686,434.23999938964846,440.1400024414063,448.73000183105466,451.6360021972657,451.67166849772144,0
2024-03-27,447.75,451.0,437.3500061035156,438.8999938964844,134667,Chemicals,0.022260273972602773,-0.009925544817608545,0.008384572386808342,0.00748675409883548,437.82000122070315,435.06499938964845,439.09333496093757,447.6000015258789,451.50200195312505,451.3466684977214,1
2024-03-28,450.0,454.1499938964844,440.0,454.1499938964844,120378,Chemicals,0.005025125628140614,0.034745956281778234,0.006984465402404272,0.006059206263866246,443.17999877929685,436.825,438.71000162760424,446.58500213623046,451.3000024414063,451.47333475748707,1
2024-04-01,460.25,464.3500061035156,450.6000061035156,456.8999938964844,70160,Chemicals,0.022777777777777786,0.006055268164611771,0.0224595669803227,0.024090922962535455,447.85999755859376,438.67999877929685,439.4800008138021,446.1425018310547,450.7500024414063,451.69833475748703,1
2024-04-02,459.8500061035156,467.1499938964844,453.5,467.1499938964844,119519,Chemicals,-0.0008690796229969822,0.02243379325218875,0.0060299079491010765,0.006435849660903381,451.1700012207031,441.35,439.99666748046883,445.59500274658205,450.4460021972656,451.9833353678386,0
2024-04-03,461.0499877929688,470.3500061035156,453.6000061035156,460.0,587717,Chemicals,0.002609506738123324,-0.015305563501877617,0.006850074384760374,0.00022052062517219362,455.7799987792969,445.0049987792969,441.41999918619797,444.0500015258789,450.14000122070314,452.3266682942709,1
2024-04-04,471.1499938964844,488.8999938964844,462.1000061035156,464.6000061035156,310197,Chemicals,0.02190653154957012,0.010000013268512298,0.03943868938504114,0.01873897682016401,460.4599975585937,449.13999938964844,443.52999877929693,444.43500061035155,450.17200073242185,452.99500122070316,1
2024-04-05,485.6499938964844,490.0,470.1000061035156,471.2999877929688,87628,Chemicals,0.03077576183347208,0.014420967717250432,0.0022499613770674554,0.01731226984274903,467.5899963378906,455.38499755859374,447.07999877929694,445.9300003051758,450.7860009765625,454.0150014241537,1
2024-04-08,482.5499877929688,490.5,478.4500122070313,490.5,58928,Chemicals,-0.006383210424123487,0.04073841015133928,0.0010204081632652073,0.017762191012771433,472.04999389648435,459.9549957275391,449.80333048502604,447.6224990844727,451.3240002441406,454.30000101725267,0
2024-04-09,484.6499938964844,489.8999938964844,480.2000122070313,480.2000122070313,144954,Chemicals,0.004351893392683159,-0.02099895574509414,-0.0012232540336709619,0.0036576443836366934,477.00999145507814,464.0899963378906,453.2366638183594,449.24999847412107,451.87800048828126,454.8733337402344,1
2024-04-10,489.8999938964844,492.8999938964844,476.9500122070313,489.5,94269,Chemicals,0.010832559715499235,0.0193669045326037,0.006123698790316601,-0.006768013155732278,482.7799926757813,469.2799957275391,457.59666341145834,451.75999755859374,451.7959997558594,455.5799997965495,1
2024-04-12,490.6000061035156,499.8999938964844,464.0,499.8999938964844,86445,Chemicals,0.0014288879684680733,0.0212461570918987,0.014201663799310316,-0.02715171794860982,486.6699951171875,473.56499633789065,461.6499979654948,454.3149978637695,452.88199951171873,456.2549997965495,1
2024-04-15,478.0499877929688,489.0,467.7999877929688,485.0,86234,Chemicals,-0.025580958325342573,-0.02980594934668024,-0.021804348928920914,0.008189628864156973,485.1499938964844,476.3699951171875,465.30666300455727,456.5974975585938,453.7739990234375,456.5133331298828,0
2024-04-16,477.75,487.0,469.3500061035156,477.0,69628,Chemicals,-0.0006275239004894795,-0.016494845360824795,-0.004089979550102263,0.0033134210153780153,484.18999633789065,478.1199951171875,468.0333292643229,458.3999969482422,454.9359985351563,456.8016662597656,0
2024-04-18,477.0499877929688,483.5,475.0499877929688,483.3500061035156,28555,Chemicals,-0.0014652270162871517,0.01331238176837668,-0.007186858316221789,0.012144415926983232,482.6699951171875,479.8399932861328,470.2833292643229,460.5949966430664,455.9339978027344,457.00999959309894,0
2024-04-19,479.6000061035156,486.5,460.0,476.9500122070313,44167,Chemicals,0.005345390159937402,-0.013240909932074496,0.006204756980351611,-0.031680850815067774,480.60999755859376,481.6949951171875,473.05666300455727,463.34999694824216,457.5299975585938,456.59833272298175,1
2024-04-22,491.8500061035156,498.5499877929688,482.0499877929688,483.5,92343,Chemicals,0.025542118106971046,0.01373306976691202,0.02476873133189894,0.047934756071671414,480.85999755859376,483.76499633789064,475.9966634114583,466.4524978637695,459.6239978027344,457.5449991861979,1
2024-04-23,488.5499877929688,498.8500061035156,484.0,497.0,49149,Chemicals,-0.006709399755201573,0.02792140641158225,0.0006017818030144007,0.004045248950133029,482.9599975585937,484.05499572753905,478.56666259765626,469.7199966430664,461.86999755859375,458.6383321126302,0
2024-04-24,493.7999877929688,497.0,489.9500122070313,489.9500122070313,30954,Chemicals,0.010746085623125179,-0.014185086102552757,-0.00370854180791913,0.012293413650891205,486.16999511718757,485.17999572753916,480.80332845052084,472.56749572753904,463.95399658203127,460.14166463216145,1
2024-04-25,500.8500061035156,503.0,486.3999938964844,486.3999938964844,100976,Chemicals,0.014277072670772606,-0.007245674501681343,0.012072434607645954,-0.007245674501681343,490.92999877929685,486.79999694824227,483.5366617838542,475.4449966430664,466.6619970703125,461.76666463216145,1
2024-04-26,496.5,505.8500061035156,494.1499938964844,505.8500061035156,75316,Chemicals,-0.008685247180802769,0.03998769007215608,0.005666016110368988,0.015933388357832312,494.30999755859375,487.45999755859384,485.8999959309896,478.36999664306643,469.5419970703125,463.6599975585938,0
2024-04-29,483.5,501.0,481.1499938964844,496.5,73070,Chemicals,-0.02618328298086603,-0.018483752082039673,-0.00958783442719413,-0.02630780159985846,492.63999633789064,486.74999694824226,486.72332967122395,480.1574966430664,471.68999755859375,465.1266642252604,0
2024-04-30,499.5,527.0,481.1499938964844,484.0,685907,Chemicals,0.033092037228541926,-0.025176233635448186,0.05189620758483038,0.0,494.8299987792969,488.8949981689454,487.64666341145835,482.6324966430664,474.7419970703125,467.3633310953776,1
2024-05-02,485.0,499.4500122070313,482.2000122070313,493.8999938964844,139364,Chemicals,-0.02902902902902904,0.020454532843976025,-0.052277016684950106,0.0021823097243409695,493.07000122070315,489.6199981689454,487.80999755859375,483.86999664306643,476.6679968261719,468.8066640218099,0
2024-05-03,479.3999938964844,489.8999938964844,476.2000122070313,484.6000061035156,159214,Chemicals,-0.0115464043371456,-0.01882969813301505,-0.01912106933053448,-0.01244296940710965,488.7799987792969,489.854998779297,487.4599975585937,484.84749603271484,478.1119970703125,470.34833068847655,0
2024-05-06,467.0499877929688,483.5,460.0,479.0,81789,Chemicals,-0.02576138143669282,-0.011555934859644679,-0.01306387829397826,-0.03401934437580034,482.88999633789064,488.5999969482423,485.93666381835936,485.14749603271486,479.27399658203126,471.76666361490885,0
2024-05-07,458.0,470.25,454.2000122070313,469.3500061035156,78041,Chemicals,-0.019376914740399154,-0.02014612504485258,-0.027404343329886283,-0.012608669115149351,477.7899963378906,485.21499633789074,483.763330078125,484.4899963378906,479.6839965820312,472.7066640218099,0
2024-05-08,483.0499877929688,492.7999877929688,455.2000122070313,461.0499877929688,354162,Chemicals,0.05469429649119828,-0.017684069889446707,0.04795319041567003,0.002201673212514521,474.4999938964844,484.6649963378906,484.09666341145834,484.35999603271483,481.00599609375,474.7016632080078,1
2024-05-09,457.4500122070313,487.1000061035156,454.0,483.0499877929688,86170,Chemicals,-0.05299653500231416,0.047717168598817805,-0.011566521571927946,-0.002636230612589552,468.9899963378906,481.0299987792969,482.7433308919271,483.104997253418,480.89399658203126,475.388330078125,0
2024-05-10,456.6000061035156,467.4500122070313,454.75,455.8999938964844,86409,Chemicals,-0.00185813986410166,-0.05620535054877318,-0.04034077940928704,0.0016519823788545551,464.42999877929685,476.60499877929686,481.3799987792969,481.7024978637695,480.76399658203127,475.8316640218099,0
2024-05-13,466.4500122070313,472.0,454.5,462.0,63418,Chemicals,0.021572505413595122,0.013380140787851547,0.009733634985880535,-0.0005497526113249496,464.31000366210947,473.6,480.5033325195312,480.5299987792969,480.97999755859377,476.7799977620443,1
2024-05-14,471.3500061035156,475.0,461.0,468.7999877929688,44379,Chemicals,0.010504863904493789,0.014718588296469326,0.006355932203389925,0.014301430143014215,466.9800048828126,472.38500061035154,479.1366658528646,479.5674987792969,480.987998046875,477.56666463216146,1
2024-05-15,476.4500122070313,481.2999877929688,469.0,469.0,47165,Chemicals,0.010819997957941307,0.00042664721040797104,0.013263132195723726,0.017353579175704903,465.660009765625,470.0800018310547,478.3300008138021,479.4875,480.61999877929685,478.4483317057292,1
2024-05-16,485.0,492.0499877929688,475.0,480.0,68800,Chemicals,0.01794519377460624,0.023454157782516027,0.022335342349154796,0.01279317697228155,471.1700073242188,470.0800018310547,477.7433349609375,479.85,480.71799926757814,479.27333170572916,1
2024-05-17,490.7999877929688,496.2999877929688,485.6000061035156,487.3500061035156,102886,Chemicals,0.011958737717461476,0.015312512715657478,0.008637333818587889,0.02231580232319086,478.0100036621094,471.2200012207031,477.0733337402344,480.5375,480.9639990234375,480.30499776204425,1
2024-05-21,481.25,492.1499938964844,476.7000122070313,488.0,120129,Chemicals,-0.01945800332211345,0.0013337311754262338,-0.00836186580406606,-0.018327829045758137,480.9700012207031,472.64000244140624,476.0566670735677,480.61999969482423,480.6179992675781,480.97833150227865,0
2024-05-22,484.0499877929688,489.2000122070313,470.6000061035156,482.0,86462,Chemicals,0.005818156452922274,-0.012295081967213073,-0.0059940703566757625,-0.012796320426495922,483.50999755859374,475.2450012207031,476.0933329264323,480.22999877929686,480.35599853515623,481.4083312988281,1
2024-05-23,484.1499938964844,499.0,482.5499877929688,486.0,100856,Chemicals,0.00020660284275919594,0.008298755186721962,0.02003268100660094,0.025393075933842324,485.04999389648435,475.35500183105466,475.0699991861979,480.00999908447267,480.59999877929687,481.35833129882815,1
2024-05-24,475.0,489.3999938964844,473.1000061035156,480.25,392602,Chemicals,-0.018899089149716497,-0.011831275720164625,-0.019238489185402052,-0.019583425403603028,483.04999389648435,477.11000061035156,474.40333251953126,479.0699996948242,480.48999877929685,481.1066650390625,0
2024-05-27,468.2999877929688,498.0,465.0,476.75,876375,Chemicals,-0.01410528885690776,-0.007287870900572591,0.017572550491969707,-0.017121128723349255,478.54999389648435,478.2799987792969,473.66333211263026,477.4424987792969,480.1399987792969,480.56166483561196,0
2024-05-28,477.0499877929688,482.8999938964844,468.0,469.9500122070313,124149,Chemicals,0.018684604373443436,-0.014263215087506387,-0.030321297396617708,0.006451612903225712,477.7099914550781,479.3399963378906,474.32999877929694,476.4699981689453,480.037998046875,480.1333312988281,1
2024-05-29,480.2999877929688,487.9500122070313,473.0,476.0,101502,Chemicals,0.006812703245284268,0.012873683659579083,0.010457689737783493,0.010683760683760646,476.9599914550781,480.23499450683596,475.8166646321615,476.30999755859375,479.5759973144531,479.7899973551432,1
2024-05-30,473.1000061035156,489.6000061035156,470.1000061035156,483.25,76608,Chemicals,-0.01499059311356199,0.015231092436974736,0.003381481412453091,-0.006131065320262974,474.7499938964844,479.8999938964844,475.1533325195313,474.98999786376953,478.957998046875,479.6249979654948,0
2024-05-31,469.9500122070313,479.8500061035156,468.0,479.8500061035156,65055,Chemicals,-0.006658198807537263,-0.0070356831794813335,-0.019914215438017302,-0.004467147577643771,473.7399963378906,478.3949951171875,475.98666585286463,474.2374984741211,478.0039990234375,479.36499837239586,0
2024-06-03,489.8500061035156,495.0,472.0,472.0,139405,Chemicals,0.04234491622423375,-0.01635929145288406,0.03157235324326768,0.008547008547008517,478.05,478.2999969482422,478.20333251953133,474.75999908447267,477.5639990234375,479.7916656494141,1
2024-06-04,465.2999877929688,495.0,441.8500061035156,492.0,136324,Chemicals,-0.05011741962775207,0.04237288135593231,0.0,-0.06387710571289062,475.7000000000001,476.7049957275391,478.12666422526047,474.67249908447263,476.31599853515627,479.31499837239585,0
2024-06-05,477.0499877929688,481.5499877929688,457.25,463.0,126300,Chemicals,0.02525252591501914,-0.058943089430894324,-0.027171741832386243,0.034853442760565345,475.05,476.00499572753904,478.50666300455737,475.62499847412107,476.057998046875,478.82166442871096,1
2024-06-06,484.3999938964844,495.0,478.0499877929688,483.0,92943,Chemicals,0.01540720321054767,0.043196544276457916,0.027930666697085993,0.04548931173968018,477.30999755859375,476.0299957275391,479.03666178385424,475.6924987792969,475.45399780273436,478.68333129882814,1
2024-06-07,491.2000122070313,494.3500061035156,479.0,491.6499938964844,88812,Chemicals,0.014038023113600806,0.017908890054832982,-0.0013131189827967349,0.0019872654142658597,481.55999755859375,477.6499969482422,479.44999593098964,477.3799987792969,475.7019982910156,478.59666544596354,1
2024-06-10,544.7999877929688,563.7000122070312,402.7999877929688,495.9500122070313,4011275,Chemicals,0.10912046875794079,0.008746096540076964,0.14028523363463652,-0.15908144510862465,492.54999389648435,485.2999969482422,483.04999593098967,481.78999786376954,478.317998046875,480.06166483561196,1
2024-06-11,538.0999755859375,548.9500122070312,528.5999755859375,544.7999877929688,408271,Chemicals,-0.012298113724586446,0.09849778079155547,-0.026166400001039425,0.31231378253573183,507.1099914550781,491.4049957275391,486.8399943033855,485.3724960327148,481.1599975585938,481.4483306884766,0
2024-06-12,529.75,536.3499755859375,525.0,532.0,208740,Chemicals,-0.015517517124666647,-0.02349483861925661,-0.022952976301859995,-0.006810396807050645,517.6499938964844,496.34999694824216,489.88666178385415,488.29249572753906,484.0299975585938,482.9899973551432,0
2024-06-13,555.8499755859375,574.4000244140625,527.4000244140625,527.4000244140625,1628263,Chemicals,0.04926847680214719,-0.008646570650258423,0.07094257585554486,0.004571475074404807,531.939990234375,504.6249938964844,494.666660563151,492.2624938964844,486.9419970703125,484.8683298746745,1
2024-06-14,621.5,633.9000244140625,562.75,562.75,6606156,Chemicals,0.11810745218592289,0.06702687514133321,0.10358634657213872,0.06702687514133321,557.9999877929688,519.7799926757813,504.43332722981773,499.0874938964844,493.5039965820313,489.4183298746745,1
2024-06-18,592.7999877929688,623.6500244140625,591.0499877929688,623.5499877929688,818620,Chemicals,-0.046178619802141996,0.10804084903237454,-0.016169742238887674,0.05028873885911822,567.5999877929687,530.0749908447266,512.7333272298177,504.1874938964844,498.9519958496094,493.198329671224,0
2024-06-19,581.0999755859375,597.4500122070312,575.75,597.4000244140625,272606,Chemicals,-0.019736863103845703,-0.041937236614281836,-0.042010761134254615,-0.025886114726269116,576.1999877929687,541.6549896240234,519.6699930826823,509.17999267578125,503.5379943847656,496.9999959309896,0
2024-06-20,581.75,610.0,555.0,588.0999755859375,678021,Chemicals,0.0011186102931892705,-0.015567540087141118,0.021005921058747656,-0.03603994789405118,586.5999877929687,552.1249908447265,526.4333272298177,514.0649932861328,507.953994140625,501.1249959309896,1
2024-06-21,561.25,587.9000244140625,555.0999755859375,583.0,187295,Chemicals,-0.035238504512247526,-0.008671953405296917,-0.03622946817366801,0.0001801361908784216,587.6799926757812,559.8099914550781,532.3099934895833,517.9199935913086,511.34599365234374,503.7316630045573,0
2024-06-24,563.5999755859375,575.7000122070312,558.0999755859375,560.9000244140625,107892,Chemicals,0.004187038905901996,-0.03790733376661659,-0.02075184844428357,0.005404431871634197,576.0999877929687,567.0499877929688,538.5533243815104,522.3499923706055,514.4899926757812,507.2699951171875,1
2024-06-25,562.2999877929688,578.0,560.0,569.4000244140625,117114,Chemicals,-0.002306578866717035,0.015154215778256486,0.003995115067223054,0.003404451706108258,569.9999877929688,568.7999877929688,543.3833231608073,527.0499923706054,517.3499926757812,510.7933278401693,0
2024-06-26,546.3499755859375,567.0,535.0,567.0,189151,Chemicals,-0.028365663441742517,-0.00421500581516876,-0.01903114186851207,-0.044642857142857095,563.0499877929688,569.6249877929688,548.7866556803385,530.5149917602539,519.9539916992187,513.4566599527994,0
2024-06-27,533.5,549.7000122070312,528.0,541.0,151057,Chemicals,-0.023519678155300427,-0.04585537918871252,-0.030511442315641513,-0.013084112149532756,553.3999877929688,569.9999877929688,552.549989827474,533.1749923706054,521.9319921875,515.5283264160156,0
2024-06-28,533.5,543.75,527.6500244140625,536.1500244140625,313074,Chemicals,0.0,-0.008964834724468629,-0.010824107831364449,-0.0006628325491240261,547.8499877929687,567.764990234375,555.8233235677084,536.1949920654297,523.9059924316406,517.4299926757812,0
2024-07-01,539.5,551.0999755859375,536.0,536.7000122070312,141015,Chemicals,0.011246485473289658,0.0010258095083923724,0.01351719647988503,0.015824836917632812,543.0299926757813,559.564990234375,559.0433227539063,539.6724914550781,526.4859924316406,519.246659342448,1
2024-07-02,546.0499877929688,550.8499755859375,538.2000122070312,545.0,932268,Chemicals,0.012140848550451722,0.015464854861540589,-0.0004536381982854776,0.004104500386252319,539.7799926757813,554.889990234375,559.1266560872396,542.4824905395508,529.5959924316406,521.0883260091146,1
2024-07-03,563.5,568.7000122070312,544.0499877929688,549.0,530101,Chemicals,0.03195680358415709,0.007339449541284404,0.032404533742797614,0.010869519608422307,543.2099975585937,553.1299926757813,560.819991048177,547.3924911499023,533.0539929199218,523.8299926757812,1
2024-07-04,562.2000122070312,570.0,553.3499755859375,570.0,252863,Chemicals,-0.002306988097548812,0.03825136612021862,0.0022858937314309546,0.01709399504022735,548.95,551.1749938964844,562.9833251953125,551.6499923706054,536.3299938964843,526.4349934895833,0
2024-07-05,550.0499877929688,568.9000244140625,548.0,564.75,171587,Chemicals,-0.021611569103965445,-0.009210526315789447,-0.001929781729714919,-0.009668339788526215,552.2599975585938,550.0549926757812,562.5966593424479,554.9324920654296,539.4079931640625,528.6316599527995,0
2024-07-08,543.9000244140625,553.9500122070312,538.2000122070312,553.9500122070312,122716,Chemicals,-0.011180735415670995,-0.0191234843611664,-0.026278803947018647,-0.01788318940322764,553.1400024414063,548.0849975585937,557.4233276367188,557.5674926757813,542.3659936523437,530.9283274332682,0
2024-07-09,542.25,551.75,536.5999755859375,542.0999755859375,98441,Chemicals,-0.003033690641658038,-0.021391888004264503,-0.0039714995190017754,-0.0029729405143125165,552.3800048828125,546.0799987792968,554.0533284505208,557.4399932861328,544.4619934082032,533.3933278401693,0
2024-07-10,543.75,549.9000244140625,528.7999877929688,544.5999755859375,125106,Chemicals,0.0027662517289073207,0.004611695466870014,-0.0033529235812188585,-0.014535945113399618,548.4300048828125,545.8200012207031,551.563330078125,557.7224945068359,547.5999938964844,535.6166615804036,1
2024-07-11,538.1500244140625,548.0,536.0,548.0,48855,Chemicals,-0.010298805675287404,0.006243159321489777,-0.0034552179118141346,0.013615757135475137,543.6200073242187,546.2850036621094,548.6566650390625,558.1424957275391,550.0439953613281,537.5449961344401,0
2024-07-12,533.2999877929688,545.0499877929688,531.0,539.0,94219,Chemicals,-0.0090124247906046,-0.01642335766423353,-0.005383233954436628,-0.009328358208955279,540.2700073242188,546.2650024414063,546.7933308919271,557.0149963378906,551.9999951171875,539.5516621907552,0
2024-07-15,531.6500244140625,535.4500122070312,523.0,533.0,103389,Chemicals,-0.003093874773435701,-0.011131725417439675,-0.01761301862386966,-0.015065913370998163,537.8200073242188,545.4800048828125,544.6633341471354,552.5224975585937,553.6179956054688,541.608329264323,0
2024-07-16,530.5,545.0,525.0499877929688,530.0,93439,Chemicals,-0.0021631230344246744,-0.0056285178236398226,0.01783544229199907,0.003919670732253744,535.4700073242187,543.9250061035157,542.5433349609375,549.4074981689453,553.04599609375,542.9633290608724,0
2024-07-18,532.3499755859375,535.0,517.0,529.9500122070312,176825,Chemicals,0.0034872301337181,-9.431659050707086e-05,-0.01834862385321101,-0.01533185026211814,533.1900024414062,540.8100036621094,541.6100016276042,546.9699981689453,552.81599609375,545.1983286539713,1
2024-07-19,503.7999877929688,532.5,500.3500061035156,532.0,207840,Chemicals,-0.05363011008227214,0.0038682663378595272,-0.004672897196261627,-0.032205017207900144,526.3199951171875,534.9700012207032,539.6300008138021,543.0724975585938,551.7779956054688,546.0899953206381,0
2024-07-22,528.8499755859375,554.9500122070312,496.0499877929688,500.2999877929688,1702978,Chemicals,0.04972208892403285,-0.05958648911096087,0.04215964733714794,-0.008594020701695015,525.4299926757812,532.85,539.319999186198,541.4524963378906,550.6979956054688,547.5716613769531,1
2024-07-23,527.0,533.9000244140625,514.8499755859375,533.9000244140625,155632,Chemicals,-0.003498110374095864,0.06715977901442183,-0.037931322335237216,0.0378993816260611,524.4999877929688,531.1599975585938,538.4866658528646,539.6224975585938,546.9179956054687,548.7649943033854,0
2024-07-24,527.0999755859375,540.7000122070312,521.9000244140625,521.9000244140625,371991,Chemicals,0.00018970699418874304,-0.022476118095648312,0.012736444056977714,0.013693404219552452,523.8199829101562,529.6449951171875,537.2233317057292,537.8624969482422,544.2899951171875,548.1749938964844,1
2024-07-25,524.4000244140625,529.75,520.5,523.0,50608,Chemicals,-0.005122275274009769,0.002107636586475392,-0.020251547919030832,-0.0026825528809550914,522.2299926757812,527.7099975585937,534.6166666666667,536.7649993896484,542.0219970703125,547.7183288574219,0
2024-07-26,525.4500122070312,532.2000122070312,522.0499877929688,524.4000244140625,282097,Chemicals,0.002002264958210098,0.0026769109255497803,0.004624846072734723,0.0029778824072406174,526.5599975585938,526.4399963378906,532.1666666666666,536.3625,539.7699975585938,547.5749959309895,1
2024-07-29,534.2999877929688,545.7999877929688,528.2000122070312,532.7000122070312,162670,Chemicals,0.016842659397352078,0.015827588494570888,0.025554256433663936,0.011780527838076482,527.65,526.5399963378907,531.1166666666667,536.4024993896485,538.6919970703125,546.8566630045573,1
2024-07-30,544.2999877929688,549.5,535.5499877929688,540.0,477766,Chemicals,0.01871607753783966,0.013703750001289094,0.006779062458379448,0.013915137099725472,531.1099975585937,527.8049926757812,531.1433308919271,536.6424987792968,537.9199975585938,544.2833292643229,1
2024-07-31,549.4000244140625,553.2000122070312,540.5,548.0,215738,Chemicals,0.009369900304009526,0.014814814814814836,0.0067334162093379835,0.009242857473362065,535.5700073242188,529.6949951171875,531.6199991861979,536.8100006103516,537.4039990234374,542.8366638183594,1
2024-08-01,550.0499877929688,556.3499755859375,535.8499755859375,556.3499755859375,513580,Chemicals,0.0011830421369192212,0.015237181726163396,0.005694076842730489,-0.008603190405296002,540.7,531.4649963378906,532.0399983723959,536.1375,537.5519995117188,541.8016642252604,1
2024-08-02,550.0499877929688,552.25,529.5,544.4000244140625,112878,Chemicals,0.0,-0.021479197800430394,-0.007369418110640624,-0.011850286227957696,545.6199951171875,536.0899963378906,532.833329264323,535.5299987792969,538.2139990234375,540.7449971516927,0
2024-08-05,545.5,548.5499877929688,525.25,525.25,231952,Chemicals,-0.008271953265966303,-0.035176384194092636,-0.006699886296118174,-0.008026440037771532,547.8599975585937,537.7549987792969,533.6466634114583,535.3024993896485,538.6939990234375,540.2199971516927,0
2024-08-06,534.7000122070312,557.4000244140625,528.6500244140625,545.5,543667,Chemicals,-0.019798327759796064,0.03855306996668251,0.01613350983143924,0.006473154524631042,545.9400024414062,538.525,533.8499959309896,534.8424987792969,538.5019995117187,539.2566650390625,0
2024-08-07,561.7999877929688,567.6500244140625,545.9500122070312,545.9500122070312,851482,Chemicals,0.05068257895502848,0.000824953633421277,0.018388947884913964,0.03272484062049075,548.4199951171875,541.9950012207031,535.9366617838542,535.8199981689453,539.1319995117187,539.2399983723958,1
2024-08-08,524.5999755859375,602.3499755859375,517.0,586.0,2966576,Chemicals,-0.06621575830425253,0.07335834215126136,0.061129128299946434,-0.05302685513276084,543.3299926757812,542.0149963378906,535.4199951171875,534.8624969482422,537.5759985351563,538.5149983723958,0
2024-08-09,518.5999755859375,541.0,516.0,529.9500122070312,979849,Chemicals,-0.011437286083169296,-0.09564844333271116,-0.10185104685404722,-0.0019342359767892114,537.039990234375,541.3299926757812,536.406660970052,533.8849945068359,535.8319970703125,538.0183308919271,0
2024-08-12,501.0,520.6500244140625,499.0499877929688,517.75,1778356,Chemicals,-0.033937478624159745,-0.023021062224761635,-0.03761548167456097,-0.032848860866339535,528.139990234375,537.9999938964844,534.5499959309896,532.2699951171875,533.8699975585937,536.9349975585938,0
2024-08-13,502.7000122070313,513.3499755859375,500.0,505.0,679468,Chemicals,0.0033932379381862443,-0.024625784645099014,-0.014021028494794474,0.0019036413791584383,521.739990234375,533.8399963378906,532.9299967447917,530.8224945068359,532.2219970703125,535.7083312988282,1
2024-08-14,495.1000061035156,502.1000061035156,488.0499877929688,502.0,434423,Chemicals,-0.015118372625751442,-0.005940594059405946,-0.021914814488071532,-0.02390002441406236,508.3999938964844,528.4099945068359,530.7966654459635,529.0524948120117,530.3359973144532,534.0099985758463,0
2024-08-16,493.9500122070313,506.5,491.2999877929688,495.1000061035156,1055863,Chemicals,-0.0023227507216873056,-0.013745007761921113,0.008763182320251195,0.006659153941785734,502.27000122070314,522.7999969482422,528.7666646321615,527.1324966430664,528.3439978027344,531.6916656494141,0
2024-08-19,496.5499877929688,505.25,491.2000122070313,494.7000122070313,774799,Chemicals,0.005263641100686334,-0.0008079052546016152,-0.0024679170779862147,-0.00020349193653879105,497.86000366210936,517.4499969482422,526.8399963378906,526.7699966430664,526.6799963378907,529.5033315022787,1
2024-08-20,498.3999938964844,500.75,495.0,496.5499877929688,229484,Chemicals,0.0037257197643651985,0.0037395907424462305,-0.008906481939633837,0.007736131308089256,497.3400024414062,512.7399963378906,524.4466634114583,525.2474975585938,525.2839965820312,527.7816650390625,1
2024-08-21,492.0,502.1000061035156,489.25,498.3999938964844,1028275,Chemicals,-0.012841079403812405,0.0037257197643651985,0.002695968254649239,-0.011616161616161635,495.2,508.4699951171875,520.9599975585937,523.4974975585938,523.6979956054688,526.0516642252604,0
2024-08-22,498.2000122070313,505.6499938964844,493.75,494.9500122070313,313147,Chemicals,0.012601650827299471,-0.006922114228937182,0.007070280322276856,0.009197751660705134,495.82000122070315,502.10999755859376,517.5466634114583,522.0524993896485,522.40599609375,524.5833312988282,1
2024-08-23,494.0,502.3999938964844,491.0,496.7000122070313,330774,Chemicals,-0.008430373553033887,0.003535710590644392,-0.006427370788548492,-0.005569620253164542,495.8299987792969,499.05,513.8099975585938,520.5324981689453,520.8719970703125,522.9249979654948,0
2024-08-26,498.2999877929688,501.1000061035156,491.0,492.0,116824,Chemicals,0.008704428730706093,-0.009462476528130814,-0.0025875553518350802,0.0,496.17999877929685,497.02000122070314,510.35999755859376,519.1749969482422,520.6519970703125,521.5966634114583,1
2024-08-27,506.1499938964844,513.9000244140625,498.0499877929688,501.3999938964844,349483,Chemicals,0.015753574745775545,0.01910567865139101,0.025543839861583706,0.014358427276922159,497.72999877929686,497.5350006103516,507.7366638183594,517.767497253418,519.7439978027344,520.6916636149089,1
2024-08-28,499.6499938964844,515.0,495.8500061035156,515.0,223607,Chemicals,-0.012842043027524674,0.02712406515569965,0.0021404466504777453,-0.004417190529814152,499.25999755859374,497.22999877929686,505.3999959309896,515.5349975585938,518.6499975585938,519.6249959309896,0
2024-08-29,492.1499938964844,501.1000061035156,488.5,501.0,188674,Chemicals,-0.015010507538510742,-0.027184466019417486,-0.026990279410649243,-0.014823043285354331,498.04999389648435,496.93499755859375,500.7566630045573,512.6724960327149,517.2519982910156,518.3466623942057,0
2024-08-30,502.2999877929688,506.3999938964844,491.0,493.0,220505,Chemicals,0.02062378141290666,-0.015968063872255467,0.010576706702082772,0.0051177072671442225,499.7099914550781,497.7699951171875,499.26999715169273,510.28499603271484,516.3679968261719,517.3449961344401,1
2024-09-02,500.2000122070313,504.8500061035156,496.75,504.5,205496,Chemicals,-0.004180719962117663,0.0233265720081135,-0.0030607974163712193,0.011710794297352445,500.0899963378906,498.13499755859374,498.0433329264323,507.792497253418,515.3579968261719,517.2249969482422,0
2024-09-03,499.6000061035156,502.6499938964844,497.5,500.25,124913,Chemicals,-0.0011995323647999712,-0.00842418235877107,-0.004357754145654424,0.0015098137896325525,498.7799987792969,498.2549987792969,497.95,505.49749755859375,513.9699975585937,516.2499979654948,0
2024-09-04,495.4500122070313,499.2999877929688,492.6000061035156,499.2999877929688,98016,Chemicals,-0.008306632997967633,-0.0018990748766241072,-0.006664689434384918,-0.0098492339627827,497.94000244140625,498.6,497.46666666666664,503.5349975585938,512.0159985351562,515.1983317057292,0
2024-09-05,502.7000122070313,508.0,491.0499877929688,493.25,142402,Chemicals,0.014633161411590656,-0.012116939597197396,0.017424419026099702,-0.0031466063567630043,500.0500061035157,499.05,497.9733337402344,500.5799987792969,510.147998046875,514.384999593099,1
2024-09-06,500.4500122070313,516.6500244140625,495.0,504.9500122070313,335453,Chemicals,-0.004475830406531545,0.023720247758806545,0.017027607114296295,0.008044012433000125,499.6800109863282,499.69500122070315,498.40666707356775,499.37250061035155,508.1639990234375,513.5866658528646,0
2024-09-09,502.3999938964844,503.9500122070313,491.25,499.9500122070313,247874,Chemicals,0.0038964564729522255,-0.009901970252750414,-0.02458146057659516,-0.007575757575757569,500.12000732421876,500.10500183105466,498.7966674804688,498.56250152587893,506.2579992675781,512.8183319091797,1
2024-09-10,501.8999938964844,510.0,497.0499877929688,502.3999938964844,536462,Chemicals,-0.0009952229420270298,0.0049004533045966525,0.012005134728488187,0.011806590927162963,500.5800048828125,499.6800018310547,499.03000081380213,498.6075012207031,504.5139990234375,511.7383321126302,0
2024-09-11,491.1499938964844,506.8999938964844,490.0499877929688,506.8999938964844,97133,Chemicals,-0.02141860954518593,0.008957006478242935,-0.006078443340226669,-0.01408309057823709,499.7200012207031,498.8300018310547,498.9733337402344,498.0300003051758,502.7719982910156,509.96666564941404,0
2024-09-12,490.6000061035156,498.8500061035156,487.4500122070313,494.1000061035156,90756,Chemicals,-0.0011197959886052322,-0.0252515051234794,-0.01588082045748196,-0.005305531375782602,497.3,498.6750030517578,498.46666666666675,497.8050003051758,499.9239990234375,508.0066650390625,0
2024-09-13,490.2999877929688,495.7000122070313,489.1000061035156,495.0,45903,Chemicals,-0.0006115334423446583,0.0018214812494776744,-0.006314511091397468,0.0033849499541780403,495.2699951171875,497.4750030517578,498.219999186198,497.6224990844727,498.55199951171875,506.01499837239584,0
2024-09-16,515.75,525.0,490.2999877929688,490.2999877929688,907321,Chemicals,0.05190702190630603,-0.009494974155618618,0.05910830557077218,0.00245344852684215,497.93999633789065,499.0300018310547,499.3833333333334,498.5824996948242,498.43800048828126,504.8716654459635,1
2024-09-17,517.1500244140625,523.7000122070312,506.5499877929688,518.4000244140625,188522,Chemicals,0.0027145407931410404,0.05731192600591917,-0.0024761672247023414,0.033142974514740686,500.99000244140626,500.7850036621094,500.11666870117193,499.52000122070314,499.08400146484377,503.9266662597656,1
2024-09-18,528.9500122070312,535.0,515.4500122070312,522.0,507344,Chemicals,0.022817339719433116,0.00694439702236993,0.021577215065065936,0.01756988377956481,508.5500061035156,504.1350036621094,502.0700032552084,501.3675018310547,500.1340014648438,503.73499959309896,1
2024-09-19,517.75,530.0,510.0,530.0,200031,Chemicals,-0.02117404659903399,0.015325670498084198,-0.009345794392523366,-0.010573308910587942,513.9800048828125,505.64000244140624,503.7766703287761,502.3450012207031,501.0400012207031,502.26666666666665,0
2024-09-20,516.7999877929688,522.5,508.5499877929688,520.3499755859375,121073,Chemicals,-0.0018348859623974478,-0.018207593234080166,-0.014150943396226467,-0.002843161190257293,519.2800048828125,507.275,504.74333699544275,503.48500061035156,501.9540002441406,502.0066670735677,0
2024-09-23,519.7000122070312,525.0,517.0499877929688,524.9500122070312,105741,Chemicals,0.005611502481738251,0.00884027450162539,0.004784688995215225,0.016714187796736946,520.0700073242188,509.0050018310547,506.04333699544276,504.5550018310547,502.88000122070315,502.0433349609375,1
2024-09-24,519.4000244140625,525.0,517.9500122070312,525.0,53576,Chemicals,-0.0005772326071241674,9.522391047966927e-05,0.0,0.0017406912973816357,520.5200073242188,510.7550048828125,507.3633382161459,505.2175033569336,503.7200024414062,502.6566691080729,0
2024-09-25,520.0499877929688,522.0,512.6500244140625,522.0,96922,Chemicals,0.001251373408462042,-0.005714285714285672,-0.005714285714285672,-0.010232624129855705,518.7400024414062,513.6450042724609,509.0033365885417,506.2375030517578,504.842001953125,503.23500162760416,1
2024-09-26,511.6000061035156,519.7999877929688,510.0,519.3499755859375,59793,Chemicals,-0.016248402822416907,-0.005076675122725138,-0.004214582772090525,-0.005169266142318718,517.5100036621094,515.745004272461,509.59666951497394,507.2100036621094,505.37800170898436,503.7850016276042,0
2024-09-27,508.9500122070313,517.2000122070312,507.0,512.0,87693,Chemicals,-0.005179815998571646,-0.014152259423224511,-0.0050018769661323015,-0.00588235294117645,515.940008544922,517.6100067138672,510.1633361816406,507.5425048828125,505.97600219726564,504.2850016276042,0
2024-09-30,514.25,518.4500122070312,508.9500122070313,509.9500122070313,58340,Chemicals,0.01041357238599061,-0.004003882408141979,0.0024168599584248884,0.003846177923138683,514.8500061035156,517.4600067138672,510.9533365885417,508.24500427246096,506.6140026855469,504.8750020345052,1
2024-10-01,517.0,529.0,509.0,514.25,275774,Chemicals,0.005347593582887722,0.008432175095669958,0.020349093537596064,9.821749046023953e-05,514.3700012207031,517.4450042724609,511.9600036621094,509.11500396728513,507.0480029296875,505.4950022379557,1
2024-10-03,500.0499877929688,518.7999877929688,497.5499877929688,508.9500122070313,154685,Chemicals,-0.03278532341785534,-0.010306247531295498,-0.019281686591741454,-0.022495112391023975,510.3700012207031,514.5550018310547,512.5533365885417,509.34500274658205,507.0640026855469,505.763335164388,0
2024-10-04,505.1499938964844,511.75,494.0499877929688,497.7999877929688,160642,Chemicals,0.010198992556774256,-0.021907896938072713,-0.013589028448054097,-0.007034469070183902,509.0799987792969,513.2950012207032,513.5233357747396,509.4675018310547,507.58400268554686,505.9950012207031,1
2024-10-07,486.6000061035156,510.5,479.6000061035156,510.5,244161,Chemicals,-0.03672174209066703,0.02551227906480591,-0.002442598925256445,-0.029248015477147282,504.60999755859376,510.27500305175784,513.276670328776,508.7750015258789,506.95600341796876,505.748334757487,0
2024-10-08,495.3500061035156,501.8500061035156,488.0,490.0499877929688,184499,Chemicals,0.01798191510531666,-0.040058789827681074,-0.016944160424063437,0.01751458254708882,500.8299987792969,507.8400024414062,511.9166707356771,508.4225021362305,506.76200317382813,505.65000203450523,1
2024-10-09,494.7999877929688,499.8999938964844,489.0,495.6499938964844,172417,Chemicals,-0.0011103629832839301,0.011427418106336962,-0.00388564747098763,0.002049180327868827,496.38999633789064,505.3799987792969,510.4266682942708,508.0675018310547,506.57000244140625,505.27166849772135,0
2024-10-10,502.4500122070313,521.4000244140625,497.75,497.75,303591,Chemicals,0.015460841961991711,0.004236873054323409,0.043008663292822824,0.017893660531697275,496.8700012207031,503.6200012207031,508.6600016276042,508.632502746582,506.8500024414063,505.36500244140626,1
2024-10-11,500.1000061035156,509.6000061035156,497.0,506.5,88411,Chemicals,-0.004677094330624465,0.017579105976895937,-0.022631411120103917,-0.0015067805123053502,495.86000366210936,502.4700012207031,507.48333536783855,509.10750274658204,506.7460021972656,505.6300028483073,0
2024-10-14,492.25,507.3500061035156,490.7000122070313,500.1000061035156,72706,Chemicals,-0.015696872640890813,-0.012635723388912834,-0.004415227576631819,-0.01267603177659693,496.99000244140626,500.8,505.84666951497394,509.2050033569336,506.4180017089844,505.2950032552083,0
2024-10-15,494.75,499.0,488.1000061035156,496.0,146654,Chemicals,0.00507872016251909,-0.008198372432467016,-0.016458078255767172,-0.00529856539400031,496.8700012207031,498.85,504.18333536783854,508.1550033569336,506.112001953125,505.11333618164065,1
2024-10-16,493.1499938964844,495.8999938964844,490.0,490.0,41726,Chemicals,-0.003233968880274163,-0.012096774193548376,-0.006212437081193678,0.0038926323964876275,496.5400024414063,496.4649993896484,502.43333333333334,506.9550018310547,505.762001953125,504.89833577473956,0
2024-10-17,489.3999938964844,495.6000061035156,485.1000061035156,495.6000061035156,48253,Chemicals,-0.007604177322137695,0.011428583884725674,-0.000604936069088513,-0.009999987543845679,493.92999877929685,495.4,500.39000040690104,504.97750091552734,505.692001953125,504.69666849772136,0
2024-10-18,478.6499938964844,487.3999938964844,473.3500061035156,486.0,162998,Chemicals,-0.021965672525680047,-0.01937047212527776,-0.01654562571841156,-0.024221809631337465,489.63999633789064,492.75,498.1933329264323,503.0225006103516,505.21400146484376,503.89500122070314,0
2024-10-21,477.1000061035156,485.75,473.5,480.0,94461,Chemicals,-0.0032382488514226537,-0.012345679012345734,-0.0033852973269318243,0.0003168773519601764,486.60999755859376,491.8,496.0699991861979,501.0375015258789,504.6860021972656,503.1166676839193,0
2024-10-22,460.3500061035156,480.75,452.3500061035156,480.75,96712,Chemicals,-0.035107943378155815,0.0015624999999999112,-0.010293360782295369,-0.04466735775392683,479.72999877929686,488.3,492.47666625976564,498.07000122070315,502.4700024414062,501.7150014241536,0
2024-10-23,449.0499877929688,463.7999877929688,446.8999938964844,456.8999938964844,105941,Chemicals,-0.024546580125396678,-0.04960999709519631,-0.035257435688052396,-0.012048219594329113,470.9099975585938,483.725,487.94666544596356,494.55249938964846,499.7460009765625,499.9533345540365,0
2024-10-24,456.9500122070313,467.3999938964844,446.1499938964844,450.8500061035156,73111,Chemicals,0.017592750537396284,-0.01324138295860744,0.007761979728905244,-0.001678227814372546,464.4200012207031,479.17500000000007,485.0733337402344,491.3975006103516,496.8660009765625,498.81333516438804,1
2024-10-25,442.8999938964844,461.8500061035156,432.3500061035156,458.0,151292,Chemicals,-0.030747385786656367,0.015858919373825442,-0.011874171727520255,-0.03093127419423569,457.27000122070314,473.45499877929694,480.9233337402344,487.9625,493.8720007324219,497.22333475748695,0
2024-10-28,440.2999877929688,447.6000061035156,438.2999877929688,443.0,120627,Chemicals,-0.005870413500441929,-0.03275109170305679,-0.030854173025183673,0.013761955835450035,449.9099975585938,468.25999755859385,477.8366658528646,484.5299987792969,490.8120007324219,495.5566680908203,0
2024-10-29,440.1499938964844,446.8999938964844,436.5,446.5,69296,Chemicals,-0.0003406629585348542,0.007900677200902928,-0.0015639235868762924,-0.004106748444216324,445.8699951171875,462.79999694824227,474.1566650390625,480.8249984741211,487.63,493.0366678873698,0
2024-10-30,459.2999877929688,463.2000122070313,441.1499938964844,441.1499938964844,84186,Chemicals,0.04350788177220366,-0.011982096536429121,0.036473525471388824,0.010652906979345733,447.9199951171875,459.4149963378907,471.7899983723958,477.9399978637695,485.22599853515624,491.10833333333335,1
2024-10-31,479.0,496.2999877929688,453.6000061035156,459.2999877929688,705030,Chemicals,0.0428913841293439,0.041142455281872437,0.07145935819004934,0.028221721362989838,452.3299926757812,458.37499694824226,470.22666422526044,476.8874984741211,483.5839990234375,489.4433329264323,1
2024-11-01,486.5,491.4500122070313,480.8500061035156,486.0,33185,Chemicals,0.01565762004175375,0.05813196803102527,-0.009772266180189115,0.06007495509993732,461.04999389648435,459.15999755859383,469.3199971516927,475.9549987792969,482.5799987792969,488.40166625976565,1
2024-11-04,475.2000122070313,488.9500122070313,463.3500061035156,488.0,148756,Chemicals,-0.023227107488116516,0.004115226337448652,-0.00508698735965607,-0.03639388536522692,468.0299987792969,458.9699981689454,468.18333129882814,475.38499908447267,481.22999877929686,487.01500040690104,0
2024-11-05,484.7000122070313,513.8499755859375,470.2999877929688,490.5,4490024,Chemicals,0.019991581978034745,0.0051229508196721785,0.050925376331441896,0.014999420735737568,476.94000244140636,461.404998779297,467.5133321126302,474.8524993896484,480.0479992675781,485.84833374023435,1
2024-11-06,484.9500122070313,490.4500122070313,472.1499938964844,472.1499938964844,451852,Chemicals,0.00051578294554111,-0.037410817744170544,-0.045538512193609604,0.003933672446383207,482.07000732421875,464.9950012207031,466.96666666666664,474.36000061035156,478.76599975585935,484.7,1
2024-11-07,485.0499877929688,488.0,477.0499877929688,486.0,231742,Chemicals,0.00020615647679345095,0.029333911431866255,-0.00499543714150652,0.01037804502769668,483.2800048828125,467.80499877929685,466.6766662597656,473.48999938964846,478.1659997558594,483.53333333333336,1
2024-11-08,489.9500122070313,498.0,478.9500122070313,483.3999938964844,235056,Chemicals,0.010102101922233153,-0.005349806797357304,0.020491803278688492,0.003982862305170087,483.9700073242187,472.51000061035154,467.4300008138021,472.98249969482424,477.55800048828127,482.81166687011716,1
2024-11-11,489.3999938964844,494.7999877929688,477.0499877929688,488.2000122070313,131923,Chemicals,-0.0011226008711976432,0.009929702877850666,-0.006425727323355779,-0.003967062043295666,486.81000366210935,477.4200012207031,468.25,472.8399993896484,477.67,482.159999593099,0
2024-11-12,481.5499877929688,492.0,475.4500122070313,492.0,105424,Chemicals,-0.016040061711108167,0.007783670008097543,-0.005658827530408805,-0.003353895035905219,486.17999877929697,481.56000061035155,469.66333211263026,472.17999877929685,477.1179992675781,481.0699991861979,0
2024-11-13,474.7999877929688,486.5,468.0,480.0,185979,Chemicals,-0.014017236364051167,-0.024390243902439046,-0.011178861788617933,-0.015669391136301503,484.1499938964845,483.11000061035156,471.37999877929695,471.2624984741211,476.3179992675781,479.6633321126302,0
2024-11-14,482.2000122070313,486.5499877929688,471.0,473.0,195986,Chemicals,0.015585561508668855,-0.014583333333333282,0.00010274983138502947,0.0064102564102563875,483.5799987792969,483.4300018310547,473.0633321126303,470.9024993896484,475.5079992675781,479.0683329264323,1
2024-11-18,482.5499877929688,485.9500122070313,474.8999938964844,480.0,69439,Chemicals,0.0007257892515093456,0.014799154334038,-0.0012331221888608468,0.008280241818438228,482.09999389648436,483.0350006103516,475.70666503906256,471.09749908447264,474.8059985351563,478.31499938964845,1
2024-11-19,488.3500061035156,494.0,482.6499938964844,483.0,94188,Chemicals,0.012019518096092474,0.006250000000000089,0.016565464740721403,0.016319225309759267,481.88999633789064,484.35,478.90999959309903,471.65999908447264,474.6499987792969,478.3733327229818,1
2024-11-21,487.75,492.5,481.0,489.7000122070313,88337,Chemicals,-0.0012286394922015331,0.013871660884122727,-0.0030364372469635637,-0.0034186137311714715,483.1299987792969,484.6549987792969,482.08333333333337,473.0299987792969,474.36999877929685,478.1199991861979,0
2024-11-22,490.2999877929688,495.0499877929688,486.5499877929688,492.6499938964844,92411,Chemicals,0.005228063132688421,0.006024058844021241,0.005177640188769095,0.011538436160018373,486.229998779297,485.18999633789065,484.15000000000003,475.0924987792969,474.25599853515627,477.9699991861979,1
2024-11-25,495.3999938964844,499.3999938964844,490.0,492.4500122070313,78103,Chemicals,0.010401807527005369,-0.0004059305631395338,0.008787003758769396,0.007090766197900278,488.8699951171875,486.22499694824216,485.24333292643234,477.0149978637695,474.4959985351563,477.73499857584636,1
2024-11-26,498.4500122070313,503.0,494.0,498.0,70941,Chemicals,0.0061566781350914646,0.011270154645940833,0.007208662690255885,0.008163265306122547,492.05,487.0749969482422,486.04000040690113,479.79249877929686,475.28799926757813,477.67999877929685,1
2024-11-27,502.7000122070313,505.1000061035156,498.0,499.0,149034,Chemicals,0.008526431730198736,0.002008032128514081,0.004174962432436535,0.00809716599190291,494.9200012207031,488.4049987792969,487.87333374023444,482.9125,476.31199951171874,478.02833251953126,1
2024-11-28,499.3500061035156,511.0,493.5,502.7000122070313,228849,Chemicals,-0.0066640263023030055,0.007414854122307135,0.011680843051257606,-0.009036144578313254,497.24000244140626,490.18500061035155,488.8500000000001,485.87250061035155,477.87199951171874,478.1816660563151,0
2024-11-29,500.2000122070313,505.6499938964844,493.5,496.0,78447,Chemicals,0.0017022250788547577,-0.013328052604605789,-0.01046967926323994,0.0,499.2200073242187,492.7250030517578,489.86666666666673,487.91750183105466,479.9180004882812,478.4166666666667,1
2024-12-02,495.3999938964844,505.1000061035156,493.2999877929688,505.0,57976,Chemicals,-0.009596197907648651,0.01814516129032251,-0.0010876847614109675,-0.00040529322600035833,499.2200073242187,494.0450012207031,490.5566670735678,488.7375015258789,481.45599975585935,478.6166666666667,0
2024-12-03,507.8999938964844,512.0,491.1000061035156,495.3999938964844,224513,Chemicals,0.02523213595883078,-0.019009913076268536,0.013660649006348002,-0.0044597237865258155,501.11000366210936,496.5800018310547,491.7533325195312,489.8075012207031,484.0559997558594,479.59166666666664,1
2024-12-04,510.5499877929688,530.0,505.0,522.0499877929688,482830,Chemicals,0.005217550557845785,0.05379490154384814,0.03515625,0.028303794998435494,502.67999877929685,498.80000000000007,493.1633321126302,491.5750000000001,486.86599975585943,480.70666605631516,1
2024-12-05,506.25,514.0,503.5499877929688,514.0,55813,Chemicals,-0.008422265979394106,-0.015419955906906702,-0.030188679245283012,-0.002871311301051893,504.05999755859375,500.6500000000001,494.80999959309895,492.65249938964854,489.51000000000005,482.23666585286463,0
2024-12-06,509.75,512.8499755859375,504.9500122070313,506.8500061035156,52171,Chemicals,0.006913580246913575,-0.013910493962031811,-0.002237401583779164,0.00278030870420376,505.9699951171875,502.59500122070324,497.14000040690104,493.89249877929694,491.52800048828135,484.259999593099,1
2024-12-09,515.0,519.0,505.7999877929688,509.75,65778,Chemicals,0.010299166257969672,0.005721601778756025,0.011991858646451137,0.0016832865935034746,509.88999633789064,504.5550018310547,499.3266662597656,495.38999938964844,492.96800048828123,486.1949991861979,1
2024-12-10,513.7000122070312,517.7000122070312,508.6499938964844,515.0,60337,Chemicals,-0.0025242481416869467,0.010299166257969672,-0.0025047934353925605,0.005634650399956254,511.05,506.0800018310547,501.40333455403646,496.57749938964844,494.0560009765625,488.55499979654945,0
2024-12-11,510.6499938964844,516.4000244140625,508.1000061035156,514.0999755859375,69205,Chemicals,-0.005937353003833801,-0.0017476202214805614,-0.0025110831800576605,-0.0010812696344604245,511.07000122070315,506.875,502.89000040690104,497.63999938964844,495.4740002441406,490.9,0
2024-12-12,498.7000122070313,513.25,495.1000061035156,511.9500122070313,49431,Chemicals,-0.02340151147025271,-0.004181994711156767,-0.006099969529700711,-0.025585514355123795,509.56000366210935,506.81000061035166,503.6200012207031,498.49750061035166,496.0340002441407,492.8516672770183,0
2024-12-13,507.25,511.9500122070313,491.2000122070313,497.5499877929688,64374,Chemicals,0.017144550999969255,-0.02812779386796682,-0.002532854930284878,-0.007877184101001466,509.06000366210935,507.51499938964844,504.7500020345052,500.1200012207032,496.92599975585944,494.45000101725265,1
2024-12-16,498.1499938964844,510.0,497.0,502.6000061035156,44070,Chemicals,-0.017939883890617292,0.010149770745544018,-0.00380898947267283,0.01180779244468777,505.69000244140625,507.7899993896484,504.93333536783854,500.91750030517585,497.45000000000005,495.08833414713547,0
2024-12-17,496.8500061035156,504.1499938964844,493.0,493.0,50869,Chemicals,-0.002609631253431055,-0.019100688394218635,-0.011470600202971859,-0.008048289738430636,502.32000122070315,506.68500061035155,504.82666829427086,501.6325012207032,497.72599975585945,495.433334350586,0
2024-12-18,503.0,509.8500061035156,490.0,492.0499877929688,74924,Chemicals,0.012377968845597831,-0.001927002448339099,0.011306183231257982,-0.006085192697768749,500.7900024414063,505.9300018310547,504.84666748046874,502.36500091552745,498.2700000000001,496.3600006103516,1
2024-12-19,505.5,510.1000061035156,493.0499877929688,498.8500061035156,77031,Chemicals,0.00497017892644136,0.013819771322518548,0.0004903402902955989,0.006224464883609837,502.15,505.85500183105466,505.2566670735677,503.25250091552743,499.22800048828134,497.0533335367839,1
2024-12-20,497.1499938964844,516.3499755859375,494.0,510.2999877929688,82974,Chemicals,-0.016518310788359303,0.02295275443391942,0.012252439536637683,0.0019268070795086523,500.1299987792969,504.5950012207031,505.05333251953124,503.59500122070324,500.12200073242195,497.45999959309904,0
2024-12-23,499.5499877929688,505.0,488.5499877929688,497.1499938964844,55643,Chemicals,0.004827504628279522,-0.02576914405457409,-0.021981168049941102,-0.01103241337455707,500.4099975585938,503.05,505.3299987792969,503.80250091552745,500.8159997558594,497.94333292643233,1
2024-12-24,507.1000061035156,512.0,496.5,502.2000122070313,77324,Chemicals,0.015113639265417866,0.01015793698591172,0.013861386138613874,0.016272668929837586,502.4599975585937,502.38999938964844,505.27666625976565,504.2350006103517,501.79800048828133,498.5149993896485,1
2024-12-26,493.1000061035156,525.0,471.9500122070313,509.7999877929688,617430,Chemicals,-0.02760796653814701,0.015133364000804672,0.025390625,-0.04944609827385438,500.47999877929686,500.63500061035154,504.1133341471354,503.7550003051759,501.98800048828133,498.6383331298829,0
2024-12-27,502.2000122070313,506.4500122070313,490.1499938964844,493.1000061035156,93579,Chemicals,0.018454686657629615,-0.032757909159140786,-0.03533331008184515,0.038563367345500144,499.82000122070315,500.98500061035156,503.8433349609375,503.89750061035164,502.5660009765626,499.3266672770183,1
2024-12-30,497.6499938964844,510.7999877929688,493.0499877929688,507.75,91117,Chemicals,-0.009060171644661774,0.029709985226422653,0.008589150915370602,0.005916543777611194,499.9200012207031,500.025,503.0366678873698,503.7699996948242,502.8600012207032,500.08833414713547,0
2024-12-31,500.1499938964844,504.0,491.0,491.0,43688,Chemicals,0.005023611033179387,-0.03298867552929596,-0.01331242747743544,-0.0041577686719862506,500.0400024414063,500.225,502.0466674804687,504.0074996948242,503.0500012207032,500.6866668701172,1
2025-01-01,497.8999938964844,503.6000061035156,494.0,495.6000061035156,33799,Chemicals,-0.004498650459777265,0.009368647868667201,-0.0007936386835007969,0.006109979633401208,498.2,500.3299987792969,500.9933329264323,503.5074996948242,503.02800048828135,501.19833374023443,0
2025-01-02,501.0499877929688,505.0,495.0,498.75,44165,Chemicals,0.006326559419760347,0.006355919809707178,0.002779971960914951,0.002024291497975783,499.7899963378906,500.13499755859374,500.35333251953125,503.0324996948242,502.96199951171883,501.62166646321623,1
2025-01-03,496.8999938964844,507.9500122070313,494.7000122070313,505.0499877929688,41362,Chemicals,-0.008282594546632716,0.012631554472117834,0.005841608330755088,-0.0006060359453913255,498.72999267578126,499.2749969482422,500.23333129882815,502.56499938964845,502.8639990234376,501.9266662597657,0
2025-01-06,487.4500122070313,498.2000122070313,478.5499877929688,491.9500122070313,76577,Chemicals,-0.01901787443253966,-0.025937978225053393,-0.01919480217676628,-0.0326460966556511,496.68999633789065,498.30499877929685,498.9133321126302,501.45,502.3539990234375,501.83166707356776,0
2025-01-07,499.5,504.9500122070313,483.0,483.0,83300,Chemicals,0.024720458490522734,-0.018192930145237596,0.013548775260155965,0.00929894957798294,496.55999755859375,498.3,499.0033325195312,500.675,502.51799926757815,501.96833394368497,1
2025-01-08,491.75,501.7999877929688,487.0,495.0,34934,Chemicals,-0.015515515515515554,0.024844720496894457,-0.006238289608696879,0.008281573498964745,495.3299987792969,496.76499938964844,498.6633321126302,499.57749938964844,501.87199951171874,501.74500020345056,0
2025-01-09,485.3500061035156,518.5999755859375,482.0499877929688,492.6499938964844,218745,Chemicals,-0.013014730852027201,-0.004747487077809365,0.033479450381931786,-0.010164296113000404,492.19000244140625,495.98999938964846,497.4866658528646,498.3125,500.86400024414064,501.16666666666674,0
