Date,Close,High,Low,Open,Volume,Sector,return_ratio,pct_change_open,pct_change_high,pct_change_low,ma_5,ma_10,ma_15,ma_20,ma_25,ma_30,up_or_down
2022-01-10,2534.8330078125,2584.717681840395,2527.819422522436,2568.220972942054,101441,Chemicals,0.0,0.0,0.0,0.0,0.0,0.0,0.0,0.0,0.0,0.0,0
2022-01-11,2480.848876953125,2548.563669187381,2472.501885262021,2538.389122584972,122606,Chemicals,-0.02129691805850442,-0.011615764636836334,-0.013987606037991429,-0.021883500366974507,0.0,0.0,0.0,0.0,0.0,0.0,0
2022-01-12,2510.335205078125,2576.2224408970364,2493.2459512362425,2493.2459512362425,169715,Chemicals,0.011885580133044638,-0.01778418089924605,0.010852690103078544,0.008389909062505474,0.0,0.0,0.0,0.0,0.0,0.0,1
2022-01-13,2502.13623046875,2543.6244743217653,2487.319000521245,2518.978530075585,110780,Chemicals,-0.003266087569815168,0.010320914720259866,-0.01265339749308314,-0.0023772025828654453,0.0,0.0,0.0,0.0,0.0,0.0,0
2022-01-14,2511.619140625,2542.636442879104,2490.282234847794,2502.629925421216,81130,Chemicals,0.0037899256006830306,-0.006490172289748908,-0.00038843447711556234,0.0011913366664781933,2507.9544921875,0.0,0.0,0.0,0.0,0.0,1
2022-01-17,2504.01318359375,2556.466278273516,2492.258276694003,2504.1120616009903,109546,Chemicals,-0.003028308276611269,0.0005922314620787628,0.005439171389658881,0.0007935011616584386,2501.79052734375,0.0,0.0,0.0,0.0,0.0,0
2022-01-18,2405.231689453125,2518.632948834009,2394.464597753012,2512.804934274476,255531,Chemicals,-0.03944927078972249,0.0034714391607251205,-0.014799072360562215,-0.03923898251457103,2486.66708984375,0.0,0.0,0.0,0.0,0.0,0
2022-01-19,2384.092041015625,2405.2311903242003,2311.5370611101544,2405.2311903242003,703889,Chemicals,-0.008789027905376723,-0.042810224734510016,-0.045025123078099805,-0.034633018471301624,2461.41845703125,0.0,0.0,0.0,0.0,0.0,0
2022-01-20,2404.04638671875,2437.928504524532,2384.0925630753472,2385.574286234499,113366,Chemicals,0.00836978831346813,-0.008172563273242561,0.013594250037945121,0.031388422528837445,2441.80048828125,0.0,0.0,0.0,0.0,0.0,1
2022-01-21,2353.815673828125,2430.0255241874256,2329.317807302337,2380.6347615006894,141517,Chemicals,-0.020894236137924183,-0.002070580975957137,-0.0032416784669604404,-0.02297509611051085,2410.239794921875,2459.0971435546876,0.0,0.0,0.0,0.0,0
2022-01-24,2198.92626953125,2365.5212213441173,2169.835157540152,2359.347375795673,310010,Chemicals,-0.06580354019181578,-0.008941894846396847,-0.0265447017742243,-0.06846753554290097,2349.222412109375,2425.5064697265625,0.0,0.0,0.0,0.0,0
2022-01-25,2279.186279296875,2291.287016665457,2095.4031953555614,2123.852324096092,198069,Chemicals,0.03649963660797706,-0.09981364088879108,-0.031381753843019666,-0.03430304920903349,2324.013330078125,2405.3402099609375,0.0,0.0,0.0,0.0,1
2022-01-27,2257.405029296875,2301.1652975487978,2188.6037866140973,2257.059197457924,133024,Chemicals,-0.009556590524368858,0.06271946116523153,0.00431123679028067,0.044478595558656187,2298.675927734375,2380.0471923828127,0.0,0.0,0.0,0.0,0
2022-01-28,2252.9599609375,2328.7747924630744,2243.328760841417,2269.3083539491527,166051,Chemicals,-0.0019691053673073222,0.005427042633629142,0.01199804939857474,0.025004514093426966,2268.458642578125,2355.1295654296873,0.0,0.0,0.0,0.0,0
2022-01-31,2203.025634765625,2287.780235774911,2194.925597535342,2287.780235774911,126267,Chemicals,-0.0221638764281884,0.00813987301179786,-0.01760348695839531,-0.02157649121741756,2238.300634765625,2324.27021484375,2385.4983072916666,0.0,0.0,0.0,0
2022-02-01,2218.6826171875,2245.4522672916087,2190.1840491313337,2230.8819915221125,129904,Chemicals,0.007107035966715358,-0.024870502578463904,-0.018501763334346277,-0.0021602319501548006,2242.251904296875,2295.737158203125,2364.4216145833334,0.0,0.0,0.0,1
2022-02-02,2277.1611328125,2309.314567824996,2232.462492205292,2240.3650143015943,146599,Chemicals,0.026357314548725252,0.0042507953426131895,0.0284407294974105,0.019303602859644053,2241.846875,2282.9301025390623,2350.842431640625,0.0,0.0,0.0,1
2022-02-03,2264.270263671875,2289.7559475595044,2249.2555188062947,2276.9143481987307,77152,Chemicals,-0.005660938505789304,0.016314008504783928,-0.008469448267462654,0.007522198764653876,2243.219921875,2270.9479248046873,2334.4381022135417,0.0,0.0,0.0,0
2022-02-04,2304.52392578125,2332.331074432211,2267.036378989307,2269.999825236352,165778,Chemicals,0.017777763880578945,-0.003036795375218504,0.01859374005255221,0.007905220209240227,2253.53271484375,2260.9956787109377,2321.263948567708,0.0,0.0,0.0,1
2022-02-07,2279.680419921875,2301.264041632528,2227.5237187616003,2289.7560887314366,212532,Chemicals,-0.010780320213405026,0.008703200447615744,-0.01332016416547821,-0.017429213132134413,2268.863671875,2253.5821533203125,2305.8013671875,2356.3396484375,0.0,0.0,0
2022-02-08,2181.195068359375,2310.302480307548,2133.681055789574,2295.682765581005,378317,Chemicals,-0.04320138502829052,0.0025883441816074715,0.003927597403646121,-0.04212869303326583,2261.366162109375,2251.809033203125,2284.2801595052083,2338.657751464844,0.0,0.0,0
2022-02-09,2163.118408203125,2229.993468641956,2156.500092653401,2194.926018747476,140278,Chemicals,-0.00828750276326573,-0.04388966469765199,-0.034761254143180986,0.010694680351549968,2238.5576171875,2240.20224609375,2268.1392740885417,2322.7712280273436,0.0,0.0,0
2022-02-10,2144.744873046875,2199.8650238074224,2138.6204654436774,2171.218375540509,117975,Chemicals,-0.008494003419587504,-0.010801112659139078,-0.0135105529492342,-0.008291039388606869,2214.6525390625,2228.93623046875,2252.182796223958,2304.4917114257814,0.0,0.0,0
2022-02-11,2064.928955078125,2133.6809947072497,2034.8994671745068,2133.6809947072497,266403,Chemicals,-0.03721464448839629,-0.017288625251209333,-0.03008549542081651,-0.048499020721590624,2166.733544921875,2210.1331298828127,2229.5749674479166,2282.63134765625,0.0,0.0,0
2022-02-14,1956.5164794921875,2020.082372576228,1945.996221992748,1997.5601345656792,241124,Chemicals,-0.05250179446577419,-0.063796256553453,-0.053240677689313176,-0.04368925670082491,2102.1007568359373,2185.482214355469,2203.0883544921876,2254.8762145996093,2305.4918701171873,0.0,0
2022-02-15,1950.787109375,1998.3504423391528,1907.7183844624271,1966.839108726464,355686,Chemicals,-0.002928352598734363,-0.015379274599858106,-0.01075794261268681,-0.01967004719624965,2056.0191650390625,2158.692663574219,2186.5457438151043,2227.214910888672,2282.1300341796873,0.0,0
2022-02-16,2027.4415283203125,2048.531482108107,1975.630662431224,1975.630662431224,292567,Chemicals,0.039294097534749106,0.004469889614129308,0.025111231096291098,0.03559869135922478,2028.8837890625,2133.720703125,2169.762760416667,2208.325402832031,2263.993740234375,0.0,1
2022-02-17,2034.1092529296875,2079.746272350813,2000.4742137290368,2049.716783174499,210242,Chemicals,0.0032887383020605565,0.037499985271591374,0.015237642435733223,0.012574997832459411,2006.7566650390625,2110.7046020507814,2154.8763753255207,2190.8262634277344,2244.9447021484375,0.0,1
2022-02-18,1988.71923828125,2031.343373843636,1975.6306849931705,2002.301699240578,76113,Chemicals,-0.0223144428368649,-0.023132505096868594,-0.023273463282838414,-0.012418819780513957,1991.5147216796875,2079.124133300781,2137.2603271484377,2170.0599060058594,2224.4080224609374,0.0,0
2022-02-21,1913.1019287109373,1983.0887423077024,1896.605460697417,1975.6801272268533,122937,Chemicals,-0.03802311966150884,-0.013295484903110055,-0.023755034307482936,-0.0399999984288697,1982.8318115234374,2042.4662841796876,2117.932080078125,2148.02421875,2200.467333984375,2251.715193684896,0
2022-02-22,1839.6578369140625,1901.2480979937409,1822.519265230244,1847.214648227944,221044,Chemicals,-0.03839005684676822,-0.06502342015214213,-0.041269279870311926,-0.03906252354663686,1960.60595703125,2008.3125610351562,2092.6637613932294,2130.0607971191407,2173.8931201171877,2228.542687988281,0
2022-02-23,1850.4744873046875,1890.382129768839,1827.4583421140808,1857.0928017159308,130759,Chemicals,0.005879707722588945,0.005347593739289058,-0.005715176381434928,0.0027100272562621264,1925.212548828125,1977.0481689453125,2064.217985026042,2108.625207519531,2151.70283203125,2207.530208333333,1
2022-02-24,1725.26904296875,1800.9849972575946,1718.7988038360782,1778.0677281062876,263168,Chemicals,-0.06766126482419421,-0.04255310964353798,-0.047290508677299004,-0.059459379058841244,1863.4445068359375,1935.1005859375,2028.2845703125,2082.018408203125,2125.349912109375,2181.361336263021,0
2022-02-25,1750.1124267578125,1806.7142951732856,1739.5428506288442,1786.9579879543323,298666,Chemicals,0.014399715737270391,0.0049999556864537276,0.0031812024666586503,0.0120689208920024,1815.72314453125,1903.6189331054688,1991.3238037109375,2056.8760314941405,2099.1925537109373,2156.293876139323,1
2022-02-28,1802.367919921875,1821.531562428436,1712.032251569321,1747.1984550137174,248538,Chemicals,0.029858363591457326,-0.022249842026857425,0.008201223234207689,-0.01581484414113632,1793.5763427734375,1888.2040771484376,1959.5029703776042,2036.8431457519532,2077.1346435546875,2132.652168782552,1
2022-03-02,1962.8878173828125,2007.2407497995955,1778.067593326413,1792.8848232708,740577,Chemicals,0.08906056065838963,0.0261483566025269,0.10195222042904106,0.03857131879178177,1818.2223388671875,1889.4141479492187,1944.9491536458333,2024.0534057617188,2067.69310546875,2114.6146565755207,1
2022-03-03,1970.3458251953125,2041.6661626732264,1948.021223385354,2011.19196400185,193954,Chemicals,0.003799507922181755,0.1217630591198755,0.017150614781544338,0.0955833347938091,1842.1966064453125,1883.7045776367188,1932.0976481119792,2008.7126403808593,2055.3394873046873,2100.1184611002604,1
2022-03-04,1914.8800048828125,1969.506240513465,1888.258430143792,1936.1180343411463,156927,Chemicals,-0.028150297071328545,-0.037328077580084607,-0.03534364406827406,-0.030678717728600313,1880.118798828125,1871.7816528320313,1916.7733235677083,1991.2431274414062,2041.638486328125,2084.478059895833,0
2022-03-07,1863.31591796875,1884.751460242536,1831.8539064035065,1857.0926337819533,161127,Chemicals,-0.026928103475193033,-0.04081641674604053,-0.04303351699400182,-0.029871188625378187,1902.7594970703126,1859.2413208007813,1903.3324544270833,1969.1827270507813,2026.052724609375,2066.4537109375,0
2022-03-08,1851.8079833984373,1909.446982258993,1837.33646508108,1882.775969056204,152049,Chemicals,-0.006176051231751356,0.013829862230376078,0.01310280030942601,0.0029929017037921835,1912.647509765625,1853.1119262695313,1896.3518880208333,1947.7891052246093,2012.0040185546875,2049.7201212565105,0
2022-03-09,1886.2332763671875,1906.483489598676,1863.0196172969445,1906.483489598676,112646,Chemicals,0.01859009858331695,0.012591790490270593,-0.0015520162056613662,0.01397846975988215,1897.3166015625,1857.7694702148438,1892.0482991536458,1933.041015625,1998.706044921875,2039.297021484375,1
2022-03-10,2010.9947509765625,2022.305189700068,1924.215066812004,1924.264505817917,244841,Chemicals,0.06614318397015073,0.009326603831740554,0.06075148341608405,0.03284745310618242,1905.44638671875,1873.8214965820312,1890.9518473307292,1925.434832763672,1988.0593896484374,2030.357303873698,1
2022-03-11,2029.86181640625,2053.668264568658,1984.521184953552,1984.521184953552,123577,Chemicals,0.009381956576726802,0.03131413532466665,0.01550857656318505,0.03134063295817646,1928.4427490234375,1904.2807739257812,1890.6686848958334,1919.6906799316407,1978.6830517578126,2022.772530110677,1
2022-03-14,1994.3004150390625,2036.87523209775,1977.6557506683312,2024.972009011632,150421,Chemicals,-0.017519124247652895,0.020383165654654922,-0.008177091091406075,-0.003459491557597838,1954.6396484375,1928.6995727539063,1891.0407633463542,1916.1592529296875,1966.274111328125,2014.150545247396,0
2022-03-15,1978.0509033203125,2030.750951478527,1966.740465201624,2009.216527483728,91728,Chemicals,-0.00814797589982541,-0.00778059225401051,-0.0030067038582995975,-0.005519305097977045,1979.888232421875,1946.26787109375,1895.370694986979,1917.2359741210937,1954.2089306640626,2006.651387532552,0
2022-03-16,2040.7774658203125,2091.20549735049,2003.2899143253635,2009.2168075630125,251136,Chemicals,0.03171129842751186,1.3939726284384335e-07,0.02976955191277786,0.01858376830620223,2010.7970703125,1954.0568359375,1908.778670247396,1921.7354919433594,1948.5922265625,2000.7212158203124,1
2022-03-17,2074.3134765625,2092.1435928909027,2018.057437370562,2090.217401080548,211747,Chemicals,0.016432958175921053,0.040314511212844906,0.00044859079683989833,0.007371635497986029,2023.4608154296875,1964.4536010742188,1923.70126953125,1924.0790893554688,1945.040029296875,1993.959627278646,1
2022-03-21,2062.756103515625,2122.8153290432765,2054.656065337373,2094.168681978477,169193,Chemicals,-0.0055716617461443185,0.0018903683874635924,0.014660435477084954,0.018135572996622606,2030.0396728515625,1979.2412109375,1946.2004069010416,1925.5114318847657,1941.760478515625,1987.2424886067708,0
2022-03-22,2041.913330078125,2083.4015772900134,2034.8997442021475,2061.965789964507,93268,Chemicals,-0.010104332452090192,-0.015377410755443965,-0.018566735982176286,-0.00961539085227947,2039.562255859375,1997.1009521484375,1965.6538004557292,1928.1711364746093,1940.839853515625,1978.4888020833334,0
2022-03-23,2032.3807373046875,2073.029485530361,2025.070999844096,2058.212254597377,66823,Chemicals,-0.004668461013020986,-0.00182036743063263,-0.004978440965348607,-0.004830087765284596,2050.42822265625,2015.1582275390624,1980.98798828125,1934.135076904297,1943.874423828125,1970.245479329427,0
2022-03-24,1995.2882080078125,2060.582777165751,1983.681377887152,2025.0214253067063,100900,Chemicals,-0.01825077782722273,-0.01612604784396421,-0.006004115451076486,-0.02043860287374144,2041.33037109375,2026.063720703125,1983.1480143229167,1941.9165954589844,1945.6544677734375,1964.048583984375,0
2022-03-25,1966.197021484375,2013.5628400186413,1957.8500299832588,2009.216428348107,106743,Chemicals,-0.014579942088909337,-0.007804854191212129,-0.022818756745984103,-0.013021923879431907,2019.707080078125,2021.5839477539062,1982.871427408854,1947.7027221679687,1943.2046875,1957.4845377604167,0
2022-03-28,1936.8096923828125,1978.1004261659189,1928.215746255118,1978.1004261659189,93324,Chemicals,-0.01494627892345024,-0.015486635358526457,-0.017611774089153376,-0.0151361356969687,1994.5177978515626,2012.2787353515625,1984.333406575521,1958.2797546386719,1939.312705078125,1950.5533650716145,0
2022-03-29,1962.7396240234373,1998.1529001120127,1945.699809560856,1945.699809560856,131804,Chemicals,0.013387960491215711,-0.01637966211243569,0.010137237564303403,0.009067482899512092,1978.683056640625,2009.12265625,1990.9616536458334,1968.911114501953,1938.2735205078125,1947.1470540364583,1
2022-03-30,1989.015625,1999.930912151261,1950.9352954307008,1989.4600936695856,119398,Chemicals,0.013387410461862093,0.02249076856239518,0.0008898278200575316,0.002690798366797642,1970.0100341796874,2010.2191284179687,2000.1088297526042,1978.2434997558594,1941.310068359375,1948.2303588867187,1
2022-03-31,1968.123291015625,2023.0457993421169,1964.567179938054,1990.1515005630024,98831,Chemicals,-0.010503856139579049,0.0003475349395631877,0.011557842848677113,0.006987358596300286,1964.57705078125,2002.9537109375,2005.5681640625,1978.5052734375,1946.4486865234376,1948.808231608073,0
2022-04-01,1991.8802490234373,2015.1433491549424,1971.5312765750275,1975.334341622288,77532,Chemicals,0.012070868789705091,-0.007445241699701066,-0.003906214179503209,0.0035448503406194654,1969.7136962890625,1994.7103881835938,2004.2938639322917,1979.5819946289062,1952.1049169921876,1947.6228556315104,1
2022-04-04,2018.650146484375,2053.520077259333,2014.5506885845475,2016.1311690590903,113856,Chemicals,0.013439511473675392,0.020653125183505372,0.0190441678109321,0.02182030410608249,1986.081787109375,1990.2997924804688,2003.5464192708334,1984.7705017089843,1963.8401611328125,1947.1075520833333,1
2022-04-05,2005.9566650390625,2034.6033113604765,2000.3261655469928,2034.6033113604765,92777,Chemicals,-0.006288103695144542,0.009162172870928353,-0.009211872875430127,-0.007060891104978428,1994.7251953125,1986.7041259765624,2004.3235026041666,1991.9025390625,1974.0739306640626,1947.6821329752604,0
2022-04-06,1974.9886474609373,2009.660943034436,1967.481274721551,2002.6969169849044,117256,Chemicals,-0.015438029204644987,-0.015681874789753136,-0.012259081751598178,-0.016419767631475346,1991.9197998046875,1980.9649169921875,2004.1193522135416,1998.061572265625,1980.978759765625,1949.7450236002603,0
2022-04-07,1965.9500732421875,1998.3010261505976,1957.356127878316,1976.6185273199649,99578,Chemicals,-0.004576519581704908,-0.013021635697228251,-0.005652653460382129,-0.005146248136296938,1991.48515625,1978.031103515625,1999.130859375,2002.047412109375,1981.10125,1953.954764811198,0
2022-04-08,1966.14794921875,2003.8824522008567,1958.5416976973163,1976.6187691566645,95898,Chemicals,0.00010065157770577926,1.2234869606331245e-07,0.002793085714923871,0.0006056995975920465,1986.3386962890625,1978.0261962890625,1991.91982421875,1999.8050720214844,1980.9333349609376,1957.810546875,1
2022-04-11,1951.577392578125,1995.386978610741,1939.7729269638155,1969.209872208174,94004,Chemicals,-0.007410712223571259,-0.0037482680343320363,-0.004239506953506833,-0.009583033517012951,1972.9241455078125,1979.5029663085938,1984.50791015625,1995.890850830078,1982.40123046875,1965.354158528646,0
2022-04-12,1921.1527099609373,1951.923183040948,1902.532414239304,1949.354887179849,83162,Chemicals,-0.015589790460216024,-0.010082716580158468,-0.021782138520345495,-0.01919838771170057,1955.9633544921876,1975.3442749023438,1976.4572021484375,1992.233465576172,1984.7147021484375,1971.0555013020833,0
2022-04-13,1929.549072265625,1944.8108916341469,1907.4714235104043,1929.2033610128533,56648,Chemicals,0.004370481462068865,-0.01033753591997244,-0.0036437353009562967,0.002596018461569871,1946.875439453125,1969.3976196289063,1969.6017578125,1989.8083740234374,1987.824345703125,1975.294873046875,1
2022-04-18,1908.4591064453125,1916.3616286252104,1886.183823817558,1916.3616286252104,50486,Chemicals,-0.010929997129095703,-0.006656494927989809,-0.014628292720549108,-0.01116011460537103,1935.37724609375,1963.431201171875,1963.8131510416667,1983.1924560546875,1988.71337890625,1973.4805826822917,0
2022-04-19,1882.3316650390625,1934.1425340221624,1876.8492413902493,1926.2400109005189,43061,Chemicals,-0.013690333378384434,0.00515475895976647,0.009278470791396431,-0.004948925077947086,1918.6139892578126,1952.4763427734374,1958.2221272786458,1973.5933654785156,1983.56685546875,1970.54677734375,0
2022-04-20,1877.5899658203125,1916.1642022240903,1875.8612890136912,1890.6785187847315,93112,Chemicals,-0.002519056182721968,-0.018461610139207107,-0.009295246592134543,-0.0005263887768770514,1903.81650390625,1938.3703247070312,1954.2741455078126,1964.33505859375,1977.4759814453125,1969.3037760416667,0
2022-04-21,1886.9248046875,1901.5445198786992,1877.2442867542368,1890.678551193678,74620,Chemicals,0.004971713226593177,1.71414369365408e-08,-0.00762966051052516,0.0007372601314634686,1896.9709228515626,1926.467138671875,1949.21982421875,1956.5856323242188,1973.18095703125,1970.0907389322917,1
2022-04-22,1958.887451171875,2007.0927721623743,1867.0206155029312,1875.565122569229,221467,Chemicals,0.038137527423247164,-0.007993653185998761,0.055506590132535116,-0.0054461059348767105,1902.8385986328126,1924.8570190429687,1947.211279296875,1952.9109680175782,1972.4144189453125,1973.6600545247395,1
2022-04-25,1930.1416015625,1999.1405947448347,1921.646414343972,1931.1788558307685,105181,Chemicals,-0.01467457948754447,0.029651720749294785,-0.003962037793087236,0.02925827298716044,1907.17509765625,1921.276171875,1944.6791666666666,1949.6536376953125,1967.988984375,1975.1236653645833,0
2022-04-26,1902.7298583984373,1970.691601978018,1896.6054515277167,1946.9840338339216,76165,Chemicals,-0.014201933755467633,0.008184212433474336,-0.014230611314482222,-0.013030993958794479,1911.254736328125,1914.9343627929688,1938.7358072916666,1946.4802795410155,1961.1256396484375,1971.5148356119792,0
2022-04-27,1881.7882080078125,1906.4835913150016,1876.8491313463744,1885.7394693369629,50896,Chemicals,-0.011006108039031792,-0.031456120560145684,-0.03258146053830535,-0.010416673729071402,1912.094384765625,1907.9554443359375,1929.611678059896,1943.7292053222657,1953.886923828125,1966.5790486653646,0
2022-04-28,1874.0831298828125,1900.5071890302945,1864.0074621046049,1883.763768009264,58005,Chemicals,-0.004094551178613792,-0.001047706408984328,-0.003134777719531745,-0.006842142518166838,1909.5260498046875,1903.248486328125,1920.8201090494792,1939.2963806152343,1947.1737158203125,1962.5718058268228,0
2022-04-29,1921.6961669921875,1933.154801895522,1881.096976822671,1899.2726843189555,101891,Chemicals,0.02540604328066931,0.008232941185656761,0.017178368518503406,0.009168157888579831,1902.08779296875,1902.4631958007812,1917.2672770182292,1935.9304077148438,1942.7463330078126,1960.6933146158854,1
2022-05-02,1877.4420166015625,1909.842411533442,1871.910274208616,1909.842411533442,42881,Chemicals,-0.023028692647022897,0.0055651446481348454,-0.012059246543122959,-0.0048836943162664515,1891.5478759765624,1899.3614868164063,1911.3667399088542,1931.3963439941406,1938.0324853515624,1955.248799641927,0
2022-05-04,1846.7208251953125,1891.073759208272,1838.324394591322,1885.344381857083,50358,Chemicals,-0.01636332367902349,-0.01282725188655176,-0.009827330366017129,-0.01794203497894309,1880.3460693359375,1895.8004028320313,1903.404931640625,1924.1383728027345,1933.2534375,1947.6623779296874,0
2022-05-05,1843.5103759765625,1877.836958998765,1828.9400997297284,1857.092836884628,53674,Chemicals,-0.001738459422208849,-0.014984819348827338,-0.006999621323627525,-0.005104808971258756,1872.6905029296875,1892.3924438476563,1896.2004638671874,1915.3813842773438,1929.52146484375,1940.3541870117188,0
2022-05-06,1799.94775390625,1825.0382877704728,1775.1041738781255,1812.6411569651425,95958,Chemicals,-0.023630255971429537,-0.023936164652950565,-0.028116749420271203,-0.02943558723413553,1857.863427734375,1883.6947387695313,1888.1201334635416,1905.0809387207032,1923.0097900390624,1932.2886678059897,0
2022-05-09,1778.067626953125,1793.8726725260417,1767.201658121745,1788.933595784505,56062,Chemicals,-0.01215597891974407,-0.01307901516499288,-0.017076691186848514,-0.004451860275397679,1829.1377197265624,1865.6127563476562,1878.0213704427083,1895.2348876953124,1914.5718701171875,1923.8115641276042,0
2022-05-10,1746.0623779296875,1801.7751874476137,1742.5062668078897,1797.823926071632,51933,Chemicals,-0.01800001784987293,0.004969625651883636,0.004405281959306562,-0.013974291615424628,1802.8617919921876,1847.204833984375,1867.194921875,1884.2405029296874,1905.68943359375,1915.5040364583333,0
2022-05-11,1739.39453125,1768.189371102698,1700.030116015499,1748.383626282597,115146,Chemicals,-0.0038187906480142697,-0.027500078885403068,-0.01864040340820383,-0.02437646945752625,1781.396533203125,1830.8713012695312,1857.6657796223958,1872.90283203125,1895.5900048828125,1907.943953450521,0
2022-05-12,1701.6107177734375,1726.701252074632,1640.810754616792,1726.701252074632,202294,Chemicals,-0.021722394084687346,-0.012401382558166585,-0.023463617475651177,-0.03483430136961585,1753.0166015625,1812.8535522460938,1845.9338297526042,1860.4044982910157,1882.908427734375,1900.1039876302084,0
2022-05-13,1693.6094970703125,1747.000967477094,1689.4112816357551,1729.6647590376888,168323,Chemicals,-0.004702145220144449,0.0017162823965617413,0.011756356450238092,0.029619824761761393,1731.7489501953125,1794.8061889648438,1833.046142578125,1849.0273376464843,1870.414541015625,1891.1329833984375,0
2022-05-16,1703.2406005859375,1717.9590732736294,1687.1391623051802,1708.920538792908,33779,Chemicals,0.005686732114035253,-0.0119932028078793,-0.016623856966378803,-0.0013449178156161867,1716.783544921875,1772.9606323242188,1816.003019205729,1837.7119140625,1859.544619140625,1881.6071492513022,1
2022-05-17,1708.525390625,1719.4901167995984,1689.262991464812,1689.262991464812,45801,Chemicals,0.0031027853829015406,-0.011502903079379512,0.0008911990685851467,0.0012588346042126108,1709.2761474609374,1756.0689697265625,1801.228605143229,1827.7152282714844,1849.2476318359375,1872.9538859049478,1
2022-05-18,1688.3740234375,1718.7987858103045,1680.273985438694,1718.7987858103045,54057,Chemicals,-0.011794596262996393,0.01748442634138403,-0.00040205580860253054,-0.005321259076612739,1699.0720458984374,1740.2342895507813,1786.9382161458334,1818.0173461914062,1838.1366748046876,1862.83701171875,0
2022-05-19,1680.3726806640625,1689.164261463117,1653.6029085902096,1658.5419853781134,51663,Chemicals,-0.0047390818991320804,-0.03505750698083243,-0.017241415686255923,-0.015873052299575363,1694.8244384765626,1723.9205200195313,1773.5105143229166,1808.1564819335938,1827.288486328125,1851.5610961914062,0
2022-05-20,1689.0655517578125,1704.0802973840152,1681.2617860958926,1704.0802973840152,30742,Chemicals,0.005173180446086834,0.027456834018898757,0.00883042357762065,0.016726432544354797,1693.9156494140625,1712.8322998046874,1761.1760091145834,1798.2635192871094,1818.005,1840.9980590820312,1
2022-05-23,1682.842041015625,1708.2289653693065,1679.2859302211518,1703.9813115479333,35516,Chemicals,-0.003684588046752091,-5.808754213865175e-05,0.002434549587633894,-0.0011752220213896436,1689.8359375,1703.3097412109375,1745.2524007161458,1784.461248779297,1808.13671875,1831.2598388671875,0
2022-05-24,1677.95263671875,1706.944994305206,1663.6293135605176,1699.0424711834228,43793,Chemicals,-0.0029054445858294198,-0.002898412283655838,-0.0007516387382080492,-0.009323377501633923,1683.72138671875,1696.4987670898438,1731.9531087239584,1771.8518005371093,1798.9164599609376,1821.6599243164062,0
2022-05-25,1645.6507568359375,1696.07877325469,1636.414708424896,1696.07877325469,40607,Chemicals,-0.019250769763072162,-0.0017443342229511716,-0.006365888231178118,-0.01635857514278627,1675.1767333984376,1687.1243896484375,1718.5484375,1758.9978454589843,1789.4492236328124,1810.9766845703125,0
2022-05-26,1653.6522216796875,1674.2974646148225,1592.3582351756456,1658.5418590942363,133637,Chemicals,0.004862188900355946,-0.022131586546786597,-0.012842156262630633,-0.026922560046930943,1669.8326416015625,1682.3285400390625,1705.8912272135417,1747.591046142578,1780.4917138671874,1801.0458455403646,1
2022-05-27,1655.7760009765625,1679.286053965246,1648.6143398640636,1669.407900706627,69577,Chemicals,0.0012842962196233376,0.006551563081033773,0.0029795119779216783,0.03532879941567457,1663.1747314453125,1678.5451904296874,1696.2797770182292,1736.6756896972656,1771.24576171875,1792.1999552408854,1
2022-05-30,1695.9803466796875,1726.7013826316606,1678.347865258532,1681.2618725624066,149785,Chemicals,0.024281270944507494,0.007100704298069971,0.028235409062353778,0.018035464496153786,1665.802392578125,1677.8191650390625,1690.8072916666667,1725.3898986816407,1760.7294775390626,1784.4143310546874,1
2022-05-31,1727.3433837890625,1796.8361714718403,1687.0899071604326,1698.054633732872,191913,Chemicals,0.01849257107889013,0.009988188898182537,0.04061778692346185,0.0052087186946514485,1675.6805419921875,1679.7009643554688,1689.5593587239584,1717.8849670410157,1752.617548828125,1778.3771402994792,1
2022-06-01,1792.637939453125,1807.603366398043,1706.0065798945689,1726.701263625327,222402,Chemicals,0.037800564888744725,0.01687026396169644,0.005992307533180918,0.011212605003354748,1705.077978515625,1690.1273559570313,1693.1089192708334,1715.1808227539063,1748.2138720703124,1775.3873494466145,1
2022-06-02,1796.0457763671875,1806.7142301144288,1761.3241641465283,1806.7142301144288,66824,Chemicals,0.001901017957425477,0.04633862740165551,-0.0004918868265807452,0.03242518809943751,1733.556689453125,1701.6946655273437,1699.40458984375,1712.8075927734376,1744.7841748046876,1772.669209798177,1
2022-06-03,1785.27880859375,1823.507216082346,1769.374884294832,1823.507216082346,87141,Chemicals,-0.005994818124967605,0.009294765983469233,0.009294765983469233,0.004570833871574642,1759.4572509765626,1711.3159912109375,1705.5158772786458,1712.0741455078125,1741.232001953125,1769.2810099283854,0
2022-06-06,1742.7530517578125,1784.9327146257135,1728.4791696534985,1778.0674468834136,146323,Chemicals,-0.023820232801303853,-0.024918886417436892,-0.02115401634631675,-0.023113086437661412,1768.8117919921874,1717.3070922851562,1708.150040690104,1710.308416748047,1734.07427734375,1762.0765299479167,0
2022-06-07,1759.496826171875,1787.8965202764928,1723.7873942249423,1726.701401560762,71041,Chemicals,0.009607657491790933,-0.028888693402877252,0.0016604579133396857,-0.0027143951231397567,1775.24248046875,1725.4615112304687,1711.5481363932292,1710.9801391601563,1729.3564697265624,1756.3883707682292,1
2022-06-08,1735.8880615234375,1784.9824389776963,1726.750769016219,1764.2383154477952,45587,Chemicals,-0.01341790692501732,0.021739088097747272,-0.0016298937135051927,0.0017191068928827935,1763.8925048828125,1734.4852416992187,1714.7157389322917,1710.8048156738282,1724.9231591796874,1750.8269775390625,0
2022-06-09,1721.2681884765625,1747.445294355833,1708.9204970240764,1728.676803348054,62952,Chemicals,-0.008422128921172778,-0.020156864176660405,-0.021029419563007967,-0.010325909397046917,1748.9369873046876,1741.2468383789062,1717.4421061197916,1711.7876892089844,1720.0334716796874,1745.4763102213542,0
2022-06-10,1691.2386474609375,1716.823089306545,1684.22518254756,1700.030228248886,27959,Chemicals,-0.017446172082110634,-0.016571388615665983,-0.01752398495575025,-0.01445082701010425,1730.128955078125,1744.7931030273437,1717.5869791666667,1711.6691467285157,1715.685107421875,1739.381494140625,0
2022-06-13,1655.726806640625,1674.3471028119468,1611.1269172190473,1674.3471028119468,136307,Chemicals,-0.020997533892467835,-0.01510745221477272,-0.02474103870058908,-0.04340171735108733,1712.7237060546875,1740.7677490234375,1715.779296875,1709.29345703125,1710.791474609375,1730.515848795573,0
2022-06-14,1639.3780517578125,1662.4929511307575,1625.4498818096622,1625.4498818096622,38413,Chemicals,-0.009874065466140003,-0.029203754060412646,-0.007079865137450292,0.008890028735500044,1688.699951171875,1731.9712158203124,1713.207657877604,1705.8360900878906,1706.5241015625,1722.5803833007812,0
2022-06-15,1667.4322509765625,1688.0776151674424,1634.9331030109677,1654.590651887288,66735,Chemicals,0.017112708803603383,0.017927818263570483,0.015389336850591295,0.005834213227631224,1675.0087890625,1719.4506469726562,1714.659757486979,1704.7890014648438,1703.6456103515625,1716.6040974934897,1
2022-06-16,1615.8192138671875,1703.981747773742,1606.1880126841186,1703.981747773742,52365,Chemicals,-0.030953603709624078,0.029850945809537066,0.009421446302824155,-0.01758181437143258,1653.918994140625,1701.4279907226562,1712.137556966146,1701.561328125,1700.2139501953125,1709.0143920898438,0
2022-06-17,1553.48779296875,1609.595631006432,1548.8944275968554,1601.347397169934,160473,Chemicals,-0.03857573939182091,-0.06023207158052013,-0.055391506916447675,-0.03567053460417702,1626.3688232421875,1678.2488891601563,1705.3183430989584,1694.7824401855469,1694.60908203125,1700.7990600585938,0
2022-06-20,1483.5010986328125,1575.5654383988744,1471.8448296014565,1554.821316639391,132220,Chemicals,-0.04505133201091416,-0.02905433300280058,-0.02114207565677817,-0.04974489973144469,1591.923681640625,1652.3236938476562,1691.1530598958334,1684.8153930664062,1685.819501953125,1690.98017578125,0
2022-06-21,1483.0565185546875,1513.53059730646,1467.8441383871232,1501.973206202198,100350,Chemicals,-0.00029968301239191586,-0.03398982884504009,-0.03937306542815233,-0.0027181474119228888,1560.659375,1624.6796630859376,1674.8672688802083,1675.0705871582031,1676.8007470703126,1682.2133138020833,0
2022-06-22,1442.60546875,1481.7229299850203,1432.3321656521864,1481.7229299850203,89039,Chemicals,-0.027275460711442823,-0.013482448377612144,-0.02101554298145414,-0.024193285789837038,1515.6940185546875,1595.3514038085937,1651.5317708333334,1664.9183227539063,1666.9700048828124,1672.3203450520834,0
2022-06-23,1448.03857421875,1476.4875845096508,1427.3932088802967,1449.6190546933117,62423,Chemicals,0.003766175566669361,-0.021666584650905762,-0.0035332823495026755,-0.0034481923190218255,1482.137890625,1568.0284423828125,1628.3312906901042,1654.6376403808595,1657.676640625,1663.867940266927,1
2022-06-24,1440.5311279296875,1502.7140540275166,1434.9499472607572,1478.6607751264712,95453,Chemicals,-0.005184562360925349,0.020034036072534844,0.017762743007809112,0.005294083181458076,1459.5465576171875,1542.9576904296875,1605.3481119791666,1643.8753967285156,1647.735263671875,1655.4319946289063,0
2022-06-27,1455.6942138671875,1491.1073724619353,1451.742952197861,1481.723125997286,84302,Chemicals,0.010526038378144698,0.002071030030909471,-0.007723812480806669,0.011702850659816244,1453.9851806640625,1522.9544311523437,1586.2108561197917,1631.8610900878907,1638.6493505859376,1647.1804484049478,1
2022-06-28,1442.1116943359375,1464.732690606797,1433.0237205093526,1451.1007901583853,98731,Chemicals,-0.009330613120434705,-0.020666705743888625,-0.01768798299990404,-0.012894315526153277,1445.7962158203125,1503.2277954101562,1565.051847330729,1617.5995056152344,1629.215712890625,1638.2999918619792,0
2022-06-29,1481.87109375,1496.342611497307,1432.5296489187044,1432.5296489187044,132024,Chemicals,0.027570263503321035,-0.012797967836302937,0.021580675500193047,-0.0003447755843655198,1453.6493408203125,1484.6716796875,1548.1173828125,1602.0611633300782,1622.6645263671876,1631.4165608723958,1
2022-06-30,1471.8944091796875,1518.3217337422768,1435.2957997753654,1481.7231243379547,164082,Chemicals,-0.006732491518587902,0.034340284305028,0.014688562683499606,0.0019309553968036575,1458.4205078125,1470.27919921875,1531.4924641927084,1585.8535949707032,1615.3942138671875,1624.46728515625,0
2022-07-01,1441.1732177734375,1471.8449339249803,1438.2592106005177,1468.8320487465244,77405,Chemicals,-0.020871871796409258,-0.00870005696724896,-0.0306106398824596,0.0020646690568006942,1458.54892578125,1459.0477416992187,1514.821435546875,1568.6483154296875,1606.8101025390624,1616.204207356771,0
2022-07-04,1439.2469482421875,1481.7230077990948,1434.307871549524,1440.2347635807205,108998,Chemicals,-0.0013365982017248257,-0.019469404408903213,0.0067113550119526355,-0.0027473066203024255,1455.25947265625,1454.6223266601562,1500.3894449869792,1553.4730102539063,1596.5407666015626,1608.0843709309895,0
2022-07-05,1442.4080810546875,1469.918837978969,1437.5184427791835,1447.1496434780995,73967,Chemicals,0.0021963797222990245,0.004801217185028461,-0.007966515845400424,0.002238411496822579,1455.31875,1450.5574829101563,1487.2581136067708,1537.6185729980468,1585.1433544921874,1600.2328857421876,1
2022-07-06,1449.7177734375,1456.533723421572,1423.3431520095276,1449.4215011843223,87805,Chemicals,0.005067700658933916,0.00156988443901529,-0.009106022871167796,-0.009860945326204296,1448.8880859375,1451.2687133789063,1472.7438151041667,1523.31005859375,1571.4265478515624,1593.701786295573,1
2022-07-07,1481.13037109375,1540.8437612191017,1461.9667290424188,1461.9667290424188,227260,Chemicals,0.021668077905788508,0.008655334454363839,0.05788402729150377,0.02713581540639809,1450.7352783203125,1454.5778930664062,1463.764558919271,1511.3031677246095,1558.829931640625,1587.9510579427083,1
2022-07-08,1503.8995361328125,1532.1017145729884,1489.8231664147822,1496.540359495859,101001,Chemicals,0.015372829754512818,0.023648712222121393,-0.0056735451485339095,0.019054084350202283,1463.2805419921874,1460.9147338867188,1460.4586751302083,1501.936212158203,1547.5747607421874,1582.8885091145833,1
2022-07-11,1487.64990234375,1497.528055745767,1464.041091596344,1497.528055745767,209516,Chemicals,-0.010804999535306337,0.0006599863770067049,-0.022566164177198478,-0.017305459734850426,1472.9611328125,1464.110302734375,1460.735262044271,1493.5323669433594,1537.370634765625,1575.944160970052,0
2022-07-12,1481.87109375,1509.381724760764,1465.2757490665836,1481.426504531046,149098,Chemicals,-0.003884521878867897,-0.010752086515469328,0.007915490444079687,0.0008433215961809459,1480.8537353515626,1468.0862426757812,1460.6562337239584,1485.6570190429688,1526.26560546875,1567.7617513020834,0
2022-07-13,1584.0113525390625,1594.2352172937724,1490.0206978810495,1490.0206978810495,454384,Chemicals,0.06892654780827656,0.0058012957940996035,0.05621738433758883,0.01688757138731667,1507.712451171875,1478.3002685546876,1470.0832926432292,1481.4859741210937,1520.190537109375,1560.8075317382813,1
2022-07-14,1551.4134521484375,1604.212134576035,1536.0528751636296,1594.3339810380053,167991,Chemicals,-0.02057933507760079,0.07000794237643748,0.006258121244616888,0.030893649563420222,1521.7690673828124,1486.2521728515626,1476.974951171875,1478.2656860351562,1513.39634765625,1552.6531209309896,0
2022-07-15,1539.0164794921875,1565.687496787623,1532.1512103104278,1556.7971576891448,142390,Chemicals,-0.007990760064045088,-0.023543889671361007,-0.024014677958157482,-0.0025400589499798842,1528.7924560546876,1496.0364990234375,1483.5406412760417,1477.5421203613282,1507.3074609375,1544.4443766276042,0
2022-07-18,1587.913330078125,1605.2001003900175,1540.9920963744166,1545.931173606386,213043,Chemicals,0.031771492532731926,-0.0069797044715111944,0.025236583726614636,0.00577024382743363,1548.8451416015625,1510.9031372070312,1492.3552490234374,1482.7627319335938,1504.594921875,1539.2830525716147,1
2022-07-19,1670.0501708984375,1676.322774724987,1581.7394478658723,1589.395017402772,174402,Chemicals,0.05172627451667733,0.028114992787804827,0.04430766875586967,0.026442284543395367,1586.48095703125,1533.6673461914063,1507.5511474609375,1492.1124145507813,1505.821806640625,1536.3014973958334,1
2022-07-20,1649.5528564453125,1715.7364840673406,1641.7490911613538,1689.1642273681798,160461,Chemicals,-0.012273472264667351,0.06277181498180395,0.023512004929253427,0.037939019208535374,1599.5892578125,1553.6508544921876,1518.729931640625,1502.459783935547,1505.106630859375,1533.4236572265625,0
2022-07-21,1677.113037109375,1685.4105900166635,1634.8344896867195,1653.6029823175645,79098,Chemicals,0.016707667509032076,-0.02105256817214385,-0.017675146697811228,-0.0042117285228664425,1624.7291748046875,1573.24912109375,1532.4111735026042,1513.913507080078,1507.5583837890624,1531.9518188476563,1
2022-07-22,1715.2425537109375,1726.2072796971495,1673.2109634170442,1673.2109634170442,93072,Chemicals,0.022735209707320347,0.01185773206093188,0.024205786959059505,0.02347422566163182,1659.9743896484374,1594.3834228515625,1550.682462565104,1527.6490783691406,1514.02857421875,1532.7519490559896,1
2022-07-25,1736.43115234375,1754.1625098529123,1713.859596187776,1726.2072878029614,98698,Chemicals,0.01235312089649998,0.03167342645047433,0.01619459637585785,0.024293788206908973,1689.6779541015626,1619.2615478515625,1570.4947428385417,1541.6859252929687,1524.1457763671874,1535.4420939127604,1
2022-07-26,1667.1358642578125,1738.2585671667127,1664.4688111318987,1738.0610523362468,83023,Chemicals,-0.03990672938135564,0.0068669415411704016,-0.009066402113184546,-0.02881845465389332,1689.0950927734375,1637.7880249023438,1585.4765950520834,1552.9371337890625,1531.5089501953125,1536.3673543294271,0
2022-07-27,1731.1959228515625,1814.616884924242,1620.0172516471189,1649.6517135674928,641346,Chemicals,0.03842521774448704,-0.05086664743445979,0.04392805489346152,-0.026706153451172887,1705.4237060546875,1652.5064819335937,1604.241805013021,1565.4033752441405,1543.052568359375,1538.4928100585937,1
2022-07-28,1678.5452880859375,1751.3966725180917,1664.4689188905722,1734.6038110218662,295075,Chemicals,-0.030412868971468443,0.05149698979226236,-0.03483942695087927,0.027439008565037115,1705.71015625,1665.2196655273438,1617.4027994791666,1575.7359191894532,1552.2728369140625,1540.5836791992188,0
2022-07-29,1669.9842529296875,1710.5128797470277,1663.699629473714,1700.3188360712911,109551,Chemicals,-0.005100270583710209,-0.019765305906008335,-0.023343536854094182,-0.0004621831072526561,1696.65849609375,1678.3164428710938,1628.4751139322916,1587.1764709472657,1561.4509619140624,1544.46689453125,0
2022-08-01,1663.4892578125,1690.7091305869606,1660.960582834697,1690.7091305869606,83603,Chemicals,-0.0038892553063258894,-0.005651707950571461,-0.011577667373656952,-0.0016463588682070762,1682.0701171875,1685.8740356445312,1640.1977376302084,1598.3885864257813,1569.762763671875,1550.4664998372396,0
2022-08-02,1656.498291015625,1690.7091207313024,1651.0443906261692,1660.9605731524523,94797,Chemicals,-0.004202592090115531,-0.017595313644624633,-5.829304372539923e-09,-0.005970155048233838,1679.9426025390626,1684.51884765625,1651.83955078125,1609.0930969238282,1578.3382275390625,1556.247892252604,0
2022-08-03,1649.1602783203125,1686.891400944726,1642.417346885586,1653.5234228058116,87749,Chemicals,-0.004429834147799516,-0.004477620039183283,-0.002258058313972411,-0.005225203991826799,1663.5354736328125,1684.47958984375,1656.1828125,1619.0652221679688,1585.029794921875,1563.1330525716146,0
2022-08-04,1615.3463134765625,1674.5458813342784,1609.3966032980118,1656.0026663633269,112160,Chemicals,-0.020503746839082182,0.0014993700865200132,-0.007318502900384494,-0.02010496519060123,1650.8956787109375,1678.3029174804688,1660.4450032552083,1625.7760192871094,1590.76787109375,1568.7099772135416,0
2022-08-05,1620.155517578125,1648.0695966281594,1611.7267621200388,1623.180001779006,72440,Chemicals,0.00297719694002474,-0.019820417714906946,-0.01581102375351029,0.0014478462407911952,1640.929931640625,1668.7942138671874,1665.8542724609374,1631.588818359375,1597.9271630859375,1574.6974568684896,1
2022-08-08,1595.7120361328125,1629.0305061006193,1589.564051414573,1622.6841251045062,75507,Chemicals,-0.015087120452394354,-0.00030549703295779107,-0.011552358326670675,-0.013750910654553694,1627.3744873046876,1654.7223022460937,1666.3741861979167,1636.991925048828,1604.1857666015626,1579.3647176106772,0
2022-08-10,1587.0849609375,1613.362843764644,1581.6310607280927,1599.1826548013269,68570,Chemicals,-0.005406411056608995,-0.014483083885266756,-0.009617783262683477,-0.004990670668112207,1613.4918212890625,1646.7172119140625,1660.843172200521,1642.252618408203,1609.972841796875,1584.197159830729,0
2022-08-11,1594.3238525390625,1642.0701738929024,1588.96908984086,1605.2811614479847,112218,Chemicals,0.004561124186626131,0.003813514752894376,0.01779347419534738,0.004639532755122744,1602.5245361328125,1633.0300048828126,1657.161238606771,1642.768243408203,1615.7570849609374,1587.9455851236978,1
2022-08-12,1608.1568603515625,1621.0975266385192,1586.5891639047325,1597.100292906172,87503,Chemicals,0.008676410247811406,-0.005096221607953977,-0.012772077337390941,-0.0014977798821536048,1601.0866455078126,1625.991162109375,1652.56416015625,1645.6054138183595,1620.83814453125,1592.487666829427,1
2022-08-16,1630.220458984375,1650.05282466545,1611.5779868253028,1624.1716116610778,86737,Chemicals,0.013719805061795487,0.01695029352580324,0.017861539821710792,0.01575002747344545,1603.0996337890624,1622.0147827148437,1646.8960205078124,1650.1656127929687,1625.8909814453125,1598.7892415364583,1
2022-08-17,1659.0269775390625,1665.918676023992,1634.186891718773,1640.037463659478,154566,Chemicals,0.017670320842761322,0.009768581032009171,0.009615359654778777,0.014029047975523845,1615.7626220703125,1621.5685546875,1641.7357421875,1653.7212951660156,1632.746064453125,1606.1152425130208,1
2022-08-18,1721.9453125,1756.156146523179,1657.0439381125748,1662.4482098509934,501604,Chemicals,0.037924841375556184,0.013664776987172944,0.054166792051671075,0.01398680072005809,1642.7346923828125,1628.1132568359376,1645.3897054036458,1656.3160522460937,1642.349033203125,1615.4331502278646,1
2022-08-19,1730.0762939453125,1751.197810864405,1690.7587275889352,1734.1420255647663,209222,Chemicals,0.004721974261486572,0.0431254431199386,-0.00282340250244284,0.020346346105199142,1669.8851806640625,1636.2048583984374,1645.3150634765625,1660.3422241210938,1648.191630859375,1624.7784342447917,1
2022-08-22,1689.717529296875,1730.0763444005393,1684.7594379550414,1729.3822600315434,106255,Chemicals,-0.02332773692679313,-0.002744738010528769,-0.012061153990045259,-0.0035482825171920807,1686.197314453125,1643.6419799804687,1646.0598795572917,1660.9724487304688,1653.7237939453125,1631.731339518229,0
2022-08-23,1687.982177734375,1703.9472074603384,1662.9438167487426,1662.9438167487426,76599,Chemicals,-0.0010270069005096083,-0.038417442354005016,-0.015102880878505087,-0.012948804864852725,1697.749658203125,1650.4246459960937,1647.2597412109376,1659.6094299316405,1659.682421875,1637.8674275716146,0
2022-08-24,1717.978515625,1730.3737430104618,1687.9820653521824,1687.9820653521824,86463,Chemicals,0.01777052997732853,0.015056581197308683,0.015509010745415663,0.015056581197308683,1709.5399658203125,1662.6512939453125,1650.8923583984374,1658.6867980957031,1664.885029296875,1645.545048014323,1
2022-08-25,1761.3123779296875,1803.753689634057,1730.3739353553765,1730.3739353553765,358879,Chemicals,0.025223751001870243,0.025113933893811557,0.04240699266271264,0.025113933893811557,1717.41337890625,1680.0740356445312,1657.8799641927083,1663.3956237792968,1668.535517578125,1654.859757486979,1
2022-08-26,1768.9478759765625,1799.1426042191222,1762.1056856271052,1776.8808222258683,143711,Chemicals,0.0043351185982409834,0.026876784214240113,-0.002556383081256719,0.018338088446305578,1725.1876953125,1697.5364379882812,1665.8658040364583,1665.283221435547,1673.311318359375,1661.024308268229,1
2022-08-29,1718.920654296875,1741.0834196313506,1702.608582054815,1705.682574504889,83346,Chemicals,-0.02828077772052473,-0.04006923077248947,-0.03227047397555838,-0.03376477589147331,1731.0283203125,1708.6128173828124,1672.7707600911458,1667.3019897460938,1674.983623046875,1666.6078816731772,0
2022-08-30,1725.4156494140625,1765.0803769867996,1715.4994675208782,1732.059442863639,74234,Chemicals,0.003778531080507852,0.01546411316678098,0.013782772890072126,0.007571256013819472,1738.5150146484375,1718.1323364257812,1679.7881022135416,1670.0735595703125,1675.390546875,1672.8211873372395,1
2022-09-01,1752.3382568359375,1784.9128929223398,1710.640660001863,1712.5247589316004,113027,Chemicals,0.01560354887879778,-0.011278298797725794,0.011236041255751061,-0.002832299054010723,1745.386962890625,1727.4634643554687,1690.2298502604167,1674.5160095214844,1676.0268310546876,1678.3020182291666,1
2022-09-02,1741.5792236328125,1773.558912980105,1735.3319800856432,1752.338257699913,59671,Chemicals,-0.006139815278901506,0.0232484222845053,-0.0063610834944698436,0.01443396071490155,1741.44033203125,1729.42685546875,1700.5294677734375,1678.7700561523438,1679.0045654296875,1680.6863199869792,0
2022-09-05,1775.2943115234375,1784.9129607262662,1741.281755019624,1741.5792889319414,97842,Chemicals,0.019358917144347787,-0.006139778504918092,0.006401844146853186,0.0034286090513280243,1742.709619140625,1733.9486572265625,1712.5941650390625,1685.0767578125,1680.7685009765626,1684.8777018229166,1
2022-09-06,1779.508544921875,1802.761944020776,1766.1712070861722,1779.9547247069816,75632,Chemicals,0.0023738223972684658,0.022034848495801063,0.009999918028074095,0.01429375343467476,1754.827197265625,1742.9277587890624,1724.0176106770834,1693.2848693847657,1684.80703125,1688.2908854166667,1
2022-09-07,1822.94140625,1866.2255675603928,1762.750226214601,1770.0385962249206,524748,Chemicals,0.024407222686324115,-0.005571000399290149,0.035203551833400404,-0.0019369474815610355,1774.3323486328125,1756.423681640625,1736.865673828125,1703.4241638183594,1690.9253173828124,1691.8808471679688,1
2022-09-08,1855.2186279296875,1881.595649451701,1839.451873377025,1866.2255664127024,252715,Chemicals,0.01770612130978222,0.054341736046279454,0.008235918614811766,0.04351248748788206,1794.9084228515626,1770.1476928710938,1749.9451171875,1716.3994934082032,1698.5944921875,1695.8404296875,1
2022-09-09,1904.0062255859373,1918.7813620926188,1866.969307224743,1872.1753031684048,257707,Chemicals,0.02629749233959222,0.00318811233903471,0.01976286066124433,0.014959583474831062,1827.3938232421874,1784.4170776367187,1762.0825113932292,1732.245556640625,1708.4948095703126,1703.7361083984374,1
2022-09-12,1871.7786865234373,1921.0621888632293,1866.2256482301648,1913.9224644457447,136717,Chemicals,-0.0169261731550181,0.02229874585285274,0.0011886850767213186,-0.0003983241672481652,1846.6906982421874,1794.7001586914062,1771.529337565104,1746.1182983398437,1717.3995458984375,1708.4222005208333,0
2022-09-13,1860.2261962890625,1928.003400099668,1853.532773142508,1884.074663474534,224866,Chemicals,-0.006171931712627754,-0.015595094119893904,0.003613215270530157,-0.0068013614000504985,1862.834228515625,1808.830712890625,1782.8965820312499,1758.7217651367187,1727.1947412109375,1714.4782307942708,0
2022-09-14,1912.335693359375,1923.739302627528,1829.5355738906128,1842.922419553227,284981,Chemicals,0.028012452020224732,-0.021842151332482573,-0.002211664912997291,-0.012946735876274706,1880.7130859375,1827.5227172851562,1797.8534830729163,1772.8275268554687,1738.8819482421875,1722.5566121419272,1
2022-09-15,1938.762451171875,1963.404140544532,1898.9985834440145,1928.6975016965223,172832,Chemicals,0.013819099807772961,0.04654296959721704,0.020618613895774685,0.03796756430687198,1897.4218505859376,1846.16513671875,1812.5724121093747,1786.8143005371094,1752.60396484375,1731.7323852539062,1
2022-09-16,1872.8692626953125,1952.4962532873408,1829.535595386056,1936.3328280637177,187177,Chemicals,-0.033987241931951795,0.0039587993246630315,-0.005555599599665784,-0.03657874664233862,1891.1944580078125,1859.294140625,1820.0095377604164,1794.360498046875,1764.0353369140626,1738.9447509765625,0
2022-09-19,1886.1571044921875,1903.907095897748,1849.3680905465103,1883.0831120363664,97454,Chemicals,0.00709491156780051,-0.02750029088780137,-0.024885659733167365,0.0108401799945681,1894.0701416015625,1870.380419921875,1827.8234863281248,1802.1645385742188,1775.7086669921875,1746.8446451822917,1
2022-09-20,1895.924560546875,1911.1459982918527,1884.570579429056,1906.5844572734527,77632,Chemicals,0.005178495487690116,0.01248024852799623,0.003802130056504316,0.01903487416187799,1901.209814453125,1882.022021484375,1839.6237467447913,1812.4748901367188,1787.219375,1756.1972534179688,1
2022-09-21,1862.6060791015625,1942.5801136030204,1859.2841822387247,1893.9908203071816,106315,Chemicals,-0.017573737973889614,-0.006605339154123202,0.016447783340081346,-0.013417590970772664,1891.2638916015626,1885.9884887695312,1848.7697753906248,1821.2060852050781,1796.5147998046875,1764.2789388020833,0
2022-09-22,1858.9866943359373,1911.5424618539423,1836.4770083650103,1836.4770083650103,80064,Chemicals,-0.001943183159463846,-0.030366468161045934,-0.015977540144540447,-0.012266642233385139,1875.308740234375,1886.3652954101562,1855.879671223958,1828.256494140625,1804.5131884765624,1773.0547607421875,0
2022-09-23,1836.179443359375,1868.853336938192,1834.4937407731995,1854.3261055383152,65743,Chemicals,-0.012268646702019215,0.009719205354602245,-0.022332292254888086,-0.001079930531543316,1867.9707763671875,1879.5826171875,1862.1863525390622,1831.9998474121094,1809.0825537109374,1781.35791015625,0
2022-09-26,1744.7523193359375,1824.3296842843367,1735.331945915255,1809.7033150259083,163707,Chemicals,-0.049792042032758665,-0.02406415483184543,-0.023824048561670308,-0.054054038263521176,1839.6898193359375,1866.87998046875,1860.1502197265622,1830.7900695800781,1809.6695947265625,1786.3721923828125,0
2022-09-27,1718.3255615234375,1774.8477985242014,1712.0784395358494,1745.2480196727035,58740,Chemicals,-0.01514642366118657,-0.03561649847134307,-0.027123324356554845,-0.013400033598264138,1804.17001953125,1852.6899169921876,1856.0713541666664,1830.7603149414062,1810.813916015625,1790.044482421875,0
2022-09-28,1696.758056640625,1729.3326937344048,1690.709209192535,1709.2524230680417,50248,Chemicals,-0.012551466011883727,-0.020624917604210924,-0.02564451150551772,-0.012481455200795466,1771.0004150390625,1831.1321533203125,1847.6591308593747,1829.3274353027343,1811.164951171875,1792.26240234375,0
2022-09-29,1707.665771484375,1733.3487084796302,1693.6839783084718,1715.499579902609,33730,Chemicals,0.006428562281499239,0.003654905940313924,0.002322291575112212,0.0017594800452749304,1740.73623046875,1808.0224853515624,1837.8222737630206,1827.0938110351562,1810.75244140625,1793.8836954752603,1
2022-09-30,1744.4052734375,1752.1894525117243,1687.883033033896,1700.6253033715943,54260,Chemicals,0.021514457083243732,-0.008670521814910015,0.010869563602478927,-0.0034250458461378974,1722.381396484375,1795.1760864257812,1827.1822102864583,1827.2351135253907,1810.0761572265626,1794.6323608398438,1
2022-10-03,1689.965576171875,1763.8907727225358,1675.835014657749,1721.4494588436996,76112,Chemicals,-0.0312081705407522,0.012244999195778261,0.006678113598981961,-0.007137946255962535,1711.4240478515626,1775.55693359375,1815.0613362630208,1822.9686767578125,1806.916865234375,1793.2953369140625,0
2022-10-04,1693.23779296875,1728.3906115489783,1680.792935499437,1715.499574285561,65867,Chemicals,0.0019362623967094095,-0.0034563225353912985,-0.0201260541313244,0.0029584778921094568,1706.406494140625,1755.2882568359375,1803.9287760416667,1818.6551391601563,1805.88955078125,1793.4126790364583,1
2022-10-06,1675.834716796875,1723.7299230981507,1661.9520623382027,1700.6251711873613,89409,Chemicals,-0.010277987087308205,-0.00867059562191641,-0.0026965481180499795,-0.011209514725640912,1702.221826171875,1736.6111206054688,1788.1620442708333,1811.2998046875,1803.9063134765624,1793.007763671875,0
2022-10-07,1668.34814453125,1696.1630860002772,1659.9690183948926,1672.760918552528,87841,Chemicals,-0.0044673691209444755,-0.016384711403147567,-0.0159925500674295,-0.001193201650184883,1694.35830078125,1717.547265625,1770.134423828125,1801.956280517578,1800.546708984375,1791.35341796875,0
2022-10-10,1651.24267578125,1663.8858085782422,1644.1030727382797,1647.2762027468996,108839,Chemicals,-0.010252937197832934,-0.015235121482680802,-0.019029583704800457,-0.009557976974747695,1675.72578125,1699.0535888671875,1755.3593180338542,1789.3181030273438,1796.9332470703125,1787.6844278971355,0
2022-10-11,1628.286865234375,1661.902628504471,1626.2539993163675,1652.0857042487607,49661,Chemicals,-0.013902142237217752,0.002919669144640702,-0.0011918967416794102,-0.010856419964098918,1663.3900390625,1687.4070434570312,1738.16796875,1777.1435119628907,1791.05294921875,1782.9957275390625,0
2022-10-12,1615.8916015625,1639.7895776787802,1602.4551255746194,1636.170146781016,46936,Chemicals,-0.007612456954930291,-0.00963361490678949,-0.013305864282548319,-0.014634167695669054,1647.92080078125,1677.1636474609375,1719.4991048177083,1764.9267822265624,1784.508271484375,1779.56142578125,0
2022-10-13,1599.4803466796875,1617.57738098031,1596.5054917261605,1616.0403241687914,66874,Chemicals,-0.010156160764090538,-0.012303013015992126,-0.013545760383422478,-0.0037128239995647405,1632.6499267578124,1667.4358764648437,1701.9573893229167,1749.2840148925782,1775.5698291015624,1775.3635823567708,0
2022-10-14,1592.4892578125,1629.2287618780929,1586.985849230549,1629.2287618780929,45420,Chemicals,-0.004370850121228509,0.008160958307822597,0.007202982085915188,-0.005962799717850409,1617.4781494140625,1655.9182250976562,1684.1908935546876,1731.9703552246094,1765.060654296875,1770.035282389323,0
2022-10-17,1589.217041015625,1616.3377764291,1568.7400995772002,1600.4718841451336,82732,Chemicals,-0.0020547810798861033,-0.01765060770214355,-0.00791232376362716,-0.01149710922891678,1605.0730224609374,1640.3994018554688,1667.7267333984375,1717.787744140625,1752.4690869140625,1764.95654296875,0
2022-10-18,1591.5472412109375,1605.4298962744597,1587.1345885560336,1603.4466598368138,43182,Chemicals,0.0014662567384902125,0.0018586866293306414,-0.006748515263151567,0.01172564466465209,1597.72509765625,1630.557568359375,1657.5130615234375,1703.0572509765625,1741.2598291015624,1758.831640625,1
2022-10-19,1586.3411865234375,1601.1658299242565,1582.6226183412448,1596.3069976705708,50236,Chemicals,-0.003271065132530393,-0.004452697021408603,-0.002656027746897105,-0.002842840328301177,1591.8150146484375,1619.8679077148438,1648.7141031901042,1687.5780822753907,1730.3044287109376,1752.3927286783853,0
2022-10-20,1599.97607421875,1656.0025063187556,1566.756862265649,1585.5976093435272,290815,Chemicals,0.008595179782978635,-0.006708852584541347,0.03424796818021858,-0.01002497745939257,1591.91416015625,1612.2820434570312,1642.2619710286458,1674.44658203125,1717.8100439453126,1744.9605509440105,1
2022-10-21,1651.093994140625,1660.9605471811403,1601.463452953756,1601.463452953756,255440,Chemicals,0.03194917770681993,0.010006223216240562,0.002993981496686393,0.022151867672638437,1603.635107421875,1610.5566284179688,1638.4905192057292,1664.0519470214845,1706.3033056640625,1738.156396484375,1
2022-10-24,1662.6959228515625,1672.860010049552,1656.200774808621,1672.860010049552,20833,Chemicals,0.0070268129810358015,0.0445820708328446,0.007164205608981344,0.03417956354477325,1618.3308837890625,1611.701953125,1633.0432291666666,1655.3777709960937,1697.8963720703125,1730.1127197265625,1
2022-10-25,1619.3621826171875,1661.0101478578904,1605.9753366469618,1660.9605185280311,60291,Chemicals,-0.026062336256924556,-0.007113261988472397,-0.007083594634622603,-0.030325694158344407,1623.8938720703125,1610.8094848632813,1628.336336263021,1649.1082641601563,1687.2245751953126,1721.698836263021,0
2022-10-27,1605.4796142578125,1641.0786134415955,1602.4551301045335,1641.0786134415955,37466,Chemicals,-0.008572861901059214,-0.011970125035877022,-0.011999646385062346,-0.0021919430903453163,1627.7215576171875,1609.7682861328126,1622.485791015625,1643.465966796875,1675.60677734375,1713.2072835286458,0
2022-10-28,1582.275634765625,1621.2957874592676,1576.672967620939,1604.4382777425656,45153,Chemicals,-0.014452989179133402,-0.022326983850084692,-0.012054770454195562,-0.016089163433807063,1624.1814697265625,1608.0478149414062,1616.2485188802084,1637.741845703125,1664.3935595703124,1702.2052815755208,0
2022-10-31,1559.0220947265625,1601.4137730241498,1551.8824920637212,1591.5472202953815,70042,Chemicals,-0.014696263740740068,-0.008034623472908953,-0.012263039593950253,-0.015723283183211145,1605.76708984375,1604.7010986328125,1608.960115559896,1630.3096618652344,1652.3949755859376,1689.5472696940103,0
2022-11-01,1559.865234375,1579.4992043276354,1546.9245669823426,1561.798841664865,74952,Chemicals,0.0005408131490178825,-0.0186914835143851,-0.013684513687633904,-0.0031947812458309466,1585.2009521484374,1601.76591796875,1602.8682861328125,1621.0826599121094,1641.3424072265625,1679.1138020833334,1
2022-11-02,1580.5899658203125,1597.497106521103,1566.7569387357803,1579.3504429257432,56659,Chemicals,0.013286232033766998,0.011238067792500361,0.011394688990127744,0.01282051638246684,1577.4465087890626,1600.6701904296874,1599.6884928385416,1615.6138793945313,1634.7759130859374,1668.9282307942708,1
2022-11-03,1580.341796875,1584.6058033378806,1572.7063855406,1576.077911459257,30730,Chemicals,-0.00015701032568793405,-0.0020720743019034815,-0.008069687970387651,0.0037973004348845762,1572.4189453125,1600.0702514648438,1597.318505859375,1609.9690795898437,1629.2565625,1658.4088053385417,0
2022-11-04,1588.5228271484375,1598.5382684371273,1576.6730373307555,1586.291686057875,36238,Chemicals,0.005176747390732039,0.006480501074443312,0.008792385506792177,0.002522182033865228,1573.6683837890625,1598.9249267578125,1596.5880045572917,1605.6034851074219,1624.9271533203125,1649.2726969401042,1
2022-11-07,1576.425048828125,1606.3718703414008,1572.55771360097,1599.4801722030293,45778,Chemicals,-0.0076157409346324645,0.008314035975268252,0.004900478179938883,-0.002610131354026768,1577.148974609375,1591.4580322265624,1595.5170572916666,1601.0073303222657,1619.6775244140624,1639.8539754231772,0
2022-11-09,1540.5780029296875,1586.5891113688117,1529.0752560816925,1578.6561658119676,56345,Chemicals,-0.022739454644599366,-0.013019233844193234,-0.012315180150897942,-0.027650786450125087,1573.2915283203124,1579.246240234375,1592.2744547526042,1595.4740966796876,1611.52443359375,1630.000594075521,0
2022-11-10,1519.506103515625,1537.0081887126523,1507.2596431246654,1535.02495234012,61472,Chemicals,-0.01367791788146433,-0.027638199132111962,-0.03125000814696377,-0.014267193763196628,1561.074755859375,1569.2606323242187,1587.4717122395834,1590.03505859375,1604.7060546875,1622.4923868815104,0
2022-11-11,1535.818359375,1547.9160533332492,1527.092070552981,1546.6269012184691,66916,Chemicals,0.010735235496345696,0.007558150022683341,0.007096816204819945,0.01315793700095469,1552.170068359375,1562.2945068359375,1584.1035237630208,1586.031396484375,1598.40927734375,1616.4088134765625,1
2022-11-14,1495.955322265625,1519.1592143707978,1490.402284072656,1502.30170350637,123625,Chemicals,-0.025955567509687305,-0.028659269845351054,-0.018577776811944724,-0.02402591643805685,1533.6565673828125,1553.6624755859375,1577.168806966146,1580.8551452636718,1591.2141015625,1609.7153889973958,0
2022-11-15,1488.6173095703125,1525.0592812636924,1485.0971373139375,1506.9622477016735,96918,Chemicals,-0.004905235193922164,0.003102269127716495,0.0038837712578652095,-0.0035595401425591033,1516.09501953125,1546.6219970703125,1566.3370279947917,1575.6615478515625,1584.0248681640626,1602.4137736002604,0
2022-11-16,1480.6348876953125,1500.318486725472,1477.5112658433266,1487.4274488355636,175795,Chemicals,-0.005362306231212699,-0.012963031353906307,-0.016222841198487492,-0.005107996830652661,1504.106396484375,1538.6989624023438,1554.1996256510417,1570.232440185547,1577.200556640625,1593.621427408854,0
2022-11-17,1488.9644775390625,1500.2193208135743,1467.1983836532777,1478.5028562606772,78397,Chemicals,0.00562568794844176,-0.006000018745030644,-6.609657401079883e-05,-0.006979900883640644,1497.9980712890624,1529.5364135742188,1545.5064453125,1565.1033020019531,1571.6276611328126,1586.9213907877604,1
2022-11-18,1511.4739990234375,1544.9411123362413,1492.3853492079866,1501.012378887542,247867,Chemicals,0.015117567829138867,0.015224537802919214,0.029810169021429633,0.01716670753957228,1493.12919921875,1522.6496337890626,1539.239404296875,1561.3599426269532,1567.45095703125,1580.86259765625,1
2022-11-21,1493.2283935546875,1517.2256290543771,1488.7166029158384,1512.2179082181367,27550,Chemicals,-0.012071398833548241,0.007465314402603118,-0.01793950789486931,-0.0024583103111373017,1492.5838134765625,1513.1201904296875,1533.3029215494792,1556.02255859375,1563.20087890625,1574.7757202148437,0
2022-11-22,1479.9903564453125,1505.7228036711765,1477.511310622121,1492.38558556127,47894,Chemicals,-0.008865379982402666,-0.013114725430169782,-0.007581486341204147,-0.007526813546493871,1490.8584228515624,1503.4767211914063,1528.0341389973958,1547.4673767089844,1558.7009228515626,1568.4971272786458,0
2022-11-23,1480.3372802734375,1492.3358368887675,1471.5614829705432,1485.1466045764114,60731,Chemicals,0.00023440951936892773,-0.004850610361621932,-0.00889072460732454,-0.004026925282265781,1490.7989013671875,1497.4526489257812,1522.732275390625,1538.3494445800782,1554.345732421875,1562.8002807617188,1
2022-11-24,1483.4111328125,1497.293787003642,1469.578107948039,1485.4439984522012,38862,Chemicals,0.002076454183802534,0.00020024546726449266,0.0033222750484975805,-0.001347803027910599,1489.688232421875,1493.8431518554687,1516.2536865234374,1531.5518920898437,1550.0202880859374,1557.9710896809895,1
2022-11-25,1499.7730712890625,1522.1341126990417,1479.544154511765,1490.4023266362603,105919,Chemicals,0.011029941810899668,0.0033379435301672533,0.01659014811322357,0.006781569832747136,1487.348046875,1490.238623046875,1510.8824381510417,1526.2665649414062,1546.5575634765626,1554.1004720052083,1
2022-11-28,1502.450439453125,1530.0669839428576,1490.6501578821133,1507.2597638322384,69492,Chemicals,0.0017851821821026626,0.01131066215793175,0.00521167693282254,0.007506368320594703,1489.1924560546875,1490.888134765625,1505.1442789713542,1522.2753051757813,1542.6565380859374,1550.866141764323,1
2022-11-29,1496.3023681640625,1516.1843632693538,1492.3855243429543,1502.4999824678123,56169,Chemicals,-0.004092029345939885,-0.0031579038189968323,-0.009073211054936636,0.001164167495414592,1492.4548583984374,1491.656640625,1499.8027669270834,1519.1393188476563,1536.464873046875,1547.659912109375,0
2022-11-30,1483.7584228515625,1513.1102985841285,1481.4776524777506,1503.9378298522547,84032,Chemicals,-0.008383295769217591,0.0009569699841731616,-0.0020275005861402073,-0.007309017467189705,1493.1390869140625,1491.968994140625,1496.014794921875,1515.3339782714843,1529.307373046875,1544.1446248372397,0
2022-12-01,1487.7744140625,1500.219271492799,1483.4608988934629,1494.3686996206206,62424,Chemicals,0.002706634145482667,-0.006362716624113474,-0.008519555450380634,0.0013386947905662527,1494.0117431640624,1491.8499877929687,1493.8993489583333,1510.6932006835937,1524.0438623046875,1540.6855305989584,1
2022-12-02,1496.99658203125,1510.234662049237,1488.2702926235283,1489.4603072048476,73454,Chemicals,0.006198633261589759,-0.003284592628993832,0.0066759511404437255,0.003242009097545351,1493.4564453125,1490.40224609375,1491.31123046875,1506.5259399414062,1519.704541015625,1537.7073771158855,1
2022-12-05,1545.4371337890625,1555.8491260282574,1497.3436458270671,1504.979058383614,186193,Chemicals,0.03235849188919615,0.010419043128372607,0.030203560496437243,0.006096576172023305,1502.0537841796875,1495.6231201171875,1494.610017903646,1504.3716552734375,1518.2310009765624,1535.8894124348958,1
2022-12-06,1552.5272216796875,1579.6479580813836,1537.1075086354856,1553.171797786641,170282,Chemicals,0.004587755616588307,0.03202219933530981,0.01529636238822163,0.02655627044548936,1513.2987548828125,1502.876806640625,1498.8706787109375,1503.1767639160157,1517.9712060546874,1532.6038533528647,1
2022-12-07,1531.15771484375,1556.5431178215238,1518.167539984728,1556.5431178215238,54230,Chemicals,-0.013764336326945514,0.0021706034320780887,-0.014626575587083801,-0.012321824299440842,1522.77861328125,1507.9588500976563,1502.2388671875,1502.7057495117188,1516.8229052734375,1528.2192464192708,0
2022-12-08,1561.45166015625,1576.6729756805926,1527.0920644956682,1527.0920644956682,82225,Chemicals,0.019784993419565078,-0.01892080790352546,0.012932412619087508,0.0058784846045583095,1537.5140625,1515.7629028320312,1507.0713460286458,1504.80302734375,1516.057373046875,1526.2888956705729,1
2022-12-09,1541.5201416015625,1569.1861929094816,1532.5459483541022,1565.4676246103372,56971,Chemicals,-0.012764736215204353,0.025129827472021304,-0.0047484690145583874,0.003571417850458891,1546.4187744140625,1519.9376098632813,1509.0744222005208,1505.088116455078,1514.5045068359375,1524.156913248698,0
2022-12-12,1518.9112548828125,1549.2052408480538,1517.1759229448037,1549.2052408480538,33435,Chemicals,-0.014666617781108227,-0.010388195518467702,-0.012733321355817284,-0.010029079666945884,1541.1135986328125,1521.58369140625,1510.7866129557292,1506.2359130859375,1511.7200439453125,1522.044767252604,0
2022-12-13,1514.448974609375,1532.0501985735698,1510.333734656204,1519.2582989197392,36520,Chemicals,-0.0029378150034063966,-0.019330519377743216,-0.011073447095423683,-0.004509818660527687,1533.49794921875,1523.3983520507813,1513.0838541666667,1507.5274963378906,1509.2410009765624,1520.5589965820313,0
2022-12-14,1521.43994140625,1534.033444861821,1518.762499481821,1519.2088003261342,38687,Chemicals,0.00461617850061824,-3.258076236289931e-05,0.0012945047689023603,0.0055807300282118,1531.55439453125,1527.16650390625,1515.8240315755208,1509.5677490234375,1508.475478515625,1519.2781534830729,1
2022-12-15,1507.210205078125,1532.9922811930774,1502.3513721864945,1524.9106887870778,32060,Chemicals,-0.009352808442095073,0.003753196045019891,-0.0006787098887778287,-0.010805591592448205,1520.706103515625,1529.1100830078126,1517.4106363932292,1510.4800354003905,1507.983642578125,1516.8321614583333,0
2022-12-16,1503.194091796875,1524.067582809141,1495.4099129384497,1508.2016912058696,38440,Chemicals,-0.0026646006427761826,-0.010957361440294355,-0.0058217503724092845,-0.004620396650580005,1513.0408935546875,1529.729833984375,1517.6387044270834,1510.0660400390625,1506.678671875,1514.2605712890625,0
2022-12-19,1480.2877197265625,1507.0614115307612,1472.5530492309358,1505.22682099535,75268,Chemicals,-0.015238466007361007,-0.0019724617919908427,-0.01115841021107089,-0.01528468114979964,1505.3161865234374,1523.214892578125,1516.1611897786458,1509.4190063476562,1506.0519677734376,1510.652734375,0
2022-12-20,1483.4111328125,1495.4098093439834,1469.578107948039,1485.3943691255204,35581,Chemicals,0.002110004051451897,-0.013175723148963758,-0.00773133868177478,-0.002020260855424283,1499.1086181640626,1516.3032836914062,1515.3017740885416,1509.5900451660157,1505.843720703125,1507.5522705078124,1
2022-12-21,1464.2235107421875,1495.1620733410127,1460.653709185787,1489.410638966091,49546,Chemicals,-0.012934797134718345,0.0027038407604407233,-0.0001656642890950355,-0.006072762457460024,1487.66533203125,1509.60986328125,1513.9994466145833,1508.784356689453,1505.187265625,1505.0071207682292,0
2022-12-22,1449.1510009765625,1478.998687455985,1442.804619677143,1471.5615502411545,44212,Chemicals,-0.010293858591291838,-0.011983994378693907,-0.010810457390020511,-0.012219932346999363,1476.0534912109374,1498.3797973632813,1511.4245524088542,1507.0713500976562,1503.5947265625,1502.6619506835937,0
2022-12-23,1405.2718505859375,1447.7130397640287,1398.1817557710017,1437.846486431172,86805,Chemicals,-0.03027921200831074,-0.022911079597355166,-0.021153262648103133,-0.030927863203076278,1456.46904296875,1484.7549682617187,1505.3095703125,1502.3462890625,1499.346640625,1498.310400390625,0
2022-12-26,1433.5328369140625,1442.7548133005143,1400.3136280975405,1403.1397156829507,34723,Chemicals,0.020110689840077134,-0.024138022435458817,-0.003424868276604487,0.0015247462053766814,1447.11806640625,1476.2171264648437,1497.8492838541667,1498.900408935547,1496.958818359375,1496.2296508789063,1
2022-12-27,1447.6138916015625,1476.4204504525285,1437.8464759570772,1443.796185512762,31157,Chemicals,0.009822624445640082,0.028975353897685352,0.023334274709504443,0.026803172593934388,1439.9586181640625,1469.5336181640625,1490.8550618489583,1496.4659851074218,1495.663759765625,1494.8628702799479,1
2022-12-28,1454.2578125,1465.611793196225,1443.3995198882867,1455.6956105629629,23806,Chemicals,0.004589566967395653,0.008241762355103432,-0.007320853116732806,0.003862056223709942,1437.965478515625,1462.8154052734376,1485.7284016927083,1494.9909545898438,1494.6205810546876,1493.9836344401042,1
2022-12-29,1466.4547119140625,1470.5699521054478,1442.7055018346612,1456.1914866263317,27019,Chemicals,0.008387026914502105,0.0003406454342311793,0.003382996051368936,-0.00048082186814035754,1441.426220703125,1458.7398559570313,1479.3952718098958,1493.9249694824218,1493.94232421875,1493.233308919271,1
2022-12-30,1477.560791015625,1487.4273439784902,1466.603361162791,1472.5530705387052,41747,Chemicals,0.007573421130112168,0.01123587389614511,0.011463168990300199,0.01656461370511142,1455.8840087890626,1456.1765258789062,1475.1313151041666,1492.9531799316405,1493.0538330078125,1492.1028686523437,1
2023-01-02,1478.0072021484375,1486.4359584169797,1470.57006426443,1485.444340032445,21354,Chemicals,0.0003021270837226808,0.008754366651806844,-0.0006665102436927972,0.00270468703855542,1464.7788818359375,1455.9484741210938,1472.4043782552083,1489.5816833496094,1492.076103515625,1491.5954956054688,1
2023-01-03,1476.4202880859375,1497.3434068463498,1470.272182926233,1481.3783788370845,27730,Chemicals,-0.001073684932112129,-0.0027372019844726925,0.007337987464314466,-0.00020256181288846875,1470.5401611328125,1455.2493896484375,1469.8691324869792,1485.7763366699219,1491.2808203125,1491.476493326823,0
2023-01-04,1479.395263671875,1492.3854382941086,1472.5530736656156,1481.1801038601511,31133,Chemicals,0.0020149923500403233,-0.00013384492427181982,-0.003311176667671445,0.0015513391097714546,1475.5676513671874,1456.7665649414062,1467.0661539713542,1483.188214111328,1491.1062939453125,1491.4450927734374,1
2023-01-05,1461.6949462890625,1484.9483460945205,1452.770381938578,1482.469300441608,25481,Chemicals,-0.011964562694948833,0.000870384754762199,-0.004983358862097442,-0.013434280964687129,1474.6156982421876,1458.0209594726562,1464.0318033854167,1478.2003784179688,1490.063115234375,1490.7212198893228,0
2023-01-06,1445.9775390625,1466.057806615989,1438.3421277202754,1464.620008716199,20738,Chemicals,-0.01075286417762178,-0.01204024374743684,-0.012721344502126586,-0.009931544859174246,1468.2990478515626,1462.0915283203126,1460.2173665364583,1473.4232482910156,1488.022353515625,1488.9280354817708,0
2023-01-09,1448.0103759765625,1468.7352191265204,1441.366582916873,1457.381118896848,19758,Chemicals,0.0014058564944103846,-0.004942503704900347,0.0018262666713746434,0.002102736990253762,1462.2996826171875,1463.5392822265626,1458.0655436197917,1469.8782043457031,1484.125283203125,1487.1133666992187,1
2023-01-10,1445.8291015625,1462.6369832220198,1438.8381441729837,1452.4232663779464,23670,Chemicals,-0.001506394187673843,-0.0034018915537030736,-0.004152032187345056,-0.0017541954793850456,1456.1814453125,1463.3608032226562,1455.5600748697916,1466.4472106933595,1479.8573583984376,1485.4309244791666,0
2023-01-11,1446.9197998046875,1456.736844730557,1437.846468569457,1446.7710328571295,19659,Chemicals,0.0007543756319532413,-0.0038915883900100257,-0.004033904898579355,-0.0006892197065685446,1449.6863525390625,1462.627001953125,1454.406494140625,1462.7212036132812,1476.487841796875,1484.202970377604,1
2023-01-12,1457.976318359375,1471.313535009346,1446.9197509887972,1451.7290751499124,29575,Chemicals,0.007641417690310126,0.0034269709443874863,0.010006399118356324,0.0063103277141733916,1448.942626953125,1461.7791625976563,1454.9948486328126,1460.2595092773438,1472.348828125,1483.2097005208334,1
2023-01-13,1450.3905029296875,1470.569910738824,1447.8618278942488,1461.645346209728,19636,Chemicals,-0.0052029757508157415,0.006830662297502954,-0.000505415231239037,0.0006510913302606447,1449.8252197265624,1459.0621337890625,1458.0027587890625,1457.6193298339845,1468.703642578125,1481.6561645507813,0
2023-01-16,1426.690673828125,1457.1333039055485,1422.9721056078954,1449.745796793549,58720,Chemicals,-0.01634030907792794,-0.008141201589726421,-0.009137006500102407,-0.017190675109207576,1445.561279296875,1453.9304809570312,1457.5466145833334,1454.9394775390624,1465.0148193359375,1477.69794921875,0
2023-01-17,1423.8646240234375,1440.9204089612203,1414.1963463939462,1421.9805251990306,33580,Chemicals,-0.0019808426987922845,-0.01915182072327981,-0.01112656947780466,-0.00616720396651782,1441.1683837890625,1448.6749145507813,1455.963330078125,1451.9621520996093,1461.3914453125,1473.4091959635416,0
2023-01-18,1419.451904296875,1433.7808607260265,1413.0560149637938,1413.0560149637938,21425,Chemicals,-0.0030991146574689266,-0.006276112841972714,-0.004954852600318693,-0.0008063459031414366,1435.6748046875,1442.6805786132813,1453.6429361979167,1449.7235717773438,1457.311923828125,1469.6856689453125,0
2023-01-19,1416.328369140625,1432.789207581886,1413.0559805562673,1419.0056899480833,30492,Chemicals,-0.0022005220090900446,0.004210501863538552,-0.0006916350826710049,-2.4349725791239507e-08,1427.34521484375,1438.1439208984375,1450.301180013021,1448.0824401855468,1453.676650390625,1464.8482259114583,0
2023-01-20,1409.5853271484375,1429.8638717230256,1405.1230450716398,1429.8638717230256,25775,Chemicals,-0.0047609312494947265,0.0076519649299924275,-0.0020417070727365427,-0.005614027748217398,1419.1841796875,1434.5046997070312,1445.769482421875,1448.298114013672,1449.9322998046875,1460.4503987630208,0
2023-01-23,1362.4835205078125,1413.0560529284082,1358.5170473767853,1410.0315687471386,92475,Chemicals,-0.03341536388996824,-0.013870063694936485,-0.01175483843392966,-0.033168623814349485,1406.3427490234376,1425.9520141601563,1438.0679036458334,1444.7456481933593,1445.2201318359375,1455.2361409505208,0
2023-01-24,1366.2021484375,1381.0764233252244,1358.5171064121755,1368.4332896706585,45175,Chemicals,0.002729301216283009,-0.029501665067996785,-0.022631536475081426,4.345575965736259e-08,1394.81025390625,1417.9893188476562,1430.7200276692708,1440.6750610351562,1440.5317724609374,1450.294580078125,1
2023-01-25,1363.9212646484375,1375.3745037801018,1343.6427199870498,1375.3745037801018,44019,Chemicals,-0.001669506808835819,0.00507238033584656,-0.004128605375359307,-0.010948987211805372,1383.7041259765624,1409.6894653320312,1423.0217610677084,1436.1582336425781,1436.5196826171875,1445.0439575195312,0
2023-01-27,1356.2362060546875,1370.1188612880203,1338.6846117856896,1370.1188612880203,37526,Chemicals,-0.005634532427156502,-0.003821244670187518,-0.003821244670187518,-0.003690049540407525,1371.685693359375,1399.5154541015625,1415.9911783854166,1430.6473083496094,1432.8030908203125,1440.0114908854166,0
2023-01-30,1324.7523193359375,1362.3346742747406,1318.852239315752,1349.5924042922843,49286,Chemicals,-0.023214161794380295,-0.014981515528105005,-0.00568139541263013,-0.014814820679445062,1354.719091796875,1386.9516357421876,1407.9094970703125,1423.006884765625,1429.5823095703124,1434.0634318033854,0
2023-01-31,1364.6156005859375,1374.3830170096548,1324.6038248413006,1328.768573443678,54022,Chemicals,0.030091120180097075,-0.015429718470834297,0.008843893473774012,0.004361053766366307,1355.1455078125,1380.7441284179688,1402.3498453776042,1417.3373046875,1426.8256201171876,1430.207694498698,1
2023-02-01,1364.8634033203125,1413.0560267603946,1342.8990345545717,1380.332624035417,39122,Chemicals,0.00018159160298969468,0.038805892630425554,0.028138451415736565,0.013811835184352583,1354.8777587890625,1374.8440063476562,1396.9521321614584,1411.7594604492188,1423.5156005859376,1426.256103515625,1
2023-02-02,1469.479248046875,1493.3772259256286,1341.163810135732,1365.1609256394445,212249,Chemicals,0.07664931484869686,-0.010991335082422338,0.05684219000812041,-0.0012921480872276625,1375.98935546875,1379.8467407226562,1398.4560953776042,1411.2636596679688,1424.1244580078126,1426.4312947591145,1
2023-02-03,1477.70947265625,1526.9929724737983,1458.670450611654,1487.427379957499,287683,Chemicals,0.005600776343261726,0.08956193516949984,0.02250988294490286,0.08761542742793638,1400.2840087890625,1385.9848510742188,1399.771638997396,1412.064385986328,1424.5746484375,1427.3832438151042,1
2023-02-06,1470.9169921875,1485.6424998441114,1450.687954505525,1476.5692891684164,77666,Chemicals,-0.00459662781787562,-0.007299913216195386,-0.027079674481210736,-0.005472446571315404,1429.516943359375,1392.118017578125,1401.1400716145833,1413.3113586425782,1424.308896484375,1429.571415201823,0
2023-02-07,1439.2843017578125,1481.4777079223884,1432.8884122810248,1481.4777079223884,42687,Chemicals,-0.021505421854325246,0.0033242048239647826,-0.0028033607830686424,-0.012269724973740015,1444.45068359375,1399.798095703125,1401.979646809896,1412.8750549316405,1422.75998046875,1429.7631306966146,0
2023-02-08,1451.08447265625,1455.7451508370484,1432.8386735178374,1437.8960231891294,44476,Chemicals,0.008198637950838306,-0.029417712126345474,-0.017369520275419492,-3.471223771589482e-05,1461.6948974609375,1408.286328125,1403.7943033854167,1413.1378234863282,1421.7465478515626,1429.878816731771,1
2023-02-09,1480.3372802734375,1522.134013719531,1451.778747302299,1457.7284568021798,110683,Chemicals,0.020159272715281285,0.01379267575207832,0.0456047288526491,0.01321856684532463,1463.86650390625,1419.9279296875,1407.8533284505208,1414.8086975097656,1421.784228515625,1430.7481323242187,1
2023-02-10,1479.39404296875,1504.4659934170031,1471.54972531927,1482.1742261343188,39047,Chemicals,-0.0006371772955101607,0.016769768894932424,-0.011607401282199614,0.013618451195617443,1464.20341796875,1432.2437133789062,1412.057706705729,1415.8795837402345,1422.4921923828124,1431.179443359375,0
2023-02-13,1434.66162109375,1483.1175565501767,1424.881102575816,1479.344303752922,38772,Chemicals,-0.030236989318433327,-0.001909304811471113,-0.014190042819338888,-0.031713928479942255,1456.95234375,1443.2346435546874,1413.7294596354166,1415.0931396484375,1422.0395556640624,1429.7494710286458,0
2023-02-14,1445.5841064453125,1459.6343525158593,1412.9657711769169,1434.8106390376984,37345,Chemicals,0.007613283293405049,-0.030103651058274283,-0.015833676791569218,-0.00836233379568252,1458.2123046875,1451.331494140625,1419.2694986979166,1416.0378112792969,1421.9425048828125,1428.668701171875,1
2023-02-15,1435.3568115234375,1448.6126503001587,1419.9164132314063,1441.4633480812424,21623,Chemicals,-0.007074852909820573,0.004636646023203461,-0.007551002205931412,0.004919186434856115,1455.0667724609375,1458.3808349609376,1423.8798095703125,1416.6124206542968,1421.52361328125,1427.2999186197917,0
2023-02-16,1454.818603515625,1467.4290017142482,1427.6117887934931,1438.335681700171,38071,Chemicals,0.013558852987593628,-0.002169785576049965,0.012989222074093254,0.005419597583616875,1449.963037109375,1456.9147705078126,1429.9396321614583,1418.3807556152344,1421.8395654296876,1426.4806966145834,1
2023-02-17,1428.902587890625,1454.2227746491626,1421.1078451953697,1450.499217772907,26371,Chemicals,-0.017813915468480324,0.008456674076497972,-0.008999567985679802,-0.004555820881543715,1439.86474609375,1452.03408203125,1434.7840576171875,1419.0094665527345,1420.6766162109375,1425.3876180013021,0
2023-02-20,1434.2645263671875,1456.6555653061191,1425.8741593589552,1429.8459536747182,27458,Chemicals,0.0037524870638507846,-0.014238728187595862,0.0016729147001177669,0.003353942615755834,1439.7853271484375,1448.3688354492188,1442.084871419271,1420.243426513672,1420.0315771484375,1424.9971842447917,1
2023-02-21,1421.8031005859375,1436.7469040380013,1416.441153994523,1434.7610068715176,28951,Chemicals,-0.008688373415197792,0.00343747043810394,-0.013667377341831655,-0.006615594582815909,1435.0291259765625,1446.6207153320313,1445.897371419271,1423.209405517578,1419.83607421875,1424.1236083984375,0
2023-02-22,1398.7666015625,1418.9235060099288,1393.3550803418004,1418.9235060099288,28661,Chemicals,-0.016202313114905942,-0.01103842436875413,-0.01240538467699459,-0.01629864649697388,1427.711083984375,1441.3889282226562,1448.1575846354167,1424.837628173828,1418.8321533203125,1422.5548583984375,0
2023-02-23,1398.7666015625,1413.9587631617485,1388.4400334059187,1394.645961966144,35002,Chemicals,0.0,-0.017109832870451425,-0.0034989503149055468,-0.00352749059103874,1416.50068359375,1433.2318603515625,1443.443408203125,1426.5798950195312,1418.0047412109375,1420.9497517903646,0
2023-02-24,1391.81591796875,1412.4196001431744,1388.1420568600174,1405.7668934188623,16050,Chemicals,-0.004969151812736827,0.007974017604468031,-0.001088548731882688,-0.00021461247063747635,1409.083349609375,1424.4740478515625,1437.7171712239583,1428.3588806152343,1417.0242431640625,1418.744405110677,0
2023-02-27,1376.325927734375,1398.816236091615,1370.2689659672965,1391.8159004990546,19211,Chemicals,-0.011129338322974136,-0.00992411543131344,-0.009631248426586803,-0.012875548870804998,1397.4956298828124,1418.640478515625,1431.4111002604166,1430.9375610351562,1415.6938671875,1416.2755859375,0
2023-02-28,1368.1341552734375,1382.5816053698738,1361.382177760962,1378.4111486734955,24501,Chemicals,-0.005951913203017467,-0.009631124217472031,-0.011605978185599164,-0.006485433463831902,1386.7618408203125,1410.8954833984376,1426.6677571614584,1431.1134887695312,1415.919892578125,1414.3237019856772,0
2023-03-01,1379.0069580078125,1388.4895436821153,1370.2192666066526,1370.517199647536,18616,Chemicals,0.007947175861713562,-0.005726846473605662,0.004273120869896729,0.006491262328867098,1382.809912109375,1405.260498046875,1421.8625895182292,1431.8206665039063,1416.4320849609376,1412.8284464518229,1
2023-03-02,1389.5322265625,1413.909040764724,1381.2411304032526,1400.05745696158,30896,Chemicals,0.007632498511749963,0.021554094557617365,0.018307301771390616,0.008043868645852381,1380.963037109375,1398.7318603515625,1415.8089192708333,1427.8233154296875,1417.4565234375,1411.831123860677,1
2023-03-03,1390.822998046875,1418.1787793299493,1384.8653066931347,1400.0077722172248,33707,Chemicals,0.0009289251877002691,-3.5487646673493245e-05,0.0030198113472108545,0.0026238548868176004,1380.764453125,1394.9239013671875,1409.9041829427083,1423.4789916992188,1418.8399951171875,1410.9809448242188,1
2023-03-06,1437.8887939453125,1447.5700424622144,1395.0927349996862,1397.227598658142,76869,Chemicals,0.033840248517986726,-0.00198582723200158,0.020724653027280215,0.0073851429861964135,1393.0770263671875,1395.286328125,1410.1193277994792,1421.8275817871095,1423.3654541015626,1411.9243937174479,1
2023-03-08,1458.1448974609375,1465.1948076909218,1414.2069255762617,1435.5056227856971,56363,Chemicals,0.014087392294118928,0.027395697139332542,0.012175414461278233,0.013701017930238146,1411.0791748046875,1398.9205078125,1410.9567138671875,1422.7706115722656,1427.1066259765626,1415.113106282552,1
2023-03-09,1436.3497314453125,1484.358768190712,1429.200429368844,1465.492746292908,54629,Chemicals,-0.014947188069976303,0.020889589724503166,0.013079462470926728,0.010602057960133804,1422.5477294921875,1402.6788208007813,1411.0229085286458,1422.0338745117188,1429.9660791015624,1417.4513590494792,0
2023-03-10,1432.5762939453125,1454.6693956887077,1406.0149244335903,1430.8386342576298,31663,Chemicals,-0.002627102172534923,-0.0236467305095428,-0.020001480193493015,-0.0162227105861511,1431.15654296875,1406.0597900390626,1409.540087890625,1419.6458251953125,1428.4899609375,1419.7398600260417,0
2023-03-13,1408.7457275390625,1443.7471632365086,1390.1279425936125,1438.4844875414465,42368,Chemicals,-0.016634762495350675,0.005343616743884949,-0.007508395024030889,-0.011299298153878312,1434.7410888671875,1407.7527709960937,1408.1962972005208,1416.1134094238282,1425.7314111328126,1421.4901774088542,0
2023-03-14,1397.525390625,1422.6967333785628,1381.2907060463965,1404.7739635363228,36821,Chemicals,-0.007964770855889869,-0.023434749764134954,-0.014580412965630507,-0.006357138991629818,1426.668408203125,1409.8727172851563,1405.747021484375,1414.2565979003907,1422.7957470703125,1423.915946451823,0
2023-03-15,1382.0849609375,1421.9518651336607,1371.609306388499,1408.6959064626942,24735,Chemicals,-0.011048407271223026,0.002791867608720855,-0.0005235608035264461,-0.00700895156647241,1411.4564208984375,1411.2677978515626,1403.0991455078124,1411.081640625,1420.5077734375,1424.4982584635416,0
2023-03-16,1371.2122802734375,1399.0645361663865,1365.304284761378,1382.085139848717,72981,Chemicals,-0.007866868514861292,-0.018890355606128062,-0.016095712891886715,-0.004596805808880222,1398.4289306640626,1410.488330078125,1401.2621907552084,1407.8744140625,1417.3128857421875,1424.7098876953125,0
2023-03-17,1351.849609375,1395.092562555826,1341.523042534379,1376.623745756067,67971,Chemicals,-0.014120841227133973,-0.003951561257107494,-0.0028390210085977863,-0.01741827260957829,1382.28359375,1406.720068359375,1398.1343912760417,1402.7259643554687,1412.17337890625,1420.7888997395833,0
2023-03-20,1358.2047119140625,1366.4958084433654,1340.4806037288895,1356.8642555522426,53669,Chemicals,0.004701042553099333,-0.014353588091691627,-0.020498105201042005,-0.0007770562058481145,1372.175390625,1403.4582397460938,1395.893644205729,1399.1910705566406,1407.3258056640625,1416.8054077148438,1
2023-03-21,1343.2110595703125,1374.0917331311314,1340.480451243705,1365.00623027524,51012,Chemicals,-0.011039316983829428,0.006000581627587653,0.005558688611287277,-1.1375411490543996e-07,1361.3125244140624,1393.9904663085938,1393.685986328125,1394.6383972167969,1403.667783203125,1412.5485432942708,0
2023-03-22,1342.81396484375,1359.3962785704955,1340.4805599627605,1348.8213521333255,42281,Chemicals,-0.00029563092392159707,-0.011856999464867513,-0.010694667762209398,8.110454396970113e-08,1353.4583251953125,1382.457373046875,1391.9979736328125,1390.6889404296876,1399.5569775390625,1409.3328653971355,0
2023-03-23,1334.076171875,1356.3181240785584,1329.558207153281,1342.4665392615652,31917,Chemicals,-0.00650707633187797,-0.004711382172078893,-0.002264354066920049,-0.008148087436480878,1346.031103515625,1372.2300170898438,1389.002587890625,1387.4544189453125,1395.505751953125,1405.4325887044272,0
2023-03-24,1305.9754638671875,1351.5021265808496,1295.797742137753,1337.501577516899,56791,Chemicals,-0.021063795756368187,-0.003698387706107864,-0.003550787541809708,-0.0253922429525012,1336.8562744140625,1359.5699340820313,1383.4321370442708,1382.8148620605468,1389.5520263671874,1399.6205281575521,0
2023-03-27,1275.29345703125,1315.0113993763478,1271.0734256570834,1315.0113993763478,87522,Chemicals,-0.02349355534221409,-0.01681506662766319,-0.027000125628229177,-0.01908038243675314,1320.2740234375,1346.22470703125,1375.7301676432292,1376.9887390136719,1383.4076611328126,1392.8171752929688,0
2023-03-28,1245.5048828125,1310.5927031761032,1242.4267668129512,1280.6055868078272,93463,Chemicals,-0.023358211441070753,-0.02616388921406898,-0.0033601961187105234,-0.022537375312777996,1300.7327880859375,1331.02265625,1362.9045735677084,1370.447686767578,1375.857275390625,1386.5119506835938,0
2023-03-29,1230.064697265625,1264.9667414060673,1226.2914443376935,1243.1715694824231,90965,Chemicals,-0.012396728234424281,-0.02923149618511034,-0.03481322737374126,-0.012986940483138198,1278.1829345703125,1315.8206298828125,1347.6992268880208,1363.5442138671874,1368.1877392578126,1379.327970377604,0
2023-03-31,1258.95947265625,1268.442058446465,1218.4471239158647,1236.220926946807,173115,Chemicals,0.02349045172571551,-0.005591056541383144,0.002747358429783464,-0.006396783128553407,1263.1595947265625,1304.5953491210937,1335.8732096354167,1357.5418395996094,1362.5954541015626,1373.4480590820312,1
2023-04-03,1313.7701416015625,1322.6074075304218,1265.810801576743,1277.875028934562,79044,Chemicals,0.04353648400585031,0.03369470705420863,0.042702265131681516,0.03887216501333279,1264.7185302734374,1300.78740234375,1327.9527994791667,1353.7537353515625,1359.195595703125,1368.746443684896,1
2023-04-05,1365.9000244140625,1370.2690223504214,1279.8610068484843,1325.6856074537784,139259,Chemicals,0.03967960692800543,0.03741412691902979,0.03603610152841474,0.011099767243445635,1282.83984375,1301.55693359375,1325.0964192708334,1352.507586669922,1358.1589599609374,1366.646358235677,1
2023-04-06,1384.865234375,1389.1349614393637,1357.3606092120158,1368.2830427901667,81482,Chemicals,0.013884771668463136,0.03213238123494788,0.013768054871868607,0.060553139715042725,1310.7119140625,1305.7223510742188,1324.2524088541666,1349.8564086914062,1358.5005322265624,1364.9997151692708,1
2023-04-10,1392.2628173828125,1402.0433362443089,1363.3183432460596,1389.7804460367709,40515,Chemicals,0.005341734938671516,0.015711225363699066,0.009292383507193636,0.004389205045151945,1343.1515380859375,1310.667236328125,1324.9309326171874,1346.5623046875,1359.4656787109375,1364.0150390625,1
2023-04-11,1397.773681640625,1418.3277901790789,1370.269054181808,1387.2484508286736,369860,Chemicals,0.003958206876609527,-0.0018218670548414417,0.011614800708223294,0.005098377037309421,1370.9143798828125,1317.0369873046875,1326.7016927083334,1344.6335021972657,1360.21634765625,1363.9819417317708,1
2023-04-12,1436.9454345703125,1461.5704844484312,1385.6596207119446,1403.036219323524,185544,Chemicals,0.028024388671927136,0.011380635159779384,0.030488505244540498,0.011231784358821661,1395.5494384765625,1330.133984375,1332.3747477213542,1344.8519592285156,1362.1128759765625,1365.254569498698,1
2023-04-13,1451.6907958984375,1463.60617862811,1427.4628267728615,1434.8106703647347,53428,Chemicals,0.010261601431326595,0.022646921443361556,0.001392812868992177,0.03016845222020592,1412.7075927734375,1347.7737182617188,1338.6071533203126,1346.9992126464845,1364.547587890625,1367.250398763021,1
2023-04-17,1414.5047607421875,1447.3216342381827,1405.022054575552,1447.3216342381827,42802,Chemicals,-0.025615671919470895,0.008719592160732592,-0.011126315690462185,-0.015720740166693226,1418.635498046875,1364.6737060546875,1343.3600667317708,1347.8481811523438,1363.6122265625,1368.5230265299479,0
2023-04-18,1396.6317138671875,1422.0014744574169,1392.1137498613575,1419.6183738962047,25320,Chemicals,-0.012635550880452318,-0.019141053160972032,-0.017494494092941126,-0.009187261276189629,1419.50927734375,1381.3304077148437,1346.9479166666667,1348.5755187988282,1361.15169921875,1369.4729451497396,0
2023-04-19,1403.7808837890625,1424.881038540976,1392.113739396828,1397.0287857846388,39072,Chemicals,0.005118865518297211,-0.015912437121793355,0.0020250078043400066,-7.517007571955503e-09,1420.7107177734374,1395.812548828125,1351.5948974609375,1350.2039489746094,1359.8489453125,1370.2987426757813,1
2023-04-20,1385.262451171875,1412.1217570278798,1380.198437979469,1407.008047925833,22716,Chemicals,-0.013191825612557717,0.00714320437970728,-0.00895462931148372,-0.008559143610292641,1410.37412109375,1402.9617797851563,1356.8806966145833,1351.8745910644532,1357.9563916015625,1370.1564168294271,0
2023-04-21,1372.5528564453125,1387.6953221339568,1365.502824632474,1386.1065074547275,21931,Chemicals,-0.009174864095833013,-0.014855309819952867,-0.017297683271542907,-0.010647464120093209,1394.546533203125,1403.6270629882813,1363.364656575521,1352.5919982910157,1356.5086767578125,1369.547412109375,0
2023-04-24,1368.928466796875,1379.5529672089658,1356.8144224328346,1375.2336654978649,26212,Chemicals,-0.002640619362247465,-0.00784416053051229,-0.005867537920694166,-0.006362785959068029,1385.4312744140625,1402.0333862304688,1371.5928955078125,1353.8778686523438,1355.3647998046874,1367.2487345377604,0
2023-04-25,1412.916015625,1425.874041997439,1362.325338175826,1382.1843081200802,105825,Chemicals,0.03213283228089381,0.005054153920598603,0.033576873008498875,0.004061657697528087,1388.688134765625,1404.0987060546875,1383.7829833984374,1357.3829711914063,1356.5980419921875,1365.741105143229,1
2023-04-26,1394.695556640625,1421.902372080157,1390.1280173968014,1412.9161389124529,40708,Chemicals,-0.01289564190856396,0.022234249522172123,-0.002785428305938087,0.02040825230352361,1386.8710693359376,1403.7908935546875,1392.8320556640624,1360.4139404296875,1357.537373046875,1364.3526326497397,0
2023-04-27,1394.2982177734375,1402.5397387041492,1390.1278826094222,1395.092625047313,21308,Chemicals,-0.0002848929038997694,-0.012614700458343453,-0.013617414075821177,-9.696040759177293e-08,1388.67822265625,1399.526171875,1398.200594075521,1364.830078125,1359.2353173828126,1363.0766967773438,0
2023-04-28,1433.817626953125,1447.2224316372435,1395.241602159624,1404.0291720995283,102616,Chemicals,0.028343584375225106,0.0064057015941232365,0.0318584149169121,0.0036785964904200164,1400.9311767578124,1397.7388549804687,1402.7284342447917,1372.7562866210938,1362.259833984375,1363.9124267578125,1
2023-05-02,1458.542236328125,1477.3089892843304,1446.6268530174607,1453.6767639010277,92853,Chemicals,0.017243901114216253,0.03536079790084301,0.020789173101089853,0.03682892681690397,1418.8539306640625,1402.1426025390624,1407.640234375,1383.408154296875,1366.8730810546874,1365.9463216145834,1
2023-05-03,1458.2938232421875,1481.4791462284545,1449.8040651737545,1456.6554339927227,69506,Chemicals,-0.0001703160043982077,0.002049059437189804,0.002822806179595627,0.0021962900451257816,1427.9294921875,1408.3088134765626,1412.0423014322917,1394.8196105957031,1371.492275390625,1368.4866170247396,0
2023-05-04,1470.3084716796875,1483.4650391284506,1450.7474349755282,1462.0173760576563,50924,Chemicals,0.008238839283285282,0.0036809954775895992,0.0013404798204901258,0.0006506877890846141,1443.0520751953125,1414.961572265625,1416.8779541015624,1405.387060546875,1376.9415673828125,1371.7898234049478,1
2023-05-05,1453.1304931640625,1475.2235981909955,1443.6974820289674,1471.847670120803,43602,Chemicals,-0.011683248003053981,0.006723787435176876,-0.005555534320038302,-0.004859531560488128,1454.8185302734375,1421.7483764648437,1417.9569580078125,1412.355078125,1382.8277685546875,1375.1658528645833,0
2023-05-08,1492.5506591796875,1504.217804814201,1445.782806027078,1463.5564883664908,117325,Chemicals,0.02712775363332387,-0.005633179249882381,0.019654109830373967,0.0014444328012401808,1466.56513671875,1433.7481567382813,1420.6809488932292,1418.6876098632813,1391.518056640625,1379.6440511067708,1
2023-05-09,1481.926025390625,1513.6508045120668,1470.954016561649,1499.0543879986417,78224,Chemicals,-0.007118440988061248,0.024254546998572657,0.006271033136076243,0.01741009121815451,1471.24189453125,1445.0479125976562,1425.1756998697917,1423.5406494140625,1400.97490234375,1384.2678833007812,0
2023-05-10,1479.6917724609375,1500.593386392936,1471.7978805498292,1487.4368190680684,45734,Chemicals,-0.0015076683258185009,-0.0077499315725853,-0.008626440180395378,0.000573684818613529,1475.521484375,1451.72548828125,1430.713037109375,1427.9120971679688,1410.9599853515624,1388.830476888021,0
2023-05-11,1495.6785888671875,1499.352450361073,1476.5146315807388,1480.0396477458717,35987,Chemicals,0.010804153070109734,-0.004973099514123502,-0.0008269635486306548,0.0032047546020024242,1480.5955078125,1461.8237915039062,1436.83955078125,1432.8073425292969,1420.42875,1394.2172241210938,1
2023-05-12,1494.139404296875,1497.7636909250168,1475.5713139799946,1495.6785231090937,32910,Chemicals,-0.0010290877878236238,0.01056652461104024,-0.0010596303995591416,-0.0006388813091098289,1488.7972900390625,1471.80791015625,1444.0980143229167,1435.667041015625,1427.6435205078126,1400.48935546875,0
2023-05-15,1524.622802734375,1529.1407671210486,1477.557138428281,1487.4369280177473,115761,Chemicals,0.020401977452595865,-0.005510271735542749,0.020949283512576855,0.0013458003889559311,1495.21171875,1480.888427734375,1454.2360107421875,1439.3136413574218,1433.992431640625,1408.8003336588542,1
2023-05-16,1513.7003173828125,1553.9147322980923,1509.3314408781637,1529.1407152970614,72879,Chemicals,-0.0071640574520945854,0.028037348336437562,0.016201232554728273,0.02150461841609852,1501.5665771484375,1486.4042358398438,1463.8874674479166,1444.273419189453,1439.1458349609375,1417.7401814778646,0
2023-05-17,1516.629638671875,1537.829065960725,1484.4580814277865,1517.9203990604362,53344,Chemicals,0.001935205572346943,-0.007337661030394793,-0.01035170463541335,-0.016479719945345694,1508.954150390625,1492.2378173828124,1470.801708984375,1450.2733154296875,1444.1205078125,1427.2923461914063,1
2023-05-18,1495.72802734375,1563.298224803836,1485.947508346624,1529.140770366723,289600,Chemicals,-0.013781618659667427,0.007391936568763358,0.016561761906353167,0.0010033472399604282,1508.9640380859375,1494.7797729492188,1477.53720703125,1454.870672607422,1448.038681640625,1435.1846313476562,0
2023-05-19,1485.84814453125,1501.3381167318146,1458.641331666029,1497.068389741423,64059,Chemicals,-0.006605400602170741,-0.020974119091473953,-0.03963422147415052,-0.018376272733199084,1507.3057861328125,1498.0515380859374,1483.640535481771,1459.8999572753905,1449.9947900390625,1440.920564778646,0
2023-05-22,1489.5220947265625,1499.3026136963333,1464.897043426943,1485.848233577565,48022,Chemicals,0.0024726283159115514,-0.007494751903616148,-0.0013557925511891167,0.004288725147921557,1500.28564453125,1497.748681640625,1487.3541666666667,1465.7484191894532,1451.5080419921876,1445.0413004557292,1
2023-05-23,1467.9254150390625,1497.3663627934536,1464.5990617508912,1497.3663627934536,36560,Chemicals,-0.0144990663542085,0.007751888083586955,-0.001291434354340315,-0.0002034147569542899,1491.1306640625,1496.3486206054688,1487.9797119140626,1470.6982666015624,1453.6448681640625,1447.8099731445313,0
2023-05-24,1455.0667724609375,1473.4363199169577,1452.038231018158,1472.4929461056574,33391,Chemicals,-0.008759738367076886,-0.016611443468913523,-0.015981421428388765,-0.008576293035253646,1478.8180908203126,1493.8861206054687,1487.7645751953125,1472.8058044433594,1455.9822705078125,1449.903438313802,0
2023-05-25,1437.392333984375,1459.535135706964,1425.8741547478194,1450.6978691410611,45193,Chemicals,-0.012146822957595171,-0.014801481407594075,-0.009434533425087044,-0.018018861839465883,1467.1509521484375,1488.0574951171875,1485.570166015625,1474.9406433105469,1457.326728515625,1451.2240600585938,0
2023-05-26,1424.136474609375,1447.2225286687565,1419.9164432221762,1439.427906701368,58525,Chemicals,-0.009222158113404877,-0.007768648923683785,-0.008435978509173436,-0.004178287056964658,1454.8086181640624,1481.0572021484375,1483.6372314453124,1476.4325561523438,1458.881689453125,1450.7970947265626,0
2023-05-29,1418.62548828125,1523.1333189976517,1366.2971502685857,1421.207251375839,5722444,Chemicals,-0.0038697038004287254,-0.012658261827981465,0.05245274228747854,-0.0377622874990543,1440.629296875,1470.457470703125,1478.70888671875,1475.67294921875,1460.7245947265626,1449.6949178059897,0
2023-05-30,1402.986572265625,1442.853479853079,1395.3409170941295,1430.838826922356,116333,Chemicals,-0.011023991987182291,0.006777037998640267,-0.052707033680678306,0.021257284200464355,1427.6415283203125,1459.3860961914063,1473.4462565104166,1472.895166015625,1462.0869189453124,1449.3109781901042,0
2023-05-31,1408.7457275390625,1413.6607742808462,1386.7518933482631,1407.0577635211566,118131,Chemicals,0.004104925440688412,-0.016620364889280315,-0.020232619583247957,-0.0061555019570080916,1418.3773193359375,1448.597705078125,1468.7165201822916,1470.4177612304688,1461.920107421875,1449.7147786458333,1
2023-06-01,1401.546875,1417.3347811494532,1398.071555083245,1410.4834119287991,70719,Chemicals,-0.005110114904581242,0.002434618177344694,0.002598931041625674,0.008162715904177276,1411.2082275390626,1439.17958984375,1462.441072591146,1466.9796813964845,1462.19416015625,1449.640311686198,0
2023-06-02,1399.908447265625,1414.9516415918242,1393.901181442834,1414.9516415918242,66936,Chemicals,-0.0011690138686050178,0.0031678711179701224,-0.0016814231819642922,-0.0029829472069922147,1406.3626220703125,1430.5856201171875,1456.1590087890625,1464.3185791015626,1462.4185693359375,1450.1285115559897,0
2023-06-05,1407.653564453125,1415.9446607704265,1402.043380790913,1414.951712200461,111659,Chemicals,0.0055325883650663155,4.9901802245955196e-08,0.0007018043227859927,0.00584130314004816,1404.1682373046874,1422.3987670898437,1448.3610595703126,1460.0737243652343,1461.3720068359376,1451.29853515625,1
2023-06-06,1396.6317138671875,1413.9586161216644,1387.2979740413325,1409.986822256154,120725,Chemicals,-0.007829945424263185,-0.0035088758870689407,-0.0014026287211545974,-0.010517083102851266,1402.897265625,1415.2693969726563,1440.556486002604,1455.8090087890625,1458.8955859375,1452.2219767252604,0
2023-06-07,1390.02880859375,1404.625104941684,1387.6457076446152,1404.625104941684,157284,Chemicals,-0.00472773545658256,-0.003802671932699786,-0.006600979034012466,0.0002506553096661701,1399.1538818359375,1408.7656005859376,1432.1164306640626,1451.325860595703,1456.1649853515626,1451.4590698242187,0
2023-06-08,1396.383544921875,1410.979839606403,1378.262234525804,1398.716949689873,125538,Chemicals,0.004571658003659662,-0.004206215047008022,0.004524149997292559,-0.006762153384770486,1398.1212158203125,1404.6647216796875,1425.4934651692708,1446.3611083984374,1453.20798828125,1451.5153361002604,1
2023-06-09,1367.4390869140625,1404.029215857697,1355.8712123434832,1396.631797822318,374302,Chemicals,-0.02072815747011103,-0.0014907604201245261,-0.004926097137323282,-0.016245835967510502,1391.62734375,1398.9949829101563,1417.5995279947917,1440.0260925292969,1449.78033203125,1450.6200317382813,0
2023-06-12,1338.693115234375,1364.0133019090626,1330.5509860424063,1364.0133019090626,479686,Chemicals,-0.02102175662139316,-0.02335511475831742,-0.02850077013831176,-0.018674506893109344,1377.83525390625,1391.0017456054688,1407.5442626953125,1430.7296081542968,1443.6260302734374,1447.4492146809896,0
2023-06-13,1330.8985595703125,1359.6444927066482,1320.22436269936,1343.4593829208295,235220,Chemicals,-0.005822511205413883,-0.015068708611174153,-0.0032029080627732354,-0.0077611631958289795,1364.688623046875,1383.7929443359376,1398.4091389973958,1421.5895202636718,1437.584931640625,1443.194425455729,0
2023-06-14,1358.80029296875,1362.6232415674845,1336.5086481750511,1338.4448492186843,147365,Chemicals,0.020964583061421127,-0.003732553262044358,0.0021908292033798737,0.012334483392198559,1358.442919921875,1378.7984008789062,1391.9913736979167,1413.6980529785155,1432.7492724609374,1439.8779744466146,1
2023-06-15,1353.9349365234375,1380.1983751054815,1351.2043282273655,1365.304148035998,184345,Chemicals,-0.0035806265795560455,0.02006754244150799,0.012898013920399354,0.010995574231697391,1349.9531982421875,1374.03720703125,1386.4275472005208,1406.6083984375,1427.0795263671876,1435.9988566080729,0
2023-06-16,1374.1910400390625,1390.1279120864388,1358.9990005826958,1363.3183023533431,160346,Chemicals,0.01496091353373119,-0.0014545079098393643,0.007194282474211944,0.005768685159228237,1351.3035888671875,1371.4654663085937,1383.0978515625,1401.0255432128906,1422.281591796875,1433.3675415039063,1
2023-06-19,1374.935791015625,1386.1561579701151,1368.0348471657064,1374.7869457026711,78324,Chemicals,0.0005419559252410888,0.008412300582725907,-0.002857114141649353,0.006648898622542365,1358.5521240234375,1368.1936889648437,1380.185205078125,1395.2962280273437,1416.294111328125,1429.4470458984374,1
2023-06-20,1353.7860107421875,1375.9286895926416,1352.3958585986377,1375.2336741256336,85286,Chemicals,-0.015382376698343636,0.00032494374809055593,-0.0073782945151364965,-0.011431717985451617,1363.1296142578126,1363.9091186523438,1376.905167643229,1389.5892578125,1409.8975390625,1425.175712076823,0
2023-06-21,1359.892822265625,1376.2267784758374,1355.3748575898398,1359.4956185782678,70715,Chemicals,0.004510913449378595,-0.011443913746056245,0.00021664559032053,0.002202756664967165,1363.3481201171876,1360.8955200195312,1373.6483072916667,1384.8305603027343,1403.62806640625,1421.1824137369792,1
2023-06-22,1353.239990234375,1365.304340099711,1336.6081010004332,1363.318442877748,123429,Chemicals,-0.0048921737965835765,0.0028119430818600577,-0.00793651057147926,-0.013846174351188845,1363.209130859375,1356.5811645507813,1370.4278483072917,1380.6229431152344,1397.928544921875,1416.4344604492187,0
2023-06-23,1337.1541748046875,1360.2898030466345,1328.0686714274073,1354.779011378771,211417,Chemicals,-0.011886890385866766,-0.006263710099125297,-0.00367283462433754,-0.006388880605043723,1355.8017578125,1353.5526733398438,1366.244230143229,1376.273828125,1391.9807861328125,1411.2016194661458,0
2023-06-26,1366.148193359375,1382.1843361565468,1335.5157558409162,1348.1261535274955,71845,Chemicals,0.021683377355436573,-0.004910659078269042,0.016095491608387524,0.005607454323506289,1354.04423828125,1356.2981811523437,1363.477205403646,1373.6499633789062,1387.045830078125,1405.9191324869792,1
2023-06-27,1377.0706787109375,1382.6808622863591,1361.6304014125662,1380.1984908998488,97759,Chemicals,0.00799509555746214,0.023790308709932706,0.0003592329306763009,0.019553977897630137,1358.701171875,1360.9153930664063,1362.1731363932292,1372.3541687011718,1383.411640625,1401.3648111979167,1
2023-06-28,1383.22705078125,1385.1632520045364,1365.3042806496326,1377.1699675503708,82900,Chemicals,0.004470628970239421,-0.002194266527203337,0.0017953453945058762,0.0026981471868248175,1363.368017578125,1363.3580688476563,1361.7196858723958,1371.0782348632813,1380.5380517578126,1396.918058268229,1
2023-06-30,1386.1561279296875,1395.092664571068,1373.2477972254712,1384.1702308982694,159802,Chemicals,0.0021175678618945426,0.005083078714205769,0.007168405999915528,0.005818129107497461,1369.9512451171875,1366.5801879882813,1361.0378580729166,1370.3086975097656,1378.488603515625,1393.2656616210938,1
2023-07-03,1393.05712890625,1407.9513572542676,1390.1279791482896,1407.9513572542676,71556,Chemicals,0.004978516371651143,0.017180781543441492,0.00921708859185566,0.012292160203659641,1381.1318359375,1368.466796875,1362.7457275390625,1369.966131591797,1377.2454296875,1390.172627766927,1
2023-07-04,1377.8651123046875,1398.7666070518271,1373.2478771958515,1398.7666070518271,53264,Chemicals,-0.010905523030121822,-0.006523485456452316,-0.006523485456452316,-0.012142840231717522,1383.4752197265625,1368.7597290039062,1365.3571940104166,1368.476708984375,1375.6150146484374,1386.4507283528646,0
2023-07-05,1368.7298583984375,1386.156153656371,1365.5027756624895,1384.5674602436582,48681,Chemicals,-0.006630005959705199,-0.010151190868143756,-0.009015409241170724,-0.005639987989041972,1381.8070556640625,1370.2541137695312,1367.8792805989583,1367.0816162109375,1374.24474609375,1383.1442097981771,0
2023-07-06,1364.609130859375,1375.1343603998898,1358.353507014313,1368.28299171471,63465,Chemicals,-0.0030106214997633884,-0.011761412135225524,-0.007951335949711202,-0.0052356309892581665,1378.0834716796876,1370.7257446289063,1368.2665364583333,1365.8106323242187,1372.4792822265624,1380.128955078125,0
2023-07-07,1350.260986328125,1370.2689227390106,1345.4452103705505,1362.3253347811033,169400,Chemicals,-0.010514472024831134,-0.004354111663801952,-0.003538154380394065,-0.009502899338873272,1370.904443359375,1370.4278442382813,1368.0216064453125,1363.5045043945313,1370.4278466796875,1377.2245768229166,0
2023-07-10,1343.955810546875,1360.3394609894488,1334.0263254301638,1350.4099758727373,60566,Chemicals,-0.004669597837078987,-0.008746338781316476,-0.007246359882200348,-0.008487067962612782,1361.0841796875,1371.1080078125,1366.0059244791667,1362.330340576172,1368.1897412109374,1374.5518880208333,0
2023-07-11,1314.614013671875,1354.3319505170937,1296.939604501467,1350.1119197272892,117225,Chemicals,-0.02183241193254737,-0.0002207153018515262,-0.00441618481609396,-0.02780059150387293,1348.4339599609375,1365.95458984375,1361.98447265625,1361.1263854980468,1364.4681591796875,1371.0848388671875,0
2023-07-12,1300.2164306640625,1339.4875943109612,1290.8331153478498,1320.571875944548,158462,Chemicals,-0.010951947003514984,-0.021879700009394765,-0.01096064831112109,-0.004708383591975007,1334.7312744140625,1358.2691650390625,1358.4131673177083,1359.5922790527343,1360.6115478515626,1367.6591674804688,0
2023-07-13,1288.99609375,1311.684942279545,1285.8682817956178,1308.110351992908,120711,Chemicals,-0.008629591696770023,-0.009436460202309704,-0.020756184789988974,-0.003846224189014591,1319.6086669921874,1348.8460693359375,1353.68671875,1356.102069091797,1356.5702392578125,1363.6675130208334,0
2023-07-14,1300.514404296875,1313.2241946207382,1290.4359519552424,1299.4717598027412,67261,Chemicals,0.008935876999724313,-0.006603871131365846,0.001173492423049538,0.003552206881754838,1309.6593505859375,1340.2818969726563,1350.1716796875,1353.4310424804687,1352.7354736328125,1360.2997639973958,1
2023-07-17,1308.7061767578125,1320.6215592472615,1301.8548075844717,1308.4082437117609,101723,Chemicals,0.006298870995870676,0.006877012787393166,0.00563297924057804,0.008848835629484464,1302.609423828125,1331.8468017578125,1348.275146484375,1350.1567993164062,1350.3861572265625,1357.2596883138021,1
2023-07-18,1307.1175537109375,1325.586373322055,1295.8476114081234,1315.3589543174749,69649,Chemicals,-0.0012138882471011136,0.005312340883756539,0.003759452539623176,-0.00461433651537102,1301.1101318359374,1324.7720458984375,1344.3397705078125,1346.765887451172,1349.123134765625,1353.9084879557292,0
2023-07-19,1306.1741943359375,1323.600490842476,1302.3017917429704,1307.0678723226015,65519,Chemicals,-0.0007217096674447809,-0.006303284717573909,-0.001498116244664005,0.0049806630641033856,1302.3016845703125,1318.5164794921875,1339.6133382161458,1344.3852966308593,1348.13416015625,1350.8932373046875,0
2023-07-20,1307.7132568359375,1320.9195212012407,1302.798209935291,1309.4012209084012,129948,Chemicals,0.001178298045294346,0.001785177828335316,-0.002025512728186407,0.00038118521794872073,1306.0451171875,1312.8268920898438,1334.5790852864584,1341.776318359375,1346.0906787109375,1348.1493855794272,1
2023-07-21,1307.4154052734375,1326.4800915877893,1302.3018168253784,1310.6921842178017,111083,Chemicals,-0.00022776519312850407,0.0009859188221199577,0.0042096208718998,-0.0003810207184251624,1307.4253173828124,1308.542333984375,1329.3297037760417,1339.485089111328,1344.2298974609375,1345.1837809244792,0
2023-07-24,1301.2093505859375,1317.5930013048896,1298.77667517512,1317.5930013048896,98255,Chemicals,-0.0047468116579229,0.005265017347460654,-0.006699753987458479,-0.002706854589861196,1305.9259521484375,1304.2676879882813,1323.2065185546876,1337.6878479003906,1341.3106298828125,1342.976123046875,0
2023-07-25,1287.9534912109375,1310.394103349598,1284.974645673694,1310.04659561216,100040,Chemicals,-0.010187337932232698,-0.005727417863677142,-0.005463673492620336,-0.010626945929380072,1302.0931396484375,1301.6016357421875,1317.2124104817708,1333.7781127929688,1337.831337890625,1341.2848022460937,0
2023-07-26,1285.7691650390625,1307.713304834235,1283.3860641596425,1307.713304834235,147023,Chemicals,-0.0016959666531290996,-0.0017810746470697802,-0.002045795618669577,-0.001236274598413356,1298.0121337890625,1300.1569091796875,1311.6816975911458,1329.213037109375,1335.1106640625,1339.7804890950522,0
2023-07-27,1283.7335205078125,1305.727355335795,1281.896589915218,1295.4999366923143,98050,Chemicals,-0.001583211502189208,-0.009339484500747508,-0.001518642879214105,-0.0011605815942841158,1293.2161865234375,1299.6306518554688,1306.289990234375,1324.2383605957032,1332.0642919921875,1337.2782633463542,0
2023-07-28,1276.9815673828125,1296.8901136485135,1273.8040592070831,1290.5352185065983,90945,Chemicals,-0.005259622045492018,-0.003832279759420132,-0.006768060461602832,-0.006312935670318098,1287.1294189453124,1297.2773681640624,1301.404695638021,1318.7796325683594,1329.013955078125,1334.7131510416666,0
2023-07-31,1291.1309814453125,1325.040075710967,1287.0597956326944,1289.740829305116,218680,Chemicals,0.011080358889987263,-0.0006155501919595796,0.021705741886843155,0.010406417164240178,1285.1137451171876,1295.5198486328125,1297.8830403645834,1313.6833251953126,1327.17302734375,1331.944482421875,1
2023-08-01,1291.6275634765625,1311.4865351092924,1288.8472589641628,1297.485863140583,134681,Chemicals,0.000384610111898942,0.006005108669498993,-0.010228777868776628,0.0013887958722149651,1285.8485595703125,1293.970849609375,1296.3506103515624,1309.3714477539063,1324.1922021484374,1329.1675415039062,1
2023-08-02,1297.2872314453125,1316.6497274370336,1289.8401176023428,1295.7481127672847,190273,Chemicals,0.004381811079903208,-0.0013393212386083597,0.00393690075309161,0.0007703462386829951,1288.1521728515625,1293.0821533203125,1296.1553304036458,1305.79931640625,1321.0008642578125,1327.284248860677,1
2023-08-03,1291.4652099609375,1313.6588515827575,1278.8754776536498,1300.7208117310086,173520,Chemicals,-0.0044878430491361865,0.0038377049634312765,-0.002271580506151838,-0.00850077447511477,1289.6985107421874,1291.4573486328125,1296.3199381510417,1302.1421203613281,1317.330390625,1325.003328450521,0
2023-08-04,1303.3084716796875,1312.6138834140884,1273.8992642876465,1288.8277712910174,131606,Chemicals,0.009170407090647315,-0.009143422887317287,-0.0007954638812124326,-0.00389108513921399,1294.9638916015624,1291.0466552734374,1296.506209309896,1299.7944946289062,1314.016484375,1323.3389444986979,1
2023-08-07,1329.333740234375,1338.539652899401,1307.7870256200067,1312.3650768097789,208533,Chemicals,0.019968617652846632,0.01826256854721886,0.019751253443914596,0.026601602090813747,1302.604443359375,1293.8590942382812,1297.8813802083334,1299.0633911132813,1311.467548828125,1323.078263346354,1
2023-08-08,1372.0791015625,1385.763566301477,1318.1373567528492,1336.00187634156,549650,Chemicals,0.032155477615868344,0.01801084160913491,0.03528017515191628,0.007914385851882422,1318.6947509765625,1302.2716552734375,1302.2121500651042,1301.9366455078125,1311.2361083984374,1323.2759602864583,1
2023-08-09,1397.009521484375,1407.2604773760752,1378.3986995515304,1378.3986995515304,364313,Chemicals,0.018169812435365085,0.0317341045403825,0.015512683113737769,0.04571704344009442,1338.639208984375,1313.3956909179688,1308.2678385416666,1306.776300048828,1312.367294921875,1323.9405883789063,1
2023-08-10,1393.5262451171875,1416.167812880337,1386.5596088823725,1401.289116945665,246937,Chemicals,-0.0024933805486783145,0.016606528576660784,0.0063295570702517345,0.005920572424725323,1359.051416015625,1324.3749633789062,1313.9887044270833,1312.0028076171875,1313.5239794921874,1324.2838948567708,0
2023-08-11,1419.7508544921875,1426.2695631199742,1393.526346144832,1400.741791339709,232109,Chemicals,0.018818884442893813,-0.0003905872095467666,0.007133159042141735,0.005024477287402629,1382.339892578125,1338.6518920898438,1321.477734375,1317.9646301269531,1316.30357421875,1325.403719075521,1
2023-08-14,1399.19921875,1433.1366669118086,1388.3013357855912,1421.9900969867836,259532,Chemicals,-0.014475522713834454,0.015169323695805703,0.004814730657795474,-0.0037494880335026126,1396.31298828125,1349.4587158203126,1328.010392252604,1322.4892822265624,1318.513310546875,1325.6084554036458,0
2023-08-16,1390.490966796875,1416.665543574694,1384.6190629152031,1396.3130603917557,145772,Chemicals,-0.006223739862365463,-0.018057113512560896,-0.011493058350539043,-0.0026523585157428586,1399.995361328125,1359.3450561523437,1334.8462239583334,1326.6579528808593,1321.548388671875,1326.029317220052,0
2023-08-17,1377.8016357421875,1403.279595591396,1375.413050430716,1391.2372914446582,95925,Chemicals,-0.009125791794188043,-0.003635122445731054,-0.009448911949620165,-0.00664876913156498,1396.1537841796876,1367.3964965820312,1340.9817220052084,1330.239324951172,1324.651796875,1326.3317097981771,0
2023-08-18,1368.6455078125,1387.1569541519266,1364.4655743420833,1377.403614069616,114919,Chemicals,-0.006645461648588702,-0.009943434854795652,-0.011489258085217613,-0.00795940978254106,1391.17763671875,1375.1145263671874,1346.6425211588542,1333.2859375,1327.8377734375,1326.4662556966146,0
2023-08-21,1362.1268310546875,1388.0525999151505,1359.4894370584468,1369.7900830927767,107955,Chemicals,-0.004762867170938434,-0.00552745099480656,0.0006456700956176675,-0.003646949675543021,1379.65283203125,1380.9963623046874,1352.3188720703124,1336.0215087890624,1330.3022705078124,1326.8617838541666,0
2023-08-22,1403.2298583984375,1415.5210931128206,1366.4560178038512,1367.1526328737546,226972,Chemicals,0.030175624183193195,-0.0019254411691076445,0.019789230753466613,0.005124409616950043,1380.4589599609376,1388.3859741210938,1359.792130533854,1341.1225341796876,1334.0832177734376,1328.8375854492188,1
2023-08-23,1397.308349609375,1416.1679827982289,1388.251745715164,1412.933472729689,135848,Chemicals,-0.004219913618301208,0.03348626828864232,0.0004569975598072151,0.015950552105103544,1381.8224365234375,1390.9088989257812,1366.8375162760417,1346.5902770996095,1337.690849609375,1331.594063313802,0
2023-08-24,1395.21826171875,1418.2081377594668,1393.327293237371,1404.274864827093,90622,Chemicals,-0.0014957957498853425,-0.0061281072815607684,0.0014406164989033687,0.0036560714134685757,1385.30576171875,1390.7297729492188,1373.3662516276042,1352.0627319335938,1341.2526123046875,1334.760791015625,0
2023-08-25,1389.246826171875,1407.8576488387785,1377.503019239837,1395.218228715929,64744,Chemicals,-0.004279929320534337,-0.006449332917654482,-0.007298286228310857,-0.011357183681349192,1389.426025390625,1390.3018310546875,1379.8850260416666,1357.338397216797,1344.513955078125,1338.1024820963542,0
2023-08-28,1389.1473388671875,1400.642215968816,1385.4152122455232,1389.246837946066,51989,Chemicals,-7.161240379549572e-05,-0.004279897328576698,-0.005125115366538591,0.005743866180454971,1394.830126953125,1387.2414794921874,1385.6076171875,1362.9466857910156,1347.783232421875,1341.0569132486978,0
2023-08-29,1395.765625,1432.0916595012172,1390.739767092249,1392.33211690967,222914,Chemicals,0.004764279459520404,0.0022208284944995604,0.022453588199644603,0.0038432917436321823,1393.3372802734375,1386.8981201171875,1390.0364095052084,1368.17841796875,1351.5654833984374,1343.958894856771,1
2023-08-30,1415.6702880859375,1428.1107107429848,1403.2796757149197,1403.2796757149197,131637,Chemicals,0.01426074888893858,0.007862749607147057,-0.002779814219167398,0.009016718238300747,1397.00966796875,1389.4160522460938,1392.942488606771,1374.3805541992188,1356.6741552734375,1347.5773193359375,1
2023-08-31,1410.9927978515625,1426.8667292425694,1396.3130984910897,1420.9949466891862,115382,Chemicals,-0.0033040816592253552,0.012624191229194004,-0.0008710679718718639,-0.004964496631992277,1400.1645751953124,1392.7351684570312,1393.87470703125,1380.0658325195313,1361.6831005859376,1351.0712727864584,0
2023-09-01,1405.41943359375,1422.1890988096557,1401.2891890300875,1417.909544878439,78848,Chemicals,-0.003949959394760061,-0.0021712968212420636,-0.003278253208270354,0.0035637354862423365,1403.3990966796875,1396.4125610351562,1394.667586263021,1385.7635437011718,1366.550537109375,1354.328145345052,0
2023-09-04,1430.6485595703125,1467.4722094514266,1408.9524145584728,1409.9476483390436,373430,Chemicals,0.01795131430056429,-0.005615235871818558,0.03184042873037907,0.005468696674731044,1411.6993408203125,1403.2647338867187,1395.3940999348958,1392.130548095703,1372.697216796875,1358.435917154948,1
2023-09-05,1453.041259765625,1461.6002456281894,1437.067709650201,1438.1127536721426,143291,Chemicals,0.01565213206661875,0.019975993694715033,-0.004001413986185254,0.01995475134661584,1423.1544677734375,1408.2458740234374,1398.9835693359375,1398.3159240722657,1379.1736279296874,1363.496980794271,1
2023-09-06,1459.6597900390625,1484.88894452399,1455.031928213186,1458.017629844266,183569,Chemicals,0.004554949991237844,0.013840970481137305,0.015933699358261277,0.012500606925026192,1431.9523681640626,1414.4810180664062,1403.59482421875,1402.6949584960937,1385.8949169921875,1369.2205240885417,1
2023-09-07,1464.13818359375,1477.5738394755408,1458.067281900418,1465.680723042635,87611,Chemicals,0.0030681077777499066,0.005255830273593887,-0.004926365083009032,0.00208610795981623,1442.5814453125,1421.3730102539062,1409.3505940755208,1406.0513916015625,1392.568955078125,1375.1661580403645,1
2023-09-08,1451.150390625,1479.8131728804883,1446.074722503727,1469.6617151494395,133074,Chemicals,-0.008870606008560822,0.00271613868164966,0.0015155475449823985,-0.008224969825164852,1451.72763671875,1427.5633666992187,1414.850919596354,1408.932598876953,1398.9563623046874,1380.746720377604,0
2023-09-11,1476.1307373046875,1526.5393540416,1462.993699617806,1467.9698686641252,532010,Chemicals,0.017214168042864797,-0.0011511808927691103,0.031575729975533484,0.011699932825591342,1460.824072265625,1436.2617065429688,1422.4511800130208,1411.7515930175782,1405.8692529296875,1387.3850260416666,1
2023-09-12,1426.020751953125,1506.784000588861,1419.2034245969064,1485.8840904089632,310950,Chemicals,-0.03394684771828538,0.012203398807592913,-0.012941267056388428,-0.029931964185723636,1455.419970703125,1439.2872192382813,1423.9705729166667,1413.0926696777344,1409.7367333984375,1391.8813517252604,0
2023-09-13,1442.9398193359375,1457.0224030621434,1413.779539490164,1423.831377399379,154934,Chemicals,0.01186453097519058,-0.04176147615424375,-0.03302503710370597,-0.003821781298394833,1452.0759765625,1442.0141723632812,1427.0126708984376,1415.7151123046874,1412.571162109375,1396.9250935872396,1
2023-09-14,1455.828125,1467.3728133672516,1449.0604862216935,1449.7571013215895,115465,Chemicals,0.008931977267072622,0.018208422945112712,0.007103809991771737,0.02495505540011722,1450.41396484375,1446.497705078125,1431.053328450521,1419.616436767578,1414.92390625,1402.2097900390625,1
2023-09-15,1449.9560546875,1487.1778207221596,1424.1794766200876,1465.6806748276656,206898,Chemicals,-0.004033491462118843,0.010983614766611804,0.013496915831131107,-0.017170442392284935,1450.17509765625,1450.9513671875,1435.1006103515624,1423.6819641113282,1417.1810986328126,1407.4928181966145,0
2023-09-18,1439.9541015625,1447.4681658818868,1433.5348916917198,1447.4681658818868,70171,Chemicals,-0.006898107768621764,-0.012425973309582061,-0.02670134955414427,0.006568986019820144,1442.9397705078125,1451.8819213867187,1438.4877278645833,1427.5733276367187,1417.989228515625,1412.0476725260417,0
2023-09-20,1431.9423828125,1458.0174587350944,1425.224554930956,1438.4610910489005,90150,Chemicals,-0.005563870918737224,-0.0062226410537316035,0.0072881000783739935,-0.005797094168358052,1444.1240966796875,1449.7720336914062,1440.89951171875,1429.0089538574218,1419.298955078125,1415.4679606119792,0
2023-09-21,1415.1229248046875,1445.8258623753616,1411.241488795913,1427.215039433043,88153,Chemicals,-0.011745904171630905,-0.00781811318070269,-0.008361762945081397,-0.009811131927712435,1438.5607177734375,1445.3183471679688,1440.8630208333334,1429.8996826171874,1420.2842333984374,1416.9027547200521,0
2023-09-22,1398.900634765625,1433.8333175916598,1394.322583485856,1419.1039299311642,127187,Chemicals,-0.011463520062259924,-0.005683172666889114,-0.00829459833011914,-0.011988667739985748,1427.1752197265625,1438.7945922851563,1440.0568766276042,1430.0838012695312,1421.128193359375,1416.9657918294272,0
2023-09-25,1405.31982421875,1414.5754249302,1389.3462744026072,1400.9904603419602,78638,Chemicals,0.004588738680642912,-0.012764019045513164,-0.013431053962259965,-0.0035689797627805886,1418.2479736328125,1434.2115356445313,1440.0502360026042,1430.887451171875,1422.595166015625,1417.3589111328124,1
2023-09-26,1414.127685546875,1419.1038543879235,1405.41939007504,1409.8979420319836,63044,Chemicals,0.00626751375475787,0.006357988824455818,0.0032012640527436798,0.011568833464028927,1413.0826904296875,1428.01123046875,1438.9488444010417,1432.1364685058593,1424.6752001953125,1417.1714721679687,1
2023-09-27,1420.0494384765625,1424.179683379453,1386.3607959102574,1415.620696302548,46551,Chemicals,0.004187565939208326,0.004058984767590035,0.0035767847263854513,-0.013560787832708754,1410.7041015625,1427.4140991210938,1436.7493896484375,1433.3506591796875,1425.3479833984375,1417.8664794921874,1
2023-09-28,1405.5189208984375,1425.2742873458849,1393.4268060438842,1422.885701950535,106719,Chemicals,-0.010232402608259528,0.0051320284218523415,0.0007685855789167917,0.005096804637343633,1408.78330078125,1423.6720092773437,1433.139998372396,1432.8430908203125,1425.67640625,1418.367411295573,0
2023-09-29,1402.5333251953125,1415.8694832929912,1398.3533915549026,1413.232089251264,41786,Chemicals,-0.002124194600821583,-0.006784531382975856,-0.006598592380703927,0.0035355897343511966,1409.5098388671875,1418.342529296875,1429.0330078125,1432.4201171875,1425.9690087890624,1419.1918009440103,0
2023-10-03,1401.1397705078125,1413.1323854472134,1395.3176775347702,1402.284313585229,42159,Chemicals,-0.0009935982714035507,-0.007746622617262444,-0.0019331568891589601,-0.00217092048295231,1408.673828125,1413.4609008789062,1425.6989664713542,1432.2061340332032,1426.4447265625,1420.2749430338542,0
2023-10-04,1406.265380859375,1417.2129528264331,1393.3273412619426,1395.8154257999104,47283,Chemicals,0.003658172053530917,-0.004613107144284867,0.0028876044603056705,-0.00142643951615673,1407.1013671875,1410.0920288085938,1421.0412760416666,1430.9869750976563,1427.1294482421874,1421.7462280273437,1
2023-10-05,1402.732177734375,1415.8693362903575,1399.2986698497014,1411.9380900360177,35669,Chemicals,-0.0025124725198317766,0.011550713610195107,-0.0009480696132475597,0.004285660957711768,1403.6379150390626,1407.1710083007813,1419.4887044270833,1428.4715209960937,1427.4081103515625,1421.729638671875,0
2023-10-06,1403.4786376953125,1431.0963752818727,1393.3273016643009,1403.2298292485866,102303,Chemicals,0.0005321471716313031,-0.006167593925601178,0.010754551003562707,-0.004267400744432881,1403.2298583984375,1406.0065795898438,1416.857958984375,1425.6624633789063,1426.9204443359374,1421.9353149414062,1
2023-10-09,1374.4676513671875,1391.336815231136,1369.2923628523422,1385.365412590659,82153,Chemicals,-0.020670771573527258,-0.012730927098017819,-0.02778258734874206,-0.017250030759642376,1397.6167236328124,1403.56328125,1411.433927408854,1421.178936767578,1425.4594384765626,1421.2436279296876,0
2023-10-10,1368.5458984375,1392.0333905215557,1365.5105084083782,1373.422568085648,52940,Chemicals,-0.004308397453950397,-0.008620717968321201,0.0005006518068049193,-0.0027619042846964703,1391.09794921875,1399.885888671875,1406.0065836588542,1417.0487121582032,1423.9844970703125,1420.5535970052083,0
2023-10-11,1382.2802734375,1396.4623553370193,1374.0695944430415,1378.39883725151,55734,Chemicals,0.01003574305814725,0.003623261537633038,0.0031816512776350336,0.006268048456572917,1386.300927734375,1396.7011474609376,1402.1616617838542,1412.3561889648438,1422.049765625,1420.3246948242188,1
2023-10-12,1387.20654296875,1407.0615292434634,1384.3701510690753,1384.4199613521466,57208,Chemicals,0.003563871687902509,0.004368201668424554,0.0075900176370211625,0.007496386404073574,1383.19580078125,1393.4168579101563,1399.1792724609375,1410.415478515625,1419.416376953125,1420.0393920898437,1
2023-10-13,1388.30126953125,1396.6115685259508,1379.941403230692,1383.374911069243,28131,Chemicals,0.0007891590246951186,-0.0007548650785726974,-0.007426797265313034,-0.0031991067092592695,1380.1603271484375,1391.6950927734374,1397.391162109375,1407.6835510253907,1416.5620361328124,1419.127091471354,1
2023-10-16,1371.0340576171875,1392.9790114871405,1368.446474036709,1388.3013397373325,57483,Chemicals,-0.012437654774955731,0.003561166700848828,-0.0026009787693827002,-0.008330012540439191,1379.4736083984376,1388.545166015625,1395.5333902994792,1403.44384765625,1412.83787109375,1417.7951334635416,0
2023-10-17,1361.2808837890625,1388.69950296321,1355.5084789689763,1377.403623269503,132091,Chemicals,-0.00711373563183082,-0.007849676547810103,-0.003072198854856878,-0.009454513065145775,1378.02060546875,1384.55927734375,1392.5974609375,1399.0100891113282,1409.2430908203125,1416.323848470052,0
2023-10-18,1369.3421630859375,1377.4035322937143,1348.6412521554887,1358.444280453955,97466,Chemicals,0.005921833908691054,-0.013764551287112847,-0.008134208045291635,-0.005066162934451723,1375.4329833984375,1380.8669555664062,1389.6117594401042,1395.4794921875,1404.9715478515625,1414.2803019205728,1
2023-10-19,1364.1171875,1371.5814407550376,1354.5131573474855,1366.5057728393117,40212,Chemicals,-0.003815682980331636,0.005934356308425759,-0.004226859741662925,0.004353941556074936,1370.8151123046875,1377.0054565429687,1385.8829427083333,1392.088232421875,1402.4954052734374,1411.3161661783854,0
2023-10-20,1349.188720703125,1370.2379397996117,1345.0584761493983,1363.4703013871074,47305,Chemicals,-0.010943683529297199,-0.0022213381842487445,-0.0009795269281905883,-0.006980132416433693,1362.9926025390625,1371.57646484375,1382.127596028646,1388.791522216797,1398.745361328125,1407.6337972005208,0
2023-10-23,1325.004638671875,1355.458771948716,1315.3011080721428,1353.4683041333865,72030,Chemicals,-0.01792490676815517,-0.007335691319088844,-0.010785840489175968,-0.022123475376657376,1353.78671875,1366.6301635742188,1376.9590169270834,1385.0967224121093,1393.512421875,1402.9960123697917,0
2023-10-25,1324.3575439453125,1343.5157942319352,1305.8462199141195,1325.054280485198,71449,Chemicals,-0.0004883716688049988,-0.02099349025124142,-0.00881102248474197,-0.0071883830249953595,1346.40205078125,1362.211328125,1371.8402018229167,1381.0486083984374,1388.4884814453126,1398.7695841471354,0
2023-10-26,1307.7371826171875,1321.670455491343,1283.8515719757777,1318.7842532411398,84420,Chemicals,-0.012549753957388554,-0.004731902184235248,-0.01625983024120725,-0.016843214463482803,1334.0810546875,1354.7570190429688,1365.2716552734375,1375.7290832519532,1383.1998046875,1393.1564656575522,0
2023-10-27,1315.5001220703125,1342.2221260467843,1310.324833273087,1310.3746435598746,59152,Chemicals,0.005936161758121061,-0.0063767895776714045,0.015549769210662312,0.020620188404309348,1324.3576416015626,1347.586376953125,1359.4561848958333,1370.5016174316406,1378.5421142578125,1389.4724446614584,1
2023-10-30,1298.08349609375,1318.336479659725,1289.474699411736,1318.336479659725,72957,Chemicals,-0.013239547214296321,0.006075999821105071,-0.017795598748926222,-0.01591218706377484,1314.1365966796875,1338.564599609375,1352.429842122396,1365.1298461914062,1373.860537109375,1384.6439005533855,0
2023-10-31,1297.98388671875,1306.4433741057844,1291.8632959765798,1298.7801223623424,54504,Chemicals,-7.67357225477383e-05,-0.014834116782105777,-0.009021297474079093,0.0018523795510942964,1308.7324462890624,1331.2595825195312,1347.3309244791667,1359.9023742675781,1369.8238671875,1379.3824259440105,0
2023-11-01,1338.8880615234375,1343.5158014396889,1289.1760609965347,1300.4719401751845,98430,Chemicals,0.03151362295266358,0.0013026206543451657,0.028376604810200323,-0.002080123329158967,1311.6385498046875,1329.0203002929688,1345.3537353515626,1356.7897888183593,1367.1665966796875,1375.6801595052084,1
2023-11-02,1367.152587890625,1388.2516168101515,1330.0304409825092,1343.565596022518,331411,Chemicals,0.021110447676280675,0.033136936304468456,0.03329757292212299,0.03169030299429698,1323.521630859375,1328.8013427734375,1344.3452229817708,1354.8341491699218,1365.2875927734376,1373.2534423828124,1
2023-11-03,1335.1060791015625,1367.451176060788,1318.784221261362,1333.663038755703,179305,Chemicals,-0.023440330708444868,-0.007370356383142429,-0.014983192165954562,-0.008455610769960598,1327.442822265625,1325.9002319335937,1340.8718587239584,1351.4528442382812,1361.8898583984376,1370.025565592448,0
2023-11-06,1380.737548828125,1390.3415790224362,1332.6678305495816,1338.5396126116343,133135,Chemicals,0.0341781604030067,0.0036565262095598072,0.01673946636075785,0.010527582196077967,1343.9736328125,1329.0551147460938,1340.3676106770833,1350.3157897949218,1360.898603515625,1368.8793863932292,1
2023-11-07,1357.9964599609375,1387.5548539165395,1343.5655705000115,1378.4485622406137,73192,Chemicals,-0.01647024728666835,0.02981529216838985,-0.0020043456571701146,0.008177386517941088,1355.9761474609375,1332.354296875,1339.4984375,1349.4922302246093,1359.11712890625,1367.5159138997396,0
2023-11-08,1366.107666015625,1372.4273761913228,1343.565596706516,1363.4702722132793,75720,Chemicals,0.00597292135424321,-0.010866049294569136,-0.010902255635168334,1.9505192128121962e-08,1361.420068359375,1336.5293090820312,1339.820222981771,1349.3703186035157,1357.7158447265624,1366.2088419596355,1
2023-11-09,1368.7947998046875,1382.379765643812,1354.513218892173,1375.1643205027626,68116,Chemicals,0.001967000007327302,0.00857668005515122,0.007251669286945095,0.008148185851508005,1361.7485107421876,1342.6350708007812,1339.7837320963542,1348.696044921875,1356.217021484375,1364.6977457682292,1
2023-11-10,1364.465576171875,1374.5672238088498,1355.50847173311,1355.558282019838,58826,Chemicals,-0.0031627995908738438,-0.014257233256136592,-0.005651516340970053,0.0007347679055882406,1367.62041015625,1347.5316162109375,1339.8069580078125,1347.5589965820313,1354.686357421875,1362.844950358073,0
2023-11-13,1380.2896728515625,1388.3510416992146,1363.47019865801,1378.9958204180234,59199,Chemicals,0.011597285381199196,0.01728995256719057,0.010027751027098297,0.005873609122280632,1367.5308349609375,1355.7522338867188,1341.8803548177084,1347.1584167480469,1353.758798828125,1362.003975423177,1
2023-11-15,1366.257080078125,1390.2421916040933,1364.465610549834,1388.0526042374588,51859,Chemicals,-0.010166411478285786,0.006567665895238051,0.0013621554261693536,0.0007300576813513704,1369.182958984375,1362.5795532226562,1344.630517578125,1346.9195678710937,1353.4303759765626,1360.794767252604,0
2023-11-16,1354.3638916015625,1369.093400427928,1349.5370319722233,1366.4560065618457,60259,Chemicals,-0.008704941880983696,-0.015558918739594474,-0.015212307110146983,-0.010940970928241311,1366.8342041015626,1364.1271362304688,1346.6309407552083,1346.5737182617188,1352.863095703125,1359.2355712890626,0
2023-11-17,1358.2452392578125,1375.8111389707155,1350.5321778148757,1354.3638033952811,53040,Chemicals,0.0028658085764972085,-0.008849317583952021,0.004906705810347134,0.0007373979513538576,1364.7242919921875,1363.2364013671875,1349.99814453125,1346.0188720703125,1351.9016943359375,1357.6348999023437,1
2023-11-20,1335.2554931640625,1366.5058597435834,1333.61333304582,1358.2453703539425,93728,Chemicals,-0.01692606418139353,0.0028659706859637257,-0.006763485891016718,-0.012527539178244562,1358.882275390625,1363.2513427734375,1351.3151692708334,1344.5757873535156,1349.82365234375,1355.3856770833333,0
2023-11-21,1333.0657958984375,1342.5205165096522,1331.6725658412647,1338.589391798282,43820,Chemicals,-0.0016399088240679482,-0.014471596211322546,-0.017552316415556324,-0.001455269797072778,1349.4375,1358.4841674804688,1353.647322591146,1343.7696411132813,1347.6142333984376,1353.0385823567708,0
2023-11-22,1342.12255859375,1346.8001087503378,1333.6132612048425,1338.589430089935,38277,Chemicals,0.0067939352454906565,2.860597381193486e-08,0.003187729489461999,0.0014573367458026176,1344.610595703125,1356.89677734375,1356.5899007161458,1344.625537109375,1346.4577734375,1351.9604125976562,1
2023-11-23,1343.16748046875,1355.3094054351673,1338.091812506292,1343.5655982770502,41973,Chemicals,0.0007785592070628233,0.003717471597531441,0.006318158596471335,0.0033582084339829343,1342.3713134765626,1354.6027587890626,1356.8751953125,1345.5660339355468,1345.7332373046875,1351.1144653320312,1
2023-11-24,1337.843017578125,1354.413684421985,1335.6037415583737,1345.5062691392077,60537,Chemicals,-0.003964109441338515,0.001444418392854141,-0.0006608978065010263,-0.0018594172123794772,1338.290869140625,1351.5075805664062,1354.9212239583333,1347.0713256835938,1344.473271484375,1349.6332234700521,0
2023-11-28,1337.44482421875,1347.4966605974782,1331.6227311939638,1339.584601036678,67459,Chemicals,-0.00029763832837115256,-0.004401070614348135,-0.005107024466796228,-0.0029806822491863505,1338.7287353515626,1348.8055053710937,1355.0771402994792,1348.1685607910156,1343.406376953125,1347.9744995117187,0
2023-11-29,1338.4400634765625,1344.560775241125,1334.608437896631,1340.729149661193,46485,Chemicals,0.000744134815725106,0.0008544056296477809,-0.0021787700424070744,0.0022421566054149356,1339.8035888671875,1344.6205444335938,1352.2573079427084,1350.1863891601563,1342.9764306640625,1346.3124593098958,1
2023-11-30,1357.2501220703125,1442.093805228145,1331.7223502887596,1344.5110805784857,541050,Chemicals,0.01405371753808038,0.0028208015901260985,0.07253895233521823,-0.0021624976479391878,1342.8291015625,1343.7198486328125,1352.2075520833334,1353.1497009277343,1344.26625,1345.8529947916666,1
2023-12-01,1437.9635009765625,1448.0651481289071,1361.5793084549862,1366.4559782687213,1019926,Chemicals,0.05946831582017609,0.016321842197680958,0.004140745129834089,0.022419807071460962,1361.7883056640626,1352.0798095703126,1356.997941080729,1358.1034729003907,1348.81048828125,1348.40908203125,1
2023-12-04,1424.8760986328125,1467.7209597854317,1419.3028139799785,1454.1858052032649,288524,Chemicals,-0.009101345294829755,0.06420245388782742,0.013573844852161843,0.042394523158913566,1379.194921875,1358.7428955078126,1360.7366943359375,1360.9896484375,1353.496044921875,1350.2602132161458,0
2023-12-05,1402.4832763671875,1448.015217977348,1398.452652789873,1425.1746532404331,143528,Chemicals,-0.015715627686583522,-0.019950099814635802,-0.013426081897041642,-0.014690424752726305,1392.2026123046876,1365.465673828125,1363.2712076822916,1364.3585083007813,1356.97537109375,1351.539082845052,0
2023-12-06,1423.0350341796875,1442.989520598966,1404.4738993874575,1404.4738993874575,165946,Chemicals,0.01465383449400881,-0.01452506456377689,-0.0034707490059406876,0.004305649237085207,1409.1216064453124,1374.46259765625,1366.1208984375,1366.4733825683593,1361.9734326171874,1354.000626627604,1
2023-12-07,1423.1346435546875,1439.804811108458,1414.4761573609694,1428.1606232633185,105073,Chemicals,6.999783744432442e-05,0.01686519335545622,-0.002207021911833529,0.007121711537590114,1422.2985107421875,1382.5638061523437,1369.912736002604,1369.730291748047,1366.979462890625,1357.2716267903645,1
2023-12-08,1409.1514892578125,1432.8379795867304,1404.2748195908753,1425.1747283161824,66405,Chemicals,-0.009825601787015747,-0.002090727680415516,-0.004838733325501221,-0.007212095952983111,1416.5361083984376,1389.16220703125,1373.5652425130208,1371.8824829101563,1369.79,1360.0980916341146,0
2023-12-11,1394.6708984375,1419.7010534711271,1389.9435377617287,1412.0874904008683,80407,Chemicals,-0.01027610652985178,-0.009182900633367574,-0.009168465871760567,-0.010205468067370105,1410.495068359375,1394.8449951171874,1375.9936197916666,1373.176287841797,1370.890732421875,1362.9958821614584,0
2023-12-12,1451.2998046875,1463.5412299999666,1399.199335396729,1404.175504793909,468563,Chemicals,0.040603777072744096,-0.005603042064138086,0.03087986475860638,0.0066591177148860314,1420.2583740234375,1406.2304931640624,1383.7299072265625,1377.517999267578,1375.5384814453125,1367.5225382486979,1
2023-12-13,1497.97607421875,1503.8479775281976,1441.1482524874866,1456.7235631837898,467871,Chemicals,0.032161700415373806,0.03742271404854991,0.027540561688331744,0.029980658244711966,1435.24658203125,1422.1840942382812,1394.72392578125,1383.4023193359376,1380.2280224609376,1374.1856241861979,1
2023-12-14,1502.9522705078125,1517.731467384315,1500.2650664921337,1512.7552986387925,183419,Chemicals,0.003321946441406043,0.038464219891206186,0.009231976944196862,0.041020633305844045,1451.210107421875,1436.7543090820313,1405.445906575521,1390.237078857422,1386.0262548828125,1381.0179036458333,1
2023-12-15,1472.846435546875,1541.617062656243,1464.9840647062554,1517.084526677152,391539,Chemicals,-0.020031131760934406,0.0028618164763694054,0.01573769522819002,-0.023516512230982722,1463.9490966796875,1440.2426025390625,1414.091170247396,1396.1612060546875,1390.2958056640625,1385.4831827799478,0
2023-12-18,1519.5230712890625,1531.6648755079534,1469.3632615946096,1482.8984174833336,298977,Chemicals,0.031691447672788975,-0.022534083363631607,-0.006455680460062951,0.002989245408094199,1488.91953125,1449.7072998046874,1426.203173828125,1404.22509765625,1396.3249365234376,1390.5621988932292,1
2023-12-19,1507.8289794921875,1536.591138400473,1487.376876819412,1527.385225981216,166377,Chemicals,-0.0076958961781044,0.02999990287492671,0.003216279860753346,0.01225947027234997,1500.2253662109374,1460.2418701171875,1437.562117513021,1412.8537719726562,1402.05947265625,1396.31962890625,0
2023-12-20,1441.0985107421875,1514.84530940443,1438.112809407777,1508.7245973711886,182125,Chemicals,-0.04425599299230454,-0.012217368802974748,-0.014151994276551338,-0.03312144230518144,1488.849853515625,1462.0482177734375,1444.4060139973958,1418.2554077148438,1404.491826171875,1398.331660970052,0
2023-12-21,1464.3870849609375,1469.8608710379035,1421.1939123468137,1433.1367183329214,124690,Chemicals,0.016160293030041295,-0.05010051481229372,-0.0296957307041551,-0.011764652223583583,1481.13681640625,1466.1734619140625,1451.548478190104,1424.368634033203,1408.4170263671874,1401.8780151367187,1
2023-12-22,1509.769775390625,1517.5326481442664,1462.5956658236314,1477.623672909185,203318,Chemicals,0.030990911416634237,0.03104166825619581,0.03243284996946727,0.029131670996571435,1488.521484375,1476.2352905273438,1456.3355631510417,1432.698748779297,1414.63326171875,1406.6667521158854,1
2023-12-26,1536.242919921875,1557.5409482402413,1517.7315949305869,1532.560603336134,453893,Chemicals,0.017534557230356906,0.037179243561243025,0.026364045705968397,0.03769731470926163,1491.8654541015626,1490.3924926757813,1463.7600179036458,1442.6187438964844,1421.7531689453126,1412.2483561197917,1
2023-12-27,1538.18359375,1584.113534803766,1530.669530230518,1553.8585255452736,480524,Chemicals,0.0012632597377397747,0.01389695269653779,0.01706060222271999,0.00852452129424286,1497.936376953125,1499.0808715820312,1472.8067057291667,1452.6556823730468,1429.87029296875,1418.038956705729,1
2023-12-28,1527.9326171875,1554.3063116056526,1519.423320015679,1538.1835734246706,135025,Chemicals,-0.006664338772141454,-0.010087760155064518,-0.018816342732533853,-0.0073472490258201795,1515.3031982421876,1502.0765258789063,1479.7998779296875,1462.1303100585938,1437.6649658203125,1422.9603881835938,0
2023-12-29,1541.7166748046875,1551.0718969408506,1517.73156421867,1538.5816639972893,194448,Chemicals,0.009021377946993647,0.0002588056324983601,-0.002080937740940314,-0.0011134196604219992,1530.7691162109375,1505.9529663085937,1487.7053466796874,1471.3536376953125,1445.64873046875,1428.8090413411458,1
2024-01-01,1583.615966796875,1614.2692162935334,1549.5292093011578,1549.5790195863326,488216,Chemicals,0.027177037569173113,0.007147723027240316,0.04074428753259318,0.020950770104631422,1545.5383544921874,1517.0299194335937,1499.3363118489583,1478.6362609863281,1455.266669921875,1436.4507771809897,1
2024-01-02,1567.2445068359375,1611.7314113794878,1563.0147629692583,1593.3693954242488,322107,Chemicals,-0.010338024056458228,0.028259530675374123,-0.001572107606606421,0.008703000619254109,1551.738671875,1521.8020629882812,1510.841219075521,1485.7546813964843,1464.4427294921875,1443.4174194335938,0
2024-01-03,1563.0645751953125,1582.2725156500023,1555.550511015669,1567.2445087792223,118458,Chemicals,-0.002667057770751935,-0.016396001278831118,-0.0182777946260112,-0.004775547954140591,1556.7148681640624,1527.3256225585938,1518.2922037760416,1493.7837463378905,1473.46751953125,1451.011055501302,0
2024-01-04,1560.526611328125,1580.4312874930245,1555.5504422869,1569.4837156023298,90087,Chemicals,-0.0016237101828441292,0.001428753975888375,-0.0011636605823375223,-4.418292320895745e-08,1563.2336669921874,1539.2684326171875,1522.4622395833333,1500.6583251953125,1482.3509814453125,1458.5930826822917,0
2024-01-05,1564.0596923828125,1580.431239435215,1552.5646936517226,1566.4979665434687,106308,Chemicals,0.0022640312757502556,-0.0019023765772014922,-3.0408034645823534e-08,-0.0019194161462150472,1567.7022705078125,1549.235693359375,1526.5360677083333,1507.7045776367188,1490.6233642578125,1465.990987141927,1
2024-01-08,1521.1649169921875,1573.7631158096628,1507.6795731011462,1568.4883285459334,149689,Chemicals,-0.027425280249550932,0.00127058064866592,-0.0042191798410256,-0.02891030611098333,1555.212060546875,1550.3752075195312,1529.7572998046876,1513.3052490234375,1493.9514208984374,1471.9242350260417,0
2024-01-09,1494.791259765625,1545.1003736678897,1485.8839664323089,1530.6694845096388,134992,Chemicals,-0.017337802714193162,-0.024111651548822555,-0.018212869429861334,-0.01445639183397962,1540.7214111328126,1546.2300415039062,1528.1085123697917,1518.3112670898438,1496.74802734375,1477.1558430989583,0
2024-01-10,1490.2630615234375,1509.719808703642,1477.3250226000137,1501.509130156085,112881,Chemicals,-0.0030293181155591764,-0.01905071907989042,-0.022898554402817406,-0.0057601697209545,1526.1611083984376,1541.43798828125,1526.937451171875,1520.2594299316406,1500.25921875,1482.2497843424478,0
2024-01-11,1522.060791015625,1532.5605562236751,1485.8840666052863,1493.7961267369535,118455,Chemicals,0.021336990973715775,-0.005136834178510519,0.015129130179225792,0.0057936093102985975,1518.4679443359375,1540.8508056640626,1532.3349365234376,1521.4636657714843,1504.2202490234374,1488.3704752604167,1
2024-01-12,1515.343017578125,1545.4488411803477,1508.1275722519729,1527.6839414681422,92007,Chemicals,-0.0044136038962132584,0.02268570263682035,0.008409641566418768,0.014969879647141582,1508.724609375,1538.2134399414062,1535.7319986979167,1522.083203125,1507.908583984375,1493.6402384440105,0
2024-01-15,1515.343017578125,1515.343017578125,1515.343017578125,1515.343017578125,0,Chemicals,0.0,-0.008078191800692247,-0.0194803107032836,0.004784373324186353,1507.5602294921875,1531.3861450195313,1536.1035481770834,1524.2080322265624,1512.1562451171876,1496.2195556640625,0
2024-01-16,1497.329345703125,1514.745938291895,1476.9768618162227,1498.822196496448,106195,Chemicals,-0.011887520954687925,-0.010902363946666771,-0.00039402252777342994,-0.025318462761797944,1508.0678466796876,1524.39462890625,1533.5093098958334,1523.0983459472657,1516.2625830078125,1498.6346638997395,0
2024-01-17,1466.974609375,1503.698760596674,1463.0434844920885,1481.9031162546642,113968,Chemicals,-0.020272584929450388,-0.011288250388426846,-0.007293089498347505,-0.009433714017022865,1503.41015625,1514.7856323242188,1528.7620442708333,1521.0556274414062,1516.8895751953125,1500.784375,0
2024-01-18,1479.813232421875,1486.8295581549569,1431.146272972333,1474.9365622705127,101337,Chemicals,0.008751769093225725,-0.004701085993906728,-0.011218471999686508,-0.021801957260914162,1494.96064453125,1506.7142944335938,1525.5540852864583,1522.9913635253906,1516.1630615234376,1502.676981608073,1
2024-01-19,1491.85546875,1497.2794443738708,1479.8628528441009,1487.7750344607257,51107,Chemicals,0.00813767309568969,0.008704423307840159,0.007028301368908307,0.03404025206353567,1490.263134765625,1499.4938720703126,1522.2300048828124,1524.3647827148438,1515.719189453125,1504.96767578125,1
2024-01-23,1438.0133056640625,1482.400707727315,1434.1318696442167,1477.8723454560788,96982,Chemicals,-0.036090736813165214,-0.006656039236628497,-0.009937180866580131,-0.03090217658480665,1474.7971923828125,1491.1787109375,1512.5231608072916,1520.7769592285156,1514.3258642578126,1505.929736328125,0
2024-01-24,1436.3712158203125,1447.667095419761,1418.2081985407551,1433.1865161803944,57192,Chemicals,-0.001141915611825084,-0.0302365961532991,-0.02343065011133494,-0.011103352097887598,1462.60556640625,1485.3367065429688,1503.7982747395833,1515.7833740234375,1510.9997900390624,1507.3197469075521,0
2024-01-25,1435.127197265625,1457.3209604928052,1428.160560385695,1432.091685458253,58366,Chemicals,-0.0008660842970018567,-0.0007639136356509812,0.00666856703698504,0.007017560507110332,1456.236083984375,1479.8231201171875,1495.2691162109375,1510.6305541992188,1508.09171875,1506.7806599934895,0
2024-01-29,1419.1038818359375,1446.5723100721148,1412.3362434858143,1435.1769318011054,76830,Chemicals,-0.011165083805963039,0.00215436370043931,-0.00737562329238417,-0.011080208583555184,1444.0942138671876,1469.5274291992187,1485.8409342447917,1505.1891174316406,1507.21193359375,1504.1515869140626,0
2024-01-30,1398.0048828125,1431.693644435677,1394.3225663148496,1424.7270077731473,89887,Chemicals,-0.014867832646712986,-0.007281279260002993,-0.010285462767980147,-0.01275452446543801,1425.3240966796875,1457.7936157226563,1474.770613606771,1498.0035278320313,1504.5566455078124,1500.653340657552,0
2024-01-31,1486.431396484375,1499.8172416515613,1394.3224655300846,1395.3176992670797,333297,Chemicals,0.06325193478150015,-0.02064206570494831,0.047582524013184635,-7.228224474520317e-08,1435.00771484375,1454.9024536132813,1472.4550455729166,1493.1442993164062,1503.6231103515624,1501.1061726888022,1
2024-02-01,1471.4034423828125,1496.7819056517392,1455.0318940851237,1488.8698451103592,69802,Chemicals,-0.01011008926285184,0.0670472007145182,-0.0020238039112550066,0.043540450689044,1442.01416015625,1452.30986328125,1470.895857747396,1488.35224609375,1501.02953125,1499.5021850585938,0
2024-02-02,1454.484375,1491.8554524407298,1448.8614012726612,1481.9031145325196,72332,Chemicals,-0.011498591681567305,-0.004679207252883288,-0.003291363419351545,-0.004240795571249234,1445.885595703125,1451.06083984375,1468.5106119791667,1482.9232360839844,1497.6815625,1497.724031575521,0
2024-02-05,1393.3272705078125,1453.0412963867188,1387.3558679199218,1451.050828857422,222174,Chemicals,-0.04204727499543437,-0.02081936759059333,-0.026017370510333038,-0.042450943408882114,1440.7302734375,1442.4122436523437,1459.928377278646,1474.5632690429688,1492.2973486328126,1496.1316569010417,0
2024-02-06,1397.955078125,1413.231891527974,1389.1472839438093,1403.229743981974,90278,Chemicals,0.0033214074791638737,-0.032956174879899214,-0.02739729762515275,0.0012912447810331518,1440.7203125,1433.0222045898438,1452.1025146484376,1466.258038330078,1486.546884765625,1493.917256673177,1
2024-02-07,1401.5379638671875,1418.0588202371216,1393.3770955062855,1393.3770955062855,68272,Chemicals,0.00256294769284926,-0.007021407946876557,0.0034155248958673834,0.0030448978386710124,1423.7416259765625,1429.3746704101563,1444.5155110677083,1460.2766906738282,1479.2637646484375,1490.3095296223958,1
2024-02-08,1365.560302734375,1406.962005427808,1363.470336006081,1402.2844550602688,127592,Chemicals,-0.02567012957218895,0.00639264100343695,-0.007825355796918232,-0.021463507328099096,1402.572998046875,1422.2935791015625,1435.730908203125,1453.8151428222657,1471.196396484375,1484.6201090494792,0
2024-02-09,1399.0001220703125,1420.895265952112,1374.5173945729098,1388.848785775061,196945,Chemicals,0.024487984359957027,-0.009581272356492199,0.009903082294014931,0.008102162749787478,1391.4761474609375,1418.6808715820312,1431.1992757161458,1449.2519958496093,1464.633818359375,1479.9806599934896,1
2024-02-12,1390.578369140625,1425.2120178255466,1381.409221606664,1425.2120178255466,87968,Chemicals,-0.006019837165721298,0.02618228306992587,0.003038050711318352,0.005013997684544247,1390.9263671875,1415.8283203125,1425.2502848307292,1442.6778747558594,1457.835888671875,1475.4021850585937,0
2024-02-13,1391.325927734375,1401.7408904915296,1371.3928915204156,1395.2128941284168,60199,Chemicals,0.0005375882512914654,-0.021048884883036245,-0.01646851629123014,-0.00725080586518656,1389.600537109375,1415.1604248046874,1418.5483154296876,1436.4770202636719,1450.9265380859374,1470.38916015625,1
2024-02-14,1377.2232666015625,1390.279380859708,1368.7019667016905,1375.5290072048433,105861,Chemicals,-0.010136130472158444,-0.014108160128400993,-0.008176625016483974,-0.0019621837296689426,1384.73759765625,1404.2396118164063,1414.4956461588542,1429.5710327148438,1445.1688720703125,1463.509403483073,0
2024-02-15,1386.2430419921875,1409.8138818882833,1381.06037952666,1395.3125492298618,65908,Chemicals,0.006549247031588656,0.014382497149383777,0.014050773749155088,0.009029294269775168,1388.8741455078125,1395.7235717773438,1411.1537679036458,1424.0167175292968,1440.826943359375,1457.4760213216146,1
2024-02-16,1387.6881103515625,1404.2325059106156,1382.5055696526388,1399.24924690719,71213,Chemicals,0.0010424350677340488,0.0028213733758080117,-0.0039589452546686665,0.0010464351504124725,1386.6117431640625,1389.0439453125,1407.991162109375,1420.052392578125,1436.7239453125,1451.6301391601562,1
2024-02-19,1396.9071044921875,1419.2321286002405,1393.070019488052,1409.1659699979648,114072,Chemicals,0.0066434194195765794,0.007087174149061903,0.010681723024135392,0.007641524249387022,1387.877490234375,1389.4019287109375,1406.511376953125,1415.9070861816406,1431.7177978515624,1446.1761555989583,1
2024-02-20,1401.740966796875,1410.1627480526809,1397.1563925504174,1410.1627480526809,84892,Chemicals,0.003460403550918034,0.0007073531975212433,-0.006390343316497904,0.002933357982872309,1389.960498046875,1389.780517578125,1406.76044921875,1411.4013610839843,1427.1737158203125,1440.7655314127603,1
2024-02-21,1460.69287109375,1472.104607336225,1407.720802962375,1418.0860061377834,276292,Chemicals,0.04205620417271971,0.005618683443484818,0.043925326611471416,0.007561365691261646,1406.6544189453125,1395.6960083007812,1405.0445475260417,1412.5353393554688,1424.9877099609375,1438.7497965494792,1
2024-02-22,1447.138427734375,1475.5928855669315,1421.37500278506,1473.4998194372113,149889,Chemicals,-0.009279461567595404,0.03907648270950048,0.002369585838752686,0.009699508449368066,1418.83349609375,1403.8538208007812,1403.4268798828125,1413.0736999511719,1422.9800732421875,1437.1613688151042,0
2024-02-23,1463.0848388671875,1469.8621197554617,1451.3242989909463,1455.0617432319218,180134,Chemicals,0.011019271430569466,-0.012513117383571637,-0.003883703877623379,0.021070650705973692,1433.912841796875,1410.2622924804687,1404.000244140625,1414.47158203125,1422.824482421875,1436.2554280598958,1
2024-02-26,1460.5931396484375,1478.3335894633583,1440.1617787731095,1463.3339319609815,104863,Chemicals,-0.0017030449312011031,0.005685111829471845,0.00576344515178473,-0.007691265298594985,1446.650048828125,1417.26376953125,1408.4846354166666,1416.546044921875,1422.0556787109374,1434.2065063476562,0
2024-02-27,1456.158203125,1470.0614474720446,1447.1883366658485,1459.496962419142,73771,Chemicals,-0.0030363941901746516,-0.0026220737850982667,-0.005595585495907218,0.004879005953570825,1457.53349609375,1423.7469970703125,1412.36484375,1419.4537109375,1420.6277880859375,1432.2336791992188,0
2024-02-28,1414.946533203125,1464.7791239570788,1403.2857556313393,1459.4969423341188,68388,Chemicals,-0.028301643209805327,-1.3761606632023415e-08,-0.003593267154954227,-0.03033646687317537,1448.384228515625,1427.5193237304688,1413.2587483723958,1415.8794677734375,1419.7051171875,1428.8871297200521,0
2024-02-29,1408.667724609375,1418.534602084997,1397.305869384768,1404.3323134696384,62918,Chemicals,-0.004437488234651621,-0.037797015714371884,-0.03157098644821821,-0.004261346074792116,1440.690087890625,1429.7617919921875,1416.1325764973958,1412.7426818847657,1418.5969775390624,1425.9317423502605,0
2024-03-01,1395.810791015625,1414.0993264941862,1393.069998673395,1409.9631973545029,75346,Chemicals,-0.009127016520035114,0.004009652011034648,-0.003126660135249204,-0.0030314556062359665,1427.2352783203125,1430.5740600585937,1415.9199544270834,1409.8090026855468,1417.0243212890625,1423.5596150716146,0
2024-03-04,1385.196533203125,1418.0362842738296,1382.4059810526962,1414.946566245653,74596,Chemicals,-0.007604367211387464,0.0035343964299920927,0.0027840744323128774,-0.007655047937902615,1412.15595703125,1429.4030029296875,1415.5611653645833,1409.4024658203125,1415.66802734375,1420.4057250976562,0
2024-03-05,1402.538330078125,1421.275433712011,1380.5123483029834,1387.738074288463,193573,Chemicals,0.012519376463424159,-0.019229342369714852,0.0022842500393704945,-0.0013698094305631958,1401.431982421875,1429.4827392578125,1416.3086588541667,1409.6316284179688,1415.849365234375,1417.428487141927,1
2024-03-06,1374.58203125,1401.940194512076,1361.4262769456152,1401.940194512076,102690,Chemicals,-0.019932645139593252,0.010234006320605449,-0.01360414648794439,-0.013825353594866474,1393.35908203125,1420.8716552734375,1416.1325764973958,1408.2838317871094,1411.375390625,1415.314111328125,0
2024-03-07,1370.6453857421875,1396.2095287033285,1366.459496853569,1382.306163118766,70821,Chemicals,-0.0028638854708675776,-0.01400489940310412,-0.004087667812921247,0.0036970198042935998,1385.7546142578126,1413.2223510742188,1415.0927327473958,1408.5380859375,1407.345068359375,1413.1232503255208,0
2024-03-11,1339.30078125,1373.9841920259005,1335.5134556216565,1370.446151017296,103414,Chemicals,-0.022868500356286403,-0.008579873560508156,-0.01591833906051976,-0.022646877791232978,1374.4526123046876,1400.8439453125,1411.8669108072916,1405.5531188964844,1402.737724609375,1409.9290364583333,0
2024-03-12,1332.0750732421875,1349.665880992247,1309.6005254535155,1339.3007991246363,110285,Chemicals,-0.005395134617235509,-0.022726432461093182,-0.017699119956974818,-0.019402971987338757,1363.8283203125,1387.992138671875,1407.544775390625,1402.6279541015624,1400.28763671875,1407.028076171875,0
2024-03-13,1285.830322265625,1342.1909076015197,1280.6975412504737,1335.4635080657683,125540,Chemicals,-0.03471632485698095,-0.0028651450528335287,-0.005538388052924392,-0.02207007682211537,1340.48671875,1370.9593505859375,1399.8173990885416,1397.353173828125,1395.802646484375,1403.288924153646,0
2024-03-14,1297.092529296875,1317.5737739176502,1272.923721416767,1285.8304361476437,185968,Chemicals,0.008758703878911644,-0.03716542729798078,-0.018341007634942175,-0.006069988879744637,1324.988818359375,1359.1739501953125,1388.9107096354167,1393.3466369628907,1391.6248291015625,1396.977628580729,1
2024-03-15,1294.8997802734375,1328.5367766823108,1292.2586288156822,1304.6171347915565,139567,Chemicals,-0.0016905108725174811,0.014610556816649911,0.008320598801889734,0.015189368438664586,1309.839697265625,1347.7971557617188,1378.7614664713542,1388.779473876953,1388.798408203125,1391.0941731770833,0
2024-03-18,1283.3387451171875,1309.450974233438,1275.7642155894018,1305.6138890445204,116183,Chemicals,-0.008928131220941826,0.0007640205132850575,-0.014366032453038136,-0.012764018640291086,1298.6472900390625,1336.549951171875,1366.7783935546875,1383.5620056152343,1384.171953125,1385.3893188476563,0
2024-03-19,1299.9827880859375,1310.5971543910823,1281.74413262255,1283.687555023357,84913,Chemicals,0.012969329440162936,-0.01679388845749008,0.0008753135323109618,0.004687321497245156,1292.2288330078125,1328.0285766601562,1356.0710367838542,1378.7157897949219,1380.5481298828124,1382.2778361002604,1
2024-03-20,1296.4447021484375,1322.5569304835496,1275.71429617102,1300.6305910181102,86002,Chemicals,-0.0027216406016493666,0.013198722639673033,0.009125440302076626,-0.00470439949601531,1294.351708984375,1317.4192138671874,1345.4234700520833,1373.4509765625,1376.752880859375,1378.8941569010417,0
2024-03-21,1292.5078125,1313.487380743093,1290.6640310736418,1295.647289880876,80543,Chemicals,-0.0030366815043583184,-0.003831450045576168,-0.006857587398631515,0.011718717072852991,1293.434765625,1309.2117919921875,1337.260888671875,1365.0417236328126,1373.3642626953124,1375.2598185221354,0
2024-03-22,1302.9229736328125,1318.420836444967,1293.65406303732,1295.6473666783636,87200,Chemicals,0.008058103039754405,5.927345214651325e-08,0.003755997791987209,0.0023166617273675527,1295.039404296875,1302.43955078125,1330.2112386067708,1357.8309509277344,1370.0314599609376,1373.1719075520834,1
2024-03-26,1309.6502685546875,1314.3843643230964,1285.7306267774634,1302.9228693048433,177336,Chemicals,0.0051632330214563815,0.005615341653594896,-0.003061596123400734,-0.006124849359846141,1300.301708984375,1299.4744995117187,1324.4672037760417,1350.1592224121093,1366.9099462890624,1370.1935791015626,1
2024-03-27,1343.73583984375,1350.961565665272,1302.8232332517323,1318.3710992452543,242499,Chemicals,0.026026468369054756,0.011856595892474564,0.02782839048835828,0.013294080516001783,1309.0523193359375,1300.640576171875,1321.7031575520834,1344.316357421875,1364.783095703125,1368.6321614583333,1
2024-03-28,1324.8990478515625,1355.4464498966256,1311.743292737793,1351.4598426910472,226251,Chemicals,-0.014018225482753999,0.02509820145840247,0.003319771890879064,0.00684671508643353,1314.7431884765624,1304.5474487304687,1316.527205403646,1337.753399658203,1361.7094189453126,1366.4179321289062,0
2024-04-01,1343.1378173828125,1350.2639020574395,1325.5468888488524,1325.5468888488524,97294,Chemicals,0.013766157927900702,-0.019174046481911455,-0.0038234987738404724,0.010523092580293936,1324.869189453125,1309.1519775390625,1314.4309244791666,1334.1629638671875,1357.007216796875,1365.2817504882812,1
2024-04-02,1324.0020751953125,1368.4029628963945,1321.560326875906,1360.3798669984578,171376,Chemicals,-0.01424704296152357,0.026278193885586054,0.013433715299147053,-0.003007484689137252,1329.085009765625,1312.06220703125,1311.3213704427083,1329.9296813964843,1352.0817626953126,1363.207051595052,0
2024-04-03,1338.6529541015625,1355.3468725571593,1322.0586764984546,1323.5536542705977,88048,Chemicals,0.011065601165382466,-0.02707053641503343,-0.009541115222083674,0.0003770918454601979,1334.885546875,1317.5936279296875,1311.278181966146,1327.0717895507812,1347.1044873046876,1361.5725463867188,1
2024-04-04,1331.4769287109375,1354.8484865085677,1329.533506358037,1345.479935219902,100974,Chemicals,-0.005360631647387093,0.016566219947756977,-0.0003677184480834761,0.005653932002004591,1332.4337646484375,1320.7430419921875,1311.2383056640624,1324.385809326172,1341.9398388671875,1359.3915405273438,0
2024-04-05,1344.283935546875,1348.9681501298264,1332.523396175529,1334.5166996851406,90070,Chemicals,0.00961864720279948,-0.008148196972532107,-0.00434021695953235,0.0022488262260362823,1336.3107421875,1325.5269653320313,1315.1352132161458,1321.4730895996095,1337.4648681640624,1357.4763061523438,1
2024-04-08,1330.4803466796875,1353.154176406706,1326.4439796593122,1345.4800057791258,124422,Chemicals,-0.010268358121509502,0.008215188387355354,0.003103132032047373,-0.004562333789909556,1333.779248046875,1329.32421875,1317.3610677083334,1319.2680053710938,1334.086220703125,1353.135888671875,0
2024-04-09,1320.9124755859375,1335.4138083444475,1316.5770644675129,1330.4803088000883,86655,Chemicals,-0.007191290812846196,-0.011148212470353025,-0.013110381929550718,-0.007438621866513784,1333.161328125,1331.1231689453125,1319.0952473958334,1316.7813598632813,1330.5760107421875,1348.9283569335937,0
2024-04-10,1355.7952880859375,1364.416350719002,1317.8228778219143,1323.5536258252994,215959,Chemicals,0.026408117982628987,-0.005206152191035374,0.02171801893415326,0.0009462517523843861,1336.589794921875,1335.7376708984375,1323.92568359375,1317.6060852050782,1328.975390625,1345.3520385742188,1
2024-04-12,1353.9515380859375,1384.3494195078154,1348.4699529115005,1353.4532121609886,149287,Chemicals,-0.0013599029412493246,0.022590385272108104,0.014609227438757477,0.02325583779531848,1341.084716796875,1336.7592407226562,1327.5236002604167,1318.6999084472657,1327.7255908203124,1341.7973185221354,0
2024-04-15,1314.0853271484375,1345.180812960124,1304.8164172456668,1310.5970460373117,161467,Chemicals,-0.029444341112724204,-0.03166431298740702,-0.028293872916577034,-0.032372642469030044,1335.0449951171875,1335.6778686523437,1328.6996419270833,1320.1126586914063,1324.187470703125,1337.0615559895834,0
2024-04-16,1330.7293701171875,1339.8487579769576,1309.450879552118,1309.500760804336,58175,Chemicals,0.012665876884012883,-0.0008364777231035792,-0.003963820277389396,0.003551811768458757,1335.0947998046875,1334.4370239257812,1331.2477457682292,1321.794500732422,1322.4333642578124,1334.2543172200521,1
2024-04-18,1308.95263671875,1338.5033873617745,1304.3181814473146,1334.8158243114187,73323,Chemicals,-0.016364509484388834,0.019331843298459273,-0.0010041212541141986,-0.00391973321409278,1332.70283203125,1332.932080078125,1331.6497233072917,1322.4971435546875,1319.965654296875,1330.9304809570312,0
2024-04-19,1293.40478515625,1317.9722746814798,1287.8235597895696,1305.3147246885842,157706,Chemicals,-0.011878085674264738,-0.022101251038174508,-0.015338857468834677,-0.012646164020685524,1320.2247314453125,1328.4072631835938,1330.5666910807292,1323.0004455566407,1318.129814453125,1327.5169474283855,0
2024-04-22,1300.4312744140625,1312.4907364640003,1295.6971785202015,1296.5443081899425,70111,Chemicals,0.0054325523907534645,-0.0067190052580875514,-0.004159069445375252,0.006113895549417103,1309.5206787109375,1325.3026977539062,1327.6797200520834,1323.0228698730468,1316.8640625,1324.6914388020834,1
2024-04-23,1295.8466796875,1312.4908384893226,1292.8069645584235,1305.6139164292451,117856,Chemicals,-0.00352544176440861,0.006995216578417063,7.773412757927645e-08,-0.002230624570070394,1305.87294921875,1320.4589721679688,1325.7428955078126,1322.99296875,1317.264716796875,1321.1350504557292,0
2024-04-24,1295.398193359375,1315.580392563474,1293.654052687416,1305.464352333791,108467,Chemicals,-0.00034609520952988415,-0.00011455461187415139,0.0023539623923833908,0.0006552317184351786,1298.8067138671875,1316.9507568359375,1322.56025390625,1323.1374877929688,1317.196943359375,1318.4955891927084,0
2024-04-25,1308.3048095703125,1314.4342426617893,1296.544390964338,1296.544390964338,57308,Chemicals,0.009963435395464515,-0.00683278815963595,-0.0008712123623638712,0.002234243591567431,1298.6771484375,1315.689990234375,1321.51376953125,1323.4065795898437,1317.73314453125,1316.417569986979,1
2024-04-26,1308.553955078125,1319.4673654763435,1295.3483184966926,1318.5703545083038,101345,Chemicals,0.00019043383926287127,0.016988206263869987,0.003829117236296087,-0.0009225079187267227,1301.706982421875,1310.9658569335938,1319.507169596354,1323.3517639160157,1318.7417529296874,1315.39267578125,1
2024-04-29,1318.7198486328125,1328.5368444942428,1306.7101458225209,1328.5368444942428,87408,Chemicals,0.007768799685512917,0.007558557608900118,0.00687359100740248,0.008771252614905967,1305.364697265625,1307.4426879882812,1318.6566975911458,1322.1009643554687,1319.4912353515624,1314.9475016276042,1
2024-04-30,1316.2779541015625,1339.4999891858658,1313.5870429664965,1319.4673127870567,158384,Chemicals,-0.001851715915083596,-0.006826706948153016,0.008252044146955129,0.0052627563702329905,1309.4509521484374,1307.6619506835937,1316.7896321614583,1321.6699096679688,1320.2845654296875,1315.962422688802,0
2024-05-02,1306.5108642578125,1324.4007153388927,1301.6272461230408,1324.4007153388927,68467,Chemicals,-0.007420233555774036,0.0037389350262988508,-0.011272320992066875,-0.009104685454605854,1311.673486328125,1305.2401000976563,1315.1916666666666,1319.8385620117188,1320.8446875,1316.2763671875,0
2024-05-03,1298.4381103515625,1324.550340790541,1295.647436439205,1310.4975736968677,65366,Chemicals,-0.006178864735913114,-0.010497685089567055,0.00011297596710369007,-0.0045941030365236335,1309.700146484375,1304.1886474609375,1313.6933756510416,1318.5603637695312,1320.66529296875,1316.3943115234374,0
2024-05-06,1299.4844970703125,1313.537263896313,1298.537726472514,1311.5938414433142,46223,Chemicals,0.0008058810892932478,0.0008365278718938107,-0.00831457782695888,0.0022307689206348957,1307.8862548828124,1304.7966186523438,1309.9393229166667,1316.6019409179687,1320.258662109375,1316.9325032552083,1
2024-05-07,1297.092529296875,1305.613951461514,1288.7207509068642,1305.5640702033047,52258,Chemicals,-0.0018407051248631179,-0.004597285416782837,-0.006032042373351754,-0.0075600233751526025,1303.560791015625,1304.462744140625,1306.1487223307292,1314.8827209472656,1318.3929296875,1316.836161295573,0
2024-05-08,1289.368408203125,1303.6205778642932,1285.68084514139,1303.6205778642932,49262,Chemicals,-0.005954949950977673,-0.0014886227212953518,-0.0015267710604573992,-0.0023588552937748863,1298.1788818359375,1303.8149169921876,1304.500927734375,1312.136944580078,1316.9717041015624,1316.6002848307292,0
2024-05-09,1286.3287353515625,1299.0858060427008,1282.690931764432,1295.6474058226586,49624,Chemicals,-0.0023574897850945353,-0.006116175348119257,-0.003478597913068815,-0.002325548668051569,1294.1424560546875,1302.9079711914062,1301.5408854166667,1309.9293640136718,1314.6993408203125,1316.3943155924478,0
2024-05-10,1288.421630859375,1295.647356501402,1280.1493721493807,1295.647356501402,40317,Chemicals,0.001627030050946221,-3.806688164686989e-08,-0.0026468225003343226,-0.0019814279122992717,1292.13916015625,1300.9196533203126,1300.1721516927084,1308.3048217773437,1313.276123046875,1315.9109375,1
2024-05-13,1274.4185791015625,1292.5078331937598,1272.923601435457,1286.7273258817745,80902,Chemicals,-0.010868376797176671,-0.006884612988918626,-0.002423131025497516,-0.005644474677038436,1287.1259765625,1297.5061157226562,1298.906404622396,1304.235986328125,1310.706748046875,1314.7365478515626,0
2024-05-14,1282.9400634765625,1295.547733412284,1271.7277304300592,1274.7176859091269,79282,Chemicals,0.006686566340713185,-0.00933347705537968,0.0023519394934827798,-0.0009394680121015409,1284.2954833984375,1293.9281372070313,1297.740323893229,1300.6854125976563,1308.7652734375,1312.7100219726562,1
2024-05-15,1323.1051025390625,1332.025087193077,1288.2222906784132,1296.594068195695,221241,Chemicals,0.03130702688764675,0.017161746893757046,0.028155931919788824,0.012970197829039964,1291.042822265625,1294.6108520507812,1299.5575520833333,1301.1364013671875,1307.9181201171875,1312.6502237955729,1
2024-05-16,1345.7291259765625,1357.4896661698256,1330.3309039533017,1332.4238484523469,244355,Chemicals,0.017099188412231348,0.027633768451919227,0.019117191726778282,0.03268738134682714,1302.922900390625,1298.5326782226562,1302.912947591146,1301.8863891601563,1308.5280712890626,1312.7366007486978,1
2024-05-17,1341.3438720703125,1355.4964013803235,1328.5369200911764,1354.4498682699991,81435,Chemicals,-0.003258645311007724,0.016530790741426715,-0.00146834619752656,-0.0013485245338540341,1313.5073486328124,1302.8232543945312,1305.1155517578125,1303.5059509277344,1309.3453271484375,1313.3146606445312,0
2024-05-21,1330.430419921875,1335.3140377356435,1315.5802847990228,1334.1179826616003,75389,Chemicals,-0.008136207556972752,-0.015011176186511932,-0.01488927866140255,-0.009752559448076403,1324.709716796875,1305.9178466796875,1306.5739827473958,1305.3572326660155,1308.330732421875,1313.040576171875,0
2024-05-22,1389.8309326171875,1393.319213910956,1330.5301506231233,1331.5268024213428,375361,Chemicals,0.044647590588616115,-0.0019422421959173208,0.0434393517450582,0.011363704668456931,1346.087890625,1315.1916870117188,1311.3147216796874,1309.827215576172,1309.765908203125,1314.9857096354167,1
2024-05-23,1407.820556640625,1416.6409007877132,1389.8309428852165,1400.146264740679,203130,Chemicals,0.012943749920403036,0.05153442063243019,0.01673822240008782,0.044569296106759415,1363.0309814453126,1327.0369018554688,1317.4175618489583,1315.4259094238282,1313.5153173828126,1317.1035970052083,1
2024-05-24,1367.3564453125,1409.2657039131725,1363.6190009067896,1408.4185741801984,113085,Chemicals,-0.028742378520655643,0.005908175201289723,-0.005206116010373463,-0.01885980601641546,1367.3564453125,1335.1396728515624,1321.4739339192708,1319.0238220214844,1314.980400390625,1318.3328002929688,0
2024-05-27,1368.9012451171875,1383.9506629408709,1337.008387568043,1367.3563861650125,134955,Chemicals,0.0011297711068560812,-0.02915481858018454,-0.017963284639658905,-0.019514698255928442,1372.867919921875,1343.1876342773437,1326.171476236979,1322.053643798828,1317.3783447265625,1319.9324259440104,1
2024-05-28,1353.901611328125,1373.4858438527654,1347.6725374756056,1368.7517477248507,68503,Chemicals,-0.010957425776742857,0.0010204812541605435,-0.007561555023838706,0.00797612790370028,1377.562158203125,1351.1359375,1329.7992838541666,1324.321026611328,1319.7982177734375,1319.8693033854167,0
2024-05-29,1334.9652099609375,1351.958171880693,1330.530158098581,1351.958171880693,41660,Chemicals,-0.013986541716729084,-0.012269263489213533,-0.01567374870911309,-0.01271998864734225,1366.589013671875,1356.3384521484375,1332.324129231771,1325.1332946777343,1321.1795751953125,1319.23642578125,0
2024-05-30,1328.3375244140625,1340.496627313158,1320.5635919627766,1333.5699461935376,48056,Chemicals,-0.004964687841617188,-0.013601179437064848,-0.00847773607639879,-0.007490672853328939,1350.6924072265624,1356.8616943359375,1334.9220703125,1325.7362731933595,1322.479208984375,1319.7114990234375,0
2024-05-31,1302.02587890625,1334.5167018328957,1296.643935089318,1329.5833243033028,70591,Chemicals,-0.019807951687142666,-0.0029894359134396975,-0.004460977639494823,-0.01811321849173997,1337.6262939453125,1352.4913696289063,1335.9685465494792,1325.5120239257812,1322.74431640625,1318.7547159830729,0
2024-06-03,1299.28515625,1337.506728825626,1296.74364547023,1337.506728825626,86796,Chemicals,-0.0021049678817077755,0.00595931400273475,0.0022405317135585356,7.689881409511656e-05,1323.703076171875,1348.285498046875,1336.692781575521,1325.554376220703,1322.3835302734376,1318.4324666341147,0
2024-06-04,1274.06982421875,1309.6004857794076,1238.8382068674302,1301.4777491494451,156441,Chemicals,-0.019407080816675082,-0.026937419378678884,-0.020864375815679792,-0.044654499603737685,1307.73671875,1342.6494384765624,1336.66953125,1324.283642578125,1321.0041650390624,1317.787967936198,0
2024-06-05,1294.3516845703125,1308.7533765287303,1265.7478256782858,1278.7042994844417,74551,Chemicals,0.01591895512006114,-0.01749814753259249,-0.0006468455531865036,0.021721657163690677,1299.614013671875,1333.101513671875,1337.4303059895833,1324.1466003417968,1320.0294384765625,1317.5853149414063,1
2024-06-06,1298.138916015625,1316.576973555962,1295.09907948623,1295.09907948623,109605,Chemicals,0.002925967872919877,0.012821400544597017,0.005977900166326711,0.02318886369977813,1293.5742919921875,1322.133349609375,1335.7658935546874,1324.5851257324218,1319.303876953125,1317.6617228190105,1
2024-06-07,1315.7796630859375,1324.550247626508,1298.836582416524,1300.730245176601,213183,Chemicals,0.013589259864774217,0.004348057827826546,0.0060560637400568496,0.002885881852202843,1296.325048828125,1316.9756713867187,1333.7692626953126,1326.0576721191405,1319.67462890625,1318.3411051432292,1
2024-06-10,1320.0155029296875,1344.4833546760915,1314.0854730470178,1328.5369249690366,114185,Chemicals,0.0032192622842457386,0.021377745228535083,0.015048962532982157,0.011740422803708572,1300.4711181640625,1312.0870971679688,1332.3473714192708,1327.6373657226563,1320.537724609375,1318.7314615885416,1
2024-06-11,1365.9112548828125,1383.3526609101375,1326.8425540462413,1342.838742005775,244705,Chemicals,0.034769100704698186,0.010765088096495123,0.02891021751876588,0.009707953752538856,1318.839404296875,1313.2880615234376,1334.7127604166667,1332.2119995117187,1323.194794921875,1320.6433715820312,1
2024-06-12,1371.492431640625,1388.2362294952509,1358.237036528836,1368.402835586695,114998,Chemicals,0.0040860463942009595,0.019037351828809612,0.0035302412198350286,0.02366104583159201,1334.2675537109376,1316.9407836914063,1333.4901936848958,1336.6396179199219,1326.170791015625,1322.4024576822917,1
2024-06-13,1366.2103271484375,1382.7048413333496,1358.4363944947609,1371.8911937065575,62002,Chemicals,-0.0038513551882082275,0.0025492187162612368,-0.003984471838710424,0.00014677700619514233,1347.8818359375,1320.7280639648438,1330.7161783854167,1338.7948791503907,1329.2444677734375,1324.0668701171876,0
2024-06-14,1345.7291259765625,1375.3795177542352,1343.4866593715285,1374.3828659297758,99630,Chemicals,-0.014991250442838777,0.0018162316622838404,-0.005297821603091002,-0.011005104974968316,1353.871728515625,1325.098388671875,1329.2743570963542,1338.7948791503907,1331.6204833984375,1325.3741455078125,0
2024-06-18,1358.934814453125,1366.8581480949756,1334.5168438230542,1355.4465329345437,97191,Chemicals,0.009813036087020555,-0.013778062477824649,-0.006195649672879777,-0.006676519998099817,1361.6555908203125,1331.0633544921875,1328.6099283854167,1339.6744262695313,1334.4410107421875,1327.3907023111979,1
2024-06-19,1389.4322509765625,1405.229157684804,1356.243819011333,1359.4330561088263,357661,Chemicals,0.02244216293458523,0.002941114295118563,0.02807241530023208,0.01628078003574429,1366.3597900390625,1342.5995971679688,1330.9786376953125,1342.6245178222657,1339.0415576171874,1330.3889607747396,1
2024-06-20,1438.7664794921875,1460.34401477477,1397.3057899431683,1403.285700599131,662404,Chemicals,0.03550675355415889,0.03225803896208479,0.03922125924341824,0.03027624558080455,1379.814599609375,1357.0410766601562,1337.8987223307292,1345.0712951660157,1345.2746142578126,1335.11142578125,1
2024-06-21,1447.736328125,1480.0278696125004,1435.1785402303033,1475.0446107922562,304882,Chemicals,0.0062344020107962805,0.05113635103848635,0.013478916363940607,0.027104124637367555,1396.1197998046875,1372.0008178710937,1345.858642578125,1347.0670837402345,1350.25986328125,1340.3903564453126,1
2024-06-24,1460.3939208984375,1474.04800179744,1410.8104941983547,1440.1618408365794,272633,Chemicals,0.008743023524063087,-0.023648620319992264,-0.004040375142818076,-0.016979104236075182,1419.0527587890624,1386.4622436523437,1356.4165120442708,1351.7189575195312,1354.846455078125,1346.192529296875,1
2024-06-25,1456.058349609375,1465.676063488457,1429.1986331667292,1460.3938821229417,153327,Chemicals,-0.0029687683761345784,0.014048449773262695,-0.005679556092321625,0.01303374127424739,1438.4774658203125,1400.0665283203125,1366.868058268229,1356.0768127441406,1359.4350341796876,1351.780419921875,0
2024-06-26,1426.6571044921875,1455.1115607314002,1424.2153563597062,1455.1115607314002,93582,Chemicals,-0.020192353640961613,-0.0036170525337059223,-0.007207938384360402,-0.0034867629253054755,1445.9224365234375,1406.14111328125,1377.0405436197916,1359.7145874023438,1363.2841015625,1356.8550374348958,0
2024-06-27,1406.7242431640625,1440.610406982955,1393.468846196577,1426.6572807045875,122569,Chemicals,-0.013971725416963454,-0.01955470686557559,-0.009965664585302458,-0.021588385510543318,1439.5139892578125,1409.6642944335938,1384.5320475260417,1363.3025390625,1363.959833984375,1360.9811767578126,0
2024-06-28,1425.81005859375,1443.8494320672196,1398.3024929017724,1407.6211630160897,92351,Chemicals,0.013567559898419734,-0.013343160930070375,0.002248369905259784,0.003468787062149703,1435.1287353515625,1415.624267578125,1393.04345703125,1368.1761657714844,1364.6794140625,1364.4046752929687,1
2024-07-01,1472.90185546875,1494.9777174284295,1441.2581604498482,1449.1317340939577,338517,Chemicals,0.03302809977469634,0.029489874242103475,0.03541109219955674,0.030719867672504675,1437.630322265625,1428.3415405273438,1403.5182698567708,1376.7199645996093,1368.90123046875,1368.6437662760416,1
2024-07-02,1510.326171875,1544.8103000469544,1469.2142848576214,1482.0212362385944,542992,Chemicals,0.02540856084015175,0.022696005732839808,0.033333328007218554,0.019397027663001998,1448.48388671875,1443.4806762695312,1416.2056477864583,1387.2720153808593,1374.5582275390625,1374.2765096028645,1
2024-07-03,1492.9344482421875,1526.8704891760435,1487.203700649001,1519.5948826974482,142384,Chemicals,-0.011515210394070996,0.0253529743974632,-0.011612953946750326,0.012244242365995639,1461.73935546875,1453.8308959960937,1424.6738606770834,1398.2152465820313,1380.119541015625,1379.693310546875,0
2024-07-04,1476.9881591796875,1507.834606907768,1462.1879035521658,1497.9178480117878,127160,Chemicals,-0.010681171622287544,-0.014265009005019369,-0.012467254035768316,-0.016820693147763466,1475.792138671875,1457.6530639648438,1431.7069091796875,1407.3470703125,1385.800458984375,1382.5985514322917,0
2024-07-05,1505.2432861328125,1520.3923450689915,1470.0614283689038,1476.9881098243752,220338,Chemicals,0.019130232546222814,-0.013972554112492208,0.008328326000539787,0.005384755815316389,1491.6787841796875,1463.403759765625,1440.9757731119792,1417.7022888183594,1392.876689453125,1385.8459757486978,1
2024-07-08,1507.5853271484375,1514.8608120866004,1475.0945037157044,1508.9307827082298,146284,Chemicals,0.0015559219145511172,0.021626899141153455,-0.003638227330156729,0.0034237177097999894,1498.615478515625,1468.122900390625,1451.7661865234375,1427.2925720214844,1401.0990673828126,1390.5202718098958,1
2024-07-09,1483.26708984375,1512.8676006068667,1475.0447122249286,1507.934222700214,92826,Chemicals,-0.016130587680025288,-0.0006604411676374156,-0.0013157720259382444,-3.375478021938605e-05,1493.203662109375,1470.8437744140624,1460.0550048828125,1435.4551513671875,1408.4583447265625,1394.3324666341146,0
2024-07-10,1454.114990234375,1488.997803571046,1441.4076796617303,1488.997803571046,111929,Chemicals,-0.019653978578090037,-0.012557854874637009,-0.015777849314933867,-0.02280407657098127,1485.4397705078125,1473.5895629882812,1464.3671875,1439.8653381347656,1415.6601513671876,1397.6729125976562,0
2024-07-11,1496.771728515625,1499.5622805709922,1435.228479593799,1456.008645383262,164258,Chemicals,0.029335189147850382,-0.02215527659521488,0.0070950252408765735,-0.004286920456384347,1489.396484375,1482.5943115234375,1468.2342041015625,1446.1293029785156,1423.756953125,1403.0664632161458,1
2024-07-12,1488.4495849609375,1524.877256986931,1482.0212295029844,1513.764565062844,168832,Chemicals,-0.005560061962782248,0.03966729171747385,0.016881577206849574,0.03260299706596448,1486.037744140625,1488.8582641601563,1470.9484212239583,1452.2412658691405,1431.3693798828126,1408.4035319010416,0
2024-07-15,1472.80224609375,1488.4496312059136,1459.1481646474213,1488.4496312059136,73270,Chemicals,-0.010512508468735415,-0.01672316451394762,-0.02388889047568077,-0.015433695820426196,1479.0811279296875,1488.8483032226563,1471.7756429036458,1458.594921875,1437.650283203125,1414.0960774739583,0
2024-07-16,1471.25732421875,1494.7784037997862,1465.0781317833496,1472.8021831583978,59992,Chemicals,-0.0010489676255570624,-0.010512581493831608,0.004251922578492051,0.004063992457792098,1476.6791748046876,1484.9414184570312,1472.788907877604,1464.2110473632813,1443.6999560546874,1419.8284830729167,0
2024-07-18,1474.147705078125,1495.7252416420292,1436.2749353413951,1470.061456886219,131914,Chemicals,0.001964565145604169,-0.0018608923204481709,0.0006334302394495062,-0.019659836439503864,1480.6857177734375,1483.062744140625,1475.9549479166667,1468.4468200683593,1448.0294140625,1426.4977457682292,1
2024-07-19,1454.114990234375,1475.14431908502,1427.5044355821822,1474.1476672754009,113784,Chemicals,-0.013589353885463118,0.002779618749978674,-0.013759828332117419,-0.006106421231341974,1472.1543701171875,1480.7754272460938,1479.1143310546875,1469.2142456054687,1451.33431640625,1431.8231892903646,0
2024-07-22,1446.9390869140625,1474.1974884641809,1419.2321190709338,1435.1785473751015,165567,Chemicals,-0.004934893986036082,-0.026435017851586196,-0.0006418562635460701,-0.005794949777423786,1463.8522705078126,1474.9450073242188,1480.5229329427084,1469.174383544922,1454.563466796875,1436.7831949869792,0
2024-07-23,1457.0550537109375,1483.7653706772728,1396.508456721084,1446.9391352468483,120336,Chemicals,0.0069912872548421046,0.008194512030058165,0.006490230981915257,-0.016011237375831988,1460.70283203125,1469.8919799804687,1479.4664794921875,1469.0074401855468,1459.01650390625,1441.4923746744792,1
2024-07-24,1471.3570556640625,1476.6891182974332,1446.1417172364468,1457.0550054455098,73217,Chemicals,0.009815690846203484,0.006991220260923914,-0.004769118163614805,0.03554096667047668,1460.7227783203125,1468.7009765625,1476.8685384114583,1469.7723754882813,1463.5133935546876,1446.5370930989584,1
2024-07-25,1514.412353515625,1564.5439858471498,1449.3309447426827,1469.064698309991,632885,Chemicals,0.0292623042692588,0.008242443023493973,0.05949449106187621,0.0022053353887960814,1468.7757080078125,1474.730712890625,1478.300398763021,1474.160137939453,1468.51259765625,1451.487129720052,1
2024-07-26,1525.4254150390625,1549.5942204584082,1510.6250389272195,1521.8373713382564,299178,Chemicals,0.00727216830863231,0.03592263369269921,-0.00955535000867791,0.0422913030366705,1483.03779296875,1477.5960815429687,1481.5295491536458,1480.095196533203,1471.978955078125,1456.6182291666667,1
2024-07-29,1510.525390625,1541.2223136500786,1500.359591287153,1541.2223136500786,105611,Chemicals,-0.009767782985103168,0.012737854042035757,-0.005402644574818427,-0.006795496814587798,1495.7550537109375,1479.803662109375,1481.881689453125,1484.3309631347656,1474.490517578125,1461.428731282552,0
2024-07-30,1577.9989013671875,1588.6630273529086,1510.9241841072833,1510.9241841072833,444173,Chemicals,0.0446689020661013,-0.019658506935991804,0.030781226876008594,0.007041373868958312,1519.9438232421876,1490.3233276367187,1486.575927734375,1489.5858154296875,1479.194716796875,1469.1710571289063,1
2024-07-31,1616.1705322265625,1650.305856327538,1563.0988239527833,1584.6763597241134,946965,Chemicals,0.024189896980475023,0.04881262500964323,0.0388017017537956,0.034531606810124016,1548.9065185546874,1504.8146484375,1495.4361572265625,1494.8780334472656,1485.5992041015625,1477.7455810546876,1
2024-08-01,1556.8199462890625,1684.341491620165,1542.1193326787682,1636.0038807659769,1115617,Chemicals,-0.03672297245497602,0.03238990771011396,0.02062383476500962,-0.013421730572966584,1557.388037109375,1513.0818725585937,1502.283154296875,1498.0723083496093,1490.8057177734374,1483.3251708984376,0
2024-08-02,1644.2762451171875,1654.3921639074324,1512.9673659302416,1554.178894951851,1151372,Chemicals,0.056176245067126374,-0.05001515386125832,-0.017781030664942188,-0.01890383327072853,1581.158203125,1532.097998046875,1512.116788736979,1506.4367126464845,1500.3077978515626,1490.1754964192708,1
2024-08-05,1585.124755859375,1683.1455545781532,1564.6933946139775,1596.2374474056537,888934,Chemicals,-0.03597417978485529,0.027061590265067714,0.017380033161429775,0.03418846291633826,1596.078076171875,1545.9165649414062,1518.5618001302084,1510.4307861328125,1506.6803857421876,1494.7551106770834,0
2024-08-06,1546.454833984375,1639.392616989598,1540.026356693756,1614.575962128269,304027,Chemicals,-0.024395506872287198,0.011488588212499762,-0.02599474387081213,-0.015764774111740265,1589.7692626953126,1554.85654296875,1523.47197265625,1512.3742614746093,1509.6225048828126,1497.6238077799478,0
2024-08-07,1583.928955078125,1606.702425553755,1550.242073831045,1564.892929045813,214743,Chemicals,0.024232276475349535,-0.030771567425645352,-0.019940428605730753,0.006633469026608552,1583.320947265625,1566.1137329101562,1530.9834147135416,1517.4073547363282,1512.5666162109376,1501.886161295573,1
2024-08-08,1585.423828125,1628.9277029037476,1574.7597026824951,1584.078372546605,211946,Chemicals,0.0009437753139636129,0.012259908102780104,0.013832852304515919,0.015815355076037152,1589.0417236328126,1573.2148803710938,1538.4018229166666,1523.9727966308594,1516.26619140625,1507.1783854166667,1
2024-08-09,1599.1278076171875,1606.253892295074,1576.6035013467344,1606.253892295074,132964,Chemicals,0.008643732514348912,0.013999004173524066,-0.013919470193953343,0.0011708444539815233,1580.0120361328125,1580.5851196289063,1548.0693440755208,1529.0906005859374,1521.15177734375,1513.5918375651042,1
2024-08-12,1630.8214111328125,1658.9768248648456,1574.959028320192,1586.669687129091,287492,Chemicals,0.01981930610214988,-0.012192471725625098,0.032823536069032766,-0.0010430479350945765,1589.1513671875,1592.6147216796876,1560.3281656901042,1536.2091918945312,1526.17490234375,1520.4255493164062,1
2024-08-13,1588.1646728515625,1644.4755005993588,1579.194806484657,1642.0835119025307,291385,Chemicals,-0.02615659690880534,0.034924612994721826,-0.008741125281643503,0.002689452924361291,1597.4933349609375,1593.631298828125,1569.0688069661458,1541.977313232422,1529.398076171875,1524.2676432291667,0
2024-08-14,1584.975341796875,1609.5925915918788,1555.7733965788996,1586.4204381835127,162908,Chemicals,-0.002008186625232611,-0.03389783364582133,-0.021212179199244008,-0.014831235392607667,1597.7026123046876,1590.5117797851562,1576.643359375,1547.6632141113282,1533.46640625,1526.755948893229,0
2024-08-16,1572.068603515625,1601.370189111283,1567.7830740148795,1598.629396816243,128393,Chemicals,-0.008143179228654596,0.007695916125935565,-0.005108374953729067,0.007719425889650022,1595.0315673828125,1592.0366455078124,1580.487109375,1552.559259033203,1538.18455078125,1529.3937540690104,0
2024-08-19,1548.9962158203125,1582.6830961279786,1546.4049454108613,1575.7065333616715,131436,Chemicals,-0.01467645091551073,-0.014339072895959148,-0.011669439777491575,-0.013635897056390456,1585.0052490234375,1582.508642578125,1582.05849609375,1557.3033203125,1540.2735302734375,1531.7940226236979,0
2024-08-20,1559.660400390625,1579.8923585994855,1550.0426863471662,1551.7868269683574,107765,Chemicals,0.006884577548606163,-0.015180305397530347,-0.0017632952138811886,0.0023523857364142753,1570.773046875,1579.96220703125,1585.3341634114583,1562.939385986328,1543.121962890625,1533.6079264322916,1
2024-08-21,1559.4609375,1576.7529426134838,1552.0858119126628,1564.743240415721,118539,Chemicals,-0.00012788866767088347,0.008349351355608325,-0.001987107519644371,0.0013181092259539895,1565.0322998046875,1581.2628173828125,1584.098299153646,1568.0596801757813,1546.588310546875,1535.3371134440104,0
2024-08-22,1558.0159912109375,1617.4164166314858,1550.2919394393816,1566.7366948239846,294934,Chemicals,-0.0009265677993697263,0.0012739817989142477,0.025789375696741557,-0.0011557817612356525,1559.6404296875,1578.6715209960937,1580.221329752604,1572.392626953125,1550.0586572265624,1537.8287434895833,0
2024-08-23,1544.7105712890625,1575.9555793117956,1537.833649883384,1560.7566401279191,132405,Chemicals,-0.00853997648094329,-0.0038168855786819833,-0.025633990661501183,-0.008036092582989762,1554.1688232421875,1574.6001953125,1579.4140380859376,1573.907537841797,1552.881171875,1540.8485961914062,0
2024-08-26,1511.771240234375,1550.840063319353,1505.4924069671858,1544.7106304910817,195914,Chemicals,-0.021323950044052298,-0.010280917104105503,-0.015936690298980594,-0.021030390978016733,1546.723828125,1565.8645385742188,1570.58037109375,1573.2248291015626,1555.187421875,1541.3485799153646,0
2024-08-27,1522.634765625,1550.192211832319,1510.6250629425049,1511.472314289638,163525,Chemicals,0.007185958497888167,-0.021517503372704083,-0.0004177422948743459,0.003409287188408161,1539.318701171875,1555.0458740234376,1566.4143717447917,1573.8302978515626,1558.2152490234375,1542.4880859375,1
2024-08-28,1509.030517578125,1542.7173982331049,1504.9442693909068,1537.8836611703614,112527,Chemicals,-0.008934675835600592,0.017473920382813146,-0.00482186243883842,-0.0037605582556220485,1529.2326171875,1547.1324584960937,1563.9194173177084,1570.3818786621093,1560.294267578125,1543.695694986979,0
2024-08-29,1474.52783203125,1518.9668868248668,1468.0367341400474,1512.0263320916258,231834,Chemicals,-0.02286414035035489,-0.016813579421903535,-0.015395244414459719,-0.024524187374590833,1512.5349853515625,1536.0877075195312,1556.6260091145834,1563.2997436523438,1560.4210986328126,1543.8047119140624,0
2024-08-30,1491.45458984375,1511.5770179641495,1474.9771872776823,1474.9771872776823,156580,Chemicals,0.011479442737396317,-0.024502975925487003,-0.004865062513748741,0.004727710810111585,1501.8837890625,1528.0263061523438,1550.3613932291667,1560.031475830078,1559.5027880859375,1544.3816080729166,1
2024-09-02,1471.08251953125,1507.9320082186773,1460.297383607725,1491.5045857645684,138426,Chemicals,-0.013659195828841342,0.011205189225597545,-0.0024113953190301185,-0.00995256319662241,1493.746044921875,1520.2349365234375,1541.825040690104,1551.3717895507812,1557.329072265625,1544.9471923828125,0
2024-09-03,1476.8746337890625,1495.9484514800436,1467.986798181351,1471.1325085580809,84110,Chemicals,0.003937314311679874,-0.013658742588474548,-0.007947013972327555,0.005265649764179647,1484.5940185546874,1511.9563598632812,1531.561922200521,1545.9592834472655,1555.9830419921875,1545.9450439453126,1
2024-09-04,1504.48681640625,1523.3109767988517,1462.1448591670069,1473.0299559098726,152583,Chemicals,0.01869636188844659,0.0012897868416024139,0.018291088367207164,-0.003979558277759532,1483.6852783203126,1506.4589477539062,1525.9833984375,1543.8608825683593,1553.04255859375,1547.526102701823,1
2024-09-05,1500.0927734375,1534.8450403862769,1494.9498021756417,1517.9183028102705,113666,Chemicals,-0.002920625771414831,0.03047347864196759,0.007571706475629325,0.02243617846956969,1488.7982666015625,1500.6666259765625,1520.324560546875,1539.6690734863282,1548.3994482421874,1548.4839599609375,0
2024-09-06,1512.8253173828125,1516.8198392469676,1480.0701893354865,1500.0927789408177,142132,Chemicals,0.008487837666290243,-0.011743401365179373,-0.011743987611135598,-0.009953252489481978,1493.072412109375,1497.4781005859375,1516.3750081380208,1536.0391479492187,1546.6396630859374,1548.4310587565103,1
2024-09-09,1534.14599609375,1536.892229772681,1474.1283317093737,1513.9237299125305,153573,Chemicals,0.01409328523654163,0.009220063695979164,0.013233206743708203,-0.004014578274007752,1505.685107421875,1499.715576171875,1515.3849934895834,1532.790057373047,1542.234453125,1548.7217447916667,1
2024-09-10,1576.7874755859375,1582.230084595127,1534.3956624082182,1545.8799124034635,291767,Chemicals,0.02779492929666505,0.021108185214046005,0.029499696819439203,0.040883367751951116,1525.66767578125,1505.1308471679688,1516.5267985026042,1530.088360595703,1541.9009619140625,1550.9304809570312,1
2024-09-11,1560.4599609375,1591.1678481437796,1550.3738174877717,1582.6296306965971,166033,Chemicals,-0.010354924110727248,0.02377268635051788,0.005648839341175549,0.010413321329699299,1536.8623046875,1510.2737915039063,1516.593400065104,1528.703125,1542.4611669921876,1550.345849609375,0
2024-09-12,1569.797119140625,1577.4866469043725,1546.379283371646,1563.3060210832043,112832,Chemicals,0.005983593579367064,-0.012209811593687614,-0.00859821373047931,-0.002576497404089606,1550.803173828125,1519.8007202148438,1517.37880859375,1527.9442138671875,1541.8958935546875,1548.800069173177,1
2024-09-13,1571.04541015625,1590.269046746742,1556.4155712605386,1569.8471023508237,140458,Chemicals,0.0007951925764193568,0.004184133611336849,0.00810301619189846,0.006490185167904006,1562.4471923828125,1527.7598022460938,1519.1344645182292,1527.8930541992188,1541.3207568359376,1549.2742513020833,1
2024-09-16,1588.221923828125,1599.556355281709,1558.113190777766,1592.6159222766396,187400,Chemicals,0.010933174535143975,0.01450384556032236,0.005840086338828154,0.0010907238070436698,1573.2623779296875,1539.4737426757813,1524.2311767578126,1529.8543395996094,1540.884521484375,1547.4057739257812,1
2024-09-17,1576.1883544921875,1591.8169454957806,1564.8539232069563,1591.8169454957806,123595,Chemicals,-0.007576755587740958,-0.0005016757459744836,-0.004838472717996534,0.00432621485338025,1573.1425537109376,1549.4051147460937,1527.801416015625,1530.6807373046875,1538.69919921875,1547.1078938802084,0
2024-09-18,1559.11181640625,1585.825181395116,1551.0229340052013,1585.1760472110216,118984,Chemicals,-0.010834071979575755,-0.0041718982220601,-0.0037641037291498147,-0.008838517766188936,1572.8729248046875,1554.8676147460938,1531.1401692708334,1530.66328125,1537.5370849609376,1547.5297932942708,0
2024-09-19,1547.8272705078125,1572.843012902855,1511.9265533555065,1561.70825862136,137924,Chemicals,-0.007237804100829859,-0.014804531415265165,-0.008186380595142317,-0.025206835948412665,1568.478955078125,1559.641064453125,1536.0267985026042,1530.1538452148438,1536.051162109375,1546.3264038085938,0
2024-09-20,1545.979736328125,1567.6500896892253,1533.9961712299369,1539.8881151171718,113782,Chemicals,-0.0011936307202297103,-0.013971971643058745,-0.0033016157181799954,0.014597017180133509,1563.4658203125,1562.9565063476562,1539.6618082682292,1530.217303466797,1535.007607421875,1545.011600748698,0
2024-09-23,1535.394287109375,1553.4694735233377,1529.4025045255337,1552.8203393627955,120421,Chemicals,-0.006847081478500883,0.008398158358823071,-0.009045778939545612,-0.0029945750781894542,1552.90029296875,1563.0813354492188,1543.9492594401042,1531.398455810547,1534.4635302734375,1542.8871500651042,0
2024-09-24,1519.4661865234375,1541.3360955186245,1513.2247463072017,1535.3942931940196,127551,Chemicals,-0.010373948059898441,-0.011222190827257394,-0.007810503013743975,-0.010577829034843167,1541.555859375,1557.3492065429687,1546.7886962890625,1531.2400268554688,1532.85576171875,1539.1753092447916,0
2024-09-25,1527.8546142578125,1538.8895295352002,1510.328722932889,1516.919659548325,211640,Chemicals,0.005520641267817705,-0.01203250118069843,-0.0015873020754769707,-0.0019138091558310588,1535.3044189453126,1554.088671875,1548.3465494791667,1532.1812316894532,1531.5915087890626,1537.1649739583333,1
2024-09-26,1555.167236328125,1566.8511637400782,1512.9251198637469,1528.803368274626,142355,Chemicals,0.017876453567920336,0.007834105551667525,0.018170007442524838,0.0017190939240141478,1536.772412109375,1552.62568359375,1552.0181803385417,1536.213201904297,1531.47755859375,1536.1713704427084,1
2024-09-27,1535.1446533203125,1567.150807880177,1531.000312588228,1557.8634959698732,100041,Chemicals,-0.012874874508729595,0.019008414226640236,0.00019123969591561263,0.011947182637901399,1534.6053955078125,1549.0356079101562,1553.5061360677084,1538.397705078125,1531.094921875,1534.9405721028645,0
2024-09-30,1574.3409423828125,1583.6282545529848,1536.4928230346572,1548.126892438284,212478,Chemicals,0.025532635623440214,-0.006249972193826614,0.010514269966842793,0.0035875305845913807,1542.3947265625,1547.647509765625,1556.1857991536458,1543.5606262207032,1533.5977099609374,1535.7853963216146,1
2024-10-01,1624.671875,1635.4071521492767,1563.8552572806811,1586.8237572279709,528940,Chemicals,0.03196952531832786,0.02499592570783382,0.032696371416350845,0.01780837100949273,1563.4358642578125,1552.4958618164062,1559.3780924479167,1550.95048828125,1537.6791943359376,1537.9524454752604,1
2024-10-03,1592.066650390625,1641.6985367238756,1579.4839306627862,1614.6356749664528,529625,Chemicals,-0.02006880596081906,0.017526784314766397,0.0038469836495031995,0.00999368279726931,1576.278271484375,1555.7913452148437,1561.485205078125,1555.3294799804687,1541.0006396484375,1539.0393025716146,0
2024-10-04,1576.43798828125,1611.9393491862556,1544.8812907563172,1581.9304557015214,268306,Chemicals,-0.0098165878328903,-0.02025547915978687,-0.01812707197571517,-0.02190756058654486,1580.532421875,1558.6524169921875,1561.9279296875,1559.1467407226562,1545.0770458984375,1539.653369140625,0
2024-10-07,1503.5379638671875,1578.9845422592325,1479.9703098985517,1564.5542592806246,239543,Chemicals,-0.04624350907297248,-0.010984172128597924,-0.020444197819018073,-0.04201680818206266,1574.211083984375,1554.4082397460938,1557.4274332682292,1558.682373046875,1545.560380859375,1538.2809488932292,0
2024-10-08,1539.189208984375,1546.878614926111,1479.9703727052913,1479.9703727052913,104982,Chemicals,0.023711569627075102,-0.05406260989262501,-0.02033327526258366,4.24378374663803e-08,1567.1807373046875,1554.7877319335937,1554.158585611979,1558.9345336914062,1548.2846484375,1539.1948811848958,1
2024-10-09,1556.1658935546875,1568.8484516270846,1536.6426193132886,1539.1891757458648,191680,Chemicals,0.011029628112787071,0.04001350576520335,0.014202689525204315,0.038292825081629234,1553.479541015625,1558.4577026367188,1552.8237548828124,1557.9034545898437,1551.456298828125,1540.3125854492187,1
2024-10-10,1557.3642578125,1577.8361829713049,1542.234981424268,1556.1659499790928,201663,Chemicals,0.0007700748761914067,0.011029686604313138,0.005728871603180696,0.003639338152340521,1546.5390625,1561.4086669921876,1552.7072509765626,1557.7486694335937,1553.571396484375,1541.923710123698,1
2024-10-11,1566.40185546875,1577.8361254648214,1539.8381877327226,1557.3642010521448,72750,Chemicals,0.005803136684891186,0.0007700021151779701,-3.64464221025429e-08,-0.0015541040894636593,1544.5318359375,1562.53212890625,1553.945556640625,1557.57890625,1556.223759765625,1544.9861775716147,1
2024-10-14,1585.27587890625,1593.8142181217263,1549.425142825642,1572.8429784095986,178644,Chemicals,0.012049285674429866,0.009939086404449515,0.01012658564411928,0.0062259496934775616,1560.8794189453124,1567.5452514648437,1556.5652994791667,1558.2904296875,1559.1217822265626,1548.1135538736978,1
2024-10-15,1613.1376953125,1618.779981813575,1585.5255386079098,1585.5255386079098,175998,Chemicals,0.017575373962967822,0.008063462387793763,0.015664161737288573,0.023299219035798346,1575.6691162109375,1571.4249267578125,1561.748193359375,1559.5362182617187,1562.2814501953126,1552.8487263997397,1
2024-10-16,1612.388671875,1625.770344050637,1597.7088532790376,1607.7949962662935,250150,Chemicals,-0.00046432703152154975,0.014045473955554444,0.00431829051235888,0.007684086048733496,1586.913671875,1570.1966064453125,1567.943025716146,1561.3462341308593,1563.705498046875,1557.365861002604,0
2024-10-17,1597.2095947265625,1637.7539673423378,1582.779311323648,1609.7923142413708,287681,Chemicals,-0.009414031128602618,0.0012422715456359423,0.007371043109227315,-0.009344344512299041,1594.8827392578125,1570.7109008789062,1572.5666910807292,1563.251123046875,1565.1754833984376,1560.4566202799479,0
2024-10-18,1608.3443603515625,1626.7690438549646,1557.9633797434556,1574.890239437418,148226,Chemicals,0.006971386636896781,-0.02168110413696489,-0.006707309954009144,-0.015678706060063052,1603.271240234375,1573.9015380859375,1576.1118326822916,1566.2769775390625,1566.717373046875,1564.0650065104167,1
2024-10-21,1588.72119140625,1637.7539216305383,1568.8984015525064,1605.3982709933089,194562,Chemicals,-0.012200850408070063,0.019371528752879286,0.006752573647174076,0.007018792579612132,1603.960302734375,1582.4198608398438,1579.6836018880208,1568.4140502929688,1567.424404296875,1566.5948689778645,0
2024-10-22,1504.986083984375,1587.7724516222795,1494.7501217661095,1582.8292796049557,154765,Chemicals,-0.05270598005163962,-0.014058188423480167,-0.030518302748741122,-0.04726136486149979,1582.32998046875,1578.9995483398438,1575.0599446614583,1566.8936401367187,1564.094970703125,1565.622871907552,0
2024-10-23,1521.4134521484375,1546.8785279802623,1488.0591715802452,1499.643260127038,107619,Chemicals,0.010915295721919183,-0.05255526957315271,-0.025755531657092656,-0.004476300144373724,1564.1349365234375,1575.5243041992187,1568.1760498046874,1566.9910034179688,1561.903974609375,1563.7770711263022,1
2024-10-24,1514.5728759765625,1537.8908722894157,1494.9997438007777,1520.914154868039,106950,Chemicals,-0.004496198033621446,0.01418396981906156,-0.005810188407348149,0.004664177576461537,1547.6075927734375,1571.245166015625,1563.0097981770834,1566.3269165039062,1560.1224169921875,1562.2475016276042,0
2024-10-25,1488.1092529296875,1513.9738070686751,1461.0962493435818,1507.9820241130703,330199,Chemicals,-0.01747266405375958,-0.008502866985343305,-0.015551861092156671,-0.02267792660017598,1523.5605712890624,1563.4159057617187,1557.1212158203125,1562.9740173339844,1557.7336962890624,1559.5245727539063,0
2024-10-28,1463.8424072265625,1491.105067020919,1454.2555793757672,1487.9093764685672,73146,Chemicals,-0.0163071667321133,-0.013310932971040579,-0.01510510944177701,-0.004681874976332212,1498.584814453125,1551.27255859375,1554.4748453776042,1559.4089050292969,1554.448203125,1555.9511393229166,0
2024-10-29,1460.8465576171875,1482.6666089905016,1443.0210281210252,1458.0504654450615,123248,Chemicals,-0.002046565664845734,-0.02006769464305236,-0.005659197475116007,-0.007725293555046475,1489.7569091796875,1536.0434448242188,1549.252001953125,1553.7341857910155,1551.4662939453126,1551.7052937825522,0
2024-10-30,1497.6461181640625,1515.6214672369808,1458.000535914492,1458.000535914492,106207,Chemicals,0.025190572106970288,-3.424403458773817e-05,0.022226748782666172,0.010380658009517596,1485.0034423828124,1524.569189453125,1545.35068359375,1547.3828979492187,1550.5934912109376,1549.0872192382812,1
2024-10-31,1524.50927734375,1527.904645380779,1489.5572102925555,1498.7945422989428,176635,Chemicals,0.017936920380509314,0.027979417962877395,0.008104383851325725,0.0216438016315752,1486.99072265625,1517.2991577148437,1543.1603515625,1544.005029296875,1550.459677734375,1547.9338012695312,1
2024-11-01,1531.150146484375,1551.022916937096,1511.976490492652,1532.8977497821722,23124,Chemicals,0.0043560700084395165,0.022753757450250545,0.015130703101275955,0.015050969539930126,1495.5989013671874,1509.579736328125,1540.8102376302083,1541.7406372070313,1549.498994140625,1547.3778971354166,1
2024-11-04,1500.5421142578125,1543.7828622091658,1492.9525470946803,1543.7828622091658,52957,Chemicals,-0.01999022257669547,0.007101003591753141,-0.00466792247159542,-0.012582168782117042,1502.9388427734375,1500.7618286132813,1535.1613199869792,1541.5908447265624,1548.114892578125,1545.8633097330728,0
2024-11-05,1506.6837158203125,1512.7753372832676,1490.405990460636,1500.542114072796,51433,Chemicals,0.004092921820816553,-0.02800960497416838,-0.020085418542298283,-0.001705718402771672,1512.1062744140625,1500.931591796875,1528.0643880208333,1539.9655700683593,1545.408603515625,1544.9062906901042,1
2024-11-06,1542.4346923828125,1545.7800799708066,1504.8860903766918,1512.5756178942038,106603,Chemicals,0.023728255762713646,0.008019437580959465,0.021817345824007628,0.009715540603524087,1521.0639892578124,1503.0337158203124,1523.400789388021,1539.2790100097657,1542.1191162109376,1545.6719075520834,1
2024-11-07,1481.568115234375,1583.0289448473347,1472.979917721843,1542.6843720810516,330057,Chemicals,-0.03946136419844681,0.019905619150971665,0.02409713086562193,-0.021201719425064325,1512.4757568359375,1499.7332397460937,1515.691357421875,1535.4892028808595,1537.6991748046876,1544.129024251302,0
2024-11-08,1477.723388671875,1493.3519793864864,1451.1098631538237,1483.5154939658498,193317,Chemicals,-0.0025950386775782652,-0.038354493755183405,-0.056648973951323844,-0.014847489979255335,1501.7904052734375,1498.6946533203125,1506.983292643229,1531.0552795410156,1533.7505908203125,1541.5475626627604,0
2024-11-11,1391.591552734375,1477.7234303255768,1387.09771564266,1477.7234303255768,164733,Chemicals,-0.05828684623778757,-0.003904282539570425,-0.010465415572911474,-0.044112543878683685,1480.00029296875,1491.4695678710937,1493.8413167317708,1521.3710632324219,1529.272734375,1536.7624593098958,0
2024-11-12,1359.335693359375,1404.573700626404,1353.5437100038237,1393.8384234975497,77153,Chemicals,-0.023179114095382092,-0.05676637800183304,-0.04950163758522552,-0.024190080670192904,1450.5306884765625,1481.3184814453125,1484.1312906901042,1508.6809631347655,1522.07859375,1529.5956176757813,0
2024-11-13,1306.8577880859375,1364.8781939741211,1303.21276249221,1358.137438306058,144625,Chemicals,-0.03860555235163943,-0.02561343165006713,-0.02826160466665406,-0.03718457493439309,1403.4153076171874,1462.2396484375,1469.8275797526042,1493.4044189453125,1512.10626953125,1519.001814778646,0
2024-11-14,1296.8714599609375,1336.3672211679605,1288.482939789394,1308.2058912025625,123160,Chemicals,-0.007641480363082431,-0.036764723285864775,-0.020889023600813128,-0.01130269985589094,1366.4759765625,1439.4758666992188,1455.3141520182292,1478.3875122070312,1501.6865576171874,1509.1619750976563,0
2024-11-18,1282.0916748046875,1309.6039923765918,1279.045925083681,1309.2045158172266,81259,Chemicals,-0.011396491952020527,0.000763354317068643,-0.020026852176139198,-0.007324128565687982,1327.3496337890624,1414.57001953125,1441.5796468098958,1462.0748779296875,1490.314150390625,1499.350431315104,0
2024-11-19,1288.9822998046875,1312.1504783186367,1283.2401745101868,1283.7394897531867,52234,Chemicals,0.005374518168562048,-0.01945076247170152,0.0019444702038695638,0.003279201586316338,1306.827783203125,1393.4140380859376,1429.9223063151042,1447.0879333496093,1478.4624072265624,1492.198575846354,1
2024-11-21,1275.301025390625,1296.3221225694472,1266.2633713371022,1290.430178716512,120277,Chemicals,-0.010614012633172298,0.005211874384741133,-0.012062911998836912,-0.013229638153718692,1290.020849609375,1370.2757690429687,1417.5526041666667,1435.6036804199218,1464.9489404296876,1483.4023030598958,0
2024-11-22,1297.5206298828125,1303.212774850792,1267.8113731381295,1275.3011017292265,75488,Chemicals,0.017423027230281996,-0.011724057013555944,0.005315540143438158,0.0012224959167796978,1288.15341796875,1345.7843627929688,1404.2109049479166,1424.4090393066406,1452.35421875,1474.7807942708334,1
2024-11-25,1287.484375,1328.128587679505,1282.291545149659,1311.551345723115,178266,Chemicals,-0.007734948217138493,0.02842485115455129,0.01911876042771743,0.011421393054463325,1286.2760009765625,1326.3759887695312,1388.4092447916667,1413.0546142578125,1439.9652099609375,1465.7847981770833,0
2024-11-26,1290.38037109375,1309.0048535219714,1286.2860105952805,1292.4774706755877,164614,Chemicals,0.0022493446522409144,-0.014542987668554441,-0.01439900799887639,0.003115099261732368,1287.933740234375,1307.6416870117187,1372.3579264322916,1403.1681701660157,1427.246650390625,1456.58408203125,1
2024-11-27,1297.0711669921875,1312.749738578502,1283.3399979723806,1290.480230243307,100862,Chemicals,0.00518513459156722,-0.0015452806548625908,0.0028608641491700837,-0.0022903247012198147,1289.551513671875,1298.1896484375,1358.7931966145834,1394.829608154297,1415.5806494140625,1446.9772583007812,1
2024-11-28,1281.94189453125,1308.20592483694,1279.3454796717424,1297.2209895902176,194652,Chemicals,-0.011664180691041914,0.005223450300854138,-0.003461294722086339,-0.0031125954984254633,1290.8796875,1290.4502685546875,1343.810408528646,1385.884375,1406.6588818359376,1435.9373982747395,0
2024-11-29,1282.441162109375,1304.461012069581,1276.7989976466592,1290.43020562827,145922,Chemicals,0.0003894619407127653,-0.005234870555164917,-0.0028626324772422773,-0.0019904568902971986,1287.8637939453124,1288.0086059570312,1326.4775065104166,1375.1241271972656,1397.099990234375,1424.9391479492188,1
2024-12-02,1275.500732421875,1292.2277923303238,1272.1053645374443,1292.2277923303238,106499,Chemicals,-0.0054118893658124945,0.0013930135037243385,-0.009377988016559202,-0.0036760939802318315,1285.4670654296874,1285.871533203125,1312.7396809895833,1362.6736999511718,1387.5371044921876,1414.2155192057292,0
2024-12-03,1287.1348876953125,1314.4973880281648,1279.245682291963,1290.6799528611082,261908,Chemicals,0.00912124546674864,-0.0011978069798548319,0.01723349074367242,0.005612992408938533,1284.81796875,1286.3758544921875,1300.033780924479,1350.4729370117188,1379.4981298828125,1403.5085367838542,1
2024-12-04,1285.38720703125,1308.2058884141843,1282.2414967357347,1300.9658176576934,130208,Chemicals,-0.0013578069251093394,0.007969338001867943,-0.004786239722711194,0.0023418601174438614,1282.4811767578126,1286.0163452148438,1292.9534912109375,1339.7151916503906,1372.359921875,1393.3974039713542,0
2024-12-05,1286.18603515625,1300.2168416946215,1280.2442327592205,1299.2681915314424,127289,Chemicals,0.0006214688621688502,-0.0013048967952958845,-0.006106872618687809,-0.0015576347993718764,1283.3300048828125,1287.1048461914063,1288.0768473307292,1328.6903076171875,1365.3735009765626,1386.1040690104167,1
2024-12-06,1290.879638671875,1296.372105989867,1282.7407763564074,1288.7325588851256,88447,Chemicals,0.0036492415461926164,-0.00810889754323818,-0.0029569957729078666,0.0019500526019213815,1285.0177001953125,1286.4407470703125,1287.0116373697917,1316.1125549316407,1357.102841796875,1378.419608561198,1
2024-12-09,1287.1846923828125,1307.2072820183732,1284.3886002155623,1297.2209773429083,207746,Chemicals,-0.0028623476413836,0.00658664080398963,0.008358075569848022,0.0012846117388078948,1287.3544921875,1286.4107788085937,1286.3658528645833,1306.3933837890625,1347.6098583984376,1370.8400024414063,0
2024-12-10,1396.385009765625,1404.0744154846225,1288.2332830548812,1297.220957122706,1358035,Chemicals,0.08483655688964342,-1.5587322876875476e-08,0.07410235147763489,0.0029933953311900297,1309.2045166015625,1297.0112426757812,1293.9854085286458,1302.32646484375,1342.2192529296874,1367.7825276692708,1
2024-12-11,1437.62841796875,1443.6701811480464,1376.1128046384006,1411.763864096008,552639,Chemicals,0.02953584284755917,0.08829868677681807,0.028200617593161725,0.06821708671827231,1339.6527587890625,1311.0669677734375,1303.8951497395833,1304.6283081054687,1339.702705078125,1366.9087280273438,1
2024-12-12,1408.867919921875,1449.0128161710106,1398.1825007200157,1448.0141856981154,215256,Chemicals,-0.02000551581159704,0.025677326445325388,0.003700731020651604,0.01603770854193476,1364.1891357421875,1323.7595703125,1312.799609375,1307.1049194335938,1335.7900732421874,1365.1761067708333,0
2024-12-13,1422.64892578125,1429.0401850917067,1388.1463166066244,1399.081271358128,154103,Chemicals,0.00978161661892285,-0.03379311806700003,-0.013783612440420812,-0.007178021544557267,1390.5429931640624,1337.7803466796875,1321.141495768229,1312.8944763183595,1330.998642578125,1362.676200358073,1
2024-12-16,1436.979248046875,1444.5189567621924,1385.3001218716634,1423.048401926114,166210,Chemicals,0.01007298568601911,0.017130620685616327,0.010831586005744409,-0.002050356436430034,1420.501904296875,1353.9281982421876,1331.107820638021,1319.8998657226562,1329.215087890625,1359.7585327148438,1
2024-12-17,1420.3021240234375,1447.9142796955014,1410.0661621522895,1432.0360315342657,195157,Chemicals,-0.011605681881700636,0.006315758196268506,0.0023504869336705703,0.01787774352258409,1425.2853271484375,1367.244921875,1339.7692708333334,1326.8103881835937,1326.9182373046874,1356.0635986328125,0
2024-12-18,1469.13525390625,1475.9758483083783,1414.1107388810638,1420.0525414712545,235935,Chemicals,0.03438221281010123,-0.008368148425827115,0.01938068365399248,0.002868359540378451,1431.5866943359374,1385.6197265625,1351.2402099609376,1335.8180358886718,1330.0199853515626,1355.0167032877605,1
2024-12-19,1479.9703369140625,1484.963489197848,1428.0415531626918,1451.259711282295,241483,Chemicals,0.007375143288545605,0.021976067011371336,0.006089287233101093,0.009851289505552474,1445.807177734375,1404.9981567382813,1364.4421061197916,1346.0515014648438,1334.84537109375,1354.1262573242188,1
2024-12-20,1449.062744140625,1504.936068320675,1434.2829649141138,1486.9107401744277,202460,Chemicals,-0.02088392719943566,0.024565574731370665,0.0134498789149462,0.004370609340883069,1451.08994140625,1420.8164672851562,1375.5502115885417,1353.6286071777345,1340.5335693359375,1351.0138590494792,0
2024-12-23,1451.4593505859375,1459.248716705824,1410.1161482818393,1429.139984842782,154365,Chemicals,0.0016539010853762193,-0.03885287379447444,-0.03035833386984499,-0.01684940644450983,1453.9859619140625,1437.2439331054688,1387.2807861328124,1361.8273559570312,1346.7170849609374,1350.010233561198,1
2024-12-24,1428.3411865234375,1466.7884589864482,1423.048396358186,1449.012788151388,79029,Chemicals,-0.01592753117968304,0.013905428103176298,0.005166865794917097,0.00917105168400778,1455.5937744140624,1440.43955078125,1396.6945393880208,1368.7253967285155,1352.5670654296875,1348.36416015625,0
2024-12-26,1400.978759765625,1428.5409373214334,1383.7523835553525,1422.998489257743,93837,Chemicals,-0.019156786218853084,-0.017953118914038946,-0.026075690349679936,-0.0276139679461348,1441.9624755859375,1436.7745849609375,1404.4006429036458,1373.9207763671875,1357.046923828125,1348.6770670572917,0
2024-12-27,1420.601806640625,1432.3855729019135,1386.298752889406,1398.382278952448,89784,Chemicals,0.014006669792968829,-0.017298830948257127,0.002691302349157043,0.0018401914708980893,1430.08876953125,1437.9479736328126,1413.3616943359375,1380.8537719726562,1362.858955078125,1350.7192708333334,1
2024-12-30,1393.1893310546875,1423.4478827689115,1385.1504289895895,1403.0757969942056,57917,Chemicals,-0.019296382320364125,0.0033563912475160773,-0.006239723648497009,-0.0008283379736315766,1418.9140869140624,1435.0020141601562,1420.1823404947916,1386.391180419922,1366.685703125,1353.5969889322917,0
2024-12-31,1421.1510009765625,1431.9362588403792,1390.4431139484311,1393.1893477476951,96667,Chemicals,0.020070258434083055,-0.007046268824314472,0.005963250340403015,0.0038210181710749413,1412.8524169921875,1433.419189453125,1429.113427734375,1393.6736938476563,1372.0323681640625,1357.739640299479,1
2025-01-01,1540.936767578125,1556.8148942409596,1406.1715149512413,1406.1715149512413,1050404,Chemicals,0.08428785295809527,0.009318307826953864,0.08720963285175176,0.011311790353038198,1435.371533203125,1445.4826538085938,1438.7502115885416,1406.363787841797,1382.0546240234376,1366.3678100585937,1
2025-01-02,1511.926513671875,1554.2684694789791,1507.9319918391884,1542.884057875196,214881,Chemicals,-0.018826375304059395,0.09722323448480275,-0.0016356631552025824,0.07236704470682986,1457.561083984375,1449.7617797851562,1443.70341796875,1417.6907531738282,1390.648837890625,1373.7992838541666,0
2025-01-03,1494.2508544921875,1529.3027603936937,1488.6085678296786,1511.9265654458547,83286,Chemicals,-0.011690818978205675,-0.020064691362470133,-0.016062674869583127,-0.01281451956327384,1472.2908935546875,1451.1898315429687,1449.395613606771,1428.093994140625,1399.1411962890625,1381.0976114908854,0
2025-01-06,1442.7713623046875,1507.3827045391868,1420.2521965889644,1473.479249060783,197903,Chemicals,-0.034451706708238716,-0.025429354350774203,-0.014333365780928808,-0.04591964114540503,1482.2072998046874,1450.560693359375,1450.737109375,1435.6885803222656,1405.554404296875,1385.9393025716147,0
2025-01-07,1447.1153564453125,1482.3670599875709,1437.1790322583774,1443.6201498806236,83981,Chemicals,0.0030108680100815466,-0.020264349972483275,-0.016595416994162226,0.011918190100368431,1487.4001708984374,1450.1262939453125,1451.4128499348958,1443.6851135253905,1412.4189892578124,1391.2603352864583,1
2025-01-08,1412.61279296875,1462.1946987334377,1397.0840402575286,1456.252896144061,124337,Chemicals,-0.023842303464538195,0.008750741158941366,-0.013608209328600629,-0.027898397555831123,1461.7353759765624,1448.5534545898438,1450.9002278645833,1444.4965026855468,1417.43810546875,1395.3347493489584,0
2025-01-09,1441.0238037109375,1506.933416354681,1407.4698434729316,1412.6128149007602,413476,Chemicals,0.020112383863152505,-0.029967378165463687,0.03059696335925466,0.007433914436162814,1447.554833984375,1452.557958984375,1449.0261311848958,1444.6662719726562,1423.6635693359376,1400.1331705729167,1
