Date,Close,High,Low,Open,Volume,Sector,return_ratio,pct_change_open,pct_change_high,pct_change_low,ma_5,ma_10,ma_15,ma_20,ma_25,ma_30,up_or_down
2022-01-10,227.20114135742188,230.2951195639285,226.54795978753967,229.6419379940463,326601,Metals & Mining,0.0,0.0,0.0,0.0,0.0,0.0,0.0,0.0,0.0,0.0,0
2022-01-11,224.6571655273437,226.51356059795089,222.6632729218938,222.7664013186209,381278,Metals & Mining,-0.011197020467763052,-0.02994024843843479,-0.01642049112086319,-0.017147304567602384,0.0,0.0,0.0,0.0,0.0,0.0,0
2022-01-12,227.3729858398437,228.0949055579272,224.82904029372176,225.5165908756597,405320,Metals & Mining,0.012088732207250485,0.012345620976770277,0.0069812374844220315,0.009726648420315342,0.0,0.0,0.0,0.0,0.0,0.0,1
2022-01-13,227.8542633056641,228.95434845568067,226.9260658046382,226.96045592386372,291606,Metals & Mining,0.0021166870991411457,0.006402478161795733,0.0037679179885725667,0.00932720038379764,0.0,0.0,0.0,0.0,0.0,0.0,1
2022-01-14,226.89170837402344,228.713713350854,225.72286390762943,228.23244049827653,220490,Metals & Mining,-0.004224432396726319,0.0056044325837956155,-0.0010510178402366455,-0.005302175811061738,226.7954528808594,0.0,0.0,0.0,0.0,0.0,0
2022-01-17,225.1728057861328,226.85731303152977,224.82903051012343,225.5853403138196,285705,Metals & Mining,-0.007575872208856027,-0.011598264377657319,-0.008116698785247123,-0.003959870887832451,226.38978576660156,0.0,0.0,0.0,0.0,0.0,0
2022-01-18,224.0039978027344,226.8229597199052,223.52272492765417,226.8229597199052,243633,Metals & Mining,-0.0051907155454132825,0.005486258124592469,-0.00015143136082096387,-0.0058102175662338995,226.2591522216797,0.0,0.0,0.0,0.0,0.0,0
2022-01-19,222.90396118164065,225.89479015338569,222.0788918900245,224.1415441366811,292701,Metals & Mining,-0.004910790128230147,-0.011821623289526295,-0.004092044154902497,-0.006459446296106952,225.36534729003907,0.0,0.0,0.0,0.0,0.0,0
2022-01-20,221.52882385253903,225.24159309951972,219.7411879981024,223.45395724508305,398781,Metals & Mining,-0.006169191977620558,-0.0030676459120793087,-0.002891598577472454,-0.010526456936212347,224.10025939941406,0.0,0.0,0.0,0.0,0.0,0
2022-01-21,224.1415100097656,226.47917800357544,217.81603569015743,221.52882595475123,2227785,Metals & Mining,0.011793888090001703,-0.00861533764747946,0.005494477671843301,-0.008760998907321738,223.5502197265625,225.17283630371094,0.0,0.0,0.0,0.0,1
2022-01-24,217.6441650390625,224.62282140903065,214.85959310536973,224.55406214276047,697303,Metals & Mining,-0.02898769161687187,0.01365617397632568,-0.00819658836149384,-0.013573117219859987,222.04449157714845,224.217138671875,0.0,0.0,0.0,0.0,0
2022-01-25,214.6876983642578,219.67244076022536,211.76560799420787,215.95967131005,707511,Metals & Mining,-0.013583946412135894,-0.03827314790345049,-0.02203863622472635,-0.014400032441858612,220.1812316894531,223.2201919555664,0.0,0.0,0.0,0.0,0
2022-01-27,215.16896057128903,217.95353200362047,212.7969026975412,212.7969026975412,599365,Metals & Mining,0.0022416850648547815,-0.01464518163656603,-0.00782487211712235,0.0048699820197506405,218.6342315673828,221.99978942871093,0.0,0.0,0.0,0.0,1
2022-01-28,216.819091796875,219.6036634095728,216.16591031617813,216.54407574587933,377815,Metals & Mining,0.007669002170223482,0.017609152204927314,0.007571023927820164,0.015832033154286274,217.69228515625,220.89627227783203,0.0,0.0,0.0,0.0,1
2022-01-31,216.8878936767578,219.01928422760707,216.5784874445977,217.43792588683817,264966,Metals & Mining,0.00031732390036598446,0.004127797714529979,-0.0026610629936342223,0.001908613286045524,216.24156188964844,219.89589080810546,222.19574483235678,0.0,0.0,0.0,1
2022-02-01,218.6410675048828,219.1567303999415,216.40652829296184,217.6785009639153,336321,Metals & Mining,0.008083318060794431,0.0011064080752973826,0.0006275528331631808,-0.0007939807580373826,216.4409423828125,219.24271697998046,221.6250732421875,0.0,0.0,0.0,1
2022-02-02,220.3256225585937,221.11630163966612,219.500553354286,220.70376703751228,237138,Metals & Mining,0.0077046598470036365,0.013897863409572553,0.008941414831972416,0.01429728153642218,217.5685272216797,218.8748794555664,221.3363037109375,0.0,0.0,0.0,1
2022-02-03,222.28512573242188,224.4852962942616,220.70376756648687,221.28818983907385,619741,Metals & Mining,0.008893669066143639,0.0026479964950587576,0.015236301573484212,0.005481599904027634,218.99176025390625,218.81299591064453,220.9971130371094,0.0,0.0,0.0,1
2022-02-04,226.65106201171875,227.51050030311947,221.2881754663304,223.4539557641841,826825,Metals & Mining,0.019641153518082932,0.009787083199899849,0.01347617888029684,0.0026479289696197394,220.958154296875,219.3252197265625,220.91689961751302,0.0,0.0,0.0,1
2022-02-07,229.67626953125,230.94824233769373,226.68544120722885,227.2011041572158,1048595,Metals & Mining,0.01334742265348332,0.016769219324030082,0.015110256581538195,0.02439021303115063,223.51582946777344,219.87869567871093,221.1025370279948,222.52576599121093,0.0,0.0,1
2022-02-08,225.0353240966797,231.9795900045684,223.38520669836487,231.15454179660148,667055,Metals & Mining,-0.02020646470809584,0.017400609271027268,0.004465709097567494,-0.014558652250838633,224.7946807861328,220.61781158447266,221.09337158203124,222.41747512817383,0.0,0.0,0
2022-02-09,228.06056213378903,229.98569558730745,224.1758841219701,226.8229583573436,434764,Metals & Mining,0.013443391828607432,-0.01873890690440916,-0.008595128637056693,0.003539524551743778,226.34166870117187,221.9550979614258,221.36380920410156,222.5876449584961,0.0,0.0,1
2022-02-10,228.12925720214844,232.39207887626145,227.61359430523368,229.6418767593826,691056,Metals & Mining,0.0003012141499463272,0.012427835446877422,0.010463186776938027,0.015334879559985026,227.5104949951172,223.25112762451172,221.71216227213543,222.62545852661134,0.0,0.0,1
2022-02-11,224.86338806152344,227.81986787233524,224.14146841204263,225.51656944524527,275139,Metals & Mining,-0.014315871540015013,-0.017964089879215717,-0.01967455614681568,-0.015254475040426985,227.15296020507813,224.05555725097656,221.93446655273436,222.4759147644043,0.0,0.0,0
2022-02-14,215.6846466064453,222.59452222383928,213.1407008166492,220.70375794240127,510584,Metals & Mining,-0.0408191904169245,-0.02134127667285457,-0.02293630356867782,-0.049079573152302824,224.3546356201172,223.93523254394532,221.37067565917968,221.9155616760254,222.8915399169922,0.0,0
2022-02-15,216.647201538086,217.5066398011041,212.96880157589248,216.5784422805686,480791,Metals & Mining,0.004462788366188297,-0.01869164213737262,-0.022857177130436557,-0.0008065059376181072,222.67701110839843,223.73584594726563,221.30421142578126,221.48928146362306,222.46938232421874,0.0,1
2022-02-16,218.2973175048828,219.947434763562,215.0314521248885,217.09410394383227,639949,Metals & Mining,0.007616604115270542,0.002380946403685247,0.011221703230254843,0.00968522400338978,220.7243621826172,223.53301544189452,221.54485270182292,221.20394744873047,222.21498840332032,0.0,1
2022-02-17,217.6441650390625,221.356955593829,216.5784698502128,218.7098812102944,346779,Metals & Mining,-0.0029920315709134337,0.007442750572720147,0.006408444052926621,0.007194378822432901,218.62734375,223.06891937255858,221.70986633300782,220.94095764160156,221.82583557128908,0.0,0
2022-02-18,218.1254425048828,219.67243145881807,217.26600419714097,217.64414865959515,231662,Metals & Mining,0.002211304243943113,-0.004872813906723006,-0.007609989622832991,0.003174527677675787,217.27975463867188,222.216357421875,221.79695638020834,220.77078857421876,221.4366827392578,0.0,1
2022-02-21,214.75640869140625,217.57537001427576,213.69069279809952,216.57841336930764,230960,Metals & Mining,-0.015445395891408475,-0.004896687077741602,-0.009546311435695287,-0.01645591730861551,217.09410705566407,220.72437133789063,221.65485738118488,220.3015335083008,220.95127075195313,221.92530110677083,0
2022-02-22,212.59066772460932,213.86261963134265,205.95578721764903,212.24689240227485,627968,Metals & Mining,-0.010084639522487948,-0.019999781601718114,-0.017064203465169347,-0.03619673594188133,216.28280029296874,219.4799057006836,221.25149739583333,220.04885864257812,220.4479852294922,221.43828531901042,0
2022-02-23,215.16896057128903,230.157554694675,214.51577913290097,214.8939235557288,382356,Metals & Mining,0.01212796814778172,0.012471471895272757,0.07619346986126718,0.041562279122586476,215.65712890625,218.19074554443358,220.90771993001303,220.0729217529297,220.09458374023438,221.12201182047525,1
2022-02-24,205.37136840820312,212.6593878330858,203.5493425696037,210.3904792924908,733004,Metals & Mining,-0.045534412291961646,-0.020956591925551216,-0.0760269063720378,-0.051121817740517494,213.20256958007812,215.91495666503906,219.78013610839844,219.5830421447754,219.39328002929688,220.3886245727539,0
2022-02-25,213.38131713867188,214.5157713483656,207.8121534937292,207.8121534937292,378004,Metals & Mining,0.0390022659563134,-0.012254954727191514,0.0087293748665207,0.020942395933643665,212.25374450683594,214.7667495727539,218.8954864501953,219.41115341186523,219.0673797607422,219.90619303385418,1
2022-02-28,214.4813995361328,216.2346450217365,210.39046542655444,212.62500468353585,471318,Metals & Mining,0.005155476647217494,0.02315962328907717,0.008012807928138299,0.012406935251277451,212.19874267578126,214.64642486572265,217.8824951171875,219.29082870483398,218.68097534179688,219.49251607259114,1
2022-03-02,241.845932006836,247.5182246551839,214.1032601302581,214.1032601302581,9273376,Metals & Mining,0.12758464151150406,0.006952406415804413,0.14467422475386726,0.01764716236629904,218.04979553222657,217.16629791259766,219.00320231119792,220.45107192993163,219.64904602050783,220.04828694661458,1
2022-03-03,234.04220581054688,255.5625508712421,231.60140972193244,247.5182009474973,8389106,Metals & Mining,-0.032267345295138306,0.15606927609093812,0.032499935013935666,0.08172761863144284,221.82444458007814,218.74078674316405,219.4019785563151,221.13690109252929,220.42322631835938,220.38289388020834,0
2022-03-04,220.91000366210932,240.57395539912287,218.641095031153,233.76720852387427,4485873,Metals & Mining,-0.056110401553247424,-0.055555479843439226,-0.05864942035138321,-0.0559595673719776,224.9321716308594,219.06737060546874,218.92069498697916,221.06814498901366,220.65286804199218,220.3164286295573,0
2022-03-07,219.6380615234375,227.3730062650808,216.92222808786389,221.46006653277072,3370332,Metals & Mining,-0.005757738977802518,-0.052646998990222516,-0.0548727276489307,-0.007861591358404918,226.1835205078125,219.21863250732423,218.5723398844401,220.7174949645996,220.76562683105467,220.25340321858724,0
2022-03-08,221.6663360595703,232.3233716488033,217.67855049010032,224.1415227154814,6205251,Metals & Mining,0.009234622278417648,0.012108079911164804,0.021772001281239017,0.0034866062777580975,227.6205078125,219.9096252441406,218.97111918131512,220.31699829101564,220.95676452636718,220.1708974202474,1
2022-03-09,217.9192047119141,226.41043914714453,217.6097985011869,225.8604069751656,1982633,Metals & Mining,-0.01690437715652604,0.007668745348295536,-0.025451302896021932,-0.0003158418170216004,222.8351623535156,220.4424789428711,219.05591939290363,219.96119232177733,220.92789001464843,220.18006540934246,0
2022-03-10,215.1345977783203,219.80995486576305,214.5501755195924,217.6785436187216,1670847,Metals & Mining,-0.012778162150853034,-0.03622531042965682,-0.02915273830237053,-0.014060134252538381,219.05364074707032,220.4390426635742,218.8450714111328,219.3148941040039,220.7202490234375,220.19496205647786,0
2022-03-11,215.30645751953125,216.6471895284692,212.65938361969737,216.6127994104272,1373085,Metals & Mining,0.0007988475260869432,-0.004895954330533914,-0.014388635579427378,-0.008812819170694874,217.93293151855468,221.43255157470702,218.68922424316406,218.67375411987305,220.44110229492188,220.19954528808594,1
2022-03-14,213.0375518798828,216.5784331782257,212.5218889437442,215.2033320151893,855693,Metals & Mining,-0.010538028751147066,-0.0065068518530491115,-0.0003173655305344081,-0.0006465488313417422,216.61282958984376,221.39817504882814,218.35003153483072,218.08246231079102,219.89656188964844,220.07349395751953,0
2022-03-15,210.0467071533203,214.4126576359617,209.70293185519705,213.75947617657587,973924,Metals & Mining,-0.0140390494547592,-0.006709263397982612,-0.009999959416465809,-0.013264314102220953,214.28890380859374,220.95470581054687,218.03605143229166,217.80056533813476,219.11137939453124,219.84545440673827,0
2022-03-16,213.10630798339844,215.6502325079726,211.76557597631137,211.76557597631137,1119742,Metals & Mining,0.014566288001100602,-0.009327774543278933,0.005771930098045219,0.009836029009544722,213.32632446289062,218.08074340820312,218.07042744954427,217.6235206604004,218.63421875,219.6609624226888,1
2022-03-17,213.1750640869141,216.5096888333896,212.52190357891948,214.55016534464585,1297589,Metals & Mining,0.00032263758011796817,0.01314939576697749,0.003985418032810273,0.003571532337686145,212.93441772460938,215.99402923583983,217.9375010172526,217.36740798950194,218.038798828125,219.4226104736328,1
2022-03-21,214.103256225586,216.37218583297383,213.5875932669586,214.51579078896367,1053117,Metals & Mining,0.004354130923556188,-0.00016021686875400398,-0.0006350893632366406,0.005014493424407851,212.69377746582032,215.3133544921875,218.5196268717448,217.19036254882812,217.4777587890625,219.1498814900716,1
2022-03-22,215.20333862304688,216.578439828306,214.1376435819228,215.37522627370424,1178316,Metals & Mining,0.005138092791553861,0.0040063972986774665,0.0009532371017935137,0.002575291507108668,213.12693481445314,214.86988220214843,218.64109497070314,217.04425735473632,217.09135681152344,218.7682907104492,1
2022-03-23,213.8282623291016,216.23468971865736,213.14071164637133,215.2721229593114,1050024,Metals & Mining,-0.006389660600730207,-0.0004787148279618014,-0.0015871852707090017,-0.004655566012941814,213.8832458496094,214.08607482910156,218.59755249023436,216.9978500366211,217.01710144042968,218.24002380371093,0
2022-03-24,213.8625946044922,219.2598707300144,213.41569093423143,216.578427726072,2043996,Metals & Mining,0.00016056004485398567,0.006068155731467018,0.013990266849843058,0.0012901302887471378,214.03450317382817,213.68041381835937,216.73199666341145,217.06144638061522,216.90571716308594,217.8675994873047,1
2022-03-25,213.69073486328125,215.47837076009915,213.34695953629247,215.20335469498423,852759,Metals & Mining,-0.0008035988786574411,-0.006349076616379179,-0.017246657846348934,-0.0003220540984502085,214.1376373291016,213.53602752685546,215.37523193359374,216.98753509521484,216.72145385742186,217.38860524495442,0
2022-03-28,213.14068603515625,215.478353879066,212.52189469153004,215.478353879066,959106,Metals & Mining,-0.002574041539409322,0.0012778573292759887,-7.834212367718862e-08,-0.003867244447990803,213.94512329101562,213.31945037841797,214.8572774251302,217.3760009765625,216.54131469726562,216.88898620605468,0
2022-03-29,213.0375518798828,214.9970752336853,210.4248470806866,214.5157814336712,1291346,Metals & Mining,-0.00048387831151308625,-0.004467142188839146,-0.002233535929324959,-0.009867442664612258,213.5119659423828,213.31945037841797,214.41724344889323,217.35881271362305,216.33779907226562,216.49479166666666,0
2022-03-30,213.9657592773437,214.85956668178807,213.14069014833385,213.14069014833385,722629,Metals & Mining,0.004357013067744164,-0.006410210363765434,-0.0006395833606005485,0.01290647518734267,213.53946533203126,213.71135559082032,213.90387166341145,217.3330307006836,216.30617309570312,216.43749542236327,1
2022-03-31,213.24383544921875,216.09716652448083,211.90312423626443,214.85958371523355,1148619,Metals & Mining,-0.0033740156862630544,0.008064596045473271,0.005760040671243027,-0.005806333418589049,213.41571350097655,213.72510833740233,213.59218037923176,215.90292587280274,216.3322998046875,216.3240498860677,0
2022-04-01,220.463119506836,221.08191091719883,213.10633988162127,214.2064041745413,1339271,Metals & Mining,0.03385459674559477,-0.00304002981574214,0.023067143696922532,0.0056781401864338665,214.7701904296875,214.45391387939452,213.94741516113282,215.22397155761718,216.54406616210937,216.3962432861328,1
2022-04-04,223.48829650878903,224.69150996388225,220.87561282782332,222.4226015558004,797433,Metals & Mining,0.013721918698783808,0.03835645069959881,0.01632697596880872,0.03645725861801119,216.83971252441407,215.39241790771484,214.49287109375,215.35288619995117,217.2687432861328,216.59104766845704,1
2022-04-05,228.85122680664065,231.01700705127035,223.4883194106655,226.89170335392623,2069155,Metals & Mining,0.02399647042654296,0.02009284023685254,0.02815191855003718,0.011828859462537533,220.00244750976563,216.75720672607423,215.5471160888672,215.81354446411132,217.88753967285157,216.94857381184895,1
2022-04-06,229.22938537597656,230.3294706261898,224.82906535750465,228.26681865043287,732422,Metals & Mining,0.0016524209837660564,0.006060668046383277,-0.002976129047191689,0.00599917682666673,223.0551727294922,218.2973190307617,216.82596130371093,216.19169692993165,218.4774591064453,217.4310063680013,1
2022-04-07,231.9795684814453,232.39210303834423,228.33555869065964,228.95435003481845,982237,Metals & Mining,0.011997515505954626,0.0030119637556191847,0.00895513894312705,0.015596263443871328,226.8023193359375,220.10901641845703,218.08417867024738,216.89471511840821,218.08280456542968,218.07730305989583,1
2022-04-08,232.9077606201172,234.3172309261214,229.50437683212635,231.70454709661843,890129,Metals & Mining,0.004001180555459616,0.01201198868412745,0.008283964311212033,0.005118861679578313,229.29124755859374,222.0307189941406,219.39969177246093,217.78337326049805,218.0374267578125,218.66859639485676,1
2022-04-11,239.6457672119141,239.95517339290865,232.3921163518714,233.76721763206,1506518,Metals & Mining,0.028929935927669126,0.008902158206595123,0.024061151817575288,0.01258250304244668,232.52274169921876,224.6812271118164,221.10252583821614,219.00033874511718,218.7868572998047,219.81107635498046,1
2022-04-12,234.00784301757807,239.30196986967445,231.7733036429092,239.26760073378475,712314,Metals & Mining,-0.023526074588876456,0.023529317572586805,-0.0027221897906931636,-0.0026627956174951617,233.55406494140624,226.77825622558595,222.35615946451824,220.04885330200196,219.3616485595703,220.49862721761068,0
2022-04-13,242.32720947265625,245.2836685634408,237.47996531105744,237.5143554293652,3585186,Metals & Mining,0.0355516565077405,-0.007327549986052007,0.024996445691709335,0.024621738476578114,236.1736297607422,229.6144012451172,224.25608927408854,221.66287841796876,220.18808349609375,221.42682088216145,1
2022-04-18,236.55178833007807,241.77717736914985,235.82986855398744,241.77717736914985,543920,Metals & Mining,-0.023833151692484122,0.0179476391314477,-0.014295657003287277,-0.006948361959328464,237.08807373046875,231.94519653320313,225.7687021891276,222.83515243530275,220.9333868408203,221.25034942626954,0
2022-04-19,234.7641448974609,240.64269373723369,229.0230935789685,239.6113679069313,543960,Metals & Mining,-0.007557091177525677,-0.008957873881171863,-0.0046922693211196576,-0.02886307411675748,237.4593505859375,233.37529907226562,227.17359619140626,223.91460647583008,221.71856872558592,221.2744140625,0
2022-04-20,238.88946533203125,240.57395171943708,235.17667529106663,235.17667529106663,534452,Metals & Mining,0.017572191172430474,-0.018507855677311502,-0.0002856601076435261,0.02686882626522702,237.30809020996094,234.91541595458983,228.8901814778646,225.15391693115234,222.66188903808595,221.87372945149738,1
2022-04-21,240.5052032470703,241.2615131405276,236.72367476216428,238.85508592286007,599962,Metals & Mining,0.006763537742417114,0.0156410521036614,0.0028580044355441814,0.006578031044885746,238.60756225585936,236.0808135986328,230.7213582356771,226.41901016235352,223.76059509277343,222.56930084228514,1
2022-04-22,237.4456329345703,243.32418289028047,234.8329277457356,240.23020481203687,1924985,Metals & Mining,-0.01272143085136046,0.005757126267015744,0.008549518416355983,-0.007987147961978525,237.6312469482422,236.90243835449218,232.28668314615885,227.59987869262696,224.85655212402344,223.09527740478515,0
2022-04-25,221.97573852539065,235.48610502602807,221.28818785378172,235.48610502602807,1840008,Metals & Mining,-0.06515131155704379,-0.01974814028785732,-0.032212490230725366,-0.05767819709942623,234.71603698730468,235.9020553588867,232.86881001790366,228.0055358886719,225.21132934570312,223.2304951985677,0
2022-04-26,222.04449462890625,225.31036027256863,217.43789680173523,222.11323290918372,1762087,Metals & Mining,0.0003097460288783438,-0.05678837023257166,-0.04321165680809369,-0.017399442281079147,232.17210693359374,234.81572875976562,232.97423502604167,228.42322387695313,225.5661065673828,223.46082509358723,1
2022-04-27,218.7442321777344,221.94133846103225,216.26904567433647,218.7786222992032,1364198,Metals & Mining,-0.014863068128248114,-0.01501311095383484,-0.014952804688877719,-0.005375563066931988,228.14306030273437,232.72557525634767,232.65796407063803,228.70340118408203,225.75174560546876,223.575417582194,0
2022-04-28,221.08189392089844,222.7664013363008,216.95659019244843,222.07885071489247,1015521,Metals & Mining,0.010686735462193342,0.015084784706139498,0.0037174817498606405,0.0031791166228536394,224.2583984375,231.4329803466797,232.14000854492187,229.10561828613282,225.9868878173828,223.84356231689452,1
2022-04-29,221.3225555419922,223.24770999929203,218.3660960664284,222.0788654722749,838605,Metals & Mining,0.0010885632324999506,6.645109329461718e-08,0.002160598097846078,0.006496718411409752,221.03378295898438,229.33251495361327,231.61288655598958,229.47345809936525,226.28665954589843,224.21942392985025,1
2022-05-02,222.3194732666016,226.06661115322947,217.3003416909004,221.28814744750403,699894,Metals & Mining,0.00450436568549506,-0.003560528027236387,0.012626786424579262,-0.0048805853780697905,221.10252990722657,227.90928344726564,230.96888020833333,229.92723999023437,226.62493469238282,224.52652943929036,1
2022-05-04,217.16287231445312,223.45395642976905,215.89089944291533,222.31950207821703,612426,Metals & Mining,-0.02319455365911538,0.00466068627086158,-0.011557012820834212,-0.006486148328243124,220.12620544433594,226.14915618896484,229.91922098795573,229.76222763061523,226.7638201904297,224.65945638020833,0
2022-05-05,213.8282623291016,220.66940001522,213.2438400523045,218.7786356377119,548685,Metals & Mining,-0.015355341130886324,-0.015926926821108967,-0.012461432587899779,-0.01226109760736227,219.14301147460938,223.64303588867188,228.19805399576822,229.27922592163085,226.7913232421875,224.6502899169922,0
2022-05-06,209.56539916992188,212.76252601214733,207.19336236272144,210.45922747401949,741272,Metals & Mining,-0.01993592012929879,-0.0380266022751371,-0.03583131146650742,-0.028373516853284042,216.83971252441407,220.54905548095704,226.5685577392578,228.31493453979493,226.65243713378905,224.462358601888,0
2022-05-09,212.48748779296875,214.1376258888407,207.36524881603023,209.01536592952468,625988,Metals & Mining,0.013943564322264734,-0.006860528577550928,0.006463073655249119,0.0008295944008469558,215.07269897460938,218.05324096679686,224.579242960612,227.47783966064452,226.59330627441406,224.41766611735025,1
2022-05-10,206.9183654785156,212.28125186963888,205.95577783393185,209.7373062073181,562023,Metals & Mining,-0.02620917764287034,0.003454005759733647,-0.008669069769949966,-0.006797045262626589,211.9924774169922,216.54750366210936,222.6036814371745,226.22477951049805,226.34028747558594,224.18619181315105,0
2022-05-11,203.1368408203125,208.7403742250651,197.32702963835663,206.3683161726973,873285,Metals & Mining,-0.018275442343931192,-0.01606290314080172,-0.016680124190845746,-0.04189612103299589,209.18727111816406,214.65673828125,220.4951944986979,224.73623352050782,225.647236328125,223.8343953450521,0
2022-05-12,196.7425994873047,201.65858206818,196.05504888907376,201.0054215892881,548950,Metals & Mining,-0.031477507020323925,-0.025987005577548627,-0.03392631724061901,-0.006446054306974758,205.7701385498047,212.45657501220703,217.6854034423828,222.59107513427733,224.5774084472656,223.2877924601237,0
2022-05-13,195.6425323486328,202.5180389640461,194.5768372161961,198.70214118544413,415655,Metals & Mining,-0.005591402886505281,-0.011458797407714827,0.004261940588154545,-0.007539778655300089,202.98556518554688,209.91263885498046,214.6945587158203,220.67280960083008,223.2490606689453,222.7079584757487,0
2022-05-16,194.06114196777344,198.2208143858234,191.7922335547239,195.74564920154305,448904,Metals & Mining,-0.008083060272606524,-0.014879014218280973,-0.021218971900994976,-0.014311074747186958,199.3002960205078,207.1864974975586,211.80225931803386,218.25950622558594,221.8423309326172,222.04447123209636,0
2022-05-17,202.0023803710937,203.7212570624148,195.43627980320005,196.98326882538896,821541,Metals & Mining,0.04092132161439621,0.006322590713480736,0.027749067087804224,0.018999967730374268,198.31709899902344,205.1547882080078,210.4707021077474,216.53203582763672,220.64324340820312,221.6697560628255,1
2022-05-18,200.0772399902344,204.8900945604462,199.6303362623337,204.2025439075588,371423,Metals & Mining,-0.009530285620014234,0.03664917901514375,0.005737435135074298,0.02145996875993017,197.7051788330078,203.44622497558595,209.00621846516927,214.79769058227538,219.3300225830078,220.99022674560547,0
2022-05-19,196.2613220214844,199.87096257692247,194.37055792101685,197.2582577759401,339233,Metals & Mining,-0.019072224151713835,-0.034006854169076006,-0.02449670392456671,-0.026347590450406244,197.60892333984376,201.6895309448242,207.50735778808593,212.66628341674806,217.59464477539063,220.082660929362,0
2022-05-20,201.8992462158203,204.099416711001,199.45844977661312,200.1803695734544,591646,Metals & Mining,0.028726618858293085,0.014813634828071187,0.02115592019751822,0.0261762476272962,198.86026611328126,200.92291564941405,206.2285146077474,210.73598556518556,216.31030090332033,219.18426157633465,1
2022-05-23,205.74951171875,206.26517465538848,196.7769850141921,200.76476999791143,741139,Metals & Mining,0.01907023218310555,0.002919369295312224,0.010611289239763622,-0.013443726076404316,201.19794006347655,200.24911804199218,205.19031168619793,209.15117950439452,214.84719299316407,218.40159912109374,1
2022-05-24,203.1024627685547,209.6685842256748,200.97105150507912,206.2652000321912,365786,Metals & Mining,-0.01286539602491843,0.027397386674649082,0.016500165750095608,0.02131380603572386,201.41795654296874,199.8675277709961,203.9091776529948,208.20751571655273,213.50921997070313,217.43902893066405,0
2022-05-25,209.3591461181641,218.64107870468365,199.5271814750241,203.17119106048435,5949768,Metals & Mining,0.03080555136714036,-0.01500015015244438,0.04279369993432769,-0.007184467709363318,203.2743377685547,200.48975830078126,203.38892923990886,207.57324829101563,212.49302001953126,216.6540751139323,1
2022-05-26,205.7151641845703,216.57845613088125,202.8962023051208,212.79692753177065,1752641,Metals & Mining,-0.017405410755435002,0.04737746735175996,-0.009433829114008141,0.01688502190624308,205.16510620117188,201.38701477050782,202.84805603027343,206.92179489135742,211.1660479736328,215.52305501302084,0
2022-05-27,203.7212371826172,208.32783465878296,203.1024458306016,207.9153000966461,439604,Metals & Mining,-0.009692659312971919,-0.022940309767375378,-0.03809530098003988,0.0010164977123161556,205.52950439453124,202.19488525390625,202.45844523111978,206.05376205444335,209.6946893310547,214.5135014851888,0
2022-05-30,205.0963287353516,205.9901570749188,203.9618744797264,205.7838793123824,247360,Metals & Mining,0.006749868456285446,-0.010251389788403897,-0.011221148569479422,0.004231503198349529,205.39886779785155,203.29840393066405,201.9657012939453,205.24245071411133,208.40071716308594,213.27247212727863,1
2022-05-31,206.9183654785156,209.3591617629313,203.51498154951616,204.7869543806765,382712,Metals & Mining,0.008883809643980056,-0.004844523949286472,0.01635517315901258,-0.0021910611056609186,206.16204833984375,203.79000244140627,201.9657012939453,204.47239532470704,207.79842224121094,212.2846913655599,1
2022-06-01,213.14068603515625,214.2751403288676,208.36220097141643,209.0153824344758,708301,Metals & Mining,0.030071378837016383,0.020647936615821427,0.023481076846796567,0.02381750662774129,206.9183563232422,205.09634704589843,202.63262430826822,204.2712860107422,207.44226989746093,211.56390940348308,1
2022-06-02,210.2529754638672,213.1406965193393,209.256039634092,212.453145885406,264475,Metals & Mining,-0.013548377951700608,0.01644741841911035,-0.005294332360661014,0.004289831161834234,207.82591857910157,206.49551239013672,203.53331604003907,204.09252166748047,207.10261962890624,210.60935974121094,0
2022-06-03,206.05894470214844,212.1781414838232,205.4745224347252,211.3530722848278,344104,Metals & Mining,-0.01994754534372578,-0.005177958631742641,-0.004516054658894042,-0.01807124518833103,208.2934600830078,206.91148223876954,204.22774353027344,203.9171989440918,206.50170166015624,209.46115112304688,0
2022-06-06,205.95578002929688,207.15899361547253,203.9618874258245,205.9214108912152,154736,Metals & Mining,-0.0005006561253658726,-0.025699467412012234,-0.02365534844093886,-0.0073616669890606,208.46535034179686,206.9321090698242,205.02071940104167,203.5906135559082,205.88703063964843,208.41148935953777,0
2022-06-07,207.50277709960932,211.0780488608894,206.1964350653504,206.1964350653504,607057,Metals & Mining,0.007511306893607905,0.001335578330319942,0.018918103322568713,0.010955711715202376,208.5822326660156,207.37214050292968,205.38741251627604,203.61983413696288,205.29436279296874,207.9290573120117,1
2022-06-08,204.6838531494141,208.2247350815764,204.34007779711905,208.1903449569175,261209,Metals & Mining,-0.013584993847296944,0.009669953270216025,-0.013517813883117125,-0.009002858209663178,206.8908660888672,206.90461120605468,205.69452006022135,203.69718475341796,204.79520202636718,207.35036926269532,0
2022-06-09,201.0741729736328,206.26517139409967,200.38662240231915,202.9649370447454,514985,Metals & Mining,-0.017635392925431703,-0.025099184658411655,-0.00941081128862542,-0.01934743021251628,205.05510559082032,206.44051208496094,206.01537679036457,203.91376342773438,204.28503845214843,206.76136728922526,0
2022-06-10,199.14903259277344,204.8557153197838,197.9114498715508,201.07418691536165,1034256,Metals & Mining,-0.009574279741594749,-0.009315649081628852,-0.006833223780775333,-0.012351984883496425,203.67312316894532,205.98329162597656,205.8320292154948,204.0890884399414,203.8683837890625,206.0302719116211,0
2022-06-13,192.892333984375,198.0145949195165,189.93587446707093,195.29876135318852,586014,Metals & Mining,-0.031417167971849236,-0.028722859213172858,-0.0333948232275979,-0.040298706364165326,201.06043395996093,204.7628921508789,204.97488403320312,204.0306480407715,203.08457763671876,205.0825978597005,0
2022-06-14,190.62339782714844,197.39577521964725,186.3949659672239,190.03897563913773,589705,Metals & Mining,-0.011762707777751014,-0.026931997303038302,-0.00312512166146528,-0.01864265247301089,197.68455810546874,203.13339538574218,204.1429463704427,203.46169891357422,202.43277893066406,204.02606201171875,0
2022-06-15,193.1329345703125,198.7708571600864,191.2421706628413,192.5141433061609,543382,Metals & Mining,0.013164893563798685,0.01302452646199903,0.006966116366518227,0.02600501934408328,195.37437438964844,201.13262023925782,203.06119893391926,203.11448364257814,202.03262268066408,203.22506408691407,1
2022-06-16,189.1107788085937,199.97409057193252,185.6386567693772,195.2643648981597,969370,Metals & Mining,-0.02082584086793593,0.014285815809517155,0.006053369337120973,-0.029300618551036273,192.98169555664063,199.01840057373045,201.95423990885416,202.7569564819336,201.72734985351562,202.4011479695638,0
2022-06-17,182.78533935546875,189.729604921536,180.7570566020916,188.97329503134213,543481,Metals & Mining,-0.03344832850340684,-0.032218217953381756,-0.05122906483083356,-0.026296248056513982,189.70895690917968,196.69104003906247,200.55851338704426,201.801261138916,201.21306213378907,201.50847930908202,0
2022-06-20,177.1818084716797,184.6073469970444,174.25970775800369,184.26357167675195,584569,Metals & Mining,-0.030656347514237403,-0.024922692668342683,-0.026997673487012985,-0.035945201621593204,186.5668518066406,193.81364288330076,198.69754536946616,200.3728759765625,200.5378887939453,200.33162333170574,0
2022-06-21,181.20396423339844,183.6791507537405,177.42243568304775,178.1443764502703,634830,Metals & Mining,0.022700726425656903,-0.033208925512506426,-0.0050279485535251744,0.018149507799222198,184.68296508789064,191.1837615966797,196.983251953125,199.2779510498047,199.7059521484375,199.47447662353517,1
2022-06-22,170.23753356933594,180.3101457109554,168.62178545514513,180.13825806013466,668130,Metals & Mining,-0.06051981649770788,0.011192503797171183,-0.01834179344231579,-0.04960280358017599,180.1038848876953,187.73912963867187,194.12304178873697,197.32187042236328,198.51236389160155,198.3778330485026,0
2022-06-23,172.12828063964844,173.43462245971796,169.1374316158201,170.65004069463444,395882,Metals & Mining,0.011106522931045859,-0.05267186142286784,-0.0381316493541034,0.00305800439298598,176.70738525390624,184.84454040527345,191.5813954671224,195.64252624511718,197.54704223632814,197.55735575358074,1
2022-06-24,169.51560974121094,176.52862406138024,168.5186634270283,173.5377746276423,798772,Metals & Mining,-0.015178626595981348,0.016921964514355237,0.017839584494617755,-0.003658375221147314,174.05343933105468,181.88119812011718,189.14517313639323,193.93224487304687,196.25169677734374,196.68645833333332,0
2022-06-27,169.20619201660156,173.0908483694301,168.65614948660397,171.8876349249554,735020,Metals & Mining,-0.001825305203938088,-0.0095088213861656,-0.019474324406192678,0.0008158506409896571,172.45831604003905,179.51258392333983,186.69520060221353,192.1377380371094,194.7899639892578,195.85796000162762,0
2022-06-28,172.71270751953125,173.60652539206495,169.20620577662305,169.4124625623551,298402,Metals & Mining,0.0207233285090751,-0.014399944264059106,0.002979227541448415,0.0032614066649421236,170.76006469726562,177.7215148925781,184.37586263020833,190.42745513916014,193.57437377929688,194.8816375732422,1
2022-06-29,174.29408264160156,176.70050981811283,170.85632953229975,172.2314307760205,491018,Metals & Mining,0.009156101741335299,0.016639674384213654,0.017821821035013397,0.00975214678506009,171.57137451171874,175.83762969970704,182.3498779296875,188.48512496948243,192.17177124023436,194.02219899495444,1
2022-06-30,171.44076538085938,175.6348182127731,170.89072274142407,174.29409649184322,249341,Metals & Mining,-0.016370706437632943,0.01197612832064987,-0.0060310612936924635,0.00020129900495025055,171.43387145996093,174.07062835693358,180.37431742350262,186.54451446533204,190.80079528808594,193.1948471069336,0
2022-07-01,170.20315551757812,171.2001018033355,168.69054627458178,169.13744997437965,310474,Metals & Mining,-0.007218877380370303,-0.029585893161360732,-0.025249642722123267,-0.012874756637148765,171.57138061523438,172.81240997314453,178.44459228515626,184.75172500610353,189.46007202148436,192.13831075032553,0
2022-07-04,170.409423828125,173.9503052927465,168.99994297158614,170.82194790169433,332384,Metals & Mining,0.0012118947496573274,0.009959343288963085,0.016064263165977755,0.001834108098154763,171.81202697753906,172.13517150878906,176.94573160807292,182.97440719604492,188.07259582519532,190.960307820638,1
2022-07-05,170.92510986328125,173.09089039267138,170.5125752428302,170.75322218662518,277978,Metals & Mining,0.003026159138219686,-0.0004023236821342202,-0.004940577129938228,0.008950489832404207,171.45450744628906,171.10728607177734,175.63251241048178,181.14552383422853,186.63286560058594,189.88772939046223,1
2022-07-06,169.859375,171.20009654943843,166.4216220572402,170.4437867055555,356748,Metals & Mining,-0.0062350983078712785,-0.0018121794546955838,-0.010923705106279935,-0.02399209078722786,170.56756591796875,171.06947021484376,174.08094177246093,179.4042999267578,184.90161315917967,188.5710703531901,0
2022-07-07,176.3567352294922,177.31930190756316,170.82195060260932,170.82195060260932,589216,Metals & Mining,0.038251407845414365,0.00221870156937487,0.03574300179414713,0.0264408463934791,171.5507598876953,171.49231567382813,173.23067220052084,178.16842803955078,183.5457635498047,187.5924560546875,1
2022-07-08,180.8601837158203,183.3697602857844,179.51947258499698,183.3697602857844,980999,Metals & Mining,0.025536016418470364,0.07345548765196819,0.03412182606818148,0.05091571634503267,173.68216552734376,172.62677307128905,173.10232849121093,177.2539855957031,182.53781311035155,186.8304209391276,1
2022-07-11,186.6012420654297,186.9450173901569,180.86018994600988,180.86018994600988,761611,Metals & Mining,0.031743074852948805,-0.013685846215119146,0.019497528375455264,0.007468367312510438,176.9205291748047,174.36627807617188,173.73029073079428,176.93943099975587,181.76363159179687,186.21391805013022,1
2022-07-12,184.0916748046875,188.01072165286507,183.06034889541755,187.59818709268123,779193,Metals & Mining,-0.01344882398940428,0.037255280715356776,0.005700629402088042,0.01216497090965385,179.55384216308593,175.5041748046875,173.9228047688802,176.61284484863282,180.8271875,185.4530283610026,0
2022-07-13,186.7731170654297,187.804442969692,184.60733686295467,186.32621337005853,780303,Metals & Mining,0.014565798608693559,-0.006780309246774863,-0.0010971644667900904,0.008450699328782063,182.93659057617188,176.7520782470703,175.02517700195312,176.29485397338868,180.11075805664063,184.57410939534506,1
2022-07-14,195.05812072753903,198.01458002242185,192.51417502179905,195.26437752211044,6466717,Metals & Mining,0.04435865178181375,0.047970513597568765,0.05436579077299886,0.0428305737637833,186.67686767578124,179.1138137817383,176.5538330078125,176.59222106933595,179.87011596679687,184.06761423746744,1
2022-07-15,196.19256591796875,197.32702019999468,194.7487054761272,197.32702019999468,1663756,Metals & Mining,0.005815934174893123,0.010563333179656187,-0.0034722686700611183,0.011607095706459791,189.74334411621095,181.71275482177734,178.3322967529297,177.26258239746093,179.7518572998047,183.73873494466145,1
2022-07-18,201.72732543945312,202.72428212133423,198.46146035502687,198.7021072419338,1941113,Metals & Mining,0.028210852412208887,0.006968569436387462,0.027351864513381452,0.019064336627155454,192.76856079101563,184.84454498291015,180.50037231445313,178.4898582458496,180.1052569580078,183.59778645833333,1
2022-07-19,205.33697509765625,206.0932849268912,201.79609383166823,202.82741969452167,2560461,Metals & Mining,0.017893707014355442,0.020761291915062596,0.016618644645344238,0.016802423355527285,197.0176208496094,188.28573150634764,182.67532348632812,179.6965087890625,180.69380004882814,183.52559305826824,1
2022-07-20,206.22447204589844,209.2936141709249,204.6344367348008,207.07495395003173,3156045,Metals & Mining,0.004322148740235843,0.020941617567818316,0.015528546915873465,0.014065400619202473,200.90789184570312,191.9222412109375,184.80401611328125,181.49585571289063,181.21746154785157,183.5769470214844,1
2022-07-21,209.29360961914065,212.10390347673464,204.07976724118544,206.3353960556192,2947592,Metals & Mining,0.014882509058183668,-0.0035714502420750582,0.013427496662725025,-0.002710538374996019,203.75498962402344,195.21592864990234,187.3275390625,183.35412216186523,182.02477478027345,183.8509282430013,1
2022-07-22,205.04116821289065,210.88363521887752,204.48650319518217,210.77270672921128,1416962,Metals & Mining,-0.0203180661559057,0.021505329470450807,-0.005753162661577216,0.0019930243918597768,205.52471008300782,197.63402709960937,189.6500732421875,185.13040008544922,182.91500793457033,184.04733276367188,0
2022-07-25,201.93502807617188,205.37396912208968,201.3803630777176,204.7453442766329,752631,Metals & Mining,-0.015148860903356431,-0.028596503532698825,-0.026126570186773,-0.015189951751973463,205.56625061035157,199.1674057006836,191.75178019205728,186.76684188842773,183.90513671875,184.3487559000651,0
2022-07-26,196.6472320556641,202.08295371427857,195.9816385518164,202.08295371427857,593234,Metals & Mining,-0.02618563045195499,-0.013003424189011792,-0.016024501166721272,-0.02680859465834662,203.82830200195315,200.42296142578124,193.46658833821616,187.96356811523438,184.52286743164063,184.54955037434897,0
2022-07-27,194.465576171875,196.1295713271299,192.5057416001829,195.9816516189113,655614,Metals & Mining,-0.011094261846368303,-0.030192067085449525,-0.029460091896548857,-0.017735829628317434,201.47652282714847,201.19220733642578,195.10700174967448,188.97214279174804,185.4919891357422,184.5939717610677,0
2022-07-28,195.6118621826172,197.57167405733884,194.20671532353623,194.5025321513358,494063,Metals & Mining,0.005894544593995743,-0.007547234424024829,0.007352806210969787,0.008835963588484042,198.74017333984375,201.2475814819336,196.39067687988282,190.18069763183593,186.43133239746095,184.81067454020183,1
2022-07-29,199.4575653076172,199.82734201558875,196.72120864087591,197.2019138473632,588967,Metals & Mining,0.019659866646582813,0.01387838845165823,0.011416960295610457,0.012947509632458942,197.62345275878906,201.57408142089844,197.63050231933593,191.6434181213379,187.62901062011719,185.36641540527344,1
2022-08-01,201.454330444336,202.452731992696,199.93825508638812,201.3434019543798,494511,Metals & Mining,0.010010977190257231,0.021001257169452003,0.01313829204064798,0.01635332797992861,197.52731323242188,201.54678192138675,198.620708211263,193.19566345214844,188.91893615722657,186.17549947102864,1
2022-08-02,200.5299072265625,201.3064518665765,199.05080037249328,199.67942529934857,403498,Metals & Mining,-0.004588748307045809,-0.008264371411625726,-0.005661964226597038,-0.00443864388789128,198.30384826660156,201.06607513427736,199.71659037272136,194.6759033203125,190.0316241455078,186.81969757080077,0
2022-08-03,199.23568725585932,201.8980840873709,198.274276835576,200.6038655996313,313021,Metals & Mining,-0.006453999747982442,0.004629622200168271,0.0029389630352558704,-0.0039011324519376833,199.25787048339845,200.36719665527343,200.54742838541668,196.14471893310548,191.02928833007812,187.7863026936849,0
2022-08-04,200.5299072265625,201.6392373671144,197.34983651806544,200.71479558332115,434407,Metals & Mining,0.006495924442698531,0.0005529802895785085,-0.0012820662535089067,-0.004662431921399257,200.2414794921875,199.49082641601564,200.91221415201824,197.35337753295897,192.19285400390626,188.73302357991537,1
2022-08-05,201.0845489501953,204.3385791374671,199.6794021158481,203.34020018238937,690443,Metals & Mining,0.0027658803183217007,0.013080274383551194,0.013386986608356022,0.011804243869081743,200.56687622070314,199.09516448974608,201.23834635416668,198.36459579467774,193.42810974121093,189.7853215535482,1
2022-08-08,200.7147827148437,202.63762601572995,199.9012694833868,202.34180917775777,344207,Metals & Mining,-0.0018388595109970485,-0.004909953878948103,-0.00832418982708516,0.0011111179480094435,200.4189666748047,198.97313995361327,201.17084350585938,199.07027282714844,194.64032409667968,190.83560791015626,0
2022-08-10,201.67623901367188,203.4511628165035,200.0492123622708,201.0845826998076,539114,Metals & Mining,0.004790161869612453,-0.006213379642393546,0.004014737128386958,0.0007400797366936551,200.64823303222656,199.47604064941407,200.92679443359376,199.94950103759766,195.8703692626953,191.80105895996093,1
2022-08-11,201.82411193847656,205.07814228128967,201.52829510174408,204.11673191956464,577857,Metals & Mining,0.0007332193694600253,0.015078974126443212,0.007996904231280189,0.007393594416132077,201.16591796875,200.2118942260742,200.63343709309896,200.70205078125,197.14895874023438,192.7187266031901,1
2022-08-12,202.415771484375,204.48651194467092,201.89807508461183,201.9720349373464,867326,Metals & Mining,0.0029315602591566403,-0.010507208115909883,-0.0028849019697441136,0.0018348787334356853,201.5430908203125,200.89228515625,200.17491455078124,201.0699333190918,198.19132019042968,193.75122680664063,1
2022-08-16,216.83706665039065,223.3451275649284,200.78874878767573,201.89807889147505,5158878,Metals & Mining,0.07124590668138175,-0.00036616973183578594,0.09222425205903151,-0.005494486742734894,204.69359436035157,202.63023529052734,200.96130777994793,202.1021583557129,199.6303955078125,195.3056905110677,1
2022-08-17,211.2164459228516,220.38690315082235,210.03315602293137,219.1296534003988,2997649,Metals & Mining,-0.02592094061390926,0.08534788742683452,-0.013245081486033539,0.046040464373983125,206.79392700195314,203.6064468383789,201.58006896972657,202.5766143798828,200.6150036621094,196.66592458089193,0
2022-08-18,209.1826934814453,213.5830228754973,208.70198826285204,210.77272885189063,1443038,Metals & Mining,-0.009628759884299565,-0.03813689484206051,-0.030872434695762285,-0.006337893432092123,208.29521789550782,204.4717254638672,202.41576639811197,202.76890029907227,201.6186444091797,197.94117736816406,0
2022-08-19,207.074935913086,209.8482609476362,204.8562758854457,209.2196360925961,992701,Metals & Mining,-0.010076156556165006,-0.0073685659798327086,-0.01748623030791263,-0.018426812362529077,209.3453826904297,205.25565032958986,203.2563903808594,202.81142349243163,202.43071716308594,199.18169606526692,0
2022-08-22,206.48329162597656,209.9591786151952,203.4141273570711,208.18425519842657,772130,Metals & Mining,-0.0028571506469414754,-0.0049487749501260225,0.0005285612902301562,-0.0070398064308317965,210.15888671875,205.85098876953126,203.98115234375,202.67090759277343,202.88772399902345,200.1859146118164,0
2022-08-23,208.923828125,210.1810778883706,204.3016195381637,204.85628456858407,885701,Metals & Mining,0.011819535032617567,-0.015985697989843173,0.001056868647700604,0.004362982024029627,208.57623901367188,206.63491668701172,204.61223653157552,202.86504058837892,203.39697448730467,201.12136942545573,1
2022-08-24,208.8868560791016,215.4688764855908,207.7035661862841,208.29519984800407,791395,Metals & Mining,-0.0001769642373022906,0.01678696500164567,0.025158299930446715,0.016651589232678177,208.11032104492188,207.4521240234375,205.10773824055988,203.2126319885254,203.68335571289063,201.86422322591145,0
2022-08-25,208.2582244873047,210.6247816271949,207.185863119492,208.92381797760572,369250,Metals & Mining,-0.00300943584290847,0.0030179194242612173,-0.022481645318830346,-0.0024925092828100848,207.92542724609376,208.11032257080078,205.62295939127605,203.7931816101074,203.80020568847655,202.6697748819987,0
2022-08-26,210.88363647460932,211.84506938598872,208.55404790023752,208.77590488089103,638190,Metals & Mining,0.012606522473568305,-0.0007079762285913116,0.005793657087102666,0.006603658956964686,208.68716735839843,209.01627502441406,206.3994893391927,204.61408462524415,203.986572265625,203.47345886230468,1
2022-08-29,210.5508575439453,212.2518213001324,205.92864889193896,207.00098775757752,713986,Metals & Mining,-0.0015780215868198555,-0.008501541997033235,0.0019200442819964358,-0.012588578523081151,209.50068054199218,209.82978363037108,207.0675526936849,205.36103439331055,204.0368621826172,203.98988342285156,0
2022-08-30,210.7727203369141,212.95441190850383,207.33380151897703,211.6601934502947,457643,Metals & Mining,0.0010537254303153443,0.022508132657674373,0.003310174697525703,0.006823492673792231,209.870458984375,209.22334899902344,207.71343078613282,205.9267921447754,204.26612426757814,204.47588857014975,1
2022-09-01,210.29200744628903,212.39973908644345,209.2936058725972,210.77271262788057,453578,Metals & Mining,-0.002280716830226681,-0.004192951012409241,-0.002604655226860042,0.009452411228956237,210.1514892578125,209.1309051513672,208.35191243489584,206.36867599487306,204.6004034423828,204.7613779703776,0
2022-09-02,211.0685272216797,213.95278084995084,210.0331570178616,213.6569640159139,873457,Metals & Mining,0.00369257864252881,0.013684178336336617,0.007311881691508759,0.003533558238346668,210.7135498046875,209.31948852539062,208.97806498209636,206.8956069946289,205.17725524902343,204.95242970784506,1
2022-09-05,212.5846099853516,214.69231888316136,210.77269533107085,212.99135528192423,706524,Metals & Mining,0.007182893554184888,-0.00311531494915418,0.003456547890018591,0.0035210550739201985,211.05374450683593,209.87045593261718,209.6954315185547,207.56305313110352,205.9020166015625,205.16443430582683,1
2022-09-06,212.25181579589844,214.2855875500403,211.73411941254764,212.5846238379636,437294,Metals & Mining,-0.0015654669897133822,-0.0019096147983201917,-0.001894484792175577,0.004561426137131397,211.39393615722656,210.4473083496094,210.35116780598958,208.1491485595703,206.56761474609374,205.2630411783854,0
2022-09-07,212.695556640625,214.32256053529457,211.14249002846643,212.0669317536349,326092,Metals & Mining,0.002090633915486695,-0.002435228263372835,0.00017254069989958154,-0.002794209009500559,211.77850341796875,210.82448120117186,210.07506713867187,208.7296989440918,207.09713439941407,205.5181874593099,1
2022-09-08,213.47206115722656,214.4334940141907,211.882026034196,213.7309093329237,685165,Metals & Mining,0.003650779211685995,0.00784647358986601,0.000517600567196741,0.0035025446826446593,212.41451416015624,211.2830017089844,210.2254414876302,209.36756286621093,207.5778436279297,205.9027552286784,1
2022-09-09,214.1376800537109,215.9495949293284,213.13930100936955,214.470488114744,527012,Metals & Mining,0.0031180609437884144,0.0034603267451049913,0.007070261677671441,0.0059338444072203345,213.0283447265625,211.870947265625,210.55577392578124,209.9906349182129,208.12215454101562,206.48577016194662,1
2022-09-12,214.0637359619141,218.16824821412345,213.2132315150684,214.6923382826217,662532,Metals & Mining,-0.0003453109783306818,0.001034408835583145,0.010273940479124777,0.0003468647281319459,213.324169921875,212.18895721435547,211.02169392903645,210.60261611938478,208.7152764892578,207.13904215494793,0
2022-09-13,213.3241577148437,216.6891161910848,212.99134970318232,216.6891161910848,490769,Metals & Mining,-0.0034549441256224167,0.009300648194694894,-0.006779776778456537,-0.0010406568593769316,213.53863830566405,212.4662872314453,211.47775166829427,211.1480354309082,209.22704650878907,207.72945200602214,0
2022-09-14,214.2856292724609,218.16828519543049,209.66341984035435,209.66341984035435,1343291,Metals & Mining,0.004507091779555772,-0.03242293140618524,0.006826226579101924,-0.01562471840976487,213.85665283203124,212.817578125,211.835205078125,211.0204635620117,209.7550897216797,208.22372080485027,1
2022-09-15,215.025146484375,215.875628362441,212.4736782807988,215.76469986867207,561891,Metals & Mining,0.0034510816914081754,0.029100355383707255,-0.010508662296794258,0.013403665945086018,214.16726989746093,213.2908920288086,212.24442443847656,211.21089859008788,210.32750427246094,208.67608133951822,1
2022-09-16,208.03634643554688,215.2100228930665,206.03956595033017,213.2132198384729,855108,Metals & Mining,-0.032502245263374197,-0.011825289455375088,-0.003083282139922705,-0.030281926601588238,212.94700317382814,212.9876739501953,212.22963256835936,211.15358123779296,210.58190856933595,208.9262959798177,0
2022-09-19,203.67300415039065,209.8482796241307,203.1183390941154,209.8482796241307,538419,Metals & Mining,-0.020973942101545462,-0.015782043050104666,-0.02491400352482631,-0.014177989760078336,210.86885681152344,212.0965133666992,211.7489237467448,210.9834846496582,210.6558642578125,209.07420654296874,0
2022-09-20,206.1874389648437,207.96238483663524,203.7469222451919,204.11669887358607,354395,Metals & Mining,0.012345449633552885,-0.027312974692052405,-0.00898694423834867,0.003094664686014603,209.44151306152344,211.49007568359374,211.4580291748047,210.96869201660155,210.80673095703125,209.2627909342448,1
2022-09-21,207.9254302978516,208.4800953382528,205.30002480103724,206.18747532405217,271931,Metals & Mining,0.008429181436722999,0.010145061437371927,0.0024894429924153805,0.007622704376247125,208.16947326660156,211.0130630493164,211.2682098388672,210.91877212524415,210.45026550292968,209.4908203125,1
2022-09-22,208.8129119873047,209.25664855177044,206.3723721674328,207.92543885837324,270528,Metals & Mining,0.004268269101003197,0.008429045127933188,0.0037248314389808357,0.005223318250617837,206.9270263671875,210.54714813232422,211.1696034749349,210.9150749206543,210.35412414550783,209.76075795491536,1
2022-09-23,205.89166259765625,210.55086257176427,205.5958457507396,208.81290756323293,308887,Metals & Mining,-0.013989792881323515,0.004268206476958136,0.006184816726019671,-0.0037627440559880876,206.4980895996094,209.72254638671876,210.82447916666666,210.79674682617187,210.22248291015626,209.90127207438152,0
2022-09-26,201.49131774902344,204.1167230944073,198.93984968259252,204.1167230944073,296586,Metals & Mining,-0.021372137138120806,-0.022489914649569842,-0.03055859946982631,-0.03237417586840097,206.06175231933594,208.46530456542968,210.08492635091145,210.32713088989257,209.99913818359374,209.8901789347331,0
2022-09-27,202.6376190185547,204.190685576003,201.15851231039005,203.377172372637,217422,Metals & Mining,0.005689085179139575,-0.0036231755564105628,0.00036235385555105637,0.011152429396812158,205.35178833007814,207.3966506958008,209.44397989908853,209.93146896362305,209.84531127929688,209.89757385253907,1
2022-09-28,196.795150756836,202.26784102762008,194.2436826740749,200.8257029687765,308238,Metals & Mining,-0.02883210082123855,-0.012545505348975805,-0.0094169062754198,-0.03437502871191189,203.125732421875,205.6476028442383,208.38395284016926,209.23259048461915,209.36016418457032,209.22950998942056,0
2022-09-29,198.08937072753903,201.49132067573544,196.8321209958,198.422156195792,215429,Metals & Mining,0.006576483036933256,-0.011968322467957204,-0.003839069759876468,0.013325727179855251,200.98102416992188,203.9540252685547,207.35844014485676,208.62245864868163,208.9282647705078,208.79194081624348,1
2022-09-30,197.6086578369141,199.679398123032,197.0909614806964,198.0893629851868,459950,Metals & Mining,-0.002426747527438655,-0.0016771978340807125,-0.00899255881904415,0.0013150317315429039,199.32442321777344,202.91125640869143,206.25650533040366,207.94946517944337,208.5022821044922,208.40613962809246,0
2022-10-03,196.75814819335932,199.1986876467671,195.24207294257832,197.6086525514508,342434,Metals & Mining,-0.00430401002094094,-0.002426735219356213,-0.0024074114845273886,-0.009380889535612558,198.37778930664064,202.21977081298826,205.10279947916666,207.15814208984375,207.93726257324218,208.06224670410157,0
2022-10-04,201.41737365722656,203.377185659708,196.83213353460164,203.377185659708,1136013,Metals & Mining,0.023679961956586837,0.029191703064496366,0.020976533843187317,0.008144046864791088,198.133740234375,201.74276428222657,204.30901387532552,206.61641998291014,207.57192321777345,207.89338277180988,1
2022-10-06,210.43991088867188,210.99457593853063,202.82251989836269,204.63443475565285,1178145,Metals & Mining,0.04479522827459714,0.006181859051036742,0.03745449743595186,0.030433985834472432,200.8626922607422,201.99421234130858,204.0526326497396,206.5036376953125,207.55861083984374,207.94391886393228,1
2022-10-07,212.8434600830078,213.2871966381152,207.2228722829105,209.55246098550063,550838,Metals & Mining,0.011421546341594313,0.02403322899061555,0.010865780266562375,0.021695580879050658,203.81351013183593,202.39726715087892,203.90718688964844,206.47220764160156,207.6606689453125,208.0758056640625,1
2022-10-10,214.2856292724609,214.80332575660967,208.88689768351324,210.77275010405995,433434,Metals & Mining,0.006775727047900082,0.005823310844551566,0.007108392544850517,0.008030124195609778,207.1489044189453,203.23666381835938,204.3238057454427,206.47960510253907,207.78935302734374,208.27671915690104,1
2022-10-11,212.1778564453125,214.9142129305365,208.7389378031747,214.2855880548091,639022,Metals & Mining,-0.009836277095690904,0.016666471111729697,0.0005162265227331986,-0.0007083253281051638,210.23284606933595,204.3053176879883,204.8907958984375,206.38531112670898,207.77308288574218,208.31985982259116,0
2022-10-12,214.0637359619141,214.32256159073336,209.21964775654985,212.1778612916566,414835,Metals & Mining,0.008888201380654825,-0.009836064022249569,-0.002752965156354592,0.002302924209705459,212.76211853027343,205.44792938232422,205.41588236490887,206.4222900390625,207.8455596923828,208.43695576985678,1
2022-10-13,213.8418426513672,214.2855791669688,210.21803581781143,213.9527711379234,312524,Metals & Mining,-0.001036575903666237,0.008365198119454353,-0.00017255497270129982,0.004771961295065852,213.4425048828125,207.15259857177733,205.81030985514323,206.4001007080078,207.8914111328125,208.5392598470052,0
2022-10-14,210.88363647460932,216.5042465347324,210.03315462293423,215.2100281523728,280350,Metals & Mining,-0.013833617126002395,0.005876329658001556,0.010353787578187168,-0.0008794735150005062,213.0505401611328,208.43202514648436,205.94835815429687,206.19302520751953,207.7878741455078,208.5589808146159,0
2022-10-17,204.7823181152344,210.8836332531548,204.116724614064,210.77270476452256,373337,Metals & Mining,-0.028932156431727307,-0.02061857166204406,-0.025960753063916986,-0.028169028930179252,211.1498779296875,209.1493911743164,205.87440185546876,206.03032379150392,207.41365966796874,208.3494405110677,0
2022-10-18,207.4817047119141,207.8145127814868,205.4849240026164,205.5218926461781,305689,Metals & Mining,0.013181736692523982,-0.0249122016259683,-0.01455362099145785,0.006703024414776992,210.2106475830078,210.22174682617188,206.2737609863281,206.22075881958008,207.15037841796874,208.1793436686198,1
2022-10-19,208.14732360839844,210.6987694211967,207.07496209835148,207.07496209835148,237621,Metals & Mining,0.003208084767804209,0.00755671053909146,0.013878995268933103,0.007737979335724177,209.0273651123047,210.89474182128907,206.64107462565104,206.31875305175782,206.94330505371093,208.0425272623698,1
2022-10-20,205.8546905517578,207.8145025207289,205.00420866741692,206.52028408866028,234039,Metals & Mining,-0.011014472907438955,-0.0026786338824862366,-0.013689054323340666,-0.010000018398897748,207.4299346923828,210.43621978759765,207.2450439453125,206.21521606445313,206.60606750488282,207.8144983927409,0
2022-10-21,207.9254302978516,209.8113049768426,205.669801494638,206.29842638763503,653505,Metals & Mining,0.010059230326710189,-0.0010742659105097419,0.009608580882917606,0.0032467276235332854,206.83829345703126,209.94441680908204,207.90078125,206.17084197998048,206.32207885742187,207.62961069742838,1
2022-10-24,209.4784698486328,209.848246494438,208.03633190224247,209.29358152573025,123463,Metals & Mining,0.007469214076202713,0.014518555427404545,0.00017607019602450258,0.011506455446577357,207.77752380371095,209.4637008666992,208.69210205078124,206.3501823425293,206.3797637939453,207.47430369059245,1
2022-10-25,210.1810913085937,210.55086801915115,207.48170326602107,209.29361817550412,287573,Metals & Mining,0.0033541464211983563,1.7511179084550577e-07,0.0033482363395958004,-0.002666018147647442,208.31740112304686,209.26402435302734,209.58696492513022,206.7846710205078,206.64008728027343,207.34488220214843,1
2022-10-27,210.10711669921875,212.8434506235751,209.36756333003413,211.51226358679392,284662,Metals & Mining,-0.0003519565385943224,0.010600635751011556,0.01088849752077703,0.009089283702260254,208.70935974121093,208.8683624267578,210.1662811279297,207.15814590454102,206.79687438964845,207.2376475016276,0
2022-10-28,209.6633758544922,211.1424825624604,209.2935991775001,210.03315253148423,169733,Metals & Mining,-0.0021119743666836444,-0.006993027402889762,-0.007991639188949962,-0.0003532741717847676,209.47109680175782,208.4505157470703,210.11451212565103,207.80155715942382,206.86639221191408,207.0835723876953,0
2022-10-31,209.8113250732422,210.84669540061984,208.62803502650468,210.73576689579016,419177,Metals & Mining,0.0007056512285326111,0.0033452545745158435,-0.0014008889080532327,-0.003180050195567552,209.84827575683593,208.3432846069336,209.91236979166666,208.38765487670898,206.90632873535156,206.90977834065754,1
2022-11-01,209.7373504638672,210.55086372437552,208.9977970578376,209.29361390637368,288825,Metals & Mining,-0.0003525768180014932,-0.006843418232509335,-0.001403065273004267,0.0017723506396729594,209.90005187988282,208.8387878417969,209.6091512044271,208.99408950805665,207.06015625,206.9664784749349,0
2022-11-02,213.1762542724609,216.6891327036637,209.7373356905274,209.7373356905274,1146681,Metals & Mining,0.016396239396502477,0.002120092323276701,0.029153378289264786,0.003538499654544891,210.49908447265625,209.40824279785156,209.67571105957032,209.81499481201172,207.5275537109375,207.28325347900392,1
2022-11-03,211.4013214111328,215.13605665601185,210.8836250584633,211.69713822578265,317644,Metals & Mining,-0.00832612838322766,0.009344080436622715,-0.007167300123794296,0.00546535677189719,210.75792541503907,209.733642578125,209.4982167561849,210.31419219970704,207.87810180664061,207.45704956054686,0
2022-11-04,213.656967163086,215.2100337763788,211.9190122046245,212.06693190851067,359041,Metals & Mining,0.010669969974153704,0.0017468052984901394,0.00034386202627678664,0.004909756012939193,211.5566436767578,210.5138702392578,209.48589172363282,210.47504501342775,208.55257446289062,207.64810078938802,1
2022-11-07,215.0621032714844,216.91098663031548,213.36113960911047,214.72931780852093,644150,Metals & Mining,0.00657659858723858,0.01255446040573105,0.007903687500482093,0.0068050874222340685,212.60679931640624,211.2275375366211,209.76445617675782,210.58597717285156,209.23148376464843,207.85640716552734,1
2022-11-09,216.0605316162109,218.1682634207621,215.2100496794636,215.80168339997132,603701,Metals & Mining,0.004642511765385882,0.004994034361002653,0.005796279893325096,0.008665636459106008,213.871435546875,211.8857437133789,210.5163370768229,210.67472229003906,209.9695587158203,208.19536946614582,1
2022-11-10,216.5782012939453,217.0958750930945,213.9158047417969,216.0605049254192,452302,Metals & Mining,0.0023959474405716996,0.0011993489641513033,-0.004915418543710803,-0.006013868495427399,214.55182495117188,212.52545471191405,211.12277018229167,210.8947395324707,210.76236083984375,208.6982655843099,1
2022-11-11,219.3145446777344,220.6087630860453,216.91099620515692,218.27917446496124,941418,Metals & Mining,0.012634435817828527,0.010268741805948833,0.016181274708441107,0.014001730573275362,216.13446960449218,213.44619750976562,211.86725158691405,211.15727996826172,211.47824768066405,209.25416310628256,1
2022-11-14,228.7808380126953,229.2615431861456,223.56697324699672,224.0846696303294,2416967,Metals & Mining,0.043163089565586565,0.026596651648506553,0.03922228645434811,0.03068529101007167,219.15924377441405,215.35794372558593,213.39566141764323,211.90422973632812,212.211884765625,210.32035268147786,1
2022-11-15,232.4416046142578,232.9593009775141,229.0026861137032,230.37086429998607,996538,Metals & Mining,0.016001194126928464,0.02805276541240853,0.01612899285235181,0.02431357721473959,222.63514404296876,217.6209716796875,215.030073038737,212.98212814331055,212.995810546875,211.46542714436848,1
2022-11-16,235.95448303222656,237.80336637386563,233.36604635393184,236.65706772980008,1639754,Metals & Mining,0.015112950299058792,0.02728731972645715,0.020793612343553036,0.019053751352340775,226.6139343261719,220.24268493652343,216.7951405843099,214.54073638916014,213.8625646972656,212.74362131754557,1
2022-11-17,239.8001708984375,241.6860228908595,236.6201005588381,238.09920724132647,2636045,Metals & Mining,0.01629843102275652,0.00609379438932689,0.016327172218788988,0.013943991663513122,231.25832824707032,222.9050765991211,218.76974589029948,216.15665969848632,214.96745727539061,214.17835540771483,1
2022-11-18,239.1715850830078,241.6860623397854,238.13621475014412,241.20535710338947,1233833,Metals & Mining,-0.0026212901061521965,0.013045611944918267,1.632238613158421e-07,0.00640737700527283,235.229736328125,225.6821029663086,220.7073771158854,217.7078727722168,215.97177124023438,215.43682912190755,0
2022-11-21,239.9850616455078,240.35483831984607,237.1377767392281,239.5413251224265,1152337,Metals & Mining,0.0034012257861555373,-0.006898818504473381,-0.0055080711194167575,-0.0041927180708889455,237.4705810546875,228.31491241455078,222.72882283528645,219.4143913269043,217.0175,216.42166748046876,1
2022-11-22,236.3242645263672,240.20691962309425,235.9914790597026,239.87413415642965,1190367,Metals & Mining,-0.015254270803522485,0.0013893595764031819,-0.0006154180119102293,-0.004833888953871823,238.2471130371094,230.44112854003907,224.49635213216146,220.83433303833007,218.03512512207033,217.20436096191406,0
2022-11-23,233.99249267578125,237.6067456163859,233.21523805972487,236.3631334867101,1784660,Metals & Mining,-0.009866832148019977,-0.01463684561933598,-0.010824725660643963,-0.011764157803661135,237.8547149658203,232.23432464599608,226.11336161295574,222.0600341796875,219.20353210449218,217.86125640869142,0
2022-11-24,230.2228546142578,234.26456487472527,227.580169624034,233.56504037963785,1088237,Metals & Mining,-0.01611008121848856,-0.011838111408476348,-0.014066017919611373,-0.024162522494553973,235.9392517089844,233.59878997802736,227.2498016357422,223.0621223449707,220.11317810058594,218.46275634765624,0
2022-11-25,230.92237854003903,231.4664426037964,228.0465266318532,228.0465266318532,683382,Metals & Mining,0.003038464304307542,-0.023627310571885385,-0.011944283047780613,0.002049198788232065,234.28941040039064,234.75957336425782,228.55120544433595,224.1028854370117,221.02418029785156,219.02471110026042,1
2022-11-28,234.0313720703125,234.6920432448109,230.37826584891772,230.9223535737821,576400,Metals & Mining,0.013463370462098334,0.012610702668458096,0.013935500130080491,0.01022483986712408,233.09867248535156,235.28462677001954,229.9094991048177,225.32128524780273,222.15124755859375,219.69769541422525,1
2022-11-29,235.6247711181641,236.24658914590023,231.0778261175601,231.85508086228103,495661,Metals & Mining,0.006808484835840067,0.0040391381521274194,0.006623769087338749,0.003036572334914389,232.95877380371093,235.60294342041016,231.28034362792968,226.61195755004883,223.25922119140625,220.52239990234375,1
2022-11-30,238.8115234375,239.0835673456953,234.3423085969284,234.3423085969284,495922,Metals & Mining,0.013524691415987666,0.01072751015590101,0.012008546705590817,0.014127199196116269,233.92257995605468,235.8886474609375,232.7970764160156,228.06566619873047,224.43254333496094,221.65670674641927,1
2022-12-01,238.6171722412109,240.5603088229797,236.98493276853927,240.0162210921129,604601,Metals & Mining,-0.0008138267094132123,0.024212070492757976,0.006176674932866222,0.011276769386770136,235.6014434814453,235.77034759521484,234.26634114583334,229.33771209716798,225.56998657226563,222.6945556640625,0
2022-12-02,237.37356567382807,241.72619646345828,236.4408743245764,239.39443251043457,828054,Metals & Mining,-0.005211722843340483,-0.002590610663100512,0.004846550314900666,-0.0022957512007492076,236.8916809082031,235.59054565429688,235.47027587890625,230.63632431030274,226.66064453125,223.66876373291015,0
2022-12-05,244.09683227539065,244.8352337381289,237.9176715606252,237.9176715606252,1227211,Metals & Mining,0.02832356914923273,-0.006168735564662797,0.01286181357319549,0.006245947280762776,238.90477294921874,236.00172271728516,236.49134216308593,232.15831756591797,228.03798278808594,224.9435017903646,1
2022-12-06,244.8740997314453,247.86653526576592,243.3973204490332,244.44661910651345,830567,Metals & Mining,0.0031842586763999314,0.027442045406133708,0.012380985699465441,0.02303170190118342,240.754638671875,236.85670623779296,237.32017517089844,233.648917388916,229.44049377441405,226.1751241048177,1
2022-12-07,244.8740997314453,247.40017767133773,242.50348222967312,246.1177120766096,444698,Metals & Mining,0.0,0.006836228605673567,-0.0018814867199726804,-0.0036723420689721564,241.96715393066407,237.9448669433594,237.9148162841797,235.08959579467773,230.8459637451172,227.3549784342448,0
2022-12-08,246.5451812744141,247.477872610375,244.9129417865709,246.389720858456,490930,Metals & Mining,0.006824247826950458,0.0011051979134346634,0.0003140456072769915,0.00993577302372839,243.5527557373047,239.577099609375,238.36448364257814,236.58794479370118,232.18072082519532,228.5671147664388,1
2022-12-09,246.35089111328125,248.48834157698087,242.93095139541663,248.48834157698087,638318,Metals & Mining,-0.0007880509370677968,0.00851748486589865,0.004083067936327289,-0.008092632331702099,245.3482208251953,241.1199508666992,238.84310404459634,237.93976211547852,233.57870361328125,229.77524058024088,0
2022-12-12,246.50631713867188,247.36130203107643,242.969817830913,246.0788365524348,529141,Metals & Mining,0.0006309131852060279,-0.009696652202089706,-0.004535583193770454,0.00015998964015540018,245.83011779785156,242.36744537353516,239.2778544108073,238.82603607177734,234.89267761230468,231.0033386230469,1
2022-12-13,246.5451812744141,248.33285745828607,245.8067798785069,246.73949493439707,337990,Metals & Mining,0.0001576597962815729,0.0026847427890106523,0.003927677527698181,0.011676191194941676,246.16433410644532,243.45948638916016,239.9592488606771,239.53121490478514,236.15200073242187,232.22780049641926,1
2022-12-14,247.32241821289065,248.566006571832,245.72903208311487,247.1669578080592,420848,Metals & Mining,0.003152513200456619,0.0017324460916796625,0.0009388572898980652,-0.0003162963829982379,246.6539978027344,244.31057586669922,240.84791056315103,240.09961166381837,237.40247619628906,233.4806360880534,1
2022-12-15,247.9830780029297,248.33285207128327,246.8560730314335,247.555597448212,388016,Metals & Mining,0.0026712491120410853,0.0015723770021662808,-0.0009379983359926181,0.0045865193004033245,246.9415771484375,245.2471664428711,242.03192545572918,240.50875701904297,238.65867126464843,234.64086354573567,1
2022-12-16,248.449462890625,252.14142275693,246.4674728714232,247.6333549344669,1124919,Metals & Mining,0.0018807125528532698,0.00031410110317198203,0.01533655597268102,-0.001574197285236778,247.36129150390624,246.3547561645508,243.20039774576824,240.97265090942383,239.82406799316405,235.87580159505208,1
2022-12-19,251.8305053710937,252.53002980869425,247.36129115540305,248.68263354192683,699822,Metals & Mining,0.013608572307347355,0.004237226474347988,0.0015412265367396039,0.0036265162034023746,248.42612915039064,247.12812347412108,244.387006632487,241.56492309570314,240.7460546875,237.14825286865235,1
2022-12-20,255.32818603515625,255.6779601615336,248.8769810814496,250.2371768974664,1039966,Metals & Mining,0.013889026902870416,0.006251113450901569,0.01246556837309254,0.006127433758802425,250.18273010253907,248.17353210449218,245.70056762695313,242.51511917114257,241.66151794433594,238.4904556274414,1
2022-12-21,251.3252868652344,258.82578922645985,248.721479136538,257.27127998185654,790394,Metals & Mining,-0.015677466840150145,0.02810974440968983,0.012311695004674883,-0.0006248144936341626,250.98330383300782,248.8186508178711,246.53481852213542,243.38175888061522,242.27635009765626,239.66594746907552,0
2022-12-22,248.8769378662109,253.73477922275052,241.8039161071035,251.83049592301563,752259,Metals & Mining,-0.009741753524134422,-0.021148042872195516,-0.019669639640333303,-0.02781248749987142,251.16207580566407,249.05182647705078,247.21880289713542,244.3144630432129,242.6394207763672,240.74257202148436,0
2022-12-23,243.39727783203125,245.22383092043225,239.58873496425747,242.69775342283663,993236,Metals & Mining,-0.02201754843642989,-0.036265435076500374,-0.03354269496830242,-0.009161063966659833,250.15163879394532,248.75646514892577,247.6203837076823,244.9382080078125,242.80844848632813,241.54532979329426,0
2022-12-26,244.09683227539065,245.57363520086727,238.6171960558908,241.88167532703835,351079,Metals & Mining,0.002874125995123711,-0.003362528430069456,0.001426469357085125,-0.004055027497480657,248.6049041748047,248.51551666259766,247.6203837076823,245.4414810180664,242.97291931152344,242.0558629353841,1
2022-12-27,249.965087890625,252.21912152078505,243.6693207912669,245.02951636187208,366016,Metals & Mining,0.024040687298283903,0.013013970696943655,0.027061074021574427,0.02117250901813783,247.53228454589845,248.85750732421874,247.95978291829428,246.15849685668945,243.51855224609375,242.63997904459634,1
2022-12-28,252.0248260498047,253.65706559627208,247.7110721312188,248.60491025525823,297658,Metals & Mining,0.00824010335427694,0.014591686530147863,0.005701169946262574,0.016587034128166422,247.6721923828125,249.32774810791017,248.4364980061849,246.81916198730468,244.23984558105468,243.1756571451823,1
2022-12-29,253.5404815673828,253.8513786898339,248.91580681615977,248.91580681615977,447463,Metals & Mining,0.006013913555002803,0.0012505648443641437,0.0007660464458383309,0.004863467242606001,248.6049011230469,249.88348846435548,248.9028513590495,247.5653274536133,245.17255065917968,243.6336675008138,1
2022-12-30,250.0428466796875,256.3385907788216,249.1489847980216,254.9006885586064,327330,Metals & Mining,-0.013795173323301269,0.024043799463755455,0.00979790656180235,0.0009367745055821608,249.93401489257812,250.0428268432617,249.14898173014322,248.19879150390625,245.93736938476562,243.99604288736978,0
2023-01-02,252.6854705810547,253.7347690158432,251.24754485337624,251.28639809469425,241376,Metals & Mining,0.010568684273349671,-0.014179210281266674,-0.01015774392403157,0.00842291232715997,251.65174255371093,250.12832336425782,249.56092529296876,248.62822341918945,246.6835333251953,244.419389851888,1
2023-01-03,257.7764892578125,261.23528179510697,254.93951464673543,256.0665433305537,1354277,Metals & Mining,0.0201476510107641,0.019022697894130136,0.029560445375128808,0.014694550728898692,253.21402282714843,250.37315368652344,250.30967915852864,249.27334289550782,247.56960205078124,245.13446400960285,1
2023-01-04,258.0874328613281,259.5642358772192,256.7661140049161,258.4372069903408,638125,Metals & Mining,0.0012062527673135648,0.009257998444282656,-0.006396708386420924,0.007164834218468474,254.42654418945312,251.04936828613282,251.0273468017578,249.93400955200195,248.34063842773438,245.93762868245443,1
2023-01-05,262.4789733886719,264.6941307441328,259.0590330589683,260.03060162537594,1187757,Metals & Mining,0.01701570850876477,0.006165500136730229,0.019763488793349104,0.008929990871023863,256.21424255371096,252.4095718383789,251.99373982747395,250.73069915771484,249.2951104736328,247.01283264160156,1
2023-01-06,258.6703186035156,263.06182602211675,256.727182124463,262.47888507840094,330906,Metals & Mining,-0.014510323383185808,0.009415366644239143,-0.0061667582784218355,-0.009001233838367928,257.9397369384766,253.93687591552734,252.67513020833334,251.34667053222657,250.1469805908203,247.9377639770508,0
2023-01-09,263.25616455078125,265.58792854602314,259.6807883474244,259.9916854694706,535175,Metals & Mining,0.017728535581597704,-0.009475808342402137,0.009602695161456065,0.011504844163831018,260.0538757324219,255.8528091430664,253.4368408203125,252.18416290283204,250.91335388183595,248.91192372639975,1
2023-01-10,267.1424560546875,268.6192352748465,264.3443343260047,264.81069190077375,780956,Metals & Mining,0.014762395063142364,0.018535232857933126,0.011413571186832394,0.01795876394344953,261.92706909179685,257.57054595947267,254.22445882161458,253.2140266418457,251.80408813476564,249.96251322428387,1
2023-01-11,263.8002319335937,269.823955664446,262.16799237221545,268.15286285729235,507764,Metals & Mining,-0.012511018167810861,0.012620981926858565,0.004484862703025838,-0.008232981271712236,263.06962890625,258.7480865478516,255.05612182617188,254.03791732788085,252.56113342285155,250.79547017415365,0
2023-01-12,268.2305603027344,268.8523544787652,261.97364670176046,265.04381178074,599868,Metals & Mining,0.016794255018911075,-0.011594323638479898,-0.0036008707354696634,-0.0007413020510110835,264.2199462890625,260.2170944213867,256.3463633219401,255.0502914428711,253.42854858398437,251.78258310953777,1
2023-01-13,271.80596923828125,272.0391361527258,268.23059299057365,268.23059299057365,647059,Metals & Mining,0.013329610658500357,0.012023601639377102,0.011853277908385529,0.02388387674710013,266.8470764160156,262.3934066772461,258.2402760823568,256.2181167602539,254.44675170898438,252.93032989501953,1
2023-01-16,267.6865234375,274.2154584052572,264.26660738009684,273.20503674736483,388733,Metals & Mining,-0.015155832715248008,0.018545400438219284,0.008000033683791763,-0.014778275536288743,267.7331481933594,263.8935119628906,259.81292215983075,257.0109176635742,255.2939599609375,253.7166529337565,0
2023-01-17,270.13482666015625,273.5547658750621,266.32628386529615,268.9300915184926,809639,Metals & Mining,0.00914615794331497,-0.01564738805611887,-0.0024093919943005693,0.007793933957902066,268.3316223144531,265.129345703125,261.15757141113284,257.7512496948242,256.2375457763672,254.55867716471354,1
2023-01-18,280.86102294921875,282.8430131746072,272.4278037385743,272.85528438485534,2252175,Metals & Mining,0.03970682500171141,0.014595588185016606,0.03395388586937376,0.022909942588934307,271.7437805175781,267.4067047119141,263.0799845377604,259.22803649902346,257.5790899658203,255.75824127197265,1
2023-01-19,293.4524841308594,297.6885314687124,282.9206930929799,282.9206930929799,3152013,Metals & Mining,0.044831643242705166,0.03688918369610006,0.05248677747942332,0.03851622048267411,276.7881652832031,270.5040557861328,265.74078470865885,261.45681381225586,259.3978662109375,257.3218180338542,1
2023-01-20,274.37091064453125,277.3244690331855,264.42205991649803,268.1528730095277,5818613,Metals & Mining,-0.06502440605620863,-0.05219773754265067,-0.0684072790277016,-0.06538451809321144,277.3011535644531,272.07411499023436,267.36265563964844,263.00549545288084,260.4347241210937,258.2558186848958,0
2023-01-23,269.0855712890625,279.811676049661,265.6656318280674,279.811676049661,2107210,Metals & Mining,-0.019263482936484944,0.04347819551319532,0.008968581189919833,0.0047029809538661205,277.5809631347656,272.6570556640625,268.45599568684895,264.25493240356445,261.1249267578125,259.0084604899088,0
2023-01-24,275.8865661621094,277.4799288143876,268.3083328121366,270.48463649133583,1278140,Metals & Mining,0.02527446878874451,-0.033333275044140076,-0.008333273536660912,0.009947470306507444,278.73131103515624,273.5314666748047,269.6633341471354,265.5510063171387,261.94726196289065,259.986506652832,1
2023-01-25,278.2571105957031,279.0343650945738,273.9822108519144,279.0343650945738,1109433,Metals & Mining,0.008592460541195113,0.03160892505446178,0.005601977364013022,0.021146857349937376,278.2105285644531,274.97715454101564,271.0079793294271,266.8626205444336,263.0245349121094,261.01766306559244,1
2023-01-27,279.3460388183594,288.74225533313063,274.62775961153903,286.8468752706286,1306217,Metals & Mining,0.003913388665342854,0.02799837996085852,0.034791020221708324,0.0023561703426562275,275.3892395019531,276.0887023925781,272.1324503580729,268.15289840698244,264.2432989501953,262.06309509277344,1
2023-01-30,276.5387268066406,280.7287075158322,274.1504326876789,279.80690664508745,1021008,Metals & Mining,-0.010049585895664515,-0.02454260175886247,-0.02775329093434198,-0.0017380869455269066,275.822802734375,276.5619781494141,273.3236775716146,269.4776924133301,265.5689569091797,262.99940388997396,0
2023-01-31,278.9270324707031,281.48291057965554,276.53873825288724,276.53873825288724,590476,Metals & Mining,0.008636423880451494,-0.011680084781987232,0.002686590447045001,0.008711660754258777,277.7910949707031,277.6860290527344,274.3684020996094,270.7897705078125,266.9621649169922,263.9026214599609,1
2023-02-01,278.5499267578125,287.43269143285085,271.67837338551044,282.78182283590485,949631,Metals & Mining,-0.0013519869678828567,0.022575804831034052,0.021137272031694465,-0.01757571072350861,278.3237670898437,278.5275390625,275.1289001464844,271.8284423828125,268.1055584716797,264.6766794840495,0
2023-02-02,288.0611572265625,291.20364257812497,276.915819409132,276.915819409132,1353291,Metals & Mining,0.03414551416134315,-0.02074391970440348,0.01311942328646043,0.01927811168167448,280.2845764160156,279.2475524902344,276.7462951660156,273.3271286010742,269.54701171875,265.9012084960938,1
2023-02-03,290.1561584472656,292.9634505823443,285.1700712712179,288.27066716493687,695416,Metals & Mining,0.007272765411601156,0.04100469153417552,0.006043221124018672,0.029807801806694956,282.44660034179685,278.917919921875,278.2080017089844,274.7109878540039,271.01163879394534,267.27718251546224,1
2023-02-06,283.61981201171875,288.8991776168969,280.72871501569387,281.4410168700086,556891,Metals & Mining,-0.02252699536182623,-0.02369179758071127,-0.01387296933241522,-0.01557441226467271,283.8628173828125,279.8428100585937,278.99559122721354,275.9584625244141,272.3547174072266,268.61793365478513,0
2023-02-07,278.2566223144531,285.0863116642727,276.7063498349127,284.0807060153039,573595,Metals & Mining,-0.01890978510712793,0.0093791913298642,-0.013197912102333342,-0.014328299762837893,283.7287353515625,280.7599151611328,279.7002644856771,276.70848541259767,273.3775634765625,269.75659332275393,0
2023-02-08,275.6588134765625,281.6923697492964,274.2342099486837,277.58619418029485,346573,Metals & Mining,-0.009336018012016556,-0.022861502726127414,-0.011904962729228252,-0.008934163916743953,283.1505126953125,280.7371398925781,280.0685302734375,277.1343032836914,274.0928564453125,270.61305084228513,0
2023-02-09,274.2342529296875,278.6337329232119,272.558260551202,275.7426358408788,559495,Metals & Mining,-0.0051678396526078085,-0.006641390595306995,-0.010858074816888608,-0.006111379750160739,280.3851318359375,280.33485412597656,279.6267456054687,277.65600433349607,274.73872924804687,271.3533650716146,0
2023-02-10,276.4129943847656,277.3766847002713,274.0247005951321,274.2341996017033,205428,Metals & Mining,0.007944818824790367,-0.005470449771307506,-0.004511471779646281,0.005380281048772861,277.6364990234375,280.0415496826172,278.49077962239585,278.0651260375977,275.2960900878906,272.1157821655273,1
2023-02-13,273.14483642578125,276.45490564512284,272.34872990891074,276.413016069966,276106,Metals & Mining,-0.011823459914605539,0.00794509390669429,-0.003323203088048121,-0.006116129978726237,275.54150390625,279.70216064453126,278.40904134114584,278.13206939697267,275.87507080078126,272.8858484903971,0
2023-02-14,273.3543395996094,275.5331090130758,272.5163434948572,273.1867301492143,180115,Metals & Mining,0.0007670039696505704,-0.011671975388941158,-0.003334347169192009,0.0006154373695905768,274.56104736328126,279.1448913574219,278.69362589518227,278.41546020507815,276.27899780273435,273.57481079101564,1
2023-02-15,270.4632263183594,273.9828199731701,268.87103893112976,272.3487174390916,268049,Metals & Mining,-0.010576430889974953,-0.0030675454465338703,-0.005626507266072722,-0.013376462185638593,273.5219299316406,278.3362213134766,278.332069905599,278.43188018798827,276.4118286132813,273.99770202636716,0
2023-02-16,272.1811218261719,275.6588260844169,270.7146286577688,272.3487312748625,267210,Metals & Mining,0.006351678678085282,5.080167442272909e-08,0.006117194178127505,0.0068567806111363705,273.1113037109375,276.7482177734375,277.9270039876302,277.9978851318359,276.7470642089844,274.4674916585287,1
2023-02-17,271.4688415527344,272.9772242739982,270.7146246184915,272.18111776501337,135607,Metals & Mining,-0.0026169348875429987,-0.0006154370870923298,-0.00972797370035039,-1.4920794377815128e-08,272.1224731445312,274.8794860839844,277.4018575032552,276.89870300292966,276.87659545898435,274.76715393066405,0
2023-02-20,269.1643371582031,272.4744061582734,268.5777297031985,272.0135185676337,157990,Metals & Mining,-0.008489019886592009,-0.0006157634987904448,-0.0018419782714917954,-0.00789353334089149,271.3263732910156,273.43393859863284,276.9102315266927,276.6383743286133,276.77093017578125,275.11695454915366,0
2023-02-21,269.5833435058594,270.67272815754467,269.08054075369296,270.5889234365819,92681,Metals & Mining,0.0015566934018080847,-0.005237221806303594,-0.006612283429226595,0.0018721248818736047,270.5721740722656,272.5666107177734,276.2873189290365,276.66326293945315,276.8468029785156,275.32786051432294,1
2023-02-22,264.72296142578125,271.00793214136775,263.9687700546331,271.00793214136775,366016,Metals & Mining,-0.018029237329243553,0.0015485064926687997,0.0012384106300800113,-0.018997177145332778,269.42412109375,271.4730255126953,275.3655212402344,276.1050827026367,276.6303283691406,275.24721069335936,0
2023-02-23,264.5972900390625,268.8710756104732,263.96879291307897,264.806789081057,243213,Metals & Mining,-0.0004747279421546402,-0.022881776969819523,-0.007884848661108057,8.659526584686716e-08,267.9073547363281,270.5093292236328,273.8012634277344,275.4220916748047,275.9797790527344,275.273779296875,0
2023-02-24,268.1168518066406,268.99673744735134,264.0106506203628,264.8067571132804,219964,Metals & Mining,0.013301579041336886,-1.2072113664274298e-07,0.00046736837197092207,0.0001585706659561481,267.23695678710936,269.6797149658203,272.33197631835935,274.8606323242187,274.96635375976564,275.2699890136719,1
2023-02-27,258.6055908203125,267.0693561930594,258.10278806649984,267.0693561930594,395864,Metals & Mining,-0.03547431249561073,0.008544340425614916,-0.007165072976653475,-0.022377364473671335,265.1252075195313,268.2257904052734,270.66436157226565,273.96397552490237,274.3357409667969,274.82997639973956,0
2023-02-28,254.7508544921875,257.7257308859231,248.00499505498203,257.2648431878341,636946,Metals & Mining,-0.014905850704532542,-0.03671148627826015,-0.034985763399908554,-0.03912314581009535,262.15870971679686,266.3654418945313,269.09731038411456,272.7551666259766,273.76235229492187,274.39878743489584,0
2023-03-01,261.07769775390625,263.1307986094445,252.44634739202283,254.75083687029024,743898,Metals & Mining,0.02483541527007027,-0.009772055467790253,0.02097216954217851,0.017908318080674723,261.4296569824219,265.42688903808596,268.12523600260414,271.8815551757813,273.16999755859376,274.0968831380208,1
2023-03-02,261.873779296875,264.806765625,259.6949843384027,261.077672778368,244043,Metals & Mining,0.003049213126274486,0.02483538812199937,0.006369330479033319,0.028713574275343046,260.88495483398435,264.3961547851562,267.30120442708335,270.5721862792969,272.5146643066406,273.46397501627604,1
2023-03-03,261.24530029296875,264.5134801698823,259.9045013355236,263.5497897101481,344245,Metals & Mining,-0.0023999310110148775,0.009468894469113476,-0.00110754517327194,0.0008067810691632094,259.51064453125,263.37380065917966,266.29002482096354,269.126643371582,271.790634765625,272.39040222167966,0
2023-03-06,261.4128723144531,265.3933534649702,260.616765854906,261.87375990243766,492230,Metals & Mining,0.0006414355446642261,-0.00635944278139533,0.0033263835722956436,0.0027404855080324086,260.0721008300781,262.59865417480466,265.5078938802083,268.01629638671875,271.1856005859375,271.9584676106771,1
2023-03-08,259.7369079589844,267.9073701395393,259.1503004447817,261.4547897777588,829264,Metals & Mining,-0.0064111776158166656,-0.001599893493853588,0.009472794407795693,-0.005626903569744823,261.0693115234375,261.6140106201172,264.6000651041667,267.09031066894534,270.4179956054688,271.6468454996745,0
2023-03-09,261.1614685058594,262.2927683081726,259.8206696873256,259.8206696873256,238206,Metals & Mining,0.005484628881082809,-0.00625010577095253,-0.02095725036770113,0.002586797087996251,261.0860656738281,261.257861328125,263.9799479166667,266.36544342041014,269.72245727539064,271.1560089111328,1
2023-03-10,255.0860137939453,261.370984693469,254.49943185415705,260.61679330024856,687462,Metals & Mining,-0.023263212397573674,0.0030641273224374377,-0.00351433103035681,-0.020480425362509713,259.7285125732422,260.3067337036133,262.84027404785155,265.40803146362305,268.40345153808596,270.3836390177409,0
2023-03-13,251.7759704589844,263.1308088270098,249.3038714204949,257.2648353818217,3529283,Metals & Mining,-0.012976185113914962,-0.012861634417261736,0.00673305086103837,-0.020414821344825307,257.8346466064453,258.67264556884766,261.5274159749349,264.17618026733396,266.86824401855466,269.46463673909506,0
2023-03-14,247.0831451416016,255.29549635785324,246.0356500592424,252.4044252747082,1644635,Metals & Mining,-0.018638892777685823,-0.01889263295506316,-0.029777252249878927,-0.013109388725616844,254.968701171875,257.52040100097656,260.0553365071615,262.873095703125,265.40677734375,268.4827840169271,0
2023-03-15,247.29263305664065,259.7368791911439,246.37083231082383,248.38201766394548,2796338,Metals & Mining,0.000847843809495874,-0.01593635930267412,0.017397027744919802,0.0013623320502564873,252.47984619140624,256.7745788574219,258.5692891438802,261.57001037597655,264.1682177734375,267.4283040364583,1
2023-03-16,255.463134765625,256.42682523593936,248.2563626671472,248.5077512859724,1996713,Metals & Mining,0.03303981039788173,0.0005062106476525496,-0.012743873590506216,0.00765322071057728,251.34017944335938,256.21312255859374,257.95196736653645,260.8200057983398,263.360390625,266.6587443033854,1
2023-03-17,261.53857421875,266.4827458349276,258.94078133016546,261.45476949841947,6324640,Metals & Mining,0.023782059429823033,0.05209905182212271,0.03921555628876083,0.04303784421970103,252.6306915283203,256.1796020507812,257.7480529785156,260.2878784179687,262.8525634765625,265.774658203125,1
2023-03-20,260.2815856933594,265.85425447061385,259.4016744715125,265.47714600787793,1409324,Metals & Mining,-0.004806130526425867,0.015384597944704037,-0.002358469259781115,0.001779917164764111,254.33181457519532,256.08323059082034,257.2257019042969,259.728515625,262.2073071289062,264.7788391113281,0
2023-03-21,260.2815856933594,264.80675937813703,259.0245915823872,263.8849585820353,1566260,Metals & Mining,0.0,-0.005997455712422606,-0.003940110323089052,-0.0014536640516817911,256.97150268554685,255.97010192871093,257.3374348958333,259.2843780517578,261.6927770996094,264.0008982340495,0
2023-03-22,266.27325439453125,272.34872597395014,265.5190630373256,268.99674165427075,10748992,Metals & Mining,0.02301994851157363,0.01937125594313205,0.02848101994648622,0.025072798745723546,260.767626953125,256.6237365722656,258.1055948893229,259.1188735961914,261.40953369140624,263.60145263671876,1
2023-03-23,268.36822509765625,272.181096754846,265.89612661204376,268.1587260928962,4468037,Metals & Mining,0.007867747393138114,-0.003115337220149783,-0.0006154947797338828,0.0014200998241136187,263.34864501953126,257.3444122314453,258.5916300455729,259.30113677978517,261.32573364257814,263.3584330240885,1
2023-03-24,270.75653076171875,271.5107220972669,268.4101264611565,271.5107220972669,2726902,Metals & Mining,0.008899360806196022,0.012500044481899675,-0.002462972872002589,0.009454819373058365,265.192236328125,258.91146392822264,259.1838134765625,259.60909881591795,261.26875,263.2425089518229,1
2023-03-27,275.7845153808594,276.287318144198,271.5526198275042,273.6057204554658,2633761,Metals & Mining,0.018570132380539173,0.007716079652458019,0.017592660835029195,0.011707804797754129,268.292822265625,261.3123184204102,260.15309448242186,259.9924819946289,261.441376953125,263.2215596516927,1
2023-03-28,275.5330810546875,277.8375701089191,270.92410294622425,277.3766825275164,1943385,Metals & Mining,-0.0009117057417985519,0.01378246794611293,0.005611013835647771,-0.002314530722182684,271.34312133789064,264.1573120117188,261.0944417317708,260.83885650634767,261.69612670898437,263.30116780598956,0
2023-03-29,272.0753479003906,275.62415123214777,268.4355439151011,272.0753479003906,2729086,Metals & Mining,-0.012549248682086844,-0.019112401874659568,-0.007966593128149069,-0.009185447156826454,272.5035400390625,266.6355834960938,261.91700439453126,261.7050811767578,261.7958068847656,263.25853474934894,0
2023-03-31,266.9341125488281,271.16537884604963,265.9786474046176,271.16537884604963,1891210,Metals & Mining,-0.01889636599286737,-0.0033445479767396646,-0.016177001783645117,-0.009152649737251384,272.2167175292969,267.7826812744141,262.3018473307292,261.9979019165039,261.8842529296875,263.1408976236979,0
2023-04-03,271.34735107421875,271.98429999929687,266.9340839548027,267.5255464457666,792375,Metals & Mining,0.01653306309654723,-0.013422924474254083,0.0030200063029144353,0.0035921550827786586,272.3348815917969,268.76355895996096,263.3859364827474,262.4715805053711,262.15425537109377,263.11310526529945,1
2023-04-05,278.1719665527344,279.35489146743726,270.80135962787057,272.07528517512617,2122227,Metals & Mining,0.025150846144243122,0.017006744925131434,0.02709932693967798,0.014487755238190791,272.8123718261719,270.55259704589844,265.1456695556641,263.3179138183594,262.5564599609375,263.3365427652995,1
2023-04-06,283.2677001953125,284.40513880478534,276.0336073007637,276.8070711091047,1107348,Metals & Mining,0.0183186454973423,0.017391458143406258,0.018078249179097616,0.019321349346558714,274.3592956542969,272.85120849609376,267.55797322591144,264.41065521240233,263.5429443359375,263.80665486653646,1
2023-04-10,284.6325988769531,286.5890153107944,282.4032360806491,283.2676726781771,839201,Metals & Mining,0.00481840563078495,0.023339727353012485,0.007678751921244675,0.023075555336075748,276.87074584960936,274.68714294433596,270.04730428059895,265.65543975830076,264.73821411132815,264.3082967122396,1
2023-04-11,283.9501647949219,285.6790937056494,282.4487513767352,284.7236286071688,741347,Metals & Mining,-0.0023975963565798786,0.0051398591135594085,-0.003175005169539613,0.00016117129788506546,280.2739562988281,276.2453369140625,271.9464396158854,266.7948745727539,265.6531127929687,264.94920349121094,0
2023-04-12,285.0420837402344,285.5425455647819,283.3586692320836,284.81459604371383,507479,Metals & Mining,0.0038454598048960342,0.0003194938087507371,-0.00047797736647881006,0.00322153258215252,283.0129028320313,277.67389221191405,273.513340250651,268.29267807006835,266.5798449707031,265.6306966145833,1
2023-04-13,290.91131591796875,292.8221906060343,284.49614536539826,285.63358399853155,1314001,Metals & Mining,0.02059075663747656,0.002875512583252693,0.025494081895410137,0.004014262688335046,285.56077270507814,279.186572265625,275.555322265625,270.24944534301756,267.7664855957031,266.39051208496096,1
2023-04-17,290.1378479003906,291.9577496871022,288.54543383701804,290.91131171364253,767761,Metals & Mining,-0.002658775974861749,0.018477266017633776,-0.0029521018101226204,0.014233192742977296,286.93480224609374,280.6470489501953,277.5457397460938,272.40218048095704,268.9154846191406,267.44158732096355,0
2023-04-18,294.1871032714844,295.6430302080217,290.2743256634435,290.2743256634435,1129990,Metals & Mining,0.013956315594110036,-0.002189622831944238,0.012622650109028077,0.005991749040818339,288.845703125,282.8582244873047,279.4066630045573,274.74690399169924,270.29349243164063,268.7561289469401,1
2023-04-19,295.23358154296875,296.6439943346133,294.2781164332598,294.82409252887953,789880,Metals & Mining,0.0035571860895569074,0.015674024407901666,0.003385718668514892,0.013793127451645404,291.1023864746094,285.68817138671875,281.19768676757815,276.7354263305664,271.656376953125,269.8946584065755,1
2023-04-20,298.05438232421875,298.9188467178066,295.7795052563511,296.37099550959306,794274,Metals & Mining,0.009554471298650169,0.00524686760652715,0.007668627805177408,0.005101938401973483,293.70484619140626,288.35887451171874,283.0175435384115,278.5612167358398,273.37511169433594,271.100678507487,1
2023-04-21,295.3700866699219,298.463914374785,292.09425766556706,297.50847697620213,1221091,Metals & Mining,-0.009006060012823225,0.0038380323440667663,-0.0015219259274443786,-0.012459442000858245,294.5966003417969,290.0786865234375,284.3232482910156,280.31564178466795,275.11887634277343,272.23817138671876,0
2023-04-24,289.7738647460937,291.18427748235024,285.7245722795561,291.18427748235024,892063,Metals & Mining,-0.01894647486792389,-0.02125720772103501,-0.024390341819660155,-0.021806951759058224,294.5238037109375,290.72930297851565,285.2726338704427,281.7902557373047,276.8265051269531,273.18353780110675,0
2023-04-25,288.3179626464844,290.4563529223901,287.7265000857868,289.77388971323927,302289,Metals & Mining,-0.005024269876391374,-0.004843626109574006,-0.0024998759076345634,0.0070064950671164805,293.3499755859375,291.09783935546875,286.3554748535156,282.89249114990236,278.4675183105469,274.13623962402346,0
2023-04-26,284.99664306640625,287.81746874056364,284.4051527448907,287.08951910261953,401604,Metals & Mining,-0.011519641542939496,-0.009263673180755494,-0.009085303713537995,-0.011543418280574924,291.302587890625,291.2024871826172,287.5596435546875,283.72391204833986,279.64885864257815,274.9307454427083,0
2023-04-27,282.35772705078125,284.54163122441986,281.3568033689412,283.90465454552606,329620,Metals & Mining,-0.009259463505365217,-0.011093628799298205,-0.011381649385210135,-0.010718333850596062,288.1632568359375,290.9340515136719,288.2936686197917,284.303971862793,280.4816247558594,275.83980255126954,0
2023-04-28,286.0430603027344,286.5435221712737,283.2676934995255,283.4951812160428,554348,Metals & Mining,0.01305200070296042,-0.0014422917093019905,0.007035494026794709,0.006791696904796529,286.2978515625,290.4472259521484,288.818408203125,284.81689910888673,281.5120837402344,276.9820388793945,1
2023-05-02,286.8165588378906,289.18240916067333,286.63455753483044,287.9084833477519,407894,Metals & Mining,0.002704133197070524,0.015567467894086917,0.00920937583723247,0.011885803120399219,285.7063903808594,290.11509704589844,289.05499877929685,285.3810729980469,282.57348266601565,278.3064860026042,1
2023-05-03,286.0430603027344,287.8629620348726,283.90467021357256,287.8629620348726,466517,Metals & Mining,-0.002696840580928339,-0.00015811035628388037,-0.00456268114519931,-0.009523929510579565,285.25140991210935,289.3006927490234,289.14902954101564,286.07945861816404,283.36427490234377,279.59816691080727,0
2023-05-04,284.4961242675781,288.1359276236821,283.4951727907504,287.18049035050313,404326,Metals & Mining,-0.005408053016629943,-0.002370821447626237,0.0009482483848561873,-0.0014423764938917838,285.15130615234375,288.22694702148436,289.1854268391927,286.9575592041016,284.00939086914065,280.56593322753906,0
2023-05-05,283.44970703125,285.3150952795153,282.630756770292,284.81463338934594,348800,Metals & Mining,-0.0036781423262691737,-0.008238223140679457,-0.009789936185434556,-0.0030491384101853924,285.3697021484375,286.7664794921875,289.0792683919271,287.56267700195315,284.5171179199219,281.2963043212891,0
2023-05-08,285.22412109375,286.17955843222705,283.9046811791887,284.1321689044925,268684,Metals & Mining,0.0062600666660923565,-0.0023961707189408266,0.003029854245408581,0.004507380666754823,285.20591430664064,285.7518829345703,288.7001220703125,287.91528472900393,284.8947021484375,282.1277221679687,1
2023-05-09,285.9066162109375,288.0904930639359,284.1322006475321,285.9066162109375,408045,Metals & Mining,0.002392838006022524,0.00624514750753713,0.00667739737309514,0.0008013938600746062,285.02392578125,285.3651580810547,288.4180399576823,288.04723052978517,285.3096435546875,282.981889851888,1
2023-05-10,285.9975280761719,287.08948015444633,284.4506283630271,287.08948015444633,214245,Metals & Mining,0.0003179774796373547,0.004137238792110143,-0.003474647493027283,0.001120702668579332,285.0148193359375,285.13311462402345,287.8720682779948,288.11547698974607,285.86653076171876,283.639365641276,1
2023-05-11,285.4516296386719,286.6345547887302,284.8601392941429,285.99757800362204,146651,Metals & Mining,-0.0019087522929729372,-0.0038033513113642226,-0.0015846117575307739,0.001439655568604481,285.20592041015624,285.17861328125,287.2199381510417,288.19055023193357,286.6072314453125,284.2088124593099,0
2023-05-12,282.4032287597656,284.81459276119324,281.44776378369465,284.81459276119324,339326,Metals & Mining,-0.010679220443635118,-0.004136347065197277,-0.0063494159972388164,-0.011979126033231036,284.9966247558594,285.18316345214845,286.17652791341146,288.05860748291013,287.0494665527344,284.59703572591144,0
2023-05-15,281.811767578125,284.3596186534624,281.0383038614888,284.3596186534624,308715,Metals & Mining,-0.00209438533772488,-0.0015974395950713038,-0.0015974395950713038,-0.0014548345195611878,284.31415405273435,284.7600341796875,285.27263997395835,287.60363006591797,287.19505859375,284.797944132487,0
2023-05-16,282.5852355957031,284.6781392882114,282.0847737178735,283.17672588522544,242696,Metals & Mining,0.0027446264016057764,-0.004159847920173654,0.0011201331477981302,0.0037235844438501253,283.6498779296875,284.33690185546874,284.79339803059895,287.2259994506836,287.16776000976563,285.03301595052085,1
2023-05-17,284.22314453125,285.36058305765204,282.22124161698423,283.3586801433863,314221,Metals & Mining,0.005796158925621464,0.000642546655598597,0.0023972468386472823,0.0004837832872441883,283.2950012207031,284.1549102783203,284.52041015625,286.72780151367186,287.1513818359375,285.4379425048828,1
2023-05-18,282.35772705078125,285.26958076930265,282.084752913824,284.4506305889357,303319,Metals & Mining,-0.006563214559972774,0.0038535980087035515,-0.00031890279790669496,-0.0004836230695401955,282.676220703125,283.9410705566406,284.344482421875,286.0840087890625,287.0876843261719,285.9520629882812,0
2023-05-19,280.5833435058594,284.0866597492835,279.8553661814036,282.85822057697953,330855,Metals & Mining,-0.006284168538453927,-0.0055981946978258534,-0.004146677738401272,-0.007903251449756454,282.31224365234374,283.65443420410156,284.2261901855469,285.21045684814453,286.9093347167969,286.2599294026693,0
2023-05-22,280.9018249511719,282.90370006289714,280.26484827910326,282.0392634587981,330803,Metals & Mining,0.0011350689650109214,-0.002895291911654274,-0.004164080381072299,0.0014631918740275474,282.1302551269531,283.2222045898437,283.88344116210936,284.487043762207,286.508955078125,286.3509246826172,1
2023-05-23,279.8553771972656,282.0847679225164,279.4459159700438,280.35586683431,533927,Metals & Mining,-0.0037253148999233376,-0.005968660546917026,-0.0028947381748584133,-0.0029219943709954954,281.58428344726565,282.61708068847656,283.4193623860677,283.9911193847656,286.09765625,286.2371805826823,0
2023-05-24,278.9454040527344,281.81177126182416,278.53594285821754,279.8553548443199,480513,Metals & Mining,-0.0032515835630695378,-0.0017852738223093079,-0.0009677823538746244,-0.003256347864907916,280.5287353515625,281.9118682861328,282.94618530273436,283.5224914550781,285.48798828125,286.047607421875,0
2023-05-25,277.4440002441406,279.7188773005365,276.98902483286145,278.44495170285387,363830,Metals & Mining,-0.005382428915408521,-0.005039757564226699,-0.007426566860272099,-0.005553746527224734,279.5459899902344,281.11110534667966,282.4760437011719,283.14485931396484,284.7764050292969,285.8307352701823,0
2023-05-26,278.0809936523437,280.1283831262361,277.12552856949577,280.1283831262361,442425,Metals & Mining,0.0022959350630848974,0.006045832086690961,0.001463990666813686,0.0004928127990511122,279.04552001953124,280.6788818359375,282.1181294759115,282.93102264404297,283.9774694824219,285.59869893391925,1
2023-05-29,279.0819396972656,280.2648647067357,277.76249984328274,279.58240156215766,453398,Metals & Mining,0.00359947665525584,-0.0019490405005921918,0.0004872108244671214,0.002298493672073354,278.68154296875,280.40589904785156,281.7086507161458,282.58296661376954,283.3259436035156,285.2043863932292,1
2023-05-30,279.03643798828125,280.08287596959616,277.9445135697561,279.35492635724603,370133,Metals & Mining,-0.00016304067914152398,-0.0008136249050033628,-0.000649345530093326,0.0006552854563739441,278.51775512695315,280.0510192871094,281.2506388346354,282.19396057128904,282.8964465332031,284.83433939615884,0
2023-05-31,278.4449768066406,279.49141479302745,276.98904980538606,279.03643934072903,343628,Metals & Mining,-0.0021196557191769383,-0.001140080186413872,-0.0021117363013399837,-0.003437606132600468,278.41766967773435,279.47320251464845,280.74713541666665,281.8140563964844,282.50152709960935,284.3096018473307,0
2023-06-01,278.1264953613281,279.44593531364603,277.0800573488856,279.1274469352074,283062,Metals & Mining,-0.0011437859248352167,0.0003261494975115298,-0.00016272227687241791,0.00032856007688208955,278.5541687011719,279.0500793457031,280.2587931315104,281.4955749511719,282.2267211914062,283.73936564127604,0
2023-06-02,278.89996337890625,279.4914259365768,277.53503696759026,278.4449879084676,273163,Metals & Mining,0.002780993650293162,-0.0024449728403032056,0.00016278863702101631,0.001642051120740895,278.71796264648435,278.8817413330078,280.0252421061198,281.26808776855466,282.0884106445312,283.10088500976565,1
2023-06-05,279.2639465332031,281.9937994372804,277.990020731867,278.30850912457595,421092,Metals & Mining,0.001305067056614817,-0.0004901463119046934,0.008953310436333295,0.0016393741462266131,278.7543640136719,278.71795349121095,279.8553873697917,280.97007904052737,281.81724609375,282.564013671875,1
2023-06-06,279.400390625,281.53878062466384,278.8089281407088,280.264855019384,255148,Metals & Mining,0.0004885847009279409,0.00702941459088624,-0.001613577367745589,0.002945815848661937,278.8271545410156,278.6724548339844,279.6430643717448,280.64476776123047,281.5205993652344,282.2182312011719,1
2023-06-07,277.94451904296875,281.9027833211269,277.6260306677324,281.9027833211269,710622,Metals & Mining,-0.005210699880463854,0.0058442158280229695,0.0012929042871301366,-0.0042426814695814,278.72706298828126,278.57236633300784,279.2244893391927,280.2421173095703,281.19665771484375,281.87244974772136,0
2023-06-08,276.8070678710937,278.8999437802429,276.261091791034,278.8999437802429,712681,Metals & Mining,-0.0040923676991062585,-0.01065203935025838,-0.01065203935025838,-0.004916465770214318,278.46317749023433,278.5086730957031,278.8544453938802,279.8098892211914,280.8890954589844,281.5994639078776,0
2023-06-09,273.4857177734375,278.39947459545164,272.07530505902366,278.39947459545164,854118,Metals & Mining,-0.011998790793892988,-0.001794439891266486,-0.001794439891266486,-0.015151560811091369,277.3803283691406,278.0491455078125,278.3812703450521,279.364013671875,280.4905358886719,281.30373026529946,0
2023-06-12,272.02984619140625,274.39569643346675,271.8023584550928,273.8952345213768,697003,Metals & Mining,-0.005323391634064478,-0.016179053788158426,-0.014381414217116806,-0.0010032024180645083,275.9335083007812,277.34393615722655,277.78980509440106,278.8749176025391,279.96276489257815,280.8366231282552,0
2023-06-13,276.4885559082031,277.171019007646,272.5757508097004,272.7577520773496,984236,Metals & Mining,0.016390516626104468,-0.0041529836983651425,0.01011430795108037,0.002845421794731795,275.35114135742185,277.0891479492187,277.5653503417969,278.57008361816406,279.58604248046873,280.4923563639323,1
2023-06-14,274.9416809082031,278.35399705658267,273.8952428432667,277.5350467348716,790046,Metals & Mining,-0.005594716189676885,0.017514789666426278,0.004268043798994814,0.004840826924796815,274.7505737304688,276.738818359375,277.2984354654948,278.1060104370117,279.14380859375,280.1223103841146,0
2023-06-15,276.5340576171875,277.2620349585064,273.12174193146336,275.7605938411908,1066599,Metals & Mining,0.005791689000097522,-0.006393617363128712,-0.0039229258772034425,-0.0028240757443384057,274.6959716796875,276.57957458496094,277.23777262369794,277.81482696533203,278.78710571289065,279.8569081624349,1
2023-06-16,277.0800476074219,281.6298020837342,276.53407151636486,277.4440224116274,803574,Metals & Mining,0.0019744041473190865,0.006104674155894996,0.015753210229022097,0.012493804267540876,275.4148376464844,276.3975830078125,277.17104288736977,277.63966217041013,278.57417846679687,279.64458618164065,1
2023-06-19,279.4459228515625,279.764411215798,277.08004499231,278.58145840142305,661796,Metals & Mining,0.008538598374620898,0.004099695426518002,-0.006623556364186101,0.0019743443292585816,276.89805297851564,276.41578063964846,277.1953084309896,277.5668670654297,278.4795446777344,279.4519795735677,1
2023-06-20,280.3558654785156,280.5378389887909,278.4449631188984,279.4459146186499,485539,Metals & Mining,0.0032562386942982524,0.0031030644400649177,0.0027645681222701057,0.004926078767694353,277.6715148925781,276.511328125,277.28327026367185,277.5918914794922,278.3903698730469,279.26695454915364,1
2023-06-21,280.17388916015625,280.90186657460407,278.0354988950579,280.62886463062404,488122,Metals & Mining,-0.0006490904623978055,0.004233198447679776,0.0012976060096752118,-0.001470539165995377,278.71795654296875,276.73426513671876,277.3985310872396,277.65331573486327,278.2283996582031,279.0728332519531,0
2023-06-22,282.72174072265625,283.40420386141113,279.3094250288818,280.9928118888802,655279,Metals & Mining,0.009093822304917065,0.00129689887294826,0.00890822591291851,0.004581883028917488,279.9554931640625,277.325732421875,277.7048807779948,277.9172027587891,278.24296020507813,278.9818369547526,1
2023-06-23,280.6743469238281,285.3605881828729,280.2648579391706,285.3605881828729,333504,Metals & Mining,-0.0072417274794461806,0.015544085503937932,0.006903159144451054,0.0034206969929140296,280.6743530273437,278.0445953369141,277.8231730143229,278.04687042236327,278.24660034179686,278.92420756022136,0
2023-06-26,279.3549194335937,281.12933475277856,276.6250668006922,280.67435931396165,577649,Metals & Mining,-0.004700919427426342,-0.016422130675971647,-0.014827742881517891,-0.012986969416152738,280.65615234375,278.7771026611328,277.82923787434896,278.0605194091797,278.1847241210937,278.8423126220703,0
2023-06-27,277.7625427246094,279.8099324744222,277.53505497463016,279.44595762835564,362332,Metals & Mining,-0.0057001921147941115,-0.0043766081397977885,-0.004693221643044088,0.0032896085104014983,280.1374877929687,278.9045013427734,277.7200480143229,277.99682464599607,278.1010107421875,278.6815561930338,0
2023-06-28,279.2639465332031,281.49333751266613,278.35399556517734,279.94640975922243,349310,Metals & Mining,0.0054053501738078324,0.0017908726793334218,0.00601624475356255,0.0029507645101698454,279.95549926757815,279.33672790527345,277.8080098470052,278.0377731323242,278.11375244140623,278.51624959309896,1
2023-06-30,279.67340087890625,280.2648633808432,277.80798496418663,280.2648633808432,347574,Metals & Mining,0.0014661912172555525,0.0011375520832530572,-0.004364132176903235,-0.0019615691159097226,279.3458312988281,279.6506622314453,277.9990987141927,278.1151184082031,278.2029284667969,278.42677205403646,1
2023-07-03,281.67529296875,282.0847819858835,280.4468814563453,281.1748310762517,329058,Metals & Mining,0.007157963837649772,0.0032468133337568705,0.006493566774966153,0.009498994395351401,279.5460205078125,280.1101867675781,278.5450703938802,278.25388488769534,278.3467004394531,278.4631703694661,1
2023-07-04,282.7672424316406,284.6781448772745,282.08477925602125,282.72175599439845,388875,Metals & Mining,0.003876624930010397,0.005501647897237616,0.009193558309433358,0.005840313827597088,280.2284851074219,280.44231872558595,279.2608968098958,278.4290496826172,278.4941125488281,278.5253509521484,1
2023-07-05,283.44970703125,284.268657292208,282.5397561258528,284.268657292208,311186,Metals & Mining,0.002413520723760554,0.005471461834865687,-0.0014384229784940583,0.001612908257693002,281.36591796875,280.7517028808594,279.7249735514323,278.6315155029297,278.6706433105469,278.64516194661456,1
2023-07-06,305.697998046875,307.88187452498585,287.54446754799284,287.54446754799284,6685794,Metals & Mining,0.07849114133383872,0.011523642060959016,0.08306655210498692,0.017713299858271192,286.65272827148436,283.3041137695312,281.7753946940104,280.019189453125,279.76076416015627,279.5369150797526,1
2023-07-07,309.9292907714844,313.0231183642077,307.1539237870794,309.3833146622983,3390644,Metals & Mining,0.013841414571385435,0.07594946027142879,0.01669875450496705,0.0681962564131533,292.70390625,286.0248687744141,284.0017435709635,281.67530059814453,281.0328759765625,280.6197580973307,1
2023-07-10,298.327392578125,302.1036830625071,294.86956267655523,301.1937322099092,2648867,Metals & Mining,-0.037434016528349434,-0.02647066620683247,-0.0348837982279494,-0.039994153286609935,296.034326171875,287.79017333984376,285.41823323567706,282.9173843383789,281.8099731445312,281.2946380615234,0
2023-07-11,301.1482238769531,303.01361188133785,298.32737088511993,300.2382730905227,1207370,Metals & Mining,0.009455488731526351,-0.0031722410435839343,0.00301197525831709,0.01172656878240641,299.7105224609375,289.96950378417966,286.86505330403645,284.37330322265626,282.68534423828123,282.030180867513,1
2023-07-12,302.6951599121094,303.01364827951585,301.7397225793874,302.92264763604294,624584,Metals & Mining,0.005136792823285274,0.008940813967148298,1.2012060368604693e-07,0.011438278975687721,303.5596130371094,292.4627655029297,288.3543395996094,285.6836334228516,283.6171350097656,282.8188049316406,1
2023-07-13,300.9207458496094,303.9235724335198,298.418381106519,303.3321099572338,1090510,Metals & Mining,-0.005862049670748659,0.0013517058707437357,0.0030029147504424536,-0.011007306046669219,302.6041625976562,294.6284454345703,289.7374633789062,286.9825866699219,284.53618408203124,283.5679972330729,0
2023-07-14,305.4294128417969,305.84775698811234,301.2460848586768,303.8025630705835,563672,Metals & Mining,0.014982905148190673,0.0015509505848756433,0.00633114614699215,0.0094756353200256,301.7041870117188,297.20404663085935,291.251308186849,288.42735443115237,285.6810778808594,284.47809448242185,1
2023-07-17,301.1531677246094,304.87168177155,300.2700092904567,304.4533375932649,720807,Metals & Mining,-0.014000763965068663,0.0021420968806316054,-0.0031913760825791337,-0.003240126983485969,302.26934204101565,299.15183410644534,292.61656290690104,289.6310104370117,286.78777587890625,285.21986796061196,0
2023-07-18,297.760009765625,302.26871385486646,296.08668974302543,302.26871385486646,442325,Metals & Mining,-0.011267216561664295,-0.007175561797640673,-0.008537913070699843,-0.013931859386545176,301.59169921875,300.65111083984374,293.84356892903645,290.54671478271484,287.816982421875,285.83640340169273,0
2023-07-19,300.5024108886719,304.91814623815736,296.27261258611617,297.4811182811292,607414,Metals & Mining,0.00921010556523516,-0.015838872348648003,0.008765155842635597,0.0006279338096963905,301.1531494140625,302.35638122558595,295.35956013997395,291.55404205322264,288.77753662109376,286.53980407714846,1
2023-07-20,300.4094543457031,301.8038971432571,299.34038720824736,301.8038971432571,208681,Metals & Mining,-0.0003093370954790897,0.014531271386584832,-0.010213393769185175,0.010354567016347183,301.05089111328124,301.82752685546876,296.7692606608073,292.5658203125,289.79624755859373,287.28863525390625,0
2023-07-21,295.7613220214844,300.8278090442981,293.3907805308173,300.8278090442981,950300,Metals & Mining,-0.015472656592458,-0.0032341799035672247,-0.0032341799035672247,-0.019875723195650785,299.1172729492188,300.4107299804688,297.84178873697914,293.2177993774414,290.5653381347656,287.9204437255859,0
2023-07-24,294.2738952636719,295.6218679592893,290.9737253813131,292.8329824125036,763349,Metals & Mining,-0.005029145622037934,-0.026576089016481896,-0.017305385102353243,-0.008238347316610217,297.7414184570313,300.00538024902346,298.68169555664065,293.8977767944336,291.25309204101563,288.61338297526044,0
2023-07-25,295.6683349609375,297.4811218954924,290.0440938481051,293.7626078717988,572162,Metals & Mining,0.004738577630259089,0.003174592737595683,0.006289297706687513,-0.00319489854965338,297.3230834960938,299.4573913574219,299.54176839192706,294.7134475708008,291.9019885253906,289.4013326009115,1
2023-07-26,297.3417053222656,299.7587452907358,295.62188678489184,297.4811439344824,562029,Metals & Mining,0.005659619795096438,0.012658302871229932,0.007656362799531191,0.019230844740826925,296.6909423828125,298.9220458984375,300.4679016113281,295.6924057006836,292.5814221191406,290.0964375813802,1
2023-07-27,297.8529663085937,299.29390750841844,292.69353947150614,298.5037176078708,816751,Metals & Mining,0.0017194392080785992,0.003437440302480388,-0.0015507063250699282,-0.009905718907465388,296.1796447753906,298.6152679443359,299.9448994954427,296.6218566894531,293.2885852050781,290.8601470947266,1
2023-07-28,297.6205749511719,298.31779636447465,294.59928216019324,297.8529820889395,497223,Metals & Mining,-0.0007802217325613148,-0.0021799913386209013,-0.003261379932754993,0.006511051429861192,296.55149536132814,297.8343841552734,299.1243184407552,297.5192153930664,293.88453857421877,291.5630310058594,0
2023-07-31,299.2939147949219,300.2700133975907,295.80780782823155,297.76000503356926,632384,Metals & Mining,0.005622393021801342,-0.0003121575440278024,0.0065440850559612684,0.0041022695614756355,297.5554992675781,297.64845886230466,299.1887532552083,298.400146484375,294.6293212890625,292.3034932454427,1
2023-08-01,299.5727844238281,301.52500994977754,297.85296602311047,300.7812901270295,406743,Metals & Mining,0.0009317584325003736,0.010146712259490931,0.004179560049924591,0.0069138073463783645,298.3363891601563,297.829736328125,299.08372395833334,299.24042358398435,295.4380358886719,292.9743886311849,1
2023-08-02,298.4107666015625,301.85040360821466,296.8303867076927,300.27002371434486,580855,Metals & Mining,-0.0038789165194046404,-0.001699794599819393,0.001079159763534454,-0.0034331681469252917,298.5502014160156,297.6205718994141,298.7980977376302,299.9884765625,296.26396484375,293.5762186686198,0
2023-08-03,295.71484375,299.340389375892,293.8555866731311,299.340389375892,485555,Metals & Mining,-0.009034268040208127,-0.0030959944884050294,-0.008315424469600874,-0.010021885116132223,298.12257690429686,297.15111083984374,298.45103759765624,299.48931884765625,296.92200073242185,294.09425048828126,0
2023-08-04,295.8078308105469,298.8755938315748,294.45985799736025,296.4585538062126,362429,Metals & Mining,0.00031444840362993,-0.009627286099573418,-0.0015527324771852369,0.0020563547253613645,297.76002807617186,297.15576171875,297.8095987955729,298.7832458496094,297.5673779296875,294.53045349121095,1
2023-08-07,294.4598083496094,299.24738914127613,293.76258701965764,299.24738914127613,411143,Metals & Mining,-0.00455708848965819,0.00940716771116179,0.0012439801622303737,-0.002367966154859902,296.7932067871094,297.1743530273437,297.3633748372396,298.5898666381836,298.07875854492187,294.98996887207034,0
2023-08-08,296.9698486328125,298.36429144366616,293.53021168470207,296.87688010475324,427000,Metals & Mining,0.008524220324910958,-0.007921569652872607,-0.0029510623305490924,-0.000791031074831916,296.2726196289062,297.30450439453125,297.3106974283854,298.3809478759766,298.64686279296876,295.57713317871094,1
2023-08-09,298.0389099121094,298.4107556470131,295.6683401583274,296.5979686805922,235747,Metals & Mining,0.0035998983877272295,-0.000939485163218623,0.0001557297728964624,0.007284185370063367,296.1982482910156,297.3742248535156,297.14646402994794,298.14813537597655,299.2304309082031,296.2530120849609,1
2023-08-10,296.36553955078125,299.29389187455246,295.6218481361781,298.364263421294,225424,Metals & Mining,-0.0056146036831955515,0.005955181515770791,0.002959465135981887,-0.0001572438297736678,296.32838745117186,297.22548217773436,296.8768697102865,297.92037506103514,298.85713256835936,296.82306518554685,0
2023-08-11,294.2738952636719,297.4811249904798,293.76261092809887,297.4811249904798,279237,Metals & Mining,-0.007057650124504322,-0.0029599336753248773,-0.006056812161179814,-0.0062892415421973435,296.0216003417969,296.89081420898435,296.7777079264323,297.3625991821289,298.23091674804687,297.30974833170575,0
2023-08-14,294.2738952636719,295.57539788151394,291.9033538969084,294.6922394436941,234103,Metals & Mining,0.0,-0.009374999999999911,-0.006406211853027255,-0.006329113924050445,295.9844177246094,296.38881225585936,296.7777079264323,297.01863555908204,298.06877685546874,297.7297017415365,0
2023-08-16,292.0893249511719,294.59930521346814,291.9033878784029,294.50633667708365,207990,Metals & Mining,-0.007423595322794796,-0.0006308369944231229,-0.003302347472224576,1.1641351171931547e-07,295.00831298828126,295.6404663085938,296.5391072591146,296.7351013183594,297.7064208984375,298.0404378255208,0
2023-08-17,291.9033203125,294.97108271300414,291.02016197629035,292.228695929525,231013,Metals & Mining,-0.0006368073831625187,-0.0077337580347415225,0.0012619768375441431,-0.00302574734925809,293.78119506835935,294.9897216796875,296.1765482584635,296.3051467895508,297.2747473144531,298.3222249348958,0
2023-08-18,292.4146423339844,293.66964652164324,290.0905710123981,291.9033579912399,246539,Metals & Mining,0.0017516827863999218,-0.0011132990798533582,-0.004412080599192625,-0.0031942493522768567,292.991015625,294.6597015380859,295.8139933268229,295.90540618896483,296.93450317382815,297.8794464111328,1
2023-08-21,292.92596435546875,294.5528143322779,290.3229873705668,293.7626243838253,243071,Metals & Mining,0.0017486197592675445,0.006369458732438549,0.0030073513592407952,0.0008011854965075393,292.7214294433594,294.37151489257815,295.5010192871094,295.7636383056641,296.434365234375,297.3126688639323,1
2023-08-22,294.0414733886719,294.5527860686136,291.4385250235467,293.6696276750839,190788,Metals & Mining,0.0038081603167463562,-0.0003165709352456192,-9.595448724475375e-08,0.0038424020883884857,292.67494506835936,294.3296813964844,295.15085652669273,295.75201721191405,296.1498974609375,297.1698048909505,1
2023-08-23,291.9963073730469,295.1570384891652,291.5314931392057,294.0414729799425,322539,Metals & Mining,-0.006955365826648685,0.0012662028000729464,0.002051423205383651,0.0003189973448138872,292.6563415527344,293.8323272705078,294.6457580566406,295.5684158325195,295.9193493652344,296.864741007487,0
2023-08-24,293.8555908203125,294.4598437048204,291.9963337172039,291.9963337172039,305984,Metals & Mining,0.006367489589141462,-0.0069552748529391195,-0.002362114716672692,0.0015944780887746646,293.0467956542969,293.41399536132815,294.342079671224,295.39411010742185,295.6534765625,296.57008870442706,1
2023-08-25,292.3217163085937,295.6218863967792,291.2526207529727,294.6457877425307,344870,Metals & Mining,-0.00521982415729072,0.00907358661527824,0.0039463536940664845,-0.002546994185726681,293.02821044921876,293.0096130371094,294.1158711751302,295.1175476074219,295.3299670410156,296.2834543863932,0
2023-08-28,293.9485778808594,294.97114665602527,291.9963521255189,292.3217278130779,475282,Metals & Mining,0.005565312056899252,-0.007887640095787019,-0.002201256979601718,0.0025535611340541386,293.23273315429685,292.9770812988281,293.99192097981773,294.93394775390624,295.2574572753906,295.9007598876953,1
2023-08-29,293.204833984375,295.4824352409497,292.64705118990656,294.73871539165464,219232,Metals & Mining,-0.002530183686705323,0.00826824470647014,0.0017333511793296008,0.0022284492927773236,293.0654052734375,292.87017517089845,293.9082560221354,294.6294937133789,295.2146948242187,295.6358154296875,0
2023-08-30,297.4346618652344,299.8052032874093,293.8555863225297,293.8555863225297,567027,Metals & Mining,0.014426187397322376,-0.0029963117263078765,0.01462952626248204,0.004129667897589284,294.153076171875,293.4047088623047,293.9392435709635,294.52258758544923,295.2853479003906,295.6249704996745,1
2023-08-31,295.7613220214844,298.8291133053026,294.7387249268783,298.41076910341434,219124,Metals & Mining,-0.005625907327869495,0.015501433332919534,-0.0032557473032613915,0.0030053490403252336,294.5342224121094,293.79050903320314,293.7874043782552,294.39011535644534,295.22213256835937,295.46693420410156,0
2023-09-01,297.2022705078125,299.34040490915845,295.76132917645936,295.76132917645936,281397,Metals & Mining,0.004871997719240184,-0.008878499710031629,0.0017109832378798817,0.003469527968660069,295.5103332519531,294.26927185058594,293.8431864420573,294.46448669433596,295.19610473632815,295.3600280761719,1
2023-09-04,300.7348327636719,302.0363070459884,297.341694265843,297.4811328728748,667679,Metals & Mining,0.011886054066220675,0.005814836243819288,0.009006141812523127,0.005343379723725672,296.8675842285156,295.05015869140624,294.27391560872394,294.71083679199216,295.32067504882815,295.52581176757815,1
2023-09-05,301.1996459960937,303.4772472598096,298.08538472305776,302.12927453311875,535157,Metals & Mining,0.001545591603574259,0.015624996500972266,0.004770751661990813,0.002501130758170378,298.46654663085934,295.7659759521484,294.7356323242187,295.04782867431635,295.39690429687494,295.7566701253255,1
2023-09-06,298.8291015625,302.1292714876685,298.410757377051,302.1292714876685,291816,Metals & Mining,-0.007870342694972665,-1.0079957424302677e-08,-0.004441768812365243,0.0010915417885903889,298.7454345703125,296.4492553710937,295.18495076497396,295.14079132080076,295.3671569824218,295.8620290120443,0
2023-09-07,298.3177795410156,300.2235349852431,296.5514910675932,299.34037656352666,263613,Metals & Mining,-0.0017110850944931366,-0.009230800148590346,-0.006307685756635539,-0.006230560606461655,299.25672607421876,296.895474243164,295.6125813802083,295.154734802246,295.3634375,295.8945648193359,0
2023-09-08,297.6670837402344,300.1305938121387,297.48114667555694,299.3404038422792,295099,Metals & Mining,-0.0021812169619336297,9.112954568735177e-08,-0.00030957324218072735,0.0031348876534627035,299.3496887207031,297.4300109863281,295.962744140625,295.2198120117187,295.44152709960935,295.88836873372395,0
2023-09-11,297.4346618652344,299.34038901874663,296.3655663513011,298.0389147404935,391440,Metals & Mining,-0.0007808114759603191,-0.004347856437286857,-0.0026328698562689823,-0.003750087481922182,298.6896545410156,297.77861938476565,296.26332397460936,295.37785034179683,295.50660034179685,295.8821716308594,0
2023-09-12,293.0189514160156,299.3404146633859,292.4146701189759,299.2939445805431,388769,Metals & Mining,-0.01484598473334453,0.0042109596364030555,8.56704949203646e-08,-0.013331158140152954,297.053515625,297.76003112792966,296.195155843099,295.315103149414,295.4489660644531,295.6730061848958,0
2023-09-13,292.69354248046875,294.6457680283587,290.508909804735,294.1809537726712,297983,Metals & Mining,-0.0011105388712038256,-0.017083509040043188,-0.015683303707273888,-0.006517321150356303,295.82640380859374,297.2859191894531,296.24163818359375,295.34531402587885,295.27791381835937,295.4436981201172,0
2023-09-14,298.5967102050781,299.34040171848545,294.1344760145962,295.4359503480653,555890,Metals & Mining,0.02016842488078896,0.004266070115347853,0.01593314481161978,0.012480051686876381,295.88218994140624,297.5694580078125,296.5577128092448,295.6799835205078,295.3002258300781,295.44989624023435,1
2023-09-15,298.8755798339844,300.7348369402611,298.59670261604765,300.2235525840398,538269,Metals & Mining,0.0009339340299989729,0.01620521209532555,0.00465835955911853,0.015170702400863822,296.12388916015624,297.7367889404297,296.99463704427086,296.0030303955078,295.4006274414062,295.5552541097005,1
2023-09-18,295.7613220214844,299.75874186948766,295.1570691287665,299.75874186948766,299525,Metals & Mining,-0.010419913912772194,-0.0015482153566949153,-0.0032457000349691567,-0.011519328435799947,295.7892211914062,297.23943786621095,297.11548665364586,296.14479827880854,295.46012451171873,295.5537038167318,0
2023-09-20,293.3907775878906,296.45854047092456,292.6470577219952,295.7613190547794,239370,Metals & Mining,-0.008015058958322996,-0.013335467015166191,-0.011009525120037944,-0.008503985400655556,295.86358642578125,296.45855102539065,297.1278828938802,296.1122634887695,295.42479980468744,295.5180694580078,0
2023-09-21,291.3455810546875,293.76262095171023,290.1835453705431,293.39077520678643,233391,Metals & Mining,-0.006970895779402797,-0.008015057058742392,-0.009093748876088603,-0.00841803218740167,295.593994140625,295.7101989746094,296.72194417317706,296.0797271728515,295.39505004882807,295.3305938720703,0
2023-09-22,291.7174072265625,292.78650268025285,290.0905573779153,291.8568741953116,195355,Metals & Mining,0.0012762375544841387,-0.005228184186751306,-0.003322813053257212,-0.00032044543569509365,294.2181335449219,295.05016174316404,296.4523498535156,295.972817993164,295.3876135253906,295.1198771158854,1
2023-09-25,291.2525939941406,293.2513179397037,287.44113988867144,293.2513179397037,350059,Metals & Mining,-0.0015933681738123928,0.00477783416353228,0.001587556991855088,-0.009133070421841749,292.69353637695315,294.40871276855466,296.0557047526042,295.9193618774414,295.34113159179685,294.94944559733074,0
2023-09-26,289.5328369140625,294.22744996518577,288.2313341866103,292.6935684592751,276885,Metals & Mining,-0.00590469274966432,-0.0019019504646975438,0.0033286534987806426,0.002749064724155037,291.4478393554688,293.6185302734375,295.30890502929685,295.6985748291016,295.20540649414056,294.7914103190104,0
2023-09-27,289.1144714355469,290.0440999610631,287.4411514376221,290.0440999610631,199242,Metals & Mining,-0.0014449672892881127,-0.009052021580654102,-0.01421808197915464,-0.002741488017664939,290.592578125,293.22808227539065,294.5032267252604,295.49405670166016,295.00832641601556,294.6194295247396,0
2023-09-28,276.9828186035156,289.4863047115202,273.3107747377762,289.1144589913211,1140485,Metals & Mining,-0.04196141677652343,-0.0032051711097271784,-0.0019231394454078954,-0.04915919877572694,287.72002563476565,291.6570098876953,293.04680786132815,294.4714645385742,294.40778686523436,294.115879313151,0
2023-09-29,286.9298400878906,295.1570582517447,279.0744960320163,279.16743618899994,2289398,Metals & Mining,0.035912052359513114,-0.034405137802602126,0.019589021822208563,0.02108852568937314,286.76251220703125,290.4903228759766,292.28761189778646,294.0298904418945,294.13075683593746,293.9500966389974,1
2023-10-03,285.3959655761719,289.5328239822026,282.235234172132,286.9298470135723,703140,Metals & Mining,-0.005345817330288494,0.027805574068879402,-0.019055055985634062,0.011325786429989826,285.5911865234375,289.1423614501953,291.46953735351565,293.4395751953125,293.8537268066406,293.7161407470703,0
2023-10-04,286.46502685546875,287.62706252206567,282.7930111710293,285.39595971620184,369670,Metals & Mining,0.0037458878479188495,-0.005345861761456683,-0.0065821948403822494,0.0019762840757053812,284.9776245117188,288.2127319335938,290.7382283528646,292.72608489990233,293.554384765625,293.500776163737,1
2023-10-05,283.0718994140625,285.9072552030457,279.3998552165155,279.3998552165155,292298,Metals & Mining,-0.011844822660038723,-0.021009773598928527,-0.005979295911656579,-0.0119987263492225,283.76911010742185,287.18084411621095,290.07509155273436,291.81969757080077,293.1490673828125,293.13512369791664,0
2023-10-06,284.0479736328125,285.2565076912285,281.25908816417416,284.88466196941204,326063,Metals & Mining,0.0034481494658085143,0.019630671421236645,-0.0022760790430276234,0.006654380497863377,285.18214111328126,286.4510833740234,289.49872029622395,291.0806411743164,292.6135998535156,292.87017923990885,1
2023-10-09,289.858154296875,292.3681625892062,281.49149781578484,286.32557735286326,1103868,Metals & Mining,0.020454927348199536,0.0050578903528542,0.024930736744753323,0.0008263187267214533,285.76780395507814,286.26515808105466,288.91614990234376,290.65765991210935,292.3774731445312,292.7369313557943,1
2023-10-10,294.7387084960937,295.4824283279891,290.97372436903544,292.786511316144,601029,Metals & Mining,0.016837732963068452,0.0225649906061951,0.010651863428640995,0.0336856588096881,287.6363525390625,286.61376953125,288.64035847981773,290.51124114990233,292.2789306640625,292.8174977620443,1
2023-10-11,294.9710998535156,297.2951710101617,290.7877717715527,295.6218511253802,461120,Metals & Mining,0.0007884656840890791,0.009683983720734535,0.0061348578067066395,-0.0006390700668453819,289.3375671386719,287.1575958251953,288.5876770019531,290.38806304931643,292.04838134765623,292.85158182779946,1
2023-10-12,295.343017578125,299.24744067625073,292.8330090100336,293.43726192605163,555523,Metals & Mining,0.0012608615718423533,-0.007389809620000132,0.0065667722064086664,0.007033436193072395,291.7917907714844,287.78045043945315,288.7178263346354,290.5042663574219,291.8141162109375,292.9228546142578,1
2023-10-13,296.1796569824219,297.945945525262,294.831684258406,295.34299697476195,365388,Metals & Mining,0.002832771910971532,0.0064945230070698745,-0.004349227341920003,0.006825307212220633,294.21812744140624,289.70013427734375,289.04009806315105,290.6785720825195,291.70813842773435,292.8810211181641,1
2023-10-16,299.2474060058594,301.75741428314467,295.25001483686,297.62055614428823,710371,Metals & Mining,0.010357730354247696,0.007711573299030716,0.012792484056674214,0.00141887931585849,296.0959777832031,290.9318908691406,289.54209798177084,290.7111068725586,291.7453234863281,292.9972239176432,1
2023-10-17,298.5967102050781,301.1996588720164,297.57411309663354,300.9207816469918,473925,Metals & Mining,-0.0021744409064936576,0.01108870148439478,-0.001848356940800433,0.007871627918656365,296.867578125,292.25196533203126,290.0317057291667,290.6971633911133,291.7825085449219,293.0437052408854,0
2023-10-18,291.20611572265625,301.6644359201978,287.7664790652389,298.22479926278044,2046808,Metals & Mining,-0.02475109145491239,-0.008959110000498538,0.0015430862369563147,-0.03295862643875114,296.1145812988281,292.72607421875,290.1432576497396,290.4694030761719,291.53336669921873,292.7260813395182,0
2023-10-19,292.27520751953125,292.8329903179487,288.18484761448923,288.18484761448923,205302,Metals & Mining,0.0036712546171016047,-0.03366571684551467,-0.029275726770076838,0.001453847406443387,295.5010192871094,293.6464050292969,290.3539733886719,290.4136245727539,291.50361694335936,292.42860005696616,1
2023-10-20,286.88336181640625,293.5766700187205,279.1674282163638,292.46113283667336,1532582,Metals & Mining,-0.018447838080021484,0.014838688631904073,0.002539603546596103,-0.03129040084088042,293.6417602539062,293.92994384765626,291.0140096028646,290.19051361083984,291.2712097167969,292.03040873209636,0
2023-10-23,282.0957946777344,286.23262470076696,280.6548534040842,284.4663361308198,499171,Metals & Mining,-0.016688200766887706,-0.027336270732146506,-0.0250157661284367,0.0053280756900033754,290.21143798828126,293.15370788574216,290.6917399088542,289.7094329833984,290.6111730957031,291.4896759033203,0
2023-10-25,278.60968017578125,286.23261705563567,275.7278260754657,284.4198584546388,512926,Metals & Mining,-0.01235791021250654,-0.00016338550569161558,-2.6709503497812648e-08,-0.017555468109167416,286.2140319824219,291.5408050537109,290.23932088216145,289.0772872924805,289.800537109375,290.85442911783855,0
2023-10-26,273.9615478515625,278.5631921993978,270.05709655338813,277.9589393096835,557107,Metals & Mining,-0.01668331237193965,-0.022716132340617645,-0.026794377716733653,-0.020566402755902935,282.76511840820314,289.4398498535156,289.4057556152344,288.2987228393555,288.9285461425781,290.0719919840495,0
2023-10-27,274.9841003417969,278.6096742061292,272.706527527292,275.4024445169154,346211,Metals & Mining,0.003732467195682654,-0.009197382890858585,0.00016686341926375192,0.009810632668858954,279.30689697265626,287.4039581298828,288.86656901041664,287.59220428466796,288.19227905273436,289.4708302815755,1
2023-10-30,272.2417297363281,274.9841169690036,270.847286894964,274.9841169690036,325580,Metals & Mining,-0.009972833345855525,-0.0015189681727248994,-0.013013034265433543,-0.00681773424782417,276.3785705566406,285.0101654052734,288.07948608398436,287.3551498413086,287.428125,288.7891031901042,0
2023-10-31,274.751708984375,276.14615182145354,272.474136039154,272.7995117084747,228054,Metals & Mining,0.009219671247599814,-0.00794447797425013,0.004225825350418155,0.0060065181484387775,274.9097534179688,282.560595703125,287.0723897298177,286.7462432861328,286.7494970703125,287.9942698160807,1
2023-11-01,271.9163513183594,275.3094898573895,270.6613470998107,275.03061263993953,315882,Metals & Mining,-0.010319708934647176,0.008178537115011597,-0.0030297795516810444,-0.006653067941401969,273.5710876464844,279.89255981445314,285.5508992513021,286.0722625732422,285.9760473632812,287.0956288655599,0
2023-11-02,273.58966064453125,275.6348547257452,271.9163406653641,274.24041195310224,213238,Metals & Mining,0.006153765001843503,-0.0028731372091723717,0.001181814940430126,0.0046367668638351844,273.4967102050781,278.13091430664065,284.12546997070314,285.4284942626953,285.3383203125,286.3565734863281,1
2023-11-03,278.0518798828125,278.7026027870729,273.9615203059994,274.98408892269566,211812,Metals & Mining,0.01630989719336995,0.002711770173830619,0.011129753762020078,0.0075213561481111135,274.1102661132812,276.7085815429688,282.9727274576823,285.1774932861328,284.8958166503906,285.84527689615885,1
2023-11-06,275.2165222167969,278.6096891367941,274.51930080090904,277.95893780062727,333777,Metals & Mining,-0.010197225306337154,0.010818258211179321,-0.0003333791982912393,0.0020359811636563308,274.705224609375,275.5418975830078,281.57518513997394,284.73592071533204,284.8251647949219,285.3076416015625,0
2023-11-07,272.14874267578125,276.5644780394361,271.5444898263358,276.00669526686715,393766,Metals & Mining,-0.011146785506572998,-0.007023492567669876,-0.007340775203097172,-0.01083643651245736,274.18463134765625,274.5471923828125,279.7686075846354,283.85045013427737,284.2339208984375,284.6553527832031,0
2023-11-08,276.0997009277344,276.56451523906054,273.12487798724135,273.12487798724135,197817,Metals & Mining,0.014517642863630664,-0.010441113672403524,1.3450615465870897e-07,0.005819997164797197,275.02130126953125,274.2961944580078,278.26880696614586,282.9184997558594,283.8620703125,284.15025634765624,1
2023-11-09,275.7278137207031,277.0292879228488,274.240402473961,276.0996594398862,186227,Metals & Mining,-0.0013469308578808459,0.010891653204816443,0.0016805217523532257,0.004084302004784046,275.4489318847656,274.4728210449219,277.23692016601564,281.9563354492187,283.43258178710937,283.6900889078776,0
2023-11-10,280.5618896484375,284.37337244001924,274.5658024244971,275.7278381310761,331948,Metals & Mining,0.01753205765679855,-0.0013466923847873513,0.0265101375101382,0.0011865500035757037,275.9509338378906,275.0305999755859,276.45603230794273,281.2172790527344,283.3321813964844,283.4050028483073,1
2023-11-13,280.05059814453125,283.1648594327549,279.0280010748144,282.56060655474414,247756,Metals & Mining,-0.0018223840185384033,0.02478084356654575,-0.004249740391988555,0.0162518369400515,276.9177490234375,275.8114868164063,276.0005147298177,280.4108261108398,283.17228637695314,283.50726216634115,0
2023-11-15,282.88592529296875,285.0240877447283,281.25907550946005,283.49020647999333,306698,Metals & Mining,0.010124338841705383,0.003289913397992006,0.006565886444023672,0.007995880076736128,279.065185546875,276.6249084472656,276.0531901041667,279.59275207519534,282.89339721679687,283.3724650065104,1
2023-11-16,282.1886901855469,284.3733226050725,280.1435247223798,284.3733226050725,300970,Metals & Mining,-0.0024647218015523276,0.0031151556734341224,-0.0022831934830668255,-0.003966274812855608,280.2829833984375,277.6521423339844,276.2917907714844,278.77235107421876,282.391396484375,283.2655558268229,0
2023-11-17,285.9537353515625,286.9763323865702,278.9815215265245,279.16743020651904,334149,Metals & Mining,0.0133422964738239,-0.018306542789821356,0.00915349498206175,-0.004147885256340911,282.3281677246094,278.8885498046875,277.091269938151,278.5097320556641,282.03070190429685,283.24851277669273,1
2023-11-20,283.6296691894531,287.2087446914937,283.5367006627746,285.9537405063611,119971,Metals & Mining,-0.008127420190025103,0.02430910473625736,0.0008098657578854418,0.016327888353770525,282.9417236328125,279.4463287353516,277.6676411946615,278.0774551391602,281.56216796875,283.26710510253906,0
2023-11-21,282.4676208496094,285.6748221009483,281.95630816083826,285.39594490344405,142123,Metals & Mining,-0.004097062000476215,-0.00195064978667292,-0.005340793478252448,-0.005573855159639374,283.4251281738281,280.1714385986328,278.3493672688802,277.85666809082034,281.0136865234375,283.2144266764323,0
2023-11-22,278.47021484375,282.607073150704,277.26170910262323,282.46763454519106,290073,Metals & Mining,-0.014151731776675613,-0.010260518450056155,-0.010738604570339816,-0.016650094083147993,282.5419860839844,280.8035858154297,278.59726765950523,277.6753890991211,280.18259887695314,282.83482869466144,0
2023-11-23,280.1435546875,281.21262179055293,278.4702063622772,278.4702063622772,115557,Metals & Mining,0.006009044251604756,-0.014151809602364507,-0.00493424083341143,0.004358687911018677,282.132958984375,281.2079711914063,279.1457478841146,277.75208282470703,279.44447265625,282.34832356770835,1
2023-11-24,279.8182067871094,282.51412403564035,278.7956096597319,282.51412403564035,132414,Metals & Mining,-0.0011613613625827135,0.01452190425033173,0.004628178624417334,0.0011685390035274246,280.9058532714844,281.61701049804685,279.5609842936198,278.0449157714844,278.9889562988281,281.8432271321615,0
2023-11-28,279.6322631835937,281.4450502474785,278.888571673802,281.4450502474785,197865,Metals & Mining,-0.0006645157427412896,-0.003784142799271084,-0.003784142799271084,0.00033344145621083676,280.1063720703125,281.5240478515625,279.6663431803385,278.2773239135742,278.4832385253906,281.3195353190104,0
2023-11-29,278.6561584472656,281.67745124110587,278.4237513092779,281.25910704472324,636251,Metals & Mining,-0.0034906728044009627,-0.0006606732027859552,0.0008257419820423273,-0.0016666884617551059,279.3440795898438,281.3846038818359,279.89565226236977,278.5980453491211,278.154150390625,280.73541870117185,0
2023-11-30,278.1913452148437,279.67875657754706,276.5644952428271,278.9350367111893,382853,Metals & Mining,-0.0016680529689778734,-0.008263093621940554,-0.007095685702750876,-0.006677792601054056,279.2883056640625,280.91514587402344,280.2984924316406,278.77002716064453,277.9979724121094,280.03355000813804,0
2023-12-01,279.0279846191406,280.7478029936001,276.8898504476569,279.77170443053365,395237,Metals & Mining,0.0030074242735724788,0.0029995074452071613,0.003822408355697249,0.0011764171121970701,279.0651916503906,280.5990753173828,280.49371134440105,279.12560882568357,278.01470458984375,279.3812591552734,1
2023-12-04,295.5289001464844,296.5514971901076,290.97372608308365,296.4585286643217,2209533,Metals & Mining,0.05913713475681193,0.05964443140436071,0.05629142606992299,0.050864542751050346,282.20733032226565,281.556591796875,281.81378377278645,280.2225708007812,278.8773986816406,279.525351969401,1
2023-12-05,302.1292724609375,303.9885295222356,297.4811298076923,298.3642882598134,1829812,Metals & Mining,0.022334101034388043,0.006428418855338736,0.025078384033112355,0.022364231342147267,286.70673217773435,283.40655212402345,283.25160929361977,281.4264404296875,279.96320556640626,279.85382080078125,1
2023-12-06,302.7335510253906,308.6366983700249,302.129298103187,306.26615676368226,2934514,Metals & Mining,0.0020000662614749753,0.026483962105370962,0.01529060604719068,0.015625086197902815,291.5222106933594,285.4331451416016,284.76380615234376,282.8022918701172,281.18287841796877,280.3821604410807,1
2023-12-07,301.3390808105469,304.54631057092735,300.27001368042374,303.9885277817293,861934,Metals & Mining,-0.004606262537206529,-0.007436763519745981,-0.013253083060762783,-0.006153936193663223,296.1517578125,287.72003173828125,285.9940165201823,284.26180877685545,282.24637329101563,281.0236033121745,0
2023-12-08,299.94464111328125,302.96593385172434,297.6670682247695,301.3390839156396,676456,Metals & Mining,-0.004627477104910627,-0.008715604780954345,-0.00518928210373093,-0.008668682642498426,300.3350891113281,289.70014038085935,287.17774658203126,285.4540557861328,283.3675048828125,281.7347686767578,0
2023-12-11,302.45465087890625,303.8025952386332,300.7813024864711,301.19964667708274,565522,Metals & Mining,0.00836824340754605,-0.0004627253681964705,0.0027615691846012425,0.010462139061180986,301.7202392578125,291.9637847900391,288.2778076171875,286.79039764404297,284.5221044921875,282.6845387776693,1
2023-12-12,302.03631591796875,303.7561344419101,301.38559294270203,302.3616915906083,453205,Metals & Mining,-0.0013831328423016265,0.00385805536741346,-0.00015293087501977443,0.002009069218184223,301.70164794921874,294.2041900634766,289.5049173990885,287.8641189575195,285.4814819335937,283.586279296875,0
2023-12-13,302.5940856933594,303.05889995709725,300.8277971651577,302.0363029028717,879874,Metals & Mining,0.0018466977181053057,-0.0010761571217070554,-0.0022953758155168646,-0.0018507712067391546,301.6737548828125,296.5979827880859,290.8466817220052,288.9912933349609,286.57658447265624,284.5980244954427,1
2023-12-14,302.2152709960937,307.8977893016193,301.1734701928575,307.8977893016193,846426,Metals & Mining,-0.0012518906190703838,0.019406562530440485,0.015966828049620352,0.0011490727617502472,301.84899291992184,299.00037536621096,292.4296854654948,289.9577606201172,287.77924560546876,285.5134765625,0
2023-12-15,299.6107788085937,303.06763827713587,297.8586632442476,303.06763827713587,778336,Metals & Mining,-0.008618003249523665,-0.015687514468484154,-0.015687514468484154,-0.011006304594117222,301.7822204589844,301.05865478515625,293.727500406901,290.82886505126953,288.7196887207031,286.43662414550784,0
2023-12-18,298.6163024902344,299.6107604590956,294.5911856658823,299.2792744694752,401872,Metals & Mining,-0.0033192274400603017,-0.012500060478897068,-0.011406291472397911,-0.010969892709435713,301.01455078125,301.3673950195313,294.9807067871094,291.4619934082031,289.6352282714844,287.2708455403646,0
2023-12-19,295.443603515625,298.2374909544199,294.0703167234365,297.57454783970786,541553,Metals & Mining,-0.010624667669351773,-0.005696106530561629,-0.004583511962559128,-0.0017681076956475028,299.6960083007813,300.698828125,296.0347961425781,292.05269012451174,290.2304968261719,287.85056966145834,0
2023-12-20,290.6607971191406,297.3851160329256,289.57165358938533,295.5856577355757,681204,Metals & Mining,-0.016188559642420608,-0.0066836700872801025,-0.0028580408142736546,-0.015297916444528603,297.3093505859375,299.491552734375,296.83510538736977,292.4623489379883,290.65490478515625,288.36537882486977,0
2023-12-21,290.2819519042969,291.276380961454,286.6830355135776,287.9142361465131,472198,Metals & Mining,-0.0013033928847600018,-0.02595329437778504,-0.020541495663808917,-0.0099754863433692,294.9226867675781,298.38583984375,297.6411458333333,293.0529357910156,290.95074584960935,288.969819132487,0
2023-12-22,293.5020446777344,295.49093172954707,288.9086702468952,288.9086702468952,480182,Metals & Mining,0.011092983054279415,0.003453924730127289,0.01446924997550969,0.007763398798015908,293.70093994140626,297.7415802001953,298.6060831705729,293.72086029052736,291.40328002929687,289.549897257487,1
2023-12-26,295.2068176269531,296.3433038697537,293.5967593211763,294.5911883964744,311187,Metals & Mining,0.00580838525704519,0.01966890832567625,0.002884596610859047,0.0162268895228197,293.01904296875,297.016796875,298.58461100260416,294.4902908325195,291.7734033203125,290.19919738769534,1
2023-12-27,295.443603515625,296.6748042306489,293.9282595490541,295.49094627282506,306296,Metals & Mining,0.0008021016945858328,0.0030542592982778505,0.0011186362457540344,0.001129100432321728,293.01904296875,296.35752563476564,298.13889973958334,295.2808578491211,292.2459606933594,290.69525451660155,1
2023-12-28,296.0591735839844,300.699890523316,294.5438297724449,295.585630449302,1639625,Metals & Mining,0.002083545086217553,0.00032043004251480767,0.013567334452634805,0.002094287307845999,294.0987182617188,295.70403442382815,297.6939412434896,296.15100860595703,292.78962280273436,291.22887369791664,1
2023-12-29,301.2207946777344,305.0091399849357,297.1009922783777,297.1009922783777,1519854,Metals & Mining,0.017434423771657936,0.005126642410770321,0.014330731727637769,0.008681772447612923,296.28648681640624,295.6045867919922,297.68605550130206,297.30248107910154,293.69964599609375,291.8400360107422,1
2024-01-01,301.50494384765625,303.8252880522867,300.0843143295138,301.22080060235885,579455,Metals & Mining,0.0009433252117467816,0.013866693249280582,-0.003881365432876871,0.010041440886002784,297.88706665039064,295.79400329589845,297.7900756835937,298.4263290405273,294.5541015625,292.4839111328125,1
2024-01-02,300.510498046875,302.30998529849035,296.1539238032116,301.5049560916281,566897,Metals & Mining,-0.0032982736139932634,0.0009433461723129533,-0.004987414851181038,-0.013097620697316237,298.947802734375,295.9834228515625,297.66046549479165,298.6754089355469,295.3817932128906,292.96913655598956,0
2024-01-03,301.9310913085937,304.9617789336423,301.2681482612751,303.16232080123564,787990,Metals & Mining,0.004727266671053609,0.005496973353578349,0.008771769918660244,0.017268805330642012,300.24530029296875,296.6321716308594,297.65345052083336,298.6654998779297,296.2737463378906,293.5791839599609,1
2024-01-04,301.41021728515625,302.9729039115774,301.0787312970596,301.22078846259234,447976,Metals & Mining,-0.0017251420553607844,-0.006404266643400658,-0.006521718980717295,-0.0006287321288648284,301.3155090332031,297.7071136474609,297.57452596028645,298.59933319091795,297.18390869140626,294.2106038411458,0
2024-01-05,301.64697265625,303.0676020408163,298.9951426995044,301.17342952806126,524841,Metals & Mining,0.0007854921881089716,-0.00015722332702461372,0.0003125630312688088,-0.006920411111668412,301.40074462890624,298.84361572265624,297.53663940429686,298.61472778320314,298.1221337890625,294.98316243489586,1
2024-01-08,298.7583923339844,301.45756523395875,298.0480775913004,301.1734508979975,451664,Metals & Mining,-0.009576029544832831,7.095558296477122e-08,-0.005312467568343804,-0.0031674932898686503,300.8514343261719,299.36925048828124,297.4798136393229,298.55541534423827,298.9113500976562,295.60365702311196,0
2024-01-09,297.1956787109375,301.03139568804846,295.9644780433894,300.0843093583096,371112,Metals & Mining,-0.0052306936412347405,-0.0036163265269246736,-0.001413696636140216,-0.006990816933797217,300.1884704589844,299.56813659667966,297.3851053873698,298.29246673583987,298.9780212402344,296.1829060872396,0
2024-01-10,300.463134765625,302.2625929915454,294.5438452706363,296.4380179090327,417359,Metals & Mining,0.01099429193876511,-0.012150890051779273,0.0040899298914747195,-0.004800011076142807,299.89487915039064,300.07008972167966,297.71974080403646,298.2138076782227,298.9113757324219,296.8772684733073,1
2024-01-11,300.510498046875,302.07321370251805,299.75284050087686,301.5996705105736,319079,Metals & Mining,0.00015763425116022134,0.0174122490696349,-0.0006265389545990763,0.017684956972889188,299.7149353027344,300.5152221679688,298.3763875325521,298.10962829589846,298.82245361328125,297.6057464599609,1
2024-01-12,299.6580810546875,302.0257966586322,299.23190958764445,300.2263385801899,310597,Metals & Mining,-0.0028365631075375486,-0.004553492807398696,-0.0001569720244462003,-0.001737868146176491,299.31715698242186,300.35895080566405,299.0014628092448,297.9817687988281,298.75521362304687,298.32130432128906,0
2024-01-15,304.7250061035156,308.22923684903446,299.2792600736937,299.2792600736937,1709160,Metals & Mining,0.016909021879184305,-0.003154548368324628,0.020539438216973682,0.00015824009583242926,300.51047973632814,300.68095703125,299.7496602376302,298.2374801635742,298.94642822265627,299.17787170410156,1
2024-01-16,303.6358642578125,306.80860904616253,300.5104622219,304.9617792566333,939904,Metals & Mining,-0.00357417942042193,0.018987347073567085,-0.0046089975675076555,0.004113890644821705,301.79851684570315,300.9934936523438,300.3115966796875,298.48845825195315,298.9936767578125,299.44810384114584,0
2024-01-17,299.1845703125,302.02582934472275,297.38511203931523,302.02582934472275,765447,Metals & Mining,-0.014659974229964345,-0.00962727171603972,-0.015588805399916805,-0.010400137683981847,301.5428039550781,300.7188415527344,300.5609944661458,298.6755065917969,298.8796069335938,299.3499471028646,0
2024-01-18,295.53826904296875,298.7583855927009,288.2930646116318,298.3321851955951,890971,Metals & Mining,-0.01218746429912032,-0.012229563799696863,-0.010818424897999335,-0.030573310699163136,300.54835815429686,300.13164672851565,300.52626749674477,298.9193801879883,298.5973742675781,299.1101043701172,0
2024-01-19,298.4742431640625,306.38241958935146,296.48535614351374,297.4324424482722,1814063,Metals & Mining,0.009934328067228604,-0.003015909083805446,0.025519062775511303,0.028416540449622163,300.31159057617185,299.8143737792969,300.3431640625,299.32899475097656,298.4477331542969,299.014609781901,1
2024-01-23,294.2597045898437,300.22633630546574,291.41844588663747,299.7054504376558,613374,Metals & Mining,-0.014120275604157184,0.0076420983893812355,-0.020092808497748638,-0.01708991743397814,298.2185302734375,299.3645050048828,299.8601481119792,299.366877746582,298.2336901855469,298.8251118977865,0
2024-01-24,294.7806091308594,295.4909238516566,291.7025786740713,293.596751262864,420648,Metals & Mining,0.0017702204307645797,-0.020382342616296678,-0.01577280831549399,0.000974999322947312,296.4474792480469,299.122998046875,299.4781555175781,299.34556732177737,298.08026245117185,298.5693105061849,1
2024-01-25,296.62744140625,297.7165848732096,294.5438399803253,295.0173831314191,331791,Metals & Mining,0.006265107738381737,0.004838717943725257,0.00753207913306464,0.009740268046888323,295.93605346679686,298.7394287109375,299.12457885742185,299.4047592163086,298.1276159667969,298.3890146891276,1
2024-01-29,297.3851013183594,298.33218762829046,295.064728297916,297.3851013183594,366623,Metals & Mining,0.0025542475386548524,0.008025690424775966,0.0020677476041282006,0.0017684576857066592,296.305419921875,298.42688903808596,298.8562377929687,299.47105560302737,298.39658813476564,298.2153818766276,1
2024-01-30,301.2207946777344,302.5940814127072,296.4380202885051,297.4798210285416,733697,Metals & Mining,0.012898068337555246,0.00031850859294002554,0.014285732351907443,0.004654205870389561,296.8547302246094,298.5831604003906,298.82782592773435,299.47105560302737,298.83414184570313,298.18223266601564,1
2024-01-31,300.463134765625,302.6887933962969,299.3266196214749,301.7417070770987,491387,Metals & Mining,-0.002515297501023972,0.014326639144199849,0.00031300011932655636,0.009744361840490434,298.0954162597656,298.15697326660154,298.9414754231771,299.4189651489258,299.1125854492187,298.21064453125,0
2024-02-01,300.463134765625,304.0147084626182,299.27927686662724,303.06762214342,504653,Metals & Mining,0.0,0.004394205491727199,0.0043804564134799495,-0.00015816419838476925,299.23192138671874,297.83970031738284,299.1593058268229,299.4165969848633,299.3228381347656,298.27220560709634,0
2024-02-02,301.3628845214844,304.44091512211673,299.75282618465644,302.02582761687484,707719,Metals & Mining,0.0029945429297382198,-0.003437498599082156,0.0014019277608436909,0.0015822990585487862,300.17901000976565,298.0575317382812,299.2192891438802,299.3881866455078,299.559609375,298.4695149739583,1
2024-02-05,298.80572509765625,302.83084183827447,297.8586388057461,301.3628696469257,802078,Metals & Mining,-0.008485316391527387,-0.002195037342270445,-0.005288623190468522,-0.006319164369591124,300.463134765625,298.38427734375,299.1056376139323,299.2579620361328,299.6694714355469,298.7410125732422,0
2024-02-06,299.1845703125,301.8364294175768,296.9115688672781,298.8057415554266,433851,Metals & Mining,0.0012678646458996745,-0.008485212841565337,-0.00328372240641428,-0.0031795953351068107,300.05588989257814,298.45531005859374,299.0740702311198,299.1348419189453,299.5880224609375,299.0377665201823,1
2024-02-07,299.1845703125,301.8837721736679,298.3321983833895,300.226371071538,430490,Metals & Mining,0.0,0.004754358161648264,0.00015684904629464924,0.004784688995215225,299.8001770019531,298.9477966308594,298.7047078450521,299.1561508178711,299.4952075195313,299.22718404134116,0
2024-02-08,297.7165832519531,300.4157849790448,296.43801097040654,300.2263561585268,403828,Metals & Mining,-0.004906626899286781,-4.9672555846314026e-08,-0.004862756232483445,-0.006349255706381118,299.25086669921876,299.24139404296875,298.3100891113281,299.18219604492185,299.3834509277344,299.3108428955078,0
2024-02-09,296.0591735839844,298.0954032825628,294.0702866377625,297.71657455537274,290538,Metals & Mining,-0.005567072045046695,-0.008359631163857073,-0.007723900715283172,-0.007987249424907361,298.19012451171875,299.1845672607422,298.1017293294271,298.96199798583984,299.14857421875,299.33136189778645,0
2024-02-12,291.9866943359375,299.6580991361695,290.1872361489152,297.33775504596025,439066,Metals & Mining,-0.01375562594040547,-0.001272416592788761,0.00524226753045709,-0.0132044979220578,296.826318359375,298.6447265625,297.8649576822917,298.53580780029296,298.7716333007813,299.19561258951825,0
2024-02-13,292.0813903808594,294.4491059787956,288.8613029482217,291.98667597638627,331920,Metals & Mining,0.0003243163019370776,-0.017996635068247113,-0.017383121538813495,-0.004569233362190617,295.4056823730469,297.7307861328125,297.4387674967448,298.15697326660154,298.3890100097656,298.8909657796224,1
2024-02-14,293.8335266113281,294.54384134125075,289.5242954775763,289.8084098084332,228976,Metals & Mining,0.005998794473636382,-0.007460156052220723,0.00032173764678344874,0.0022951933076111874,294.3354736328125,297.0678253173828,297.4103556315104,297.6123992919922,298.1920153808594,298.6352518717448,1
2024-02-15,298.23748779296875,301.17346127780564,293.5967704280495,301.17346127780564,398989,Metals & Mining,0.01498794651662072,0.039215740760887075,0.02250809219559935,0.014066090528795261,294.4396545410156,296.8452606201172,297.64081420898435,297.34248046875,298.23368774414064,298.5594848632812,1
2024-02-16,296.580078125,299.7054803521495,295.9644777917494,298.3321936140834,225066,Metals & Mining,-0.005557348542042706,-0.00943399080273355,-0.004874204119539205,0.0080644870863118,294.54383544921876,296.3669799804687,297.637656656901,297.212255859375,298.07836547851565,298.38111775716146,0
2024-02-19,294.6385803222656,298.2374970262072,294.0703227103847,296.7221530287855,278687,Metals & Mining,-0.006546285289992015,-0.005396804702145541,-0.004898086362042586,-0.006399940612797139,295.0742126464844,295.9502655029297,297.4545552571615,297.16727142333986,297.84348876953123,298.1553965250651,0
2024-02-20,294.6385803222656,296.4380386742364,294.0703227103847,294.543865903155,194595,Metals & Mining,0.0,-0.007341167834607809,-0.006033642214388291,0.0,295.5856506347656,295.49566650390625,297.0157409667969,296.97548828125,297.64270874023435,297.9217834472656,0
2024-02-21,292.744384765625,296.34330118944735,292.0814127862354,294.4965002230571,280526,Metals & Mining,-0.0064288782364102515,-0.00016081027507608425,-0.00031958612738347547,-0.006763381989103645,295.367822265625,294.8516479492188,296.50115763346355,296.89972229003905,297.1634838867187,297.7213165283203,0
2024-02-22,293.8335266113281,294.54384134125075,291.6552396673442,293.59675503468725,193163,Metals & Mining,0.003720453413906144,-0.003055198237291057,-0.006072213682489225,-0.0014590901722428828,294.4870300292969,294.4633422851563,296.05918375651044,296.8523681640625,296.7713903808594,297.60924479166664,1
2024-02-23,294.2123718261719,294.9700582555133,293.2652854665816,293.7862003060254,193107,Metals & Mining,0.0012893192251164365,0.0006452566933710102,0.0014470406589448537,0.005520373304706672,294.01348876953125,294.278662109375,295.5824829101563,296.7316146850586,296.57250244140624,297.4008860270182,1
2024-02-26,293.8335266113281,297.3377575067252,292.3655543972668,294.21235535339747,349742,Metals & Mining,-0.001287659021584564,0.001450561826689345,0.008026913867850594,-0.0030679767224521814,293.85247802734375,294.4633453369141,295.2510030110677,296.55403594970704,296.50431274414063,297.1783203125,0
2024-02-27,293.2652587890625,294.0702879020394,291.9866865393673,293.59674476532115,262548,Metals & Mining,-0.0019339788376746547,-0.002092402228780932,-0.010989084037239638,-0.0012958703657157677,293.57781372070315,294.58173217773435,294.85638224283855,296.15625915527346,296.29595336914065,296.96522623697916,0
2024-02-28,292.6496887207031,294.875347473731,291.2764019212568,294.07031827759977,312859,Metals & Mining,-0.002099021448708771,0.0016130066859465497,0.002737643362187514,-0.00243259248059835,293.5588745117187,294.4633483886719,294.4207234700521,295.76558685302734,296.231552734375,296.5627156575521,0
2024-02-29,290.234619140625,292.5549633214552,289.80841872844127,292.5549633214552,283041,Metals & Mining,-0.008252424906499689,-0.0051530360664080455,-0.007869034058476165,-0.0050398287782077444,292.83909301757814,293.6630615234375,293.9219258626302,295.25416107177733,296.0497131347656,296.1160074869792,0
2024-03-01,292.41290283203125,296.81684846254853,290.8975589315358,291.655245333174,331401,Metals & Mining,0.007505251089122478,-0.003075381043160186,0.014567810071334897,0.003758138593327409,292.47919921875,293.2463439941406,293.67884114583336,294.80666198730466,295.8811315917969,295.8902852376302,1
2024-03-04,295.68035888671875,298.28484625105386,294.3070721698662,296.43801637704945,421726,Metals & Mining,0.011174117226162128,0.016398714305349893,0.004945803434371232,0.01172066637772251,292.84856567382815,293.35052185058595,293.9250854492187,294.6503936767578,295.81294189453126,295.8950215657552,1
2024-03-05,291.8446350097656,296.8168380412412,290.7554915548555,295.96446615925845,418677,Metals & Mining,-0.012972535245138417,-0.0015974679077216392,-0.004921497783957451,-0.01206760200774526,292.56444091796874,293.0711273193359,293.9093017578125,294.2833969116211,295.4378955078125,295.6740346272787,0
2024-03-06,291.2763671875,292.6023110713816,289.8557378000088,290.7554813065314,268163,Metals & Mining,-0.0019471587073944807,-0.01760003462687343,-0.01419908317086116,-0.0030945374411851523,292.28977661132814,292.92432556152346,293.73882446289065,293.8879867553711,295.0704248046875,295.5745900472005,0
2024-03-07,294.4964904785156,296.24857697519275,291.74991714287995,292.2708319388155,310481,Metals & Mining,0.01105521646712515,0.005211769784957188,0.01246150753375841,0.006534903732621888,293.14215087890625,292.99062194824216,293.4894246419271,293.7269821166992,294.8317590332031,295.56511942545575,1
2024-03-11,292.0813903808594,296.2485640526715,291.74990441659264,294.4964776324213,240075,Metals & Mining,-0.008200777176434415,0.007615011319609621,-4.3620534406763056e-08,-4.3620534406763056e-08,293.0758483886719,292.77752380371095,293.18951212565105,293.528092956543,294.46049926757814,295.41358439127606,0
2024-03-12,292.1287841796875,293.3126420683995,289.3822107556512,293.3126420683995,301099,Metals & Mining,0.0001622623021833025,-0.00401986323754755,-0.009910333215151113,-0.00811549078542484,292.36553344726565,292.6070495605469,293.0221923828125,293.53519744873046,294.19342163085935,295.238373819987,1
2024-03-13,285.83062744140625,292.3655458887372,284.1258837003162,292.12877431898687,560411,Metals & Mining,-0.021559521277462634,-0.004036197489014293,-0.003228964742138407,-0.018163960533750134,291.16273193359376,291.86358642578125,292.43499552408855,293.2226593017578,293.6592639160156,294.7253682454427,0
2024-03-14,288.1036682128906,290.4713839973398,282.2317215063444,285.83063793759493,520707,Metals & Mining,0.007952404512530098,-0.021559452320553563,-0.006478745248998163,-0.00666663018977065,290.5281921386719,291.408984375,292.1256144205729,292.93616638183596,293.2160278320313,294.3133860270182,1
2024-03-15,274.0867614746094,287.91422683334565,269.5407589278262,287.91422683334565,3154634,Metals & Mining,-0.048652302225890565,0.0072895925740670275,-0.008803473611767365,-0.0449664641195654,286.4462463378906,289.79419860839846,290.8091634114583,291.72863006591797,292.2708349609375,293.4341735839844,0
2024-03-18,279.8166809082031,280.81111004031897,274.0867910007869,274.0867910007869,685732,Metals & Mining,0.020905495043855193,-0.048026233314835576,-0.024670947563623535,0.016865842817404886,283.99330444335936,288.5345764160156,289.8494506835938,290.8904602050781,291.62113525390623,292.715966796875,1
2024-03-19,277.8751220703125,280.2428378836294,276.07566383274786,279.3431232162376,366865,Metals & Mining,-0.006938681538173119,0.01917761960092279,-0.002023681173469072,0.007256361478416684,281.1425720214844,286.754052734375,288.785557047526,290.05228729248046,291.0566723632812,292.0182800292969,0
2024-03-20,276.2650756835937,279.6745631230466,275.41267492095136,279.3431060517736,331332,Metals & Mining,-0.005794136498161961,-6.144580833034041e-08,-0.002027794054878962,-0.00240147538755231,279.2294616699218,285.1960968017578,287.65221150716144,289.13361206054685,290.4240197753906,291.254296875,0
2024-03-21,278.3486633300781,280.7637507848194,276.54920510481526,276.54920510481526,367193,Metals & Mining,0.007541987134380923,-0.010001682112178223,0.0038944823927145045,0.004126644440711091,277.27846069335936,283.9033264160156,286.6988098144531,288.41382598876953,289.80462524414065,290.5597666422526,1
2024-03-22,280.3375244140625,282.18435412587445,277.68569452801364,278.4433519518053,563796,Metals & Mining,0.007145215142010164,0.0068492218094502455,0.005059781888096415,0.00410953784071677,278.52861328125,282.4874298095703,286.03900349934895,287.73902587890626,289.08862670898435,289.9804646809896,1
2024-03-26,279.2957458496094,283.1314627304508,278.7274882854721,282.08966201332913,455958,Metals & Mining,-0.003716158108446499,0.013095338911718546,0.0033563469793007616,0.0037517012146743856,278.42442626953124,281.2088653564453,285.1645263671875,286.9931945800781,288.3972534179687,289.4216837565104,0
2024-03-27,278.15924072265625,282.04227119104416,277.4962687924163,278.6801265944317,465415,Metals & Mining,-0.004069181660808718,-0.01208670815712598,-0.0038469463227530643,-0.00441728765479632,278.48125,279.81191101074216,283.99645182291664,286.20948028564453,287.7380798339844,288.9607686360677,0
2024-03-28,276.8333435058594,280.47963193098616,274.7497707649178,278.1592875897478,452622,Metals & Mining,-0.00476668405245928,-0.0018689492180470335,-0.005540443471324652,-0.009897423267889227,278.59490356445315,278.9121826171875,282.9956990559896,285.38788452148435,287.02587036132815,288.45250040690104,0
2024-04-01,289.9504699707031,291.27638503304024,278.58543417447544,279.8166637274018,916687,Metals & Mining,0.047382754904905955,0.005958370658823542,0.0384938935769521,0.01396057000840778,280.91526489257814,279.09686279296875,282.9073059082031,285.2529235839844,286.91411376953124,288.32306518554685,1
2024-04-02,298.9477844238281,302.9729011935688,288.2457208089239,289.9504645855844,1847216,Metals & Mining,0.031030522054453336,0.03621585906711755,0.04015607430448509,0.0346762086218706,284.63731689453124,281.5829650878906,283.2040588378906,285.6885818481445,287.1186840820312,288.34674173990885,1
2024-04-03,310.9757995605469,312.82260054648907,303.5411661534552,304.01470931438104,5708706,Metals & Mining,0.04023450168697762,0.04850568095794605,0.03251016613735791,0.053063911240751827,290.97332763671875,284.698876953125,284.46368611653645,286.6167266845703,287.7892211914062,288.82659912109375,1
2024-04-04,319.9731140136719,323.14585891685914,315.048253665192,317.08448344095143,5296425,Metals & Mining,0.02893252293535209,0.042990597909047024,0.03300035979604976,0.037909479157497206,299.3361022949219,288.90867614746094,286.3199747721354,287.831364440918,288.8348046875,289.67108357747395,1
2024-04-05,321.9620056152344,322.38817711699687,314.5273722326048,321.53580521069114,1822499,Metals & Mining,0.006215808499077546,0.014038283177513655,-0.002344705274583747,-0.0016533385807646628,308.36183471679686,293.478369140625,288.7287333170573,289.3372329711914,289.98267456054685,290.5818644205729,1
2024-04-08,326.176513671875,332.2852318255194,323.33525479162734,325.3241417883567,3220184,Metals & Mining,0.013090078901040414,0.011782005351420155,0.030699186294697256,0.0280035486148682,315.60704345703124,298.2611541748047,291.2669230143229,291.08224029541014,291.32374755859377,291.69626871744794,1
2024-04-09,377.3191833496094,386.4112177839044,325.84503618043755,327.78658047420646,21023442,Metals & Mining,0.15679445801294745,0.007569185220356989,0.16289013406050556,0.00776216435299526,331.2813232421875,307.9593200683594,298.1490844726562,295.22337493896487,294.8071301269531,294.4791239420573,1
2024-04-10,380.0657043457031,392.5672545312103,367.89566903432905,378.8345037695636,13104407,Metals & Mining,0.007279038854350883,0.1557352446262641,0.01593130961003464,0.12905101562021604,345.09930419921875,318.03631591796875,304.8323527018229,299.62259063720705,298.3132421875,297.3409016927083,1
2024-04-12,409.0939636230469,414.6343956913812,373.1993675568526,380.7287156589826,19951451,Metals & Mining,0.07637694994689648,0.005000103925515864,0.05621238375198323,0.014416311386445502,362.92347412109376,331.1297882080078,313.5802754720052,305.470849609375,302.84978637695315,301.18291625976565,1
2024-04-15,385.7008972167969,404.6899660465915,380.728694121921,402.5116791089961,9041149,Metals & Mining,-0.05718262425354481,0.05721387054378213,-0.02398361001433047,0.020175078576255556,375.67125244140624,342.01654357910155,320.87599690755206,310.46436309814453,306.6040368652344,304.26410420735675,0
2024-04-16,381.4390258789063,395.882092656444,378.8345384272191,384.5170565036274,4248215,Metals & Mining,-0.011049679605736107,-0.04470583970433306,-0.021764496600178762,-0.004975079955742312,386.7237548828125,351.1653991699219,327.7486877441406,315.1311309814453,310.2105432128906,307.2237487792969,0
2024-04-18,383.5226135253906,395.45587793187326,381.6757836562642,383.9014422695554,3100128,Metals & Mining,0.0054624396171403244,-0.001601006310798514,-0.0010766203687334608,0.007499963548310173,387.9644409179688,359.6228820800781,334.62769368489586,320.60292358398436,313.77158813476564,310.3333485921224,1
2024-04-19,377.6033325195313,388.4001109349268,372.394357688151,382.6228785232034,3834728,Metals & Mining,-0.015433981718701029,-0.003330447884731469,-0.017842109298883635,-0.02431756576013744,387.47196655273444,366.2856353759766,341.18153279622396,325.4922561645508,317.1924658203125,313.17302958170575,0
2024-04-22,388.0212707519531,397.6815337220901,376.5615206799419,377.88743572649634,3212026,Metals & Mining,0.0275896353003795,-0.012376266717202822,0.023896550299179253,0.01119018831987928,383.2574279785157,373.09045104980476,348.5056681315104,330.9995635986328,321.0281652832031,316.2510599772135,1
2024-04-23,383.0964050292969,393.8931829751537,381.675775591611,390.1995522177264,1716625,Metals & Mining,-0.012692257084546577,0.03258143914618339,-0.00952609167310181,0.013581459152901543,382.73652954101567,379.203890991211,355.5898722330729,336.341130065918,324.9187963867187,319.29278564453125,0
2024-04-24,387.9265441894531,391.9990036126144,385.0379137077778,385.0379137077778,1271005,Metals & Mining,0.012608155797721121,-0.013228202033067626,-0.004808865561552023,0.00880888526644208,384.034033203125,385.3788940429688,362.1216105143229,341.82002410888674,328.9117114257813,322.51445821126305,1
2024-04-25,389.72601318359375,401.5172492019008,385.9376679764628,387.9265549907626,2419866,Metals & Mining,0.004638684877572574,0.007502225573498,0.0242813004664999,0.002336793953667371,385.27471313476565,386.6195770263672,368.1734924316406,347.2894485473633,333.53728149414064,325.68877563476565,1
2024-04-26,399.2915954589844,406.3000283966929,390.24690382550153,391.6201905408683,3812770,Metals & Mining,0.02454437720810909,0.009521481586104885,0.011911765196386481,0.011165626489979097,389.61236572265625,388.54216613769535,374.06121215820315,353.289241027832,338.3162780761719,329.2624491373698,1
2024-04-29,401.8013610839844,405.2108775301912,399.4809880976378,402.8431617901559,1474786,Metals & Mining,0.006285545835531536,0.028657795283199006,-0.002680656633964773,0.02366215896043422,392.3683837890625,387.8129058837891,379.5164286295573,359.4713470458984,343.27332763671876,332.91820170084634,1
2024-04-30,404.3584899902344,419.13301251385815,402.74843178822925,404.87937587176486,2369092,Metals & Mining,0.006364161881760033,0.005054607536492561,0.0343577523597689,0.00817922201041732,396.62080078125,389.67866516113287,385.0095275878906,365.8476043701172,348.3970642089844,336.86913045247394,1
2024-05-02,409.2359924316406,414.2081954631569,401.7540165076292,406.1105903273053,2249997,Metals & Mining,0.012062322325726571,0.003040941398631203,-0.011750009910131753,-0.0024690730046663667,400.8826904296875,392.45836181640624,390.546826171875,371.81188049316404,353.6325573730469,340.90687459309896,1
2024-05-03,445.2252807617188,453.0860855850857,415.01323320915617,415.01323320915617,10396501,Metals & Mining,0.08794262722648938,0.021921720570438064,0.09386074574998826,0.0330033208299616,411.9825439453125,398.6286285400391,395.0738993326823,379.1257553100586,360.22806762695313,346.6114919026693,1
2024-05-06,439.684814453125,451.5707359483117,419.6539450033448,448.9189058713651,5386921,Metals & Mining,-0.01244418623110266,0.0816978109349138,-0.0033445071146185334,0.011182081492446816,420.0611877441406,404.83677673339844,399.0485066731771,385.5612060546875,366.64363037109376,351.9404296875,0
2024-05-07,422.2110595703125,442.66812936262,410.7039668442584,439.68481330812887,3599889,Metals & Mining,-0.039741547373079444,-0.020569622803727983,-0.01971475535720002,-0.02132704402198593,424.14312744140625,408.25575561523436,399.9229797363281,390.67310333251953,372.405703125,356.7516276041667,0
2024-05-08,446.8826904296875,461.2310425434501,420.83781636409225,423.0634750193448,8896879,Metals & Mining,0.05843435480937775,-0.03780284828062941,0.04193415326185357,0.024674340493226143,432.64796752929686,414.63438415527344,404.00176595052085,396.9191375732422,379.20767700195313,362.4388814290365,1
2024-05-09,432.0133972167969,461.0415856746908,427.42002301678,447.7823778659373,3884464,Metals & Mining,-0.03327337024084209,0.058428354859663134,-0.00041076348138779917,0.015640720478867554,437.2034484863281,419.04306945800784,407.37339070638023,402.21098175048826,384.8901940917969,367.5610392252604,0
2024-05-10,497.6938781738281,512.3263738791571,435.94383643777047,436.55946568904056,28236129,Metals & Mining,0.15203343549105464,-0.02506331810193918,0.11123679467962932,0.019942475695987172,447.69716796875,429.83985595703126,414.98480834960935,408.2297164916992,392.84003784179686,374.8062510172526,1
2024-05-13,548.4577026367188,554.9926218178929,479.9833685366823,501.0086978526712,25340856,Metals & Mining,0.10199808896415741,0.14762990435199397,0.0832794291179697,0.10102111423061322,469.4517456054688,444.7564666748047,426.37509969075523,416.64931640625,402.33931396484377,383.7783162434896,1
2024-05-14,530.2736206054688,551.2042038493462,518.3402990346739,547.9840874400306,17152568,Metals & Mining,-0.03315493964954774,0.09376162487536943,-0.006826069067616847,0.07991304076832861,491.0642578125,457.60369262695315,435.8585896809896,422.7082992553711,410.75133422851565,392.18212890625,0
2024-05-15,540.8328247070312,559.2993705711829,526.0789048064206,537.6024122300594,4213134,Metals & Mining,0.019912746346887777,-0.01894521291388296,0.014686329794482589,0.014929585421312286,509.8542846679687,471.2511260986328,446.3743509928385,430.4648956298828,419.5061669921875,400.98211161295575,1
2024-05-16,562.4815673828125,567.9781418169098,536.6380915468766,546.281183937656,5205070,Metals & Mining,0.04002852949524338,0.016143476126894152,0.015517219761688184,0.0200714885998734,535.9479187011718,486.57568359375,458.0113525390625,439.51702270507815,428.958369140625,410.0664815266927,1
2024-05-17,569.1353149414062,597.0038161600733,557.7564778862484,563.8798179069616,6519031,Metals & Mining,0.011829272183181416,0.032215339804407606,0.051103505938297156,0.0393531258254467,550.2362060546875,498.96668701171876,469.97197265625,448.7976577758789,436.6310144042969,419.07273254394534,1
2024-05-21,714.8424072265625,717.0603066432514,602.7896649985016,614.0238908632435,15462688,Metals & Mining,0.25601485000128155,0.08892688009726846,0.2010983635839736,0.08073987286157092,583.5131469726563,526.4824462890625,491.0086934407552,465.6596115112305,450.02208251953124,432.5349527994792,1
2024-05-22,744.7360229492188,778.8725939852674,686.9256715669653,740.5895049403072,17441458,Metals & Mining,0.04181846994589633,0.20612490158832042,0.0862023553240252,0.13957771915129435,626.4056274414063,558.7349426269532,513.8710042317708,483.49534912109374,463.4477648925781,446.69371643066404,1
2024-05-23,714.4567260742188,731.8142920690456,686.4917586381088,731.6696221430498,6795842,Metals & Mining,-0.04065775783893377,-0.012044300841093314,-0.06041848471704214,-0.000631673770273733,661.1304077148437,585.4923461914062,534.5442199707031,500.06336517333983,476.597998046875,459.77687377929686,0
2024-05-24,716.144287109375,732.8750290320719,702.0171330728268,713.5888440575437,2234866,Metals & Mining,0.0023620199426619415,-0.024711669773234135,0.0014494619393499164,0.022615529231578835,691.8629516601562,613.9054351806641,555.0047729492187,516.474252319336,489.98620849609375,472.7757995605469,1
2024-05-27,681.6702270507812,722.9426508575094,675.0164697349733,719.3746948889858,2122125,Metals & Mining,-0.048138427798878225,0.008108101576452809,-0.013552621908377027,-0.038461544691463456,714.3699340820312,632.3030700683594,570.7677693684896,531.0714630126953,501.91211303710935,482.92083435058595,0
2024-05-28,690.7346801757812,719.3746756841574,677.9093793645612,688.5167807486439,3413004,Metals & Mining,0.013297416793772943,-0.04289546791064691,-0.004935350223312929,0.004285687474742339,709.548388671875,646.5307678222656,587.5044270833333,545.6436172485352,514.4373669433594,493.27646687825523,1
2024-05-29,686.395263671875,705.8743209109896,681.6701839962273,694.2062033566683,1808030,Metals & Mining,-0.006282320301048028,0.008263302750352919,-0.01876679181169172,0.005547650978352303,697.8802368164063,662.1429321289063,605.1167073567708,559.8733123779297,526.3723266601562,502.51984354654945,0
2024-05-30,642.7120971679688,689.2882208703037,636.4440872180936,681.7666207018063,2466965,Metals & Mining,-0.06364141598271367,-0.0179191464938131,-0.02349724242593232,-0.0663460099032055,683.5313110351562,672.330859375,618.1720011393229,571.7909927368164,536.7569543457031,511.0868835449219,0
2024-05-31,662.7214965820312,681.3326523392828,651.149786201552,654.5730720844246,2590960,Metals & Mining,0.031132756800799966,-0.03988688767043025,-0.011541715482931147,0.02310603441653014,672.8467529296875,682.3548522949219,633.5525410970052,584.4652679443359,547.7487524414063,520.4629659016927,1
2024-06-03,671.5449829101562,713.5888425214144,670.1949264221392,713.5888425214144,1661075,Metals & Mining,0.013314018593982402,0.09015917848416821,0.04734279220492876,0.02924847803711339,670.8217041015625,692.5958190917969,645.1426147460937,595.7812530517579,559.0215112304687,530.0637115478515,1
2024-06-04,616.5310668945312,668.9895112079969,604.4289981388058,668.025202002652,1984752,Metals & Mining,-0.0819214161607178,-0.0638513914508061,-0.06250004015733912,-0.0981295525981184,655.9809814453125,682.7646850585937,649.680839029948,604.6235656738281,567.7110900878906,538.0279693603516,0
2024-06-05,652.6926879882812,662.4804503535323,575.4997448094156,616.1936066607091,1764071,Metals & Mining,0.05865336401601984,-0.07758928134231857,-0.009729690444191141,-0.04786212014723146,649.2404663085938,673.5603515625,657.842110188802,616.1476470947266,577.7467431640625,546.8503499348958,1
2024-06-06,663.2518920898438,678.3915591252575,650.9087454293515,657.6107065054957,1059101,Metals & Mining,0.016177910823710784,0.06721442643528097,0.024017476686646555,0.1310322051400885,653.3484252929687,668.4398681640625,666.0033813476563,626.9661071777343,588.1024792480468,556.1888661702474,1
2024-06-07,663.5894165039062,674.7271762775681,658.6232004541162,667.2055760964435,872911,Metals & Mining,0.0005088932547165914,0.014590500878451707,-0.005401574943553755,0.01185182266936069,653.5220092773437,663.1843811035156,672.7439046223958,638.5449081420899,598.2766162109375,565.3776285807292,1
2024-06-10,645.7496948242188,661.5643307697986,641.2656333938718,661.5643307697986,880093,Metals & Mining,-0.026883674205769204,-0.008455033244250676,-0.01950839683142469,-0.026354320722799418,648.3629516601562,659.5923278808593,677.8515299479167,645.9476989746094,606.2975927734375,573.9117513020833,0
2024-06-11,671.6895751953125,690.445401289401,648.015795623572,648.4015428541487,1993799,Metals & Mining,0.040170178288903235,-0.0198964595027874,0.04365572503885806,0.010526312152384198,659.3946533203125,657.6878173828125,674.9746744791667,652.1092926025391,615.577783203125,582.9916839599609,1
2024-06-12,663.685791015625,678.246836044422,655.2962894050632,675.0164238444424,769297,Metals & Mining,-0.011915897574203305,0.04104691187676668,-0.01766767541966141,0.011235056044406111,661.5932739257812,655.4168701171875,669.5713256835937,658.7799011230469,625.2367724609375,591.7211649576823,0
2024-06-13,648.4015502929688,670.2913227453782,646.0871845964845,669.230606134269,874207,Metals & Mining,-0.02302933244851768,-0.00857137323744106,-0.011729525117198936,-0.014053344963908865,658.6232055664062,655.9858154296875,665.167647298177,664.1583374023437,633.2975268554687,599.8559336344401,0
2024-06-14,638.2763061523438,652.2587900590362,636.0101441361658,651.776635441564,1052979,Metals & Mining,-0.015615700079757766,-0.02608065221871092,-0.026902530398997926,-0.015597028853949979,653.5605834960937,653.5412963867187,659.9764485677083,667.9480743408203,641.5480432128907,607.4906107584635,0
2024-06-18,622.7026977539062,642.2299600528092,621.4009038100189,640.3013415541521,982672,Metals & Mining,-0.024399477543382897,-0.017606175587496553,-0.015375538297182967,-0.02297013728607933,648.9511840820312,648.6570678710938,656.0452799479167,670.6264434814453,646.5483959960937,613.4065246582031,0
2024-06-19,610.8416748046875,634.5154539047035,607.8040772805236,623.9080526996096,867046,Metals & Mining,-0.019047649852813486,-0.02560245901523872,-0.01201206207737715,-0.02188092493288718,636.7816040039063,648.0881286621094,650.7190795898438,665.4264068603516,649.0437548828126,619.1117533365885,0
2024-06-20,624.4384155273438,649.8962021473181,611.9505995192247,612.7220939706131,2227735,Metals & Mining,0.022259026002120263,-0.017928857754913707,0.024240147577122118,0.006822136266761758,628.93212890625,645.2627014160156,646.588623046875,659.4115264892578,652.8103466796875,625.8526652018229,1
2024-06-21,640.8316650390625,659.5874906904279,619.086504419963,629.0188773768435,2688586,Metals & Mining,0.02625278827196187,0.026597349053667507,0.0149120559730751,0.011660916594157467,627.4181518554688,643.0206787109375,646.4632609049479,655.7302734375,656.8103002929688,632.3176310221354,1
2024-06-24,635.9619140625,643.0013594142048,627.3313349964403,638.4690944266373,626230,Metals & Mining,-0.007599111033730899,0.015023741559559323,-0.025146218675041077,0.013317735918346507,626.9552734375,640.2579284667969,644.6792887369792,651.7211547851563,659.7495141601562,639.1159149169922,0
2024-06-25,640.2048950195312,648.0157759187036,631.622519682665,635.4797564440859,713278,Metals & Mining,0.006671753234289257,-0.004682040225041706,0.007798453970714991,0.006840379950491471,630.455712890625,639.7034484863282,642.5899495442708,649.6478881835938,662.5922973632812,643.8662821451823,1
2024-06-26,626.8009643554688,641.0727283879025,624.8723460036058,641.0727283879025,492273,Metals & Mining,-0.02093693873373703,0.00880118034776256,-0.010714318676822043,-0.010687037698482671,633.6475708007813,635.2145874023438,643.274609375,646.4512023925781,659.0706396484375,646.477724202474,0
2024-06-27,649.22119140625,655.1999204248643,623.1848421036599,627.6689035818118,1332637,Metals & Mining,0.0357692925278692,-0.020908430841844017,0.022036800836134907,-0.002700557819110383,638.6041259765625,633.7681274414062,643.0431762695313,644.5924987792969,655.2500463867187,650.4426432291667,1
2024-06-28,645.7496948242188,655.0552435135451,638.6619867200175,649.5104654804401,742344,Metals & Mining,-0.005347170776283217,0.03479790343919964,-0.00022081338353252544,0.02483556012709176,639.5877319335938,633.5029418945312,641.8763631184896,644.7443786621094,652.5017651367187,653.939872233073,0
2024-07-01,633.31005859375,648.9800828832794,626.8009715811762,646.0871553221355,1045453,Metals & Mining,-0.01926386699083915,-0.005270600460259622,-0.009274272193716238,-0.018571662922598486,639.0573608398438,633.0063171386719,639.8577392578125,643.2738067626954,649.1883959960937,656.3008219401041,0
2024-07-02,629.2117919921875,636.3477040571042,626.8010188427921,636.3477040571042,435691,Metals & Mining,-0.006471185079015784,-0.015074516162103868,-0.019464971513535767,7.540131252703475e-08,636.858740234375,633.6572265625,638.7552124023438,641.1571472167968,647.09005859375,658.3033711751302,0
2024-07-03,649.124755859375,659.5874870453872,628.7295929146088,631.5261131129155,1488309,Metals & Mining,0.03164747406296975,-0.00757697547024716,0.03652057332825298,0.003076852164945798,641.3234985351562,637.4855346679688,637.2508911132812,642.786831665039,645.4256616210937,656.112782796224,1
2024-07-04,661.5643310546875,670.1949103769376,655.7302720234785,655.7302720234785,1496295,Metals & Mining,0.019163612361145832,0.03832645777900767,0.016081905038960453,0.042944819860796235,643.7921264648437,641.1981262207031,637.1094604492188,643.2304138183594,644.4324243164062,653.3403930664062,1
2024-07-05,668.4109497070312,671.1592074015306,655.9713374064528,663.4447337532371,1137292,Metals & Mining,0.010349135119525954,0.011764687492546333,0.0014388307187391813,0.000367628876169368,648.3243774414062,643.9560546875,638.4434204101562,643.4883666992188,645.4603784179687,651.8055338541667,1
2024-07-08,661.6607666015625,691.4096812259726,656.5981434126694,673.0878068280738,1463483,Metals & Mining,-0.010098851774387296,0.014534855104333833,0.030172384735425162,0.0009555387110278257,653.9945190429687,646.5259399414062,640.0023844401042,643.3919342041015,645.41794921875,649.9894165039062,0
2024-07-09,649.124755859375,674.6306868914368,645.1228491715848,664.3126256268675,588087,Metals & Mining,-0.01894628089644068,-0.013037201256934527,-0.02426780357599878,-0.01747689108811934,657.9771118164062,647.4179260253907,641.7638549804688,643.5606872558594,644.5211401367187,648.9045674641927,0
2024-07-10,635.6726684570312,653.3677196263733,627.7653208470517,653.3677196263733,545551,Metals & Mining,-0.020723423780894867,-0.01647553512951272,-0.03151793666997116,-0.02690577205073763,655.2866943359375,648.3050964355468,643.4192545572917,641.7598419189453,645.2868041992188,647.0691670735677,0
2024-07-11,647.6300659179688,656.1160343661774,637.4084114554886,639.9155919517904,503106,Metals & Mining,0.018810620708236137,-0.020588907701585724,0.0042063828028964245,0.015360980111843947,652.4998413085938,648.1459838867188,644.9653645833333,640.9570556640625,645.0842993164063,645.7769938151042,1
2024-07-12,640.9281616210938,659.5875219222405,636.4441001004075,655.6820812611592,536850,Metals & Mining,-0.010348352631491142,0.02463838904327975,0.005290965887484678,-0.001512862613279875,647.0032836914063,647.6638305664062,644.9717976888021,640.5833862304687,644.1913500976563,645.717529296875,0
2024-07-15,636.15478515625,645.9907506770734,629.6939018043628,644.1585396712318,398746,Metals & Mining,-0.007447599825806561,-0.01757489173375404,-0.020614051650858944,-0.01060611339625861,641.9020874023438,647.9483032226562,644.9846557617187,640.4773101806641,643.09396484375,644.831972249349,0
2024-07-16,638.4691162109375,639.7709689825817,631.6225442359708,636.9262449890973,396045,Metals & Mining,0.0036379999155693454,-0.011227507262149605,-0.009628282894101226,0.0030628253284359364,639.7709594726563,648.8740356445312,644.8689371744791,641.2656311035156,642.8027416992187,643.729443359375,1
2024-07-18,624.7759399414062,645.604994642585,622.9437289605823,643.194221697691,597374,Metals & Mining,-0.02144688900662084,0.009840977284113928,0.009118928402270354,-0.013740509034373738,637.5916137695312,646.4391540527344,644.733935546875,641.9623443603516,640.9261962890625,644.0042724609375,0
2024-07-19,618.845458984375,631.1886055690795,612.3363715700477,624.8241880844434,488014,Metals & Mining,-0.009492172437990276,-0.02856063222203764,-0.022330045760390327,-0.017027793839796135,631.8346923828125,642.1672668457031,642.70888671875,641.6826965332032,639.1325830078125,642.8760314941406,0
2024-07-22,609.4434204101562,616.0489149525927,601.7289467340782,609.4434204101562,481431,Metals & Mining,-0.015192869944701592,-0.024616152779617595,-0.02398600114594418,-0.017322872408790158,625.537744140625,636.2705139160156,640.2884684244792,640.1132843017579,637.5742578125,641.0824157714844,0
2024-07-23,600.2342529296875,613.2042230006293,583.358842502712,609.4433937056277,470578,Metals & Mining,-0.015110783334523425,-4.3817896200337714e-08,-0.004617639740802537,-0.030528869071483333,618.3536376953125,630.1278625488281,638.0834147135416,638.3269012451171,636.0525756835938,638.9705769856771,0
2024-07-24,611.7095336914062,622.8955560219631,601.728956749564,601.8253641294142,336587,Metals & Mining,0.019118003855509658,-0.01249997892321597,0.015804413371308224,0.03149024735451156,613.0017211914062,626.3863403320313,636.9165974934896,636.902133178711,635.6128491210937,637.8359049479167,1
2024-07-25,589.6268920898438,606.5987110421995,586.5410907739341,604.6700925768515,783701,Metals & Mining,-0.036099881373931164,0.004726833757750404,-0.026163045830413623,-0.025240377424533555,605.9719116210938,621.7817626953125,632.9500732421875,635.0434295654297,634.7642578125,635.1004821777344,0
2024-07-26,581.9606323242188,601.7289719474937,577.6212406995974,588.2768461398144,915304,Metals & Mining,-0.013001882832129774,-0.027111058804274446,-0.008027941711809872,-0.015207545071679651,598.5949462890625,615.2148193359375,627.6431599934896,631.6804016113281,633.065146484375,632.3763102213542,0
2024-07-29,611.082763671875,619.0865184158675,586.4928785946092,589.1929326356621,759838,Metals & Mining,0.05004141127441741,0.0015572370421492732,0.028846120558556843,0.015358919080376676,598.9228149414063,612.2302795410156,623.8212809244792,629.947055053711,631.8751904296874,631.1323506673177,1
2024-07-30,618.6043701171875,624.5830991055732,612.5292337486521,617.157906274357,526190,Metals & Mining,0.01230865423222971,0.047463185808420905,0.00887853397901539,0.04439330144371545,602.5968383789062,610.4752380371094,620.9508544921875,629.2117706298828,631.180888671875,630.4766194661458,1
2024-07-31,623.7633666992188,631.140355435323,610.455911847183,614.2649448621861,422937,Metals & Mining,0.008339735105741264,-0.004687554648104553,0.010498613137531532,-0.0033848537951087776,605.0076049804687,609.0046630859375,619.2600952148438,628.9393493652344,630.5232275390625,630.5119750976562,1
2024-08-01,624.4866333007812,632.2975733715297,616.386471089384,630.6582359105012,540659,Metals & Mining,0.001159520805766201,0.026687655197372484,0.001833535007293996,0.00971496733360433,611.9795532226562,608.975732421875,618.5143595377605,627.7074432373047,630.430654296875,630.966807047526,1
2024-08-02,628.5367431640625,639.481688218098,609.9737905213703,617.1579060427521,1155061,Metals & Mining,0.006485502887185968,-0.021406728873140324,0.011361920635344802,-0.010403668589091697,621.294775390625,609.9448608398437,617.2414713541667,626.0560638427735,629.6032763671875,631.10341796875,1
2024-08-05,595.1234741210938,613.3006798474512,587.360737613084,603.7057910879187,812500,Metals & Mining,-0.05316040693940327,-0.02179687697932775,-0.04094098213132524,-0.03707217139437746,618.1029174804687,608.5128662109375,614.1878255208334,622.3916900634765,627.5782275390625,629.5798116048177,0
2024-08-06,586.9750366210938,607.4666076381087,583.4070807197195,593.0501729630207,490504,Metals & Mining,-0.013692011581351249,-0.01765034936255261,-0.009512580698253337,-0.006731224339970976,611.77705078125,607.1869445800781,610.9091756184896,618.6574035644531,625.7248266601563,627.9469156901042,0
2024-08-07,574.1014404296875,609.4433950290613,570.2924662961645,593.050139150115,1411776,Metals & Mining,-0.021932101687854977,-5.701525307433286e-08,0.0032541498842850736,-0.022479354222742942,601.8446655273438,603.4261352539063,606.617997233073,614.9062377929688,623.5204125976562,625.743467203776,0
2024-08-08,578.537353515625,582.8285415029329,567.0138460632248,577.1390933143539,752219,Metals & Mining,0.007726706072392675,-0.02682917477864999,-0.043670755550413776,-0.005749015508188515,592.6548095703125,602.3171813964843,603.5354248046875,612.0494720458985,620.6969165039062,624.1346801757812,1
2024-08-09,572.7996826171875,588.6143775318156,570.871064157197,588.6143775318156,455571,Metals & Mining,-0.009917546142130917,0.01988304786557138,0.009927166596822579,0.006802687660544482,581.5073974609375,601.4010864257813,600.4657063802083,608.3079528808594,617.1463305664063,621.5872965494792,0
2024-08-12,592.2787475585938,605.489795930867,577.6212353249059,578.5373408751549,930564,Metals & Mining,0.034006766296384994,-0.017119929518058852,0.02866973530244632,0.011824335811580378,580.9384521484375,599.5206848144531,599.3213948567708,605.8754821777344,614.1010424804688,619.804931640625,1
2024-08-13,559.29931640625,595.9430647225215,555.6831570329337,595.9430647225215,1345889,Metals & Mining,-0.05568228015657628,0.030085739705300485,-0.015766956392169296,-0.03798004115903442,575.4033081054688,593.5901794433594,596.5923990885417,602.0327087402344,610.0065844726563,617.3379069010417,0
2024-08-14,551.3438110351562,595.9431136331028,524.6324331673032,541.9417958928864,3055207,Metals & Mining,-0.014224057025872039,-0.09061481209581457,8.207257407022439e-08,-0.05587846864286028,570.8517822265625,586.3482238769532,592.568017578125,597.6764434814453,606.0953466796875,614.7423075358073,0
2024-08-16,501.3443908691406,524.5842197068293,497.6317650295833,511.0838905231977,11319240,Metals & Mining,-0.0906864630839711,-0.05693951934238284,-0.11974111671706666,-0.05146587673718894,555.4131896972656,574.0339996337891,586.6825174967448,591.504866027832,600.7222155761718,609.8162953694662,0
2024-08-19,478.0080871582031,480.7563448639394,470.6310981591544,472.5115128899672,26422597,Metals & Mining,-0.04654745148436035,-0.07547171481719728,-0.08354783311511682,-0.05425832667418995,536.4548706054687,558.9811340332031,579.7523478190104,584.4629974365234,593.9373364257813,603.69775390625,0
2024-08-20,494.3048706054688,495.84780063399575,478.58664247316295,478.58664247316295,21919526,Metals & Mining,0.03409311240768198,0.012857103832325967,0.031391069366598634,0.01690399199102255,516.8600952148438,548.8992736816406,571.9671549479167,578.7060699462891,588.0724047851562,597.894217936198,1
2024-08-21,492.6173706054688,498.4514590397412,490.5923153590964,497.5353535099784,7475230,Metals & Mining,-0.0034138850340135196,0.03959306289639697,0.005250922566191418,0.025085683177224594,503.5237060546875,539.4635070800781,563.5680216471354,573.3252258300781,582.330908203125,592.2594380696614,0
2024-08-22,500.1390075683594,501.2961315633116,493.8709975497211,494.5942294749486,7868421,Metals & Mining,0.01526872053587125,-0.005911387028642245,0.00570702015608604,0.006683109555486677,493.2827453613281,532.0672637939454,555.3263977050781,567.7466995239258,576.7977038574219,587.293246459961,1
2024-08-23,495.4620666503906,501.1033109149497,494.2566801225059,498.5478679331284,4980038,Metals & Mining,-0.009351282037983188,0.00799370114442488,-0.00038464419775308123,0.0007809378860033078,492.1062805175781,523.7597351074219,546.7247599283854,563.0384582519531,571.6251489257812,582.619559733073,0
2024-08-26,509.2516784667969,510.07137662256736,498.6442769858188,499.5121788315136,8083106,Metals & Mining,0.027831821535061252,0.0019342393387080659,0.01789664029807181,0.00887716249424364,498.35499877929686,517.4049346923828,538.7724222819011,559.4030105590821,567.2413977050782,578.0069468180338,1
2024-08-27,513.3499755859375,518.412598851506,511.0838725240546,512.0481817174963,5904226,Metals & Mining,0.008047685049324516,0.025096490971066254,0.01635304902653023,0.024946833067913676,502.1640197753906,509.5120574951172,533.3208557128906,554.5163711547851,563.3976599121094,573.754340616862,1
2024-08-28,511.25,514.9000244140625,509.4500122070313,514.9000244140625,3918470,Metals & Mining,-0.0040907289097278365,0.005569481151169509,-0.0067756347843884734,-0.003196853598518512,505.8905456542969,504.7071258544922,528.272519938151,549.1486526489258,559.8382897949218,569.5908477783203,0
2024-08-29,496.5,508.6000061035156,492.3999938964844,507.9500122070313,5148826,Metals & Mining,-0.028850855745721327,-0.013497789624189793,-0.01223542049297055,-0.03346750005301424,505.162744140625,499.2227447509766,523.0990905761719,542.7854843139648,555.2299084472656,564.8585439046224,0
2024-08-30,500.75,502.0,495.0,499.0,2166880,Metals & Mining,0.008559919436052388,-0.017619868081395818,-0.01297681090112357,0.0052802724121523426,506.2203308105469,499.1633056640625,517.9132670084635,536.5986526489257,551.6748327636719,560.7243459065755,1
2024-09-02,493.8500061035156,502.4500122070313,492.0,502.0,2338864,Metals & Mining,-0.013779318814746588,0.006012024048096087,0.000896438659425014,-0.0060606060606061,503.13999633789064,500.74749755859375,512.6499552408854,529.8643157958984,548.1504077148437,556.5578308105469,0
2024-09-03,492.5499877929688,496.8999938964844,490.25,493.0499877929688,1772852,Metals & Mining,-0.00263241529711411,-0.017828709575759327,-0.011045911385628715,-0.0035569105691056757,498.97999877929686,500.57200927734374,506.0013712565104,524.7356414794922,543.4090966796875,552.6613830566406,0
2024-09-04,485.8999938964844,489.0,481.0499877929688,489.0,2637897,Metals & Mining,-0.013501155337109827,-0.008214152506316186,-0.015898559053172612,-0.018765960646672464,493.9099975585938,499.9002716064453,501.1080830891927,519.6818893432617,538.1009216308594,548.8502410888672,0
2024-09-05,495.7000122070313,496.7000122070313,488.0,489.0,1948919,Metals & Mining,0.02016879694103202,0.0,0.015746446231147848,0.014447588365852582,493.75,499.4563720703125,497.39849650065105,515.7618179321289,532.9783874511719,544.983257039388,1
2024-09-06,486.8500061035156,497.3999938964844,485.5499877929688,496.6000061035156,1938403,Metals & Mining,-0.017853552321115185,0.015541934772015598,0.0014092644901351203,-0.005020516817686893,490.9700012207031,498.595166015625,496.4322041829427,511.1774505615234,527.4729223632812,541.5573608398438,0
2024-09-09,480.1000061035156,486.0,477.0,484.75,1742601,Metals & Mining,-0.013864639859046846,-0.0238622753883847,-0.022919167745017788,-0.017608872429040967,488.2200012207031,495.67999877929685,496.57166544596356,506.54246673583987,521.5354528808593,538.162006632487,0
2024-09-10,486.8999938964844,491.0,479.0,483.6000061035156,1518727,Metals & Mining,0.014163690286441266,-0.002372344293933737,0.010288065843621297,0.004192872117400492,487.0900024414062,493.0350006103516,496.0780069986979,501.2735290527344,517.206513671875,534.0225809733073,1
2024-09-11,476.5499877929688,488.0,475.3999938964844,488.0,1444929,Metals & Mining,-0.021256944410058876,0.009098415717436081,-0.006109979633401208,-0.007515670362245541,485.2200012207031,489.56499938964845,495.00684814453126,497.1360626220703,512.78951171875,529.2874348958334,0
2024-09-12,489.7999877929688,491.0,479.3999938964844,480.0,1743746,Metals & Mining,0.02780400868619126,-0.016393442622950838,0.006147540983606481,0.008413967293552371,484.0399963378906,488.89499816894534,494.3175801595052,494.0588714599609,509.4174536132812,524.8219889322917,1
2024-09-13,496.6000061035156,504.0,493.3999938964844,494.7000122070313,2483381,Metals & Mining,0.013883255369579794,0.030625025431315178,0.026476578411405383,0.0292031710017564,485.9899963378906,488.47999877929686,494.39344278971356,493.8216522216797,506.13995971679685,520.5591013590495,1
2024-09-16,496.4500122070313,508.3999938964844,494.0499877929688,501.0,2072142,Metals & Mining,-0.00030204167265568405,0.012734965913710372,0.008730146620008705,0.0013173771879309015,489.25999755859374,488.73999938964846,493.53999837239587,494.7437484741211,503.08597290039063,516.1562103271484,0
2024-09-17,490.8999938964844,498.9500122070313,489.5,498.0,1008673,Metals & Mining,-0.01117941016029711,-0.005988023952095856,-0.018587690406969615,-0.009209569690092678,490.05999755859375,488.575,492.04333292643236,494.57350463867186,499.03082275390625,512.6820943196615,0
2024-09-18,485.0,496.0,483.6000061035156,495.0,1280911,Metals & Mining,-0.01201872880391297,-0.0060240963855421326,-0.005912440394544416,-0.012053102955024264,491.75,488.48500061035156,490.29333292643236,494.19263610839846,496.05885009765626,509.2829264322917,0
2024-09-19,489.4500122070313,496.0,478.5499877929688,492.0,1815671,Metals & Mining,0.009175282901095372,-0.0060606060606061,0.0,-0.010442552205977118,491.6800048828125,487.86000061035156,489.82333374023443,493.658186340332,493.5830981445313,506.4612121582031,1
2024-09-20,500.7000122070313,504.1499938964844,492.2999877929688,494.7000122070313,2846982,Metals & Mining,0.02298498257109327,0.0054878296890881195,0.016431439307428075,0.028732630552168237,492.5000061035157,489.2450012207031,489.8200012207032,493.9200836181641,493.55732299804686,503.86663411458335,1
2024-09-23,503.8999938964844,508.0499877929688,498.25,501.0,2163517,Metals & Mining,0.006391015800754518,0.012734965913710372,0.007735780905880896,0.01208615144133085,493.99000244140626,491.625,490.4900004069011,493.6524993896484,494.59299926757814,501.5699778238932,1
2024-09-24,507.6000061035156,514.0,504.1000061035156,505.0,3461449,Metals & Mining,0.0073427510455403855,0.007984031936127733,0.01171147003246431,0.011741106078305252,497.3300048828125,493.69500122070315,491.49333496093755,493.36500091552733,495.1248046875,498.747353108724,1
2024-09-25,511.2000122070313,514.9500122070312,506.3999938964844,514.0,3997321,Metals & Mining,0.0070922105205442065,0.017821782178217838,0.001848272776325377,0.00456256251759779,502.57000732421875,497.1600036621094,493.18000284830737,493.3625015258789,495.8681103515625,497.14404296875,1
2024-09-26,517.0,520.9500122070312,504.0499877929688,511.1499938964844,3887216,Metals & Mining,0.011345828745050524,-0.005544758956256057,0.011651616385607078,-0.004640612424643753,508.0800048828125,499.8800048828125,494.6000020345053,494.3875015258789,496.5425500488281,495.99924926757814,1
2024-09-27,523.0499877929688,525.4000244140625,516.5499877929688,525.0,3789679,Metals & Mining,0.011702104048295414,0.02709577671700103,0.00854210980469805,0.024799127671309762,512.55,502.52500305175784,497.0133341471355,495.5025009155273,497.64606689453126,496.72276916503904,1
2024-09-30,522.5,531.25,516.8499755859375,525.0,3995531,Metals & Mining,-0.001051501397198118,0.0,0.011134326825472662,0.0005807526862027235,516.2700012207031,505.1300018310547,499.8400004069011,496.93500061035155,498.1759997558594,498.20583292643227,0
2024-10-01,519.9000244140625,524.0,511.8500061035156,522.9000244140625,1884521,Metals & Mining,-0.004976029829545481,-0.003999953497023756,-0.013647058823529457,-0.009673928061530002,518.7300048828125,508.0300048828125,502.04000244140633,498.30250244140626,498.43800170898436,499.0590047200521,0
2024-10-03,522.9000244140625,533.5499877929688,512.5499877929688,517.0,5498929,Metals & Mining,0.005770340179116262,-0.011283274313620084,0.01822516754383341,0.001367552371019265,521.0700073242188,511.82000732421875,505.13000488281256,500.15250396728516,498.90400268554686,500.06842651367185,1
2024-10-04,517.25,526.6500244140625,509.8500061035156,523.1500244140625,1877538,Metals & Mining,-0.010805171448201145,0.011895598479811476,-0.012932177934157574,-0.0052677431543393105,521.1200073242187,514.6000061035156,506.9600056966146,501.2300033569336,499.7340026855469,500.6387929280599,0
2024-10-07,495.3999938964844,524.0,490.5,524.0,1936964,Metals & Mining,-0.04224264108944542,0.001624726266407972,-0.005031850927968429,-0.037952350440076166,515.5900085449218,514.0700042724609,506.8800048828125,501.65750274658205,499.52000244140623,500.636723836263,0
2024-10-08,510.7999877929688,513.5999755859375,492.6499938964844,495.3999938964844,1747070,Metals & Mining,0.031085979180900614,-0.054580164319686264,-0.01984737483599719,0.004383269921476751,513.2500061035156,514.7600036621095,507.836669921875,503.1925018310547,500.19800170898435,500.68833414713544,1
2024-10-09,505.4500122070313,514.9500122070312,503.8500061035156,509.1000061035156,910097,Metals & Mining,-0.010473719095126288,0.027654445651636328,0.0026285761005995223,0.022734217691646963,510.36000366210936,514.545004272461,508.8066711425781,504.12000274658203,500.71400268554686,500.4250020345052,0
2024-10-10,508.7999877929688,513.0,506.0,506.0,677683,Metals & Mining,0.006627708982160252,-0.00608918889481469,-0.0037867990305965327,0.004267130833462085,507.5399963378907,514.3050018310547,510.3933369954427,505.73250274658204,501.63000244140625,500.3433349609375,1
2024-10-11,504.1499938964844,512.0,502.0,508.7999877929688,511306,Metals & Mining,-0.00913913916675746,0.005533572713377177,-0.0019493177387914784,-0.007905138339920903,504.91999511718757,513.0200012207031,511.3733357747396,506.4500030517578,501.9680017089844,500.59833475748695,0
2024-10-14,520.2000122070312,522.7999877929688,506.6000061035156,506.7000122070313,1883076,Metals & Mining,0.031835799870786774,-0.004127310605974266,0.02109372615814209,0.00916335877194352,509.8799987792969,512.7350036621094,512.6733357747396,507.63000335693357,503.302001953125,501.2466684977214,1
2024-10-15,514.4000244140625,523.5499877929688,511.2999877929688,520.2999877929688,1233163,Metals & Mining,-0.011149534134690553,0.026840290622256013,0.0014345830480335664,0.00927750026219476,510.6000061035156,511.9250061035156,513.3733378092448,508.52750396728516,504.6740026855469,501.9316691080729,0
2024-10-16,510.3999938964844,519.9500122070312,508.6499938964844,514.4000244140625,972108,Metals & Mining,-0.00777610872420631,-0.01133954164391382,-0.006876087613168047,-0.005182855387740437,511.5900024414062,510.9750030517578,513.5600036621094,509.5025039672852,505.6140026855469,502.52666931152345,0
2024-10-17,508.2000122070313,516.9500122070312,502.1000061035156,511.2000122070313,886030,Metals & Mining,-0.004310309004234125,-0.0062208632487453785,-0.005769785420844387,-0.012877200180015591,511.4700073242187,509.5050018310547,513.3600036621094,510.6625045776368,506.88000366210946,503.2700032552084,0
2024-10-18,506.5,520.0,494.0,505.9500122070313,3491646,Metals & Mining,-0.0033451636485571923,-0.010269952806405303,0.005899966575002802,-0.016132256532667144,511.94000854492185,508.4300018310547,512.6600036621094,511.5150039672852,507.5480041503907,503.63000284830736,0
2024-10-21,501.75,521.7999877929688,500.0,519.3499755859375,2266446,Metals & Mining,-0.009378084896347505,0.026484757496997524,0.003461514986478287,0.012145748987854255,508.2500061035156,509.06500244140625,511.24000447591146,511.5675033569337,507.7540039062501,504.1266693115235,0
2024-10-22,513.5999755859375,523.0,505.4500122070313,505.7999877929688,4802288,Metals & Mining,0.023617290654583956,-0.02609028291121307,0.002299755145849902,0.010900024414062681,508.0899963378906,509.3450012207031,510.64666951497395,512.0525024414062,508.44000244140625,505.2433349609375,1
2024-10-23,523.7000122070312,535.0,515.0999755859375,515.0999755859375,4761151,Metals & Mining,0.019665181271808274,0.018386690425890917,0.02294455066921608,0.019091825394899065,510.75,511.1700012207031,510.90000203450523,512.857502746582,509.75200317382814,506.4700022379557,1
2024-10-24,539.5,549.0,526.4500122070312,526.4500122070312,5302861,Metals & Mining,0.03016992061234225,0.022034628536300893,0.026168224299065512,0.022034628536300893,517.0099975585938,514.2400024414062,512.0066670735677,514.2725021362305,511.93200317382815,508.5683359781901,1
2024-10-25,510.0499877929688,539.5,503.1499938964844,538.5,3661702,Metals & Mining,-0.05458760372016902,0.02288913954518046,-0.01730418943533696,-0.04425874778284544,517.7199951171875,514.8300018310547,511.52666625976565,513.925001525879,512.7560021972657,509.24333597819015,0
2024-10-28,526.6500244140625,529.5,512.0,515.5,1853445,Metals & Mining,0.03254590141825808,-0.04271123491179196,-0.01853568118628357,0.017589200458852483,522.7,515.4750030517578,513.6100016276042,514.1050033569336,513.7940026855468,510.24500325520836,1
2024-10-29,550.1500244140625,553.8499755859375,527.9500122070312,528.4500122070312,4291983,Metals & Mining,0.044621663174031934,0.025121265193077003,0.04598673387334751,0.03115236759185791,530.010009765625,519.0500030517578,516.2333374023438,515.4875045776367,515.64400390625,512.0350036621094,1
2024-10-30,560.4000244140625,575.4000244140625,552.1500244140625,555.0,4040718,Metals & Mining,0.018631281550731016,0.05024124738323832,0.03890954189413187,0.04583769608388866,537.3500122070312,524.0500061035157,519.8966715494792,517.5125045776367,517.7560046386719,514.3516713460286,1
2024-10-31,553.2000122070312,564.0,540.0,563.0,2265460,Metals & Mining,-0.012847986961741054,0.01441441441441449,-0.01981234607292781,-0.022004933218930933,540.0900146484375,528.5500061035157,522.8566731770833,519.0275039672852,519.4360046386719,516.6250050862631,0
2024-11-01,558.25,564.7999877929688,552.0,558.9500122070312,570057,Metals & Mining,0.009128683444567187,-0.007193584001720654,0.001418418072639538,0.022222222222222143,549.7300170898437,533.7250061035156,526.4633402506511,521.0775039672851,521.0860046386719,518.9183380126954,1
2024-11-04,543.7999877929688,559.5499877929688,523.0499877929688,559.0,3242281,Metals & Mining,-0.025884482233822226,8.943159831309444e-05,-0.009295325979936875,-0.0524456742881001,553.160009765625,537.9300048828125,528.0366719563802,523.4975036621094,521.9160046386719,520.3550038655599,0
2024-11-05,559.6500244140625,565.0,542.7999877929688,545.0,2598508,Metals & Mining,0.029146813124107718,-0.025044722719141377,0.009739991646729784,0.03775929731560823,555.060009765625,542.535009765625,531.0533386230469,525.9400054931641,523.4020056152344,522.2133382161459,1
2024-11-06,513.0999755859375,523.4000244140625,512.25,520.0,11690198,Metals & Mining,-0.08317706923511992,-0.04587155963302747,-0.07362827537334071,-0.0562822190125416,545.6,541.4750061035156,531.2333374023438,526.3225036621094,523.1300036621094,522.3966705322266,0
2024-11-07,507.6000061035156,509.7000122070313,505.5499877929688,507.7000122070313,7355515,Metals & Mining,-0.010719099092026174,-0.023653822678785907,-0.026175031654551706,-0.013079574830709984,536.4799987792969,538.2850067138672,531.1933369954427,526.2625045776367,522.5180029296876,522.276670328776,0
2024-11-08,506.25,512.7999877929688,505.0499877929688,509.7000122070313,3200423,Metals & Mining,-0.002659586460368013,0.003939334157794905,0.006081960980370393,-0.0009890218812640406,526.0799987792968,537.9050079345703,531.176670328776,526.3675048828125,522.0780029296875,521.9183369954427,0
2024-11-11,506.1000061035156,509.6499938964844,494.0,505.8999938964844,5111496,Metals & Mining,-0.0002962842399691912,-0.0074554016471229945,-0.006142733953722557,-0.02187899823789019,518.5400024414063,535.8500061035156,531.4666707356771,525.6625045776367,522.5060034179687,521.3533376057943,0
2024-11-12,500.7000122070313,512.25,498.2000122070313,509.0,2222208,Metals & Mining,-0.01066981590863647,0.0061277053586008545,0.005101552309728197,0.00850204900208773,506.75,530.9050048828125,530.6066731770833,524.9775039672852,522.1020043945314,520.6266713460287,0
2024-11-13,485.7000122070313,503.1499938964844,484.0,497.0,2639677,Metals & Mining,-0.029958057987419684,-0.023575638506876273,-0.017764775214281325,-0.028502633197709293,501.27000732421874,523.4350036621094,528.07333984375,523.7425048828125,521.3120043945313,519.4866709391276,0
2024-11-14,495.3500061035156,497.6499938964844,484.75,487.0499877929688,1576044,Metals & Mining,0.01986821835279473,-0.020020145285777002,-0.01093113398930412,0.0015495867768595684,498.82000732421875,517.6500030517578,525.1300069173177,523.1000045776367,520.7740051269532,518.5683369954428,1
2024-11-18,496.3500061035156,503.8999938964844,494.7999877929688,503.6000061035156,2851127,Metals & Mining,0.0020187745789408407,0.033980122626718456,0.012559027582948357,0.020732311073685006,496.8400085449219,511.4600036621094,524.2166748046875,522.5925048828125,520.4620056152345,517.8716705322266,1
2024-11-19,492.1499938964844,500.3999938964844,490.0,500.0,1336754,Metals & Mining,-0.00846179541731551,-0.0071485426129555,-0.006945822667977608,-0.009700864816870602,494.0500061035156,506.2950042724609,521.9166727701823,522.1125045776367,519.3400048828125,517.7633371988933,0
2024-11-21,487.0499877929688,492.9500122070313,483.2000122070313,492.1499938964844,1546003,Metals & Mining,-0.010362706830772117,-0.01570001220703121,-0.014888053118150557,-0.013877526108099336,491.32000122070315,499.0350006103516,517.7100036621093,520.7850051879883,518.2460034179687,516.9716705322267,0
2024-11-22,489.25,491.7000122070313,485.1499938964844,488.0,1077937,Metals & Mining,0.004517015218500342,-0.008432376202278768,-0.002535754070485785,0.0040355580301962846,492.0299987792969,496.65000305175784,512.9666687011719,519.0625045776367,517.4000036621094,516.4316701253256,1
2024-11-25,498.5,501.5,495.7000122070313,498.0,1695909,Metals & Mining,0.0189064895247828,0.020491803278688492,0.019930826824633874,0.021745889814023034,492.6599975585938,495.74000244140626,509.32000122070315,517.0125045776367,517.0120031738281,516.0883371988933,1
2024-11-26,494.4500122070313,499.7000122070313,493.2000122070313,499.0,768923,Metals & Mining,-0.008124348631832867,0.002008032128514081,-0.0035892079620511996,-0.005043372883670294,492.2799987792969,494.56000366210935,505.06666870117186,516.2325057983398,516.5300036621094,515.7650044759115,0
2024-11-27,499.9500122070313,501.0,494.0,494.0,787949,Metals & Mining,0.011123470248185718,-0.01002004008016033,0.0026015364442899536,0.001622035225402385,493.84000244140634,493.94500427246095,502.1433369954427,514.8975051879883,516.4580041503906,515.0900044759114,1
2024-11-28,494.0499877929688,501.0,493.0,500.0,919432,Metals & Mining,-0.011801228662875363,0.012145748987854255,0.0,-0.002024291497975672,495.24000244140626,493.2800018310547,497.77000122070314,512.0925033569335,515.6760046386719,514.411669921875,0
2024-11-29,504.6000061035156,505.8999938964844,491.6000061035156,495.7999877929688,1565002,Metals & Mining,0.021354151545830646,-0.008400024414062401,0.009780426939090647,-0.0028397442119358907,498.31000366210935,495.1700012207031,497.2033365885417,509.30250244140626,514.9120043945312,514.2183369954427,1
2024-12-02,502.8500061035156,506.75,499.1000061035156,502.0499877929688,868957,Metals & Mining,-0.0034680934974880007,0.012605889781929225,0.0016801860323594209,0.015256305750372068,499.1800048828125,495.9200012207031,496.886669921875,506.78500213623045,513.4460046386719,514.0400034586588,0
2024-12-03,507.1499938964844,508.3999938964844,500.5,503.0499877929688,1157338,Metals & Mining,0.008551233450882378,0.001991833531151066,0.0032560313694807164,0.0028050368250125413,501.7200012207031,497.0,496.94666951497396,504.23000183105466,513.3300048828125,514.061669921875,1
2024-12-04,506.9500122070313,510.8999938964844,504.7999877929688,507.5,889376,Metals & Mining,-0.0003943245427582287,0.008846063641815727,0.004917387942591223,0.008591384201735774,503.1200012207031,498.48000183105466,497.0033365885417,502.3875030517578,512.5420043945312,514.2350036621094,0
2024-12-05,500.6000061035156,508.0499877929688,499.1000061035156,508.0,903208,Metals & Mining,-0.012525901865295563,0.0009852216748769127,-0.005578403087812545,-0.011291564634092088,504.4300048828125,499.8350036621094,496.996669514974,499.4350021362305,510.56000366210935,513.8016713460287,0
2024-12-06,510.0,515.4000244140625,499.4500122070313,500.6000061035156,2915997,Metals & Mining,0.01877745461821001,-0.014566917119063771,0.01446715244108776,0.0007012744925574133,505.5100036621094,501.9100036621094,498.6166687011719,499.2800033569336,508.5440026855469,513.345004272461,1
2024-12-09,506.5,512.5499877929688,505.2000122070313,510.0,868376,Metals & Mining,-0.006862745098039191,0.01877745461821001,-0.00552975647281706,0.011512663648942878,506.24000244140626,502.7100036621094,499.36000162760416,499.2250030517578,506.67600219726563,512.245004272461,0
2024-12-10,498.4500122070313,509.25,498.0,508.7000122070313,1326710,Metals & Mining,-0.015893361881478163,-0.002548995672487675,-0.006438372591088037,-0.014251805291090824,504.5000061035156,503.11000366210936,499.5000020345052,498.8350036621094,504.28400268554685,511.85833841959635,0
2024-12-11,509.1499938964844,516.4000244140625,497.6000061035156,499.8999938964844,3159856,Metals & Mining,0.02146650903282321,-0.01729903302413427,0.014040303218581185,-0.0008032005953501065,504.94000244140625,504.0300018310547,500.6333353678385,498.9875030517578,502.8980029296875,511.27500406901044,1
2024-12-12,501.5499877929688,513.9500122070312,501.0,510.8500061035156,1158128,Metals & Mining,-0.014926851015657161,0.02190440556256279,-0.004744407612705226,0.006832785077934833,505.1299987792969,504.7800018310547,501.6000020345053,499.0300018310547,500.5740014648438,509.6550028483073,0
2024-12-13,500.3500061035156,502.0,492.1000061035156,501.1499938964844,1092238,Metals & Mining,-0.002392546543034779,-0.0189879849097343,-0.02325131223504573,-0.01776445887521827,503.2,504.35500183105466,502.3400024414063,499.7625015258789,500.0640026855469,507.65333557128906,0
2024-12-16,498.25,503.9500122070313,497.5,500.3500061035156,595620,Metals & Mining,-0.004197074203854734,-0.0015963041059798844,0.0038844864681899516,0.01097336685533068,501.55,503.89500122070314,502.32333577473963,499.9075012207031,499.69000244140625,505.82166849772136,0
2024-12-17,490.6499938964844,501.0,490.0,499.7000122070313,1068528,Metals & Mining,-0.015253399103894894,-0.0012990784222152163,-0.005853779413779181,-0.015075376884422065,499.9899963378906,502.2450012207031,502.0700012207032,499.62250061035155,499.0660021972656,503.5683349609375,0
2024-12-18,485.3500061035156,492.2000122070313,481.3999938964844,491.1499938964844,910000,Metals & Mining,-0.010801972605520738,-0.01711030238479272,-0.017564845894149084,-0.017551032864317584,495.22999877929686,500.0850006103516,501.0966674804688,499.2825012207031,498.23600219726563,501.6200022379557,0
2024-12-19,479.3500061035156,483.0,472.0,478.4500122070313,941093,Metals & Mining,-0.012362212680636753,-0.025857643993231427,-0.018691613122434392,-0.019526368956509943,490.7900024414063,497.9600006103516,500.11666870117193,498.89750213623046,497.382001953125,498.9433349609375,0
2024-12-20,468.7999877929688,483.8999938964844,466.2999877929688,480.0,935248,Metals & Mining,-0.022009008399320962,0.0032396023689471587,0.0018633414005888582,-0.01207629704879487,484.47999877929686,493.8399993896484,497.7300008138021,497.87500152587893,496.7060009765625,497.4666687011719,0
2024-12-23,463.8999938964844,473.5,462.8999938964844,471.0,786344,Metals & Mining,-0.010452205682753513,-0.018750000000000044,-0.021492031468612005,-0.007291430378492669,477.60999755859376,489.5799987792969,495.1333333333334,496.14500122070314,495.44800048828125,496.01000162760414,0
2024-12-24,463.3999938964844,465.7999877929688,460.4500122070313,465.0,599367,Metals & Mining,-0.0010778185095462467,-0.01273885350318471,-0.016261905400277055,-0.00529268032351915,472.1599975585938,486.0749969482422,492.21666666666675,494.5925003051758,494.13,494.5816680908203,0
2024-12-26,453.25,465.0,451.7999877929688,463.3999938964844,981853,Metals & Mining,-0.02190331038017168,-0.003440873340893824,-0.0017174491497075062,-0.018786022770639454,465.7399963378906,480.48499755859376,488.63666585286467,492.2574996948242,492.5740002441406,492.82000122070315,0
2024-12-27,454.7000122070313,463.25,453.8500061035156,454.0,790788,Metals & Mining,0.0031991444170575978,-0.020284838196575783,-0.0037634408602150726,0.004537446582415949,460.80999755859375,475.8,485.57666625976566,490.29000091552734,491.2800012207031,491.2866678873698,1
2024-12-30,432.3999938964844,454.7000122070313,429.6000061035156,454.0,2763331,Metals & Mining,-0.04904336422228517,0.0,-0.01845653058385044,-0.053431749859818134,453.5299987792969,469.0049987792969,480.4033325195313,486.6800003051758,489.0060009765625,489.51000061035154,0
2024-12-31,444.0,445.5,432.6000061035156,432.6000061035156,1432597,Metals & Mining,0.026827026520015673,-0.047136550432784974,-0.020233147042103883,0.006983240124249779,449.55,463.5799987792969,476.23666585286463,483.7375,486.8260009765625,487.7983337402344,1
2025-01-01,444.0499877929688,448.3999938964844,440.9500122070313,443.8999938964844,638861,Metals & Mining,0.00011258511929912451,0.02612109947650998,0.006509526142501443,0.019301909352071656,445.67999877929685,458.9199981689453,472.60999755859376,480.5824996948242,484.81,486.05499979654945,1
2025-01-02,452.5,455.3999938964844,441.2999877929688,447.0,1067204,Metals & Mining,0.01902941659570745,0.0069835687004728975,0.015611061764679635,0.0007936853980019531,445.5299987792969,455.63499755859374,468.8333312988281,477.85999908447263,482.91199951171876,484.73333333333335,1
2025-01-03,469.1499938964844,472.5,450.8500061035156,452.5,2312908,Metals & Mining,0.03679556662206496,0.01230425055928408,0.03754942102041969,0.02164064938752519,448.4199951171875,454.6149963378906,466.67333170572914,476.2874984741211,481.9159997558594,484.1366668701172,1
2025-01-06,446.7999877929688,473.2000122070313,445.0499877929688,473.2000122070313,1237423,Metals & Mining,-0.04763936138608793,0.04574588333045582,0.0014815073164684556,-0.012864629548691053,451.29999389648435,452.4149963378906,463.10333048502605,473.1274978637695,479.6039990234375,482.72166646321614,0
2025-01-07,448.5499877929688,454.9500122070313,447.0,447.0,566242,Metals & Mining,0.003916741378271693,-0.05536773358232383,-0.038567201033831267,0.004381557713778239,452.2099914550781,450.87999572753904,459.7899963378906,470.229997253418,477.43199829101565,481.0566660563151,1
2025-01-08,443.7999877929688,451.0,432.3999938964844,449.25,1534792,Metals & Mining,-0.010589678139044767,0.005033557046979942,-0.008682299375857183,-0.03266220604813341,452.1599914550781,448.9199951171875,456.6666625976562,467.4974960327148,474.897998046875,479.3683319091797,0
2025-01-09,437.7000122070313,453.1499938964844,436.1000061035156,445.3999938964844,2009603,Metals & Mining,-0.013744875515370958,-0.008569852205933537,0.0047671705021825606,0.008556920118544253,449.1999938964844,447.3649963378906,453.4899963378906,463.9249969482422,472.127998046875,477.2933319091797,0
