Date,Close,High,Low,Open,Volume,Sector,return_ratio,pct_change_open,pct_change_high,pct_change_low,ma_5,ma_10,ma_15,ma_20,ma_25,ma_30,up_or_down
2022-01-10,9.25,9.25,8.600000381469727,8.699999809265137,345629442,Power,0.0,0.0,0.0,0.0,0.0,0.0,0.0,0.0,0.0,0.0,0
2022-01-11,10.149999618530272,10.149999618530272,9.149999618530272,9.800000190734863,545381438,Power,0.09729725605732664,0.1264368282282342,0.09729725605732664,0.06395339682142565,0.0,0.0,0.0,0.0,0.0,0.0,1
2022-01-12,10.350000381469728,11.149999618530272,9.199999809265137,10.649999618530272,789172845,Power,0.019704509404544934,0.08673463380123358,0.09852217119046558,0.005464501947476164,0.0,0.0,0.0,0.0,0.0,0.0,1
2022-01-13,9.800000190734863,10.350000381469728,9.449999809265137,10.350000381469728,295569554,Power,-0.05314011308826283,-0.02816894345597587,-0.07174881295341196,0.027173913606849176,0.0,0.0,0.0,0.0,0.0,0.0,0
2022-01-14,9.899999618530272,10.300000190734863,9.300000190734863,9.649999618530272,218183534,Power,0.010204023045831123,-0.0676329214627579,-0.004830936124831764,-0.0158729758262226,9.889999961853027,0.0,0.0,0.0,0.0,0.0,1
2022-01-17,10.050000190734863,10.350000381469728,9.899999618530272,9.899999618530272,149078534,Power,0.015151573533783713,0.025906736775402672,0.004854387360093693,0.06451606618171457,10.05,0.0,0.0,0.0,0.0,0.0,1
2022-01-18,9.550000190734863,10.25,9.5,10.149999618530272,141108756,Power,-0.04975124283688592,0.025252526225562955,-0.009661872249663417,-0.04040400342860362,9.930000114440919,0.0,0.0,0.0,0.0,0.0,0
2022-01-19,9.149999618530272,9.5,8.800000190734863,9.5,153616680,Power,-0.041884875834103164,-0.06403937369057677,-0.07317073170731703,-0.0736841904489618,9.689999961853028,0.0,0.0,0.0,0.0,0.0,0
2022-01-20,10.0,10.050000190734863,9.199999809265137,9.199999809265137,205447607,Power,0.09289622042697543,-0.03157896744577504,0.05789475691945922,0.04545450112051319,9.729999923706055,0.0,0.0,0.0,0.0,0.0,1
2022-01-21,9.600000381469728,10.100000381469728,9.5,10.0,144365680,Power,-0.03999996185302712,0.08695654427396815,0.004975143262281767,0.0326087170602698,9.670000076293945,9.780000019073487,0.0,0.0,0.0,0.0,0
2022-01-24,8.800000190734863,9.5,8.649999618530273,9.449999809265137,184605790,Power,-0.0833333498901786,-0.055000019073486284,-0.05940597611961851,-0.08947372436523438,9.420000076293945,9.735000038146973,0.0,0.0,0.0,0.0,0
2022-01-25,9.050000190734863,9.149999618530272,8.100000381469727,8.449999809265137,157211819,Power,0.02840909029334049,-0.10582010795593477,-0.03684214541786612,-0.06358372963188608,9.320000076293946,9.625000095367431,0.0,0.0,0.0,0.0,1
2022-01-27,9.25,9.399999618530272,8.699999809265137,8.899999618530273,140855966,Power,0.022099425972376352,0.053254416499717294,0.02732240551067444,0.07407399994301511,9.34000015258789,9.515000057220458,0.0,0.0,0.0,0.0,1
2022-01-28,9.100000381469728,9.550000190734863,9.050000190734863,9.350000381469728,70913683,Power,-0.016216174976245612,0.05056188564351505,0.015957508328925396,0.04022992978654916,9.160000228881836,9.445000076293946,0.0,0.0,0.0,0.0,0
2022-01-31,9.050000190734863,9.5,8.949999809265137,9.300000190734863,80910755,Power,-0.005494526224051555,-0.005347613764161707,-0.005235621961910741,-0.011049765675375856,9.050000190734863,9.360000133514404,9.536666742960612,0.0,0.0,0.0,0
2022-02-01,9.050000190734863,9.399999618530272,8.899999618530273,9.25,97704979,Power,0.0,-0.005376364484882101,-0.010526355944181942,-0.005586613608986046,9.100000190734864,9.260000133514405,9.523333422342937,0.0,0.0,0.0,0
2022-02-02,8.949999809265137,9.149999618530272,8.850000381469727,9.050000190734863,54284970,Power,-0.011049765675375856,-0.021621601001636348,-0.026595745760156553,-0.0056178920453485715,9.080000114440917,9.200000095367432,9.443333435058594,0.0,0.0,0.0,0
2022-02-03,9.050000190734863,9.399999618530272,8.850000381469727,8.899999618530273,73034448,Power,0.011173227217972093,-0.016574648513063672,0.02732240551067444,0.0,9.04000015258789,9.19000015258789,9.356666755676269,0.0,0.0,0.0,1
2022-02-04,9.0,9.25,8.949999809265137,9.050000190734863,87047227,Power,-0.005524882837687928,0.016853997599312276,-0.015957406874206326,0.011299369885315658,9.020000076293945,9.09000015258789,9.303333409627278,0.0,0.0,0.0,0
2022-02-07,8.850000381469727,9.199999809265137,8.75,9.100000381469728,53990600,Power,-0.016666624281141518,0.00552488283768815,-0.005405426025390625,-0.02234634788015244,8.980000114440918,9.015000152587891,9.23333346048991,9.39750008583069,0.0,0.0,0
2022-02-08,8.550000190734863,9.0,8.25,8.899999618530273,107856895,Power,-0.03389832517555691,-0.021978104896205886,-0.021739110153428554,-0.05714285714285716,8.880000114440918,8.990000152587891,9.13333346048991,9.362500095367432,0.0,0.0,0
2022-02-09,8.75,8.800000190734863,8.199999809265137,8.600000381469727,57207377,Power,0.02339179003549785,-0.033707780889780325,-0.0222222010294596,-0.006060629179983401,8.84000015258789,8.960000133514404,9.080000114440917,9.292500114440918,0.0,0.0,1
2022-02-10,8.75,9.0,8.399999618530273,8.75,70537446,Power,0.0,0.017441815334505728,0.022727250560256484,0.02439022120941492,8.780000114440918,8.910000133514405,9.053333473205566,9.212500095367432,0.0,0.0,0
2022-02-11,8.5,8.75,8.449999809265137,8.550000190734863,40572963,Power,-0.02857142857142858,-0.02285712105887272,-0.02777777777777779,0.005952403929229133,8.680000114440919,8.850000095367431,8.953333473205566,9.14750008583069,0.0,0.0,0
2022-02-14,8.699999809265137,9.25,8.550000190734863,8.850000381469727,150053325,Power,0.023529389325310124,0.035087740823673386,0.05714285714285716,0.011834364938100972,8.65,8.815000057220459,8.893333435058594,9.087500095367432,9.24800006866455,0.0,1
2022-02-15,8.649999618530273,9.050000190734863,8.399999618530273,8.899999618530273,70687312,Power,-0.005747148486326958,0.005649631062755178,-0.021621601001636348,-0.017543926182263303,8.669999885559083,8.775,8.88333339691162,9.017500066757203,9.224000053405762,0.0,0
2022-02-16,8.5,8.850000381469727,8.449999809265137,8.699999809265137,73521384,Power,-0.017340997126628732,-0.02247188964466096,-0.022099425972376352,0.005952403929229133,8.619999885559082,8.730000019073486,8.846666717529297,8.96500005722046,9.15800006866455,0.0,0
2022-02-17,8.300000190734863,8.649999618530273,8.199999809265137,8.5,58711578,Power,-0.023529389325310235,-0.02298848432756806,-0.022598955290241363,-0.02958579948438389,8.529999923706054,8.655000019073487,8.78333339691162,8.922500085830688,9.076000061035156,0.0,0
2022-02-18,7.949999809265137,8.449999809265137,7.849999904632568,8.199999809265137,60729527,Power,-0.04216871968996161,-0.035294140086454484,-0.023121366252628617,-0.04268291619191322,8.419999885559083,8.55,8.706666692097981,8.820000076293946,9.002000045776366,0.0,0
2022-02-21,7.300000190734863,7.800000190734863,7.199999809265137,7.800000190734863,125381826,Power,-0.08176096026728796,-0.04878044241882984,-0.07692303351505059,-0.08280256092536298,8.139999961853027,8.394999980926514,8.590000025431316,8.705000066757203,8.898000068664551,9.063333384195964,0
2022-02-22,6.699999809265137,7.0,6.650000095367432,6.800000190734863,88770241,Power,-0.0821918309305314,-0.12820512507010418,-0.10256412450927044,-0.07638885117607253,7.75,8.209999942779541,8.433333333333334,8.600000047683716,8.764000053405761,8.978333377838135,0
2022-02-23,7.0,7.0,6.800000190734863,6.800000190734863,14774436,Power,0.04477614914555761,0.0,0.0,0.022556404994930057,7.45,8.03499994277954,8.30333334604899,8.497500038146972,8.662000045776367,8.873333390553793,1
2022-02-24,6.650000095367432,7.050000190734863,6.650000095367432,6.699999809265137,94269681,Power,-0.04999998637608116,-0.014705938038939936,0.007142884390694659,-0.022058836935300308,7.119999980926513,7.8249999523162845,8.143333339691162,8.367500042915344,8.562000064849853,8.750000047683717,0
2022-02-25,6.949999809265137,6.949999809265137,6.900000095367432,6.900000095367432,23028383,Power,0.04511273828502538,0.029850789820280887,-0.01418445088854714,0.037593984423272,6.919999980926514,7.6699999332427975,8.006666660308838,8.260000014305115,8.440000057220459,8.655000034968058,1
2022-02-28,7.25,7.25,6.800000190734863,6.900000095367432,107669127,Power,0.04316549625439259,0.0,0.04316549625439259,-0.014492739601511984,6.909999942779541,7.524999952316284,7.899999968210856,8.170000004768372,8.34600004196167,8.566666714350383,1
2022-03-02,7.199999809265137,7.400000095367432,7.050000190734863,7.199999809265137,47137128,Power,-0.006896578032394962,0.04347821880453617,0.020689668326542288,0.036764704851130814,7.009999942779541,7.37999997138977,7.809999942779541,8.077499985694885,8.282000026702882,8.471666701634724,0
2022-03-03,7.199999809265137,7.5,7.099999904632568,7.25,59235215,Power,0.0,0.00694447111936336,0.01351350045186761,0.007092157807799149,7.0499999046325685,7.249999952316284,7.7066665967305505,7.989999985694885,8.208000011444092,8.393333355585733,0
2022-03-04,7.0,7.25,6.949999809265137,7.150000095367432,54619595,Power,-0.02777775202268362,-0.013793090294147325,-0.033333333333333326,-0.02112677427918841,7.119999885559082,7.119999933242798,7.589999930063883,7.887499976158142,8.118000011444092,8.321666701634724,0
2022-03-07,6.699999809265137,6.849999904632568,6.650000095367432,6.849999904632568,39679971,Power,-0.04285717010498047,-0.04195806807460556,-0.0551724269472319,-0.04316542764472764,7.069999885559082,6.994999933242798,7.469999917348226,7.772499966621399,8.021999988555908,8.211666695276897,0
2022-03-08,7.0,7.0,6.699999809265137,6.699999809265137,44859704,Power,0.04477614914555761,-0.02189782444609789,0.02189782444609789,0.007518753861753602,7.019999885559082,6.9649999141693115,7.35666659673055,7.679999947547913,7.939999980926514,8.125000015894573,1
2022-03-09,7.199999809265137,7.300000190734863,7.050000190734863,7.150000095367432,55372925,Power,0.028571401323590928,0.0671642237183363,0.04285717010498047,0.05223886439305958,7.019999885559082,7.014999914169311,7.259999942779541,7.612499928474426,7.865999965667725,8.07166666984558,1
2022-03-10,7.25,7.400000095367432,7.199999809265137,7.400000095367432,50360700,Power,0.00694447111936336,0.034965034498667835,0.013698616715036138,0.021276541059871645,7.029999923706055,7.039999914169312,7.176666609446207,7.537499928474427,7.797999973297119,8.011666663487752,1
2022-03-11,7.25,7.349999904632568,7.150000095367432,7.25,22943505,Power,0.0,-0.02027028289652799,-0.00675678244466027,-0.006944404891978451,7.079999923706055,7.099999904632568,7.10666659673055,7.4624999284744264,7.725999965667724,7.944999996821085,0
2022-03-14,7.099999904632568,7.349999904632568,7.099999904632568,7.25,29317129,Power,-0.020689668326542288,0.0,0.0,-0.006993033575937835,7.159999942779541,7.114999914169312,7.049999936421712,7.392499923706055,7.649999961853028,7.878333314259847,0
2022-03-15,6.949999809265137,7.25,6.900000095367432,7.199999809265137,31573510,Power,-0.02112677427918841,-0.006896578032394962,-0.013605429378242606,-0.028168987598808592,7.149999904632568,7.084999895095825,7.026666577657064,7.304999923706054,7.573999938964843,7.80833330154419,0
2022-03-16,7.099999904632568,7.150000095367432,6.949999809265137,6.949999809265137,22100706,Power,0.021582748127196183,-0.03472222314204698,-0.013793090294147325,0.007246335247339308,7.1299999237060545,7.074999904632568,7.053333250681559,7.227499938011169,7.515999927520752,7.7433332920074465,1
2022-03-17,7.050000190734863,7.199999809265137,7.0,7.099999904632568,23511134,Power,-0.007042213319620072,0.021582748127196183,0.006992966885427165,0.0071942722456204145,7.089999961853027,7.059999942779541,7.05666659673055,7.154999947547912,7.447999935150147,7.679999971389771,0
2022-03-21,7.0,7.150000095367432,6.949999809265137,7.050000190734863,29467683,Power,-0.00709222544427357,-0.007042213319620072,-0.006944404891978451,-0.00714288439069477,7.039999961853027,7.059999942779541,7.079999923706055,7.08999993801117,7.377999935150147,7.611666631698609,0
2022-03-22,6.949999809265137,7.050000190734863,6.900000095367432,7.0,25864257,Power,-0.00714288439069477,-0.00709222544427357,-0.013986000461365,-0.007194203635955465,7.009999942779541,7.084999942779541,7.079999923706055,7.039999938011169,7.315999927520752,7.543333292007446,0
2022-03-23,6.949999809265137,7.099999904632568,6.900000095367432,6.949999809265137,34868144,Power,0.0,-0.00714288439069477,0.007092157807799149,0.0,7.009999942779541,7.079999923706055,7.059999910990397,7.022499918937683,7.245999927520752,7.479999939600627,0
2022-03-24,6.849999904632568,6.949999809265137,6.75,6.949999809265137,33494159,Power,-0.01438847588157588,0.0,-0.02112677427918841,-0.02173914395568488,6.959999942779541,7.0449999332427975,7.036666584014893,7.029999923706055,7.173999938964844,7.423333263397216,0
2022-03-25,6.849999904632568,7.150000095367432,6.800000190734863,6.849999904632568,54065336,Power,0.0,-0.01438847588157588,0.028777020372816597,0.007407435664424256,6.919999885559082,7.0049999237060545,7.013333257039388,7.022499918937683,7.107999935150146,7.359999926884969,0
2022-03-28,6.650000095367432,6.949999809265137,6.599999904632568,6.900000095367432,37786157,Power,-0.02919705285395402,0.007299298019120881,-0.02797206761324067,-0.02941180595477033,6.849999904632568,6.944999933242798,6.989999930063884,7.022499918937683,7.041999931335449,7.289999930063884,0
2022-03-29,6.75,6.949999809265137,6.449999809265137,6.699999809265137,90993509,Power,0.015037579428341719,-0.028985548309857667,0.0,-0.022727287505284077,6.809999942779541,6.909999942779541,6.993333276112875,7.012499928474426,6.993999938964844,7.23166659673055,1
2022-03-30,7.0,7.050000190734863,6.800000190734863,6.949999809265137,84946542,Power,0.03703703703703698,0.03731343389805564,0.014388544491240829,0.05426362663871198,6.8199999809265135,6.914999961853027,6.993333276112875,6.999999928474426,6.981999931335449,7.174999936421712,1
2022-03-31,6.800000190734863,7.099999904632568,6.75,7.050000190734863,43319800,Power,-0.028571401323590928,0.014388544491240829,0.007092157807799149,-0.007352969019469913,6.810000038146972,6.884999990463257,6.966666634877523,6.979999947547912,6.985999946594238,7.113333288828532,0
2022-04-01,7.0,7.099999904632568,6.699999809265137,6.800000190734863,47000657,Power,0.02941173583166079,-0.035460991948418785,0.0,-0.007407435664424145,6.840000057220459,6.87999997138977,6.949999968210856,6.969999957084656,6.985999946594238,7.063333288828532,1
2022-04-04,7.349999904632568,7.349999904632568,7.050000190734863,7.099999904632568,73777789,Power,0.04999998637608116,0.044117603747491074,0.03521126807859276,0.05223886439305958,6.980000019073486,6.914999961853027,6.956666628519694,6.987499952316284,7.013999938964844,7.031666612625122,1
2022-04-05,7.699999809265137,7.699999809265137,7.349999904632568,7.599999904632568,81745460,Power,0.0476190352617516,0.0704225361571853,0.0476190352617516,0.042553149756217934,7.169999980926514,6.9899999618530275,6.996666622161865,7.037499952316284,7.043999938964844,7.023333279291789,1
2022-04-06,8.050000190734863,8.050000190734863,7.800000190734863,7.800000190734863,57517345,Power,0.04545459612201341,0.02631582744894323,0.04545459612201341,0.06122452951579871,7.380000019073487,7.1,7.0699999809265135,7.089999961853027,7.075999946594238,7.048333279291788,1
2022-04-07,8.050000190734863,8.449999809265137,7.699999809265137,8.199999809265137,198796630,Power,0.0,0.0512820011216677,0.049689392428916124,-0.01282056141338439,7.630000019073487,7.2200000286102295,7.133333333333334,7.1324999809265135,7.109999961853028,7.093333292007446,0
2022-04-08,8.25,8.399999618530273,7.800000190734863,8.199999809265137,85564992,Power,0.02484469621445795,0.0,-0.005917182469050486,0.01298706285023532,7.880000019073487,7.360000038146973,7.213333320617676,7.182499980926513,7.1519999694824214,7.134999958674113,1
2022-04-11,8.199999809265137,8.449999809265137,8.199999809265137,8.25,62583546,Power,-0.006060629179983401,0.006097584377790843,0.005952403929229133,0.0512820011216677,8.05,7.5150000095367435,7.293333307902018,7.229999971389771,7.1999999618530275,7.186666615804037,0
2022-04-12,8.0,8.199999809265137,7.800000190734863,8.199999809265137,59535276,Power,-0.02439022120941492,-0.006060629179983401,-0.02958579948438389,-0.04878044241882984,8.110000038146973,7.6400000095367435,7.363333320617675,7.274999976158142,7.251999969482422,7.221666622161865,0
2022-04-13,7.949999809265137,8.199999809265137,7.900000095367432,8.100000381469727,28377417,Power,-0.00625002384185791,-0.012195052453833122,0.0,0.012820500280416924,8.089999961853028,7.7349999904632565,7.429999987284343,7.324999976158142,7.289999961853027,7.2449999491373696,0
2022-04-18,7.699999809265137,7.949999809265137,7.599999904632568,7.949999809265137,44807489,Power,-0.03144654163496252,-0.01851858828892705,-0.030487805587205763,-0.03797470722953333,8.019999885559082,7.8249999523162845,7.4866666475931805,7.354999971389771,7.309999961853027,7.261666615804036,0
2022-04-19,7.550000190734863,8.0,7.449999809265137,7.75,44134186,Power,-0.01948047042154266,-0.02515720931616272,0.006289332318799801,-0.019736854901274303,7.8799999237060545,7.87999997138977,7.533333333333333,7.37999997138977,7.321999969482422,7.273333295186361,0
2022-04-20,7.599999904632568,7.75,7.449999809265137,7.599999904632568,28046714,Power,0.006622478494644701,-0.01935485101515244,-0.03125,0.0,7.759999942779541,7.9049999713897705,7.596666653951009,7.409999966621399,7.335999965667725,7.293333292007446,1
2022-04-21,7.699999809265137,7.849999904632568,7.650000095367432,7.75,35506874,Power,0.013157882353605599,0.019736854901274414,0.012903213500976562,0.026845676674188024,7.699999904632568,7.9049999713897705,7.659999974568685,7.447499966621399,7.359999961853028,7.3266666253407795,1
2022-04-22,7.900000095367432,8.050000190734863,7.550000190734863,7.699999809265137,83086287,Power,0.02597406377356548,-0.006451637514175879,0.02547774376204348,-0.013071882795547274,7.689999961853028,7.889999961853027,7.719999980926514,7.494999980926513,7.397999973297119,7.356666628519694,1
2022-04-25,7.699999809265137,7.900000095367432,7.599999904632568,7.849999904632568,29798579,Power,-0.025316491606066638,0.019480532348447932,-0.01863355177805759,0.006622478494644701,7.689999961853028,7.854999923706055,7.779999955495199,7.537499976158142,7.421999969482422,7.37333329518636,0
2022-04-26,7.650000095367432,7.900000095367432,7.550000190734863,7.849999904632568,25666175,Power,-0.006493469498212501,0.0,0.0,-0.006578909805936672,7.709999942779541,7.7949999332427975,7.823333295186361,7.577499985694885,7.445999965667725,7.386666631698608,0
2022-04-27,7.449999809265137,7.650000095367432,7.349999904632568,7.599999904632568,29313527,Power,-0.026143827922748386,-0.03184713414486362,-0.03164556923823336,-0.026490103450292568,7.679999923706054,7.719999933242798,7.8299999554951984,7.617499971389771,7.46399995803833,7.393333292007446,0
2022-04-28,7.349999904632568,7.599999904632568,7.300000190734863,7.599999904632568,23106108,Power,-0.013422806334599358,0.0,-0.006535972563600612,-0.006802682251218939,7.609999942779541,7.654999923706055,7.806666628519694,7.647499966621399,7.479999961853028,7.40166662534078,0
2022-04-29,7.400000095367432,7.699999809265137,7.050000190734863,7.400000095367432,123814274,Power,0.006802747127023556,-0.026315764707210976,0.013157882353605599,-0.0342465744476691,7.509999942779541,7.599999952316284,7.763333288828532,7.667499971389771,7.497999973297119,7.416666634877523,1
2022-05-02,7.349999904632568,7.599999904632568,7.199999809265137,7.300000190734863,23344956,Power,-0.00675678244466027,-0.01351350045186761,-0.012987000923330161,0.021276541059871645,7.439999961853028,7.564999961853028,7.716666603088379,7.694999957084656,7.517999973297119,7.424999968210856,0
2022-05-04,7.199999809265137,7.5,7.099999904632568,7.5,32559315,Power,-0.020408176505266273,0.0273972334300725,-0.013157882353605488,-0.01388887601134181,7.349999904632568,7.529999923706055,7.646666590372721,7.704999947547913,7.531999969482422,7.429999955495199,0
2022-05-05,7.099999904632568,7.300000190734863,7.050000190734863,7.199999809265137,14165534,Power,-0.01388887601134181,-0.04000002543131509,-0.026666641235351562,-0.007042213319620072,7.279999923706055,7.479999923706055,7.573333263397217,7.692499947547913,7.549999961853027,7.433333285649618,0
2022-05-06,6.900000095367432,7.0,6.849999904632568,7.0,20256237,Power,-0.028168987598808592,-0.02777775202268362,-0.0410959154652657,-0.028368834140619748,7.189999961853028,7.399999952316284,7.4999999364217125,7.652499961853027,7.555999965667724,7.431666628519694,0
2022-05-09,7.0,7.199999809265137,6.650000095367432,6.849999904632568,38486871,Power,0.014492739601511984,-0.021428585052490234,0.028571401323590928,-0.02919705285395402,7.109999942779541,7.309999942779541,7.436666615804037,7.599999952316284,7.555999965667724,7.43333330154419,1
2022-05-10,6.75,7.150000095367432,6.650000095367432,7.0,22763561,Power,-0.0357142857142857,0.02189782444609789,-0.006944404891978451,0.0,6.9899999618530275,7.214999961853027,7.37333329518636,7.534999942779541,7.55399995803833,7.429999971389771,0
2022-05-11,6.5,6.800000190734863,6.449999809265137,6.800000190734863,40059503,Power,-0.03703703703703709,-0.028571401323590928,-0.048951034960032724,-0.030075230561518396,6.85,7.099999952316284,7.303333282470703,7.447499942779541,7.53399995803833,7.418333307902018,0
2022-05-12,6.199999809265137,6.449999809265137,6.199999809265137,6.400000095367432,17041512,Power,-0.04615387549767125,-0.05882354178643112,-0.05147064289007064,-0.038759691068654956,6.669999980926514,6.974999952316284,7.209999942779541,7.347499942779541,7.487999954223633,7.403333298365275,0
2022-05-13,6.449999809265137,6.5,6.099999904632568,6.199999809265137,50231616,Power,0.040322581885632536,-0.03125004423782163,0.007751967785028402,-0.016129017372408794,6.579999923706055,6.884999942779541,7.1266666094462074,7.269999933242798,7.437999954223633,7.393333292007446,1
2022-05-16,6.650000095367432,6.75,6.550000190734863,6.650000095367432,25522294,Power,0.031007797211870303,0.07258069353967156,0.03846153846153855,0.07377053985862325,6.509999942779541,6.809999942779541,7.043333276112874,7.204999947547913,7.381999950408936,7.381666628519694,1
2022-05-17,6.949999809265137,6.949999809265137,6.75,6.75,10764460,Power,0.04511273828502538,0.015037579428341719,0.029629601372612946,0.030534321136057585,6.5499999046325685,6.769999933242798,6.993333276112875,7.167499947547912,7.337999935150147,7.386666615804036,1
2022-05-18,7.25,7.25,7.150000095367432,7.25,19723957,Power,0.04316549625439259,0.07407407407407418,0.04316549625439259,0.05925927338776771,6.699999904632568,6.774999952316284,6.966666603088379,7.15249993801117,7.2979999351501466,7.39499994913737,1
2022-05-19,7.349999904632568,7.599999904632568,7.0,7.0,50271379,Power,0.013793090294147436,-0.03448275862068961,0.04827584891483694,-0.020979034037302835,6.929999923706054,6.799999952316284,6.959999942779541,7.13999993801117,7.263999938964844,7.39499994913737,1
2022-05-20,7.5,7.599999904632568,7.400000095367432,7.550000190734863,27638468,Power,0.020408176505266162,0.07857145581926628,0.0,0.057142870766776044,7.139999961853027,6.859999942779541,6.96999994913737,7.129999947547913,7.243999938964844,7.388333288828532,1
2022-05-23,7.199999809265137,7.550000190734863,7.150000095367432,7.550000190734863,20138087,Power,-0.04000002543131509,0.0,-0.006578909805936672,-0.0337837833483956,7.249999904632569,6.8799999237060545,6.9566665967305505,7.094999933242798,7.213999938964844,7.359999942779541,0
2022-05-24,7.199999809265137,7.550000190734863,6.949999809265137,7.199999809265137,66947691,Power,0.0,-0.04635766524870244,0.0,-0.02797206761324067,7.2999999046325685,6.9249999046325685,6.946666590372721,7.069999933242798,7.1939999389648435,7.3316665967305505,0
2022-05-25,7.050000190734863,7.5,6.900000095367432,7.300000190734863,43154110,Power,-0.020833280903320373,0.01388894223872672,-0.006622541651882585,-0.007194203635955465,7.259999942779541,6.979999923706055,6.936666615804037,7.039999938011169,7.173999938964844,7.2916666030883786,0
2022-05-26,6.900000095367432,7.050000190734863,6.699999809265137,7.050000190734863,30956433,Power,-0.021276608696346178,-0.0342465744476691,-0.05999997456868489,-0.028985548309857667,7.169999980926514,7.049999952316284,6.923333295186361,7.0124999523162845,7.145999946594238,7.2483332792917885,0
2022-05-27,6.900000095367432,7.099999904632568,6.75,6.949999809265137,17401624,Power,0.0,-0.01418445088854714,0.007092157807799149,0.007462715247501972,7.05,7.094999980926514,6.923333295186361,6.9899999618530275,7.11399995803833,7.211666615804036,0
2022-05-30,6.650000095367432,6.800000190734863,6.599999904632568,6.699999809265137,51891626,Power,-0.036231883557196864,-0.035971224008772174,-0.04225348139821283,-0.022222236350730618,6.940000057220459,7.094999980926514,6.899999968210856,6.952499961853027,7.06399995803833,7.168333292007446,0
2022-05-31,6.900000095367432,6.949999809265137,6.599999904632568,6.650000095367432,79960548,Power,0.037593984423272,-0.00746264407777486,0.022058766812190767,0.0,6.880000114440918,7.090000009536743,6.909999974568685,6.929999971389771,7.031999969482422,7.141666634877523,1
2022-06-01,7.199999809265137,7.199999809265137,6.949999809265137,7.150000095367432,39580352,Power,0.04347821880453617,0.07518796884654377,0.035971224008772174,0.05303028934695919,6.910000038146973,7.084999990463257,6.956666628519694,6.929999971389771,7.01399995803833,7.129999955495198,1
2022-06-02,7.300000190734863,7.449999809265137,7.050000190734863,7.150000095367432,52259678,Power,0.01388894223872672,0.0,0.03472222314204698,0.014388544491240829,6.990000057220459,7.080000019073486,7.029999987284342,6.939999985694885,7.007999973297119,7.119999965031941,1
2022-06-03,7.050000190734863,7.400000095367432,7.0,7.400000095367432,28306517,Power,-0.0342465744476691,0.034965034498667835,-0.0067113711648050245,-0.00709222544427357,7.020000076293945,7.035000038146973,7.070000012715657,6.947499990463257,6.995999984741211,7.098333311080933,0
2022-06-06,7.150000095367432,7.400000095367432,6.800000190734863,6.949999809265137,66832454,Power,0.014184383252072719,-0.06081084868958386,0.0,-0.028571401323590928,7.1200000762939455,7.030000066757202,7.1033333460489905,6.954999995231629,6.985999984741211,7.073333311080932,1
2022-06-07,7.050000190734863,7.25,6.949999809265137,7.099999904632568,24351230,Power,-0.013986000461365,0.021582748127196183,-0.02027028289652799,0.022058766812190767,7.150000095367432,7.015000104904175,7.110000038146973,6.970000004768371,6.973999996185302,7.051666657129924,0
2022-06-08,6.900000095367432,7.150000095367432,6.849999904632568,7.099999904632568,31970318,Power,-0.021276608696346178,0.0,-0.013793090294147325,-0.01438847588157588,7.090000152587891,7.000000095367431,7.0866667111714685,6.990000009536743,6.962000007629395,7.026666657129923,0
2022-06-09,7.099999904632568,7.150000095367432,6.75,6.849999904632568,43150044,Power,0.028985479203023967,-0.03521126807859265,0.0,-0.01459852642697701,7.050000095367432,7.020000076293945,7.070000044504801,7.035000014305115,6.962000007629395,7.014999993642172,1
2022-06-10,7.0,7.199999809265137,6.949999809265137,6.949999809265137,34647341,Power,-0.01408449379940424,0.01459852642697701,0.006992966885427165,0.029629601372612946,7.040000057220459,7.030000066757202,7.036666711171468,7.062500023841858,6.966000003814697,7.003333330154419,0
2022-06-13,6.75,6.849999904632568,6.599999904632568,6.800000190734863,24990229,Power,-0.0357142857142857,-0.021582679517531345,-0.048611099153388904,-0.05035969989034805,6.960000038146973,7.040000057220459,7.006666723887125,7.067500019073487,6.956000003814697,6.9816666603088375,0
2022-06-14,6.699999809265137,6.900000095367432,6.599999904632568,6.699999809265137,31954340,Power,-0.007407435664424145,-0.014705938038939936,0.007299298019120881,0.0,6.889999961853027,7.020000028610229,6.973333390553792,7.0550000190734865,6.953999996185303,6.959999990463257,0
2022-06-15,6.650000095367432,6.75,6.599999904632568,6.699999809265137,18681791,Power,-0.00746264407777486,0.0,-0.02173914395568488,0.0,6.839999961853027,6.965000057220459,6.946666717529297,7.025000023841858,6.96,6.941666666666666,0
2022-06-16,6.349999904632568,6.849999904632568,6.25,6.75,31888228,Power,-0.045112809989860225,0.007462715247501972,0.014814800686306473,-0.05303028934695919,6.689999961853028,6.87000002861023,6.910000038146973,6.975000023841858,6.966000003814697,6.916666666666667,0
2022-06-17,6.050000190734863,6.349999904632568,6.0,6.349999904632568,34635547,Power,-0.047244050142243865,-0.0592592733877676,-0.0729927017461498,-0.040000000000000036,6.5,6.770000028610229,6.853333377838135,6.902500033378601,6.950000019073486,6.888333336512248,0
2022-06-20,5.599999904632568,6.199999809265137,5.449999809265137,6.099999904632568,51450417,Power,-0.0743802102339497,-0.03937007933143677,-0.023622062617355444,-0.09166669845581055,6.269999980926514,6.615000009536743,6.783333365122477,6.8225000381469725,6.908000011444091,6.841666666666667,0
2022-06-21,6.099999904632568,6.150000095367432,5.599999904632568,5.699999809265137,37930726,Power,0.089285715806241,-0.06557378715098938,-0.008064470231593623,0.02752295424165485,6.15,6.519999980926514,6.730000019073486,6.767500042915344,6.8740000152587895,6.819999996821085,1
2022-06-22,6.150000095367432,6.300000190734863,5.800000190734863,6.099999904632568,37069879,Power,0.00819675270763387,0.07017545767584887,0.02439025903112113,0.035714337412192876,6.05,6.4449999809265135,6.660000038146973,6.722500038146973,6.830000019073486,6.808333333333334,1
2022-06-23,6.5,6.599999904632568,6.199999809265137,6.199999809265137,37562064,Power,0.05691055271628542,0.01639342724524062,0.04761900076430181,0.0689654492027858,6.080000019073486,6.384999990463257,6.606666692097982,6.702500033378601,6.796000022888183,6.818333339691162,1
2022-06-24,6.550000190734863,6.800000190734863,6.300000190734863,6.650000095367432,38772508,Power,0.0076923370361328125,0.07258069353967156,0.03030307408973054,0.01612909428163012,6.1800000190734865,6.340000009536743,6.573333358764648,6.685000038146972,6.758000030517578,6.821666685740153,1
2022-06-27,6.550000190734863,6.699999809265137,6.449999809265137,6.599999904632568,22736556,Power,0.0,-0.0075188255665883386,-0.014705938038939936,0.023809462537933257,6.3700000762939455,6.320000028610229,6.533333365122477,6.680000042915344,6.732000045776367,6.818333355585734,0
2022-06-28,6.550000190734863,6.699999809265137,6.400000095367432,6.5,18819511,Power,0.0,-0.015151500920837613,0.0,-0.007751893856784764,6.460000133514404,6.305000066757202,6.500000031789144,6.662500047683716,6.706000061035156,6.805000034968058,0
2022-06-29,6.400000095367432,6.550000190734863,6.400000095367432,6.5,9998610,Power,-0.022900777251825155,0.0,-0.022388003403051693,0.0,6.510000133514405,6.280000066757202,6.4666666984558105,6.622500061988831,6.680000057220459,6.776666704813639,0
2022-06-30,6.449999809265137,6.550000190734863,6.349999904632568,6.5,13489790,Power,0.007812455180101763,0.0,0.0,-0.007812529685906622,6.500000095367431,6.290000057220459,6.423333358764649,6.580000042915344,6.6620000457763675,6.746666701634725,1
2022-07-01,6.400000095367432,6.550000190734863,6.300000190734863,6.5,14425317,Power,-0.007751893856784764,0.0,0.0,-0.007873970810807207,6.470000076293945,6.325000047683716,6.3833333651224775,6.547500038146973,6.642000045776367,6.710000038146973,0
2022-07-04,6.400000095367432,6.550000190734863,6.349999904632568,6.400000095367432,9523033,Power,0.0,-0.015384600712702867,0.0,0.007936462283165913,6.440000057220459,6.405000066757202,6.360000038146973,6.5100000381469725,6.632000045776367,6.683333381017049,0
2022-07-05,6.349999904632568,6.550000190734863,6.300000190734863,6.5,17383986,Power,-0.007812529685906622,0.015624984866008385,0.0,-0.007873970810807207,6.4,6.430000066757202,6.3366667111714685,6.475000023841858,6.610000038146973,6.65500005086263,0
2022-07-06,6.25,6.400000095367432,6.150000095367432,6.349999904632568,15085069,Power,-0.015748016714081325,-0.02307693774883568,-0.022900777251825155,-0.023809538226368665,6.369999980926513,6.440000057220459,6.310000038146972,6.442500019073487,6.572000045776367,6.628333377838135,0
2022-07-07,6.300000190734863,6.400000095367432,6.25,6.349999904632568,10349624,Power,0.008000030517578027,0.0,0.0,0.016260146842582035,6.340000057220459,6.420000076293945,6.306666723887125,6.402500033378601,6.532000045776368,6.608333381017049,1
2022-07-08,6.300000190734863,6.400000095367432,6.199999809265137,6.349999904632568,13059090,Power,0.0,0.0,0.0,-0.008000030517578138,6.320000076293946,6.395000076293945,6.323333390553793,6.367500042915344,6.502000045776367,6.5883333841959635,0
2022-07-11,6.400000095367432,6.599999904632568,6.199999809265137,6.300000190734863,20209434,Power,0.015873000254767344,-0.007873970810807207,0.03124996973201677,0.0,6.320000076293946,6.380000066757202,6.376666736602783,6.350000047683716,6.472000045776367,6.580000050862631,1
2022-07-12,6.5,6.650000095367432,6.349999904632568,6.400000095367432,20248594,Power,0.015624984866008385,0.015873000254767344,0.0075757865844463534,0.024193564513223853,6.350000095367432,6.375000047683716,6.403333409627279,6.340000057220459,6.450000038146973,6.566666714350382,1
2022-07-13,6.349999904632568,6.599999904632568,6.300000190734863,6.550000190734863,14916573,Power,-0.02307693774883568,0.023437514551915006,-0.0075188255665883386,-0.007873970810807207,6.3700000762939455,6.37000002861023,6.4166667302449545,6.325000047683716,6.428000030517578,6.538333384195964,0
2022-07-14,6.300000190734863,6.400000095367432,6.199999809265137,6.349999904632568,13146618,Power,-0.007873970810807207,-0.03053439393562163,-0.030303001841675226,-0.015873075943202752,6.3700000762939455,6.355000066757202,6.403333409627279,6.322500061988831,6.39600004196167,6.5050000508626304,0
2022-07-15,6.25,6.400000095367432,6.199999809265137,6.349999904632568,10066306,Power,-0.007936537971601432,0.0,0.0,0.0,6.360000038146973,6.340000057220459,6.383333396911621,6.332500052452088,6.36600004196167,6.478333377838135,0
2022-07-18,6.300000190734863,6.400000095367432,6.25,6.300000190734863,12850543,Power,0.008000030517578027,-0.007873970810807207,0.0,0.00806454714081517,6.340000057220459,6.3300000667572025,6.366666730244955,6.367500066757202,6.3480000495910645,6.450000047683716,1
2022-07-19,6.400000095367432,6.5,6.25,6.300000190734863,16437165,Power,0.015873000254767344,0.0,0.015624984866008385,0.0,6.320000076293946,6.335000085830688,6.356666723887126,6.382500076293946,6.336000061035156,6.428333377838134,1
2022-07-20,6.349999904632568,6.550000190734863,6.25,6.5,16475324,Power,-0.007812529685906622,0.03174600050953447,0.0076923370361328125,0.0,6.320000076293946,6.345000076293945,6.353333377838135,6.3925000667572025,6.324000053405761,6.410000038146973,0
2022-07-21,6.599999904632568,6.949999809265137,6.300000190734863,6.400000095367432,74627873,Power,0.03937007933143666,-0.015384600712702867,0.06106864227211517,0.008000030517578027,6.380000019073487,6.375000047683716,6.363333384195964,6.397500061988831,6.334000053405762,6.393333371480306,1
2022-07-22,6.5,6.699999809265137,6.449999809265137,6.599999904632568,19388492,Power,-0.015151500920837613,0.03124996973201677,-0.035971224008772174,0.023809462537933257,6.4300000190734865,6.395000028610229,6.370000044504802,6.395000052452088,6.352000045776367,6.37666670481364,0
2022-07-25,6.400000095367432,6.599999904632568,6.349999904632568,6.550000190734863,9869840,Power,-0.015384600712702867,-0.007575714336391148,-0.014925359325276832,-0.015503861641813277,6.45,6.395000028610229,6.370000044504802,6.387500047683716,6.384000053405762,6.365000041325887,0
2022-07-26,6.300000190734863,6.400000095367432,6.300000190734863,6.349999904632568,10900739,Power,-0.015624984866008385,-0.03053439393562163,-0.030303001841675226,-0.007873970810807207,6.4300000190734865,6.375000047683716,6.366666730244955,6.375000047683716,6.392000064849854,6.351666720708211,0
2022-07-27,6.25,6.349999904632568,6.25,6.349999904632568,8648885,Power,-0.007936537971601432,0.0,-0.007812529685906622,-0.007936537971601432,6.410000038146973,6.365000057220459,6.366666730244955,6.367500042915344,6.396000061035156,6.3383333841959635,0
2022-07-28,6.150000095367432,6.349999904632568,6.050000190734863,6.300000190734863,17436036,Power,-0.015999984741210893,-0.007873970810807207,0.0,-0.0319999694824219,6.320000076293946,6.350000047683716,6.356666723887126,6.352500057220459,6.382000064849853,6.331666723887126,0
2022-07-29,6.400000095367432,6.550000190734863,6.150000095367432,6.199999809265137,26379992,Power,0.04065040587370339,-0.015873075943202752,0.03149610852062956,0.01652890933552542,6.300000095367432,6.365000057220459,6.363333384195964,6.352500057220459,6.376000061035156,6.343333387374878,1
2022-08-01,7.0,7.0,6.349999904632568,6.5,67023114,Power,0.09374998370185517,0.048387129026447706,0.06870225895591164,0.03252029368516429,6.420000076293945,6.435000038146972,6.403333377838135,6.382500052452087,6.394000053405762,6.390000057220459,1
2022-08-02,7.199999809265137,7.400000095367432,6.849999904632568,7.050000190734863,83655213,Power,0.028571401323590928,0.08461541395920968,0.057142870766776044,0.07874015866287354,6.6,6.5150000095367435,6.450000031789144,6.4250000476837155,6.420000038146973,6.426666720708211,1
2022-08-03,7.099999904632568,7.300000190734863,6.949999809265137,7.25,41264833,Power,-0.01388887601134181,0.028368766504145215,-0.01351350045186761,0.01459852642697701,6.769999980926514,6.590000009536743,6.500000031789144,6.467500042915344,6.448000030517578,6.45833338101705,0
2022-08-04,7.300000190734863,7.449999809265137,7.050000190734863,7.150000095367432,83243426,Power,0.028169054758972578,-0.013793090294147325,0.020547892412475788,0.014388544491240829,7.0,6.660000038146973,6.56666669845581,6.517500042915344,6.482000045776367,6.485000054041545,1
2022-08-05,7.650000095367432,7.800000190734863,7.449999809265137,7.449999809265137,89902647,Power,0.04794519116270535,0.04195800138409478,0.046979918178581936,0.05673753300829043,7.25,6.775000047683716,6.660000038146973,6.585000038146973,6.532000045776368,6.521666717529297,1
2022-08-08,8.100000381469727,8.25,7.699999809265137,7.75,115808694,Power,0.058823566077443434,0.0402684830087876,0.05769228182835984,0.03355704783899305,7.470000076293945,6.945000076293946,6.78000005086263,6.670000052452087,6.600000057220459,6.573333390553793,1
2022-08-10,8.300000190734863,8.850000381469727,8.100000381469727,8.800000190734863,214376132,Power,0.02469133331433837,0.13548389557869212,0.07272731896602735,0.05194812754713096,7.69000015258789,7.145000076293945,6.906666723887126,6.760000061988831,6.67800006866455,6.631666723887125,1
2022-08-11,7.849999904632568,8.5,7.699999809265137,8.5,85270468,Power,-0.05421690069412555,-0.03409093002642438,-0.03954806399811717,-0.049382784366241106,7.840000152587891,7.305000066757202,7.006666723887125,6.835000061988831,6.7420000648498535,6.68000005086263,0
2022-08-12,7.5,7.849999904632568,7.449999809265137,7.849999904632568,51515984,Power,-0.0445859756540915,-0.0764705994549919,-0.0764705994549919,-0.03246753327177798,7.880000114440918,7.440000057220459,7.066666730244955,6.895000052452088,6.790000057220459,6.715000057220459,0
2022-08-16,7.75,7.900000095367432,7.400000095367432,7.5,49953852,Power,0.03333333333333344,-0.0445859756540915,0.006369451126407855,-0.0067113711648050245,7.900000095367432,7.575000047683716,7.150000063578288,6.970000052452088,6.8480000495910645,6.760000054041544,1
2022-08-17,7.599999904632568,7.849999904632568,7.599999904632568,7.800000190734863,34167706,Power,-0.01935485101515244,0.04000002543131509,-0.006329137991299971,0.02702700090373522,7.8,7.6350000381469725,7.23000005086263,7.035000038146973,6.89600004196167,6.8000000476837155,0
2022-08-18,7.650000095367432,7.800000190734863,7.550000190734863,7.650000095367432,39127461,Power,0.0065789725476688155,-0.019230780987109175,-0.006369390382820028,-0.006578909805936672,7.669999980926514,7.680000066757202,7.320000044504801,7.097500038146973,6.942000045776367,6.843333387374878,1
2022-08-19,7.449999809265137,7.699999809265137,7.400000095367432,7.650000095367432,53317654,Power,-0.026143827922748386,0.0,-0.01282056141338439,-0.019867561798409983,7.589999961853027,7.715000057220459,7.400000031789144,7.152500033378601,6.98600004196167,6.883333381017049,0
2022-08-22,7.650000095367432,8.0,7.25,7.449999809265137,119222208,Power,0.026845676674188024,-0.026143827922748386,0.03896106469689564,-0.02027028289652799,7.619999980926513,7.750000047683716,7.500000031789144,7.205000042915344,7.040000038146973,6.928333377838134,1
2022-08-23,7.849999904632568,7.949999809265137,7.550000190734863,7.650000095367432,66731182,Power,0.026143765591094548,0.026845676674188024,-0.00625002384185791,0.041379336653084575,7.639999961853027,7.770000028610229,7.596666685740153,7.272500038146973,7.104000034332276,6.980000034968058,1
2022-08-24,7.949999809265137,8.199999809265137,7.800000190734863,7.849999904632568,81993384,Power,0.012738841509227994,0.026143765591094548,0.03144654163496252,0.03311258194493716,7.709999942779541,7.75499997138977,7.660000006357829,7.350000023841858,7.170000019073487,7.031666692097982,1
2022-08-25,7.699999809265137,8.050000190734863,7.699999809265137,8.0,46330714,Power,-0.03144654163496252,0.019108292635635626,-0.018292636831624076,-0.01282056141338439,7.719999885559082,7.694999933242798,7.693333339691162,7.420000004768371,7.222000007629394,7.071666685740153,0
2022-08-26,7.650000095367432,7.849999904632568,7.550000190734863,7.75,48018210,Power,-0.006493469498212501,-0.03125,-0.024844755448886202,-0.01948047042154266,7.759999942779541,7.674999952316284,7.730000019073486,7.490000009536743,7.274000015258789,7.115000025431315,0
2022-08-29,7.5,7.650000095367432,7.349999904632568,7.449999809265137,52575082,Power,-0.019607855359147774,-0.03870970203030499,-0.025477683018455766,-0.026490103450292568,7.729999923706055,7.674999952316284,7.743333339691162,7.557500004768372,7.310000019073486,7.155000019073486,0
2022-08-30,7.550000190734863,7.800000190734863,7.550000190734863,7.550000190734863,82315340,Power,0.0066666920979818745,0.013422870339588666,0.019607855359147885,0.02721092363228994,7.669999980926514,7.6549999713897705,7.736666679382324,7.615000009536743,7.352000026702881,7.198333358764648,1
2022-09-01,8.0,8.25,7.5,7.550000190734863,219494159,Power,0.05960262223799195,0.0,0.05769228182835984,-0.006622541651882585,7.6800000190734865,7.6949999809265135,7.729999987284343,7.665000009536743,7.416000022888183,7.255000019073487,1
2022-09-02,8.350000381469727,8.75,8.0,8.050000190734863,265301191,Power,0.04375004768371582,0.06622516388987454,0.06060606060606055,0.06666666666666665,7.8100001335144045,7.7650000095367435,7.733333333333333,7.722500038146973,7.498000030517578,7.320000028610229,1
2022-09-05,9.050000190734863,9.149999618530272,8.399999618530273,8.5,272430874,Power,0.0838323086569639,0.055900596099744515,0.04571424211774544,0.04999995231628418,8.09000015258789,7.9250000476837155,7.813333352406819,7.820000052452087,7.610000038146973,7.410000038146973,1
2022-09-06,8.899999618530273,9.449999809265137,8.800000190734863,9.300000190734863,192505696,Power,-0.016574648513063672,0.09411766949821931,0.032786907458150605,0.04761911790117157,8.370000076293945,8.05,7.906666660308838,7.900000023841858,7.7200000190734865,7.486666695276896,0
2022-09-07,8.699999809265137,9.050000190734863,8.649999618530273,8.75,83491506,Power,-0.02247188964466096,-0.05913980424245602,-0.04232800281520632,-0.01704551919925168,8.6,8.134999990463257,7.969999980926514,7.9525000095367435,7.812000007629394,7.5600000222524,0
2022-09-08,8.949999809265137,9.25,8.800000190734863,8.850000381469727,142340084,Power,0.028735632813895018,0.0114286150251115,0.022099425972376352,0.017341107377999654,8.789999961853027,8.234999990463256,8.059999974568685,7.994999980926513,7.89,7.645000012715657,1
2022-09-09,8.350000381469727,9.149999618530272,8.300000190734863,9.050000190734863,105491499,Power,-0.06703904364045732,0.022598847530436172,-0.010810852050781472,-0.056818180586680866,8.789999961853027,8.300000047683715,8.106666660308838,7.997499990463257,7.936000022888184,7.71333335240682,0
2022-09-12,8.600000381469727,8.75,8.399999618530273,8.449999809265137,79065545,Power,0.02994011839266486,-0.0662983832955043,-0.043715807126396555,0.012048123553905166,8.7,8.395000076293945,8.183333365122477,8.035000014305115,7.99600004196167,7.791666698455811,1
2022-09-13,8.449999809265137,8.699999809265137,8.399999618530273,8.699999809265137,59441898,Power,-0.017441926226863136,0.02958579948438378,-0.00571430751255575,0.0,8.610000038146973,8.49000005722046,8.236666679382324,8.082500004768372,8.042000026702881,7.868333355585734,0
2022-09-14,8.350000381469727,8.550000190734863,8.149999618530273,8.199999809265137,64686755,Power,-0.011834252077232543,-0.05747126562779015,-0.0172413358412411,-0.02976190611348406,8.54000015258789,8.570000076293946,8.270000044504801,8.112500023841857,8.070000038146972,7.933333365122477,0
2022-09-15,8.5,8.850000381469727,8.449999809265137,8.449999809265137,107116460,Power,0.017964025350603707,0.030487805587205763,0.035087740823673386,0.036809841076896,8.450000190734864,8.620000076293945,8.306666723887126,8.15750002861023,8.086000022888184,7.983333365122477,1
2022-09-16,8.199999809265137,8.550000190734863,8.149999618530273,8.5,62265774,Power,-0.035294140086454484,0.005917182469050486,-0.03389832517555691,-0.035502981953434265,8.420000076293945,8.605000019073486,8.34000005722046,8.185000014305114,8.082000007629395,8.016666698455811,0
2022-09-19,8.100000381469727,8.350000381469727,7.949999809265137,8.300000190734863,51506071,Power,-0.012195052453833122,-0.023529389325310235,-0.02339179003549785,-0.024539855046177728,8.320000076293946,8.510000038146973,8.370000076293945,8.217500042915344,8.09200002670288,8.050000047683715,0
2022-09-20,8.050000190734863,8.300000190734863,8.050000190734863,8.25,29372665,Power,-0.006172862762975684,-0.006024119227211244,-0.005988046521030466,0.012578664637599601,8.240000152587891,8.425000095367432,8.40666675567627,8.237500047683715,8.114000034332275,8.075000047683716,0
2022-09-21,8.050000190734863,8.25,8.0,8.100000381469727,39444872,Power,0.0,-0.018181771943063474,-0.006024119227211244,-0.006211203670828613,8.180000114440919,8.360000133514404,8.440000089009603,8.24750006198883,8.12600004196167,8.088333384195964,0
2022-09-22,8.300000190734863,8.449999809265137,8.0,8.100000381469727,96099849,Power,0.031055899885286564,0.0,0.024242401123046875,0.0,8.140000152587891,8.295000171661377,8.46000010172526,8.265000081062317,8.154000053405762,8.095000044504802,1
2022-09-23,8.050000190734863,8.399999618530273,8.0,8.350000381469727,43143270,Power,-0.03012048123553901,0.030864196077313943,-0.005917182469050486,0.0,8.110000228881836,8.265000152587891,8.440000089009603,8.282500100135803,8.17000005722046,8.086666711171468,0
2022-09-26,7.699999809265137,7.949999809265137,7.599999904632568,7.949999809265137,77093604,Power,-0.04347830722694379,-0.04790425795575637,-0.05357140829773899,-0.050000011920928955,8.030000114440918,8.175000095367432,8.350000063578287,8.285000085830688,8.18000005722046,8.081666707992554,0
2022-09-27,7.599999904632568,7.800000190734863,7.449999809265137,7.699999809265137,67746280,Power,-0.012987000923330161,-0.03144654163496252,-0.01886787699736292,-0.019736854901274303,7.940000057220459,8.090000104904174,8.263333415985107,8.290000081062317,8.178000049591065,8.085000038146973,0
2022-09-28,7.25,7.699999809265137,7.150000095367432,7.449999809265137,53713314,Power,-0.04605261960848528,-0.03246753327177798,-0.01282056141338439,-0.040268419003798184,7.780000019073486,7.980000066757202,8.1666667620341,8.275000071525573,8.154000053405762,8.068333371480305,0
2022-09-29,7.099999904632568,7.5,6.949999809265137,7.349999904632568,58487600,Power,-0.020689668326542288,-0.013422806334599358,-0.025974001846660322,-0.02797206761324067,7.539999961853027,7.840000057220459,8.043333435058594,8.230000066757203,8.120000057220459,8.05166670481364,0
2022-09-30,7.349999904632568,7.449999809265137,6.949999809265137,7.0,52923439,Power,0.03521126807859276,-0.047619035261751486,-0.006666692097981763,0.0,7.399999904632568,7.755000066757202,7.976666736602783,8.180000042915344,8.106000061035155,8.04166669845581,1
2022-10-03,7.199999809265137,7.550000190734863,7.150000095367432,7.349999904632568,31812199,Power,-0.020408176505266273,0.04999998637608116,0.013422870339588666,0.028777020372816597,7.2999999046325685,7.665000009536743,7.8833333651224775,8.087500023841859,8.088000049591065,8.033333365122477,0
2022-10-04,7.449999809265137,7.599999904632568,7.25,7.300000190734863,40542053,Power,0.03472222314204698,-0.006802682251218939,0.006622478494644701,0.013986000461365,7.269999885559082,7.604999971389771,7.81666669845581,8.015000033378602,8.08600004196167,8.026666688919068,1
2022-10-06,7.699999809265137,7.800000190734863,7.5,7.550000190734863,38866785,Power,0.03355704783899305,0.03424657444766899,0.02631582744894323,0.034482758620689724,7.3599998474121096,7.569999933242798,7.7733333269755045,7.965000033378601,8.09200002670288,8.021666685740152,1
2022-10-07,8.149999618530273,8.25,7.699999809265137,7.75,110674555,Power,0.05844153511843819,0.026490040293054573,0.05769228182835984,0.026666641235351562,7.56999979019165,7.554999876022339,7.749999968210856,7.925000023841858,8.098000011444093,8.02833334604899,1
2022-10-10,8.449999809265137,8.550000190734863,8.050000190734863,8.149999618530273,162678330,Power,0.036809841076896,0.05161285400390625,0.03636365948301368,0.04545459612201341,7.789999771118164,7.594999837875366,7.766666634877523,7.929999995231628,8.101999988555908,8.05333334604899,1
2022-10-11,8.050000190734863,8.75,8.0,8.649999618530273,100923485,Power,-0.04733723403066681,0.06134969612307395,0.02339179003549785,-0.006211203670828613,7.959999847412109,7.629999876022339,7.763333288828532,7.902499985694885,8.061999988555907,8.06666668256124,0
2022-10-12,7.699999809265137,8.199999809265137,7.599999904632568,8.149999618530273,66361159,Power,-0.04347830722694379,-0.057803470757257114,-0.06285716465541291,-0.050000011920928955,8.009999847412109,7.639999866485596,7.739999930063884,7.864999985694885,8.013999996185303,8.073333342870077,0
2022-10-13,7.800000190734863,7.949999809265137,7.5,7.699999809265137,47222179,Power,0.01298706285023532,-0.0552147031077147,-0.030487805587205763,-0.013157882353605488,8.029999923706054,7.694999885559082,7.723333263397217,7.837499976158142,7.978000011444092,8.08166667620341,1
2022-10-14,7.849999904632568,8.149999618530273,7.800000190734863,8.0,32420088,Power,0.006410219573724785,0.03896106469689564,0.02515720931616272,0.04000002543131509,7.969999980926514,7.769999885559082,7.69333324432373,7.804999971389771,7.934000015258789,8.076666673024496,1
2022-10-17,7.599999904632568,7.849999904632568,7.5,7.75,39064034,Power,-0.03184713414486362,-0.03125,-0.03680978256926659,-0.03846156197421824,7.8,7.794999885559082,7.663333225250244,7.774999976158142,7.903999996185303,8.051666657129923,0
2022-10-18,7.800000190734863,7.949999809265137,7.599999904632568,7.699999809265137,44073920,Power,0.02631582744894323,-0.006451637514175879,0.012738841509227994,0.013333320617675781,7.75,7.854999923706055,7.669999917348226,7.759999966621399,7.871999988555908,8.009999990463257,1
2022-10-19,7.900000095367432,8.050000190734863,7.75,7.900000095367432,35433882,Power,0.012820500280416924,0.02597406377356548,0.012578664637599601,0.019736854901274414,7.790000057220459,7.899999952316284,7.689999930063883,7.752499961853028,7.85,7.9766666730244955,1
2022-10-20,7.900000095367432,8.199999809265137,7.75,7.900000095367432,81208744,Power,0.0,0.0,0.018633492543629337,0.0,7.810000038146972,7.919999980926514,7.733333269755046,7.744999957084656,7.831999988555908,7.950000015894572,0
2022-10-21,7.800000190734863,8.050000190734863,7.75,7.949999809265137,32257272,Power,-0.012658215623466695,0.006329077632166724,-0.018292636831624076,0.0,7.800000095367432,7.8850000381469725,7.779999955495199,7.719999957084656,7.803999996185302,7.911666695276896,0
2022-10-24,7.75,7.849999904632568,7.599999904632568,7.800000190734863,24809980,Power,-0.006410280706692251,-0.01886787699736292,-0.024844755448886202,-0.01935485101515244,7.830000114440918,7.815000057220459,7.806666628519694,7.704999947547913,7.7860000038146975,7.8916666825612385,0
2022-10-25,7.550000190734863,7.849999904632568,7.449999809265137,7.699999809265137,45860228,Power,-0.025806427001953125,-0.01282056141338439,0.0,-0.019736854901274303,7.780000114440918,7.765000057220459,7.829999987284342,7.697499966621399,7.763999996185302,7.856666676203409,0
2022-10-27,7.5,7.699999809265137,7.449999809265137,7.650000095367432,35640301,Power,-0.006622541651882585,-0.006493469498212501,-0.019108292635635737,0.0,7.7000000953674315,7.7450000762939455,7.833333333333333,7.69249997138977,7.741999988555908,7.825000015894572,0
2022-10-28,7.5,7.599999904632568,7.400000095367432,7.5,20418921,Power,0.0,-0.019607855359147774,-0.012987000923330161,-0.0067113711648050245,7.6200000762939455,7.715000057220459,7.820000012715657,7.70499997138977,7.719999980926514,7.796666669845581,0
2022-10-31,7.5,7.599999904632568,7.449999809265137,7.550000190734863,33128054,Power,0.0,0.0066666920979818745,0.0,0.00675671800720723,7.560000038146972,7.680000066757202,7.776666704813639,7.724999976158142,7.687999973297119,7.763333336512248,0
2022-11-01,7.449999809265137,7.699999809265137,7.449999809265137,7.5,32670324,Power,-0.006666692097981763,-0.006622541651882585,0.013157882353605599,0.0,7.5,7.665000057220459,7.710000038146973,7.729999971389771,7.66399995803833,7.738333336512247,0
2022-11-02,7.400000095367432,7.5,7.349999904632568,7.5,19475424,Power,-0.0067113711648050245,0.0,-0.025974001846660322,-0.013422806334599358,7.469999980926514,7.625000047683716,7.666666698455811,7.739999985694885,7.6519999694824214,7.714999993642171,0
2022-11-03,7.400000095367432,7.550000190734863,7.300000190734863,7.349999904632568,22117192,Power,0.0,-0.020000012715657545,0.0066666920979818745,-0.006802682251218939,7.45,7.575000047683716,7.646666717529297,7.7375,7.643999977111816,7.69333332379659,0
2022-11-04,7.5,7.550000190734863,7.400000095367432,7.400000095367432,16466814,Power,0.01351350045186761,0.006802747127023556,0.0,0.013698616715036138,7.45,7.535000038146973,7.62666670481364,7.727500009536743,7.653999977111816,7.674999984105428,1
2022-11-07,7.650000095367432,7.800000190734863,7.5,7.599999904632568,93148030,Power,0.020000012715657656,0.02702700090373522,0.03311258194493716,0.01351350045186761,7.480000019073486,7.520000028610229,7.613333384195964,7.702500033378601,7.675999984741211,7.653333314259847,1
2022-11-09,7.550000190734863,7.75,7.5,7.75,19152770,Power,-0.013071882795547274,0.019736854901274414,-0.006410280706692251,0.0,7.500000095367431,7.500000047683716,7.610000069936117,7.657500052452088,7.683999996185303,7.63666664759318,0
2022-11-10,7.5,7.650000095367432,7.449999809265137,7.550000190734863,31640120,Power,-0.006622541651882585,-0.025806427001953125,-0.012903213500976562,-0.006666692097981763,7.520000076293945,7.49500002861023,7.590000057220459,7.630000042915344,7.696000003814698,7.629999987284342,0
2022-11-11,7.449999809265137,7.599999904632568,7.400000095367432,7.599999904632568,25367210,Power,-0.006666692097981763,0.006622478494644701,-0.006535972563600612,-0.0067113711648050245,7.530000019073486,7.490000009536743,7.560000038146972,7.617500042915344,7.696000003814698,7.624999984105428,0
2022-11-14,7.449999809265137,7.599999904632568,7.400000095367432,7.5,32194089,Power,0.0,-0.013157882353605488,0.0,0.0,7.519999980926514,7.4849999904632565,7.530000019073486,7.600000023841858,7.686000003814697,7.631666644414266,0
2022-11-15,7.449999809265137,7.599999904632568,7.400000095367432,7.5,19234282,Power,0.0,0.0,0.0,0.0,7.479999923706055,7.479999971389771,7.506666660308838,7.580000019073486,7.658000011444091,7.643333307902018,0
2022-11-16,7.400000095367432,7.650000095367432,7.400000095367432,7.5,59857616,Power,-0.0067113711648050245,0.0,0.0065789725476688155,0.0,7.449999904632568,7.475,7.483333333333333,7.570000028610229,7.6160000228881835,7.644999980926514,0
2022-11-17,7.349999904632568,7.5,7.300000190734863,7.449999809265137,27017728,Power,-0.00675678244466027,-0.006666692097981763,-0.019607855359147774,-0.01351350045186761,7.419999885559082,7.469999980926514,7.469999980926514,7.547500014305115,7.588000011444092,7.6499999841054285,0
2022-11-18,7.300000190734863,7.449999809265137,7.25,7.349999904632568,20139199,Power,-0.006802682251218939,-0.013422806334599358,-0.006666692097981763,-0.0068493410175966,7.389999961853027,7.459999990463257,7.456666660308838,7.517500019073486,7.572000026702881,7.6449999968210856,0
2022-11-21,7.199999809265137,7.300000190734863,7.099999904632568,7.300000190734863,27028618,Power,-0.0136986820351932,-0.006802682251218939,-0.020134177499404382,-0.020689668326542288,7.339999961853027,7.429999971389771,7.436666647593181,7.482500004768371,7.548000011444092,7.628333330154419,0
2022-11-22,7.550000190734863,7.599999904632568,7.150000095367432,7.199999809265137,160194654,Power,0.0486111653807737,-0.0136986820351932,0.04109585014510864,0.007042280479784058,7.360000038146973,7.419999980926514,7.4399999936421715,7.470000004768371,7.536000022888183,7.608333349227905,1
2022-11-23,7.449999809265137,7.699999809265137,7.400000095367432,7.599999904632568,22877757,Power,-0.01324508330376517,0.05555557027275215,0.013157882353605599,0.034965034498667835,7.369999980926513,7.409999942779541,7.4399999936421715,7.454999995231629,7.530000019073486,7.575000015894572,0
2022-11-24,7.349999904632568,7.5,7.349999904632568,7.400000095367432,10866630,Power,-0.013422806334599358,-0.026315764707210976,-0.025974001846660322,-0.00675678244466027,7.369999980926513,7.394999933242798,7.436666647593181,7.4449999809265135,7.5120000076293945,7.551666673024496,0
2022-11-25,7.449999809265137,7.599999904632568,7.300000190734863,7.400000095367432,42401629,Power,0.013605429378242606,0.0,0.013333320617675781,-0.006802682251218939,7.399999904632568,7.394999933242798,7.439999961853028,7.44249997138977,7.493999996185303,7.543333339691162,1
2022-11-28,7.599999904632568,7.75,7.400000095367432,7.449999809265137,77448813,Power,0.02013424150439369,0.00675671800720723,0.019736854901274414,0.013698616715036138,7.479999923706055,7.409999942779541,7.446666622161866,7.447499966621399,7.481999988555908,7.536666663487752,1
2022-11-29,7.5,7.800000190734863,7.5,7.650000095367432,30810570,Power,-0.013157882353605488,0.026845676674188024,0.006451637514175879,0.01351350045186761,7.469999885559082,7.414999961853027,7.436666615804037,7.447499966621399,7.469999980926514,7.525,0
2022-11-30,7.699999809265137,7.800000190734863,7.5,7.599999904632568,110750718,Power,0.026666641235351562,-0.006535972563600612,0.0,0.0,7.519999885559082,7.444999933242798,7.446666590372721,7.459999966621399,7.467999973297119,7.528333330154419,1
2022-12-01,7.900000095367432,8.0,7.650000095367432,7.699999809265137,96670803,Power,0.02597406377356548,0.013157882353605599,0.02564100056083385,0.020000012715657656,7.6299999237060545,7.499999952316284,7.473333263397217,7.484999966621399,7.4819999694824215,7.531666660308838,1
2022-12-02,7.949999809265137,8.149999618530273,7.699999809265137,7.900000095367432,86825648,Power,0.006329077632166724,0.02597406377356548,0.01874995231628418,0.006535910231946662,7.729999923706055,7.564999914169311,7.50666659673055,7.5124999523162845,7.499999961853027,7.533333317438761,1
2022-12-05,8.050000190734863,8.300000190734863,7.849999904632568,8.0,137041295,Power,0.012578664637599601,0.012658215623466695,0.01840497904607763,0.019480532348447932,7.8199999809265135,7.649999952316284,7.546666622161865,7.539999961853027,7.5219999694824216,7.538333320617676,1
2022-12-06,7.900000095367432,8.149999618530273,7.849999904632568,8.0,47129503,Power,-0.01863355177805759,0.0,-0.018072357681633844,0.0,7.9,7.684999942779541,7.576666641235351,7.5524999618530275,7.5379999732971195,7.541666650772095,0
2022-12-07,7.75,7.949999809265137,7.650000095367432,7.949999809265137,38684649,Power,-0.018987353614766667,-0.00625002384185791,-0.024539855046177728,-0.025477683018455766,7.910000038146973,7.714999961853027,7.599999968210856,7.562499952316284,7.549999980926514,7.541666650772095,0
2022-12-08,7.650000095367432,7.800000190734863,7.599999904632568,7.75,28232684,Power,-0.012903213500976562,-0.02515720931616272,-0.01886787699736292,-0.006535972563600612,7.860000038146973,7.744999980926513,7.619999980926513,7.569999957084656,7.559999980926514,7.544999980926514,0
2022-12-09,7.5,7.949999809265137,7.449999809265137,7.699999809265137,70604796,Power,-0.019607855359147774,-0.006451637514175879,0.01923071985414171,-0.019736854901274303,7.770000076293945,7.75,7.633333301544189,7.572499966621399,7.563999977111816,7.544999980926514,0
2022-12-12,8.300000190734863,8.399999618530273,7.599999904632568,7.599999904632568,265026290,Power,0.10666669209798174,-0.012987000923330161,0.05660375095112524,0.02013424150439369,7.820000076293946,7.820000028610229,7.706666660308838,7.614999985694885,7.595999984741211,7.571666653951009,1
2022-12-13,7.900000095367432,8.449999809265137,7.900000095367432,8.399999618530273,99364112,Power,-0.04819278146691419,0.10526312157057616,0.005952403929229133,0.03947370980254861,7.820000076293946,7.860000038146973,7.729999987284343,7.6375,7.605999984741211,7.584999990463257,0
2022-12-14,8.300000190734863,8.399999618530273,7.800000190734863,7.949999809265137,114098150,Power,0.05063292285300003,-0.05357140829773899,-0.005917182469050486,-0.012658215623466695,7.930000114440918,7.920000076293945,7.786666679382324,7.682500004768372,7.635999984741211,7.613333336512247,1
2022-12-15,8.0,8.449999809265137,7.900000095367432,8.199999809265137,151515687,Power,-0.036144600462750365,0.03144654163496252,0.005952403929229133,0.012820500280416924,8.000000095367431,7.930000066757202,7.830000019073486,7.715000009536743,7.655999984741211,7.633333333333334,0
2022-12-16,8.0,8.149999618530273,7.849999904632568,8.0,146906618,Power,0.0,-0.02439022120941492,-0.035502981953434265,-0.006329137991299971,8.100000095367431,7.935000085830689,7.866666698455811,7.75,7.677999992370605,7.653333330154419,0
2022-12-19,8.149999618530273,8.300000190734863,8.0,8.050000190734863,73179657,Power,0.01874995231628418,0.00625002384185791,0.01840497904607763,0.019108292635635626,8.069999980926514,7.945000028610229,7.903333346048991,7.7974999904632565,7.705999984741211,7.674999984105428,1
2022-12-20,8.25,8.649999618530273,8.100000381469727,8.149999618530273,135081153,Power,0.012269986030718272,0.012422288872800724,0.042168604789444286,0.01250004768371582,8.139999961853027,7.980000019073486,7.953333346048991,7.832499980926514,7.7379999923706055,7.6949999809265135,1
2022-12-21,7.550000190734863,8.399999618530273,7.349999904632568,8.300000190734863,143077156,Power,-0.08484846172910743,0.01840497904607763,-0.028901735378628612,-0.09259264710072423,7.9899999618530275,7.960000038146973,7.943333371480306,7.8375,7.743999996185303,7.6949999809265135,0
2022-12-22,7.349999904632568,7.75,7.150000095367432,7.650000095367432,125232454,Power,-0.026490103450292568,-0.07831326270245331,-0.0773809104819938,-0.027210858756485212,7.859999942779541,7.9300000190734865,7.906666692097982,7.8375,7.743999996185303,7.6899999777476,0
2022-12-23,6.800000190734863,7.25,6.75,7.25,73729208,Power,-0.0748298940182367,-0.052287593513842934,-0.06451612903225812,-0.05594406853597056,7.619999980926513,7.860000038146973,7.830000050862631,7.8050000190734865,7.723999996185302,7.66833332379659,0
2022-12-26,7.349999904632568,7.449999809265137,6.75,6.800000190734863,64544751,Power,0.08088230859862189,-0.062068939208984375,0.02758618058829465,0.0,7.460000038146973,7.7650000095367435,7.783333365122477,7.792500019073486,7.73,7.664999993642171,1
2022-12-27,7.349999904632568,7.599999904632568,7.199999809265137,7.400000095367432,37636456,Power,0.0,0.08823527761809191,0.02013424150439369,0.06666663840964993,7.280000019073486,7.709999990463257,7.746666685740153,7.785000014305115,7.7219999885559085,7.661666663487752,0
2022-12-28,7.349999904632568,7.550000190734863,7.25,7.349999904632568,25058105,Power,0.0,-0.00675678244466027,-0.006578909805936672,0.00694447111936336,7.2399999618530275,7.6149999618530275,7.720000012715658,7.767500019073486,7.717999992370605,7.659999990463257,0
2022-12-29,7.400000095367432,7.449999809265137,7.25,7.349999904632568,30572926,Power,0.006802747127023556,0.0,-0.01324508330376517,0.0,7.25,7.554999971389771,7.703333346048991,7.7425000190734865,7.72,7.661666663487752,1
2022-12-30,7.550000190734863,7.699999809265137,7.400000095367432,7.449999809265137,54364539,Power,0.02027028289652799,0.013605429378242606,0.03355704783899305,0.020689668326542288,7.4,7.509999990463257,7.706666692097982,7.722500038146973,7.724000015258789,7.669999996821086,1
2023-01-02,7.699999809265137,7.800000190734863,7.449999809265137,7.599999904632568,46015127,Power,0.019867498641171988,0.02013424150439369,0.01298706285023532,0.00675671800720723,7.469999980926514,7.465000009536743,7.666666666666667,7.705000019073486,7.728000011444092,7.6866666634877525,1
2023-01-03,7.650000095367432,7.849999904632568,7.550000190734863,7.699999809265137,37671451,Power,-0.006493469498212501,0.013157882353605599,0.006410219573724785,0.013422870339588666,7.530000019073486,7.405000019073486,7.65,7.692500019073487,7.734000015258789,7.6899999936421715,0
2023-01-04,7.449999809265137,7.75,7.449999809265137,7.650000095367432,40038078,Power,-0.026143827922748386,-0.006493469498212501,-0.012738841509227883,-0.01324508330376517,7.55,7.394999980926514,7.593333307902018,7.677500009536743,7.724000015258789,7.6899999936421715,0
2023-01-05,7.449999809265137,7.550000190734863,7.300000190734863,7.5,28125897,Power,0.0,-0.019607855359147774,-0.025806427001953125,-0.020134177499404382,7.559999942779541,7.4049999713897705,7.556666628519694,7.667499995231628,7.706000003814697,7.69333332379659,0
2023-01-06,7.400000095367432,7.5,7.300000190734863,7.5,25505103,Power,-0.0067113711648050245,0.0,-0.006622541651882585,0.0,7.529999923706055,7.464999961853027,7.516666634877523,7.6625,7.684000015258789,7.691666666666666,0
2023-01-09,7.300000190734863,7.400000095367432,7.25,7.400000095367432,24723318,Power,-0.01351350045186761,-0.013333320617675781,-0.013333320617675781,-0.0068493410175966,7.45,7.459999990463257,7.460000006357829,7.6125,7.654000015258789,7.68166667620341,0
2023-01-10,7.25,7.400000095367432,7.199999809265137,7.300000190734863,27718903,Power,-0.0068493410175966,-0.01351350045186761,0.0,-0.006896578032394962,7.369999980926513,7.45,7.3933333396911625,7.579999995231629,7.628000011444092,7.673333342870077,0
2023-01-11,7.300000190734863,7.400000095367432,7.199999809265137,7.25,22138794,Power,0.006896578032394851,-0.0068493410175966,0.0,0.0,7.340000057220459,7.445000028610229,7.376666673024496,7.529999995231629,7.610000019073486,7.660000022252401,1
2023-01-12,7.25,7.349999904632568,7.150000095367432,7.349999904632568,24534387,Power,-0.0068493410175966,0.013793090294147436,-0.00675678244466027,-0.006944404891978451,7.300000095367432,7.4300000190734865,7.370000012715658,7.492499995231628,7.594000015258789,7.6383333524068195,0
2023-01-13,7.25,7.300000190734863,7.150000095367432,7.25,18755293,Power,0.0,-0.013605429378242606,-0.006802682251218939,0.0,7.270000076293945,7.4,7.4,7.454999995231629,7.584000015258789,7.615000025431315,0
2023-01-16,7.199999809265137,7.349999904632568,7.150000095367432,7.300000190734863,12666649,Power,-0.006896578032394962,0.006896578032394851,0.00684927569743965,0.0,7.25,7.35,7.389999993642172,7.407500004768371,7.54,7.586666679382324,0
2023-01-17,7.25,7.349999904632568,7.199999809265137,7.25,21114589,Power,0.00694447111936336,-0.0068493410175966,0.0,0.006992966885427165,7.25,7.309999990463257,7.383333333333334,7.357500004768371,7.513999996185302,7.565000009536743,1
2023-01-18,7.25,7.300000190734863,7.150000095367432,7.25,17715616,Power,0.0,0.0,-0.006802682251218939,-0.006944404891978451,7.2399999618530275,7.290000009536743,7.376666673024496,7.342499995231629,7.4719999885559085,7.548333342870077,0
2023-01-19,7.199999809265137,7.349999904632568,7.150000095367432,7.25,16044819,Power,-0.006896578032394962,0.0,0.00684927569743965,0.0,7.229999923706055,7.2650000095367435,7.363333320617675,7.334999990463257,7.439999980926514,7.533333333333333,0
2023-01-20,7.199999809265137,7.349999904632568,7.150000095367432,7.199999809265137,17235975,Power,0.0,-0.006896578032394962,0.0,0.0,7.219999885559082,7.244999980926513,7.339999961853027,7.354999971389771,7.40799997329712,7.5233333269755045,0
2023-01-23,7.099999904632568,7.25,7.050000190734863,7.25,16324017,Power,-0.01388887601134181,0.00694447111936336,-0.013605429378242606,-0.013986000461365,7.199999904632568,7.224999952316284,7.299999968210856,7.3424999713897705,7.365999984741211,7.4833333174387615,0
2023-01-24,7.150000095367432,7.199999809265137,7.050000190734863,7.099999904632568,11093908,Power,0.007042280479784058,-0.020689668326542288,-0.006896578032394962,0.0,7.179999923706054,7.214999961853027,7.266666634877523,7.332499980926514,7.321999988555908,7.458333317438761,1
2023-01-25,7.150000095367432,7.25,7.099999904632568,7.150000095367432,16156728,Power,0.0,0.007042280479784058,0.00694447111936336,0.007092157807799149,7.159999942779541,7.1999999523162845,7.246666653951009,7.322499990463257,7.305999984741211,7.419999980926514,0
2023-01-27,6.949999809265137,7.25,6.900000095367432,7.150000095367432,33065234,Power,-0.02797206761324067,0.0,0.0,-0.028168987598808592,7.109999942779541,7.1699999332427975,7.213333320617676,7.2999999761581424,7.289999980926513,7.384999974568685,0
2023-01-30,6.900000095367432,7.150000095367432,6.849999904632568,7.0,21229578,Power,-0.007194203635955465,-0.020979034037302835,-0.013793090294147325,-0.007246404354172786,7.05,7.134999942779541,7.179999987284343,7.26749997138977,7.293999977111817,7.348333311080933,0
2023-01-31,7.150000095367432,7.300000190734863,6.900000095367432,6.949999809265137,26323678,Power,0.036231883557196864,-0.00714288439069477,0.020979034037302835,0.007299298019120881,7.060000038146972,7.12999997138977,7.169999980926514,7.239999985694885,7.285999984741211,7.3149999936421715,1
2023-02-01,6.949999809265137,7.300000190734863,6.849999904632568,7.25,28681189,Power,-0.02797206761324067,0.04316549625439259,0.0,-0.007246404354172786,7.019999980926514,7.099999952316284,7.149999968210856,7.20499997138977,7.269999980926514,7.2716666539510095,0
2023-02-02,6.900000095367432,7.099999904632568,6.800000190734863,6.900000095367432,26528604,Power,-0.007194203635955465,-0.04827584891483705,-0.02739729875022945,-0.007299228407856018,6.969999980926514,7.064999961853028,7.12333329518636,7.177499985694885,7.251999988555908,7.249999984105428,0
2023-02-03,6.800000190734863,7.0,6.699999809265137,6.949999809265137,30907250,Power,-0.014492739601511984,0.007246335247339308,-0.01408449379940424,-0.014705938038939936,6.940000057220459,7.025,7.093333307902018,7.145000004768372,7.227999992370606,7.2316666603088375,0
2023-02-06,7.0,7.050000190734863,6.75,6.849999904632568,17570695,Power,0.02941173583166079,-0.01438847588157588,0.007142884390694659,0.007462715247501972,6.960000038146973,7.005000019073487,7.076666641235351,7.125,7.205999984741211,7.238333320617675,1
2023-02-07,7.150000095367432,7.199999809265137,7.0,7.050000190734863,26980989,Power,0.021428585052490234,0.029197122465218994,0.021276541059871645,0.03703703703703698,6.960000038146973,7.0100000381469725,7.073333326975504,7.117499995231628,7.183999996185303,7.2316666603088375,1
2023-02-08,7.0,7.25,6.900000095367432,7.150000095367432,17527390,Power,-0.020979034037302835,0.014184383252072719,0.00694447111936336,-0.014285700661795464,6.970000076293945,6.99500002861023,7.056666660308838,7.104999995231628,7.1579999923706055,7.219999996821086,0
2023-02-09,7.050000190734863,7.199999809265137,6.949999809265137,7.0,15465554,Power,0.007142884390694659,-0.020979034037302835,-0.006896578032394962,0.007246335247339308,7.000000095367431,6.985000038146973,7.043333339691162,7.092499995231629,7.142000007629394,7.210000006357829,1
2023-02-10,7.050000190734863,7.199999809265137,7.0,7.050000190734863,14431172,Power,0.0,0.007142884390694659,0.0,0.0071942722456204145,7.050000095367432,6.9950000762939455,7.033333365122477,7.082500004768372,7.126000022888183,7.198333342870076,0
2023-02-13,7.050000190734863,7.150000095367432,6.949999809265137,7.099999904632568,12693065,Power,0.0,0.007092157807799149,-0.006944404891978451,-0.00714288439069477,7.0600001335144045,7.010000085830688,7.023333390553792,7.072500014305115,7.112000026702881,7.18166667620341,0
2023-02-14,6.400000095367432,6.550000190734863,6.099999904632568,6.25,62622209,Power,-0.09219859259318375,-0.11971829803518241,-0.08391606945870045,-0.1223021479078924,6.910000133514404,6.935000085830689,6.976666736602783,7.0325000286102295,7.076000022888183,7.1383333524068195,0
2023-02-15,6.650000095367432,6.75,6.349999904632568,6.400000095367432,27528442,Power,0.03906249941792339,0.024000015258789142,0.030534321136057585,0.04098360719811489,6.840000152587891,6.905000114440918,6.94333340326945,7.002500033378601,7.052000026702881,7.105000019073486,1
2023-02-16,6.800000190734863,6.849999904632568,6.550000190734863,6.550000190734863,19575038,Power,0.022556404994930057,0.023437514551915006,0.014814800686306473,0.03149610852062956,6.790000152587891,6.8950001239776615,6.920000076293945,6.980000042915345,7.032000026702881,7.083333365122477,1
2023-02-17,6.800000190734863,6.949999809265137,6.699999809265137,6.800000190734863,22912518,Power,0.0,0.03816793781985406,0.01459852642697701,0.02290070445226111,6.740000152587891,6.8950001239776615,6.91000010172526,6.960000061988831,7.014000034332275,7.061666711171468,0
2023-02-20,6.900000095367432,7.050000190734863,6.75,6.800000190734863,26216024,Power,0.014705867915830284,0.0,0.014388544491240829,0.007462715247501972,6.710000133514404,6.885000133514405,6.91000010172526,6.945000076293946,7.000000038146973,7.0450000445048016,1
2023-02-21,6.949999809265137,7.0,6.849999904632568,6.900000095367432,16452983,Power,0.007246335247339308,0.014705867915830284,-0.00709222544427357,0.014814800686306473,6.820000076293946,6.8650001049041744,6.896666749318441,6.937500071525574,6.990000038146973,7.033333365122477,1
2023-02-22,6.849999904632568,7.099999904632568,6.800000190734863,6.949999809265137,24857850,Power,-0.01438847588157588,0.007246335247339308,0.014285700661795575,-0.007299228407856018,6.860000038146973,6.850000095367432,6.890000089009603,6.92250006198883,6.974000034332275,7.020000028610229,0
2023-02-23,6.849999904632568,7.099999904632568,6.75,6.849999904632568,24120298,Power,0.0,-0.01438847588157588,0.0,-0.007352969019469913,6.869999980926513,6.8300000667572025,6.886666742960612,6.907500052452088,6.958000030517578,7.005000019073487,0
2023-02-24,6.800000190734863,6.949999809265137,6.75,6.900000095367432,18865245,Power,-0.007299228407856018,0.007299298019120881,-0.02112677427918841,0.0,6.869999980926513,6.805000066757202,6.886666742960612,6.900000071525573,6.942000045776367,6.990000025431315,0
2023-02-27,6.650000095367432,6.800000190734863,6.599999904632568,6.800000190734863,14445161,Power,-0.022058836935300308,-0.014492739601511984,-0.021582679517531345,-0.022222236350730618,6.8199999809265135,6.765000057220459,6.863333415985108,6.887500071525574,6.920000057220459,6.9700000286102295,0
2023-02-28,6.650000095367432,6.75,6.5,6.650000095367432,21138208,Power,0.0,-0.022058836935300308,-0.007352969019469913,-0.015151500920837613,6.7600000381469725,6.790000057220459,6.830000082651774,6.862500071525574,6.902000064849854,6.951666704813639,0
2023-03-01,6.849999904632568,7.0,6.550000190734863,6.599999904632568,29813186,Power,0.03007515885668366,-0.0075188255665883386,0.03703703703703698,0.0076923370361328125,6.7600000381469725,6.810000038146972,6.820000076293946,6.857500076293945,6.890000057220459,6.938333368301391,1
2023-03-02,6.650000095367432,6.900000095367432,6.599999904632568,6.800000190734863,25735296,Power,-0.02919705285395402,0.03030307408973054,-0.014285700661795464,0.007633543884232319,6.720000076293945,6.79500002861023,6.7933334032694495,6.845000076293945,6.870000057220459,6.918333371480306,0
2023-03-03,6.699999809265137,6.949999809265137,6.650000095367432,6.699999809265137,34273735,Power,0.007518753861753602,-0.014705938038939936,0.007246335247339308,0.0075757865844463534,6.7,6.784999990463257,6.770000044504801,6.840000057220459,6.860000057220459,6.901666704813639,1
2023-03-06,6.650000095367432,6.949999809265137,6.599999904632568,6.75,32097535,Power,-0.00746264407777486,0.007462715247501972,0.0,-0.0075188255665883386,6.7,6.759999990463257,6.743333371480306,6.822500061988831,6.850000057220459,6.883333381017049,0
2023-03-08,6.650000095367432,6.699999809265137,6.550000190734863,6.599999904632568,19424758,Power,0.0,-0.022222236350730618,-0.035971224008772174,-0.007575714336391148,6.7,6.730000019073486,6.7600000381469725,6.79750006198883,6.830000057220459,6.868333387374878,0
2023-03-09,6.550000190734863,6.800000190734863,6.550000190734863,6.650000095367432,23090965,Power,-0.01503757942834183,0.0075757865844463534,0.014925430495003944,0.0,6.640000057220459,6.700000047683716,6.753333377838135,6.775000071525573,6.814000072479248,6.848333390553792,0
2023-03-10,6.449999809265137,6.599999904632568,6.400000095367432,6.5,31583853,Power,-0.015267233367592836,-0.022556404994930057,-0.02941180595477033,-0.022900777251825155,6.6,6.660000038146973,6.730000019073486,6.745000052452087,6.796000061035156,6.825000047683716,0
2023-03-13,6.199999809265137,6.550000190734863,6.150000095367432,6.400000095367432,35423042,Power,-0.038759691068654956,-0.015384600712702867,-0.007575714336391148,-0.03906249941792339,6.5,6.6,6.6899999936421715,6.702500033378601,6.772000045776367,6.8000000476837155,0
2023-03-14,6.050000190734863,6.349999904632568,6.0,6.199999809265137,26703125,Power,-0.024193487604002417,-0.03125004423782163,-0.03053439393562163,-0.02439025903112113,6.380000019073487,6.540000009536743,6.633333333333334,6.652500033378601,6.734000053405762,6.771666717529297,0
2023-03-15,6.099999904632568,6.400000095367432,6.0,6.050000190734863,26552943,Power,0.008264415259734426,-0.024193487604002417,0.00787404590327423,0.0,6.269999980926514,6.4849999904632565,6.576666673024495,6.6375000238418576,6.692000045776367,6.736666711171468,1
2023-03-16,6.050000190734863,6.199999809265137,5.949999809265137,6.150000095367432,33647063,Power,-0.008196674537606752,0.01652890933552542,-0.03125004423782163,-0.008333365122477177,6.169999980926514,6.405000019073486,6.523333358764648,6.60750002861023,6.6540000534057615,6.706666723887126,0
2023-03-17,6.050000190734863,6.199999809265137,5.849999904632568,6.099999904632568,124768433,Power,0.0,-0.008130112188539096,0.0,-0.016806707199696347,6.090000057220459,6.3450000286102295,6.470000044504801,6.570000028610229,6.6140000534057615,6.678333393732706,0
2023-03-20,5.849999904632568,6.0,5.75,5.949999809265137,23197881,Power,-0.033057897487107635,-0.02459017995287438,-0.032258034744817476,-0.017094001070560583,6.020000076293945,6.2600000381469725,6.406666692097982,6.522500014305114,6.5660000419616695,6.646666717529297,0
2023-03-21,5.900000095367432,5.949999809265137,5.800000190734863,5.900000095367432,12045959,Power,0.008547041290593693,-0.008403313529497414,-0.008333365122477177,0.008695685345193604,5.990000057220459,6.185000038146972,6.356666692097982,6.472500014305115,6.520000038146972,6.610000054041545,1
2023-03-22,5.849999904632568,6.0,5.800000190734863,5.949999809265137,15096522,Power,-0.008474608462146094,0.008474527642289953,0.008403393670198822,0.0,5.940000057220459,6.105000019073486,6.303333346048991,6.417500019073486,6.498000030517578,6.566666714350382,0
2023-03-23,5.75,5.949999809265137,5.699999809265137,5.849999904632568,14865589,Power,-0.017094001070560583,-0.016806707199696347,-0.008333365122477177,-0.017241444513996895,5.880000019073487,6.025,6.230000019073486,6.362500023841858,6.4620000267028805,6.525000047683716,0
2023-03-24,5.550000190734863,5.800000190734863,5.550000190734863,5.75,22950230,Power,-0.034782575524371584,-0.017094001070560583,-0.02521002072919387,-0.0263157234297543,5.780000019073486,5.935000038146972,6.156666692097982,6.297500038146973,6.412000026702881,6.475000047683716,0
2023-03-27,5.199999809265137,5.599999904632568,5.150000095367432,5.599999904632568,27351355,Power,-0.06306312962907912,-0.026086973107379396,-0.0344828068146934,-0.07207208677851751,5.65,5.835000038146973,6.0566666920979815,6.217500019073486,6.348000011444092,6.413333368301392,0
2023-03-28,5.25,5.400000095367432,5.199999809265137,5.199999809265137,43942228,Power,0.00961542164785767,-0.07142858967489152,-0.035714252262698754,0.009708682130449064,5.519999980926514,5.755000019073487,5.96333335240682,6.147500014305114,6.282000007629395,6.353333361943563,1
2023-03-29,5.599999904632568,5.699999809265137,5.199999809265137,5.25,41882221,Power,0.06666664850144155,0.00961542164785767,0.05555550159250355,0.0,5.469999980926514,5.705000019073486,5.8933333396911625,6.095000004768371,6.228000011444092,6.326666688919067,1
2023-03-31,5.550000190734863,5.849999904632568,5.449999809265137,5.699999809265137,44277476,Power,-0.008928520490927738,0.08571424938383565,0.026315807085398824,0.04807692484037407,5.4300000190734865,5.655000019073486,5.826666673024495,6.030000019073486,6.176000022888184,6.290000025431315,0
2023-04-03,5.75,5.849999904632568,5.550000190734863,5.650000095367432,29298554,Power,0.03603600043095767,-0.008771879924703185,0.0,0.01834869448980969,5.469999980926514,5.625,5.780000019073486,5.985000014305115,6.1320000267028805,6.255000019073487,1
2023-04-05,5.650000095367432,5.800000190734863,5.599999904632568,5.800000190734863,22301320,Power,-0.017391287762185792,0.02654868899744267,-0.008546959779967,0.00900895714943828,5.560000038146972,5.605000019073486,5.743333371480306,5.93250002861023,6.086000022888183,6.216666682561239,0
2023-04-06,5.800000190734863,5.849999904632568,5.599999904632568,5.699999809265137,33199756,Power,0.02654868899744267,-0.017241444513996895,0.008620640043698113,0.0,5.670000076293945,5.5950000286102295,5.726666704813639,5.890000033378601,6.052000026702881,6.1800000190734865,1
2023-04-10,5.699999809265137,5.849999904632568,5.650000095367432,5.849999904632568,16166358,Power,-0.017241444513996895,0.026315807085398824,0.0,0.008928605640421639,5.690000057220459,5.580000019073486,5.700000031789144,5.842500019073486,6.014000015258789,6.1383333524068195,0
2023-04-11,5.849999904632568,6.050000190734863,5.599999904632568,5.699999809265137,42189385,Power,0.026315807085398824,-0.025641042361154165,0.03418808365174786,-0.008849591131132817,5.75,5.590000009536743,5.686666679382324,5.807500004768372,5.974000015258789,6.105000019073486,1
2023-04-12,5.849999904632568,5.949999809265137,5.75,5.900000095367432,20460513,Power,0.0,0.03508777066574664,-0.016528988151582213,0.026785731771771015,5.769999980926514,5.619999980926513,5.673333326975505,5.777500009536743,5.942000007629394,6.071666685740153,0
2023-04-13,6.050000190734863,6.099999904632568,5.75,5.849999904632568,42668055,Power,0.03418808365174786,-0.008474608462146094,0.02521010086989528,0.0,5.85,5.705000019073486,5.686666679382324,5.770000028610229,5.916000022888183,6.046666685740153,1
2023-04-17,6.0,6.099999904632568,5.900000095367432,5.949999809265137,34106451,Power,-0.008264494075791107,0.01709400107056047,0.0,0.026086973107379396,5.889999961853027,5.780000019073486,5.693333339691162,5.767500019073486,5.8900000190734865,6.025000015894572,0
2023-04-18,5.800000190734863,6.0,5.800000190734863,6.0,29706982,Power,-0.03333330154418945,0.008403393670198822,-0.01639342724524051,-0.016949136104436047,5.910000038146973,5.8000000476837155,5.690000025431315,5.752500033378601,5.856000022888184,5.996666685740153,0
2023-04-19,5.75,5.900000095367432,5.699999809265137,5.800000190734863,22323853,Power,-0.008620722256998503,-0.03333330154418945,-0.016666650772094727,-0.017241444513996895,5.890000057220459,5.820000028610229,5.690000025431315,5.737500023841858,5.824000015258789,5.960000022252401,0
2023-04-20,5.699999809265137,5.849999904632568,5.650000095367432,5.800000190734863,21641085,Power,-0.008695685345193604,0.0,-0.008474608462146094,-0.008771879924703185,5.860000038146973,5.815000009536743,5.7,5.720000004768371,5.794000015258789,5.928333346048991,0
2023-04-21,5.650000095367432,5.75,5.650000095367432,5.699999809265137,10614439,Power,-0.008771879924703185,-0.017241444513996895,-0.017094001070560583,0.0,5.780000019073486,5.815000009536743,5.730000019073486,5.710000014305114,5.772000026702881,5.893333355585734,0
2023-04-24,5.699999809265137,5.75,5.650000095367432,5.699999809265137,11695411,Power,0.008849506735177037,0.0,0.0,0.0,5.719999980926514,5.804999971389771,5.760000006357829,5.7,5.758000011444092,5.861666679382324,1
2023-04-25,5.75,5.800000190734863,5.650000095367432,5.699999809265137,26438990,Power,0.008771963580347819,0.0,0.008695685345193604,0.0,5.709999942779541,5.809999990463257,5.770000012715657,5.695000004768372,5.744000015258789,5.83166667620341,1
2023-04-26,5.699999809265137,5.900000095367432,5.699999809265137,5.75,16660026,Power,-0.008695685345193604,0.008771963580347819,0.017241362300696395,0.008849506735177037,5.699999904632568,5.794999980926514,5.779999987284342,5.692499995231628,5.73,5.803333330154419,0
2023-04-27,5.849999904632568,5.900000095367432,5.699999809265137,5.75,26699611,Power,0.026315807085398824,0.0,0.0,0.0,5.729999923706055,5.794999980926514,5.78666664759318,5.707499980926514,5.7219999885559085,5.783333333333333,1
2023-04-28,5.849999904632568,6.0,5.800000190734863,5.900000095367432,14516609,Power,0.0,0.026086973107379396,0.016949136104436047,0.017543927160695638,5.769999885559082,5.774999952316284,5.799999968210856,5.739999985694885,5.7219999885559085,5.771666669845581,0
2023-05-02,5.849999904632568,5.949999809265137,5.75,5.849999904632568,21398361,Power,0.0,-0.008474608462146094,-0.008333365122477177,-0.008620722256998503,5.7999999046325685,5.759999942779541,5.803333282470703,5.769999980926514,5.719999980926514,5.764999993642172,0
2023-05-03,5.900000095367432,6.099999904632568,5.75,5.800000190734863,54645739,Power,0.008547041290593693,-0.008546959779967,0.02521010086989528,0.0,5.829999923706055,5.769999933242798,5.816666634877523,5.784999990463257,5.7219999885559085,5.758333333333334,1
2023-05-04,6.199999809265137,6.300000190734863,5.900000095367432,5.949999809265137,64394001,Power,0.05084740831330814,0.025862002344394508,0.03278693266050836,0.026086973107379396,5.929999923706054,5.814999914169311,5.839999961853027,5.81749997138977,5.739999980926513,5.763333320617676,1
2023-05-05,6.0,6.349999904632568,5.949999809265137,6.199999809265137,65329408,Power,-0.032258034744817476,0.042016808069591516,0.007936462283165913,0.008474527642289953,5.959999942779541,5.844999933242798,5.849999968210856,5.82999997138977,5.757999973297119,5.76166664759318,0
2023-05-08,5.949999809265137,6.050000190734863,5.900000095367432,6.050000190734863,25554160,Power,-0.008333365122477177,-0.024193487604002417,-0.047244050142243865,-0.008403313529497414,5.979999923706055,5.874999904632569,5.843333276112874,5.844999957084656,5.7879999732971195,5.764999977747599,0
2023-05-09,5.800000190734863,6.0,5.75,5.949999809265137,22295079,Power,-0.02521002072919387,-0.016528988151582213,-0.008264494075791107,-0.02542374456658214,5.969999980926514,5.884999942779541,5.8299999554951984,5.844999957084656,5.809999980926514,5.76166664759318,0
2023-05-10,5.800000190734863,5.849999904632568,5.599999904632568,5.75,29914783,Power,0.0,-0.033613414399392694,-0.025000015894571903,-0.026086973107379396,5.95,5.889999961853027,5.8299999554951984,5.849999976158142,5.817999992370606,5.759999990463257,0
2023-05-11,5.699999809265137,5.849999904632568,5.699999809265137,5.849999904632568,16172116,Power,-0.017241444513996895,0.017391287762185792,0.0,0.017857126131349377,5.85,5.889999961853027,5.826666609446208,5.8424999713897705,5.823999977111816,5.758333317438761,0
2023-05-12,5.699999809265137,5.75,5.650000095367432,5.75,14093715,Power,0.0,-0.017094001070560583,-0.017094001070560583,-0.008771879924703185,5.789999961853027,5.874999952316284,5.826666609446208,5.834999966621399,5.821999969482422,5.763333304723104,0
2023-05-15,5.650000095367432,5.75,5.550000190734863,5.699999809265137,15726428,Power,-0.008771879924703185,-0.008695685345193604,0.0,-0.017699097866309854,5.730000019073486,5.854999971389771,5.826666609446208,5.814999961853028,5.821999969482422,5.778333314259847,0
2023-05-16,5.599999904632568,5.699999809265137,5.599999904632568,5.650000095367432,12609770,Power,-0.008849591131132817,-0.008771879924703185,-0.008695685345193604,0.00900895714943828,5.689999961853028,5.82999997138977,5.81999994913737,5.794999957084656,5.81399995803833,5.789999977747599,0
2023-05-17,5.699999809265137,5.800000190734863,5.599999904632568,5.650000095367432,19424400,Power,0.017857126131349377,0.0,0.017543927160695638,0.0,5.669999885559082,5.809999942779541,5.816666603088379,5.789999938011169,5.81399995803833,5.793333307902018,1
2023-05-18,5.75,5.849999904632568,5.699999809265137,5.699999809265137,26511009,Power,0.008771963580347819,0.008849506735177037,0.008620640043698113,0.017857126131349377,5.679999923706054,5.764999961853027,5.81999994913737,5.789999938011169,5.809999961853027,5.799999968210856,1
2023-05-19,5.699999809265137,5.75,5.650000095367432,5.75,10415041,Power,-0.008695685345193604,0.008771963580347819,-0.017094001070560583,-0.008771879924703185,5.679999923706054,5.734999942779541,5.809999942779541,5.789999938011169,5.80399995803833,5.798333295186361,0
2023-05-22,5.699999809265137,5.849999904632568,5.650000095367432,5.650000095367432,38640846,Power,0.0,-0.017391287762185792,0.017391287762185792,0.0,5.6899998664855955,5.709999942779541,5.799999936421712,5.792499923706055,5.789999942779541,5.799999952316284,0
2023-05-23,5.650000095367432,5.75,5.599999904632568,5.699999809265137,21922704,Power,-0.008771879924703185,0.008849506735177037,-0.017094001070560583,-0.008849591131132817,5.699999904632568,5.694999933242798,5.7866666158040365,5.789999938011169,5.775999946594238,5.794999949137369,0
2023-05-24,5.650000095367432,5.849999904632568,5.599999904632568,5.650000095367432,29686924,Power,0.0,-0.008771879924703185,0.017391287762185792,0.0,5.689999961853028,5.679999923706054,5.76999994913737,5.784999942779541,5.769999942779541,5.793333292007446,0
2023-05-25,5.599999904632568,5.699999809265137,5.599999904632568,5.650000095367432,18057840,Power,-0.008849591131132817,0.0,-0.025641042361154165,0.0,5.659999942779541,5.6699999332427975,5.729999955495199,5.779999947547912,5.763999938964844,5.7849999586741125,0
2023-05-26,5.599999904632568,5.699999809265137,5.550000190734863,5.650000095367432,16154749,Power,0.0,0.0,0.0,-0.008928520490927738,5.639999961853027,5.659999942779541,5.7033332824707035,5.767499947547913,5.759999942779541,5.77666662534078,0
2023-05-29,5.599999904632568,5.699999809265137,5.599999904632568,5.650000095367432,17019586,Power,0.0,0.0,0.0,0.00900895714943828,5.619999980926513,5.654999923706055,5.679999955495199,5.754999947547913,5.7579999351501465,5.761666615804036,0
2023-05-30,5.800000190734863,5.900000095367432,5.599999904632568,5.650000095367432,28112017,Power,0.035714337412192876,0.0,0.03508777066574664,0.0,5.65,5.674999952316284,5.679999955495199,5.752499961853028,5.761999950408936,5.754999955495198,1
2023-05-31,6.0,6.099999904632568,5.699999809265137,5.800000190734863,71119903,Power,0.03448272460139301,0.02654868899744267,0.03389827220887209,0.017857126131349377,5.719999980926514,5.70499997138977,5.693333276112875,5.757499957084656,5.771999950408936,5.761666615804036,1
2023-06-01,6.0,6.150000095367432,5.900000095367432,6.0,49602307,Power,0.0,0.03448272460139301,0.00819675270763387,0.03508777066574664,5.8,5.729999971389771,5.713333288828532,5.747499966621399,5.78399995803833,5.76999994913737,0
2023-06-02,6.0,6.099999904632568,5.949999809265137,6.050000190734863,20062371,Power,0.0,0.008333365122477288,-0.008130112188539096,0.008474527642289953,5.880000019073487,5.759999990463257,5.73333330154419,5.747499966621399,5.789999961853027,5.779999955495199,0
2023-06-05,5.949999809265137,6.099999904632568,5.949999809265137,6.050000190734863,18244806,Power,-0.008333365122477177,0.0,0.0,0.0,5.95,5.784999990463257,5.753333282470703,5.747499966621399,5.79399995803833,5.7899999459584555,0
2023-06-06,5.949999809265137,6.050000190734863,5.900000095367432,5.949999809265137,15947312,Power,0.0,-0.016528988151582213,-0.008196674537606752,-0.008403313529497414,5.979999923706055,5.814999961853028,5.776666609446208,5.754999947547913,5.7979999542236325,5.798333279291788,0
2023-06-07,6.400000095367432,6.5,5.949999809265137,6.0,161640335,Power,0.07563030260968584,0.008403393670198822,0.0743801314178929,0.008474527642289953,6.059999942779541,5.889999961853027,5.823333295186361,5.784999942779541,5.817999954223633,5.81999994913737,1
2023-06-08,6.25,6.550000190734863,6.199999809265137,6.400000095367432,81485136,Power,-0.023437514551915006,0.06666668256123853,0.0076923370361328125,0.042016808069591516,6.109999942779541,5.95499997138977,5.856666628519694,5.812499952316284,5.819999961853028,5.838333288828532,0
2023-06-09,6.25,6.400000095367432,6.150000095367432,6.300000190734863,49774006,Power,0.0,-0.015624984866008385,-0.022900777251825155,-0.008064470231593623,6.159999942779541,6.019999980926514,5.893333307902018,5.839999961853027,5.829999961853027,5.85166662534078,0
2023-06-12,6.400000095367432,6.550000190734863,6.199999809265137,6.25,98739737,Power,0.024000015258789142,-0.007936537971601432,0.023437514551915006,0.008130034654042939,6.25,6.1,5.9399999936421715,5.877499961853028,5.847999973297119,5.869999965031941,1
2023-06-13,6.599999904632568,6.800000190734863,6.349999904632568,6.449999809265137,123313637,Power,0.03124996973201677,0.031999969482421786,0.03816793781985406,0.024193564513223853,6.380000019073487,6.179999971389771,6.003333314259847,5.9274999618530275,5.879999961853027,5.894999965031942,1
2023-06-14,6.349999904632568,6.699999809265137,6.300000190734863,6.650000095367432,61344332,Power,-0.03787878842612158,0.031007797211870303,-0.014705938038939936,-0.007873970810807207,6.369999980926513,6.214999961853027,6.049999968210856,5.959999966621399,5.9019999504089355,5.9099999586741125,0
2023-06-15,6.349999904632568,6.599999904632568,6.25,6.349999904632568,73191988,Power,0.0,-0.045112809989860225,-0.014925359325276832,-0.007936537971601432,6.389999961853027,6.249999952316284,6.099999968210856,5.9899999618530275,5.927999954223633,5.914999961853027,0
2023-06-16,6.300000190734863,6.5,6.300000190734863,6.400000095367432,30379472,Power,-0.007873970810807207,0.00787404590327423,-0.015151500920837613,0.008000030517578027,6.4,6.2799999713897705,6.1466666539510095,6.019999980926514,5.951999969482422,5.924999968210856,0
2023-06-19,6.25,6.400000095367432,6.199999809265137,6.349999904632568,25915276,Power,-0.007936537971601432,-0.007812529685906622,-0.015384600712702867,-0.015873075943202752,6.369999980926513,6.309999990463257,6.1899999936421715,6.0474999904632565,5.975999965667724,5.934999974568685,0
2023-06-20,6.199999809265137,6.300000190734863,6.050000190734863,6.25,33516237,Power,-0.008000030517578138,-0.015748016714081325,-0.015624984866008385,-0.024193487604002417,6.289999961853027,6.334999990463257,6.216666634877523,6.074999976158142,5.999999961853027,5.948333295186361,0
2023-06-21,6.099999904632568,6.25,6.050000190734863,6.199999809265137,27331329,Power,-0.016129017372408794,-0.008000030517578138,-0.007936537971601432,0.0,6.2399999618530275,6.304999971389771,6.223333295186361,6.097499966621399,6.015999965667724,5.958333285649617,0
2023-06-22,6.099999904632568,6.199999809265137,5.949999809265137,6.150000095367432,34255420,Power,0.0,-0.008064470231593623,-0.008000030517578138,-0.016528988151582213,6.189999961853028,6.289999961853027,6.229999955495199,6.122499966621399,6.029999961853028,5.971666622161865,0
2023-06-23,5.949999809265137,6.099999904632568,5.849999904632568,6.099999904632568,29845233,Power,-0.02459017995287438,-0.008130112188539096,-0.016129017372408794,-0.016806707199696347,6.119999885559082,6.259999942779541,6.226666609446208,6.139999961853027,6.039999961853027,5.979999955495199,0
2023-06-26,6.050000190734863,6.099999904632568,5.900000095367432,6.0,28393355,Power,0.016806787340397866,-0.01639342724524051,0.0,0.008547041290593693,6.079999923706055,6.224999952316284,6.23333330154419,6.162499976158142,6.0539999771118165,5.9933332920074465,1
2023-06-27,6.0,6.150000095367432,6.0,6.099999904632568,16199549,Power,-0.008264494075791107,0.016666650772094727,0.00819675270763387,0.016949136104436047,6.039999961853027,6.164999961853027,6.2366666475931805,6.172499966621399,6.067999973297119,6.006666628519694,0
2023-06-28,6.099999904632568,6.199999809265137,6.0,6.050000190734863,30411019,Power,0.016666650772094727,-0.008196674537606752,0.008130034654042939,0.0,6.039999961853027,6.139999961853027,6.216666634877523,6.1774999618530275,6.085999965667725,6.019999965031942,1
2023-06-30,6.150000095367432,6.25,6.050000190734863,6.099999904632568,34298991,Power,0.00819675270763387,0.008264415259734426,0.00806454714081517,0.008333365122477288,6.05,6.119999980926513,6.209999974568685,6.184999966621399,6.107999973297119,6.0333333015441895,1
2023-07-03,6.349999904632568,6.400000095367432,6.150000095367432,6.199999809265137,49699829,Power,0.03252029368516429,0.01639342724524062,0.024000015258789142,0.01652890933552542,6.130000019073487,6.124999952316284,6.216666634877523,6.202499961853027,6.137999973297119,6.054999971389771,1
2023-07-04,6.25,6.449999809265137,6.199999809265137,6.400000095367432,47291547,Power,-0.015748016714081325,0.03225811165403902,0.007812455180101763,0.008130034654042939,6.169999980926514,6.124999952316284,6.206666628519694,6.2174999713897705,6.163999977111817,6.073333311080932,0
2023-07-05,6.199999809265137,6.400000095367432,6.199999809265137,6.25,31035606,Power,-0.008000030517578138,-0.023437514551915006,-0.007751893856784764,0.0,6.209999942779541,6.124999952316284,6.179999955495199,6.229999971389771,6.179999961853027,6.091666634877523,0
2023-07-06,6.300000190734863,6.349999904632568,6.199999809265137,6.25,27944453,Power,0.01612909428163012,0.0,-0.007812529685906622,0.0,6.25,6.144999980926514,6.176666641235352,6.224999976158142,6.1919999694824215,6.1133333047231035,1
2023-07-07,6.25,6.449999809265137,6.25,6.300000190734863,35318742,Power,-0.007936537971601432,0.008000030517578027,0.015748016714081325,0.00806454714081517,6.269999980926514,6.159999990463257,6.169999980926514,6.224999976158142,6.201999969482422,6.134999974568685,0
2023-07-10,6.099999904632568,6.300000190734863,6.050000190734863,6.300000190734863,20557436,Power,-0.02400001525878903,0.0,-0.02325575549859793,-0.0319999694824219,6.219999980926514,6.175,6.156666628519694,6.2174999713897705,6.205999965667725,6.151666641235352,0
2023-07-11,6.050000190734863,6.199999809265137,6.050000190734863,6.099999904632568,25479175,Power,-0.008196674537606752,-0.0317460761979701,-0.015873075943202752,0.0,6.1800000190734865,6.175,6.143333307902018,6.199999976158142,6.209999980926514,6.166666650772095,0
2023-07-12,6.050000190734863,6.150000095367432,6.0,6.050000190734863,20261381,Power,0.0,-0.008196674537606752,-0.008064470231593623,-0.008264494075791107,6.150000095367432,6.1800000190734865,6.133333333333334,6.1724999904632565,6.2139999961853025,6.174999984105428,0
2023-07-13,5.949999809265137,6.150000095367432,5.900000095367432,6.099999904632568,22408550,Power,-0.016528988151582213,0.008264415259734426,0.0,-0.016666650772094727,6.080000019073486,6.165000009536743,6.123333326975504,6.152499985694885,6.195999984741211,6.173333311080933,0
2023-07-14,6.050000190734863,6.099999904632568,5.949999809265137,6.0,11646289,Power,0.016806787340397866,-0.01639342724524051,-0.008130112188539096,0.008474527642289953,6.040000057220459,6.155000019073486,6.120000012715658,6.1375,6.187999992370606,6.174999984105428,1
2023-07-17,6.050000190734863,6.099999904632568,6.0,6.050000190734863,18515740,Power,0.0,0.008333365122477288,0.0,0.008403393670198822,6.030000114440918,6.125000047683716,6.12666670481364,6.125,6.18,6.176666657129924,0
2023-07-18,5.949999809265137,6.099999904632568,5.949999809265137,6.050000190734863,20119745,Power,-0.016528988151582213,0.0,0.0,-0.008333365122477177,6.0100000381469725,6.0950000286102295,6.120000012715658,6.1099999904632565,6.161999988555908,6.176666657129924,0
2023-07-19,5.949999809265137,6.050000190734863,5.949999809265137,6.0,13736537,Power,0.0,-0.008264494075791107,-0.008196674537606752,0.0,5.9899999618530275,6.070000028610229,6.116666666666666,6.097499990463257,6.135999984741211,6.176666657129924,0
2023-07-20,5.949999809265137,6.099999904632568,5.900000095367432,5.949999809265137,25263243,Power,0.0,-0.008333365122477177,0.008264415259734426,-0.008403313529497414,5.9899999618530275,6.034999990463257,6.1066666603088375,6.089999985694885,6.119999980926513,6.16166664759318,0
2023-07-21,5.949999809265137,6.050000190734863,5.900000095367432,5.949999809265137,19858137,Power,0.0,0.0,-0.008196674537606752,0.0,5.969999885559082,6.00499997138977,6.093333307902018,6.082499980926514,6.103999977111816,6.151666641235352,0
2023-07-24,6.0,6.150000095367432,5.949999809265137,6.0,29270834,Power,0.008403393670198822,0.008403393670198822,0.01652890933552542,0.008474527642289953,5.959999847412109,5.994999980926513,6.0699999809265135,6.084999990463257,6.091999969482422,6.143333307902018,1
2023-07-25,6.0,6.050000190734863,5.949999809265137,6.050000190734863,19884944,Power,0.0,0.008333365122477288,-0.016260146842582146,0.0,5.969999885559082,5.9899999618530275,6.053333314259847,6.082499980926514,6.081999969482422,6.12999997138977,0
2023-07-26,6.0,6.050000190734863,5.949999809265137,6.0,13564687,Power,0.0,-0.008264494075791107,0.0,0.0,5.979999923706055,5.984999942779541,6.039999993642171,6.082499980926514,6.073999977111816,6.109999974568685,0
2023-07-27,5.949999809265137,6.050000190734863,5.949999809265137,6.0,14857227,Power,-0.008333365122477177,0.0,0.0,0.0,5.979999923706055,5.984999942779541,6.016666634877523,6.074999976158142,6.067999973297119,6.096666638056437,0
2023-07-28,5.949999809265137,6.050000190734863,5.949999809265137,6.0,10326948,Power,0.0,0.0,0.0,0.0,5.979999923706055,5.974999904632568,5.996666622161865,6.064999961853028,6.061999969482422,6.083333301544189,0
2023-07-31,6.099999904632568,6.199999809265137,6.0,6.099999904632568,39387119,Power,0.02521010086989528,0.016666650772094727,0.024793324595259847,0.008403393670198822,5.999999904632569,5.9799998760223385,5.996666622161865,6.0524999618530275,6.067999973297119,6.0766666253407795,1
2023-08-01,6.699999809265137,6.800000190734863,6.150000095367432,6.150000095367432,196647288,Power,0.0983606416414704,0.00819675270763387,0.09677425805289541,0.025000015894572014,6.139999866485596,6.054999876022339,6.039999930063884,6.0749999523162845,6.09399995803833,6.091666618982951,1
2023-08-02,6.449999809265137,6.75,6.300000190734863,6.650000095367432,89673718,Power,-0.03731343389805564,0.08130081174740655,-0.007352969019469913,0.02439025903112113,6.229999828338623,6.1049998760223385,6.066666571299235,6.087499952316284,6.1119999504089355,6.099999952316284,0
2023-08-03,6.300000190734863,6.5,6.25,6.449999809265137,68267708,Power,-0.02325575549859793,-0.030075230561518396,-0.03703703703703709,-0.007936537971601432,6.2999999046325685,6.139999914169311,6.089999930063883,6.087499952316284,6.119999961853027,6.106666628519694,0
2023-08-04,6.599999904632568,6.800000190734863,6.300000190734863,6.300000190734863,92719638,Power,0.04761900076430181,-0.02325575549859793,0.04615387549767136,0.008000030517578027,6.429999923706054,6.204999923706055,6.126666577657064,6.104999947547912,6.137999954223633,6.12333329518636,1
2023-08-07,7.150000095367432,7.25,6.75,6.800000190734863,155642209,Power,0.08333336343668973,0.0793650769622718,0.0661764406827916,0.07142853899067059,6.639999961853027,6.319999933242798,6.199999904632568,6.157499957084656,6.169999961853027,6.163333304723104,1
2023-08-08,7.0,7.349999904632568,6.800000190734863,7.25,106340353,Power,-0.020979034037302835,0.0661764406827916,0.013793090294147436,0.007407435664424256,6.7,6.4199999332427975,6.269999917348226,6.204999947547913,6.1999999618530275,6.194999965031942,0
2023-08-09,7.300000190734863,7.449999809265137,6.949999809265137,7.050000190734863,155303257,Power,0.04285717010498047,-0.027586180588294762,0.013605429378242606,0.022058766812190767,6.8700000762939455,6.549999952316284,6.359999942779541,6.267499947547913,6.243999977111816,6.2383333047231035,1
2023-08-10,7.650000095367432,7.949999809265137,7.300000190734863,7.300000190734863,214556069,Power,0.04794519116270535,0.035460991948418785,0.06711409567798632,0.050359768500013,7.140000057220459,6.719999980926514,6.473333295186361,6.352499961853027,6.297999973297119,6.289999977747599,1
2023-08-11,7.449999809265137,7.949999809265137,7.400000095367432,7.75,127081145,Power,-0.026143827922748386,0.061643807877741486,0.0,0.013698616715036138,7.310000038146972,6.869999980926513,6.573333295186361,6.422499942779541,6.345999965667724,6.333333301544189,0
2023-08-14,7.300000190734863,7.449999809265137,7.050000190734863,7.449999809265137,105722109,Power,-0.020134177499404382,-0.03870970203030499,-0.06289308326992493,-0.04729728380026321,7.340000057220459,6.990000009536743,6.659999974568685,6.484999942779541,6.393999977111816,6.364999977747599,0
2023-08-16,7.5,7.699999809265137,7.199999809265137,7.300000190734863,143179601,Power,0.0273972334300725,-0.020134177499404382,0.03355704783899305,0.021276541059871645,7.440000057220459,7.070000028610229,6.759999974568685,6.562499952316284,6.451999969482422,6.406666644414266,1
2023-08-17,7.300000190734863,7.650000095367432,7.300000190734863,7.599999904632568,53600856,Power,-0.026666641235351562,0.04109585014510864,-0.006493469498212501,0.01388894223872672,7.440000057220459,7.155000066757202,6.846666653951009,6.62999997138977,6.501999969482422,6.44333332379659,0
2023-08-18,7.099999904632568,7.449999809265137,7.050000190734863,7.349999904632568,52480782,Power,-0.02739729875022945,-0.03289473725487979,-0.026143827922748386,-0.0342465744476691,7.330000019073486,7.235000038146973,6.923333326975505,6.687499976158142,6.547999973297119,6.469999980926514,0
2023-08-21,7.099999904632568,7.400000095367432,7.099999904632568,7.25,46184044,Power,0.0,-0.013605429378242606,-0.0067113711648050245,0.007092157807799149,7.2600000381469725,7.285000038146973,7.0,6.744999980926513,6.589999961853027,6.498333311080932,0
2023-08-22,7.400000095367432,7.550000190734863,7.150000095367432,7.199999809265137,80544054,Power,0.04225354855837682,-0.006896578032394962,0.02027028289652799,0.007042280479784058,7.280000019073486,7.310000038146972,7.086666679382324,6.814999985694885,6.64399995803833,6.541666650772095,1
2023-08-23,7.650000095367432,7.800000190734863,7.449999809265137,7.5,151241405,Power,0.0337837833483956,0.04166669426141034,0.03311258194493716,0.04195800138409478,7.310000038146972,7.375000047683716,7.150000031789144,6.897499990463257,6.711999969482422,6.594999980926514,1
2023-08-24,7.349999904632568,7.800000190734863,7.300000190734863,7.75,85350180,Power,-0.03921571071829566,0.03333333333333344,0.0,-0.020134177499404382,7.3199999809265135,7.380000019073487,7.210000038146973,6.964999985694885,6.767999973297119,6.638333304723104,0
2023-08-25,7.599999904632568,7.75,7.25,7.300000190734863,143596013,Power,0.03401360588350877,-0.05806449151808213,-0.006410280706692251,-0.0068493410175966,7.419999980926514,7.375,7.296666685740153,7.0474999904632565,6.833999977111817,6.6933333079020185,1
2023-08-28,8.100000381469727,8.199999809265137,7.599999904632568,7.699999809265137,365579708,Power,0.06578953725149184,0.054794466860145,0.05806449151808213,0.04827584891483694,7.6200000762939455,7.440000057220459,7.396666717529297,7.155000019073486,6.92,6.76166664759318,1
2023-08-29,8.0,8.300000190734863,7.949999809265137,8.149999618530273,142487871,Power,-0.012345725525951368,0.05844153511843819,0.012195168755581687,0.04605261960848539,7.740000057220459,7.5100000381469725,7.453333377838135,7.250000023841858,7.0,6.826666641235351,0
2023-08-30,8.149999618530273,8.449999809265137,8.0,8.100000381469727,182551543,Power,0.01874995231628418,-0.006134876000100209,0.01807224278111641,0.006289332318799801,7.839999961853027,7.575,7.530000019073486,7.322500014305115,7.0859999847412105,6.899999968210856,1
2023-08-31,8.0,8.350000381469727,7.949999809265137,8.25,114317584,Power,-0.01840486203081859,0.018518470551362576,-0.011834252077232543,-0.00625002384185791,7.969999980926514,7.644999980926514,7.576666673024495,7.400000023841858,7.165999984741211,6.968333307902018,0
2023-09-01,8.199999809265137,8.300000190734863,8.0,8.100000381469727,88435006,Power,0.02499997615814209,-0.018181771943063474,-0.005988046521030466,0.006289332318799801,8.089999961853028,7.75499997138977,7.613333320617675,7.495000004768372,7.255999984741211,7.043333307902018,1
2023-09-04,8.649999618530273,8.800000190734863,8.25,8.300000190734863,292121634,Power,0.05487802679662068,0.02469133331433837,0.06024096247107802,0.03125,8.199999809265137,7.909999942779541,7.6933333079020185,7.597499990463257,7.363999977111816,7.133333301544189,1
2023-09-05,8.550000190734863,8.850000381469727,8.25,8.800000190734863,167870586,Power,-0.011560628000628848,0.06024096247107802,0.005681839733084004,0.0,8.30999984741211,8.024999952316284,7.776666641235352,7.667499995231628,7.461999988555908,7.218333307902018,0
2023-09-06,8.75,8.850000381469727,8.399999618530273,8.600000381469727,215359905,Power,0.02339179003549785,-0.022727250560256596,0.0,0.018181771943063474,8.429999923706054,8.13499994277954,7.859999974568685,7.754999995231628,7.543999996185303,7.309999974568685,1
2023-09-07,9.75,9.850000381469728,9.0,9.0,607552962,Power,0.11428571428571432,0.04651158148692014,0.11299434541198639,0.07142862008542661,8.779999923706054,8.374999952316283,8.02333329518636,7.877499985694885,7.676000003814697,7.434999974568685,1
2023-09-08,9.5,10.050000190734863,9.300000190734863,9.850000381469728,313802670,Power,-0.02564102564102566,0.09444448682996986,0.020304548377620746,0.03333335452609587,9.039999961853027,8.564999961853028,8.18333330154419,7.969999980926514,7.803999996185302,7.553333314259847,0
2023-09-11,9.800000190734863,10.0,9.449999809265137,9.699999809265137,219645514,Power,0.03157896744577515,-0.015228483898008682,-0.004975143262281545,0.016128990909022756,9.270000076293945,8.734999942779542,8.363333320617675,8.0875,7.932000007629394,7.681666660308838,1
2023-09-12,8.699999809265137,10.0,8.550000190734863,9.899999618530272,292710844,Power,-0.11224493470007191,0.02061853744307318,0.0,-0.09523805679317365,9.3,8.804999923706054,8.449999968210856,8.157499980926513,7.993999996185303,7.768333323796591,0
2023-09-13,9.800000190734863,9.899999618530272,8.600000381469727,8.75,309912798,Power,0.1264368282282342,-0.11616158210529282,-0.010000038146972812,0.005847975394087879,9.510000038146973,8.969999980926513,8.593333307902018,8.272499990463256,8.106000003814698,7.871666669845581,1
2023-09-14,9.899999618530272,10.399999618530272,9.699999809265137,10.050000190734863,403648325,Power,0.010204023045831123,0.14857145036969865,0.05050505245112613,0.12790690453520903,9.539999961853027,9.15999994277954,8.763333288828532,8.402499961853028,8.209999980926513,7.986666663487752,1
2023-09-15,10.100000381469728,10.300000190734863,9.75,10.0,297705640,Power,0.020202098045045025,-0.004975143262281545,-0.00961532994840053,0.005154658940003776,9.660000038146972,9.35,8.929999987284342,8.552499985694885,8.307999992370606,8.113333336512248,1
2023-09-18,10.300000190734863,10.800000190734863,10.0,10.100000381469728,456601512,Power,0.01980196056547401,0.010000038146972923,0.04854368842145895,0.02564102564102555,9.760000038146973,9.515000057220458,9.076666641235352,8.7125,8.422000007629395,8.236666679382324,1
2023-09-20,10.149999618530272,10.550000190734863,9.850000381469728,10.300000190734863,233290431,Power,-0.014563162080280523,0.01980196056547401,-0.023148147739337155,-0.01499996185302721,10.05,9.675,9.21999994913737,8.849999976158141,8.535999984741212,8.336666663487753,0
2023-09-21,10.449999809265137,10.5,9.850000381469728,10.149999618530272,262647275,Power,0.02955667014875263,-0.014563162080280523,-0.0047393544863415515,0.0,10.179999923706054,9.844999980926513,9.373333295186361,8.989999961853027,8.653999977111816,8.451666657129923,1
2023-09-22,10.399999618530272,10.600000381469728,10.199999809265137,10.449999809265137,227922834,Power,-0.004784707334686611,0.02955667014875263,0.009523845854259916,0.03553293545590552,10.279999923706054,9.90999994277954,9.533333269755046,9.142499947547913,8.777999954223633,8.55499997138977,0
2023-09-25,10.550000190734863,10.850000381469728,10.350000381469728,10.5,185596662,Power,0.014423132471786504,0.0047847073346865,0.023584904811610574,0.014705938726424117,10.369999885559082,10.014999961853027,9.689999961853028,9.289999961853027,8.915999965667725,8.651666641235352,1
2023-09-26,10.550000190734863,10.800000190734863,10.300000190734863,10.649999618530272,154757651,Power,0.0,0.014285677955264031,-0.0046083123481044375,-0.004830936124831764,10.419999885559083,10.089999961853028,9.816666666666666,9.412499952316285,9.053999977111816,8.754999987284343,0
2023-09-27,10.449999809265137,10.600000381469728,10.350000381469728,10.600000381469728,121965186,Power,-0.009478708972683103,-0.004694764211404134,-0.01851850053083437,0.004854387360093693,10.479999923706055,10.264999961853027,9.943333307902018,9.53499994277954,9.175999965667724,8.859999974568685,0
2023-09-28,10.399999618530272,10.600000381469728,10.25,10.449999809265137,143858873,Power,-0.004784707334686611,-0.01415099686852972,0.0,-0.009661872249663417,10.46999988555908,10.324999904632568,10.053333282470703,9.647499942779541,9.285999946594238,8.956666628519693,0
2023-09-29,10.25,10.550000190734863,10.149999618530272,10.5,92293225,Power,-0.014423040772329365,0.0047847073346865,-0.004716998956176721,-0.009756134777534453,10.439999961853028,10.359999942779542,10.086666615804036,9.75999994277954,9.401999950408936,9.054999955495198,0
2023-10-03,10.050000190734863,10.5,10.0,10.25,129074286,Power,-0.019512176513671875,-0.023809523809523836,-0.0047393544863415515,-0.014778288095343983,10.339999961853028,10.354999923706055,10.123333295186361,9.852499961853027,9.499999961853028,9.153333298365276,0
2023-10-04,9.550000190734863,10.0,9.350000381469728,10.0,201921625,Power,-0.04975124283688592,-0.024390243902439046,-0.04761904761904767,-0.06499996185302714,10.139999961853027,10.279999923706054,10.106666628519694,9.897499990463256,9.557999954223632,9.234999974568685,0
2023-10-05,9.800000190734863,9.949999809265137,9.550000190734863,9.649999618530272,141762097,Power,0.02617800994837083,-0.035000038146972834,-0.00500001907348635,0.02139035305939707,10.010000038146973,10.244999980926513,10.179999987284342,9.959999990463256,9.629999961853027,9.314999977747599,1
2023-10-06,9.800000190734863,9.949999809265137,9.649999618530272,9.850000381469728,69545703,Power,0.0,0.020725468481408882,0.0,0.010471144062638382,9.890000152587891,10.180000019073486,10.179999987284342,10.0125,9.695999984741212,9.38666664759318,0
2023-10-09,9.050000190734863,9.5,8.949999809265137,9.449999809265137,130737464,Power,-0.07653061075540246,-0.04060919357496584,-0.04522611235088769,-0.07253884320585569,9.650000190734863,10.045000076293945,10.123333358764649,9.977500009536744,9.737999992370606,9.44333332379659,0
2023-10-10,9.199999809265137,9.350000381469728,9.100000381469728,9.100000381469728,72128299,Power,0.016574543134688424,-0.037036977233825485,-0.01578943352950224,0.016759840826958472,9.480000114440918,9.910000038146972,10.063333320617676,9.9625,9.777999992370605,9.496666653951008,1
2023-10-11,9.899999618530272,9.949999809265137,9.25,9.300000190734863,181573985,Power,0.0760869373671269,0.02197800009683437,0.06417105917819166,0.01648347387278304,9.55,9.844999980926513,10.036666615804036,9.96749997138977,9.827999992370605,9.556666628519695,1
2023-10-12,9.699999809265137,10.0,9.600000381469728,9.949999809265137,105097403,Power,-0.020202001714301754,0.0698924306665969,0.005025144893802347,0.037837879077808445,9.529999923706054,9.769999980926514,10.006666628519694,10.017499971389771,9.873999977111817,9.613333288828532,0
2023-10-13,9.600000381469728,9.75,9.550000190734863,9.649999618530272,54340103,Power,-0.01030921956306552,-0.03015077351614759,-0.025000000000000022,-0.0052083529945871065,9.489999961853027,9.690000057220459,9.95,10.007499980926514,9.907999992370605,9.661666647593181,0
2023-10-16,9.449999809265137,9.800000190734863,9.399999618530272,9.649999618530272,70456968,Power,-0.015625058983760876,0.0,0.005128224690755134,-0.015706865885732446,9.569999885559081,9.610000038146973,9.886666679382325,9.984999990463256,9.895999984741211,9.709999974568685,0
2023-10-17,9.550000190734863,9.699999809265137,9.449999809265137,9.550000190734863,96088511,Power,0.01058205116276123,-0.010362635414346122,-0.010204120359535218,0.00531916944297528,9.639999961853027,9.560000038146972,9.820000012715658,9.957499980926514,9.897999992370606,9.754999987284343,1
2023-10-18,9.550000190734863,9.699999809265137,9.25,9.600000381469728,113292251,Power,0.0,0.005235621961910963,0.0,-0.021164001407603106,9.570000076293946,9.560000038146972,9.753333346048992,9.919999980926514,9.887999992370606,9.785000006357828,0
2023-10-19,9.949999809265137,10.350000381469728,9.5,9.600000381469728,360340425,Power,0.04188477597291995,0.0,0.06701036958616546,0.027027027027026973,9.620000076293945,9.575,9.720000012715657,9.909999990463257,9.937999992370605,9.831666660308837,1
2023-10-20,9.699999809265137,10.050000190734863,9.550000190734863,9.949999809265137,115338279,Power,-0.02512562862234502,0.0364582722799669,-0.028985524606547353,0.00526317797209086,9.639999961853027,9.564999961853028,9.673333358764648,9.872499990463258,9.933999977111817,9.863333320617675,0
2023-10-23,8.850000381469727,9.800000190734863,8.699999809265137,9.75,162225202,Power,-0.08762880871229684,-0.020100483728542673,-0.024875621418442906,-0.08900527376893386,9.520000076293945,9.544999980926514,9.58000005086263,9.795000028610229,9.892000007629395,9.833333333333334,0
2023-10-25,8.75,9.149999618530272,8.350000381469727,8.899999618530273,126950284,Power,-0.011299477645120626,-0.08717952630458736,-0.06632658770957134,-0.04022982016880916,9.360000038146973,9.5,9.493333371480306,9.705000019073486,9.837999992370605,9.808333333333334,0
2023-10-26,8.899999618530273,9.0,8.350000381469727,8.850000381469727,119482274,Power,0.01714281354631697,-0.0056178920453485715,-0.016393401615722225,0.0,9.229999923706055,9.4,9.45,9.622499990463258,9.781999969482422,9.778333314259847,1
2023-10-27,9.300000190734863,9.399999618530272,8.850000381469727,8.949999809265137,95636281,Power,0.04494388644374414,0.011299369885315658,0.044444402058918975,0.05988023678532972,9.1,9.360000038146973,9.416666666666666,9.565000009536742,9.747999992370605,9.798333326975504,1
2023-10-30,9.699999809265137,9.75,9.100000381469728,9.350000381469728,158053255,Power,0.043010710787809936,0.04469280231609685,0.03723408464610678,0.028248586352996652,9.1,9.369999980926513,9.409999974568684,9.530000019073487,9.717999992370606,9.794999980926514,1
2023-10-31,9.600000381469728,9.850000381469728,9.449999809265137,9.75,92991105,Power,-0.01030921956306552,0.042780706118794365,0.01025644938151049,0.03846147396961763,9.25,9.385000038146973,9.44666665395101,9.497500038146972,9.686000022888184,9.785000006357828,0
2023-11-01,9.699999809265137,10.100000381469728,9.5,9.649999618530272,175311719,Power,0.010416606648102844,-0.010256449381510602,0.02538070967695716,0.005291025581380504,9.439999961853028,9.4,9.479999987284343,9.480000019073486,9.652000007629395,9.771666653951009,1
2023-11-02,10.399999618530272,10.5,9.600000381469728,9.800000190734863,269882330,Power,0.0721649302092271,0.015544101361056661,0.03960392113094802,0.010526355944181942,9.739999961853027,9.484999942779542,9.513333320617676,9.522499990463256,9.645999984741211,9.774999968210857,1
2023-11-03,11.449999809265137,11.550000190734863,10.399999618530272,10.600000381469728,562387889,Power,0.10096156050467742,0.08163267093517024,0.10000001816522497,0.08333325054910734,10.169999885559083,9.63499994277954,9.629999987284343,9.60499997138977,9.68599998474121,9.818333307902018,1
2023-11-06,12.399999618530272,13.699999809265137,11.649999618530272,11.800000190734863,873782649,Power,0.08296941703845384,0.11320752510187648,0.18614715004549987,0.1201923121009354,10.70999984741211,9.904999923706054,9.816666603088379,9.734999942779542,9.76599998474121,9.883333301544189,1
2023-11-07,14.199999809265137,14.300000190734863,12.600000381469728,12.649999618530272,853992097,Power,0.1451613101701219,0.07203384864881723,0.04379564889219578,0.08154513253617646,11.629999732971191,10.439999866485596,10.133333269755045,9.992499923706054,9.923999977111816,10.009999974568684,1
2023-11-08,13.850000381469728,14.649999618530272,13.399999618530272,14.449999809265137,287287719,Power,-0.02464784735891634,0.14229250948736372,0.02447548413476075,0.06349200101906871,12.45999984741211,10.949999904632568,10.41999994913737,10.224999952316285,10.07599998474121,10.119999980926513,0
2023-11-09,14.399999618530272,15.0,13.699999809265137,13.949999809265137,373345033,Power,0.039711135156097255,-0.03460207658130254,0.02389081164391471,0.022388074572778915,13.259999847412109,11.499999904632569,10.74333324432373,10.449999952316285,10.269999961853028,10.248333295186361,1
2023-11-10,14.199999809265137,15.149999618530272,13.899999618530272,14.5,193032675,Power,-0.0138888760113417,0.039426537509310355,0.009999974568684733,0.014598526426976788,13.80999984741211,11.989999866485595,11.026666577657064,10.674999952316284,10.445999946594238,10.373333295186361,0
2023-11-13,14.149999618530272,14.399999618530272,13.5,13.899999618530272,226169164,Power,-0.003521140239892251,-0.041379336653084686,-0.04950495174156044,-0.028776951763151648,14.15999984741211,12.434999847412108,11.323333231608073,10.902499914169312,10.619999923706054,10.498333295186361,0
2023-11-15,14.550000190734863,14.75,14.149999618530272,14.5,148879905,Power,0.028268592437328932,0.04316549625439259,0.024305582690387073,0.048148119891131325,14.229999923706055,12.929999828338623,11.703333218892416,11.157499933242798,10.839999923706054,10.641666634877522,1
2023-11-16,14.800000190734863,15.300000190734863,14.600000381469728,14.699999809265137,180504948,Power,0.017182130358953218,0.013793090294147436,0.037288148524397435,0.03180217491668014,14.419999885559083,13.439999866485596,12.106666564941406,11.419999933242797,11.063999938964844,10.799999968210857,1
2023-11-17,14.5,15.100000381469728,14.350000381469728,14.850000381469728,179896724,Power,-0.02027028289652799,0.010204120690535667,-0.013071882795547163,-0.017123287223834494,14.439999961853028,13.849999904632568,12.479999923706055,11.667499923706055,11.247999954223634,10.964999961853028,0
2023-11-20,14.0,14.800000190734863,13.850000381469728,14.600000381469728,116143338,Power,-0.03448275862068961,-0.01683501640255558,-0.019867561798410094,-0.03484320464866708,14.4,14.104999923706055,12.79333324432373,11.869999933242799,11.419999961853028,11.104999955495199,0
2023-11-21,13.600000381469728,14.199999809265137,13.100000381469728,14.100000381469728,152965544,Power,-0.028571401323590817,-0.0342465744476691,-0.04054056579305587,-0.05415162305724153,14.29000015258789,14.225,13.053333282470703,12.064999961853028,11.579999961853026,11.231666628519694,0
2023-11-22,13.25,13.649999618530272,13.0,13.649999618530272,117011878,Power,-0.02573532144503543,-0.031914946862756755,-0.0387324083184849,-0.007633616683796585,14.030000114440918,14.130000019073487,13.296666590372721,12.28499994277954,11.731999969482422,11.371666622161865,0
2023-11-23,13.699999809265137,14.0,13.25,13.25,118442283,Power,0.033962249755859375,-0.02930400217647333,0.025641054304103683,0.019230769230769162,13.810000038146972,14.114999961853027,13.563333257039387,12.532499933242798,11.897999954223632,11.521666622161865,1
2023-11-24,13.899999618530272,14.100000381469728,13.25,13.75,110541909,Power,0.014598526426976788,0.037735849056603765,0.007142884390694881,0.0,13.689999961853028,14.064999961853028,13.796666590372721,12.782499933242798,12.07199993133545,11.654999955495198,1
2023-11-28,13.5,14.050000190734863,13.449999809265137,14.0,52247670,Power,-0.028776951763151648,0.018181818181818077,-0.003546112722136896,0.015094325227557492,13.589999961853028,13.994999980926513,13.933333269755046,12.992499923706054,12.213999938964843,11.781666628519694,0
2023-11-29,13.149999618530272,13.649999618530272,13.0,13.550000190734863,218066539,Power,-0.025925954182942856,-0.03214284351893837,-0.028469791229495334,-0.03345723536405931,13.499999809265137,13.894999980926514,13.983333269755045,13.16499991416931,12.351999931335449,11.899999936421713,0
2023-11-30,13.100000381469728,13.350000381469728,12.550000190734863,13.149999618530272,113679937,Power,-0.0038022234609107475,-0.029520337016533893,-0.02197796669922869,-0.03461536994347203,13.469999885559082,13.75,13.909999974568684,13.339999914169312,12.521999931335449,12.021666622161865,0
2023-12-01,12.850000381469728,13.300000190734863,12.800000190734863,13.149999618530272,65716767,Power,-0.01908396890992703,0.0,-0.0037453325322946984,0.019920318422350647,13.3,13.555000019073486,13.843333307902018,13.497499942779541,12.685999946594238,12.131666628519694,0
2023-12-04,12.850000381469728,13.199999809265137,12.649999618530272,13.050000190734863,73024916,Power,0.0,-0.007604519444585733,-0.0075188255665883386,-0.011718794528860044,13.09000015258789,13.390000057220458,13.740000025431316,13.619999980926513,12.843999977111816,12.241666634877523,0
2023-12-05,13.550000190734863,13.75,12.800000190734863,12.850000381469728,188147529,Power,0.054474691710870715,-0.015325655658390613,0.04166668171834487,0.011857753101024882,13.100000190734864,13.345000076293946,13.696666717529297,13.725,13.013999977111816,12.36166664759318,1
2023-12-06,13.850000381469728,14.0,13.399999618530272,13.600000381469728,138515162,Power,0.02214023516693353,0.05836575702219693,0.018181818181818077,0.04687495459802493,13.240000343322754,13.370000076293945,13.676666768391927,13.797500038146973,13.18,12.5,1
2023-12-07,13.949999809265137,14.25,13.5,13.850000381469728,114995368,Power,0.00722017509322237,0.018382352425565296,0.017857142857142794,0.007462715247502194,13.410000228881836,13.440000057220459,13.636666742960612,13.785000038146972,13.353999977111817,12.669999980926514,1
2023-12-08,13.850000381469728,14.25,13.550000190734863,14.100000381469728,99078206,Power,-0.007168417861123655,0.018050541019080546,0.0,0.003703717832212128,13.610000228881836,13.455000114440917,13.573333422342936,13.785000038146972,13.52,12.839999993642172,0
2023-12-11,14.449999809265137,14.600000381469728,13.850000381469728,13.899999618530272,150381151,Power,0.04332125713138346,-0.014184450888547362,0.02456143027857749,0.02214023516693353,13.930000114440919,13.510000133514405,13.570000076293946,13.787500047683716,13.682000007629394,13.025,1
2023-12-12,14.449999809265137,15.199999809265137,14.300000190734863,14.600000381469728,169409273,Power,0.0,0.050359768500013224,0.04109585014510864,0.032490960062874885,14.110000038146973,13.605000114440918,13.600000063578287,13.800000047683715,13.802000007629395,13.19666665395101,0
2023-12-13,14.449999809265137,14.600000381469728,14.0,14.5,85841913,Power,0.0,-0.006849341017596711,-0.03947364706081635,-0.020979034037302835,14.229999923706055,13.735000133514404,13.656666692097982,13.815000057220459,13.884000015258788,13.354999987284343,0
2023-12-14,14.300000190734863,14.649999618530272,14.199999809265137,14.600000381469728,58104150,Power,-0.010380596575101375,0.006896578032395073,0.0034246051886410722,0.014285700661795575,14.3,13.855000114440918,13.72666670481364,13.80250005722046,13.888000030517578,13.51166664759318,0
2023-12-15,14.100000381469728,14.550000190734863,14.100000381469728,14.300000190734863,61625093,Power,-0.013986000461364778,-0.02054795773263296,-0.006825899685957815,-0.007042213319619961,14.35,13.980000114440918,13.75333340962728,13.767500066757203,13.898000030517577,13.658333333333333,0
2023-12-18,14.050000190734863,14.350000381469728,13.899999618530272,14.100000381469728,72473570,Power,-0.003546112722136896,-0.013986000461364778,-0.013745691178237318,-0.014184450888547362,14.270000076293945,14.100000095367431,13.76333344777425,13.745000076293945,13.884000053405762,13.780000019073487,0
2023-12-19,14.100000381469728,14.350000381469728,14.0,14.100000381469728,43790475,Power,0.0035587323883339295,0.0,0.0,0.0071942722456206365,14.200000190734864,14.155000114440918,13.803333473205566,13.750000095367431,13.880000076293946,13.868333371480306,1
2023-12-20,12.949999809265137,14.350000381469728,12.850000381469728,14.199999809265137,112294616,Power,-0.08156032206324804,0.007092157807798927,0.0,-0.08214282989501942,13.900000190734863,14.065000057220459,13.79000015258789,13.717500066757202,13.83200008392334,13.886666711171468,0
2023-12-21,13.25,13.350000381469728,12.25,12.800000190734863,88600661,Power,0.023166038235786335,-0.098591523755994,-0.06968640929733405,-0.046692635304116825,13.69000015258789,13.995000076293945,13.800000127156576,13.717500066757202,13.780000076293945,13.85500005086263,1
2023-12-22,13.25,13.449999809265137,13.050000190734863,13.350000381469728,45664835,Power,0.0,0.042968764260876924,0.007490593628312725,0.06530613801917262,13.520000076293945,13.935000038146972,13.826666768391927,13.695000076293946,13.718000068664551,13.835000038146973,0
2023-12-26,13.949999809265137,14.300000190734863,13.100000381469728,13.300000190734863,92067632,Power,0.05283017428416126,-0.0037453325322946984,0.06319705528056563,0.003831432184220551,13.5,13.885000038146973,13.900000063578288,13.697500085830688,13.696000061035157,13.820000044504802,1
2023-12-27,13.800000190734863,14.199999809265137,13.600000381469728,14.0,64271882,Power,-0.010752660973561312,0.052631563851613716,-0.006993033575937835,0.03816793781985406,13.439999961853028,13.820000076293946,13.916666730244954,13.712500095367432,13.68800006866455,13.806666723887126,0
2023-12-28,13.449999809265137,13.800000190734863,13.399999618530272,13.800000190734863,37369611,Power,-0.02536234613277122,-0.014285700661795464,-0.028168987598808592,-0.014705938038940158,13.539999961853027,13.720000076293946,13.890000025431315,13.727500104904175,13.682000045776368,13.78333339691162,0
2023-12-29,13.949999809265137,14.050000190734863,13.350000381469728,13.550000190734863,79579254,Power,0.037174721716767056,-0.018115941778598432,0.01811594177859832,-0.0037312864540235413,13.679999923706054,13.685000038146972,13.890000025431315,13.770000076293945,13.710000038146973,13.763333384195963,1
2024-01-01,14.75,14.949999809265137,13.949999809265137,14.0,155062165,Power,0.05734768470774676,0.03321031755946646,0.06405691148130876,0.04494377607870548,13.979999923706055,13.75,13.95,13.86500005722046,13.752000045776366,13.761666711171468,1
2024-01-02,16.149999618530273,16.200000762939453,14.449999809265137,14.800000190734863,527261650,Power,0.09491522837493371,0.057142870766776044,0.08361210499144223,0.03584229439687281,14.419999885559083,13.959999942779541,14.063333320617676,14.030000019073487,13.842000045776366,13.81666669845581,1
2024-01-03,15.850000381469728,16.5,15.75,16.350000381469727,162656874,Power,-0.018575804591123957,0.104729741267517,0.018518470551362576,0.08996541231103139,14.829999923706055,14.13499994277954,14.156666692097982,14.14500002861023,13.936000061035156,13.878333377838135,0
2024-01-04,17.0,17.100000381469727,16.0,16.0,219420858,Power,0.07255517923360677,-0.021406750660776686,0.03636365948301368,0.015873015873015817,15.539999961853027,14.539999961853027,14.32666670481364,14.302500009536743,14.090000076293945,13.991666698455811,1
2024-01-05,16.850000381469727,17.799999237060547,16.5,17.100000381469727,267897270,Power,-0.008823506972369,0.06875002384185791,0.040935604676908044,0.03125,16.120000076293945,14.9,14.496666717529298,14.447500038146973,14.240000076293946,14.111666711171468,0
2024-01-08,16.950000762939453,17.450000762939453,16.850000381469727,17.0,111028540,Power,0.005934740605685551,-0.005847975394087768,-0.019662836467564504,0.02121214433149854,16.560000228881837,15.270000076293945,14.686666742960613,14.602500057220459,14.404000091552735,14.220000076293946,1
2024-01-09,16.450000762939453,17.25,16.299999237060547,17.149999618530273,108325769,Power,-0.029498523745983052,0.008823506972369,-0.011461361271927095,-0.03264101673338993,16.620000457763673,15.520000171661376,14.846666781107585,14.702500104904175,14.548000106811523,14.305000114440919,0
2024-01-10,16.350000381469727,16.600000381469727,15.899999618530272,16.450000762939453,67494698,Power,-0.006079050263329999,-0.0408162607090955,-0.037681137306102785,-0.02453985504617784,16.72000045776367,15.775000190734863,14.996666781107585,14.797500133514404,14.660000114440917,14.400000127156575,0
2024-01-11,16.450000762939453,16.950000762939453,16.350000381469727,16.450000762939453,53829719,Power,0.006116231139851269,0.0,0.021084359844980805,0.028301935455080862,16.610000610351562,16.075000286102295,15.230000178019205,14.89750018119812,14.764000129699706,14.510000165303548,1
2024-01-12,16.700000762939453,17.25,16.299999237060547,16.600000381469727,107626978,Power,0.015197567684205326,0.009118517420875216,0.017699069236414733,-0.0030581738986287244,16.58000068664551,16.350000381469727,15.460000228881835,15.01750020980835,14.87400016784668,14.630000178019205,1
2024-01-15,17.0,17.149999618530273,16.399999618530273,16.950000762939453,95411519,Power,0.017964025350603707,0.021084359844980805,-0.005797123563462403,0.006134993015359136,16.590000534057616,16.575000381469728,15.710000228881835,15.162500190734864,15.00000015258789,14.768333498636881,1
2024-01-16,16.200000762939453,17.299999237060547,16.149999618530273,17.100000381469727,128035935,Power,-0.04705877865062036,0.008849534618207366,0.008746333636544312,-0.015243902793602881,16.54000053405762,16.580000495910646,15.860000292460123,15.270000219345093,15.070000190734863,14.880000178019205,0
2024-01-17,16.0,16.350000381469727,15.699999809265137,15.949999809265137,78461141,Power,-0.012345725525951368,-0.06725149395030294,-0.05491323106857171,-0.02786376593772877,16.47000045776367,16.59500045776367,16.006666946411134,15.365000200271606,15.132000198364258,14.961666838328044,0
2024-01-18,15.949999809265137,16.25,15.25,16.0,60325029,Power,-0.003125011920928955,0.0031348082340301175,-0.00611623113985138,-0.028662408581659693,16.370000267028807,16.490000438690185,16.173333613077798,15.515000200271606,15.192000198364259,15.031666819254557,0
2024-01-19,15.949999809265137,16.25,15.850000381469728,16.049999237060547,41278650,Power,0.0,0.0031249523162841797,0.0,0.03934428730949047,16.220000076293946,16.400000381469727,16.306666946411134,15.650000190734863,15.25800018310547,15.098333485921223,0
2024-01-23,15.899999618530272,17.200000762939453,15.899999618530272,16.899999618530273,69884760,Power,-0.0031348082340302286,0.05295952784265667,0.05846158541165858,0.0031545259215890464,16.0,16.295000267028808,16.383333587646483,15.782500171661377,15.33000015258789,15.166666793823243,0
2024-01-24,15.899999618530272,16.100000381469727,15.5,15.850000381469728,59726528,Power,0.0,-0.06213013377285859,-0.06395350771378328,-0.02515720931616261,15.939999771118163,16.24000015258789,16.366666920979817,15.880000162124634,15.404000129699707,15.215000120798747,0
2024-01-25,16.100000381469727,16.350000381469727,15.800000190734863,15.949999809265137,47437000,Power,0.012578664637599601,0.00630911201190365,0.015527949942643282,0.01935485101515244,15.95999984741211,16.21500015258789,16.383333587646483,15.995000171661378,15.484000129699707,15.270000139872232,1
2024-01-29,16.899999618530273,16.899999618530273,16.25,16.299999237060547,139819219,Power,0.049689392428916124,0.02194353805522309,0.03363909628307349,0.028481000242583265,16.149999809265136,16.260000038146973,16.376666895548503,16.167500162124632,15.642000122070312,15.351666800181071,1
2024-01-30,17.700000762939453,17.700000762939453,17.350000381469727,17.700000762939453,119392640,Power,0.04733734689153524,0.08588966818451049,0.04733734689153524,0.06769233116736784,16.5,16.36000003814697,16.433333587646484,16.35500020980835,15.820000152587891,15.46500015258789,1
2024-01-31,18.549999237060547,18.549999237060547,17.450000762939453,18.549999237060547,247906550,Power,0.048022510592250045,0.048022510592250045,0.048022510592250045,0.005763710620809492,17.029999923706054,16.51499996185303,16.54000015258789,16.54500017166138,16.03200012207031,15.61333344777425,1
2024-02-01,18.14999961853028,19.200000762939453,17.850000381469727,18.64999961853028,181998773,Power,-0.02156332264052696,0.005390856365640406,0.03504051496564409,0.022922613240212497,17.479999923706053,16.70999984741211,16.65333340962728,16.645000171661376,16.20000011444092,15.750000095367431,0
2024-02-02,19.0,19.049999237060547,18.39999961853028,18.5,114086397,Power,0.046831977924777,-0.008042875152728945,-0.007812579162415734,0.03081228152978155,18.059999847412108,17.00999984741211,16.83000005086263,16.80250015258789,16.408000106811524,15.913333415985107,1
2024-02-05,19.89999961853028,19.950000762939453,19.350000381469727,19.39999961853028,144472834,Power,0.04736840097527795,0.048648628028663765,0.04724417647891621,0.051630477317114565,18.659999847412113,17.404999828338624,17.059999974568687,16.947500133514403,16.666000099182128,16.145000076293947,1
2024-02-06,20.850000381469727,20.850000381469727,20.39999961853028,20.799999237060547,115216681,Power,0.04773873272112206,0.07216493020922687,0.04511276110836926,0.054263525393315915,19.28999977111817,17.89499988555908,17.336666615804038,17.147500133514406,16.94200012207031,16.398333422342937,1
2024-02-07,21.850000381469727,21.850000381469727,21.64999961853028,21.75,101364593,Power,0.04796162981794194,0.04567311527813822,0.04796162981794194,0.06127451094972414,19.950000000000003,18.489999961853027,17.659999974568684,17.392500114440917,17.226000137329102,16.68500010172526,1
2024-02-08,22.64999961853028,22.89999961853028,20.75,22.799999237060547,347090025,Power,0.036613236754861056,0.04827582699128952,0.048054884152360255,-0.041570421911692246,20.85,19.16499996185303,18.08999989827474,17.70250005722046,17.4860001373291,16.97500009536743,1
2024-02-09,23.25,23.5,21.549999237060547,23.39999961853028,225205254,Power,0.026490083513240004,0.026315807085399268,0.02620089045696794,0.03855418009930345,21.700000000000003,19.87999992370606,18.57333323160807,18.04750003814697,17.78200012207031,17.290000089009602,1
2024-02-12,22.100000381469727,24.0,22.100000381469727,23.600000381469727,167566133,Power,-0.049462349184097754,0.008547041290593249,0.02127659574468077,0.025522095771739917,22.14000015258789,20.400000000000002,18.983333269755047,18.330000019073488,17.9860001373291,17.578333441416422,0
2024-02-13,21.0,21.5,21.0,21.200000762939453,45001188,Power,-0.04977377205803346,-0.10169489744647242,-0.10416666666666663,-0.04977377205803346,22.170000076293945,20.729999923706057,19.31999994913737,18.544999980926512,18.152000122070312,17.81333344777425,0
2024-02-14,21.350000381469727,21.700000762939453,19.950000762939453,19.950000762939453,215702918,Power,0.01666668483189171,-0.05896226202902666,0.00930236106695137,-0.04999996366954984,22.070000076293944,21.010000038146977,19.683333333333334,18.7625,18.328000106811523,18.03333346048991,1
2024-02-15,21.049999237060547,21.89999961853028,20.450000762939453,21.89999961853028,31019112,Power,-0.014051575599481447,0.09774429980039323,0.009216536799961705,0.025062655683143475,21.75,21.300000000000004,20.02666664123535,19.004999923706055,18.512000045776368,18.196666781107584,0
2024-02-16,20.350000381469727,21.049999237060547,20.25,21.049999237060547,21915785,Power,-0.033254103608631236,-0.038812803482906055,-0.038812803482906055,-0.009779988042929788,21.170000076293945,21.435000038146974,20.309999974568687,19.222499942779542,18.672000045776368,18.346666781107583,0
2024-02-19,20.89999961853028,21.0,20.200000762939453,20.549999237060547,18889161,Power,0.027026989029512283,-0.023752969982046457,-0.0023752607540488135,-0.0024690981264468004,20.929999923706056,21.535000038146975,20.576666641235352,19.469999933242796,18.85,18.476666768391926,1
2024-02-20,20.39999961853028,21.100000381469727,20.25,21.100000381469727,17558718,Power,-0.023923445412730615,0.02676404695029322,0.004761922927129847,0.0024752096619857777,20.80999984741211,21.48999996185303,20.75666656494141,19.69249992370606,18.997999954223634,18.595000076293946,0
2024-02-21,19.799999237060547,21.049999237060547,19.600000381469727,20.450000762939453,24844375,Power,-0.02941178395536459,-0.030805668567717714,-0.0023697224410048623,-0.032098746594087624,20.499999618530275,21.284999847412113,20.839999898274744,19.88749990463257,19.109999923706056,18.690000025431313,0
2024-02-22,20.25,20.450000762939453,18.850000381469727,20.0,27552330,Power,0.022727312135303768,-0.022004926462152907,-0.028503491490144084,-0.03826530537770123,20.339999771118165,21.044999885559083,20.979999923706057,20.104999923706057,19.27199989318848,18.816666666666666,1
2024-02-23,19.450000762939453,20.39999961853028,19.350000381469727,20.25,28206112,Power,-0.03950613516348378,0.012499999999999956,-0.0024450436451712854,0.026525198402198358,20.159999847412113,20.664999961853027,21.00999997456869,20.272499942779543,19.409999923706057,18.920000012715658,0
2024-02-26,19.049999237060547,19.600000381469727,18.950000762939453,19.600000381469727,22554222,Power,-0.020565630343885588,-0.032098746594087624,-0.03921564960883028,-0.020671814503597008,19.789999771118165,20.35999984741211,20.953333282470705,20.37999992370606,19.533999900817875,19.006666628519692,0
2024-02-27,18.25,18.89999961853028,18.100000381469727,18.100000381469727,42360496,Power,-0.04199471228871232,-0.07653061075540246,-0.035714323944669,-0.044854899590931585,19.35999984741211,20.08499984741211,20.779999923706058,20.407499885559083,19.62599990844727,19.058333269755046,0
2024-02-28,17.350000381469727,18.200000762939453,17.350000381469727,18.0,30645051,Power,-0.049315047590699934,-0.005524882837687928,-0.03703697723382604,-0.04143646321509631,18.870000076293945,19.684999847412108,20.479999923706057,20.347499942779542,19.683999938964845,19.06999994913737,0
2024-02-29,18.200000762939453,18.200000762939453,16.600000381469727,16.799999237060547,43575581,Power,0.048991375376426616,-0.06666670905219185,0.0,-0.04322766475561701,18.460000228881835,19.4,20.183333333333337,20.35,19.775999984741212,19.136666615804035,1
2024-03-01,18.299999237060547,18.700000762939453,18.0,18.600000381469727,20345289,Power,0.0054944214246803735,0.10714293012813969,0.027472526320885926,0.0843373244794059,18.229999923706053,19.19499988555908,19.853333282470707,20.31499996185303,19.863999938964845,19.213333257039388,1
2024-03-04,18.14999961853028,19.14999961853028,18.0,19.100000381469727,16519506,Power,-0.008196700807860835,0.026881719878786958,0.024064108942853935,0.0,18.050000000000004,18.919999885559083,19.589999898274744,20.22749996185303,19.913999938964846,19.286666584014892,0
2024-03-05,17.649999618530273,18.299999237060547,17.399999618530273,18.200000762939453,18799045,Power,-0.027548209945389313,-0.047120397934830804,-0.04438644378077383,-0.03333335452609587,17.929999923706056,18.64499988555908,19.366666539510096,20.06749992370606,19.91199989318848,19.34333324432373,0
2024-03-06,17.5,17.950000762939453,16.799999237060547,17.600000381469727,32347306,Power,-0.008498562140068944,-0.03296705254493748,-0.019125600476107563,-0.03448278130022209,17.959999847412114,18.414999961853027,19.109999847412112,19.849999904632572,19.869999923706057,19.39666659037272,0
2024-03-07,17.200000762939453,17.600000381469727,17.100000381469727,17.549999237060547,13684398,Power,-0.01714281354631697,-0.0028409740525814353,-0.01949862766537347,0.01785721178768762,17.75999984741211,18.11000003814697,18.853333282470707,19.57749996185303,19.831999969482425,19.439999961853026,0
2024-03-11,16.649999618530273,17.5,16.549999237060547,17.25,18902676,Power,-0.03197680930307034,-0.017093974364798536,-0.005681839733083893,-0.03216380889705617,17.429999923706056,17.829999923706055,18.60666656494141,19.247499942779545,19.737999954223636,19.458333269755045,0
2024-03-12,15.899999618530272,16.700000762939453,15.850000381469728,16.649999618530273,27161864,Power,-0.04504504607707649,-0.03478263080983923,-0.04571424211774555,-0.04229600530876798,16.979999923706053,17.51499996185303,18.273333231608078,18.93749990463257,19.577999954223635,19.424999936421713,0
2024-03-13,15.100000381469728,15.850000381469728,15.100000381469728,15.800000190734863,20862359,Power,-0.05031441863232522,-0.051051017854043756,-0.050898224110027646,-0.0473186108485415,16.470000076293946,17.2,17.91999994913737,18.64249992370606,19.347999954223635,19.338333257039388,0
2024-03-14,15.600000381469728,15.699999809265137,14.350000381469728,14.350000381469728,42129817,Power,0.03311258194493716,-0.09177213871904988,-0.009463758270943479,-0.04966887291740585,16.09000015258789,17.025,17.640000025431316,18.354999923706057,19.097999954223635,19.239999961853027,1
2024-03-15,16.200000762939453,16.299999237060547,15.0,15.5,34119382,Power,0.03846156197421813,0.08013934410867862,0.03821652452768376,0.04529613946001154,15.890000152587891,16.825,17.370000076293945,18.112500000000004,18.840000000000003,19.175,1
2024-03-18,15.75,16.299999237060547,15.5,16.200000762939453,20985134,Power,-0.02777782356460834,0.04516133954448076,0.0,0.03333333333333344,15.710000228881835,16.570000076293944,17.123333358764647,17.882499980926518,18.540000000000003,19.066666666666666,0
2024-03-19,15.100000381469728,15.699999809265137,15.100000381469728,15.699999809265137,13864080,Power,-0.041269817049541024,-0.030864254946096237,-0.03680978256926659,-0.025806427001953014,15.55000038146973,16.265000152587895,16.860000101725262,17.59250001907349,18.26,18.906666692097982,0
2024-03-20,14.949999809265137,15.449999809265137,14.600000381469728,15.0,18522272,Power,-0.009933812477823989,-0.0445859756540915,-0.01592356707243181,-0.03311258194493727,15.520000267028811,15.99500017166138,16.640000089009604,17.32000002861023,18.01799999237061,18.710000006357827,0
2024-03-21,15.399999618530272,15.600000381469728,15.050000190734863,15.199999809265137,22115784,Power,0.03010032207400104,0.013333320617675781,0.00970877501983125,0.03082190393887063,15.480000114440918,15.785000133514405,16.510000038146973,17.100000047683714,17.77999996185303,18.494999980926515,1
2024-03-22,15.699999809265137,15.899999618530272,15.449999809265137,15.5,20495475,Power,0.019480532348447932,0.019736854901274414,0.019230719854141487,0.02657804740604064,15.379999923706055,15.635000038146973,16.343333307902018,16.872500038146974,17.565999984741214,18.263333320617676,1
2024-03-26,15.149999618530272,15.949999809265137,15.0,15.850000381469728,19732353,Power,-0.03503185970806766,0.022580669772240602,0.0031446661593999004,-0.02912620160650603,15.259999847412109,15.485000038146973,16.133333333333333,16.657499980926513,17.357999954223637,17.993333307902017,0
2024-03-27,15.100000381469728,15.600000381469728,15.0,15.449999809265137,29237817,Power,-0.0033002797570627074,-0.025236628553790608,-0.021943538055222978,0.0,15.259999847412109,15.405000114440918,15.93000005086263,16.460000038146973,17.125999984741213,17.759999974568686,0
2024-03-28,15.25,15.550000190734863,15.199999809265137,15.300000190734863,21324963,Power,0.009933749320585994,-0.009708713293337445,-0.003205140353346181,0.013333320617675781,15.319999885559081,15.420000076293945,15.770000076293945,16.310000038146974,16.92,17.56833330790202,1
2024-04-01,16.0,16.0,15.5,15.5,11297140,Power,0.049180327868852514,0.013071882795547163,0.02893889413154227,0.019736854901274414,15.439999961853028,15.460000038146973,15.670000076293945,16.242500019073486,16.768000030517577,17.38999996185303,1
2024-04-02,16.799999237060547,16.799999237060547,16.450000762939453,16.600000381469727,16930862,Power,0.04999995231628418,0.07096776654643389,0.04999995231628418,0.06129037180254526,15.65999984741211,15.519999885559082,15.643333307902019,16.17249994277954,16.63,17.24833329518636,1
2024-04-03,17.600000381469727,17.600000381469727,17.049999237060547,17.399999618530273,18402132,Power,0.04761911790117157,0.04819272401665553,0.04761911790117157,0.03647406968350064,16.15,15.704999923706055,15.706666692097981,16.1375,16.55599998474121,17.156666628519694,1
2024-04-04,18.450000762939453,18.450000762939453,18.450000762939453,18.450000762939453,5571937,Power,0.048295475173094626,0.06034489467982351,0.048295475173094626,0.08211153011877026,16.820000076293944,16.039999961853027,15.876666768391926,16.152500057220458,16.532000045776368,17.075,1
2024-04-05,19.350000381469727,19.350000381469727,18.049999237060547,19.350000381469727,64588639,Power,0.0487804651118553,0.0487804651118553,0.0487804651118553,-0.021680298609113913,17.64000015258789,16.480000019073486,16.16000010172526,16.23750009536743,16.576000061035156,17.040000025431315,1
2024-04-08,18.39999961853028,19.600000381469727,18.39999961853028,19.600000381469727,38359946,Power,-0.04909564569565594,0.012919896386121454,0.012919896386121454,0.019390603671113116,18.120000076293945,16.780000019073487,16.3466667175293,16.282500076293946,16.618000030517578,16.993333371480308,0
2024-04-09,17.950000762939453,18.39999961853028,17.75,18.14999961853028,20223860,Power,-0.02445646005001234,-0.07397962932237023,-0.06122452752980323,-0.035326066956853586,18.350000381469727,17.005000114440918,16.463333384195963,16.320000076293944,16.608000030517577,16.916666730244955,0
2024-04-10,17.950000762939453,18.299999237060547,17.600000381469727,17.950000762939453,17466843,Power,0.0,-0.011019220925307271,-0.0054348034534210665,-0.00845068273409988,18.42000045776367,17.285000228881838,16.61000010172526,16.385000133514403,16.594000091552733,16.866666730244955,0
2024-04-12,18.049999237060547,18.549999237060547,17.600000381469727,18.0,24388322,Power,0.005570945396701887,0.0027854726983509437,0.01366120275533711,0.0,18.34000015258789,17.580000114440917,16.80666669209798,16.49250011444092,16.590000076293947,16.83333339691162,1
2024-04-15,17.149999618530273,17.549999237060547,17.149999618530273,17.25,21197554,Power,-0.049861476818369055,-0.04166666666666663,-0.053908358012334956,-0.02556822461283803,17.9,17.770000076293947,16.95333334604899,16.595000076293946,16.570000076293944,16.7966667175293,0
2024-04-16,17.200000762939453,17.399999618530273,16.600000381469727,16.700000762939453,14054102,Power,0.0029155186892921847,-0.03188401374264038,-0.008546987182399324,-0.032069927072551185,17.660000228881835,17.89000015258789,17.073333422342937,16.67500009536743,16.558000106811523,16.791666730244955,1
2024-04-18,17.200000762939453,17.75,17.100000381469727,17.350000381469727,14517686,Power,0.0,0.0389221310679666,0.02011496489327458,0.03012048123553912,17.510000228881836,17.93000030517578,17.173333485921223,16.72500009536743,16.558000106811523,16.75833339691162,0
2024-04-19,17.049999237060547,17.299999237060547,16.549999237060547,16.600000381469727,11325750,Power,-0.008721018559610272,-0.04322766475561701,-0.02535215565856075,-0.03216380889705617,17.329999923706055,17.875000190734863,17.300000127156576,16.79000005722046,16.574000091552733,16.716666730244956,0
2024-04-22,17.399999618530273,17.649999618530273,17.049999237060547,17.399999618530273,13301143,Power,0.02052788252969262,0.04819272401665553,0.020231236815314135,0.030211481755258784,17.2,17.770000076293947,17.45333340962728,16.905000019073487,16.634000091552736,16.691666730244954,1
2024-04-23,18.25,18.25,17.399999618530273,17.600000381469727,27280290,Power,0.048850597707169596,0.011494296972653917,0.03399435662535666,0.02052788252969262,17.420000076293945,17.660000038146972,17.65333340962728,17.07000002861023,16.760000076293945,16.711666742960613,1
2024-04-24,18.049999237060547,18.450000762939453,17.950000762939453,18.450000762939453,19814611,Power,-0.010958945914490537,0.048295475173094626,0.010958945914490537,0.031609261865928495,17.589999771118165,17.625,17.790000025431315,17.20250000953674,16.858000030517577,16.730000050862632,0
2024-04-25,18.049999237060547,18.200000762939453,18.0,18.100000381469727,14626951,Power,0.0,-0.01897020959331197,-0.01355013494103352,0.0027854726983509437,17.759999465942382,17.63499984741211,17.873333358764647,17.319999980926514,16.931999969482423,16.758333333333333,0
2024-04-26,18.100000381469727,18.200000762939453,17.950000762939453,18.14999961853028,14627921,Power,0.002770146621752456,0.0027623887296566174,0.0,-0.002777735392252567,17.969999694824217,17.649999809265136,17.906666692097982,17.467500019073487,17.025999984741212,16.80666669209798,1
2024-04-29,19.0,19.0,19.0,19.0,10749351,Power,0.04972373478244063,0.046831977924777,0.04395600019366919,0.05849577673714834,18.289999771118165,17.744999885559082,17.94333330790202,17.6625,17.181999969482423,16.910000038146972,1
2024-04-30,19.950000762939453,19.950000762939453,19.950000762939453,19.950000762939453,48279529,Power,0.05000004015470805,0.05000004015470805,0.05000004015470805,0.05000004015470805,18.629999923706055,18.025,17.983333333333334,17.897500038146973,17.382000007629394,17.071666717529297,1
2024-05-02,20.100000381469727,20.5,19.25,20.5,59616856,Power,0.007518777583654268,0.027568883008880052,0.027568883008880052,-0.035087756198978415,19.04000015258789,18.314999961853026,18.096666717529295,18.10250005722046,17.570000038146972,17.221666717529295,1
2024-05-03,19.700000762939453,20.350000381469727,19.5,20.25,27871389,Power,-0.01990047815616136,-0.012195121951219523,-0.007317054562452352,0.01298701298701288,19.370000457763673,18.564999961853026,18.213333384195963,18.247500133514404,17.730000076293944,17.338333384195963,0
2024-05-06,19.14999961853028,20.100000381469727,18.850000381469727,20.0,24102740,Power,-0.027918838736486706,-0.012345679012345734,-0.01228501205472432,-0.0333333137707833,19.580000305175783,18.775,18.293333307902017,18.325000095367432,17.890000076293944,17.45166670481364,0
2024-05-07,18.450000762939453,19.100000381469727,18.200000762939453,19.100000381469727,24148387,Power,-0.03655346577205576,-0.044999980926513694,-0.04975124283688592,-0.03448273768573751,19.47000045776367,18.880000114440918,18.320000076293944,18.325000095367432,18.024000091552736,17.563333384195964,0
2024-05-08,18.600000381469727,19.0,17.899999618530273,18.450000762939453,16373846,Power,0.00813006028875507,-0.03403139296064539,-0.005235621961910741,-0.01648357867215422,19.200000381469728,18.91500015258789,18.416666793823243,18.28750009536743,18.158000106811524,17.685000069936116,1
2024-05-09,17.850000381469727,18.850000381469727,17.700000762939453,18.850000381469727,19203760,Power,-0.04032257981818044,0.02168019522978848,-0.007894716764751286,-0.011173120662180347,18.750000381469725,18.89500026702881,18.46000010172526,18.260000133514403,18.232000122070314,17.7666667620341,0
2024-05-10,18.200000762939453,18.549999237060547,17.850000381469727,18.200000762939453,16986570,Power,0.019607864089071114,-0.03448273768573751,-0.015915179752680086,0.008474554353937958,18.450000381469728,18.9100004196167,18.526666768391927,18.272500133514406,18.288000183105467,17.850000127156576,1
2024-05-13,18.049999237060547,18.549999237060547,17.549999237060547,18.450000762939453,16320993,Power,-0.00824184173576259,0.013736263160442963,0.0,-0.016806786442459365,18.230000305175782,18.905000305175783,18.593333435058593,18.277500057220458,18.3060001373291,17.946666781107584,0
2024-05-14,18.950000762939453,18.950000762939453,18.049999237060547,18.350000381469727,16067747,Power,0.04986158248865791,-0.00542007465227845,0.021563425462560293,0.028490029728556632,18.33000030517578,18.900000381469727,18.696666844685872,18.322500133514403,18.326000137329103,18.075000127156574,1
2024-05-15,19.049999237060547,19.39999961853028,18.700000762939453,18.89999961853028,20844138,Power,0.005276964121113004,0.02997270984342637,0.02374664049992492,0.03601116639076163,18.420000076293945,18.810000228881837,18.750000127156575,18.41750011444092,18.314000091552735,18.201666768391927,1
2024-05-16,18.950000762939453,19.39999961853028,18.850000381469727,19.25,13481068,Power,-0.0052492639436201305,0.018518539075871976,0.0,0.008021369647617904,18.64000015258789,18.69500026702881,18.810000228881837,18.505000114440918,18.3360001373291,18.300000127156576,0
2024-05-17,19.64999961853028,19.850000381469727,18.89999961853028,19.100000381469727,24370219,Power,0.03693925210598503,-0.007792187975598663,0.023195916071545586,0.0026524793659794543,18.929999923706056,18.690000152587892,18.916666920979818,18.62750005722046,18.404000091552735,18.395000139872234,1
2024-05-21,19.450000762939453,20.14999961853028,19.39999961853028,20.0,43848333,Power,-0.010178059006282325,0.04712039793483069,0.015113311400266172,0.02645502698898361,19.210000228881835,18.72000026702881,19.006666946411134,18.747500133514404,18.464000091552734,18.456666819254558,0
2024-05-22,19.350000381469727,20.0,19.200000762939453,19.64999961853028,37018441,Power,-0.005141407585971369,-0.017500019073485973,-0.007444149943920508,-0.010309219563066074,19.29000015258789,18.810000228881837,19.030000305175783,18.845000171661376,18.5160001373291,18.4866668065389,0
2024-05-23,19.799999237060547,20.100000381469727,19.39999961853028,19.600000381469727,49157473,Power,0.02325575435242655,-0.002544490485048345,0.005000019073486239,0.01041660664810351,19.440000152587892,18.93000011444092,19.020000203450522,18.922500133514404,18.62200012207031,18.501666768391928,1
2024-05-24,20.450000762939453,20.75,19.64999961853028,19.799999237060547,102361880,Power,0.03282836115782617,0.010204023045831345,0.032338288865382925,0.012886598191538479,19.74000015258789,19.190000152587892,19.04333356221517,19.04250020980835,18.752000122070314,18.57000013987223,1
2024-05-27,20.049999237060547,21.100000381469727,19.89999961853028,20.89999961853028,62772877,Power,-0.019559976085859576,0.055555576962387665,0.016867488263601293,0.01272264655742017,19.820000076293944,19.375,19.06666679382324,19.14250020980835,18.866000061035155,18.640000089009604,0
2024-05-28,19.39999961853028,20.25,19.14999961853028,20.25,42402233,Power,-0.03241893482613223,-0.031100460784409756,-0.040284377540400707,-0.037688442933517585,19.80999984741211,19.510000038146973,19.083333460489907,19.207500171661376,18.960000076293944,18.688333384195964,0
2024-05-29,19.39999961853028,19.75,18.950000762939453,19.299999237060547,32584927,Power,0.0,-0.04691361792293591,-0.024691358024691357,-0.010443804677536472,19.81999969482422,19.554999923706056,19.146666717529296,19.22750015258789,19.040000076293946,18.733333396911622,0
2024-05-30,19.14999961853028,19.75,19.049999237060547,19.350000381469727,32598077,Power,-0.012886598191538479,0.002590732973354992,0.0,0.005276964121113004,19.689999771118167,19.56499996185303,19.183333333333334,19.187500095367433,19.076000061035156,18.80000006357829,0
2024-05-31,19.25,19.600000381469727,18.64999961853028,19.14999961853028,44847654,Power,0.005221952138994013,-0.01033595653729158,-0.007594917393937917,-0.020997356144355828,19.449999618530278,19.594999885559083,19.27666664123535,19.145000076293947,19.124000091552734,18.868333371480308,1
2024-06-03,20.14999961853028,20.200000762939453,19.64999961853028,20.200000762939453,83244969,Power,0.04675322693663797,0.05483034805876197,0.03061226376490178,0.0536193040457984,19.469999694824224,19.644999885559084,19.40666656494141,19.16750001907349,19.208000106811525,18.966666666666665,1
2024-06-04,19.14999961853028,19.549999237060547,19.14999961853028,19.14999961853028,48108750,Power,-0.049627792502804025,-0.05198025271046469,-0.032178292144991016,-0.025445293114840117,19.419999694824224,19.61499977111817,19.479999923706057,19.16750001907349,19.250000076293947,19.036666679382325,0
2024-06-05,18.200000762939453,18.200000762939453,18.200000762939453,18.200000762939453,15352513,Power,-0.049608296319315404,-0.049608296319315404,-0.0690536330846463,-0.049608296319315404,19.17999992370606,19.49999980926514,19.42999992370606,19.15500001907349,19.218000106811527,19.063333384195964,0
2024-06-06,17.649999618530273,19.0,17.399999618530273,18.25,128108702,Power,-0.030219841832597294,0.002747210712340298,0.04395600019366919,-0.04395610499304026,18.87999992370606,19.284999847412116,19.33666661580404,19.107499980926516,19.126000061035157,19.043333371480305,0
2024-06-07,18.100000381469727,18.39999961853028,17.649999618530273,17.700000762939453,45669269,Power,0.025495794485287604,-0.03013694449646831,-0.03157896744577471,0.01436781640694762,18.650000000000002,19.04999980926514,19.279999923706058,19.119999980926515,19.04600006103516,19.045000076293945,1
2024-06-10,17.8799991607666,18.450000762939453,17.75,18.450000762939453,27739948,Power,-0.012154763318588446,0.04237287952949487,0.002717453556836835,0.005665744115072924,18.195999908447266,18.832999801635747,19.16199989318848,19.103999900817875,18.973199996948246,19.039333407084147,0
2024-06-11,18.43000030517578,18.64999961853028,17.760000228881836,17.93000030517578,43405034,Power,0.030760691847012245,-0.028184305488387684,0.0108400459252318,0.0005633931764414957,18.052000045776367,18.735999870300297,19.093999862670902,19.122999954223637,18.944400024414065,19.050333404541014,1
2024-06-12,19.350000381469727,19.350000381469727,18.65999984741211,18.65999984741211,40659061,Power,0.04991861427346689,0.040713861116087324,0.03753355374034095,0.05067565354344228,18.28199996948242,18.73099994659424,19.093999862670902,19.14299993515015,18.980400009155275,19.06200008392334,1
2024-06-13,19.709999084472656,20.239999771118164,19.0,19.809999465942383,51748531,Power,0.018604583767743987,0.061629133329803576,0.04599479959187658,0.018220801466675374,18.6939998626709,18.786999893188476,19.087999852498378,19.175999927520756,19.02479995727539,19.054000027974446,1
2024-06-14,19.780000686645508,20.13999938964844,19.31999969482422,19.799999237060547,51047773,Power,0.0035515781544606106,-0.0005048071252615749,-0.004940730365640689,0.016842089201274613,19.029999923706054,18.839999961853028,19.043333180745446,19.217499923706058,19.101999969482424,19.043333371480305,1
2024-06-18,19.36000061035156,20.18000030517578,19.21999931335449,19.790000915527344,41377058,Power,-0.02123357238190149,-0.000504965753457598,0.001986142837119509,-0.00517600326342238,19.326000213623047,18.761000061035155,18.99733327229818,19.20299997329712,19.148399963378907,19.032000033060708,0
2024-06-19,18.959999084472656,19.540000915527344,18.64999961853028,19.450000762939453,26271101,Power,-0.0206612351894776,-0.0171804010540052,-0.0317145381551005,-0.02965659288177802,19.431999969482423,18.742000007629393,18.967999903361008,19.178499889373782,19.18479995727539,19.025666681925454,0
2024-06-20,18.8700008392334,19.280000686645508,18.71999931335449,19.0,26949255,Power,-0.004746743121573416,-0.023136285104774723,-0.013306049984635804,0.0037533349198923815,19.336000061035158,18.80900001525879,18.93266665140788,19.154499912261965,19.18159996032715,19.03966668446859,0
2024-06-21,19.190000534057617,19.5,18.90999984741211,19.0,33125400,Power,0.016958117678452567,0.0,0.011410752360962118,0.01014960155057687,19.23200035095215,18.963000106811524,18.9353333791097,19.12399997711182,19.187200012207033,19.05933335622152,1
2024-06-24,20.13999938964844,20.13999938964844,19.200000762939453,19.39999961853028,93082929,Power,0.04950488948162368,0.021052611501593654,0.03282048152043293,0.015335849702136972,19.304000091552734,19.167000007629394,18.99466667175293,19.108499908447268,19.234799957275392,19.13566665649414,1
2024-06-25,19.950000762939453,20.540000915527344,19.81999969482422,20.450000762939453,51500865,Power,-0.009433894362809392,0.05412377139462632,0.019861049553183907,0.03229160975251166,19.422000122070312,19.37400016784668,18.981333414713543,19.103499984741212,19.24680000305176,19.193999989827475,0
2024-06-26,19.690000534057617,20.200000762939453,19.6200008392334,20.0,31039322,Power,-0.013032592428007916,-0.022004926462152907,-0.016553073876976576,-0.010090759771456903,19.568000411987306,19.500000190734863,19.017333475748696,19.11800003051758,19.256399993896487,19.248666699727377,0
2024-06-27,19.670000076293945,20.100000381469727,18.89999961853028,19.8700008392334,35361726,Power,-0.0010157672534887308,-0.006499958038330034,-0.004950513747167595,-0.036697308354001534,19.728000259399415,19.532000160217287,19.11533342997233,19.131500053405766,19.269199981689454,19.272666676839194,0
2024-06-28,19.600000381469727,19.979999542236328,19.420000076293945,19.76000022888184,19793463,Power,-0.0035587033326238693,-0.005536014378739296,-0.005970190893330951,0.02751325228884327,19.810000228881837,19.52100028991699,19.24533348083496,19.154000091552735,19.261200027465822,19.2910000483195,0
2024-07-01,19.8799991607666,19.950000762939453,19.549999237060547,19.75,30421054,Power,0.014285651726904769,-0.0005060844517209562,-0.0015014404396486158,0.006694086521930043,19.75800018310547,19.5310001373291,19.36400006612142,19.185500049591063,19.23839996337891,19.321999994913735,1
2024-07-02,19.82999992370605,20.290000915527344,19.43000030517578,20.290000915527344,27829404,Power,-0.002515052272196505,0.027341818507713667,0.01704261351305303,-0.0061380530213671625,19.73400001525879,19.57800006866455,19.49400011698405,19.169500064849853,19.22959999084473,19.328000005086263,0
2024-07-03,19.670000076293945,20.040000915527344,19.450000762939453,19.96999931335449,20121991,Power,-0.008068575291361069,-0.015771394171203212,-0.01232134000588847,0.0010293596216950363,19.729999923706053,19.64900016784668,19.576666768391927,19.195500087738036,19.240400009155277,19.33533331553141,0
2024-07-04,19.030000686645508,19.770000457763672,18.989999771118164,19.670000076293945,37332968,Power,-0.03253682700386751,-0.015022496112953032,-0.01347307611919668,-0.023650435669791192,19.602000045776368,19.66500015258789,19.555333455403645,19.23700008392334,19.225600051879884,19.324666659037273,0
2024-07-05,18.56999969482422,19.229999542236328,18.299999237060547,18.989999771118164,41091222,Power,-0.024172410679107248,-0.034570427175305896,-0.02731415796782577,-0.03633494167319773,19.395999908447266,19.60300006866455,19.47933349609375,19.28300008773804,19.20240005493164,19.28366667429606,0
2024-07-08,18.670000076293945,19.020000457763672,18.39999961853028,18.600000381469727,26329490,Power,0.005385050248417622,-0.020537092909373666,-0.010920389468102698,0.005464501947476386,19.154000091552735,19.456000137329102,19.405333455403646,19.311500072479248,19.179200057983397,19.224333318074546,1
2024-07-09,19.280000686645508,19.39999961853028,18.75,18.780000686645508,36445842,Power,0.032672769569299875,0.009677435563663073,0.01997892490120834,0.019021760256844766,19.044000244140626,19.389000129699706,19.400000127156577,19.381500148773192,19.14440010070801,19.198666699727376,1
2024-07-10,18.959999084472656,19.5,18.40999984741211,19.5,28976599,Power,-0.016597592882582446,0.038338620182611916,0.005154658940003332,-0.018133341471354147,18.90200004577637,19.31599998474121,19.400000127156577,19.40800008773804,19.136800079345704,19.18400001525879,0
2024-07-11,18.690000534057617,19.030000686645508,18.64999961853028,18.96999931335449,19991033,Power,-0.014240430561842987,-0.02717952239207755,-0.024102528889973995,0.01303638094010684,18.834000015258788,19.21800003051758,19.388000106811525,19.375000095367433,19.15640007019043,19.1603333791097,0
2024-07-12,18.43000030517578,18.8700008392334,18.3700008392334,18.799999237060547,19518295,Power,-0.01391119429922183,-0.008961522532806021,-0.008407768872251808,-0.015013339679571969,18.8060001373291,19.101000022888183,19.33733342488607,19.31100015640259,19.18760009765625,19.136333401997884,0
2024-07-15,18.489999771118164,18.75,17.950000762939453,18.75,25529535,Power,0.0032555325528418333,-0.002659533994128216,-0.006359344668596889,-0.022863367289398195,18.770000076293947,18.96200008392334,19.22733345031738,19.246500110626222,19.203200073242186,19.111000061035156,1
2024-07-16,18.63999938964844,18.90999984741211,18.51000022888184,18.700000762939453,17233208,Power,0.00811247270887372,-0.002666625976562531,0.00853332519531258,0.031197740509214533,18.641999816894533,18.84300003051758,19.140000025431316,19.210500049591065,19.233600082397462,19.06066672007243,1
2024-07-18,18.31999969482422,18.770000457763672,18.21999931335449,18.770000457763672,22893376,Power,-0.017167366164289266,0.0037432990357384455,-0.007403457999900387,-0.015667256182679612,18.513999938964844,18.707999992370606,19.04866663614909,19.17850008010864,19.229200057983398,19.033000055948893,0
2024-07-19,17.920000076293945,18.299999237060547,17.860000610351562,18.299999237060547,18825071,Power,-0.021834040676500743,-0.02504002180291487,-0.02504002180291487,-0.019758436694290227,18.35999984741211,18.59699993133545,18.931999969482423,19.13100004196167,19.172000045776368,19.023666699727375,0
2024-07-22,17.809999465942383,18.07999992370605,17.40999984741211,17.899999618530273,19407393,Power,-0.006138426890805682,-0.02185790356319839,-0.012021820903082903,-0.025196010501737365,18.23599967956543,18.520999908447266,18.812666575113933,19.061999988555907,19.096000061035156,19.029000027974448,0
2024-07-23,17.90999984741211,18.270000457763672,17.0,18.11000061035156,23444290,Power,0.005614844720290613,0.011731899234449727,0.01050887914045262,-0.023549675531620018,18.11999969482422,18.44499988555908,18.681333287556967,18.950500011444092,19.02120002746582,19.022666676839194,1
2024-07-24,18.799999237060547,18.799999237060547,17.899999618530273,17.959999084472656,22120366,Power,0.04969287533394584,-0.008282800708088511,0.029009237329912452,0.052941154031192594,18.15199966430664,18.396999740600585,18.61266657511393,18.892999935150147,18.99879997253418,19.05333334604899,1
2024-07-25,18.82999992370605,19.299999237060547,18.5,18.64999961853028,46283601,Power,0.0015957812693079276,0.03841873993491274,0.026595745760156664,0.03351957509812453,18.253999710083008,18.383999824523926,18.556666564941406,18.84999990463257,18.993600006103517,19.066666666666666,1
2024-07-26,19.65999984741211,19.770000457763672,18.799999237060547,19.01000022888184,66105991,Power,0.044078594108815095,0.019302982183113215,0.02435239581774762,0.016216174976245723,18.60199966430664,18.480999755859376,18.598666508992512,18.849499893188476,19.025199966430662,19.07699998219808,1
2024-07-29,19.420000076293945,20.63999938964844,19.299999237060547,20.5,77530630,Power,-0.012207516428325738,0.07837978712143356,0.044006014756722944,0.026595745760156664,18.923999786376953,18.579999732971192,18.655333201090496,18.840499877929688,19.034399948120118,19.067333348592122,0
2024-07-30,19.309999465942383,19.59000015258789,19.18000030517578,19.459999084472656,33354324,Power,-0.005664295052492885,-0.05073175197694357,-0.050872057563487894,-0.006217561483336187,19.203999710083007,18.661999702453613,18.697999827067058,18.811999893188478,19.001199951171873,19.05166664123535,0
2024-07-31,19.850000381469727,20.200000762939453,19.299999237060547,19.39999961853028,49490114,Power,0.02796483327095678,-0.003083220388753749,0.031138366799398964,0.006256461416863646,19.413999938964842,18.782999801635743,18.735999806722006,18.81299991607666,18.997199935913088,19.06799996693929,1
2024-08-01,19.15999984741211,19.989999771118164,19.030000686645508,19.950000762939453,42903143,Power,-0.03476073152631998,0.02835057501154936,-0.010396088311371399,-0.013989562750685414,19.479999923706053,18.86699981689453,18.74933319091797,18.78749990463257,18.975999908447264,19.074666659037273,0
2024-08-02,19.790000915527344,20.049999237060547,18.76000022888184,18.89999961853028,62121631,Power,0.032881058096684956,-0.05263163429846729,0.0030014740685024854,-0.014188147557616437,19.506000137329103,19.05399990081787,18.822666549682616,18.82549991607666,18.980799942016603,19.10533332824707,1
2024-08-05,18.799999237060547,19.38999938964844,18.799999237060547,19.020000457763672,53719841,Power,-0.0500253477851047,0.006349250881240165,-0.032917699377871146,0.002132143267094877,19.381999969482422,19.152999877929688,18.8473331451416,18.836999893188477,18.948799896240235,19.092333285013833,0
2024-08-06,17.979999542236328,19.13999938964844,17.90999984741211,18.86000061035156,42906170,Power,-0.04361700681390179,-0.008412189461688646,-0.012893244346024346,-0.0473403949875687,19.11599998474121,19.15999984741211,18.813333129882814,18.802499866485597,18.872799911499023,19.020333290100098,0
2024-08-07,18.8700008392334,18.8700008392334,17.899999618530273,18.39999961853028,27512734,Power,0.04949951722225543,-0.02439029570172979,-0.014106507786048716,-0.000558360076328035,18.920000076293945,19.167000007629394,18.828666559855144,18.78199987411499,18.83439994812012,18.984333292643228,1
2024-08-08,17.920000076293945,19.13999938964844,17.920000076293945,18.989999771118164,55990682,Power,-0.0503445003014662,0.032065226348902076,0.014308348617223077,0.0011173440329554918,18.672000122070312,19.076000022888184,18.801999918619792,18.729999923706053,18.76439994812012,18.92533327738444,0
2024-08-09,17.530000686645508,17.829999923706055,17.020000457763672,17.329999923706055,63116480,Power,-0.02176335870468893,-0.08741442166507019,-0.06844302548154091,-0.050223192784517146,18.220000076293946,18.863000106811523,18.775999959309896,18.67199993133545,18.704399948120116,18.85399996439616,0
2024-08-12,17.829999923706055,18.25,17.149999618530273,17.559999465942383,41957504,Power,0.017113475488286234,0.013271756679104518,0.02355580920309097,0.0076380233413744225,18.026000213623046,18.704000091552736,18.777333323160807,18.641999912261962,18.67479995727539,18.79499994913737,1
2024-08-13,17.600000381469727,18.1200008392334,17.5,17.940000534057617,26299204,Power,-0.012899581784659997,0.021640152600929552,-0.0071232416858412195,0.02040818596238081,17.950000381469728,18.533000183105468,18.756666692097983,18.597499942779542,18.631999969482422,18.718999989827473,0
2024-08-14,17.59000015258789,17.799999237060547,17.049999237060547,17.770000457763672,26476662,Power,-0.0005681948105162871,-0.009476035185796872,-0.01766013175231118,-0.025714329310825845,17.694000244140625,18.307000160217285,18.67600008646647,18.544999980926512,18.564399948120116,18.6443333307902,0
2024-08-16,17.65999984741211,18.059999465942383,17.40999984741211,17.799999237060547,18688684,Power,0.003979516442125686,0.0016881698662967182,0.014606755057635201,0.021114406244022055,17.642000198364258,18.157000160217287,18.59800008138021,18.511999988555907,18.512399978637696,18.577333323160808,1
2024-08-19,17.979999542236328,18.34000015258789,17.799999237060547,17.979999542236328,29894310,Power,0.01812002817605407,0.010112377128703054,0.015503914447701606,0.02240088415086383,17.731999969482423,17.976000022888183,18.486000061035156,18.51499996185303,18.483999938964843,18.542333285013836,1
2024-08-20,18.100000381469727,18.299999237060547,17.969999313354492,18.1299991607666,20363008,Power,0.0066741291595424634,0.008342581888164835,-0.002181074983344522,0.009550566493283563,17.786000061035157,17.9060001373291,18.398000081380207,18.529500007629395,18.4707999420166,18.52666664123535,1
2024-08-21,18.780000686645508,19.0,18.1299991607666,18.190000534057617,71439148,Power,0.037569076842227433,0.003309507780941301,0.038251409405626324,0.008903720285242667,18.022000122070313,17.98600025177002,18.362666829427084,18.573000049591066,18.482399978637694,18.53033332824707,1
2024-08-22,18.549999237060547,18.959999084472656,18.39999961853028,18.8799991607666,32947659,Power,-0.012247148092412785,0.037932853570679326,-0.0021053113435444137,0.01489246940220279,18.213999938964843,17.954000091552736,18.27600008646647,18.560500049591063,18.47879997253418,18.505999946594237,0
2024-08-23,18.520000457763672,18.940000534057617,18.39999961853028,18.770000457763672,33803897,Power,-0.0016171849342689892,-0.005826202748542064,-0.0010547759167044424,0.0,18.386000061035155,18.014000129699706,18.23333346048991,18.545000076293945,18.48680000305176,18.491333325703938,0
2024-08-26,18.190000534057617,18.6200008392334,18.14999961853028,18.57999992370605,18293705,Power,-0.017818569954069163,-0.010122564167494907,-0.016895442756128753,-0.013586956803424588,18.428000259399415,18.080000114440917,18.126666768391928,18.47150011062622,18.497600021362306,18.474666659037272,0
2024-08-27,18.200000762939453,18.32999992370605,18.0,18.309999465942383,19676891,Power,0.00054976517802241,-0.014531779271924394,-0.015574699380050405,-0.008264441966000846,18.448000335693358,18.11700019836426,18.086666870117188,18.410500144958498,18.51320007324219,18.467000007629395,1
2024-08-28,18.020000457763672,18.440000534057617,18.0,18.25,21066196,Power,-0.00989012624341834,-0.0032768687980567757,0.006001124430410121,0.0,18.296000289916993,18.159000205993653,18.08933359781901,18.34600019454956,18.51760009765625,18.45133336385091,0
2024-08-29,17.940000534057617,18.13999938964844,17.8700008392334,18.13999938964844,19298064,Power,-0.004439507307092638,-0.00602743070419498,-0.016269042067276085,-0.007222175598144531,18.174000549316407,18.194000244140625,18.027333577473957,18.250500202178955,18.48320014953613,18.428000068664552,0
2024-08-30,17.920000076293945,18.11000061035156,17.899999618530273,17.950000762939453,13354596,Power,-0.0011148526849652507,-0.010474015055227048,-0.0016537365108182378,0.0016787228812553678,18.054000473022462,18.22000026702881,18.027333577473957,18.188500213623048,18.44680015563965,18.414666748046876,0
2024-09-02,17.90999984741211,18.13999938964844,17.600000381469727,18.100000381469727,22657065,Power,-0.0005580484843337175,0.008356524354025119,0.001656475885469355,-0.016759734271166393,17.99800033569336,18.213000297546387,18.052666854858398,18.094500160217287,18.37680015563965,18.414333407084147,0
2024-09-03,18.020000457763672,18.479999542236328,17.899999618530273,17.90999984741211,33706650,Power,0.006141854343312936,-0.010497266853769505,0.0187431181933726,0.017045410827172702,17.9620002746582,18.20500030517578,18.065333557128906,18.05550022125244,18.320800170898437,18.421333440144856,1
2024-09-04,17.950000762939453,18.450000762939453,17.84000015258789,17.989999771118164,21651193,Power,-0.0038845556629306666,0.004466774114328942,-0.001623310608223405,-0.0033519255430749517,17.948000335693358,18.122000312805177,18.088666915893555,18.054000282287596,18.26640022277832,18.422666803995767,0
2024-09-05,17.93000030517578,18.13999938964844,17.8799991607666,18.100000381469727,11983140,Power,-0.001114231582929337,0.006114542065095652,-0.016802241759995562,0.00224209685182708,17.94600028991699,18.0600004196167,18.11133359273275,18.007000255584718,18.18960021972656,18.39366683959961,0
2024-09-06,17.469999313354492,18.100000381469727,17.40999984741211,17.969999313354492,24176033,Power,-0.02565538114846,-0.007182379302506869,-0.0022050170630953936,-0.026286316298369528,17.8560001373291,17.95500030517578,18.09866689046224,17.984500217437745,18.12200019836426,18.348333485921223,0
2024-09-09,17.270000457763672,17.549999237060547,17.010000228881836,17.549999237060547,18326277,Power,-0.011448131851839127,-0.02337229228394133,-0.030386802918095812,-0.022975279841242036,17.728000259399415,17.863000297546385,18.051333618164062,17.971500205993653,18.02120018005371,18.26866683959961,0
2024-09-10,17.540000915527344,17.649999618530273,17.34000015258789,17.3700008392334,13384483,Power,0.01563407357307245,-0.01025631941037597,0.005698027681878992,0.019400347987399646,17.632000350952147,17.797000312805174,18.01400032043457,17.957000255584717,17.970800247192383,18.20600020090739,1
2024-09-11,17.190000534057617,17.639999389648438,17.100000381469727,17.579999923706055,13175648,Power,-0.01995441067280035,0.012089756725764511,-0.0005665852180153363,-0.013840817128386584,17.480000305175782,17.71400032043457,17.908000310262043,17.93650026321411,17.939200286865233,18.135333569844565,0
2024-09-12,17.290000915527344,17.440000534057617,17.059999465942383,17.399999618530273,14545551,Power,0.0058173576709088515,-0.010238925253523878,-0.011337803997214624,-0.002339234773976351,17.352000427246093,17.649000358581542,17.82400042215983,17.921500301361085,17.87600028991699,18.05000025431315,1
2024-09-13,17.309999465942383,17.540000915527344,17.219999313354492,17.3799991607666,12151577,Power,0.0011566540980967321,-0.0011494516208133687,0.005733966651803701,0.00937865488985068,17.320000457763673,17.588000297546387,17.743333689371745,17.904000282287598,17.85160026550293,17.988333574930827,1
2024-09-16,17.350000381469727,17.700000762939453,17.209999084472656,17.450000762939453,15608267,Power,0.00231085596542302,0.0040277103310149,0.009121997665944681,-0.0005807334077000403,17.336000442504883,17.53200035095215,17.68733367919922,17.872500324249266,17.8444002532959,17.907000223795574,1
2024-09-17,17.34000015258789,17.479999542236328,17.170000076293945,17.479999542236328,13596849,Power,-0.0005763820554446353,0.0017191276782397846,-0.01242944696159376,-0.002324172591897433,17.296000289916993,17.46400032043457,17.63000030517578,17.834500312805176,17.824800262451173,17.858333587646484,0
2024-09-18,17.200000762939453,17.479999542236328,17.190000534057617,17.3700008392334,12861011,Power,-0.00807378249229962,-0.006292832144368377,0.0,0.0011648490200815154,17.29800033569336,17.38900032043457,17.575333658854166,17.755500316619873,17.80880027770996,17.83233362833659,0
2024-09-19,16.899999618530273,17.329999923706055,16.760000228881836,17.280000686645508,22412911,Power,-0.017441926226863136,-0.0051813556844860775,-0.008581214099453227,-0.025014560315099743,17.220000076293946,17.28600025177002,17.506000264485678,17.67300033569336,17.781200256347656,17.76666692097982,0
2024-09-20,17.020000457763672,17.239999771118164,16.829999923706055,17.0,19968452,Power,0.007100641535034313,-0.016203742796254694,-0.005193315232781881,0.004176592712904048,17.162000274658205,17.241000366210937,17.44600028991699,17.59800033569336,17.75560028076172,17.736666933695474,1
2024-09-23,17.760000228881836,17.8700008392334,17.149999618530273,17.25,34409016,Power,0.04347824625237373,0.014705882352941124,0.03654298587466709,0.019013648025837382,17.244000244140626,17.290000343322752,17.436000315348306,17.57650032043457,17.746800308227538,17.74433358510335,1
2024-09-24,17.850000381469727,18.270000457763672,17.510000228881836,17.860000610351562,27567568,Power,0.0050675760939198344,0.03536235422327905,0.02238386120565128,0.020991289700239335,17.346000289916994,17.32100028991699,17.424666976928712,17.559000301361085,17.73680030822754,17.745000267028807,1
2024-09-25,17.6200008392334,17.950000762939453,17.520000457763672,17.889999389648438,12858612,Power,-0.01288512814123488,0.0016796628371607003,-0.0175150348553077,0.0005711152913259188,17.43000030517578,17.36400032043457,17.402666982014974,17.53900032043457,17.690400314331054,17.745666948954263,0
2024-09-26,17.420000076293945,17.700000762939453,17.3799991607666,17.6299991607666,11171034,Power,-0.011350780556952267,-0.014533272093473548,-0.013927576009699294,-0.007990941400633944,17.534000396728516,17.37700023651123,17.368666966756184,17.513000297546387,17.645200347900392,17.740000279744468,0
2024-09-27,17.56999969482422,18.11000061035156,16.75,17.450000762939453,52088250,Power,0.008610770256792355,-0.010209779148924292,0.023163832188672462,-0.03624851502805326,17.644000244140624,17.403000259399413,17.375333658854167,17.4955002784729,17.607200317382812,17.737000274658204,1
2024-09-30,18.239999771118164,18.440000534057617,17.25,17.739999771118164,72752766,Power,0.03813318656410192,0.016618853610288253,0.018221971981460472,0.029850746268656803,17.74000015258789,17.49200019836426,17.440000279744467,17.512000274658202,17.609200286865235,17.745666948954263,1
2024-10-01,19.14999961853028,19.14999961853028,18.600000381469727,18.71999931335449,34282426,Power,0.04989034313767049,0.05524236498761548,0.03850320303198118,0.07826089167940453,18.0,17.6730001449585,17.54733352661133,17.568500232696532,17.647200241088868,17.78066692352295,1
2024-10-03,20.100000381469727,20.100000381469727,19.31999969482422,19.350000381469727,174381863,Power,0.04960839591976751,0.03365390444570204,0.04960839591976751,0.03870963970902874,18.495999908447267,17.963000106811528,17.741333516438804,17.67600021362305,17.73040023803711,17.824666913350423,1
2024-10-04,19.43000030517578,20.790000915527344,19.209999084472656,20.5,138301403,Power,-0.03333333649643222,0.05943150366196148,0.034328384127481515,-0.005693613462169567,18.897999954223632,18.216000175476076,17.884000142415363,17.751000213623048,17.790000228881837,17.854000282287597,0
2024-10-07,18.450000762939453,19.59000015258789,18.450000762939453,19.43000030517578,71026435,Power,-0.05043744348142265,-0.05219510706459607,-0.05772009187566762,-0.039562642256839364,19.07400016784668,18.359000205993656,17.960000228881835,17.800000286102296,17.811200256347657,17.851666959126792,0
2024-10-08,20.020000457763672,20.350000381469727,17.15999984741211,17.649999618530273,141863698,Power,0.08509483088899805,-0.09161094486299881,0.03879531510781731,-0.06991874591780889,19.43000030517578,18.58500022888184,18.1380002339681,17.937500286102296,17.89560028076172,17.91266695658366,1
2024-10-09,22.1299991607666,22.799999237060547,20.209999084472656,20.280000686645508,314421886,Power,0.10539453819965727,0.14900856232053772,0.120393061899976,0.17773888485905287,20.026000213623046,19.013000106811525,18.457333501180013,18.167000198364256,18.060000228881837,18.043666903177897,1
2024-10-10,22.8799991607666,23.770000457763672,21.89999961853028,22.63999938964844,283904353,Power,0.03389064746688497,0.11637074078389964,0.042543914612348965,0.08362199953566796,20.58199996948242,19.538999938964846,18.836000061035158,18.451500129699706,18.257200164794924,18.20566685994466,1
2024-10-11,22.309999465942383,23.239999771118164,22.15999984741211,22.979999542236328,116699215,Power,-0.02491257498827293,0.01501767498913198,-0.022297041499315662,0.011872156776744136,21.157999801635743,20.02799987792969,19.196666717529297,18.70250005722046,18.432400131225585,18.351333491007487,0
2024-10-14,21.31999969482422,22.489999771118164,21.059999465942383,22.39999961853028,98992072,Power,-0.04437471065965115,-0.025239335738019952,-0.03227194524038135,-0.049639006725814006,21.731999588012695,20.40299987792969,19.483333333333334,18.90300006866455,18.586400146484376,18.46466681162516,0
2024-10-15,21.38999938964844,22.18000030517578,21.190000534057617,21.39999961853028,78737486,Power,0.003283287796726153,-0.0446428579031205,-0.013783880351145528,0.006172890380432783,22.00599937438965,20.717999839782717,19.72533327738444,19.105000019073486,18.751200103759764,18.580666796366373,1
2024-10-16,21.14999961853028,21.84000015258789,20.89999961853028,21.5,65777548,Power,-0.011220185973184638,0.004672915105247366,-0.015329132006754342,-0.013685743662971261,21.809999465942386,20.917999839782716,19.94533322652181,19.295499992370605,18.89560005187988,18.68500010172526,0
2024-10-17,19.89999961853028,21.350000381469727,19.799999237060547,21.309999465942383,101229314,Power,-0.05910165591231642,-0.008837234142214712,-0.022435886799208715,-0.05263159816014806,21.21399955749512,20.89799976348877,20.097333145141604,19.430499935150145,19.00400001525879,18.75000006357829,0
2024-10-18,20.01000022888184,20.34000015258789,19.39999961853028,19.89999961853028,72852665,Power,0.005527668967849175,-0.0661661136906907,-0.04730680144429622,-0.020202001714301532,20.753999710083015,20.955999755859374,20.269999821980797,19.585999965667725,19.112799987792968,18.819333394368492,1
2024-10-21,19.170000076293945,20.39999961853028,19.049999237060547,20.209999084472656,53036585,Power,-0.041979017640162875,0.015577862908786821,0.0029498262287257493,-0.018041257131542587,20.32399978637696,21.027999687194825,20.37666651407878,19.693499946594237,19.187200012207033,18.876000086466476,0
2024-10-22,18.299999237060547,19.31999969482422,18.209999084472656,19.1200008392334,67319497,Power,-0.04538345517845155,-0.0539336118068755,-0.05294117372066254,-0.04409449796479381,19.70599975585938,20.855999565124513,20.38066647847494,19.720499897003172,19.225199966430665,18.910333379109705,0
2024-10-23,18.450000762939453,18.84000015258789,17.8799991607666,18.200000762939453,69876795,Power,0.008196805034566879,-0.04811715668998018,-0.02484469719556559,-0.018121907759316658,19.165999984741212,20.487999725341798,20.333999888102216,19.75049991607666,19.269599990844725,18.940666707356776,1
2024-10-24,18.38999938964844,18.75,18.190000534057617,18.6299991607666,49571512,Power,-0.0032521068189621527,0.023626284604490344,-0.004777078124148959,0.017337885226037297,18.863999938964845,20.03899974822998,20.2199998219808,19.788999843597413,19.317199935913084,18.980666669209803,0
2024-10-25,17.889999389648438,18.540000915527344,17.5,18.51000022888184,59167425,Power,-0.027188690407540128,-0.006441166789608377,-0.011199951171875,-0.03793295842766531,18.439999771118163,19.596999740600587,20.117333094278976,19.812499809265137,19.356799926757812,19.00066661834717,0
2024-10-28,18.010000228881836,18.34000015258789,16.940000534057617,17.920000076293945,75445312,Power,0.0067077050490473855,-0.03187467019407675,-0.010787527133936159,-0.0319999694824219,18.207999801635744,19.265999794006348,20.0879997253418,19.834499835968018,19.39639991760254,19.02399997711182,1
2024-10-29,17.940000534057617,18.239999771118164,17.579999923706055,18.020000457763672,42539886,Power,-0.003886712600478681,0.005580378406471853,-0.005452583458981919,0.037780364195486804,18.136000061035155,18.920999908447264,19.949333063761397,19.81949987411499,19.40359992980957,19.04366664886475,0
2024-10-30,18.43000030517578,18.670000076293945,17.649999618530273,17.799999237060547,47971123,Power,0.027313252872425586,-0.012208724479157329,0.02357457843045907,0.003981780155176695,18.131999969482422,18.648999977111817,19.702666473388675,19.783499908447265,19.426799926757813,19.079999987284346,1
2024-10-31,18.200000762939453,18.549999237060547,18.020000457763672,18.540000915527344,34250555,Power,-0.012479627695488271,0.04157312978565053,-0.006427468598983466,0.020963220806245575,18.094000244140624,18.479000091552734,19.3906665802002,19.688499927520752,19.449999923706056,19.11333332061768,0
2024-11-01,18.46999931335449,18.6200008392334,18.350000381469727,18.39999961853028,11468088,Power,0.014835084565756329,-0.007551310144748191,0.003773671431371195,0.018312980872532636,18.210000228881835,18.325,19.134666570027672,19.640499877929688,19.491999893188478,19.165666643778486,1
2024-11-04,17.8799991607666,18.549999237060547,17.799999237060547,18.5,39500019,Power,-0.03194370192322071,0.005434803453420178,-0.0037594843725975435,-0.029972813786128483,18.18400001525879,18.195999908447266,18.9053332010905,19.611999797821046,19.504399871826173,19.194333267211917,0
2024-11-05,17.959999084472656,18.100000381469727,17.649999618530273,17.649999618530273,44241804,Power,0.004474268873658316,-0.045945966565931196,-0.024258699412330942,-0.008426945222445026,18.187999725341797,18.161999893188476,18.67666651407878,19.508999729156493,19.49319984436035,19.200999895731613,1
2024-11-06,18.270000457763672,18.420000076293945,17.8700008392334,18.09000015258789,38230217,Power,0.017260656408330632,0.02492920926727238,0.017679540777901126,0.01246465866617652,18.155999755859376,18.1439998626709,18.48466657002767,19.31599979400635,19.457999877929687,19.214999898274744,1
2024-11-07,18.71999931335449,19.479999542236328,18.420000076293945,18.5,92028441,Power,0.02463047861608536,0.022664446874173017,0.05754611626232142,0.03077779581593698,18.259999465942382,18.176999855041505,18.40599988301595,19.107999801635742,19.402799835205077,19.25166651407878,1
2024-11-08,17.989999771118164,18.89999961853028,17.899999618530273,18.89999961853028,47491107,Power,-0.03899570347289261,0.021621601001636792,-0.029774124093201237,-0.028230209316497112,18.163999557495117,18.186999893188478,18.271333185831704,18.891999816894533,19.345199813842772,19.270666503906252,0
2024-11-11,17.8799991607666,18.200000762939453,17.6200008392334,18.049999237060547,36997982,Power,-0.006114542065095652,-0.044973566064856474,-0.03703697723382604,-0.01564239023821079,18.163999557495117,18.173999786376953,18.18533312479655,18.71999979019165,19.32239974975586,19.280999819437667,0
2024-11-12,17.309999465942383,18.09000015258789,17.200000762939453,17.8799991607666,46534495,Power,-0.03187917905918847,-0.009418287173381112,-0.006043989326393606,-0.023836552570347003,18.033999633789062,18.11099967956543,18.11933314005534,18.515999794006348,19.21399971008301,19.24999980926514,0
2024-11-13,16.56999969482422,17.420000076293945,16.5,17.299999237060547,59850482,Power,-0.04274984367123302,-0.032438476002768835,-0.037037040942097366,-0.040697716970323206,17.69399948120117,17.924999618530272,17.993999735514322,18.286999797821046,18.991599731445312,19.16399981180827,0
2024-11-14,16.690000534057617,17.1200008392334,16.520000457763672,16.639999389648438,42827273,Power,0.007242054402142317,-0.03815028187968006,-0.01722154051358482,0.0012121489553740261,17.2879997253418,17.77399959564209,17.880666478474936,18.12649984359741,18.743999786376953,19.050333150227868,1
2024-11-18,16.579999923706055,16.940000534057617,16.15999984741211,16.770000457763672,40689873,Power,-0.0065908092769138005,0.007812564476180617,-0.010514036001872173,-0.02179180389685631,17.005999755859374,17.584999656677248,17.793333180745442,17.95499982833862,18.5147998046875,18.95533313751221,0
2024-11-19,16.65999984741211,17.079999923706055,16.540000915527344,16.6299991607666,32815099,Power,0.004825085891084324,-0.008348318018814194,0.008264426519171142,0.02351491780342374,16.761999893188477,17.462999725341795,17.703333155314127,17.829499816894533,18.328399810791016,18.895666440327965,1
2024-11-21,16.34000015258789,16.75,16.280000686645508,16.65999984741211,44900025,Power,-0.019207664931277013,0.0018040101118155238,-0.01932083871077972,-0.015719480924438978,16.568000030517577,17.30099983215332,17.596666463216145,17.731499862670898,18.126399841308594,18.772999763488773,0
2024-11-22,16.299999237060547,16.43000030517578,16.079999923706055,16.329999923706055,37762413,Power,-0.0024480364231214136,-0.01980791877121868,-0.019104459392490725,-0.01228505863046514,16.513999938964844,17.10399971008301,17.454666392008463,17.623999786376952,17.932399826049803,18.578666432698572,0
2024-11-25,16.209999084472656,17.030000686645508,16.100000381469727,16.860000610351562,37567072,Power,-0.005521482012297407,0.03245564538405854,0.036518586142735066,0.001243809568318932,16.41799964904785,16.852999687194824,17.32199961344401,17.514999771118163,17.7847998046875,18.356333096822105,0
2024-11-26,16.25,16.389999389648438,16.100000381469727,16.209999084472656,27716328,Power,0.002467669203366052,-0.0385528767703498,-0.03758081451511286,0.0,16.35199966430664,16.67899971008301,17.173999659220378,17.43299980163574,17.634399795532225,18.154333114624027,1
2024-11-27,17.3700008392334,17.5,16.190000534057617,16.309999465942383,55054979,Power,0.06892312856820904,0.006169055343471008,0.06772426184790548,0.005590071456860191,16.493999862670897,16.62799987792969,17.139999771118163,17.40099983215332,17.562399826049806,18.022666486104335,1
2024-11-28,18.93000030517578,19.32999992370605,17.149999618530273,17.40999984741211,174035043,Power,0.08980998218600145,0.06744331192448438,0.10457142421177434,0.059295803138065484,17.011999893188477,16.789999961853027,17.204666519165038,17.45049982070923,17.587599868774415,17.94066651662191,1
2024-11-29,18.459999084472656,19.299999237060547,18.200000762939453,19.13999938964844,70170526,Power,-0.024828378929007133,0.09936815378510677,-0.0015520272511078126,0.06122455788714265,17.4439998626709,16.978999900817872,17.21733309427897,17.451999759674074,17.587999801635743,17.85099983215332,0
2024-12-02,18.540000915527344,19.01000022888184,18.15999984741211,18.459999084472656,52520443,Power,0.004333793879869763,-0.035527707777438744,-0.015025855940027255,-0.0021978524093689833,17.910000228881835,17.163999938964842,17.205333201090493,17.468999767303465,17.5939998626709,17.805666542053224,1
2024-12-03,19.09000015258789,19.209999084472656,18.549999237060547,18.63999938964844,59345132,Power,0.02966554530209975,0.009750829583040854,0.010520718210563773,0.021475737495890712,18.478000259399415,17.414999961853027,17.278666559855143,17.499999809265137,17.641999893188476,17.774999872843424,1
2024-12-04,19.989999771118164,20.280000686645508,19.049999237060547,19.18000030517578,133781561,Power,0.04714508178818777,0.028970007146417842,0.05570024222633774,0.026954179006167367,19.002000045776366,17.747999954223634,17.419333267211915,17.605499839782716,17.72119987487793,17.80233319600423,1
2024-12-05,19.6200008392334,20.1200008392334,19.309999465942383,20.059999465942383,65279345,Power,-0.01850920140676271,0.04588108168742466,-0.007889538559901044,0.01364830652465443,19.14000015258789,18.076000022888184,17.57333335876465,17.688499927520752,17.78839988708496,17.846333249409994,0
2024-12-06,19.21999931335449,20.100000381469727,19.1200008392334,19.6200008392334,70622959,Power,-0.02038743673644705,-0.021934129532556024,-0.0009940584954982734,-0.009839390572956241,19.292000198364256,18.368000030517578,17.75,17.735999870300294,17.81999984741211,17.87199986775716,0
2024-12-09,18.75,19.280000686645508,18.700000762939453,19.13999938964844,46137721,Power,-0.024453659216726487,-0.024464904640835505,-0.04079600394337202,-0.02196653022274575,19.334000015258788,18.62200012207031,17.88733329772949,17.737499904632568,17.841999816894532,17.883999888102213,0
2024-12-10,19.059999465942383,19.299999237060547,18.40999984741211,18.799999237060547,55941974,Power,0.0165333048502605,-0.017763853888719483,0.0010372691754565455,-0.015508069716343664,19.327999877929688,18.90300006866455,18.052666600545248,17.79099988937378,17.865599822998046,17.922999890645347,1
2024-12-11,18.979999542236328,19.34000015258789,18.86000061035156,19.200000762939453,41583472,Power,-0.00419726788812369,0.021276677771900232,0.002072586378684127,0.02444327901516563,19.12599983215332,19.063999938964844,18.207333246866863,17.845999908447265,17.909599838256835,17.955333201090493,0
2024-12-12,18.709999084472656,19.0,18.6200008392334,19.0,22632732,Power,-0.014225524988177085,-0.010416705989173769,-0.017580152528716253,-0.012725332097096143,18.94399948120117,19.04199981689453,18.36533317565918,17.91599988937378,17.939599838256836,17.980999819437663,0
2024-12-13,18.84000015258789,19.06999969482422,18.32999992370605,18.700000762939453,54553946,Power,0.006948213494201605,-0.01578943352950246,0.0036841944644325775,-0.015574699380050405,18.867999649047853,19.079999923706055,18.53466657002767,18.02949991226196,17.962399826049804,17.994666481018065,1
2024-12-16,19.14999961853028,19.75,19.01000022888184,19.049999237060547,69262955,Power,0.016454323961340833,0.018716495178692005,0.035658118304025876,0.037097670922319415,18.947999572753908,19.140999794006348,18.73066660563151,18.152499866485595,17.979599838256835,18.02633310953776,1
2024-12-17,18.82999992370605,19.280000686645508,18.75,19.1200008392334,38145679,Power,-0.01671016716442053,0.003674624933142745,-0.02379743358756925,-0.013677023974298597,18.90199966430664,19.114999771118164,18.90266660054525,18.264999866485596,18.01319984436035,18.038333129882812,0
2024-12-18,18.530000686645508,18.850000381469727,18.34000015258789,18.790000915527344,29002902,Power,-0.015931982914288767,-0.01725940947810578,-0.022302919598629733,-0.021866658528645888,18.811999893188478,18.9689998626709,18.979999923706053,18.358499908447264,18.039199905395506,18.059999847412108,0
2024-12-19,19.8700008392334,20.09000015258789,17.940000534057617,18.14999961853028,158628763,Power,0.07231517015288746,-0.034060737935791674,0.06578247989517982,-0.021810229836548345,19.044000244140626,18.993999862670897,19.042666625976562,18.534999942779542,18.14159996032715,18.1236665725708,1
2024-12-20,18.96999931335449,20.350000381469727,18.790000915527344,19.64999961853028,115950835,Power,-0.04529448856901164,0.0826446298361665,0.012941773365210407,0.04738017592898447,19.070000076293944,18.9689998626709,19.076666641235352,18.66849994659424,18.23759994506836,18.146999867757163,0
2024-12-23,18.57999992370605,19.21999931335449,18.5,19.170000076293945,45001900,Power,-0.02055874558592552,-0.02442745809438529,-0.055528306974588215,-0.01543378932396422,18.9560001373291,18.951999855041503,19.0793332417806,18.78699998855591,18.3131999206543,18.142333221435546,0
2024-12-24,18.25,18.700000762939453,18.200000762939453,18.600000381469727,33607857,Power,-0.017761029335904732,-0.029733943273641095,-0.027055076430399727,-0.016216174976245723,18.84000015258789,18.870999908447267,19.023333231608074,18.886999988555907,18.379999923706055,18.15099989573161,0
2024-12-26,18.1299991607666,18.5,18.059999465942383,18.36000061035156,23811527,Power,-0.006575388451145137,-0.012903213236343136,-0.010695227528323081,-0.007692378633420427,18.75999984741211,18.785999870300294,18.899333190917968,18.924999904632568,18.438799896240234,18.15933322906494,0
2024-12-27,18.1299991607666,18.530000686645508,18.049999237060547,18.280000686645508,20423025,Power,0.0,-0.004357294174649806,0.0016216587375950109,-0.0005537225458225326,18.41199951171875,18.727999877929687,18.79999974568685,18.88499984741211,18.510399856567382,18.18666655222575,0
2024-12-30,17.59000015258789,17.770000457763672,16.760000228881836,17.0,51663273,Power,-0.029784833600393745,-0.07002191677052916,-0.041014581798130445,-0.07146809211659488,18.13599967956543,18.602999877929687,18.691333134969074,18.841499900817873,18.561999893188478,18.22066656748454,0
2024-12-31,17.700000762939453,17.81999969482422,17.3700008392334,17.549999237060547,26957429,Power,0.006253587799735172,0.03235289629767912,0.002813688000705916,0.036396217304363265,17.95999984741211,18.457999992370606,18.621333185831705,18.799499893188475,18.62159996032715,18.2543332417806,1
2025-01-01,18.059999465942383,18.21999931335449,17.649999618530273,17.700000762939453,25953444,Power,0.020338908897490127,0.008547095863237875,0.02244666809093432,0.01611967563435268,17.921999740600587,18.380999946594237,18.55466651916504,18.7479998588562,18.693999938964843,18.30366655985514,1
2025-01-02,17.729999542236328,18.299999237060547,17.670000076293945,18.14999961853028,27684486,Power,-0.018272421565037722,0.025423663061814317,0.0043907753414360595,0.0011331704360306727,17.841999816894532,18.30099983215332,18.471333185831707,18.63499984741211,18.708399887084962,18.339333216349285,0
2025-01-03,17.670000076293945,18.13999938964844,17.610000610351562,17.799999237060547,26748382,Power,-0.003384064720331925,-0.0192837679793888,-0.0087431614252792,-0.003395555499905112,17.75,18.080999755859374,18.40199991861979,18.537499809265135,18.657999877929687,18.383666547139487,0
2025-01-06,16.780000686645508,17.729999542236328,16.670000076293945,17.700000762939453,51731911,Power,-0.05036782036251708,-0.0056178920453485715,-0.022601976913300126,-0.0533787905438835,17.588000106811524,17.861999893188475,18.2646666208903,18.415499877929687,18.590799942016602,18.399666595458985,0
2025-01-07,17.270000457763672,17.350000381469727,16.84000015258789,16.850000381469727,29708349,Power,0.0292014154390432,-0.048022618352055124,-0.0214325533320725,0.010197964937966653,17.502000045776366,17.73099994659424,18.13933334350586,18.341499900817873,18.539999923706056,18.434999974568687,1
2025-01-08,17.139999389648438,17.399999618530273,16.920000076293945,17.270000457763672,23075206,Power,-0.007527565991279017,0.024925819987269948,0.002881800343586649,0.004750589250663406,17.318000030517577,17.619999885559082,18.02666664123535,18.245499897003175,18.461999893188477,18.4646666208903,0
2025-01-09,16.8700008392334,17.280000686645508,16.799999237060547,17.139999389648438,20358737,Power,-0.015752541425299138,-0.007527565991279017,-0.006896490489400442,-0.0070922481496632495,17.14600028991699,17.494000053405763,17.915999984741212,18.13999996185303,18.337199935913088,18.447999954223633,0
