Date,Close,High,Low,Open,Volume,Sector,return_ratio,pct_change_open,pct_change_high,pct_change_low,ma_5,ma_10,ma_15,ma_20,ma_25,ma_30,up_or_down
2022-01-10,191.4229736328125,194.422411968614,190.292045000769,193.3406574087941,936670,Metals & Mining,0.0,0.0,0.0,0.0,0.0,0.0,0.0,0.0,0.0,0.0,0
2022-01-11,186.2108459472656,193.438984150509,185.66996118233243,191.6688226497365,1010914,Metals & Mining,-0.02722832890238558,-0.008647093588404986,-0.005058201923056949,-0.024289422179565645,0.0,0.0,0.0,0.0,0.0,0.0,0
2022-01-12,188.7185516357422,189.6528139257344,185.27657690029017,188.22684095924905,826554,Metals & Mining,0.01346702269526645,-0.017957963339595873,-0.01957294307247137,-0.0021187287353173767,0.0,0.0,0.0,0.0,0.0,0.0,1
2022-01-13,202.73231506347656,209.17372821734972,189.50530027014585,189.50530027014585,7753213,Metals & Mining,0.07425747657698878,0.0067921201056209135,0.10292973717363063,0.022823842282726492,0.0,0.0,0.0,0.0,0.0,0.0,1
2022-01-14,201.60137939453125,203.5682221203316,197.66769394293064,200.6179580316311,1436692,Metals & Mining,-0.00557846768824799,0.05864035330750017,-0.02679832761403722,0.04307211281768386,194.13721313476563,0.0,0.0,0.0,0.0,0.0,0
2022-01-17,203.07652282714844,207.05938257141148,201.60139070007472,202.0931014090993,1465376,Metals & Mining,0.007317129659764721,0.007352997667514849,0.017149830237335406,0.019900554707132923,196.46792297363282,0.0,0.0,0.0,0.0,0.0,1
2022-01-18,200.224609375,210.74721568664336,198.1594183673546,204.30580231175145,2763282,Metals & Mining,-0.014043540890129824,0.010948918529252394,0.0178105095718617,-0.017073157683920925,199.2706756591797,0.0,0.0,0.0,0.0,0.0,0
2022-01-19,206.911849975586,207.94444541390192,198.6511164806965,201.40469931426608,1866987,Metals & Mining,0.03339869470321455,-0.014199807174632095,-0.013299204279447419,0.002481325981843474,202.90933532714843,0.0,0.0,0.0,0.0,0.0,1
2022-01-20,212.86154174804688,214.8775584555441,207.69857981719284,208.33781267878967,2294440,Metals & Mining,0.028754717398558283,0.034423791441456686,0.03334117931278335,0.04554448772693154,204.9351806640625,0.0,0.0,0.0,0.0,0.0,1
2022-01-21,208.3378295898437,216.1560267185866,201.94559048992,212.81238495513463,2012217,Metals & Mining,-0.02125189980798725,0.021477485142093578,0.005949752371683825,-0.02769874176480347,206.282470703125,200.2098419189453,0.0,0.0,0.0,0.0,0
2022-01-24,192.01304626464844,209.27209644606657,187.78433084894905,208.82955977594224,2360206,Metals & Mining,-0.07835726885191219,-0.01871519451291359,-0.0318470429764246,-0.07012413396408268,204.069775390625,200.26884918212892,0.0,0.0,0.0,0.0,0
2022-01-25,197.96270751953125,200.0278832129534,185.6699414664781,186.85004400640764,1382900,Metals & Mining,0.03098571357845392,-0.1052509797612795,-0.04417317640574969,-0.011259668860080452,203.61739501953124,201.44403533935548,0.0,0.0,0.0,0.0,1
2022-01-27,200.71630859375,202.48645506368817,191.9638493547677,196.6842749548479,1103791,Metals & Mining,0.013909695966080271,0.052631675848591186,0.012291145670512815,0.03389836738557883,202.37828674316407,202.64381103515626,0.0,0.0,0.0,0.0,1
2022-01-28,197.7168731689453,206.2726362481579,196.0942188743477,202.3881247645532,973981,Metals & Mining,-0.014943655778741682,0.029000029671994554,0.018698441746529904,0.021516392453386768,199.34935302734374,202.14226684570312,0.0,0.0,0.0,0.0,0
2022-01-31,199.5361785888672,203.71571917296072,197.86436535639345,201.5030212166759,1123846,Metals & Mining,0.009201568843177688,-0.004373297835072898,-0.012395813238752051,0.009027020236532346,197.58902282714843,201.9357467651367,199.33623555501302,0.0,0.0,0.0,1
2022-02-01,203.56822204589844,207.6002556346424,195.99588055549984,201.60137932081727,1657066,Metals & Mining,0.020207079666184402,0.0004881222303640964,0.019068417878855826,-0.009443260778807194,199.90005798339843,201.98491668701172,200.1459187825521,0.0,0.0,0.0,1
2022-02-02,206.911849975586,208.38698202866044,201.89640999862425,204.6008187625941,1039688,Metals & Mining,0.016425097670370592,0.014878070040402314,0.0037896215089572305,0.030105374798699236,201.68988647460938,202.6536407470703,201.52598571777344,0.0,0.0,0.0,1
2022-02-03,208.0919647216797,212.1239832737145,205.1908597197556,205.53506319633547,830857,Metals & Mining,0.0057034662163280014,0.00456618130558617,0.017932987985497473,0.016317525017675027,203.1650177001953,202.7716522216797,202.81754659016926,0.0,0.0,0.0,1
2022-02-04,212.86154174804688,216.0576610385756,207.40355041998035,208.4853198744867,1503570,Metals & Mining,0.022920524743694104,0.014354031045948679,0.0185442386294683,0.010783573416704773,206.19395141601564,202.7716522216797,203.49282836914062,0.0,0.0,0.0,1
2022-02-07,214.09083557128903,218.3195505883536,211.5339489372596,214.385864992167,1476227,Metals & Mining,0.005775086533466922,0.02830196927645834,0.010468916209243506,0.019914791761835415,209.1048828125,203.34695281982422,204.3254587809245,201.77839736938478,0.0,0.0,1
2022-02-08,207.79693603515625,220.67974682695728,205.0433532304185,217.82783088986903,1986606,Metals & Mining,-0.0293982669521462,0.016055003896025433,0.010810741558615167,-0.030683470617599018,209.95062561035155,204.925341796875,204.64015299479166,202.59709548950195,0.0,0.0,0
2022-02-09,209.12454223632807,211.8781249932795,205.8300897462878,211.23890712372776,832392,Metals & Mining,0.0063889594644803704,-0.030248310049382776,-0.03988413961966086,0.0038369276715115586,210.3931640625,206.0415252685547,205.23348185221354,203.74278030395507,0.0,0.0,1
2022-02-10,204.89584350585932,210.9438787833337,203.81407402259163,209.4195726953906,975416,Metals & Mining,-0.020220958694030178,-0.008612686238106404,-0.004409356605243886,-0.00979456272006285,209.75393981933593,206.45947875976563,205.09908142089844,204.55164489746093,0.0,0.0,0
2022-02-11,201.1096649169922,207.4035555184238,199.6345329004861,204.89584309501865,740076,Metals & Mining,-0.01847855243954155,-0.02160127414141899,-0.01678324720930291,-0.020506636463398675,207.403564453125,206.79875793457032,204.31562296549478,204.47051239013672,0.0,0.0,0
2022-02-14,188.5218811035156,201.60138884433653,186.8500677093851,201.10967813983817,1119232,Metals & Mining,-0.06259164033052411,-0.01847848593699719,-0.02797525172403248,-0.064039347328119,202.28977355957028,205.69732818603515,202.99455973307292,203.81653747558593,201.88067260742187,0.0,0
2022-02-15,193.6356506347656,195.30747887244755,182.2771464679708,186.4566870505388,1718942,Metals & Mining,0.027125602085638523,-0.07286069583936516,-0.031219576452167885,-0.024473746771806026,199.45751647949214,204.70407104492185,203.10273335774738,203.3444938659668,201.9691796875,0.0,1
2022-02-16,196.1925811767578,203.0273573193454,194.71744898745888,196.63511783238337,1291340,Metals & Mining,0.013204854238412445,0.05458871410219657,0.0395267938097732,0.06824938156289417,196.87112426757807,203.63214416503905,202.98472493489584,203.14289245605468,202.36844909667968,0.0,1
2022-02-17,196.5859375,200.61797135805364,192.84894807739823,197.6677070733764,968453,Metals & Mining,0.002004950038797748,0.005251296169147324,-0.011867297063331228,-0.00959596029927956,195.20914306640626,202.48154144287108,202.70936686197916,202.6265968322754,202.68314453125,0.0,1
2022-02-18,192.7505798339844,197.1759757995605,192.0621879071696,196.0942063389812,477983,Metals & Mining,-0.01950982717680705,-0.007960332811525417,-0.017156965226958865,-0.004079670530081736,193.53732604980468,200.4704452514648,202.37828063964844,201.62104873657228,202.2838751220703,0.0,0
2022-02-21,186.4075164794922,191.76715973766312,184.2439925502823,190.34120180744424,1026408,Metals & Mining,-0.032908141495374355,-0.029337962803408613,-0.02743141521153525,-0.040706582810907666,193.114453125,197.70211334228514,201.50303649902344,200.5245330810547,201.67612060546875,200.41963602701824,0
2022-02-22,188.6693878173828,190.4887082710605,177.99926040409187,178.98268173229127,1275464,Metals & Mining,0.012134013588124049,-0.05967452116144378,-0.006666686143506295,-0.03389381688787574,192.12120056152344,195.7893585205078,200.50978088378906,200.35735015869142,201.09983520507814,200.32784983317057,1
2022-02-23,188.5710601806641,193.9307040008018,187.8334941043381,191.66883169890488,518544,Metals & Mining,-0.0005211637025817062,0.07087920375217416,0.018069290095890755,0.05524873349428905,190.59689636230468,193.7340103149414,199.2870615641276,199.88776779174805,200.6336932373047,200.40652364095052,0
2022-02-24,173.72137451171875,184.5390093017245,170.62360327872648,177.9992633628213,1502767,Metals & Mining,-0.07874848693494285,-0.0713186813678569,-0.04842809573381679,-0.0916231202942529,186.02398376464845,190.61656341552734,196.99568888346354,198.53802108764648,199.30607421875,199.9066177368164,0
2022-02-25,186.4075164794922,191.1771009361429,175.14734522939312,177.01583975784288,1001950,Metals & Mining,0.07302579779506435,-0.005524874577564232,0.035971210962582933,0.026512990370252343,184.75537109375,189.14634857177734,195.23208719889323,197.97255325317383,198.24791320800782,199.36245778401693,1
2022-02-28,190.78375244140625,191.6688257029818,181.68710445128767,182.91638120670908,909298,Metals & Mining,0.023476714054046832,0.03333340935442908,0.0025720902996806405,0.037338614600919806,185.6306182861328,189.3725357055664,193.67828165690105,197.5349319458008,197.5457501220703,199.00187021891276,1
2022-03-02,191.7671661376953,194.7174302321214,189.70197526926933,189.9478306104716,1581655,Metals & Mining,0.005154598773242425,0.03844078566050624,0.01590558359168881,0.04411359211314059,186.25017395019532,189.18568725585936,192.60963033040363,196.94487915039062,197.5359149169922,198.62489166259766,1
2022-03-03,189.70196533203125,196.684262658744,188.81689215239425,194.8157681658133,757284,Metals & Mining,-0.010769313888599585,0.025627760736706806,0.010100957188465154,-0.004665650505846108,186.47635498046876,188.53662567138673,191.31479187011718,196.0843849182129,197.20548522949218,198.27413686116537,0
2022-03-04,194.17654418945312,194.8157770758208,188.42353824705896,190.1445256240333,1072901,Metals & Mining,0.023587414340120905,-0.02397774361777627,-0.009499924181352037,-0.0020832559039146714,190.56738891601563,188.29568634033203,190.6001719156901,195.38861389160155,196.9438946533203,197.84962666829426,1
2022-03-07,185.66998291015625,193.5865290165503,183.7031399026457,193.5865290165503,942383,Metals & Mining,-0.043808387438377894,0.018102037811610572,-0.0063097972747457876,-0.025052062965848387,190.41988220214844,187.5876266479492,189.57085978190105,194.02903594970704,196.46201904296876,196.94324137369793,0
2022-03-08,184.63735961914065,194.471573180746,177.40920664903308,190.783743095144,1966303,Metals & Mining,-0.005561606000229258,-0.014478207423031408,0.004571827227296543,-0.03426143536222681,189.19060363769532,187.41061096191407,189.3118916829427,192.5563621520996,195.86606628417968,196.15322570800782,0
2022-03-09,180.50698852539065,188.81689578126705,179.0810305948729,188.32518511517,1161954,Metals & Mining,-0.022370180673455753,-0.012886621994558034,-0.029077141234535975,0.009423546711119668,186.93856811523438,186.59437103271486,188.4366475423177,191.19186477661134,194.9436169433594,195.76969045003256,0
2022-03-10,179.32688903808594,185.6207796709591,176.62248032764813,183.998140447024,1952132,Metals & Mining,-0.00653769417431016,-0.02297645248828395,-0.016927066283360825,-0.013728702917656599,184.86355285644532,185.66995391845703,187.31226806640626,189.7019821166992,193.84021850585938,195.14849650065105,0
2022-03-11,175.34402465820312,182.76885863811407,174.75396586286269,178.98268054728646,1285864,Metals & Mining,-0.022210079041949604,-0.027258209716426895,-0.015364233669853733,-0.010579142934235897,181.0970489501953,185.83221893310548,185.8961405436198,188.2243911743164,192.53030090332032,194.3027537027995,0
2022-03-14,182.81802368164065,183.55558969704128,174.50811624262406,177.01584369614997,912926,Metals & Mining,0.042624771719518506,-0.010988978626995438,0.004304513716337999,-0.0014068328522601758,180.52665710449222,185.4732696533203,185.23397013346354,187.30980911254883,191.32856018066406,193.80612538655598,1
2022-03-15,172.83631896972656,185.1782611064245,171.9020715980813,182.91638878161672,1363019,Metals & Mining,-0.0545991281980831,0.03333342915674331,0.00884021789835665,-0.014933658678198625,178.1664489746094,183.67852630615235,184.3292236328125,186.52553100585936,189.67837951660155,192.91613006591797,0
2022-03-16,176.8683624267578,179.72027876877655,175.2948820275481,176.2783035255989,957391,Metals & Mining,0.02332868161660806,-0.036290270654441015,-0.029474206664631963,0.01973687924715306,177.4387237548828,182.1886459350586,183.54248860677083,185.687166595459,188.44123657226564,192.02613474527996,1
2022-03-17,184.5390472412109,186.1617017968056,178.44183665266073,178.44183665266073,1189103,Metals & Mining,0.043369456861622524,0.01227339430769847,0.035841381240657944,0.01795234743144447,178.4811553955078,181.67235412597657,183.27368774414063,185.10448989868163,187.45781677246094,191.2803746541341,1
2022-03-21,184.73570251464844,192.25886967345625,183.16222238711623,186.11248637187515,1406595,Metals & Mining,0.0010656567072251377,0.042986834607320557,0.03275199902988457,0.02645335770469459,180.35949096679687,180.7282699584961,184.00797627766926,184.51197814941406,186.6514111328125,190.5018325805664,1
2022-03-22,184.3915100097656,188.66939904432,182.621348512508,186.11249743652343,1096232,Metals & Mining,-0.0018631618046628384,5.945140224561385e-08,-0.018669987164872115,-0.002952977243664834,180.67418823242184,180.60042266845704,183.87357584635416,184.09402465820312,185.98268493652344,189.5528315226237,0
2022-03-23,183.1130523681641,187.5384484431478,182.3263122870032,185.8174610806541,1025790,Metals & Mining,-0.006933386691902466,-0.0015852581633855056,-0.0059943510018100055,-0.0016155626267572165,182.7295349121094,180.44799194335937,183.36219584147136,183.9293014526367,185.76633178710938,188.5202387491862,0
2022-03-24,187.5384521484375,190.09535371127367,182.3754899589493,182.9163747132976,1078299,Metals & Mining,0.02416758239262906,-0.015612560576840906,0.013634032324315593,0.0002697233949902067,184.86355285644532,181.15113830566406,183.08028157552084,183.87275466918945,185.52244384765626,187.84495595296224,1
2022-03-25,185.7191467285156,189.7019915940793,183.9981591920008,189.505310305356,798936,Metals & Mining,-0.009700972782274664,0.0360215732592879,-0.0020692884361174224,0.00889740849177012,185.09957275390622,181.79036407470704,182.81476033528645,183.73015899658202,185.10350646972657,187.0647761027018,0
2022-03-28,184.93240356445312,189.55448130057948,183.35892326857936,185.9649990707565,872623,Metals & Mining,-0.0042361984637616645,-0.018681857668763402,-0.0007775895880706152,-0.0034741430361506787,185.1389129638672,182.74920196533202,182.1984842936198,184.29071044921875,184.63736511230468,186.39932810465496,0
2022-03-29,191.27545166015625,194.5699191692269,185.91580832945448,185.91580832945448,1646586,Metals & Mining,0.03429927894433282,-0.000264516126947667,0.02645908360612359,0.013944699365025404,186.5157012939453,183.5949447631836,182.57218221028646,184.53410720825195,184.57835998535157,186.07152099609374,1
2022-03-30,194.32406616210932,196.1433866692232,191.3738020908576,193.09478946575447,772979,Metals & Mining,0.015938346899682765,0.038614151216116,0.008086900106217154,0.02935734088696318,188.75790405273438,185.74371948242185,183.21796264648438,184.71112289428712,184.89502197265625,186.26492716471355,1
2022-03-31,199.19200134277344,200.5196111877696,195.20914179614664,196.38924443808293,848425,Metals & Mining,0.0250506037507634,0.01706133542724486,0.022311353917460863,0.020041090595400046,191.08861389160157,187.9760833740234,184.46363016764323,185.082364654541,185.31592651367188,186.45013885498048,1
2022-04-01,198.2085723876953,204.4041297780188,197.4710063889858,200.6179516489826,1085236,Metals & Mining,-0.004937090588220117,0.021532274962404507,0.019372262729014045,0.0115868784219193,193.5864990234375,189.34303588867186,185.7224090576172,185.50769500732423,185.70142700195314,186.51733856201173,0
2022-04-04,198.8477935791016,200.86381034381404,196.9301249515239,200.86381034381404,646033,Metals & Mining,0.003224992661548187,0.0012255069539419683,-0.017320195233088143,-0.0027390422895625655,196.36957702636718,190.75424499511718,187.2893269856771,185.74125747680665,186.70648376464842,186.59273376464844,1
2022-04-05,195.15997314453125,200.7654721037123,194.71743651724688,200.37210954741943,902963,Metals & Mining,-0.018545945962952448,-0.002447931240341261,-0.0004895766934491785,-0.011235906313580513,197.1464813232422,191.83109130859376,188.11212361653645,186.21575698852538,187.05658203125,186.673046875,0
2022-04-06,194.71743774414065,198.257760796362,193.09479843193404,195.110800302912,930823,Metals & Mining,-0.0022675520664416915,-0.026257692532115184,-0.012490749933608436,-0.008333296259110945,197.22515563964845,192.9915298461914,189.57086486816405,186.7197608947754,187.21392944335938,186.95004425048828,0
2022-04-07,194.5699157714844,199.0936448773595,193.43897224065165,194.81577110351515,918245,Metals & Mining,-0.0007576207573668503,-0.0015121110617085654,0.0042161480975067,0.0017824084931989947,196.3007385253906,193.6946762084961,190.75096842447917,187.42290725708008,187.32603942871094,187.146728515625,0
2022-04-08,200.0770874023437,201.2080310529926,195.0124730282744,197.07764903263364,743942,Metals & Mining,0.028304332707463686,0.011610343024624381,0.010620058600742999,0.00813435250092831,196.6744415283203,195.1304702758789,191.78683776855468,188.46041717529297,187.74104431152344,187.53026275634767,1
2022-04-11,200.12625122070312,206.02677951222265,195.8975362772836,201.847238639063,1356949,Metals & Mining,0.0002457243805262799,0.024201575520314655,0.023949086097666328,0.004538495590899361,196.9301330566406,196.6498550415039,192.81287434895833,189.69952850341798,187.97903259277345,188.4104253133138,1
2022-04-12,199.142822265625,203.12568171210123,196.24173230045,201.15883902305805,1086648,Metals & Mining,-0.00491404275590801,-0.0034104980610406566,-0.014081168511151265,0.001757020683911037,197.72670288085936,197.43659210205078,193.79629516601562,190.5157684326172,188.51794616699217,188.8349355061849,0
2022-04-13,199.388671875,201.20800731243835,198.06104709569976,200.3229191242987,615641,Metals & Mining,0.0012345391442081244,-0.004155521590893385,-0.009440826898397203,0.00927078442450946,198.66094970703125,197.94305267333985,194.88133646647137,191.84338607788087,189.10799865722657,189.12176615397135,1
2022-04-18,201.35552978515625,202.58480652377136,195.7008567875267,199.38868700337207,636890,Metals & Mining,0.009864441603730123,-0.004663630726881252,0.00684266610321882,-0.011916478998682978,200.01807250976563,198.15940551757814,195.80247497558594,193.06774444580077,189.9419403076172,189.44137827555338,1
2022-04-19,199.142822265625,211.1405596676248,193.83235300753583,202.87982637597085,1574729,Metals & Mining,-0.010989057623061904,0.017509214916189064,0.042232945750793505,-0.009547754724546387,199.8312194824219,198.2528305053711,196.6973866780599,193.79793319702148,190.73457763671874,189.75607350667318,0
2022-04-20,196.68429565429688,202.97818711290603,195.75004825110315,201.6014030456543,860001,Metals & Mining,-0.012345544686761745,-0.006301382218000362,-0.03865847740276862,0.00989357665947943,199.14282836914063,198.03648071289064,197.48084615071613,194.3953628540039,191.5881884765625,189.83966522216798,0
2022-04-21,197.0284881591797,200.51962220721555,195.7500373077341,199.33951950042737,567670,Metals & Mining,0.001749974514934305,-0.01121958235932874,-0.012112458686621919,-5.59048090043035e-08,198.71996154785157,198.22333221435548,197.8643819173177,195.0272117614746,192.15660705566407,190.2182820638021,1
2022-04-22,197.0284881591797,199.53620078392208,195.84837044657144,196.6842846586989,377580,Metals & Mining,0.0,-0.013320162747371134,-0.004904365031553892,0.0005023403325474796,198.2479248046875,198.45443725585938,198.0446767171224,195.72298355102538,193.1242938232422,190.63131968180338,0
2022-04-25,187.3909454345703,199.1428278287316,186.06332058005103,194.66825758499627,635064,Metals & Mining,-0.04891446315531378,-0.010250066888673914,-0.0019714365295371294,-0.04996237571039597,195.45500793457032,197.73654022216797,197.25793965657553,195.71560821533203,193.54519714355467,190.86078491210938,0
2022-04-26,185.8174591064453,193.53732262422523,184.5881824320102,189.8986666690611,946050,Metals & Mining,-0.008396810872990712,-0.02450112296224083,-0.028148165141690495,-0.007928151252176385,192.78993530273436,196.31057739257812,196.4318654378255,195.72052383422852,193.59633361816407,191.07713724772137,0
2022-04-27,184.73570251464844,190.19367888179755,180.4086396668442,185.86663103981192,686922,Metals & Mining,-0.0058216089973396334,-0.021232564187908975,-0.01727648030411033,-0.022642526244633476,190.40021667480468,194.77152252197266,195.49105936686198,195.71068878173827,193.59633361816407,191.39019317626952,0
2022-04-28,182.129638671875,188.767733063306,181.44124669911272,186.6533830742891,488921,Metals & Mining,-0.014106985316315823,0.0042328847845134465,-0.007497335489144996,0.005723711648041974,187.42044677734376,193.07020416259766,194.62237040201822,195.2533981323242,193.50585876464845,191.36724700927735,0
2022-04-29,179.86776733398438,185.768295710244,178.14677989090868,183.8014529181574,701003,Metals & Mining,-0.012419018422177963,-0.015279284570998808,-0.015889565999376076,-0.01815720994062242,183.9883026123047,191.11811370849608,193.63239237467448,194.53058319091798,193.37604736328126,191.60162862141928,0
2022-05-02,176.81915283203125,179.08102482435726,172.54126417250555,175.88490559771478,1019008,Metals & Mining,-0.016949198553692812,-0.04307119010624838,-0.03599791267029406,-0.03146571451830771,181.8739440917969,188.6644760131836,192.44900817871093,193.41194076538085,192.947275390625,191.59998830159506,0
2022-05-04,176.5241241455078,189.5052823628439,174.5572815366442,184.2931464481917,1853877,Metals & Mining,-0.0016685335372220722,0.0478053578384281,0.05820972684688819,0.011684262160749359,180.01527709960936,186.40260620117186,190.8788106282552,192.32771835327148,192.57947448730468,191.33282419840495,0
2022-05-05,170.47610473632812,182.473842747883,168.8042763610477,178.68766437678735,894411,Metals & Mining,-0.03426171600315853,-0.03041611790474341,-0.03710418795344117,-0.0329576923113849,177.16335754394532,183.781787109375,188.90213419596355,190.9091339111328,192.00122253417967,190.85750427246094,0
2022-05-06,163.64129638671875,170.08270882687424,160.4943512650161,170.08270882687424,1305270,Metals & Mining,-0.04009247137703331,-0.04815640508775354,-0.06790635706690906,-0.049228166934929374,173.46568908691407,180.4430679321289,186.53536580403645,189.33320007324218,190.89585632324219,190.16583048502605,0
2022-05-09,163.14959716796875,164.9197586122099,157.98663504232644,162.41203115001986,948212,Metals & Mining,-0.0030047379824467146,-0.045099691378165274,-0.030355526733288674,-0.015624950055399656,170.12205505371094,177.0551788330078,184.1194274902344,187.7548080444336,189.64887756347656,189.50038197835286,0
2022-05-10,157.6424560546875,164.62473910783942,156.36400521216618,161.28111229430976,1006433,Metals & Mining,-0.033755162187813714,-0.006963270194345839,-0.0017888669426456838,-0.010270677831232589,166.28671569824218,174.08032989501953,181.2052225748698,185.90843505859374,187.9868957519531,188.50384877522785,0
2022-05-11,143.08782958984375,160.24853192436865,136.69558977998818,159.56013986908692,3059502,Metals & Mining,-0.09232681873336601,-0.01067063837011717,-0.026582925550479253,-0.12578608104525357,159.59945678710938,169.80736694335937,177.46822306315104,183.05897216796876,185.78206604003907,187.08280487060546,0
2022-05-12,140.58009338378906,142.9894729369666,129.76245742552055,142.44860314370956,1636939,Metals & Mining,-0.017525852570711486,-0.10724192608139305,-0.10770182278829044,-0.05071950284297044,153.62025451660156,165.39180603027344,173.72794291178386,180.08166427612304,183.45135803222655,185.60439453125,0
2022-05-13,143.03863525390625,150.75849901011708,140.77676310192314,143.97288255416774,1573226,Metals & Mining,0.017488549131954745,0.010700557090899787,0.05433285341624594,0.08488052627027698,149.49972229003907,161.48270568847656,170.1286193847656,177.2764549255371,181.36650451660157,183.99650065104166,1
2022-05-16,140.62925720214844,147.4148587151691,139.74418396334377,143.67786947948778,978350,Metals & Mining,-0.016844246643439753,-0.0020490877826868648,-0.022178784724591893,-0.007334869163256541,144.995654296875,157.55885467529296,166.36867065429686,174.33848419189454,179.20297729492188,182.20667368570963,0
2022-05-17,151.10269165039062,152.282809331475,142.59610256846196,142.7436097756877,994089,Metals & Mining,0.07447550144695048,-0.006502460728187942,0.033022116350643005,0.020408138100876272,143.6877014160156,154.9872085571289,163.94945373535157,171.82584228515626,177.46428833007812,180.60369669596355,1
2022-05-18,145.3988494873047,153.41372731590428,144.80879068760837,152.2827987899414,1114936,Metals & Mining,-0.03774811752713869,0.06682743297051208,0.0074264323687882605,0.015517171081755654,144.1499053955078,151.8746810913086,161.2548797607422,169.13864364624024,175.27715881347658,178.84337259928387,0
2022-05-19,142.0552215576172,144.07123847602247,132.86024025564294,143.5795277645002,564403,Metals & Mining,-0.022996247504554312,-0.05715202960937493,-0.06089734604155783,-0.08251260420882645,144.44493103027344,149.0325927734375,158.40951436360677,166.40718994140624,172.95431762695313,176.95028686523438,0
2022-05-20,150.85682678222656,152.43030692050766,145.59553164362285,145.8413869773656,643351,Metals & Mining,0.06195904049214751,0.015753354590881008,0.058020383061233805,0.09585479721755208,146.0085693359375,147.75414581298827,156.3246602376302,164.0986068725586,171.0228778076172,175.47351531982423,1
2022-05-23,123.56690216064452,143.62870050535923,121.6000593327884,143.57952643349887,5288962,Metals & Mining,-0.18089950056404902,-0.015509044385444315,-0.05774184014297412,-0.1648091259391713,142.59609832763672,143.79587631225584,152.5712692260742,160.42552757263184,167.99000701904296,173.10183080037436,0
2022-05-24,116.87962341308594,127.30388799651652,113.43764876270448,124.84533467481546,3490261,Metals & Mining,-0.054118688990557606,-0.13047954833142905,-0.11365982182811418,-0.06712505417242831,135.7514846801758,139.7195930480957,148.57530059814454,156.89996147155762,164.61097076416016,170.51215438842775,0
2022-05-25,111.32329559326172,119.289014657558,110.1431929556154,118.01056388101648,1983402,Metals & Mining,-0.047538892217222295,-0.054745904695610026,-0.06295859038631901,-0.029041996577173546,128.93637390136718,136.5431396484375,144.22857869466145,153.17525329589844,161.09818969726564,167.55369466145834,0
2022-05-26,115.2569808959961,116.33875039906502,110.5365628490527,111.61832484921204,2125289,Metals & Mining,0.03533568856159941,-0.054166667979396954,-0.02473206998114852,0.003571440802481618,123.57672576904297,134.0108283996582,140.54730377197265,149.70131721496583,157.8410971069336,164.7247189839681,1
2022-05-27,115.94538116455078,119.5840372368109,114.32273440149602,117.0271431722841,1314416,Metals & Mining,0.0059727425029107994,0.048458157120517376,0.027895149523386564,0.03425266224003787,116.59443664550781,131.30150299072267,137.3675760904948,146.3921043395996,154.59777282714845,161.95147094726562,1
2022-05-30,113.240966796875,118.25641404150456,112.15920484260732,118.01055871085694,1535335,Metals & Mining,-0.02332489953901351,0.008403311504623145,-0.011102010151047725,-0.018924753420351936,114.52924957275391,128.56267395019532,134.0403340657552,143.06076431274414,151.24627197265625,159.0798807779948,0
2022-05-31,110.1431884765625,113.83101844787598,109.01225245144452,113.83101844787598,2908386,Metals & Mining,-0.027355632929813356,-0.03541666363279783,-0.037422034394476,-0.028057905684860218,113.18196258544921,124.4667236328125,130.87371622721355,139.7269660949707,148.15636169433594,156.03946940104166,0
2022-06-01,111.22494506835938,113.78183889120152,109.15976188463722,111.12660444111717,2112266,Metals & Mining,0.009821366230259976,-0.023758146449310513,-0.0004320400304331784,0.0013531454481081617,113.16229248046875,121.04933319091796,128.74952392578126,136.46200714111328,145.1726611328125,153.10887349446614,1
2022-06-02,112.40506744384766,113.38848883004786,111.42164605764744,111.81500860979972,1590687,Metals & Mining,0.010610231138014736,0.006194773719081059,-0.0034570548778858345,0.02072086026901232,112.59190979003907,118.08431777954101,126.87118886311849,133.55845527648927,142.27943572998046,150.29956588745117,1
2022-06-03,114.17521667480467,115.10947145447123,112.15920741893154,113.8310207045736,1024367,Metals & Mining,0.01574794865757534,0.018029888114655,0.01517775430452084,0.0066195518319887015,112.23787689208984,114.41615676879883,124.94696095784505,131.08515129089355,139.56125885009766,147.53779017130535,1
2022-06-06,112.74925994873048,114.12605134750171,110.68407660202836,113.38848533061456,772663,Metals & Mining,-0.012489196584015372,-0.003887651812484072,-0.008543346559961251,-0.013152115201682468,112.13953552246093,113.33439254760742,123.08829447428386,128.56513442993165,136.8765185546875,144.72848256429037,0
2022-06-07,111.22494506835938,112.11002571935714,110.53655317475496,112.11002571935714,877429,Metals & Mining,-0.013519511179623245,-0.011275039149960642,-0.017664903011548105,-0.0013328333379319934,112.35588684082032,112.76892471313477,120.42977803548177,126.24425888061523,134.25275024414063,142.18961588541666,0
2022-06-08,114.02770233154295,114.71610177708249,110.73324231539723,112.2083743378126,1132245,Metals & Mining,0.02519899885282917,0.000877250877648228,0.023245700293112792,0.001779403599923457,112.91643829345703,113.03936538696288,118.33836822509765,124.7912525177002,131.75289337158202,139.79662399291993,1
2022-06-09,111.76583862304688,114.2735585793943,110.92993197093108,113.97853667430552,537005,Metals & Mining,-0.019836089496213516,0.015775670460777658,-0.0038577252088650704,0.0017762475966667246,112.78859252929688,112.69025115966797,116.31907602945964,123.35053977966308,129.40448272705078,137.3642951965332,0
2022-06-10,111.42164611816406,112.1100380877142,110.24153595233702,110.38905066092912,608904,Metals & Mining,-0.0030795859371992584,-0.03149264868729962,-0.018932818042740385,-0.006205683230513959,112.23787841796874,112.2378776550293,113.6900639851888,121.76969032287597,127.3156967163086,135.0073621114095,0
2022-06-13,105.96365356445312,109.45480246031592,105.2260875303618,108.52054764872108,728535,Metals & Mining,-0.0489850288867808,-0.016926524877429405,-0.02368419164500546,-0.04549508838613836,110.88075714111328,111.51014633178711,112.51651407877604,120.03641014099121,125.02825897216798,132.54389165242512,0
2022-06-14,103.21007537841795,106.50454314893656,102.27582802740854,103.35759009250104,719208,Metals & Mining,-0.02598606308303897,-0.047575852390023265,-0.02695413307651806,-0.0280373391446489,109.277783203125,110.81683502197265,111.60521087646484,117.64177932739258,122.85096374511718,130.0902557373047,0
2022-06-15,102.7183609008789,103.7017822881651,99.37473418643366,102.8658756095538,1116229,Metals & Mining,-0.0047642100418605615,-0.004757410486324054,-0.026315880786907497,-0.028365390893705822,107.01591491699219,109.9661766052246,111.03154856363932,115.50775489807128,121.2361849975586,127.63006362915038,0
2022-06-16,96.3261260986328,105.42277432908836,95.24436402586336,105.22609304418847,1855005,Metals & Mining,-0.06223069319042662,0.022944610354490358,0.01659558787659976,-0.04156358449041431,103.92797241210937,108.35828247070313,109.76949157714844,113.22130012512207,119.46602630615234,125.15839767456055,0
2022-06-17,100.01395416259766,100.99737557030426,94.2117738594566,96.32612388369787,1434038,Metals & Mining,0.03828481652203797,-0.08457948882273103,-0.0419776351641985,-0.010841483136223795,101.64643402099608,106.94215621948243,108.7073964436849,110.67915649414063,117.7450390625,123.03748626708985,1
2022-06-20,95.98192596435548,100.80069226594352,93.47420592680224,100.01395215441126,1203167,Metals & Mining,-0.040314656409715655,0.038284819548702886,-0.0019474100515000092,-0.007828829693352857,99.65008850097657,105.26542282104492,107.55679372151693,109.29990768432617,115.95914581298828,120.79856389363607,0
2022-06-21,101.29241180419922,102.17749263122576,95.58856425483744,96.42447850991888,1347803,Metals & Mining,0.055327977496678615,-0.03588972905450827,0.013658639978878506,0.022619698205202265,99.26655578613281,104.27216949462891,106.96674194335938,108.52054710388184,113.96673461914062,118.92022908528646,1
2022-06-22,96.22776794433594,101.29238888938704,95.58854263037458,101.29238888938704,1463770,Metals & Mining,-0.05000022972750773,0.0504841763698769,-0.008662413992024609,-2.2622437134689477e-07,97.96843719482422,102.4921760559082,105.96693013509115,107.76577072143554,111.99989135742187,117.3582270304362,0
2022-06-23,97.94876861572266,100.70235149967424,96.27695525947976,97.1620360081006,1516991,Metals & Mining,0.01788465749701529,-0.04077653737436138,-0.005825091067376609,0.0072018320413898,98.29296569824218,101.11046905517578,105.00317687988282,106.90036010742188,110.2356332397461,115.93718287150065,1
2022-06-24,97.16203308105467,100.01394901427042,96.42446706324176,99.91560837914392,911318,Metals & Mining,-0.008032112560337978,0.028340002784768226,-0.0068360120210900766,0.00153216108012999,97.72258148193359,99.68450775146485,103.86896464029948,105.96119270324706,108.08784149169922,114.40796279907227,0
2022-06-27,98.24378967285156,99.86643632342584,97.8995937173744,99.32555160559804,1622137,Metals & Mining,0.011133531869330637,-0.005905551526112163,-0.0014749211714810695,0.015298260898503502,98.17495422363281,98.91252136230469,102.90193328857421,105.21133384704589,107.0749169921875,112.99511388142903,1
2022-06-28,97.80125427246094,99.32556042871906,97.06368822967342,98.44047967679208,954239,Metals & Mining,-0.004504461827706918,-0.008910818158054612,-0.005415992746102605,-0.008538395880519745,97.47672271728516,98.37163925170898,102.00702056884765,104.59423713684082,106.3117822265625,111.21839930216471,0
2022-06-29,101.3907470703125,102.47250913353248,97.16203945901442,97.8012573807512,1933228,Metals & Mining,0.03670190964884479,-0.006493490260710111,0.03168317089005335,0.001013264910233902,98.50931854248047,98.23887786865234,101.16455688476563,104.10252723693847,105.91448028564453,109.75146255493163,1
2022-06-30,98.14545440673828,103.99680847835172,97.35871432015904,102.02996576481314,891997,Metals & Mining,-0.03200777938171884,0.04323777114233929,0.014875202702735901,0.0020241944512453536,98.5486557006836,98.42081069946289,100.25653127034505,103.38954658508301,105.23001922607422,108.28780364990234,0
2022-07-01,98.14545440673828,98.932186990408,95.73606758090784,98.34213567692834,492895,Metals & Mining,0.0,-0.036144578313252906,-0.0486997780224957,-0.01666668207958466,98.7453399658203,98.23396072387695,99.37145182291667,102.58805847167969,104.51802215576171,106.53075790405273,0
2022-07-04,98.58799743652344,99.81727421253994,96.86700995010034,98.34214208132012,409706,Metals & Mining,0.004509052736677566,6.512357830779081e-08,0.008946403077269016,0.011813127463552009,98.81418151855469,98.49456787109375,98.87974141438802,101.87999534606934,103.93190338134765,105.69812774658203,1
2022-07-05,99.12887573242188,100.8006890372416,97.45705492469266,99.3747310715371,565508,Metals & Mining,0.005486248934579274,0.010499964393323014,0.00985215066690448,0.006091289231455299,99.07970581054687,98.27821426391601,98.60766143798828,101.27519187927246,103.49133087158204,105.10643615722657,1
2022-07-06,98.14545440673828,99.57141237288994,95.83440821600286,99.52223830388766,466856,Metals & Mining,-0.009920634309806386,0.0014843535248851847,-0.012195121641455198,-0.016649863983101643,98.43064727783204,98.46998291015625,98.30280100504557,100.48107948303223,102.96815124511718,104.66717478434245,0
2022-07-07,101.88245391845705,102.96421594066412,98.3421384353658,98.6371678518358,1298101,Metals & Mining,0.03807613438959434,-0.008893192789226956,0.03407407293840836,0.02616732618320894,99.17804718017578,98.86335144042968,98.67322285970052,99.98691024780274,102.54724670410157,104.22135721842447,1
2022-07-08,101.5874252319336,103.16089784141208,100.45648921474589,102.47249841651517,689199,Metals & Mining,-0.0028957752309302087,0.038883218650807905,0.0019101966537704573,0.021499947154085097,99.86644134521484,99.30589065551757,98.77812093098959,99.49519920349121,102.04373504638671,103.74275868733724,0
2022-07-11,102.62002563476562,106.3570301032447,100.30898675424496,101.14489347661495,2106833,Metals & Mining,0.010164647843712071,-0.012955719440975844,0.030982012843141282,-0.001468321874016687,100.67284698486328,99.74351425170899,99.22066090901693,99.32801780700683,101.63856567382813,103.38872731526693,1
2022-07-12,103.55427551269533,105.52111829544044,101.14488860208664,102.5216800505902,1320003,Metals & Mining,0.00910397236943572,0.013612022581185101,-0.00785948805634007,0.008333269778605379,101.55792694091797,100.31881637573242,99.37145182291667,99.3452278137207,101.33173889160156,103.16909688313802,1
2022-07-13,105.42276763916016,105.9144783231169,103.11172892514544,104.24266499882783,866464,Metals & Mining,0.018043601939311094,0.016786546488395393,0.0037277848645909106,0.01944577081691734,103.01338958740234,100.72201843261719,99.98445180257161,99.48044815063477,100.98754150390624,102.97569096883139,1
2022-07-14,109.8973388671875,110.73324553696,105.42276860118513,105.91447928962891,1483664,Metals & Mining,0.04244406903964859,0.01603771633063955,0.04549677522975015,0.02241296601395759,104.61636657714844,101.8972068786621,100.78102315266928,100.1590087890625,100.91280151367188,102.89210001627605,1
2022-07-15,107.14376068115234,111.51999050080846,106.60288340203304,111.12662043232444,944041,Metals & Mining,-0.025055913222456594,0.04921084612466098,0.00710486683591216,0.011194116949368782,105.72763366699219,102.79703750610352,101.44647165934245,100.51549911499023,100.7416860961914,102.65771814982097,0
2022-07-18,112.55257415771484,113.09345891892576,107.93049666393134,108.17635200940724,1228153,Metals & Mining,0.05048183340006629,-0.026548710034009382,0.01410929476456424,0.012453821318241909,107.71414337158203,104.19349517822266,102.400390625,101.3440315246582,101.00524291992187,102.6511619567871,1
2022-07-19,113.04427337646484,114.91277531304048,112.11002615963147,112.30670741488832,988579,Metals & Mining,0.004368618154045878,0.03818168507958086,0.016086840136518843,0.03872426816226149,109.61214294433594,105.58503494262695,103.41659189860026,101.93162460327149,101.39861083984376,102.71180623372396,1
2022-07-20,112.74925994873048,114.86361736438886,111.8150051589277,114.3719066864641,928779,Metals & Mining,-0.0026097158124224196,0.01838892190068786,-0.0004277848874305601,-0.002631530923770331,111.07744140625,107.04541549682617,104.17382609049479,102.75769920349121,101.79984680175781,102.66919148763021,0
2022-07-21,114.0768814086914,115.50283942513612,112.79843059863698,112.89677874011024,834525,Metals & Mining,0.01177499045727326,-0.01289764234146884,0.005565052498037071,0.00879511151755974,111.91334991455078,108.26485824584961,105.23592122395833,103.56410484313965,102.50987701416015,102.7462262471517,1
2022-07-22,118.01056671142578,118.7481327533722,113.48682982140308,114.86362126695168,1242491,Metals & Mining,0.03448275631450315,0.017421600056181763,0.028097087001393906,0.006102914899725587,114.08671112060547,109.90717239379883,106.56026204427083,104.60653152465821,103.22974151611328,102.96585693359376,1
2022-07-25,119.97740936279295,121.74757086275216,114.32273638053016,118.01056658635372,1694334,Metals & Mining,0.016666665589164964,0.027397232341197952,0.025258823358591087,0.007365670187832185,115.5716781616211,111.64291076660156,107.98622283935546,105.69321250915527,104.18956085205077,103.43298212687175,1
2022-07-26,113.5359878540039,120.96082178592997,112.4050593436986,120.96082178592997,1370516,Metals & Mining,-0.053688619740998034,0.02499992403152662,-0.006462133669254966,-0.016774240169063592,115.6700210571289,112.64108200073242,108.94669698079427,106.47994918823242,104.67930389404297,103.77717920939128,0
2022-07-27,114.2735595703125,114.76527025263384,110.83158479406322,114.02770422915184,783844,Metals & Mining,0.006496369391324919,-0.05731705071455273,-0.05121948943320409,-0.013998253804788252,115.97488098144531,113.52616119384766,110.02190399169922,107.12408981323242,105.40113555908204,104.1623524983724,1
2022-07-28,112.50341033935548,115.06030449420015,111.8150108534562,114.12605715972744,923889,Metals & Mining,-0.01549045323881637,0.0008625353920828083,0.002570762399782156,0.008873157062766035,115.66018676757812,113.78676834106446,110.72996775309245,107.84198760986328,105.98332122802735,104.70159530639648,0
2022-07-29,116.87962341308594,117.42050814502387,112.60174213390798,113.09345279824818,1282667,Metals & Mining,0.03889849259262479,-0.009047928117187576,0.02051275338787839,0.007036007727825089,115.43399810791016,114.7603546142578,111.74944763183593,108.77869606018066,106.77202484130859,105.26378428141275,1
2022-08-01,118.9939956665039,119.92824304453964,115.60119465899496,117.66637820717042,1372191,Metals & Mining,0.018090169968679515,0.04043492612326616,0.021356873165788937,0.026637709756923478,115.23731536865235,115.40449676513671,112.84104563395182,109.79899597167969,107.60203308105469,106.03085327148438,1
2022-08-02,116.87962341308594,118.84646607044677,115.25697672018138,118.84646607044677,1109842,Metals & Mining,-0.017768730611784522,0.010029099911604389,-0.00902020196936526,-0.0029776330584554422,115.90604248046876,115.78803176879883,113.72940216064453,110.6865333557129,108.36516784667968,106.5504269917806,0
2022-08-03,114.7161102294922,117.51885977800914,111.91336068097522,116.63377899876431,1202165,Metals & Mining,-0.018510610493218893,-0.01861803000832074,-0.011170767935587356,-0.02901009669309418,115.99455261230469,115.984716796875,114.34895833333333,111.51506614685059,108.89818237304688,107.16670506795248,0
2022-08-04,116.28958129882812,118.50227946307643,114.76527511784866,115.25698582101496,1391156,Metals & Mining,0.01371621707001891,-0.011804411977116347,0.008368186067537975,0.025483234705132585,116.75178680419921,116.20598678588867,114.77510782877604,112.23542251586915,109.62394744873046,107.77806549072265,1
2022-08-05,114.76526641845705,117.66636384897625,114.1752151199663,117.07631255048553,752905,Metals & Mining,-0.013107923025830304,0.015784958425824502,-0.007054004512720313,-0.0051414506459070974,116.32891540527343,115.8814567565918,115.28320821126303,112.89431457519531,110.28873992919922,108.36483993530274,0
2022-08-08,118.15807342529295,118.99398004902244,113.68350340575694,115.06029475814566,1605459,Metals & Mining,0.029563012509943976,-0.017219689862289833,0.01128288626093843,-0.0043066414518484475,116.16173095703125,115.6995231628418,115.6569081624349,113.67121696472168,111.07154296875,109.02864939371744,1
2022-08-10,115.79786682128906,118.99398628769406,115.25698206427204,118.84647158097036,934868,Metals & Mining,-0.019974992275886838,0.032906024017956614,5.242846423669789e-08,0.013840870586993459,115.94537963867188,115.92571105957032,115.84048105875651,114.28339653015136,111.7383026123047,109.62853647867838,0
2022-08-11,114.2735595703125,117.91222312123608,114.0768782985478,116.87962768719746,1254288,Metals & Mining,-0.013163517539826808,-0.016549451301403506,-0.009090906189515913,-0.010238891775477543,115.85686950683593,115.92571105957032,115.94210103352864,114.72593612670899,112.38342681884765,110.05796356201172,0
2022-08-12,116.19123840332033,119.9774092436232,113.978540282024,114.12605499069235,2153582,Metals & Mining,0.016781474561732512,-0.02355904746611992,0.01751460593075005,-0.0008620328500438257,115.83720092773437,116.2944938659668,116.08305816650392,115.04063110351562,112.95577819824219,110.65948969523112,1
2022-08-16,118.01056671142578,118.30559612936824,115.55201323827109,116.92880468381966,869400,Metals & Mining,0.015658050754139063,0.024558368317873613,-0.013934399190602798,0.013804993048285752,116.48626098632812,116.40758819580078,116.08305816650392,115.5839714050293,113.61270385742188,111.32166010538737,1
2022-08-17,119.04315948486328,120.41994339643216,117.1746573868503,118.108904684402,1086469,Metals & Mining,0.008750002666816581,0.01009246612734449,0.01787191254039966,0.014042543293756982,116.66327819824218,116.41250457763672,116.02077484130861,115.90850067138672,114.26962921142578,112.00349884033203,1
2022-08-18,127.89395904541016,130.69670109709767,118.20725202781244,118.89565152556746,4163534,Metals & Mining,0.074349501465242,0.006661198351366693,0.0853409942806036,0.00881244002748005,119.0824966430664,117.51393814086914,116.9779729207357,116.65098495483399,115.24321655273438,112.96233495076497,1
2022-08-19,123.86192321777344,128.68069711584883,123.02601652235624,128.53317490129825,1313885,Metals & Mining,-0.03152639778869537,0.08105866995193112,-0.01542505636581526,0.04076538801028895,121.00016937255859,118.42851943969727,117.61719716389976,117.20661811828613,115.98078277587891,113.81955057779948,0
2022-08-22,119.78072357177734,122.78015419105276,118.05973620725705,122.78015419105276,1305692,Metals & Mining,-0.03294959047923507,-0.04475903372544321,-0.045854141740341414,-0.040367724286974105,121.71806640625,118.77763366699219,118.10235137939455,117.49181022644044,116.3761181640625,114.4161595662435,0
2022-08-23,119.92823028564452,122.58347242473651,118.10890229397062,118.20724292810526,902775,Metals & Mining,0.001231472890366847,-0.03724471021458231,-0.0016019019328661344,0.0004164509280899509,122.10159912109376,119.29393005371094,118.3055918375651,117.58769340515137,116.88749694824219,115.02751973470052,1
2022-08-24,122.78016662597656,123.32105142505502,120.51830179098997,120.61664243548324,556654,Metals & Mining,0.023780358749056152,0.020382841589862588,0.006016953066583675,0.02039981280176839,122.8490005493164,119.75613937377929,118.55800323486328,117.72783126831055,117.29660064697265,115.69952443440755,1
2022-08-25,124.8453369140625,125.38622165570185,122.58347231927392,123.71440836812292,671852,Metals & Mining,0.016820064224029263,0.02568274054135311,0.01674629113831294,0.017135742020871536,122.23927612304688,120.66088638305663,119.08905080159505,118.29329872131348,117.76864318847656,116.40922648111979,1
2022-08-26,126.81217956542967,127.8447749798926,125.38622161489468,125.87793228789424,712669,Metals & Mining,0.015754233998511724,0.01748805129741693,0.019607842805421605,0.022864006399825776,122.82932739257812,121.91474838256836,119.89545542399088,118.92022972106933,118.33115997314454,117.12220687866211,1
2022-08-29,123.91109466552734,124.7470013432446,121.10834521534142,121.94425189305866,747121,Metals & Mining,-0.022877021038862355,-0.031249960365085205,-0.02423074104620404,-0.0341175955735562,123.65540161132813,122.68673400878906,120.40355631510417,119.49061393737793,118.72452850341797,117.5893320719401,0
2022-08-30,125.87794494628906,126.3696556687355,123.86192798309456,124.30447213504247,808183,Metals & Mining,0.01587307646721081,0.019354911817029752,0.013007561769169396,0.0227365237536441,124.84534454345703,123.4734718322754,121.14440155029295,119.94053001403809,119.0392236328125,118.213804880778,1
2022-09-01,127.7956085205078,128.58234864531423,123.91109697368714,125.87793978279328,1083968,Metals & Mining,0.015234309513370237,0.012658174084367646,0.017509685888351667,0.00039696613312267814,125.84843292236329,124.34871673583984,121.78690388997396,120.38061065673828,119.3519515991211,118.72190602620442,1
2022-09-02,126.86136627197266,130.79505204784778,125.63208946701168,130.79505204784778,663483,Metals & Mining,-0.007310440940427321,0.03906254164581302,0.01720845377180935,0.013888929525738947,126.25163879394532,124.24545745849609,122.52447052001953,120.87969779968262,119.88496673583984,119.18247578938802,0
2022-09-05,126.86136627197266,128.68070194564305,126.36965554998828,126.86136627197266,405875,Metals & Mining,0.0,-0.03007518796992481,-0.01616536764273968,0.005870841487279899,126.2614761352539,124.54540176391602,123.36365763346355,121.48696060180664,120.38847900390626,119.65287933349609,0
2022-09-06,128.23812866210938,130.3033193484497,125.1895317034854,127.0088520644825,988402,Metals & Mining,0.01085249537030153,0.0011625745240173568,0.012609640593133076,-0.009338664740097036,127.12688293457032,125.39114227294922,124.16678365071613,122.0843879699707,121.01786773681641,120.12492090861002,1
2022-09-07,130.40167236328125,130.7950348869296,125.9762764460543,128.04145220393585,980250,Metals & Mining,0.016871298136863278,0.008130143077972996,0.0037736225058473405,0.006284429152050297,128.03162841796876,126.4384864807129,124.99285736083984,122.86620826721192,121.55874969482421,120.53795776367187,1
2022-09-08,131.581787109375,135.12209516709058,130.20498813763578,131.68012024647223,1044436,Metals & Mining,0.00904984364622341,0.02841789108062409,0.033082756420391934,0.03356752406785346,128.7888641357422,127.31864852905274,125.82876586914061,123.53739395141602,122.06226135253907,120.92477035522461,1
2022-09-09,130.45083618164062,132.76188235835437,127.9431237417491,132.66353422094653,465253,Metals & Mining,-0.008595041552325822,0.007468203800494733,-0.01746726030126744,-0.017371564855070853,129.5067581176758,127.87919845581055,125.99922434488931,124.2700424194336,122.60510986328126,121.4885986328125,0
2022-09-12,130.30332946777344,133.10608633035125,129.86079285942404,130.79504014501032,567217,Metals & Mining,-0.001130745637090369,-0.01408445875431219,0.0025926415465231667,0.014988450036171663,130.19515075683594,128.22831344604492,126.42865142822264,125.07153091430663,123.2285986328125,122.02292429606119,0
2022-09-13,131.09007263183594,132.2701752837614,130.74586914735715,130.79504321739975,449741,Metals & Mining,0.006037782513125034,2.3490106526580234e-08,-0.006280036245038589,0.006815577422904173,130.76553955078126,128.9462112426758,127.18260803222655,125.81647262573242,123.82061828613281,122.64247970581054,1
2022-09-14,136.6464080810547,139.54749837022916,127.0088748272404,127.0088748272404,2132731,Metals & Mining,0.042385631021989,-0.028947338500176945,0.05501862434865301,-0.028582121519303727,132.01448669433594,130.02305755615234,128.29715321858723,126.74826469421387,124.69586395263671,123.30137252807617,1
2022-09-15,135.12210083007812,137.58065444784387,133.94199809471465,137.58065444784387,957292,Metals & Mining,-0.011155121253332845,0.08323654260368318,-0.014094440569383249,0.054587707173257005,132.72254943847656,130.75570678710938,129.119948832194,127.55221176147461,125.37442504882813,123.83897603352865,0
2022-09-16,135.5646514892578,137.33479807637866,130.94255871718357,135.1220998366573,1815230,Metals & Mining,0.003275190782714432,-0.0178699150767494,-0.0017869981244958977,-0.022393569008953285,133.7453125,131.62603530883788,129.8345698038737,127.935746383667,126.16509643554687,124.46181030273438,1
2022-09-19,132.3193359375,135.46628102549494,131.7784512335123,135.46628102549494,541914,Metals & Mining,-0.023939246080051824,0.0025471865020874063,-0.01360556156965076,0.0063836580292746525,134.1485137939453,132.1718322753906,130.20171356201172,128.3586170196533,126.88692749023437,125.0485844930013,0
2022-09-20,133.74530029296875,137.28562306775711,132.61437177076004,133.64695215807296,1166515,Metals & Mining,0.010776689176722476,-0.01343012337571714,0.01343022063121202,0.006343378066923089,134.67955932617187,132.72254943847656,130.85732727050782,129.05684585571288,127.5890899658203,125.630441792806,1
2022-09-21,136.00718688964844,138.8099289641186,133.69614052479008,134.67956195565404,1154502,Metals & Mining,0.016911895907557373,0.007726399898440928,0.011103172075120904,0.008157251281180944,134.5517150878906,133.2831008911133,131.53261006673176,129.86079368591308,128.30895477294922,126.33850580851237,1
2022-09-22,138.66241455078125,144.26791341443618,135.51546913660823,136.00717982650465,3516996,Metals & Mining,0.01952270112966281,0.009857604610325144,0.03931984182290327,0.013607936659030262,135.25977783203126,133.9911636352539,132.25706380208334,130.65490608215333,129.09372497558593,127.02198384602865,1
2022-09-23,134.8270721435547,140.53090392897343,134.23701333535746,139.59665665417683,799871,Metals & Mining,-0.027659567444081823,0.026391818669066147,-0.025903261487725926,-0.009434021144567706,135.1122619628906,134.4287872314453,132.7881108601888,131.15399284362792,129.3710494995117,127.65629069010417,0
2022-09-26,127.697265625,133.54861953377005,121.94424484567884,132.76187946908584,1352096,Metals & Mining,-0.052881119534831655,-0.04896089454364794,-0.049685045779911396,-0.09157510424467075,134.18784790039064,134.16818084716797,132.84383748372395,131.19824714660643,129.5244631958008,128.10374755859374,0
2022-09-27,123.56690216064452,130.89339619615467,122.97685081286969,127.74643566692887,828665,Metals & Mining,-0.03234496403771747,-0.037777740283684635,-0.019882072513254023,0.008467853226674427,132.15216827392578,133.41586380004884,132.5324223836263,131.1810375213623,129.67591033935548,128.34960301717123,0
2022-09-28,120.2232666015625,124.84534419775925,119.78072997106425,122.92767546172034,582957,Metals & Mining,-0.027059313623765457,-0.03772128889585935,-0.0462059368475084,-0.025989613660451272,128.9953842163086,131.7735496520996,131.8538619995117,130.89830360412597,129.6877117919922,128.4233596801758,0
2022-09-29,119.04315948486328,123.91109225069086,118.01056404827702,122.8784968141046,699296,Metals & Mining,-0.009815962833635727,-0.00040006164137595945,-0.007483274230783543,-0.014778386500189589,125.071533203125,130.16565551757813,131.01795349121093,130.46068115234374,129.53823150634764,128.4233596801758,0
2022-09-30,123.17352294921876,125.87793163672654,118.5022715798871,120.37077362820165,968125,Metals & Mining,0.03469635283731409,-0.020408153183194666,0.015872988852817738,0.004166639957833951,122.7408233642578,128.92654266357422,130.53279927571614,130.27628898620605,129.4713589477539,128.26601181030273,1
2022-10-03,125.92711639404295,127.40224853062492,121.60006062615392,122.97685212087907,693756,Metals & Mining,0.022355400567372063,0.021650425714858423,0.012109484753033861,0.026141178603301896,122.38679351806641,128.2873207092285,130.24105173746744,130.22957649230958,129.43595642089844,128.33485158284506,1
2022-10-04,128.68069458007812,129.4182606208371,126.86135901054485,128.23814295096713,555506,Metals & Mining,0.02186644358168932,0.04278277366309968,0.015823991440210516,0.043267234878823,123.40955200195313,127.78086013793946,130.08042653401694,130.251704788208,129.62674041748048,128.63151728312175,1
2022-10-06,131.2867431640625,132.02430913689432,129.7132630863607,129.8116112183989,378545,Metals & Mining,0.020252055620997744,0.012269892804307014,0.02013663685136602,0.022480478674194337,125.62224731445312,127.30881576538086,129.72311553955078,130.29595832824708,129.8430923461914,129.010134379069,1
2022-10-07,128.8773651123047,131.23757024364193,128.04145100013787,131.23757024364193,363231,Metals & Mining,-0.01835202849648676,0.01098483419055607,-0.0059590457120789475,-0.01288852077608893,127.5890884399414,126.3303108215332,129.30679982503256,130.16073722839354,129.88636260986328,129.21337432861327,0
2022-10-10,126.95970153808594,129.1723995625279,125.97628019388952,126.17296146156502,302290,Metals & Mining,-0.014879754660934275,-0.038591150176542244,-0.01573612401753599,-0.016128923798638617,128.34632415771483,125.54357376098633,128.73313649495444,129.9861804962158,129.8902960205078,129.28385314941406,0
2022-10-11,121.74757385253906,128.2381461706875,121.05917436213426,127.54975418319265,474673,Metals & Mining,-0.04105340216149855,0.01091194742264201,-0.007232608475219671,-0.03903199732669804,127.51041564941406,124.94860458374023,128.02835235595703,129.5583927154541,129.68574432373046,129.1150329589844,0
2022-10-12,127.10721588134766,127.64810065221944,120.07575137456348,122.82933429424016,832294,Metals & Mining,0.0440225776925971,-0.037008459319904374,-0.0046011700581095605,-0.008123489960611963,127.19571990966797,125.30263595581054,127.58581339518229,129.3592498779297,129.6405078125,129.22157033284506,1
2022-10-13,127.00887298583984,127.99229442593406,123.96027552503998,126.86136577215385,396055,Metals & Mining,-0.0007737003349960192,0.03282629105727208,0.0026964269108271655,0.03235061289234942,126.34014587402343,125.98119659423828,126.98592580159506,128.87737312316895,129.50479583740236,129.2592679341634,0
2022-10-14,129.9099884033203,132.27019404188786,128.23815981969503,128.77904465523136,1011053,Metals & Mining,0.02284183261593009,0.015116334838470191,0.03342310281365668,0.03451012250929475,126.54667053222656,127.06787948608398,126.40243072509766,128.61676750183105,129.43792388916015,129.3297472635905,1
2022-10-17,127.50057983398438,131.04090291314012,124.59948967497,128.92655288347368,591785,Metals & Mining,-0.018546753786596093,0.0011454365781111697,-0.009293787898719263,-0.028374316582841286,126.65484619140625,127.50058517456054,125.91399790445963,128.21356391906738,129.3199136352539,129.3510543823242,0
2022-10-18,132.1226806640625,132.71272454331688,127.99229848017788,128.63153143997943,647376,Metals & Mining,0.03625160635423352,-0.0022882907895699356,0.012758013666045454,0.02722971670316099,128.72986755371093,128.1201416015625,126.20902557373047,128.2037311553955,129.39268768310546,129.52643152872722,1
2022-10-19,132.8602294921875,135.02375344644707,131.33592340879366,132.1226634846568,604849,Metals & Mining,0.005582302935559502,0.027140561925956597,0.017413770315414467,0.026123641565305666,129.8804702758789,128.53809509277343,126.82858072916666,128.15947761535645,129.46349395751952,129.68050155639648,1
2022-10-20,130.00830078125,132.46685418106873,128.48399467219858,131.77846223028328,416942,Metals & Mining,-0.021465631376959227,-0.002605164362384338,-0.018936662625013367,-0.021714765180568474,130.48035583496093,128.41025085449218,127.48091634114583,127.85953330993652,129.19796966552735,129.6673891703288,0
2022-10-21,130.6475372314453,131.18840698949964,128.8773757341398,130.54918909044298,400414,Metals & Mining,0.004916889509008149,-0.00932833119339449,-0.009651072334076694,0.003061712573187547,130.62786560058595,128.58726806640624,128.2545415242513,127.45878944396972,129.01898712158203,129.63624750773113,1
2022-10-24,132.66354370117188,133.45028383919873,130.9917302865023,132.86023999004362,183718,Metals & Mining,0.015430880003158176,0.01770252971850761,0.017241438489912664,0.01640594045555499,131.66045837402345,129.15765228271485,128.8872095743815,127.35061302185059,128.9029428100586,129.71000442504882,1
2022-10-25,136.8430938720703,138.46574832861904,131.09008717836397,132.1226827405639,1102447,Metals & Mining,0.03150488864003953,-0.0055513767665554825,0.03758301852294088,0.0007508633685999744,132.604541015625,130.66720428466797,129.61494140625,127.8079044342041,129.0838931274414,129.92799657185873,1
2022-10-27,139.0557861328125,141.12097716685065,137.38397267973514,139.6458450013435,813099,Metals & Mining,0.01616955739696113,0.056940731937392464,0.01917606967991814,0.048011910258382695,133.84365234375,131.86206130981446,130.3066141764323,128.5823486328125,129.29631256103517,130.19352035522462,1
2022-10-28,136.203857421875,139.84251342764938,134.77789946086034,139.695006226993,490285,Metals & Mining,-0.02050924158030809,0.00035204216530049237,-0.009059345852528433,-0.01896926670587684,135.082763671875,132.78155975341798,130.6344217936198,129.38137817382812,129.3041793823242,130.17876866658528,0
2022-10-31,139.2033233642578,140.13757083532894,135.2696371653714,136.2038846364425,617808,Metals & Mining,0.022021886891884,-0.024991026414199258,0.002109926376804072,0.0036485039941867026,136.7939208984375,133.7108932495117,131.32281901041668,130.38938636779784,129.32581573486328,130.3148094177246,1
2022-11-01,145.4971923828125,146.5297878486819,138.46573541119352,138.46573541119352,1558388,Metals & Mining,0.04521349682209319,0.016606360242869656,0.045613870536290735,0.023627610103772234,139.36065063476562,135.51055450439452,132.55865173339845,131.50556983947754,129.7526205444336,130.64589411417643,1
2022-11-02,144.5629425048828,149.43087532276093,143.23531764281637,146.23475584561214,1146688,Metals & Mining,-0.006421085263773496,0.0561078913230586,0.019798619220515734,0.03444593868265611,140.9046203613281,136.75458068847655,134.07967631022134,132.43736114501954,130.4272476196289,131.05401433308919,0
2022-11-03,146.23475646972656,148.8899911993724,139.15412552206456,141.612678976518,2598680,Metals & Mining,0.011564609407333393,-0.031607238938285764,-0.003619627618591248,-0.02849291772388851,142.34041442871094,138.09203338623047,135.35484568277994,133.31506423950196,131.33396179199218,131.47032953898113,1
2022-11-04,151.29937744140625,152.13527656741277,142.79277394361523,147.7098805877192,2262146,Metals & Mining,0.03463349680982408,0.043055478190707985,0.021796531398103003,0.02614833306522213,145.3595184326172,140.22114105224608,136.97421264648438,134.31569595336913,132.57700622558593,131.9800692240397,1
2022-11-07,161.8711700439453,163.14960587193892,151.59440430760716,153.41373991793628,3011499,Metals & Mining,0.06987333841894494,0.038615286313428365,0.07239825997651228,0.06163918608001451,149.8930877685547,143.3435043334961,139.1049580891927,135.96538619995118,134.29012664794922,132.7536944071452,1
2022-11-09,159.21592712402344,164.3788897485654,157.69163587762458,163.24796108075586,1338283,Metals & Mining,-0.01640343316973014,0.064102610157865,0.007534703317588098,0.040220690188836006,152.63683471679687,145.99874267578124,141.2193145751953,137.57819747924805,135.7318228149414,133.56665623982747,0
2022-11-10,155.9214630126953,160.64188864429346,151.15186331086628,157.34742101447512,1286310,Metals & Mining,-0.02069179994010184,-0.036144647854816636,-0.022734069502404308,-0.04147190515439536,154.90853881835938,147.90657958984374,142.80590006510417,139.28689193725586,136.9315966796875,134.50746281941733,0
2022-11-11,159.90432739257812,161.18276322191562,156.75736687347697,156.9540631602857,1032127,Metals & Mining,0.025544041871634615,-0.002499932008121264,0.0033669585323403695,0.03708524287975301,157.6424530029297,149.9914337158203,144.6088399251302,140.92674751281737,138.1805419921875,135.71871032714844,1
2022-11-14,166.099853515625,169.14846558370516,160.29767377990663,161.18274695795915,2093152,Metals & Mining,0.03874520611212939,0.026942174751825476,0.04942031146855563,0.02258462856987853,160.60254821777343,152.9810333251953,147.01494344075522,142.88129653930665,139.57306640625,137.24792989095053,1
2022-11-15,167.3291473388672,168.80427945765527,163.3954616887656,167.18164012931632,890232,Metals & Mining,0.007400932615070355,0.037217960883380696,-0.0020348167206966083,0.01932522060870534,161.69414367675782,155.79361572265626,149.46038411458332,144.75225448608398,141.1111376953125,138.85746281941732,1
2022-11-16,167.0832977294922,170.1319102154498,164.82144040758473,166.19822443012148,1121171,Metals & Mining,-0.001469257527961454,-0.005882318766786576,0.0078649117312668,0.00872716233413695,163.26761779785156,157.9522262573242,151.75503438313802,146.73139038085938,142.71608154296874,140.32112197875978,0
2022-11-17,168.6075897216797,171.45952067848845,166.68992106457844,166.93577640538166,1012857,Metals & Mining,0.009122946535657483,0.004437784926939914,0.007803418308519605,0.011336393204507633,165.80484313964843,160.3566909790039,153.87266743977864,148.55563583374024,144.59048217773437,141.74380442301432,1
2022-11-18,163.8380126953125,170.52526626996212,162.80541721499105,168.1650608913587,697261,Metals & Mining,-0.028288032788087003,0.007363816866864381,-0.005448833665400166,-0.02330377160645769,166.59158020019532,162.1170166015625,155.52481587727866,150.1045249938965,146.05971405029297,142.91571502685548,0
2022-11-21,177.65505981445312,179.9661059754822,169.1484711900707,170.3777478702311,6376493,Metals & Mining,0.0843335859110792,0.01315782819061262,0.05536328962872927,0.03896095156774404,168.90262145996093,164.7525848388672,158.2882293701172,152.48686294555665,148.0855615234375,144.4613255818685,1
2022-11-22,175.8849334716797,179.32690856892728,173.2296835348608,177.99928360051786,1901447,Metals & Mining,-0.009963838601738662,0.04473316395807592,-0.003551765501010551,0.024127988364754938,170.61377868652343,166.15396118164062,160.73367004394532,154.74873275756835,149.92455932617187,146.028244527181,0
2022-11-23,171.9020538330078,177.11418995435906,171.11531375709876,176.67163834515978,1085061,Metals & Mining,-0.02264480282680481,-0.007458711229072712,-0.012339021690756069,-0.012205585870833424,171.57752990722656,167.42257385253907,162.493994140625,156.71065826416014,151.70061828613282,147.5263229370117,0
2022-11-24,170.47610473632812,174.4589493793373,169.44350927095482,172.6888028739197,540056,Metals & Mining,-0.008295125421043048,-0.022543717308257993,-0.014991687428917988,-0.009770045996684407,171.95123291015625,168.87803802490234,164.221538289388,158.39230880737304,153.23475524902344,149.15060729980468,0
2022-11-25,173.62303161621094,175.83572951699745,169.3451430056965,169.3451430056965,1041844,Metals & Mining,0.01845963623318414,-0.019362343201049348,0.007891714025323626,-0.000580525425149303,173.90823669433593,170.24990844726562,166.04742329915365,160.12067108154298,154.86526733398438,150.7011344909668,1
2022-11-28,171.9512481689453,176.3766447360015,170.52527504823738,173.08217684486476,1748119,Metals & Mining,-0.00962881152174011,0.02206755843621999,0.0030762531624823897,0.006968797696791151,172.76747436523436,170.83504791259764,167.4242146809896,161.90804061889648,156.5429852294922,152.19921366373697,0
2022-11-29,167.0341339111328,173.77056162342132,166.34572691362337,172.19709635753392,718277,Metals & Mining,-0.02859597886129528,-0.005113643146077096,-0.014775670080814596,-0.024509845437467925,170.997314453125,170.80554656982423,167.7684122721354,163.29958114624023,157.99844909667968,153.43668518066406,0
2022-11-30,170.82029724121094,173.47553206764863,167.279989141234,168.41091776918083,878208,Metals & Mining,0.02266700369214636,-0.02198747056972339,-0.001697810912368758,0.005616388499692482,170.7809631347656,171.1792465209961,168.5420369466146,164.56573638916015,159.52471923828125,154.88067576090495,1
2022-12-01,173.47552490234375,175.93407834487027,171.41034901411308,175.6390639364226,1322053,Metals & Mining,0.015543982208293672,0.04291970059297734,0.014172294201483693,0.024691296873482038,171.38084716796874,171.6660400390625,169.71230773925782,166.0113655090332,160.9900164794922,156.25910390218098,1
2022-12-02,174.01641845703125,177.01585680969285,172.63963446195058,174.0655925295313,1813517,Metals & Mining,0.0031179819458220237,-0.008958550402323073,0.0061487716024068995,0.007171594100985557,171.45952453613282,172.6838806152344,170.65311381022136,167.40044860839845,162.38844177246094,157.63097686767577,1
2022-12-05,176.0324249267578,177.95009359379048,173.77055277849038,175.49154017302573,1519011,Metals & Mining,0.011585150916230136,0.008192013267943832,0.005277701110709021,0.006550745546145542,172.2757598876953,172.52161712646483,171.3152852376302,168.63710098266603,163.98158447265624,159.1651143391927,1
2022-12-06,194.029037475586,199.63453623065223,175.09817628129997,176.42578611481036,9881520,Metals & Mining,0.10223464544282712,0.005323595318973862,0.12185687682952939,0.007640094835296596,177.67474060058595,174.33602752685547,173.09527791341145,170.24499435424804,166.17461303710937,161.2778310139974,1
2022-12-07,199.78204345703125,206.0267751008402,195.258314200552,200.6179576160926,5727011,Metals & Mining,0.029650232028642254,0.13712378464641795,0.032019704560550366,0.11513619586113921,183.46708984375,177.1240264892578,175.2751942952474,172.27330017089844,168.34600708007812,163.5151143391927,1
2022-12-08,196.8809509277344,199.78204090404435,193.9798609514244,199.78204090404435,882567,Metals & Mining,-0.014521287694811313,-0.004166709311475891,-0.030310304055088833,-0.006547497116125345,188.14817504882814,179.76451110839844,177.16008504231772,174.3212745666504,170.43872741699218,165.51637624104816,0
2022-12-09,192.1605224609375,200.814633192279,189.8003172641256,197.6676879279236,1252638,Metals & Mining,-0.023976054791250756,-0.010583298511482764,0.0051685941517165546,-0.021546276334043934,191.7769958496094,181.6182601928711,179.04825236002605,175.93408432006837,172.27575805664063,167.28653411865236,0
2022-12-12,210.5013427734375,211.43559005390728,188.915247162121,191.2262783289863,4519546,Metals & Mining,0.09544530831627163,-0.03258706400859035,0.052889357178760754,-0.00466316450236981,198.67077941894533,185.4732696533203,181.23800455729167,178.15415878295897,174.64383666992188,169.76311696370442,1
2022-12-13,219.69630432128903,221.2697843456295,210.9930351405182,211.1897163921064,3658510,Metals & Mining,0.04368124890180902,0.10439693873440836,0.04651153710316658,0.11686609900497213,203.80423278808593,190.73948669433594,184.15876261393228,180.77251663208008,176.95684204101562,172.4462163289388,1
2022-12-14,217.483627319336,221.1714574118353,214.38585604396408,219.6963253748356,1225023,Metals & Mining,-0.01007152582192361,0.04027946591364984,-0.0004443757835485007,0.01608025071152852,207.34454956054688,195.40581970214845,187.1975341796875,183.29253311157225,179.28755004882814,174.84576416015625,0
2022-12-15,215.3692779541016,218.6145714449848,212.1239844632184,216.3035252454327,1460120,Metals & Mining,-0.009721878337673018,-0.015443135535445407,-0.011560650713122622,-0.01055047017785471,211.0422149658203,199.5951950073242,190.19041239420574,185.63061752319337,181.66546264648437,177.2059753417969,0
2022-12-16,211.8781280517578,217.82783025399,209.17371932399948,214.2875073716878,1133750,Metals & Mining,-0.016210064571455685,-0.009320319081519202,-0.003598759157702247,-0.013908211024248773,214.98573608398436,203.38136596679686,192.74075215657552,188.03262329101562,183.74441467285158,179.3940877278646,0
2022-12-19,213.1074066162109,215.6151340960287,210.05880939075053,213.5499432289272,551399,Metals & Mining,0.005801819072862591,-0.003441937198332745,-0.010158004858154546,0.004231363622597684,215.50694885253907,207.0888641357422,195.4844960530599,189.80524063110352,185.624716796875,181.45435536702473,1
2022-12-20,209.3704071044922,213.1074113729455,207.895275025299,212.3698453333489,436949,Metals & Mining,-0.017535756129061997,-0.005526097912904704,-0.011630550580769228,-0.010299660231944618,213.4417694091797,208.6230010986328,198.30691426595052,191.47951431274413,187.3063671875,183.03766326904298,0
2022-12-21,204.4041290283203,225.6951947773171,199.3886742531636,211.3372373861059,2580982,Metals & Mining,-0.02372005740855876,-0.004862309644865781,0.05906778803831725,-0.04091772057397747,210.82586975097655,209.08520965576173,200.54583638509115,193.10461807250977,188.79920043945313,184.54393666585287,0
2022-12-22,206.32180786132807,212.2223361223433,200.175424256104,206.71517040973472,1308480,Metals & Mining,0.009381800857565237,-0.021870575358789335,-0.059694929120076456,0.003945810893659196,209.01637573242186,210.0292953491211,202.73558858235677,194.89690322875975,190.30776916503908,186.22394816080728,1
2022-12-23,204.109115600586,210.3538325185893,201.6013880167743,201.6013880167743,1651641,Metals & Mining,-0.010724471075928443,-0.02473830238402086,-0.008804462517446154,0.007123570568013049,207.4625732421875,211.22415466308593,204.74176839192708,196.42120742797852,191.91861328125,187.69744110107422,0
2022-12-26,214.58253479003903,220.77809227371696,204.55164005760852,204.55164005760852,2768042,Metals & Mining,0.05131284391015689,0.014634085954749132,0.04955583471105274,0.014634085954749132,207.75759887695312,211.63227386474608,207.31177571614583,198.5527717590332,193.39571228027344,189.31353047688802,1
2022-12-27,216.2543792724609,220.58144282442592,212.4190414704616,218.76210706876253,1910722,Metals & Mining,0.0077911489118054345,0.06947129344527303,-0.0008907108819802279,0.03846168825944085,209.13439331054687,211.28808135986327,208.79346516927083,201.0137840270996,195.0104901123047,190.94437154134116,1
2022-12-28,215.6151123046875,217.72946202165383,213.45158852331824,216.2543301244724,942019,Metals & Mining,-0.0029560879642025473,-0.011463488708772895,-0.012929377767476824,0.004860896865501729,211.3765899658203,211.10122985839843,209.84900309244793,203.25352478027344,196.75901245117188,192.56209869384764,0
2022-12-29,222.5482482910156,238.479670714932,213.94331171882737,215.95932843118948,7678930,Metals & Mining,0.03215514864528979,-0.0013641423647476891,0.095302714206011,0.002303675502772995,214.62187805175782,211.81912689208986,211.56015625,205.70716094970703,198.84189819335938,194.36012064615886,1
2022-12-30,235.18521118164065,237.8404608463281,220.67974618702,226.1869117805256,2808828,Metals & Mining,0.05678302564799487,0.04735884031328119,-0.002680353703473415,0.031487006600355416,220.83709716796875,214.14983520507812,214.4284688313802,208.7656005859375,201.30438537597655,196.7383605957031,1
2023-01-02,249.1006317138672,250.7724450127887,232.1366133747668,237.00454607091007,3213770,Metals & Mining,0.05916792328187359,0.04782608421163226,0.054372515594880655,0.05191626048924958,227.74071655273437,217.74915771484376,217.0017547607422,212.41901092529298,204.39036071777343,199.11987965901693,1
2023-01-03,244.576889038086,249.10063329284844,238.1354761339986,249.10063329284844,2170788,Metals & Mining,-0.018160301901512077,0.051037363723476004,-0.006666648402518849,0.025841950013921755,233.40521850585938,221.26980590820312,218.66046040852865,214.94640350341797,207.49207092285155,201.40961151123048,0
2023-01-04,236.3653259277344,244.38020387544665,234.39848324060804,241.9216505165388,1072165,Metals & Mining,-0.03357456684745419,-0.028819608691519782,-0.018949889267653286,-0.015692718086606106,237.55526123046874,224.46592559814454,219.91924031575522,216.77556762695312,210.1138720703125,203.55838724772136,0
2023-01-05,233.71006774902344,237.8896083063272,230.16976004515124,237.8896083063272,814322,Metals & Mining,-0.011233704301970127,-0.01666672743676545,-0.026559416295550364,-0.018040744705314804,239.78762512207035,227.20475158691406,221.14195963541667,218.61702346801758,212.5232537841797,205.6661860148112,0
2023-01-06,235.33273315429688,239.26641857265264,226.53111503188967,233.95593425438096,1232283,Metals & Mining,0.006943070193347278,-0.016535712005044334,0.005787601552365906,-0.015808527638677572,239.8171295166016,230.32711334228514,222.70559997558593,220.77563400268554,214.9759063720703,207.72317606608073,1
2023-01-09,235.9227752685547,240.29901226968929,234.34931011600844,238.2829955061024,617982,Metals & Mining,0.00250726750311836,0.0184951976769121,0.004315664952886378,0.03451267647280232,237.1815582275391,232.4611373901367,224.22662455240885,222.0467056274414,217.3715203857422,209.85556030273438,1
2023-01-10,231.4973907470703,237.4962672683928,226.6294578352796,236.56201994282804,597946,Metals & Mining,-0.01875776730943801,-0.007222401915919718,-0.01166357270811802,-0.03294164713737513,234.56565856933594,233.98543853759764,225.7017567952474,222.63675994873046,218.87025451660156,212.00433553059895,0
2023-01-11,231.20236206054688,234.89019206998253,227.2686767171488,230.61230325670968,542620,Metals & Mining,-0.001274436336285878,-0.025150768866262996,-0.010973120665787817,0.0028205463136825593,233.53306579589844,235.5441635131836,227.4883056640625,223.32269668579102,220.1270672607422,214.01707102457684,0
2023-01-12,230.8581695556641,233.4642302171169,227.1703393710688,231.2023730418874,537414,Metals & Mining,-0.0014887066975234342,0.0025587090404317614,-0.006070759448486451,-0.0004326920343817875,232.96268615722656,236.37515563964843,229.12406311035156,224.09714126586914,221.48615600585939,215.92982584635416,0
2023-01-13,232.57916259765625,238.7255463872349,231.0056823451962,231.8415965429068,1040077,Metals & Mining,0.007454763438974554,0.0027647791526066445,0.02253585555793758,0.016883115043740737,232.41197204589844,236.11455078125,231.02206624348958,225.13219299316407,223.10290161132812,217.88191731770834,1
2023-01-16,239.6106109619141,241.67580184265304,233.0708648492728,234.9393594512219,1177709,Metals & Mining,0.03023249497385838,0.01336154924097821,0.012358356699004203,0.008939964087076202,233.1495391845703,235.1655487060547,232.69060465494795,226.4573532104492,224.2672723388672,220.00119018554688,1
2023-01-17,240.0039978027344,241.82331840540067,236.3161675199813,240.59404164448296,606852,Metals & Mining,0.0016417755425817138,0.024068688220098222,0.0006103902898961788,0.01392410275221323,234.85086059570312,234.70825958251953,234.27391255696617,227.98903274536133,225.079580078125,221.5336888631185,1
2023-01-18,239.36474609375,244.57688215205923,237.0045409003889,240.10231209240263,875398,Metals & Mining,-0.0026635044200797875,-0.002043814338540173,0.011386675878967134,0.002912933920822036,236.48333740234375,235.0082015991211,235.85722147623702,229.7370635986328,225.95482482910157,222.85311228434244,0
2023-01-19,241.67579650878903,242.70839192636885,237.9879664501605,239.4139244049998,497539,Metals & Mining,0.009654932285366291,-0.0028670598021476312,-0.007639684541111635,0.0041493953914788495,238.64686279296876,235.80477447509764,237.1323913574219,231.50476303100587,227.00708557128905,224.34627380371094,1
2023-01-20,251.21499633789065,258.738179132511,241.4791303752288,242.6100589950966,2703329,Metals & Mining,0.03947105985333832,0.013349827492448396,0.0660454592398485,0.014669497694117295,242.37402954101563,237.39300079345702,238.2010437011719,233.86005706787108,228.58056030273437,226.31475626627605,1
2023-01-23,253.4277191162109,255.4928801473882,242.90509761953427,255.4928801473882,1852476,Metals & Mining,0.008808083954287893,0.05310093573882679,-0.0125427913112921,0.005905136572629255,245.137451171875,239.14349517822265,238.4895161946615,235.80231628417968,230.1933728027344,227.74563547770182,1
2023-01-24,252.69012451171875,254.4111118512298,246.93710368874008,251.0182962343959,1087314,Metals & Mining,-0.002910473278394332,-0.01751353662149413,-0.004234044782517432,0.01659910026063427,247.67467651367187,241.2627685546875,239.03039855957033,237.62410354614258,231.92616149902344,228.84542948404948,0
2023-01-25,253.57522583007807,258.59068120654445,249.00230710310697,249.00230710310697,950307,Metals & Mining,0.0035027143228079094,-0.00803124378394493,0.01642840725352701,0.00836327705928741,250.5167724609375,243.50005493164062,240.17772521972657,239.5221092224121,233.89300537109375,230.0484827677409,1
2023-01-27,252.78846740722656,257.6564155063734,226.3836109284816,252.247597623606,1893727,Metals & Mining,-0.003102662810517298,0.013033174504504474,-0.003612913256625938,-0.09083729559686138,252.739306640625,245.69308471679688,241.44961853027343,241.03412017822265,235.7516717529297,231.29578908284506,0
2023-01-30,249.83819580078125,253.2309964412576,245.8553363507356,250.7232690093164,855075,Metals & Mining,-0.01167091061038239,-0.006042985656355526,-0.017175660293257122,0.08601208074380184,252.4639465332031,247.4189880371094,242.4166493733724,241.7667694091797,237.5808349609375,232.56112467447917,0
2023-01-31,250.42823791503903,253.2309947328565,247.03543729745195,247.5763220349383,506175,Metals & Mining,0.0023616969869901805,-0.012551475524440248,-6.74641387199415e-09,0.004799981014171895,251.86405029296876,248.50075073242186,243.38368021647136,241.8331497192383,239.0146630859375,233.8051523844401,1
2023-02-01,257.70556640625,268.08068020501025,250.7232834550865,252.7393003304819,1463267,Metals & Mining,0.029059536383752027,0.020854087552100387,0.05864086853909534,0.014928409454041391,252.867138671875,250.27090759277343,245.13089192708333,242.48958358764648,240.67271057128906,235.41632436116535,1
2023-02-02,261.098388671875,262.57352081126413,254.31278683301304,256.6729922537076,714011,Metals & Mining,0.013165498568534995,0.015564227320729263,-0.020542917861647525,0.014316593690308688,254.37177124023438,252.44427185058595,247.12396036783855,243.72623672485352,242.49204162597655,237.3061330159505,1
2023-02-03,261.7867736816406,262.9668612870261,256.6729706900572,261.5900774082575,625824,Metals & Mining,0.0026364965837868404,0.019157002501025255,0.0014980203432040096,0.009280633846358244,256.1714324951172,254.4553695678711,249.1858673095703,245.13007202148438,244.06158264160158,239.15496520996095,1
2023-02-06,258.83648681640625,264.4911590434867,254.0176986483688,261.83590964524706,531456,Metals & Mining,-0.011269808721590446,0.0009397613220851753,0.005796539339596896,-0.010344961662888674,257.97109069824216,255.21751861572267,250.9363555908203,246.30525970458984,245.00763366699218,240.97921091715494,0
2023-02-07,254.2144317626953,260.508322716968,252.7392996634921,258.8856834101723,288889,Metals & Mining,-0.01785704600831406,-0.011267462278462537,-0.015058485663272503,-0.005032716191348374,258.72832946777345,255.2961898803711,251.9099436442057,247.21984252929687,245.21218566894532,242.30027414957684,0
2023-02-08,258.3939514160156,259.62322806404615,252.2967272371295,252.2967272371295,294047,Metals & Mining,0.016440922037116446,-0.02545121880147938,-0.0033975676619110162,-0.0017511025271964575,258.8660064697266,255.86657257080077,253.13594055175778,248.56467056274414,245.7648681640625,243.70492655436198,1
2023-02-09,258.2464599609375,261.34423130045906,254.16526724305112,257.6072420673281,451377,Metals & Mining,-0.0005708007260613046,0.02104868695029638,0.006628849233737855,0.007406120667452942,258.2956207275391,256.33369598388674,254.39472147623695,249.91687545776367,246.64011352539063,245.12597147623697,0
2023-02-10,253.0834808349609,259.8199228295305,251.16579727047088,255.93539663956827,500481,Metals & Mining,-0.019992448790033923,-0.006489900727724485,-0.005832569800157894,-0.011801258311632035,256.5549621582031,256.36319732666016,255.15523376464841,251.02814102172852,247.41505004882814,246.14381256103516,0
2023-02-13,252.98513793945312,257.1646786051195,249.10062667487983,253.67354487727664,454835,Metals & Mining,-0.000388578879914836,-0.008837588672726548,-0.010219555896616717,-0.008222340055987543,255.3846923828125,256.67789154052736,255.27324320475256,252.04843978881837,248.12114624023437,246.73714345296224,0
2023-02-14,252.78846740722656,256.3287905691842,251.16582804472444,254.3619477027233,475479,Metals & Mining,-0.0007773995493507435,0.0027137351897681405,-0.003250399862334108,0.00829063096874516,255.09949951171876,256.9139144897461,255.23062642415363,252.70733261108398,248.79577392578125,246.86007130940754,0
2023-02-15,251.75588989257807,254.9028505208917,243.2984594641712,254.7061542272568,584164,Metals & Mining,-0.004084749297463275,0.0013532154775595107,-0.005562933625700706,-0.03132340351312568,253.77188720703126,256.3189468383789,255.1683441162109,253.29492721557617,249.60611389160155,247.09937133789063,0
2023-02-16,253.0343170166016,255.93542218337447,249.8873865087466,253.0343170166016,1092209,Metals & Mining,0.0050780425616616665,-0.006563788047160957,0.004050843921018288,0.027081663645082354,252.72945861816407,255.51253967285157,255.13228352864584,253.97840576171876,250.47939208984374,247.6550043741862,1
2023-02-17,259.62322998046875,261.34421730041504,252.6409325657878,253.03429509373385,783482,Metals & Mining,0.0260396022229461,-8.663989925494775e-08,0.021133436985386167,0.01101914784700364,254.03740844726562,255.2961853027344,255.587934366862,254.87577743530272,251.62999450683594,248.5187764485677,1
2023-02-20,263.2619323730469,264.540368244666,258.0989697957811,261.0492341256473,679335,Metals & Mining,0.014015319017685268,0.03167530721060707,0.012229660090687933,0.02160393082214429,256.0927673339844,255.73872985839844,256.48285013834635,255.47812423706054,252.85730529785155,249.4497497558594,1
2023-02-21,268.6215209960937,269.8507976160756,260.7049915680655,264.5403286200815,856189,Metals & Mining,0.02035838822094571,0.013373318278933954,0.020074173959333752,0.010096986339567238,259.25937805175784,257.17943878173827,257.69573567708335,256.23781433105466,254.01774169921876,250.53970794677736,1
2023-02-22,259.8199768066406,270.73593163647087,258.3448445310805,267.7365080141559,666360,Metals & Mining,-0.032765595834672756,0.0120820118835816,0.003280086730203191,-0.009052941498317257,260.8721954345703,257.3220413208008,257.8366963704427,256.5943069458008,254.810380859375,251.48379414876302,0
2023-02-23,266.45806884765625,269.0641298341963,258.44315957068966,258.44315957068966,835600,Metals & Mining,0.025548813153638772,-0.034710800228166416,-0.006175027423103052,0.00038055738943643114,263.55694580078125,258.14320220947263,258.1940083821615,257.2384490966797,255.89411376953126,252.658984375,1
2023-02-24,261.7867736816406,270.1458551025812,259.6232347209774,268.6707230871211,610915,Metals & Mining,-0.01753107040900448,0.039573744313530446,0.004020325076595999,0.004566091639832903,263.9896545410156,259.01353149414064,258.1940083821615,257.68836441040037,256.6985528564453,253.6899378458659,0
2023-02-27,253.0834808349609,261.5900691878008,238.67634959988607,261.0983585314328,1191736,Metals & Mining,-0.033245731723879235,-0.028184554195854195,-0.031670987184058697,-0.08068185863104038,261.9539642333984,259.0233657836914,257.8104746500651,257.8506286621094,256.77329223632813,254.3734151204427,0
2023-02-28,262.573486328125,264.9336914388596,253.0834768133496,255.68953724836143,776992,Metals & Mining,0.037497530308399085,-0.020715646446395453,0.012781915848106618,0.06036260918861647,260.7443572998047,260.0018676757812,258.3677449544271,258.4578910827637,257.13912292480467,255.13884429931642,1
2023-03-01,266.6546936035156,268.2281737691084,263.5569223469149,264.4911846360088,731815,Metals & Mining,0.015543105027331361,0.03442318165368663,0.012435120321452553,0.0413833635662022,262.1113006591797,261.491748046875,258.9184611002604,258.905347442627,257.69770568847656,256.0272008260091,1
2023-03-02,274.325439453125,275.9480789259353,266.6547337454833,268.3757213706306,953749,Metals & Mining,0.0287665885267141,0.014686828749954861,0.028781112171580414,0.011753860877502742,263.6847747802734,263.62086029052733,259.9903930664062,259.56669998168945,258.52771423339846,257.1925572713216,1
2023-03-03,274.9154357910156,279.8817317853649,270.8834321274158,275.40714648283404,784487,Metals & Mining,0.0021507168240277874,0.026199929994759064,0.014255047089801964,0.015858328567940116,266.3105072021484,265.150080871582,261.44585673014325,260.2231330871582,259.41279296875,258.30054524739586,1
2023-03-06,294.3871765136719,298.9600796240145,275.0137646123294,277.5706660324937,2871348,Metals & Mining,0.07082810998454891,0.007855713176980084,0.06816574885737947,0.015247637895295041,274.5712463378906,268.26260528564455,264.20599263509115,262.0006675720215,261.19475219726564,259.7396179199219,1
2023-03-08,305.25396728515625,323.5456095733959,292.07612779118114,296.8457271261253,7282460,Metals & Mining,0.03691326130497985,0.06944199604786472,0.08223683235668533,0.06204185162478515,283.1073425292969,271.9258499145508,267.7036926269531,264.55264434814455,263.3877813720703,261.46715952555337,1
2023-03-09,303.77886962890625,321.5788032742428,296.9932678557227,312.7280105235756,3426316,Metals & Mining,-0.004832361948868713,0.053503493384299716,-0.006078915123423845,0.016835131654638458,290.532177734375,276.32173919677734,271.17189127604166,266.82189025878904,265.23071350097655,263.1701176961263,0
2023-03-10,307.1716613769531,314.4981323488115,300.9760889314877,303.434642280092,2023768,Metals & Mining,0.011168623256092358,-0.02971709578532622,-0.02201846282571318,0.013410475949575451,297.10142211914064,280.39309844970705,274.7810475667318,269.26815032958984,267.0736444091797,264.95666554768883,1
2023-03-13,303.8280639648437,311.69543543492466,301.91038016435533,311.69543543492466,2025901,Metals & Mining,-0.010885110290191347,0.02722429150725425,-0.008911648832236496,0.003104204178426606,302.8839477539062,284.5972274780273,277.72803649902346,271.805379486084,268.7552960205078,266.6579854329427,0
2023-03-14,305.45068359375,311.7445743608528,301.27114277030006,302.89378202884114,2262632,Metals & Mining,0.0053405850918830655,-0.028237992621874985,0.0001576504508626897,-0.0021173084334075165,305.0966491699219,289.8339477539063,280.540619913737,274.4286567687988,270.61986389160154,268.51173502604166,1
2023-03-15,312.53131103515625,320.1036678711732,308.2534519254523,308.6959735514701,1953256,Metals & Mining,0.02318091862849947,0.019155862110356914,0.02681391818112111,0.02317616314309867,306.5521179199219,294.82973022460936,283.4679392496745,277.4157989501953,272.9525390625,270.5818374633789,1
2023-03-16,311.8920593261719,317.64507993411706,306.33573498290235,311.7445521334833,1434739,Metals & Mining,-0.002045400529204766,0.009875666815281292,-0.007680599080312822,-0.006221234281631682,308.174755859375,299.353466796875,286.9394114176432,280.422607421875,275.09246337890625,272.38805389404297,0
2023-03-17,288.2408447265625,315.6782982957323,280.66848724876814,314.69487680571444,12240681,Metals & Mining,-0.07583140991375903,0.009463917338859762,-0.006191758546339465,-0.0837879646511589,304.3885925292969,300.74500732421876,288.391596476237,282.18293380737305,276.29223876953125,273.29280242919924,0
2023-03-20,282.1435852050781,292.4695095957291,275.8988534998329,292.4695095957291,1115979,Metals & Mining,-0.0211533501689134,-0.07062513198683806,-0.07352038079684797,-0.016993834240848438,300.05169677734375,301.467822265625,289.74871724446615,283.3089515686035,277.45464294433594,273.9713628133138,0
2023-03-21,286.2247619628906,288.0932864722459,282.04522137068284,283.569542417176,499640,Metals & Mining,0.014464892954578756,-0.030430410304497113,-0.014963006330240503,0.022277612947215975,296.2065124511719,300.6515808105469,291.9581359863281,284.4570930480957,278.78422790527344,274.8843053181966,1
2023-03-22,289.7159423828125,294.8297155135704,285.5364015490818,286.1756194389717,355143,Metals & Mining,0.012197338888431108,0.00919025717494626,0.023382804659606293,0.01237808661119133,291.6434387207031,299.0977783203125,293.76763305664065,285.51181411743164,280.2613269042969,276.06768900553385,1
2023-03-23,289.5683898925781,292.5186535491031,287.20815495805107,290.1092595582875,330286,Metals & Mining,-0.0005093005549532403,0.013745545923959046,-0.007838633091788783,0.005854782086976318,287.1787048339844,297.6767303466797,295.2952128092448,286.99923477172854,281.77382690429687,277.1068369547526,0
2023-03-24,286.6181945800781,290.7977357567655,285.9789466260955,289.12590728143414,189096,Metals & Mining,-0.010188250566971258,-0.003389592867013458,-0.005883104449777132,-0.004279851775570664,286.8541748046875,295.6213836669922,296.11472981770834,288.0072410583496,283.11718200683595,278.0525614420573,0
2023-03-27,286.8148803710937,288.1425054257252,277.86573853472385,286.2740105396276,697314,Metals & Mining,0.0006862292580682716,-0.009863857475181148,-0.009130849399946128,-0.028369948861932448,287.78843383789064,293.92006530761716,296.90802612304685,289.25864639282224,284.20484802246096,279.1769414265951,1
2023-03-28,275.308837890625,286.3723288397843,266.0154934886752,280.3734521894677,709259,Metals & Mining,-0.040116616214548095,-0.02061157538903846,-0.006143406656805017,-0.042647377501590644,285.6052490234375,290.9058807373047,295.6361368815104,290.36991424560546,284.68672424316406,279.92106475830076,0
2023-03-29,274.6204528808594,285.88064101975385,270.4409115209895,279.2917049889492,1559148,Metals & Mining,-0.002500410139536169,-0.0038582369053523635,-0.0017169529682651286,0.016635940915609604,282.5861511230469,287.114794921875,293.5939025878906,290.9722625732422,284.9266815185547,280.6487976074219,0
2023-03-31,284.9955139160156,285.2413692696394,273.88286393687724,277.4723460974563,2669791,Metals & Mining,0.037779637045669556,-0.006514188781814756,-0.0022361491419430335,0.0127271883404394,281.67157592773435,284.4251403808594,292.3416788736979,291.88930358886716,285.9337030029297,281.7567850748698,1
2023-04-03,284.45465087890625,291.2894418761585,283.2253740816768,290.10932414616195,1693784,Metals & Mining,-0.0018977949150061901,0.045543198183314315,0.021203350068067506,0.03411133508138264,281.2388671875,284.04652099609376,290.82721150716145,292.39576416015626,286.6535662841797,282.8041295369466,0
2023-04-05,283.4220275878906,288.1424377719924,281.5535031288658,285.58553641742225,1420450,Metals & Mining,-0.0036301859991567653,-0.015593389637006405,-0.010803701239209595,-0.005902970234329508,280.5602966308594,284.174365234375,289.46680908203126,292.82109375,287.5189764404297,283.59742279052733,0
2023-04-06,283.569580078125,284.2087980159712,279.7342424394072,283.42207286348986,234466,Metals & Mining,0.0005206105237838266,-0.0075755361460959625,-0.013651719567715603,-0.00646150969262127,282.2124450683594,283.9088470458984,288.00806884765626,292.2802139282227,288.73842041015627,284.2743443806966,1
2023-04-10,279.0950012207031,283.7662532038619,276.14473681028704,283.22538339994225,329810,Metals & Mining,-0.015779474145954264,-0.0006939807530176312,-0.0015571115855619322,-0.012831842100623936,283.10735473632815,282.8467529296875,285.7789815266927,290.972265625,289.3992810058594,284.6234603881836,0
2023-04-11,272.40771484375,275.21047170277325,270.5392202749472,274.37455755020306,788894,Metals & Mining,-0.02396060964081881,-0.03125011516796483,-0.03015080688591265,-0.020299197442936845,280.589794921875,281.1306854248047,283.1466918945313,289.40370788574216,289.62940185546876,285.04305165608724,0
2023-04-12,260.90167236328125,275.7513407627285,255.9354065463832,272.40771417232713,1101928,Metals & Mining,-0.04223831357738339,-0.007168461228465262,0.0019652924418493978,-0.053980394094882866,275.87919921875,278.559033203125,281.32408040364584,287.09020843505857,289.092451171875,284.8578384399414,0
2023-04-13,261.4917297363281,265.52376325474626,250.77244307392704,262.2292957453691,1401885,Metals & Mining,0.0022616082438340346,-0.03736464827320973,-0.03708985595389214,-0.020172916057710433,271.4931396484375,276.02671813964844,279.9472900390625,284.9733917236328,288.5555029296875,284.8480036417643,1
2023-04-17,257.4597473144531,264.5403944111564,252.8868431531689,262.57355133003256,1073265,Metals & Mining,-0.015419158479469286,0.0013128036807823484,-0.0037035059745157417,0.008431548751226092,266.27117309570315,274.24180908203124,278.0296223958333,282.57384490966797,287.0784057617187,284.99387919108074,0
2023-04-18,256.1812744140625,262.3768172224916,254.3127797584759,260.3116562941081,538692,Metals & Mining,-0.004965719549274383,-0.008614329297323087,-0.008178626910573472,0.005638635001834924,261.688427734375,272.39789123535155,275.7939778645833,279.75634307861327,285.115498046875,284.780805460612,0
2023-04-19,255.73876953125,258.3448607240697,252.98520111560208,256.6238729613785,578593,Metals & Mining,-0.0017273115836612396,-0.01416680061596265,-0.015367045538184354,-0.005220259257653681,258.354638671875,269.472216796875,273.5386698404948,276.9486785888672,283.19389404296874,284.4169413248698,0
2023-04-20,260.754150390625,263.1143554965123,254.7061154281525,256.9188133421036,611694,Metals & Mining,0.019611343514977397,0.001149309989447067,0.018461736606933288,0.00680243075469078,258.32513427734375,267.1021667480469,271.8144002278646,275.5743438720703,281.33719360351563,283.9645650227865,1
2023-04-21,263.6552734375,265.03205734345,259.967443326042,262.4751557971781,665410,Metals & Mining,0.011125894036696726,0.021626841502166982,0.007288472889739772,0.020656464761536597,258.7578430175781,265.1254913330078,270.2704264322917,274.6499282836914,279.7302819824219,283.5892262776693,1
2023-04-24,266.45806884765625,267.244794047186,260.6066988868603,264.93374750755885,721914,Metals & Mining,0.010630530440805641,0.009366950189680256,0.008348939844920578,0.002458983142810567,260.55750732421876,263.4143402099609,269.6803751627604,273.6615936279297,278.17057739257814,282.6582560221354,1
2023-04-25,265.720458984375,270.24417315458635,264.3436450943409,268.1790123428106,731217,Metals & Mining,-0.002768202390984742,0.012249344848598964,0.01122333970281475,0.014339409629308797,262.46534423828126,262.07688598632814,269.0870422363281,272.4618194580078,276.2981433105469,281.34047241210936,0
2023-04-26,268.5829467773437,269.6687346278699,264.5359357652661,264.5359357652661,395106,Metals & Mining,0.010772553246029881,-0.01358449546710827,-0.0021293281553466104,0.0007274268721557675,265.0341796875,261.69440917968745,267.99287109375,271.4125473022461,274.56577880859373,280.167274983724,1
2023-04-27,276.6276550292969,286.1529188388651,268.68171659510097,269.91555983787214,662844,Metals & Mining,0.029952416370732093,0.020336080453657424,0.061127532020879505,0.015671900370895386,268.20888061523436,263.2670074462891,267.4710713704427,270.913020324707,274.10125122070315,279.1491414388021,1
2023-04-28,279.25274658203125,285.09733521659325,271.0307017506469,283.3142506267254,973098,Metals & Mining,0.009489620813422972,0.049640305275106655,-0.0036888794514315926,0.008742631189474714,271.3283752441406,265.04310913085936,267.1931193033854,270.53491363525393,273.98561767578127,278.32996419270836,1
2023-05-02,282.3236389160156,283.5619004902087,278.36120187859785,279.05464045254416,722211,Metals & Mining,0.010996820520374984,-0.01503493087537422,-0.005385650922405394,0.027046751827750848,274.5014892578125,267.5294982910156,267.1100565592448,270.8856536865234,273.82957275390623,277.55906270345054,1
2023-05-03,286.7813720703125,288.762590530211,272.51660520524194,282.3236305355408,680773,Metals & Mining,0.015789443531587954,0.011714516116611895,0.01834058112536141,-0.020996448621115382,278.713671875,270.5895080566406,267.6224812825521,271.4936996459961,273.7121899414062,276.7007314046224,1
2023-05-04,289.5055236816406,292.18018047528784,285.39450176110233,287.1775861362057,553953,Metals & Mining,0.009499053553102543,0.01719287751952403,0.011835293272586478,0.04725545640113049,282.8981872558594,273.9661834716797,268.7623352050781,271.71920013427734,273.70967529296877,275.9545135498047,1
2023-05-05,288.267333984375,291.43729614120787,286.38518217981783,290.5457235007864,360999,Metals & Mining,-0.004276912169134395,0.011728413104576951,-0.0025425555315611303,0.0034712666593161856,285.226123046875,276.7175018310547,270.5867126464844,271.90983428955076,273.7756408691406,275.9553965250651,0
2023-05-08,286.3851318359375,290.74380636211794,281.1348848260659,289.257892530625,545797,Metals & Mining,-0.006529363290741497,-0.00443245543126336,-0.002379550552630394,-0.01833299234893837,286.65260009765626,278.99048767089846,272.24627278645835,272.0579895019531,273.7584509277344,276.09678141276044,0
2023-05-09,288.9607238769531,290.6942900258149,285.24593927224936,286.33558523816686,705875,Metals & Mining,0.008993455856119992,-0.010102774610199261,-0.00017030916985849576,0.014623067673465329,287.9800170898437,281.2407531738281,274.346337890625,272.32754669189455,274.3045263671875,276.18798014322914,1
2023-05-10,289.65411376953125,292.0315697190843,287.3757247826664,289.4560100751475,352406,Metals & Mining,0.002399599098711347,0.010897789160174254,0.004600295702920976,0.007466488448006681,288.5545654296875,283.6341186523438,276.57786051432294,272.8555023193359,274.9058728027344,276.1859191894531,1
2023-05-11,293.3194274902344,299.16401646774244,289.0597892496117,291.43727581693486,642258,Metals & Mining,0.012654105522628578,0.006844790478777618,0.024423546931994666,0.005860148654584174,289.3173461914063,286.10776672363284,279.08323771158854,273.90108795166014,275.23882934570315,276.3109537760417,1
2023-05-12,275.33984375,295.10247947565665,271.4269252534018,295.10247947565665,1884409,Metals & Mining,-0.06129694133823771,0.012576303592077398,-0.013576288485629862,-0.06100075019768103,286.7318481445312,285.97898559570314,280.0556172688802,274.6229965209961,274.8742370605469,275.9350087483724,0
2023-05-15,277.71728515625,279.74802184992615,267.8607118826687,274.3492200450589,642234,Metals & Mining,0.00863457091378561,-0.07032560169427404,-0.05203093397592784,-0.01313876052423224,284.99827880859374,285.825439453125,280.9930847167969,275.4342742919922,274.64604736328124,275.6317555745443,1
2023-05-16,277.4696655273437,280.04525570296454,277.17246460458205,279.35181711418335,515062,Metals & Mining,-0.0008916248362682566,0.01823441330834763,0.0010625056473065886,0.03476341362817026,282.7000671386719,285.3400421142578,281.72719116210936,276.43477020263674,274.40205078125,275.7037831624349,0
2023-05-17,277.766845703125,279.0546559504042,273.8044084456453,277.122955694984,465862,Metals & Mining,0.0010710366310366926,-0.007978689532877836,-0.0035372845366501426,-0.012151481799397512,280.32261352539064,284.43858947753904,282.53028361002606,277.51404876708983,274.3489245605469,275.8086629231771,1
2023-05-18,293.2698669433594,301.1452228571876,277.4696669748119,277.4696669748119,4667213,Metals & Mining,0.05581307301449456,0.0012511099232410672,0.07916215134109605,0.013386411672382525,280.3127014160156,284.8150238037109,284.1760782877604,279.39060363769534,275.18341064453125,276.0844746907552,1
2023-05-19,282.3236389160156,295.2015592876233,276.4295017304585,293.269859139484,1837843,Metals & Mining,-0.03732476214291003,0.05694385385234346,-0.019736868189946244,-0.0037487529923326823,281.70946044921874,284.220654296875,284.555810546875,280.46907806396484,276.0402893066406,276.01344095865886,0
2023-05-22,282.6208190917969,285.4936102251891,279.2527535430916,283.6114283844159,316363,Metals & Mining,0.001052622362485378,-0.032933594960655066,-0.03288583260149869,0.010213279678758624,282.69016723632814,283.84422302246094,284.7803487141927,281.4173553466797,276.88545288085936,275.9867340087891,1
2023-05-23,293.0221862792969,298.8172560863962,282.71985675056106,282.71985675056106,1828720,Metals & Mining,0.03680325894222802,-0.0031436378954601274,0.04666880582965671,0.012415645552209087,285.80067138671876,284.2503692626953,285.49358520507815,282.74556121826174,278.3079504394531,276.30182088216145,1
2023-05-24,289.1588439941406,295.5482859692393,287.87106401715766,293.02221415608574,874839,Metals & Mining,-0.01318447020756941,0.03644016208813472,-0.010939696589047476,0.01822018207635634,288.0790710449219,284.2008422851562,285.65208333333334,283.91748046875,279.62705322265623,276.6372823079427,0
2023-05-25,285.9393310546875,290.94192550493904,282.71985125015647,289.10929249308435,283109,Metals & Mining,-0.011134063530556793,-0.013353669018817294,-0.015585813496410195,-0.017894166558866664,286.6129638671875,283.46283264160155,285.4143371582031,284.78529968261716,280.83507568359374,277.0883361816406,0
2023-05-26,287.4748229980469,291.38771148618025,283.8095565970651,287.07855510421416,400528,Metals & Mining,0.005369992080822561,-0.007024116628554178,0.0015322163709048375,0.0038543644604016603,287.64320068359376,284.67633056640625,285.3615030924479,285.32765808105466,281.9039025878906,277.97410786946614,1
2023-05-29,288.3168029785156,291.4372462235186,283.46282381994735,291.4372462235186,280108,Metals & Mining,0.002928882507649888,0.015182921335667787,0.00016999597232758568,-0.0012217093084361252,288.7823974609375,285.7362823486328,285.4902811686198,285.7808609008789,282.89036376953123,278.86827697753904,1
2023-05-30,280.1443176269531,289.70372222827183,278.4602998372536,289.70372222827183,505915,Metals & Mining,-0.02834550489993981,-0.00594818959384924,-0.00594818959384924,-0.017647901461220528,286.2068237304687,286.0037475585938,284.90252075195315,285.6718948364258,283.4378137207031,279.6244293212891,0
2023-05-31,290.89239501953125,298.17337892315606,273.5072150850142,279.40132187861934,1129216,Metals & Mining,0.03836621596905099,-0.03556185012194879,0.02923558119909342,-0.01778740005355972,286.55353393554685,287.31630249023436,284.9850728352865,285.87744598388673,284.4446911621094,280.7814666748047,1
2023-06-01,289.7532043457031,296.2416828121576,287.27668123163727,293.170818335512,340805,Metals & Mining,-0.003916192699886967,0.04928214499598749,-0.006478432507874277,0.05034406914034473,287.31630859375,286.9646362304687,284.74732462565106,285.8898300170898,285.29150146484375,281.9152811686198,0
2023-06-02,287.8710327148437,292.4773593390141,286.3851189502086,292.08112171464325,379054,Metals & Mining,-0.0064957750341695375,-0.0037169341309465365,-0.012706933870377801,-0.003103496871400324,287.39555053710933,287.5193756103516,285.5827372233073,285.8700149536133,285.74123657226556,282.8191772460938,0
2023-06-05,281.5806884765625,292.77456127346977,280.9367984893061,288.2673011316788,429328,Metals & Mining,-0.021851258110128113,-0.013057401863481255,0.0010161536439174945,-0.019024453787522932,286.04832763671874,287.4153625488281,285.8402974446615,285.62979278564455,285.83435424804685,283.41669108072915,0
2023-06-06,297.72760009765625,299.16399561269816,281.48161432912605,283.2151805288685,1387276,Metals & Mining,0.05734381753398465,-0.017525819206606896,0.021823734655895377,0.0019392825815258696,289.5649841308594,287.8859039306641,287.1908264160156,286.06813659667966,286.45051269531245,284.4590087890625,1
2023-06-07,305.9991760253906,306.8907182597501,294.6567188168852,299.064911621049,1030407,Metals & Mining,0.027782361880528628,0.055963564744598626,0.025827715769163095,0.04680627016851613,292.5863403320312,289.56993713378904,289.07298177083334,286.88538970947263,287.2192248535156,285.8016326904297,1
2023-06-08,312.3886413574219,314.5184452554724,303.1264385769277,307.08887568250844,855037,Metals & Mining,0.020880661886164997,0.02683017548921529,0.02485486377358037,0.028744363251075322,297.113427734375,292.2148681640625,290.3475667317708,287.838850402832,288.1345495605468,287.26182250976564,1
2023-06-09,311.893310546875,313.775461967887,307.3365022116399,312.6362674418266,405290,Metals & Mining,-0.0015856236270131996,0.01806445038749449,-0.0023622884406092615,0.01388880380898816,301.9178833007812,294.65671691894534,292.3188781738281,289.6665237426758,289.07958862304685,288.4373443603516,0
2023-06-12,315.3604736328125,316.697802221,308.67386092287177,312.48771273696315,383117,Metals & Mining,0.011116503524420507,-0.0004751678558568839,0.009313476059552794,0.004351447685543297,308.67384033203126,297.361083984375,294.50152180989585,291.5486831665039,290.23860229492186,289.64093526204425,1
2023-06-13,323.8301696777344,328.88228308457013,309.5654019997836,316.3015330549004,952669,Metals & Mining,0.02685718963874817,0.012204704897141205,0.03847352516537983,0.0028882947012303095,313.89435424804685,301.72966918945315,296.5553873697917,293.86670837402346,291.6333801269531,291.0244862874349,1
2023-06-14,328.6346130371094,332.2503306912434,318.2827344601967,322.14613465356734,634982,Metals & Mining,0.014836305598568078,0.018477942684054227,0.010240890981066286,0.028159905480713787,318.42144165039065,305.50389099121094,299.1871053059896,296.4100967407227,293.1926000976562,292.4195943196615,1
2023-06-15,329.3775634765625,333.7362379696024,322.3442320147739,327.1982111145456,743618,Metals & Mining,0.0022607187739205337,0.015682561165637487,0.004472252217981643,0.012760659359878357,321.81922607421876,309.46632690429686,302.08298746744794,298.2154815673828,294.6349255371093,293.7486623128255,1
2023-06-16,322.69097900390625,335.2717291879384,321.3536504046593,331.85411501552903,1003596,Metals & Mining,-0.02030066772636152,0.014229612946610848,0.004600912468114338,-0.003073055174349304,323.978759765625,312.9483215332031,304.43073120117185,300.23384857177734,296.5289709472656,294.8961171468099,0
2023-06-19,324.1273803710937,329.77383533514995,320.9574184666783,326.05905039919304,345440,Metals & Mining,0.004451321730844171,-0.017462687229491847,-0.016398322238814655,-0.0012330089839714953,325.7321411132813,317.20299072265624,306.81810302734374,302.3091766357422,298.38537475585935,296.15419209798176,1
2023-06-20,330.8634948730469,332.15127482656163,322.9386207443511,324.870320905619,425729,Metals & Mining,0.020782306308837484,-0.0036457491123730312,0.007209302972734255,0.006172788549763775,327.13880615234376,320.51658020019534,310.1993815104167,304.2012420654297,300.5211279296875,297.5509511311849,1
2023-06-21,330.31866455078125,341.56205528697086,326.00950829257454,333.6371813338533,740828,Metals & Mining,-0.0016466921576666627,0.0269857228071666,0.028332814514480553,0.009509198810427888,327.4756164550781,322.9485290527344,312.8277994791667,306.25923309326174,302.6232006835937,298.90643615722655,0
2023-06-22,324.6226501464844,333.73623673812176,322.5918831277816,330.9625430430569,281205,Metals & Mining,-0.01724399804062904,-0.00801660738201726,-0.022911849919260097,-0.010483207016544482,326.5246337890625,324.17192993164065,315.1524291992188,308.1933990478516,303.87731201171874,299.9498769124349,0
2023-06-23,321.7003479003906,325.2169985794982,314.07264472613593,322.1956525160956,494860,Metals & Mining,-0.009002151404946868,-0.026489071682715304,-0.025526859899569487,-0.026408719026173144,326.3265075683594,325.1526336669922,317.4077168782552,309.90467529296876,305.45238037109374,301.49522705078124,0
2023-06-26,324.87030029296875,326.90103706720083,319.7686387115189,321.7003387502226,290015,Metals & Mining,0.009853742506861218,-0.0015373074155562438,0.005178199463921951,0.018135912442644564,326.4750915527344,326.10361633300784,320.29369099934894,311.7323501586914,307.1423596191406,303.06699422200523,1
2023-06-27,327.0992126464844,331.4083390443945,323.9787690742079,326.60390798180526,862558,Metals & Mining,0.006860929889576095,0.015242661075933528,0.013787970872258581,0.013166176582085631,325.72223510742185,326.43052062988284,322.2517985026042,314.080094909668,308.5054406738281,304.7213124593099,1
2023-06-28,329.7242736816406,335.81651413073405,322.1461194532077,327.34681768089604,548494,Metals & Mining,0.008025274698515661,0.0022746503668049645,0.013301340271190565,-0.005656696660207516,325.6033569335938,326.53948669433595,323.8334716796875,316.0216888427734,310.1280578613281,306.45322672526044,1
2023-06-30,327.2973022460937,331.65597706092984,322.9386274312576,329.8728924374503,360293,Metals & Mining,-0.007360608936818114,0.007716814766828506,-0.01238931647115038,0.002460088544276262,326.13828735351564,326.3314605712891,324.82738240559894,317.89889373779295,311.7823767089844,307.5874745686849,0
2023-07-03,336.9062194824219,338.59023710636944,329.47664994178183,330.66536292968675,466740,Metals & Mining,0.029358375918122404,0.0024023510582542595,0.020907990583765912,0.020245402547627966,329.17946166992186,327.75298461914065,326.4949096679687,320.35065307617185,313.7596325683594,309.4068939208984,1
2023-07-04,338.9369506835937,341.1658215082088,331.95316752553146,339.1350846270688,309709,Metals & Mining,0.006027585968260141,0.0256141787042361,0.007606788736292502,0.007516519256181686,331.9927917480469,329.23394165039065,328.0666748046875,323.2184661865234,315.7844384765625,311.2840983072917,1
2023-07-05,350.3289489746094,351.5672105150477,338.2930528477479,339.5313143881862,917525,Metals & Mining,0.033610965898051015,0.001168353789031018,0.030487781457289476,0.019098734226504543,336.63873901367185,331.18048706054685,329.83326009114586,325.8485336303711,318.5918237304688,313.19432373046874,1
2023-07-06,361.9685974121094,365.039491993395,346.71322170336026,350.3289392549251,767415,Metals & Mining,0.03322491181950138,0.03180155823387154,0.038320642754511525,0.024890161901734098,343.0876037597656,334.34548034667966,332.05552571614584,328.64700469970705,321.4348718261719,315.62131551106773,1
2023-07-07,359.7397155761719,366.82256512573247,358.154734851202,362.76109169617536,566600,Metals & Mining,-0.006157666305510623,0.035487083846657885,0.004884603368804141,0.032999933177139784,349.5760864257812,337.85718688964846,334.0796691894531,331.01455841064455,324.2343322753906,318.0813283284505,0
2023-07-10,352.01300048828125,363.504073751388,348.4468011678695,362.5134645085511,1020919,Metals & Mining,-0.02147862677746115,-0.0006826178255953108,-0.00904658461566299,-0.027105417683130018,352.5974426269531,340.8884521484375,336.0344706217448,333.02054290771486,326.8000109863281,320.23260091145835,0
2023-07-11,366.52545166015625,367.7637133211703,352.16161639239334,352.16161639239334,768748,Metals & Mining,0.04122703181912213,-0.028555761729268436,0.011718271891212995,0.010661068524874029,358.1151428222656,345.05396728515626,338.8610087076823,335.578791809082,330.1978015136719,322.839555867513,1
2023-07-12,366.1786804199219,371.0822079945518,357.5603986200483,370.4878364353553,794071,Metals & Mining,-0.0009461041209107846,0.05203923196031135,0.009023442371225654,0.015330410744251566,361.28508911132815,348.9619140625,341.21535441080727,337.6962173461914,332.9358447265625,325.707367960612,0
2023-07-13,357.3127746582031,370.4878658153896,352.1615943779973,369.4477381775575,550213,Metals & Mining,-0.024211966004005547,-0.0028073749135871795,-0.0016016455824552356,-0.015098999393911905,360.3539245605469,351.72076416015625,343.0149617513021,339.13012542724607,334.988388671875,327.9213806152344,0
2023-07-14,361.1761169433594,364.7918344428948,359.5911361921814,360.3836114522737,194287,Metals & Mining,0.010812214281596289,-0.02453425962220268,-0.015374407364081133,0.021096967792034516,360.6412048339844,355.1086456298828,345.4518595377604,340.7200531005859,336.9398876953125,330.30214436848956,1
2023-07-17,356.1735534667969,363.7517386209382,351.46815940086395,363.7517386209382,707327,Metals & Mining,-0.013850759343943642,0.009345949875721571,-0.0028512036831772614,-0.022589480033724074,361.4733154296875,357.03537902832034,347.7500732421875,342.3941818237305,338.7110974121094,332.5788950602213,0
2023-07-18,346.911376953125,357.5604265597864,340.32380115118445,355.92589708652554,1234318,Metals & Mining,-0.026004672226556336,-0.021514238156172483,-0.017020707817437364,-0.03170801664844092,357.5505004882813,357.83282165527345,349.2194783528646,343.533381652832,339.9731335449219,334.7565846761068,0
2023-07-19,363.8507690429688,365.53481687707705,346.9608932552744,348.29822180224323,744548,Metals & Mining,0.048829162763758704,-0.021430515022142438,0.022302217261610968,0.019502286004209113,357.0849182128906,359.18500366210935,351.6695821126302,345.1827453613281,341.57395751953123,336.9606903076172,1
2023-07-20,364.0984191894531,365.38622935815886,352.8054797408539,364.5442054461196,686270,Metals & Mining,0.0006806365893790023,0.0466438891356169,-0.0004064934776600859,0.016845087153033678,358.4420471191406,359.3979858398437,353.96119181315106,346.8717330932617,342.992509765625,338.8973317464193,1
2023-07-21,368.159912109375,371.08222141301707,361.82001912101,363.107799020008,375767,Metals & Mining,0.011154931485183317,-0.003940280505497995,0.015588962027561548,0.02555101861449982,359.83880615234375,360.24000549316406,356.68536580403645,349.04859619140626,344.5438037109375,340.7563741048177,1
2023-07-24,356.7679138183594,371.9737717871489,352.2606538424977,367.5160301811777,471882,Metals & Mining,-0.030943070976264364,0.012140282233174648,0.0024025682791726233,-0.02642022213623063,359.9576782226562,360.7154968261719,358.0094787597656,350.8019744873047,345.9068811035156,342.2521942138672,0
2023-07-25,368.65521240234375,371.9737593105676,359.0958395474853,359.0958395474853,544233,Metals & Mining,0.03331941613459266,-0.02291108398602759,-3.354156197232783e-08,0.01940377283249961,364.3064453125,360.9284729003906,359.9906962076823,352.99122009277346,347.6879943847656,344.0286855061849,1
2023-07-26,372.7662658691406,376.4315323555273,368.5561763625328,370.6364619296442,497606,Metals & Mining,0.011151486072873196,0.03213800080976115,0.01198410622626156,0.02634488003806723,366.08954467773435,361.5872314453125,361.48651733398435,355.2745727539062,349.3641052246094,345.6598887125651,1
2023-07-27,377.5211791992188,383.2667005738573,376.2333690766313,380.393939886538,514489,Metals & Mining,0.012755750091794527,0.026326276443751517,0.018157799309634903,0.020830454640235807,368.7740966796875,363.6080718994141,362.5233561197917,357.66441802978517,351.25220581054685,347.28944091796876,1
2023-07-28,390.1019287109375,390.94395265882,380.39396970157713,381.3350606252688,764134,Metals & Mining,0.03332461913369844,0.002474068695761833,0.020031096031739137,0.011058563558987267,373.1625,366.5006530761719,364.54750366210936,360.80464935302734,353.871376953125,349.31358642578124,1
2023-07-31,397.1847534179688,398.3239479018224,390.3000076874306,392.4793599242751,685370,Metals & Mining,0.01815634372902486,0.02922442872347797,0.01887737409112189,0.026041522145119345,381.24586791992186,370.6017730712891,367.5589538574219,363.8185760498047,356.8907531738281,351.7967122395833,1
2023-08-01,397.68011474609375,401.19676566134393,392.528934304463,399.1660286929876,419609,Metals & Mining,0.0012471811263199406,0.01703699468426212,0.007212264727376239,0.005710803415657217,387.05084838867185,375.67864685058595,369.63593139648435,366.7557342529297,359.80314575195314,354.24847005208335,1
2023-08-02,390.8944396972656,397.7296378887559,383.4153212696012,395.8970046194079,592945,Metals & Mining,-0.01706314899139616,-0.008189634985431127,-0.008641963418804521,-0.02321768470650598,390.6764831542969,378.3830139160156,371.2836486816406,368.7840087890625,362.3549548339844,356.24950154622394,0
2023-08-03,392.6279602050781,394.2624593294664,379.7500406792413,389.3094133579907,573310,Metals & Mining,0.004434753559439342,-0.01663965926630362,-0.008717425680656143,-0.009559556926997725,393.6978393554688,381.2359680175781,373.63799438476565,370.3169769287109,364.87110229492185,358.32647806803385,1
2023-08-04,389.4580383300781,397.8782173385949,383.5639311627143,397.2343273429664,513723,Metals & Mining,-0.008073601975122413,0.020356337948829184,0.009170941649574882,0.010043160170967402,393.5690612792969,383.36578063964845,375.52345581054686,371.8028930664062,367.35753173828124,360.48765767415364,0
2023-08-07,388.1701965332031,397.1351971342028,384.7525829168045,393.17276058463534,404054,Metals & Mining,-0.0033067536682437337,-0.010224611718474108,-0.0018674563522529386,0.0030989664499656566,391.7661499023437,386.5060089111328,377.6565653483073,373.61075286865236,369.4080908203125,362.7033192952474,0
2023-08-08,389.7551879882813,391.2906201013452,384.4554229103304,389.2103348090383,156267,Metals & Mining,0.004083238407363465,-0.010078078068544438,-0.014716844729535716,-0.0007723405109364423,390.18116455078126,388.6160064697266,380.5128194173177,374.7722396850586,371.4408203125,364.86614888509115,1
2023-08-09,387.7244262695313,392.2812345350767,384.3563611101257,391.38969232096827,208389,Metals & Mining,-0.005210351988466866,0.00559943382027428,0.002531659035105216,-0.0002576678447004932,389.54716186523444,390.1118225097656,382.1043965657552,375.8495269775391,372.9366394042969,366.8869893391927,0
2023-08-10,410.2607727050781,411.1027965272963,387.5758292561558,388.2692677523336,848129,Metals & Mining,0.058124649644540005,-0.007972679479958611,0.047979766390116696,0.008376258263897096,393.0737243652344,393.3857818603516,385.1818868001302,378.49692687988284,374.86832641601563,369.5715393066406,1
2023-08-11,407.586181640625,417.93803000288847,406.3479200974599,414.0251416650836,307689,Metals & Mining,-0.006519246397402423,0.06633508251077691,0.016626579856258372,0.04843462730204795,396.6993530273438,395.1342071533203,387.8103047688802,380.8174301147461,376.78218505859377,372.2478352864583,0
2023-08-14,400.2061462402344,410.8056775523617,394.3120089742485,409.91410502198033,300029,Metals & Mining,-0.018106686960495888,-0.009929437199320601,-0.017065574172509423,-0.029619718787596283,399.10654296875003,395.43634643554685,390.70618693033856,383.019059753418,378.70991088867186,374.3578328450521,0
2023-08-16,411.2019348144531,413.52987276285785,396.3427950131431,399.6613422816351,302252,Metals & Mining,0.02747531160508032,-0.025011978399219648,0.006631347518678998,0.005150200837599206,403.39589233398436,396.7885284423828,393.5426350911458,386.23358764648435,380.49697021484377,376.76666564941405,1
2023-08-17,404.4161987304688,414.0746382592429,403.1779372524208,414.0746382592429,160133,Metals & Mining,-0.01650219882123427,0.03606377313183051,0.0013173546393283608,0.017245531709617845,406.7342468261719,398.1407043457031,395.6526306152344,388.26185913085936,382.02647094726564,378.5695739746094,0
2023-08-18,414.66900634765625,416.0558531452753,399.3640825145579,405.1096338632551,365680,Metals & Mining,0.025352119053027034,-0.021650696680377113,0.004784680593724389,-0.009459482738201408,407.6158935546875,400.3448089599609,398.1291524251302,390.7903884887695,384.32072021484373,380.3262542724609,1
2023-08-21,417.5417785644531,418.7800400667202,410.2112765172309,418.03708316536,282836,Metals & Mining,0.006927868186001662,0.03191098957293259,0.006547647150858982,0.027161165657098474,409.6070129394531,403.15318298339844,399.95847574869794,393.2594818115234,386.5753466796875,382.25298970540365,1
2023-08-22,420.7117614746094,422.99015066212434,402.23687473747447,419.91925593430335,613610,Metals & Mining,0.007592013716699153,0.004502406233178213,0.010053274255223288,-0.019439742972110707,413.7081359863281,406.40733947753904,401.526942952474,396.45667419433596,389.156875,384.54294840494794,1
2023-08-23,427.249755859375,428.1908467358078,421.0584480696728,424.9713666851626,1118063,Metals & Mining,0.015540317584299856,0.01203114808254857,0.01229507605683633,0.0467922622571153,416.9177001953125,410.15679626464845,403.498252360026,399.3864013671875,392.37041015625,386.5670918782552,1
2023-08-24,422.7919921875,433.8868272600634,419.2258232715272,433.8868272600634,387244,Metals & Mining,-0.010433624854644052,0.020978967699500917,0.01330243410777543,-0.0043524237704937185,420.5928588867188,413.66355285644534,405.624755859375,401.88768768310547,394.7280590820312,388.45420227050784,0
2023-08-25,418.3837890625,430.766403689477,416.0558514664298,423.485420242616,333946,Metals & Mining,-0.01042641111103415,-0.023972626878605352,-0.007191791440849804,-0.007561489844208014,421.3358154296875,414.4758544921875,407.34181111653646,403.93081817626955,396.89947387695315,390.489902750651,0
2023-08-28,413.4307556152344,423.6835668801692,408.5272279834414,420.90984298191495,382111,Metals & Mining,-0.011838492735017803,-0.006081855803265812,-0.016442407645173573,-0.01809522316884382,420.51361083984375,415.06031188964846,408.9399922688802,405.0972595214844,398.7103076171875,392.2317240397135,0
2023-08-29,428.6366271972656,430.0234740772207,410.5084600953708,416.006359476935,421713,Metals & Mining,0.03677973004065249,-0.011649724012727902,0.014963778849710785,0.004849694160433682,422.098583984375,417.9033599853516,411.63775431315105,406.6698532104492,401.5850561523437,394.64715983072915,1
2023-08-30,437.79974365234375,440.5239189250892,427.99268848566544,432.35139310685287,321201,Metals & Mining,0.021377352922435033,0.039290345586229236,0.024418306164334824,0.04259163961257362,424.2085815429688,420.5631408691406,414.8407246907552,408.6758346557617,404.35083740234376,397.67677205403646,1
2023-08-31,450.3309631347656,455.6802469439962,430.91501613182254,442.5051562443177,855985,Metals & Mining,0.028623176838524778,0.023484978421141278,0.03440523287790942,0.006827984974455914,429.71637573242185,425.1546173095703,419.0144938151042,411.64766082763674,407.45342529296875,400.5594451904297,1
2023-09-01,459.29595947265625,459.6426787463578,450.13282417437216,454.6896326391772,501428,Metals & Mining,0.019907572589468625,0.027535219020435875,0.008695640921315917,0.044597675465249065,437.8988098144531,429.6173126220703,422.28350626627605,414.98106079101564,410.72441650390624,403.7326965332031,1
2023-09-04,471.6290588378906,489.3609579481112,460.63329037625846,464.8433795893748,748907,Metals & Mining,0.026852183457905188,0.02233116002945068,0.06465517798044318,0.023327483884664657,449.53847045898436,435.0260406494141,426.5530314127604,419.08961181640626,413.9855017089844,407.1816680908203,1
2023-09-05,470.2917175292969,480.4454618256113,467.6666091964484,479.9501572257911,1065789,Metals & Mining,-0.0028355786895086776,0.03249863997151259,-0.018218650216565213,0.0152688026834642,457.86948852539064,439.9840362548828,431.22540283203125,423.19568786621096,416.9097802734375,410.9657948811849,0
2023-09-06,472.27294921875,480.7426460216229,467.963793032852,472.223430849772,812323,Metals & Mining,0.004212771808658644,-0.016099018324488346,0.0006185596901724377,0.0006354608829444164,464.7641296386719,444.4863555908203,435.2968037923177,427.3215759277344,419.89349365234375,414.4197194417318,1
2023-09-07,476.43353271484375,481.13892667046616,467.4189824589259,473.3130893805295,889850,Metals & Mining,0.008809701048887897,0.00230750627684162,0.0008243093308295535,-0.0011642152278389384,469.9846435546875,449.8505096435547,440.09795939127605,431.75703125,423.3150573730469,417.8752950032552,1
2023-09-08,487.2806701660156,489.360955578032,473.511208028946,476.23538338894514,1326720,Metals & Mining,0.022767367757181134,0.00617412464176792,0.017088679489026593,0.013033757289811154,475.5815856933594,456.7401977539063,444.93873697916666,435.6080261230469,427.1011657714844,421.53394470214846,1
2023-09-11,517.2960815429688,535.9195204380693,491.1439772480747,493.1747440315822,2578686,Metals & Mining,0.0615977879170273,0.03556930298226613,0.09514156029273413,0.037238335482126184,484.714990234375,467.12673034667966,451.589023844401,441.09352111816406,432.2146875,425.77374979654945,1
2023-09-12,503.4276123046875,521.4567120079935,478.5633151027853,521.0109257713701,1411691,Metals & Mining,-0.026809538546889722,0.05644283710117426,-0.02698690359002731,-0.02561501866678695,491.3421691894531,474.6058288574219,457.10341389973956,446.25459442138674,436.8249841308594,429.3151784261068,0
2023-09-13,508.7273864746094,513.1356098874697,478.95958953782167,503.3781023791246,910269,Metals & Mining,0.010527380780048112,-0.033843481048194346,-0.015957416845746142,0.0008280501712740751,498.633056640625,481.69859313964844,462.53525594075523,451.13086700439453,441.5838720703125,433.0167541503906,1
2023-09-14,514.1757202148438,521.4567344950401,509.9161125231726,512.6402879664727,1131101,Metals & Mining,0.010709731547952073,0.01840005662457722,0.01621622909662257,0.06463284932915281,506.181494140625,488.08306884765625,468.62750447591145,456.6188430786133,446.641923828125,437.1261301676432,1
2023-09-15,487.9975280761719,516.3117161961611,482.6327102827578,508.86061405932185,3244358,Metals & Mining,-0.05091292939256942,-0.007372955259025593,-0.00986662547154793,-0.05350566803118029,506.3248657226562,490.95322570800784,473.26842041015624,460.28526916503904,449.75139404296874,440.30511576334635,0
2023-09-18,484.5203247070313,495.9950093404937,478.4103969820494,487.99750554366966,703677,Metals & Mining,-0.007125452833436907,-0.04099965283070628,-0.03934969170435898,-0.008748502144072856,499.76971435546875,492.2423522949219,478.007725016276,463.63419647216796,452.828759765625,443.47385864257814,0
2023-09-20,465.1474609375,486.8053180626383,457.9943910752577,486.3085779421663,1022437,Metals & Mining,-0.039983593632001435,-0.00346093490707855,-0.018527789805938943,-0.04267467019024207,492.1136840820312,491.72792663574216,480.44178059895836,465.8559814453125,455.4264123535156,446.0397674560547,0
2023-09-21,460.0806884765625,468.92265622729593,455.2623034240643,458.2924059184282,766750,Metals & Mining,-0.010892830524594221,-0.05760986602845797,-0.03673472982281878,-0.0059653299351092315,482.38434448242185,490.5087005615234,481.9271769205729,467.4975280761719,457.3815625,448.3839508056641,0
2023-09-22,453.9211120605469,466.935709167009,451.387749595702,464.05462255714747,760233,Metals & Mining,-0.013388035121429387,0.012573231771475069,-0.0042372596715050115,-0.008510596636755241,470.3334228515625,488.25745849609376,482.16652018229166,469.0539840698242,459.3617590332031,450.5905069986979,0
2023-09-25,440.2111206054688,464.94877365275846,437.1809875432738,452.0335299401818,863480,Metals & Mining,-0.030203467278361207,-0.025904477689984273,-0.004255265714835033,-0.03147352152368543,460.77614135742186,483.5505035400391,480.8941975911458,470.14535064697264,460.3834436035156,451.58885192871094,0
2023-09-26,459.5342712402344,465.9422308927496,438.6711862748874,439.56534274257655,687924,Metals & Mining,0.04389518967214734,-0.027582438849735658,0.0021367025708796117,0.003408654022188262,455.7789306640625,477.7743225097656,480.08787841796874,472.45052642822264,462.0631433105469,453.32045491536456,1
2023-09-27,458.1434326171875,474.4861956202717,453.921141357524,465.9422590075828,816795,Metals & Mining,-0.0030266265436376116,0.06000681514250639,0.018336961453680134,0.03476397711948276,454.378125,473.24590454101565,479.2779927571615,473.9258666992188,463.56041015625,455.25169779459634,0
2023-09-28,469.5684509277344,489.7361189166941,451.7851598791177,463.90563149095016,4071274,Metals & Mining,0.02493764506298901,-0.0043709869136370205,0.03213986715985895,-0.004705622373124774,456.2756774902344,469.33001098632815,479.0976928710937,475.5143020629883,465.2531579589844,457.19724833170574,1
2023-09-29,472.7475891113281,481.6392192721126,462.9618024591453,464.4023609676323,1167649,Metals & Mining,0.006770340250314311,0.0010707554359401517,-0.016533188653702013,0.02473884397402082,460.0409729003906,465.18719787597655,478.851963297526,476.63513336181643,467.2513818359375,459.47496134440104,1
2023-10-03,492.3191223144531,506.6749239539254,469.9658168458976,471.9031154472834,1845634,Metals & Mining,0.0413995410107022,0.016151413321892738,0.05198020360478228,0.015128708998342066,470.4625732421875,465.6193572998047,479.1878601074219,478.2862915039062,470.20879516601565,462.06329854329425,1
2023-10-04,493.2629699707031,506.6749540484564,488.89166270538016,492.7165679320176,1186460,Metals & Mining,0.0019171460409923569,0.04410535087272427,5.939613267891275e-08,0.040270686039466375,477.20831298828125,466.4936218261719,477.5856526692708,479.36798706054685,473.4020837402344,464.58733825683595,1
2023-10-05,476.6221618652344,498.4787279122071,474.93323327052354,498.3297119347001,856647,Metals & Mining,-0.03373617951993668,0.011392237176520048,-0.016176497517312538,-0.0285511709437114,480.9040588378906,467.64109191894534,475.798622639974,479.68450927734375,475.3215051269531,466.4510182698568,0
2023-10-06,473.34368896484375,483.0301216422803,466.93572906617175,480.6457447283295,695068,Metals & Mining,-0.00687855740396226,-0.035486479699785356,-0.03099150556460184,-0.016839217902859138,481.6591064453125,468.96739196777344,473.43970947265626,479.73804626464846,476.74326293945313,467.98748270670575,0
2023-10-09,457.19964599609375,464.8494261117245,454.0204969099793,455.01397720956345,721656,Metals & Mining,-0.03410638684980771,-0.05332777372918096,-0.03763884427899089,-0.02765955002420084,478.5495178222656,469.2952453613281,469.6413045247396,478.77635192871094,477.01801025390625,469.1344045003255,0
2023-10-10,460.9748229980469,462.8624293560841,451.3380527174109,457.9943823321112,1000471,Metals & Mining,0.008257173939249629,0.006550139714005088,-0.004274495447398552,-0.005908200644739292,472.28065795898436,471.3716156005859,467.8397908528646,477.4610595703125,477.08516479492187,470.5541056315104,1
2023-10-11,462.0179748535156,468.4259345479467,458.5407940032128,466.9357141835312,440101,Metals & Mining,0.0022629258766984073,0.019522798087371118,0.012019781341083169,0.015958639521830076,466.0316589355469,471.61998596191404,466.3396341959635,474.69715423583983,476.7007214355469,472.1736796061198,1
2023-10-12,462.36572265625,467.879556477834,459.2859276818444,462.6637849355481,496472,Metals & Mining,0.0007526715878198864,-0.009148859507251195,-0.0011664129370633214,0.0016250106607229586,463.18037109375,472.04221496582034,466.15418497721356,472.644059753418,476.383681640625,473.29798278808596,1
2023-10-13,461.5709228515625,465.8925679338535,457.9447260606234,463.4585292327325,455170,Metals & Mining,-0.001718985136098472,0.0017177577391216392,-0.004246794963512435,-0.002920188798273049,460.82581787109376,471.2424621582031,466.2535339355469,470.28623657226564,475.9556005859375,474.0903554280599,0
2023-10-16,464.4023742675781,475.7777054111085,462.8127997378716,462.8127997378716,548004,Metals & Mining,0.006134379952972502,-0.0013932843051348565,0.02121763289999179,0.010630264746413376,462.2663635253906,470.40794067382814,466.95228474934896,467.79756927490234,475.4743542480469,474.5594024658203,1
2023-10-17,464.9487609863281,471.90312279595264,461.9683202107747,469.3697602641769,692858,Metals & Mining,0.0011765373069243523,0.014167630043981028,-0.008143682587665513,-0.0018246676141524532,463.0611511230469,467.6709045410156,468.60146077473956,466.64513092041017,474.58107788085937,474.7478291829427,1
2023-10-18,460.2794189453125,468.92270983453847,457.9944263426318,466.2403008499888,970331,Metals & Mining,-0.010042702406842019,-0.006667364792369068,-0.006315730533325792,-0.008602091732891615,462.71343994140625,464.37254943847654,468.65113728841146,465.4330856323242,472.30041137695315,474.3695078531901,0
2023-10-19,447.0661315917969,458.83887912077,444.18504480748334,458.83887912077,921334,Metals & Mining,-0.028707100099745197,-0.015874693190883526,-0.021504248999428044,-0.030151855002745198,459.6535217285156,461.4169464111328,467.9126505533854,464.5290191650391,470.0459521484375,473.59532165527344,0
2023-10-20,465.9422302246094,475.52930842883495,454.4178534346496,463.0611436067721,3144212,Metals & Mining,0.04222216200006779,0.00920206346526875,0.03637535977780981,0.023037265092077375,460.527783203125,460.6768005371094,467.6709025065104,464.8220962524414,468.3345458984375,473.38429768880206,1
2023-10-23,449.9969177246094,475.8770676256577,445.0791780715964,475.8770676256577,945824,Metals & Mining,-0.03422165123842391,0.027676526514539113,0.0007313097019649994,-0.02055085488492192,457.6466918945313,459.95652770996094,466.15419108072916,464.62588653564455,465.76739379882815,472.5030771891276,0
2023-10-25,451.8844909667969,461.17353722804296,442.1980586752613,451.9341528511041,1401008,Metals & Mining,0.00419463593602365,-0.05031323508404051,-0.030897749435535027,-0.006473273831452242,455.033837890625,459.04749450683596,463.4585489908854,465.2095550537109,464.32287231445315,471.3232045491537,1
2023-10-26,442.5458068847656,453.5237519513232,440.9562323585632,452.03353151774814,1009902,Metals & Mining,-0.020666086729489996,0.000219896341130843,-0.01658765011258012,-0.002808303411413249,451.48711547851565,457.10027770996095,460.07740478515626,464.3601318359375,462.6438916015625,468.83152872721354,0
2023-10-27,447.972412109375,457.9793714456646,444.0891276089935,447.972412109375,941639,Metals & Mining,0.012262245264075933,-0.008984110967913184,0.009824445743294996,0.007104775985755429,451.6683715820312,455.66094665527345,458.16742146809895,463.85158081054686,461.9568896484375,466.98302205403644,1
2023-10-30,445.5827331542969,449.466017935706,440.6539287557357,447.97244452848486,593978,Metals & Mining,-0.0053344333054480275,7.236854093761735e-08,-0.01858894535595601,-0.007735381570256328,447.5964721679687,454.0621276855469,456.3166910807292,462.652294921875,461.37697143554686,464.8782002766927,0
2023-10-31,440.6539306640625,453.0506021524151,435.2272988264221,447.8728688302273,689528,Metals & Mining,-0.01106147550948211,-0.00022228085560571653,0.007975206297402115,-0.012314947343455285,445.7278747558594,451.6872833251953,455.21364339192706,461.04761199951173,460.8462841796875,462.42747395833334,0
2023-11-01,445.8316650390625,450.1630340263556,425.3199173652597,441.1020158845442,1619498,Metals & Mining,0.011750115032894914,-0.015117801092456196,-0.006373610612900205,-0.02276369494256769,444.5173095703125,449.77557373046875,454.2040995279948,458.7232391357422,461.07110595703125,461.0219451904297,1
2023-11-02,440.5543823242188,454.4445968051158,436.8702224248221,451.0093961942145,983801,Metals & Mining,-0.011836940102451732,0.02246051922887493,0.00951113808804993,0.027156746223203854,444.1190246582031,447.8030700683594,452.773193359375,456.08780975341796,460.3119104003906,459.55641377766926,0
2023-11-03,441.649658203125,449.96388984128026,440.10631112202174,446.67804039713735,685458,Metals & Mining,0.0024861309360444395,-0.00960369303528208,-0.009859743069532079,0.007407437108525983,442.85447387695314,447.2614227294922,451.3921223958333,454.3391845703125,459.65215942382815,458.7731536865234,1
2023-11-06,445.1346435546875,449.1175059254238,441.6994429920245,446.8771458418846,460784,Metals & Mining,0.007890836745445107,0.00044574710807410156,-0.0018810040871390932,0.003619879628495193,442.7648559570313,445.1806640625,450.29637044270834,452.92873229980466,458.67480712890625,458.2749521891276,1
2023-11-07,450.5115051269531,455.34070115325335,443.3423411335663,446.5286429943664,1922432,Metals & Mining,0.01207918019888976,-0.0007798627671183889,0.013856496675644925,0.003719493351435954,444.7363708496094,445.23212280273435,449.3703125,452.59432525634764,457.7853637695313,458.1612986246745,1
2023-11-08,465.9949035644531,470.9734815939879,452.6523205226657,454.0463162935697,1513570,Metals & Mining,0.034368486179141566,0.016835814268913785,0.034332051584980317,0.020999526833586524,448.7690185546875,446.6431640625,449.44005533854164,452.84532928466797,456.7323950195312,459.0207580566406,1
2023-11-09,458.2283325195313,475.6035515546348,453.05059923073424,456.037746038849,1196959,Metals & Mining,-0.016666643745488097,0.004385961682357831,0.009830850656339818,0.0008798777560858895,452.30380859375,448.21141662597654,449.3033162434896,452.6558471679688,455.33100952148436,458.97722676595055,0
2023-11-10,472.566650390625,482.2748779128633,455.4403291710214,458.02919592098425,1252337,Metals & Mining,0.031290771114600435,0.004366853181415387,0.014027074306786735,0.0052747528517671505,458.48720703125,450.67084045410155,451.00335083007815,453.1658935546875,455.1687890625,459.4580006917318,1
2023-11-13,483.61907958984375,489.2946402837917,479.1881330103928,485.8096356800797,1386482,Metals & Mining,0.023388085448016183,0.06065211564349249,0.014555521534332705,0.05214251421826521,466.18409423828126,454.47447509765624,452.1818074544271,454.26830139160154,455.5798046875,459.9263549804688,1
2023-11-15,469.1811828613281,488.8465651224811,467.9863120375651,482.8722717773207,1358416,Metals & Mining,-0.02985386089556341,-0.006046326970536531,-0.0009157573462295066,-0.02337666607571176,469.91802978515625,457.3272003173828,453.46075846354165,454.5072418212891,456.0590661621094,459.80747477213544,0
2023-11-16,475.2052917480469,480.43279888618673,459.3236150498233,469.18122424835104,1790940,Metals & Mining,0.01283962167873054,-0.028353352075025207,-0.017211466412137444,-0.018510577691952745,471.760107421875,460.2645629882812,455.015478515625,455.020068359375,456.6282849121094,459.2370137532552,1
2023-11-17,504.6784362792969,506.8192186500604,475.0060944405761,475.0060944405761,2409344,Metals & Mining,0.06202191987979089,0.012414968654290703,0.054922186464052336,0.03414254977735398,481.0501281738281,466.6769683837891,459.15765380859375,457.2400192260742,458.33470336914064,459.617529296875,1
2023-11-20,527.3309326171875,536.690683125876,507.81493208570834,508.76087401589297,3151202,Metals & Mining,0.044885009363376804,0.0710617820915973,0.05893909184300439,0.06907035094733227,492.00298461914065,475.24509582519534,464.44822184244794,461.2532592773438,460.9333117675781,461.3078216552734,1
2023-11-21,530.4674682617188,537.5868588744587,520.3111573246892,530.7661707770553,1899462,Metals & Mining,0.005947945494045648,0.04325273008410413,0.0016698179729206508,0.02460783338460759,501.37266235351564,483.77837829589845,470.1072041829427,464.4795211791992,463.68917358398437,463.2119476318359,1
2023-11-22,502.1891784667969,539.4289365360846,498.9531027053898,538.8813051004244,2380940,Metals & Mining,-0.05330824506088294,0.015289471654699183,0.0034265675047984168,-0.041048619309101975,507.97426147460936,488.94614562988284,474.2095540364583,467.0891342163086,465.2006457519531,464.7115987141927,0
2023-11-23,521.456298828125,522.7507170203004,498.0569810186449,502.2887725373806,1440665,Metals & Mining,0.03836625954416495,-0.06790462429611366,-0.03091828855693679,-0.0017960038366051645,517.224462890625,494.49228515625,479.2511962890625,470.567724609375,467.460947265625,466.72764790852864,1
2023-11-24,540.2255249023438,545.3037112863473,512.1961652405491,520.7592956978173,2021962,Metals & Mining,0.03599386202908872,0.036772717548772205,0.04314292363786665,0.028388687962944026,524.3338806152344,502.69200439453124,485.89593912760415,475.4517105102539,470.65879150390623,469.3345662434896,1
2023-11-28,520.4605712890625,544.108817471271,513.888811675285,543.5611860302042,3723426,Metals & Mining,-0.03658648601776848,0.04378585369625032,-0.0021912446043280687,0.003304683926989016,522.9598083496094,507.481396484375,491.15,479.0761184692383,473.59456909179687,471.27106119791665,0
2023-11-29,511.2004089355469,522.4022093388259,503.0355289313144,522.4022093388259,1490778,Metals & Mining,-0.01779224568458726,-0.03892657760556628,-0.03989387312877213,-0.021119904729174244,519.106396484375,510.2395294189453,495.55438435872395,482.3570022583008,475.4048962402344,472.9253774007162,0
2023-11-30,499.1522216796875,516.6768528286732,490.4895141300983,512.7935376515575,10563459,Metals & Mining,-0.02356842257021441,-0.018393244736521153,-0.010959671318004016,-0.024940613693569036,518.4990051269531,513.2366333007812,498.79709879557294,485.281916809082,477.3711083984375,474.0837056477865,0
2023-12-01,514.8844604492188,517.7720597070454,492.9289458413713,500.3470384669045,2002917,Metals & Mining,0.03151791795414827,-0.024271950152987998,0.00211971345798867,0.0049734635318339215,517.1846374511719,517.2045501708984,502.0564025878906,488.7345565795898,479.8911071777344,475.74822896321615,1
2023-12-04,521.0579833984375,525.7378590714188,516.8759655465466,521.7052228753189,1324918,Metals & Mining,0.011990113167976713,0.04268674093456659,0.015384760948438325,0.04858107828157787,513.3511291503906,518.8425048828125,506.2450459798177,492.7597366333008,483.03159423828123,477.77418111165366,1
2023-12-05,539.279541015625,541.7190563739134,519.3154555249206,522.8004601014306,2227526,Metals & Mining,0.03497030694807335,0.002099341118487308,0.030397653558222437,0.004719681588975622,517.1149230957031,520.0373657226562,510.69257202148435,497.64123077392577,486.68387939453123,480.84796142578125,1
2023-12-06,534.201416015625,543.0633091089443,527.1318596098763,543.0633091089443,1959958,Metals & Mining,-0.009416498520296801,0.038758284573013446,0.002481457351766192,0.015051360404929381,521.7151245117187,520.4107604980469,514.0647277832031,502.09456939697264,490.2286267089844,483.1232676188151,0
2023-12-07,528.8245239257812,538.482977274039,524.8914959762085,529.7206922635091,1012958,Metals & Mining,-0.010065289848813275,-0.02456917383597068,-0.008434250221066697,-0.004250100981044613,527.6495849609375,523.0742950439453,518.0409505208333,506.0102203369141,493.7554504394531,485.7508544921875,0
2023-12-08,537.8855590820312,539.8769902072712,530.0193818278716,530.0193818278716,1148366,Metals & Mining,0.01713429454629778,0.0005638623688384303,0.0025887780896791668,0.009769420710705301,532.2498046875,524.7172210693359,522.2196350097656,509.604753112793,497.4376062011719,488.6175567626953,1
2023-12-11,541.868408203125,552.6221238641288,537.8357724269553,543.8100656579188,1691566,Metals & Mining,0.007404640362330905,0.02601920666087243,0.02360747705132682,0.014747367487066843,536.4118896484375,524.8815093994141,524.6989664713542,513.7867568969726,501.49016723632815,491.928310139974,1
2023-12-12,540.5740356445312,550.5809654936998,532.3095473606917,541.6195248931921,2852548,Metals & Mining,-0.0023887212079515274,-0.004028135746396266,-0.003693587864627146,-0.010274930284623451,536.6707885742187,526.892855834961,525.5818400065104,517.187126159668,505.4471423339844,495.01503092447916,0
2023-12-13,556.9037475585938,562.2308627184204,536.0434926611581,542.8641812870495,2884013,Metals & Mining,0.030208095167930882,0.0022980271881869463,0.021159280750423948,0.007014612679746568,541.2112548828125,531.4631896972656,527.3442586263021,520.8513595581055,509.91790649414065,498.7257314046224,1
2023-12-14,545.6521606445312,564.7699127342538,543.1628715904959,562.5295525856221,3213680,Metals & Mining,-0.020203826897176147,0.036225214291996544,0.004516027461667349,0.013281345687071067,544.5767822265625,536.11318359375,530.2417907714844,524.6749084472656,513.7235327148437,502.2256724039714,0
2023-12-15,541.5697631835938,567.3089882764027,532.7078696408521,547.6436043036797,2903909,Metals & Mining,-0.0074816847716965285,-0.026462517770880378,0.004495769843432917,-0.01924837373185939,545.313623046875,538.7817138671875,531.5826883951823,527.993132019043,516.7465270996094,505.4169423421224,0
2023-12-18,557.8496704101562,562.3801642801748,531.6125884004625,537.686429310994,2338256,Metals & Mining,0.030060591143164617,-0.01818185205567424,-0.00868807668851268,-0.0020560635628078527,548.5098754882813,542.4608825683594,532.7576314290365,530.6516937255859,520.7313806152343,509.3267852783203,1
2023-12-19,541.7688598632812,556.9535234979704,538.6821656633987,555.5595580547196,1835546,Metals & Mining,-0.02882642295916682,0.03324080313246647,-0.009649417114755865,0.013298363163685378,548.7488403320312,542.709814453125,534.1781840006511,531.3735900878906,523.4994689941407,512.6640920003255,0
2023-12-20,519.2159423828125,554.9620980658748,502.1891985417104,547.3449097410314,2372943,Metals & Mining,-0.04162830157155972,-0.01478626043704756,-0.0035755684237140928,-0.06774489568769437,541.211279296875,541.2112670898438,534.7125528971354,530.8110137939453,524.9233435058594,515.1334686279297,0
2023-12-21,536.6907348632812,538.5826189060297,509.3583281408367,515.1833011522502,1818503,Metals & Mining,0.033656116952558435,-0.058759308831423995,-0.02951459066651585,0.01427575427736083,539.418994140625,541.9978881835938,537.2151204427083,532.5360916137695,527.6237255859374,518.0061096191406,1
2023-12-22,546.7473754882812,550.4315351193397,536.8400545424842,544.5070155364602,1709121,Metals & Mining,0.01873824154531345,0.05691899236373743,0.022000183068249912,0.053953621416098274,540.4545166015625,542.8840698242187,539.3393147786459,533.8006454467774,530.4854089355468,520.6978586832682,1
2023-12-26,554.7630004882812,557.5509921625013,541.669315339274,549.0376354823974,807502,Metals & Mining,0.014660564200864368,0.008320590583159815,0.012934318964152425,0.008995716239738494,539.8371826171875,544.1735290527344,541.5863159179687,534.5275192260742,532.4887915039062,523.9156809488933,1
2023-12-27,556.9037475585938,562.5793388843716,547.7431514786649,559.193881385161,1180065,Metals & Mining,0.003858849758236138,0.018498269055526873,0.009018631107385433,0.011213181118791216,542.86416015625,545.8065002441406,542.7612630208333,536.3496780395508,533.6717041015625,526.7269175211588,1
2023-12-28,568.852294921875,575.5236014183063,554.1157165904626,556.6050055239328,3071393,Metals & Mining,0.02145531865364947,-0.004629656989120434,0.02300877696575898,0.011634221431330749,552.7914306640625,547.0013549804687,545.0713216145833,539.2322723388672,535.2070971679688,529.5680246988933,1
2023-12-29,569.6488647460938,575.473837411957,558.5964460062352,558.5964460062352,1962919,Metals & Mining,0.001400310469571231,0.003577834303569949,-8.646735985573528e-05,0.008086270216883573,559.383056640625,549.401025390625,547.7929443359375,542.7571044921875,537.9054846191407,532.9169474283855,1
2024-01-01,571.0429077148438,577.813761771901,562.728706602478,573.0343389536051,1272725,Metals & Mining,0.0024471969576755903,0.02584673255727954,0.004066082952558281,0.007397577671299338,564.2421630859375,552.34833984375,550.0034342447917,545.5650268554688,539.8889489746093,536.1115346272786,1
2024-01-02,593.7451782226562,597.429337961483,571.0428755348509,574.5278800062929,3060686,Metals & Mining,0.03975580503864529,0.0026063726921061736,0.033947921436536355,0.014774737515294456,572.0385986328125,555.937890625,553.4618855794271,549.1993865966797,542.0297351074219,539.0804260253906,1
2024-01-03,594.4920043945312,602.2088005225888,592.9486573236516,597.4293776560721,1918651,Metals & Mining,0.0012578227146375909,0.03986142091055411,0.008000046628801272,0.03836101057785424,579.55625,561.210205078125,557.0564168294271,551.960009765625,544.9909924316406,541.3191284179687,1
2024-01-04,598.8233642578125,607.5856490627514,590.9571869959195,593.8447864398182,2224961,Metals & Mining,0.007285816850796101,-0.006000025024409661,0.008928545274490496,-0.003358588139352192,585.5504638671875,569.170947265625,559.8510579427083,555.1911071777344,548.4959106445312,543.5976582845052,1
2024-01-05,603.602783203125,617.2440984976827,597.4293345909542,602.4079123792121,1989855,Metals & Mining,0.007981350145273902,0.014419804863036623,0.01589644102001131,0.010951973742692411,592.3412475585938,575.8621520996094,563.714432779948,558.9300201416015,552.6739331054688,546.9781117757161,1
2024-01-08,604.747802734375,615.8500552014698,591.75372722479,609.2783570140357,2244909,Metals & Mining,0.0018969752345636692,0.01140497077418634,-0.00225849594934302,-0.009500048018315166,599.0822265625,581.6621948242188,567.9263020833333,562.2731323242188,556.268466796875,549.7544952392578,1
2024-01-09,614.7050170898438,617.343687806869,603.4534426764826,607.3865315519195,2254092,Metals & Mining,0.01646506909235068,-0.003105026529069077,0.0024253186190110743,0.01977125772669308,603.2741943359375,587.656396484375,571.7166585286458,565.9149627685547,560.0143481445313,552.2371449788411,1
2024-01-10,613.16162109375,619.8329274069167,605.4448256119772,619.8329274069167,1105438,Metals & Mining,-0.002510791279043967,0.020491721841766397,0.004032177941092785,0.003299977752487804,607.0081176757812,593.2821838378907,576.4761759440104,569.5443420410156,562.9696313476562,555.3271799723308,0
2024-01-11,611.2698364257812,616.3479617201514,600.4662856083336,616.3479617201514,1873800,Metals & Mining,-0.0030852953004367745,-0.005622427484362258,-0.005622427484362258,-0.00822294582931049,609.497412109375,597.5239379882812,582.6131022135417,572.262646484375,566.0523681640625,558.6628275553386,0
2024-01-12,608.2328491210938,615.1033110611875,604.8972261751054,611.3196039410788,1050960,Metals & Mining,-0.004968325154804609,-0.008158310064073415,-0.002019396081866187,0.007379166279557037,610.4234252929688,601.3823364257812,587.3825764973958,575.3916809082032,569.228701171875,562.2988484700521,0
2024-01-15,587.62158203125,609.4277170727869,583.0412538352585,608.2826806040316,1703312,Metals & Mining,-0.033887132402709574,-0.004967816044943785,-0.009227058099571805,-0.0361317119571648,606.9981811523437,603.0402038574218,590.1075236002604,577.6942718505859,571.2181420898437,564.7234191894531,0
2024-01-16,602.0096435546875,604.3496117414775,586.2275751819698,589.3641037153368,1412873,Metals & Mining,0.024485250309734807,-0.031101620170918665,-0.008332580204426288,0.005465001534199487,604.4591064453125,603.866650390625,593.2572998046875,579.9022705078125,573.6237915039062,567.4218078613281,1
2024-01-17,581.3983764648438,603.2045121400608,578.510776849248,587.6713727337785,3683949,Metals & Mining,-0.03423743674294044,-0.0028721311170587516,-0.0018947635262260842,-0.013163485750949833,598.1064575195312,602.5572875976562,594.8902750651042,581.8837463378907,575.2567651367187,568.8257690429688,0
2024-01-18,564.8694458007812,587.0241178253011,560.189570341994,580.5021928222526,5393895,Metals & Mining,-0.028429612694424122,-0.012199300908900423,-0.02682406047884922,-0.03166960278084552,588.8263793945313,599.1618957519531,594.6247517903646,584.1664215087891,575.5753930664063,569.8480367024739,0
2024-01-19,580.1537475585938,603.9015414924862,554.8625457488672,569.5493515807125,7530335,Metals & Mining,0.02705811381981338,-0.0188678722956932,0.028750818160094394,-0.00950932483422473,583.2105590820313,596.8169921875,595.3250773111979,586.3395721435547,576.9554565429687,571.5590108235677,1
2024-01-23,527.679443359375,573.6815117866869,512.3951739128438,572.5364146479304,10460489,Metals & Mining,-0.09044896188302054,0.0052446079675585455,-0.050041319038718335,-0.07653674258857668,571.2221313476563,589.11015625,592.4341796875,585.3861755371094,576.39984375,571.2188069661458,0
2024-01-24,546.1500244140625,550.879673668332,511.2999772773402,518.0210577965652,7251008,Metals & Mining,0.035003412179746674,-0.09521727431937821,-0.039746510302101856,-0.002137406227190386,560.0502075195312,582.2546569824219,589.2611694335938,584.9555267333984,575.9318579101563,571.3615275065105,1
2024-01-25,536.0435180664062,556.6050713998553,528.8245793049591,545.5526515366221,3130536,Metals & Mining,-0.018505000267095117,0.05314763430113101,0.010393191118121425,0.034274599660530036,550.9792358398438,574.5428466796875,585.3646036783854,583.9125152587891,575.7028442382813,571.2105102539062,0
2024-01-29,550.6306762695312,563.0771201273417,533.7035126229091,536.3421830302256,2451277,Metals & Mining,0.02721263798831708,-0.016882822364539862,0.01162772144926616,0.00922599574392402,548.1314819335937,568.4789306640625,582.1517578125,583.0014343261719,576.95943359375,571.0014078776042,1
2024-01-30,569.39990234375,581.0995598381545,552.6221199484694,556.8041373352424,2111062,Metals & Mining,0.03408677882129352,0.038150932282467354,0.03200705385922453,0.035447784918229086,545.980712890625,564.5956359863281,579.8715657552083,582.9889862060547,578.2678002929688,571.7929992675781,1
2024-01-31,574.3287353515625,582.9914730668082,564.9690453480739,569.5990863386379,1553754,Metals & Mining,0.008656188712931945,0.022979263524566473,0.0032557471376861713,0.022342437904504964,555.3105712890625,563.2663513183594,577.8436279296875,583.1532775878907,579.3710546875,572.8849650065105,1
2024-02-01,562.1809692382812,570.1965279494098,550.7302405351303,565.7655816443292,2175277,Metals & Mining,-0.021151242077144694,-0.006730180553747522,-0.021947053616566792,-0.025202805233641046,558.5167602539062,559.2834838867187,574.3420247395833,581.5750671386719,579.6677734375,573.0293416341145,0
2024-02-02,593.994140625,607.3865278612628,566.1141032805485,570.1467393845679,4018844,Metals & Mining,0.05658884438906475,0.007743768589643318,0.06522312586784595,0.027933571852655437,570.106884765625,560.5430603027344,573.0641927083333,581.5501739501954,581.1513891601562,574.7701843261718,1
2024-02-05,604.0010986328125,623.716317436801,591.2061766353065,603.0053829669004,3229617,Metals & Mining,0.016846896835182923,0.05763190651199901,0.026885333846700332,0.04432334967341944,580.7809692382813,564.4562255859375,572.5796101888021,581.8090606689453,582.5573413085938,577.5963562011718,1
2024-02-06,613.4603881835938,635.2665852468283,600.4165374668299,604.0010895004514,2219382,Metals & Mining,0.015661046928876265,0.0016512398755910151,0.018518463421790532,0.015578932013095237,589.59306640625,567.7868896484375,572.9281127929687,582.3019409179688,584.3098022460938,580.1553446451823,1
2024-02-07,626.25537109375,636.2623012354439,609.8260628458864,622.1231268310353,3925907,Metals & Mining,0.02085706454175651,0.03000331894363306,0.001567398650802243,0.01567166257404473,599.9783935546875,577.644482421875,575.5036987304687,583.3773193359375,586.51830078125,582.8056111653646,1
2024-02-08,624.9609375,632.2296494212516,611.6680974173969,628.5454894471858,1667942,Metals & Mining,-0.002066942103010283,0.01032329829766132,-0.006338033553712208,0.0030205901055035955,612.5343872070313,585.5255737304688,577.0337849934896,583.8901153564453,587.7669311523438,585.1455423990885,0
2024-02-09,604.747802734375,631.2836459138753,593.9940871669133,624.3136372050469,1764826,Metals & Mining,-0.03234303706481656,-0.006732770043200609,-0.0014962972841312538,-0.028894772058747686,614.6851196289062,592.3960021972656,578.5904134114584,583.4694244384766,588.1771630859375,586.7403442382813,0
2024-02-12,587.7211303710938,617.1445140697564,579.2077741824573,613.6097358596976,2220595,Metals & Mining,-0.02815499665529153,-0.017145070534209328,-0.022397430910237492,-0.024893030593924115,611.4291259765625,596.1050476074219,580.1138590494792,582.2919891357421,587.7330737304687,587.3693054199218,0
2024-02-13,572.735595703125,592.8490619393536,524.8416413518015,561.5835694041973,7243293,Metals & Mining,-0.025497695920013497,-0.08478706157197624,-0.03936752507153718,-0.09386291975689165,603.2841674804688,596.4386169433594,579.619315592448,580.5171264648437,586.4983862304688,587.4721964518229,0
2024-02-14,566.1638793945312,582.3940926817226,557.7002965920622,559.5921805867835,2459593,Metals & Mining,-0.011474258554727834,-0.0035460240040972035,-0.017635128279414602,0.06260679917780276,591.265869140625,595.6221313476562,582.1849446614583,579.4442413330078,584.955029296875,587.3095621744792,0
2024-02-15,596.6825561523438,603.9014940448836,569.6488540797841,571.5407379748774,2339196,Metals & Mining,0.053904316168049915,0.021352259382117822,0.03692929175178783,0.02142469272606795,585.6101928710938,599.0722900390625,585.553780110677,579.1778869628906,584.234130859375,587.4074747721354,1
2024-02-16,628.5454711914062,640.5438319916949,598.7237768787618,603.8019628923836,3648096,Metals & Mining,0.05340011151746715,0.05644606372559968,0.06067601803960421,0.05104007949940592,590.3697265625,602.5274230957032,591.7205769856771,581.5352416992188,584.8494848632813,588.5425903320313,1
2024-02-19,633.0759887695312,636.2622909572258,619.3351251571117,631.2339391536884,1565189,Metals & Mining,0.007207939259410212,0.04543207532797311,-0.006684228027231454,0.03442547143492458,599.4406982421875,605.434912109375,597.2169311523437,584.9455688476562,585.7217309570312,589.6843444824219,1
2024-02-20,640.0957641601562,649.0572047702933,628.5454872387764,633.0759811702807,2014831,Metals & Mining,0.011088361452894269,0.002918160609459486,0.02010949571413101,0.014871370454450306,612.9127319335937,608.0984497070312,601.9299886067708,587.9426696777343,586.9962475585937,590.9007771809896,1
2024-02-21,635.1669921875,646.2194108055281,628.3960776310134,645.2236952264749,3027198,Metals & Mining,-0.007700054036637982,0.01918839826104035,-0.004372178513555647,-0.00023770691349545015,626.7133544921875,608.9896118164063,605.9858723958333,593.3170471191406,588.8980639648438,591.9147501627605,0
2024-02-22,639.597900390625,651.198011604044,633.0262016472034,635.2665617788687,2052775,Metals & Mining,0.006975973653582157,-0.015432064137246626,0.0077041956884427165,0.0073681618663901105,635.2964233398437,610.4533081054688,611.1470011393229,597.9894409179688,590.4015942382813,592.7445129394531,1
2024-02-23,640.0459594726562,643.5807376092711,637.1584207692712,639.5978753091629,747457,Metals & Mining,0.0007005324466475837,0.0068181040698342965,-0.01169732379251276,0.006527722093201405,637.5965209960938,613.9831237792969,614.2171223958334,603.1895629882813,592.7474975585938,593.6406575520833,1
2024-02-26,659.41259765625,666.5319878747212,633.4244471090431,633.4244471090431,1770691,Metals & Mining,0.030258199269862063,-0.00965204613466819,0.03566180422165499,-0.005860353624016934,642.8638427734375,621.1522705078125,617.9112223307292,608.6286590576171,596.5292236328125,595.2454162597656,1
2024-02-27,660.3585815429688,671.0625239750007,655.0314667521362,667.0298880506872,1478526,Metals & Mining,0.0014345857056432543,0.05305359004537924,0.0067971773038610905,0.034111439401664834,646.91640625,629.9145690917969,621.0377685546875,613.1765930175782,599.7374169921875,596.9829406738281,1
2024-02-28,657.2718505859375,664.8890993204117,650.2022940565015,663.0470497493167,911248,Metals & Mining,-0.004674325500274246,-0.005971004257410262,-0.009199477595650984,-0.007372428563744204,651.3373779296875,639.0253662109375,623.1055338541667,617.3237487792969,604.92111328125,599.3046162923177,0
2024-02-29,637.8056030273438,661.2049191724983,625.508539915842,655.2306256886291,1553314,Metals & Mining,-0.02961673703390799,-0.01178864164110649,-0.0055410445917657425,-0.037978571232961,650.9789184570312,643.1376708984375,623.961844889323,621.10498046875,608.5873364257812,600.4978149414062,0
2024-03-01,647.5635986328125,660.0598776936921,644.2279757725098,653.089868682243,877113,Metals & Mining,0.015299325623908677,-0.0032671809321125345,-0.001731749788309589,0.02992674705798004,652.4824462890625,645.0394836425781,626.816231282552,623.7834533691406,613.0481396484375,602.7033223470052,1
2024-03-04,678.978515625,682.513293973524,655.1808876457294,659.2135238116133,1991820,Metals & Mining,0.04851248133544428,0.009376435653068782,0.034017241524035846,0.017001608568900872,656.3956298828125,649.629736328125,632.9000569661458,627.53232421875,618.1820532226562,606.5069580078125,1
2024-03-05,681.7664794921875,690.9270751134072,672.4067285973997,681.866026742143,2376664,Metals & Mining,0.004106114999266497,0.03436292204618563,0.01232764433187672,0.02629173298013643,660.6772094726563,653.7968078613281,640.1687825520834,630.9476287841796,622.6767163085938,609.8940490722656,1
2024-03-06,696.104736328125,704.9168556583501,666.5818059021677,684.4549126834826,3387928,Metals & Mining,0.02103103814464058,0.0037967662851732253,0.0202478395316128,-0.00866279655972868,668.4437866210938,659.8905822753907,648.8315063476563,634.4400970458985,627.5477563476562,615.5082255045573,1
2024-03-07,688.7862548828125,701.53140219682,684.0566058612102,700.834389133642,1758365,Metals & Mining,-0.010513477445817543,0.023930687247085247,-0.0048026280466343385,0.02621553694432399,678.6399169921875,664.8094177246094,654.9717529296875,637.6313629150391,632.6119677734375,620.2627665201823,0
2024-03-11,685.3510131835938,704.4687642406869,675.8917152891959,688.786244047343,1151264,Metals & Mining,-0.004987384220963009,-0.017191144260476077,0.004187071362263595,-0.011935986732757198,686.1973999023437,669.3399230957032,658.7587890625,641.6615234375,636.2662426757812,625.2396830240885,0
2024-03-12,655.4298095703125,684.9528021346332,638.6021912133925,675.4436693054571,2603383,Metals & Mining,-0.04365821752315102,-0.01937113996859785,-0.027703090749650272,-0.055170855378584016,681.4876586914063,668.9416442871094,660.2490437825521,645.0469573974609,638.3233911132812,628.732987467448,0
2024-03-13,616.0990600585938,653.9860284860508,598.9727386787986,653.9860284860508,2974280,Metals & Mining,-0.06000756898363113,-0.0317682166470975,-0.045210083894941966,-0.0620565558337578,668.3541748046875,664.5156921386719,658.6492635091146,647.2151306152343,638.4289379882813,630.2896260579427,0
2024-03-14,655.081298828125,663.1465706481675,609.6766323015346,616.0492362688772,1323985,Metals & Mining,0.06327268015280518,-0.058008566796137306,0.014007244441174072,0.01787041868774608,660.1494873046875,664.2966369628906,659.976883951823,651.661001586914,639.5819750976563,632.9813781738281,1
2024-03-15,661.7027587890625,677.0865762422384,636.461393822435,652.1936874098031,5161002,Metals & Mining,0.010107844587813108,0.05867136750276014,0.021021002310915637,0.04393273434113376,654.7327880859375,666.6863525390625,661.4505411783854,654.91201171875,641.0516479492187,636.2987711588542,1
2024-03-18,668.8222045898438,670.0668491343486,645.5224344072496,660.8564795050129,900857,Metals & Mining,0.010759280819397032,0.013282545143321167,-0.010367547303697267,0.01423659105290942,651.4270263671875,668.8122131347657,663.3689575195312,656.9258483886719,643.6146240234375,638.7930399576823,1
2024-03-19,664.5405883789062,667.1294245228165,640.6434149631635,666.7809483866321,1932179,Metals & Mining,-0.006401725573036532,0.008964834370779995,-0.004383778447369591,-0.007558249231982561,653.2491821289062,667.3684204101562,663.7108235677083,658.4990783691406,646.68740234375,640.8110229492188,0
2024-03-20,660.8067016601562,669.1209028549167,645.3731094068063,667.0299243429587,1098545,Metals & Mining,-0.005618748928276185,0.00037339992531126853,0.002985145398922695,0.007382725449405658,662.1907104492187,665.2724426269531,663.7406982421875,659.5346252441407,650.2102465820312,642.3892333984375,0
2024-03-21,677.7836303710938,686.894391771861,659.2632834928776,667.1294611502316,1376605,Metals & Mining,0.025691217519867804,0.00014922390081806292,0.026562447595211536,0.021522703508422225,666.7311767578125,663.44033203125,665.1081502278646,661.6654571533203,654.6750366210938,644.1068420410156,1
2024-03-22,690.0806274414062,692.0222848558041,675.0951210535758,677.2857073474181,1064038,Metals & Mining,0.01814295376767916,0.015223801059056186,0.007465329671298537,0.02401443847565532,672.4067504882812,663.5697692871094,668.5931518554687,664.1895935058594,658.4109594726563,646.2774983723958,1
2024-03-26,706.6593627929688,714.7744083461085,687.7905403034557,692.0223315394886,2139681,Metals & Mining,0.024024345405885494,0.021758356971367965,0.03287773239129921,0.018805378462914968,679.9741821289062,665.7006042480468,672.5328694661458,667.520263671875,661.5355151367188,649.674550374349,1
2024-03-27,699.8386840820312,712.6834396118829,696.005203337347,711.9366529130231,996432,Metals & Mining,-0.009652003596159475,0.028776992397387735,-0.00292535478300604,0.011943553382206984,687.0338012695313,670.1414916992187,673.9235473632813,669.5415679931641,664.2060229492188,653.4118021647135,0
2024-03-28,691.4746704101562,709.6464790546397,682.8119330386033,703.7717330464137,1192965,Metals & Mining,-0.011951345162987015,-0.011468604451254305,-0.004261303670669125,-0.01895570641639155,693.1673950195312,677.679052734375,674.5707600911459,671.0973724365234,666.2611791992188,657.3697713216146,0
2024-04-01,716.4671630859375,720.8981097550476,696.4035297827787,701.9297393257549,1185130,Metals & Mining,0.036143757313563896,-0.0026173169994841983,0.01585526178527208,0.019905329837589303,700.9041015625,683.8176391601562,675.9282552083333,674.0571380615235,669.5131860351562,662.3798807779948,1
2024-04-02,712.7332153320312,722.83975299577,709.9452238028246,718.9066642154829,1071239,Metals & Mining,-0.00521161044956131,0.02418607438692555,0.00269336708537371,0.019445182916102866,705.434619140625,688.9206848144531,677.5247192382812,677.8035186767578,672.4385986328125,666.2482360839844,0
2024-04-03,710.293701171875,717.9109498451597,704.0704786524128,711.936656226476,1075532,Metals & Mining,-0.003422759186296309,-0.009695289160538079,-0.006818666419746711,-0.008274927351357708,706.1614868164063,693.0678344726563,679.1875651041667,680.9400238037109,675.2485083007813,668.9731770833333,0
2024-04-04,704.2198486328125,712.6336574944328,678.1320881087921,709.8456660066446,2550633,Metals & Mining,-0.008551184572017978,-0.0029370453137143038,-0.007350901044015479,-0.036840616571890084,707.0377197265625,697.0357604980469,682.440234375,682.2020904541016,677.0407983398437,671.344639078776,0
2024-04-05,699.7888793945312,708.1031407369771,697.000887997273,703.9708968772458,906201,Metals & Mining,-0.006292025490169939,-0.00827612171311598,-0.006357427424049322,0.027824667523259627,708.7005615234375,700.9339782714844,688.0195556640625,683.1032104492188,678.6180102539063,673.3344095865885,0
2024-04-08,700.187255859375,708.9495414074314,683.160481813624,704.9666788152548,1138880,Metals & Mining,0.0005692809311121927,0.0014145214559666552,0.0011953070418151412,-0.01985708543846676,705.444580078125,703.1743408203125,691.0266194661458,683.3073364257813,680.3346264648437,675.5017517089843,1
2024-04-09,695.9554443359375,706.211303061049,692.520213294268,703.9211692911555,929889,Metals & Mining,-0.006043828258832873,-0.0014830623283590416,-0.0038623882045912827,0.01370063364291263,702.0890258789062,703.7618225097656,693.3101318359375,683.6657958984375,682.6606201171875,677.3803365071615,0
2024-04-10,695.4077758789062,701.9794743076434,691.2755319689098,697.0506700992629,1080351,Metals & Mining,-0.0007869303437288977,-0.009760324723308345,-0.0059922982470868025,-0.0017973212932477223,699.1118408203125,702.6366638183594,695.0825032552083,684.1686340332031,684.5743872070312,679.2257303873698,0
2024-04-12,679.9741821289062,700.9837561940091,675.095151561844,693.11757893862,1458540,Metals & Mining,-0.022193588115252072,-0.00564247525948558,-0.0014184433449658806,-0.02340655738382702,694.2627075195312,700.6502136230469,696.1114095052084,685.3958526611328,684.6142138671875,679.9111165364583,0
2024-04-15,690.8274536132812,700.9837646305574,649.5550308847766,675.0951596868152,1841612,Metals & Mining,0.01596129936933033,-0.026001965322251297,1.203529786941715e-08,-0.03783188283604155,692.4704223632813,700.5854919433593,698.11279296875,689.1322723388672,684.9766528320313,680.9267456054688,1
2024-04-16,670.564697265625,698.245579380821,666.3329058754382,685.5502052102606,1243355,Metals & Mining,-0.02933113940633747,0.015486773047366453,-0.0039062035212462654,0.025829797619776773,686.5459106445312,695.9952453613281,697.6315307617188,689.9064422607422,683.9550512695313,681.3698404947917,0
2024-04-18,672.0084838867188,688.2884096648067,662.3500303956421,680.0737559509049,2336033,Metals & Mining,0.00215309071142733,-0.007988400000078832,-0.014260268893995676,-0.0059773057051165646,681.7565185546875,691.9227722167968,696.4267211914063,690.421728515625,683.2839404296875,682.5099365234375,1
2024-04-19,689.6326293945312,691.9228239902411,663.2461648794348,667.2290274477512,1069195,Metals & Mining,0.026226075905886104,-0.018887258022762254,0.005280365431700851,0.0013529620935586184,680.6014892578125,689.8566650390625,695.2916056315104,691.4622497558594,683.455205078125,683.9122375488281,1
2024-04-22,709.5967407226562,715.7203551473153,694.1133146530536,697.0009141783983,1638191,Metals & Mining,0.028948907689667625,0.044620191127668685,0.03439333164331315,0.04653950736259427,686.5260009765625,690.3943542480469,695.9421427408854,693.7150573730469,685.6218823242187,684.9328450520833,1
2024-04-23,721.7444458007812,729.0629921019224,712.2353737456035,716.9152493334844,1747763,Metals & Mining,0.017119166959185472,0.028571462031094397,0.01864224883175325,0.02610821419209919,692.7093994140625,692.5899108886719,697.960127766927,696.7619445800781,689.8476977539062,686.2654439290365,1
2024-04-24,734.5891723632812,744.7952571029948,717.4130785330317,728.7144261060812,1552507,Metals & Mining,0.01779677923014522,0.01645825888564434,0.021578745830611368,0.0072696540754482175,705.5142944335937,696.0301025390625,699.16826171875,699.6022216796875,693.0280126953126,687.5482584635416,1
2024-04-25,726.5736694335938,738.4226483478002,720.3504470709887,733.742833750046,1020024,Metals & Mining,-0.010911545161903846,0.006900381636238961,-0.00855618869000585,0.004094389447099722,716.4273315429688,699.0919250488281,700.0909586588542,701.4268737792969,695.6228491210937,688.8078389485677,0
2024-04-26,698.14599609375,728.1667840598445,695.507325524246,726.7728187262799,934551,Metals & Mining,-0.03912565860252648,-0.00949926146214397,-0.013888880996408837,-0.03448754928626363,718.1300048828125,699.3657470703125,699.2811116536458,701.0012054443359,696.79580078125,689.2343383789063,0
2024-04-29,696.8515625,721.495524454039,688.8858374239469,706.858553245719,1451408,Metals & Mining,-0.0018541015790287663,-0.027400949743087488,-0.009161719199288876,-0.00952037147172824,715.5809692382812,701.0534851074219,698.789892578125,700.8518493652343,698.0882397460938,690.6150634765625,0
2024-04-30,703.921142578125,715.2224901200036,694.412070928424,698.1460043594838,1448948,Metals & Mining,0.010145030101909258,-0.012325731712843235,-0.008694488214299412,0.00802198739509885,712.01630859375,702.3628540039062,699.0653767903646,701.4741729736328,699.8128173828125,693.5424662272136,1
2024-05-02,731.054443359375,736.7300347266738,704.4190496863647,721.8440735845958,2232161,Metals & Mining,0.03854593808885154,0.033944288267973244,0.030071124585388187,0.014410721208462762,711.3093627929687,708.4118286132813,701.1231892903646,702.2035369873047,701.9436499023437,696.0749043782552,1
2024-05-03,729.7101440429688,736.829534803574,722.0929562622338,732.8466724532844,1489456,Metals & Mining,-0.0018388497992418706,0.015242348411965256,0.0001350563601456578,0.025090046306581515,711.9366577148437,714.1819946289063,703.3735026041667,703.0523834228516,703.5288305664062,698.3418172200521,0
2024-05-06,719.0061645507812,737.9745941388046,704.5682892724632,735.2861500356975,1260392,Metals & Mining,-0.014668810046797431,0.0033287694058112827,0.0015540356095196106,-0.024269267326028854,716.10869140625,717.1193481445313,704.946728515625,703.4880065917969,704.0227026367188,700.0146158854167,0
2024-05-07,697.8472290039062,723.8354416990744,687.043739439572,718.9066375005377,2019542,Metals & Mining,-0.02942803078760059,-0.02227637843357244,-0.0191594027111871,-0.024872748461312377,716.3078247070313,715.9443969726562,706.1382649739584,703.1693756103516,703.9430444335937,701.1248372395834,0
2024-05-08,690.6282958984375,706.7091266833287,687.0437441514573,694.5116109357123,1104959,Metals & Mining,-0.010344575152606006,-0.0339335113800604,-0.023660509045460354,6.858202672432867e-09,713.6492553710938,712.8327819824219,706.1249877929688,702.7113464355468,703.909189453125,702.1188903808594,0
2024-05-09,676.5887451171875,706.8086890407,673.3028958166036,695.8060438980879,1932844,Metals & Mining,-0.02032866429688629,0.0018638031992461723,0.00014088166349068842,-0.01999996135882809,702.7561157226562,707.0327392578125,706.5265909830729,701.5314208984375,702.314052734375,702.0790608723959,0
2024-05-10,684.703857421875,690.6283166296325,654.0856026873347,682.0154131441108,1350872,Metals & Mining,0.011994157992211152,-0.019819647838524634,-0.022892152660188514,-0.028541824561680418,693.7548583984375,702.8457580566406,707.37294921875,700.9688415527344,701.1928784179687,701.8998352050781,1
2024-05-13,677.1861572265625,686.3467529280246,664.1423071379635,684.0566191960734,1179463,Metals & Mining,-0.010979491518594675,0.002992903111313172,-0.006199519478874871,0.015375211454449422,685.3908569335938,700.7497741699219,706.5431844075521,700.0577606201172,699.8685766601562,700.9173950195312,0
2024-05-14,708.5512084960938,712.3349764582765,675.095188086239,677.1861665717331,2516471,Metals & Mining,0.04631673423152627,-0.010043689998080363,0.037864568338647375,0.01649176815052722,687.5316528320312,701.9197387695312,706.4734822591146,701.4866119384766,700.0418310546875,701.2078125,1
2024-05-15,679.9243774414062,710.642240359455,677.7338517265081,710.642240359455,2801684,Metals & Mining,-0.040401922558918835,0.049404544037120246,-0.002376320347539096,0.003908580133342721,685.390869140625,699.5200622558593,703.685477701823,700.9414581298828,699.2472509765626,700.822802734375,0
2024-05-16,680.8204956054688,690.0308642845921,622.3222080488746,622.3222080488746,6096361,Metals & Mining,0.0013179674001904118,-0.12428199070450219,-0.029003871293152073,-0.08176018290435672,686.2372192382812,694.4966674804688,700.100899251302,701.454248046875,698.4725805664062,699.634580485026,1
2024-05-17,704.0704956054688,706.8585479802463,673.2033111656966,679.1278313016104,2200760,Metals & Mining,0.034149970733949875,0.09128008372195917,0.024386856540251634,0.08176006328995733,690.110546875,691.9327026367188,698.6006876627604,703.0573486328125,698.7971826171874,699.3458231608073,1
2024-05-21,698.5442504882812,704.9666281109726,689.5330366763396,704.9666281109726,1868664,Metals & Mining,-0.007848994030683176,0.038047029761451245,-0.0026765183425730976,0.02425675162287444,694.3821655273438,689.8865112304687,698.6272379557291,703.5029296875,698.9226416015625,698.9541748046875,0
2024-05-22,703.970947265625,720.4998023403332,691.0266441334423,698.544284951632,2349155,Metals & Mining,0.0077685798337765455,-0.009110137846595534,0.022033914244966812,0.0021661144247737685,693.46611328125,690.4988830566406,699.1018636067708,703.2216400146484,699.8825122070313,698.945878092448,1
2024-05-23,710.5426635742188,721.5951437540944,701.8799860376143,708.8997692158139,1472715,Metals & Mining,0.009335209548234413,0.014824377619665041,0.0015202522057651269,0.01570611205271577,699.5897705078125,692.4903198242188,699.5432983398438,702.6615509033203,700.6711206054688,699.3043375651042,1
2024-05-24,702.2781982421875,728.8638168304901,697.7974780567542,710.5924599393525,2086563,Metals & Mining,-0.011631202115941597,0.0023877715821674084,0.010073062629801788,-0.005816532829077348,703.8813110351563,695.0592651367188,697.6248819986979,701.0460021972656,701.9396606445313,699.3740356445312,0
2024-05-27,719.3049926757812,724.8312022464552,702.9752320966504,706.8087129480539,2319612,Metals & Mining,0.024245084748767853,-0.005324777850332807,-0.005532740809622072,0.007420138654435027,706.9282104492188,698.5193786621094,696.9312052408854,700.682568359375,703.8315209960938,700.152353922526,1
2024-05-28,711.0404663085938,726.7728209795631,708.1031539874213,724.6320081883352,2914617,Metals & Mining,-0.011489599615378543,0.025216575452135404,0.0026787184755434623,0.0072945982399359455,709.4274536132813,701.9048095703125,696.4001586914062,701.3272918701172,704.6878344726563,700.6734436035156,0
2024-05-29,708.5014038085938,721.8440167961652,704.0206837301243,717.4130703416142,2778881,Metals & Mining,-0.003570911390151532,-0.009962212219646771,-0.0067817673434110715,-0.005765360928429719,710.333544921875,701.8998291015625,697.1104370117188,701.9097839355469,704.6440209960938,701.6243509928386,0
2024-05-30,704.6181640625,719.304969066891,701.9794934302145,712.0860310138853,2399763,Metals & Mining,-0.005480920327354588,-0.007425344683492208,-0.003517446526111745,-0.002899332856379999,709.1486450195313,704.3692077636719,698.0430948893229,701.9446350097656,703.9589697265625,702.0840413411458,0
2024-05-31,790.100341796875,833.4139711203331,712.9821551340551,715.9195283578489,44737406,Metals & Mining,0.12131702260061616,0.005383474997403548,0.15863786149214087,0.015673765126779315,726.7130737304688,715.2971923828125,705.6105346679688,704.8969299316407,706.1794165039063,706.0685628255209,1
2024-06-03,799.9081420898438,826.493762065403,785.6196468401741,816.4868319504978,2919689,Metals & Mining,0.012413360397571127,0.14047291575259413,-0.008303447379970796,0.10187841474442183,742.8337036132813,724.88095703125,713.2908203125,708.4068298339844,709.1127954101562,710.331884765625,1
2024-06-04,755.399658203125,810.8609680602781,743.7995472465112,804.0403405643344,4991128,Metals & Mining,-0.05564199380498325,-0.015243958505038124,-0.018914594063067836,-0.05323199306670445,751.7055419921875,730.5664978027344,718.5050537109375,710.2265045166016,711.4029418945313,712.5241190592448,0
2024-06-05,772.8744506835938,782.5329040309687,728.2664045465277,761.7721975805254,2456213,Metals & Mining,0.023133174989827365,-0.05256967946924429,-0.03493578448729029,-0.02088350652737825,764.5801513671875,737.4568481445312,722.7932698567708,713.9778656005859,714.443857421875,714.6333760579427,1
2024-06-06,791.0462646484375,793.5853272546841,776.6581621814976,789.950941032449,1313297,Metals & Mining,0.023511986906503468,0.03699103687614547,0.014123908613659975,0.06644787859616041,781.865771484375,745.5072082519531,730.2013956705729,718.9987640380859,717.9288623046875,716.943436686198,1
2024-06-07,791.494384765625,800.1072885680613,784.8230778378949,790.1003585632959,872735,Metals & Mining,0.0005664904029181184,0.0001891478610704933,0.008218349167239847,0.010512882055424999,782.144580078125,754.4288269042969,737.5796549479167,724.7440460205078,720.3464599609375,718.8402770996094,1
2024-06-10,810.4129638671875,821.4156092651194,791.5939144223993,800.1072707812671,1175617,Metals & Mining,0.023902354161570827,0.012665368531369348,0.026631829257790285,0.00862721392336896,784.2455444335938,763.5396240234375,744.6691528320313,731.0295013427734,723.5745727539063,721.6349202473958,1
2024-06-11,793.834228515625,819.0755935982875,786.7148379673589,819.0755935982875,935522,Metals & Mining,-0.020457144802386806,0.02370722465563735,-0.0028487596783380864,-0.006163610364034344,791.9324584960938,771.8190002441406,751.0218180338542,736.8619049072265,726.5676953125,724.8245279947917,0
2024-06-12,820.1211547851562,826.443924354794,791.593879351881,796.57245720944,894004,Metals & Mining,0.03311387355856987,-0.02747382117685715,0.00899591052901072,0.00620179148664346,801.3817993164063,782.9809753417969,758.7651652018229,742.4404022216797,731.45865234375,728.9335144042968,1
2024-06-13,812.703125,837.3968609444626,807.6249387250824,837.2973136890106,842753,Metals & Mining,-0.009045041384281194,0.05112511248786866,0.01325309106509498,0.020251621180202628,805.7131713867187,793.7894714355468,765.5758626302083,749.0793395996094,736.3416455078125,732.559580485026,0
2024-06-14,808.9193725585938,821.4653647286227,797.0205590602175,811.7571376909208,1189571,Metals & Mining,-0.004655762141195452,-0.03050311470075484,-0.01902502500173142,-0.01313032715607454,809.1981689453125,795.6713745117188,772.6852742513021,755.4842834472656,741.6348706054688,735.155078125,0
2024-06-18,805.8326416015625,826.8920513391065,799.4600980780642,816.437037296797,767287,Metals & Mining,-0.0038158697414650833,0.005765147466628262,0.006606105191393485,0.003060823199746876,808.2821044921875,796.2638244628906,778.4537841796875,760.5723907470704,746.4800219726562,737.6924947102865,0
2024-06-19,790.3990478515625,810.7116708308778,780.6410469197967,810.7116708308778,942980,Metals & Mining,-0.019152356150932692,-0.007012624616927976,-0.019567705944234737,-0.023539700359666793,807.595068359375,799.7637634277344,783.7443562825521,765.1651306152344,751.0085375976563,740.0722574869792,0
2024-06-20,805.1854248046875,814.1966386123403,780.9894876900801,790.5981673074987,1197603,Metals & Mining,0.018707483255852697,-0.024809687891584553,0.0042986525380728224,0.000446352099544578,804.6079223632812,802.9948608398438,790.1899576822917,770.2258544921875,754.87390625,743.6501973470052,1
2024-06-21,787.7105712890625,807.2266331277108,777.6538682371988,807.2266331277108,2239979,Metals & Mining,-0.021702893491724384,0.021032765452572377,-0.008560592311592785,-0.004271017094925278,799.6094116210937,802.6612915039062,795.7294514973959,774.0842498779297,759.1853540039062,746.8862731933593,0
2024-06-24,797.4686889648438,806.1812009085753,780.989546326629,786.1672798650644,550859,Metals & Mining,0.012387948101054924,-0.02608852631763281,-0.001295091336474874,0.004289412328124298,797.3192749023438,803.2587219238281,796.2206746419271,778.8437744140625,763.8512817382813,750.915604654948,1
2024-06-25,808.4713134765625,810.5125183520787,796.0746417966669,796.5724996089225,609163,Metals & Mining,0.013796936060274323,0.01323537624924298,0.005372635132922854,0.019315361570446665,797.8470092773438,803.0645568847656,796.791552734375,783.3020904541015,768.027314453125,755.0411865234375,1
2024-06-26,809.7159423828125,813.2507206268878,802.1983017175464,811.5082183176168,555281,Metals & Mining,0.0015394843150313697,0.018749980342061656,0.0033783590170530786,0.007692318784403129,801.7103881835938,804.6527282714844,800.4126383463541,788.2358642578125,772.4741821289062,759.4588460286458,1
2024-06-27,799.8583374023438,822.4610939053208,796.5724880438943,807.575133380269,980428,Metals & Mining,-0.012174152026030338,-0.004846635990331305,0.011325379793495127,-0.007012996239965874,800.644970703125,802.6264465332031,802.2115641276042,792.8037109375,776.309677734375,762.5024169921875,0
2024-06-28,818.97607421875,821.4653631981382,800.7047174195026,804.438650888585,998535,Metals & Mining,0.023901403439131386,-0.0038838274756624047,-0.001210672109065447,0.005187512043951736,806.8980712890625,803.2537414550782,804.0735514322917,798.5216064453125,780.6470141601562,767.1374735514323,1
2024-07-01,807.8240356445312,822.4610667844087,801.5012660386412,822.4610667844087,585859,Metals & Mining,-0.013617050516227969,0.022403717021697078,0.0012121065974028955,0.0009948094494880433,808.969140625,803.1442077636718,805.1621948242188,799.4077911376953,784.86884765625,771.3709248860677,0
2024-07-02,811.5081787109375,816.1880539821609,801.7501784100032,805.6832670137012,455805,Metals & Mining,0.004560576194624799,-0.02039950636971055,-0.007627124316988643,0.00031055767708543236,809.576513671875,803.7117614746094,805.2352091471354,799.98779296875,788.5569750976563,774.9521809895833,1
2024-07-03,821.1666259765625,826.4439062351404,806.5793688642758,812.1055780102739,785117,Metals & Mining,0.011901848334994192,0.007971260245204448,0.012565550552892102,0.006023310732340192,811.866650390625,806.7885192871094,807.0573689778646,803.2761413574219,792.962021484375,779.0395935058593,1
2024-07-04,830.0783081054688,831.9203575979891,820.7185574507989,826.4439219704739,587820,Metals & Mining,0.010852465074683293,0.017655763423433335,0.006626525190072119,0.01752981681943111,817.91064453125,809.2778076171875,807.7211791992188,806.1363342285156,797.82509765625,783.2431722005208,1
2024-07-05,824.2533569335938,842.1762376337506,821.4653654238563,830.0783296253389,454429,Metals & Mining,-0.007017351393231341,0.004397645815096052,0.012327958971184882,0.000909944056068257,818.9661010742187,812.9320861816407,808.4911946614583,807.7966888427734,802.6105053710937,787.0335286458334,0
2024-07-08,816.6859741210938,832.3187217097098,812.0558721194286,823.456828268936,385933,Metals & Mining,-0.009180894137516549,-0.00797695966763956,-0.011704813652469337,-0.011454522248266152,820.7384887695313,814.8538146972656,809.0089680989583,809.0562683105469,803.6739306640625,790.8471211751302,0
2024-07-09,806.9777221679688,844.3668308855885,805.3347671144477,820.4696564265624,919354,Metals & Mining,-0.011887374414104368,-0.003627599820446137,0.014475355247482558,-0.008276653412331303,819.8323974609375,814.7044555664063,809.0853068033854,808.8845062255859,803.9567138671875,793.7695454915364,0
2024-07-10,790.74755859375,814.794053582009,774.7165011612541,811.4584306713591,938248,Metals & Mining,-0.020112282072193954,-0.010983009163861635,-0.03502361322336989,-0.038019302287047974,813.748583984375,812.8076171875,809.1085408528646,808.7301727294922,805.3706298828125,796.4264485677083,0
2024-07-11,784.2754516601562,794.03345282103,774.766318636735,792.9381291479394,605970,Metals & Mining,-0.008184795341137252,-0.022823475391212544,-0.02547956832737186,6.430413629532339e-05,804.5880126953125,811.2493286132812,807.7145426432292,806.9378875732422,805.826669921875,798.9522501627604,0
2024-07-12,779.9440307617188,784.5741326909465,762.1207576788635,772.6753189112287,1291143,Metals & Mining,-0.005522831154881502,-0.025554087376885692,-0.01191299950458835,-0.016321774261073285,795.7261474609375,807.3461242675781,807.1967732747396,805.2999328613281,805.3825805664062,801.4631123860677,0
2024-07-15,786.0676879882812,788.6067505987352,772.4761458181206,772.9740036152158,407174,Metals & Mining,0.00785140597919809,0.00038655913638852013,0.005139881293253268,0.013587594924977298,789.602490234375,805.1704895019532,806.4367065429688,804.1573486328125,805.1655126953125,801.328690592448,1
2024-07-16,794.630859375,797.667779941483,784.4745476280077,792.490107199651,487116,Metals & Mining,0.010893681953310974,0.025248072371331975,0.011489921099291145,0.015532391355825848,787.1331176757812,803.4827575683594,805.5140096028646,803.5972595214844,804.534228515625,801.1527811686198,1
2024-07-18,791.6934204101562,800.9536237717446,782.184348931291,793.5853042907002,864284,Metals & Mining,-0.00369660821775053,0.0013819694165257967,0.004119313720434725,-0.0029194047195559847,787.3222900390625,800.5354370117187,804.3125081380208,803.661978149414,804.4485961914063,802.3625732421875,0
2024-07-19,742.1068115234375,790.0505411329185,737.8750202975791,790.0505411329185,1705068,Metals & Mining,-0.06263359983594308,-0.0044541691216686274,-0.013612626643079162,-0.05664819130458476,778.8885620117187,791.7382873535156,800.4624064127604,800.5080474853515,801.3280224609375,801.3369852701823,0
2024-07-22,745.3927001953125,751.66575731595,726.3745558726079,741.6089929363145,1357832,Metals & Mining,0.0044277840074389285,-0.06131449277553769,-0.048585225651418984,-0.015585924592396716,771.9782958984375,783.8522216796875,795.5568481445313,798.3921539306641,798.63560546875,799.8151997884114,1
2024-07-23,730.8054809570312,747.8321935050099,704.0207068542827,747.5832646035852,738610,Metals & Mining,-0.019569844505398337,0.008055824193307526,-0.005100091062587575,-0.030774548526787293,760.9258544921875,775.2641723632812,790.4222778320312,795.0589935302735,795.5110498046874,797.792236328125,0
2024-07-24,749.2760009765625,759.5816332918267,733.8424089298692,743.9489467408767,487936,Metals & Mining,0.02527419470820469,-0.004861422178351726,0.01571133188549756,0.04235912635132033,751.8548828125,769.4940002441406,786.2734659830729,792.0992279052734,793.2487841796875,795.7543375651042,1
2024-07-25,745.6416015625,755.2502813966533,733.6432407563485,734.8381116291762,470749,Metals & Mining,-0.0048505482750357265,-0.012246586478297572,-0.005702286239337329,-0.0002714045564784495,742.6445190429688,764.9834045410156,781.2384643554688,788.8955108642579,791.458486328125,794.1479166666667,0
2024-07-26,761.2245483398438,763.0168241995166,743.0029656814693,745.6415754607041,429416,Metals & Mining,0.02089870890343226,0.01470182841711365,0.01028340272644579,0.012757869772604069,746.46806640625,762.6783142089844,776.6482137044271,786.9638214111328,789.7000512695313,792.1846964518229,1
2024-07-29,736.2819213867188,762.7181587283822,734.2904901628848,762.3696825736744,1245427,Metals & Mining,-0.03276645111816534,0.022434515004926547,-0.00039142711099160454,-0.011726030609573113,744.6459106445312,758.3121032714844,770.7834513346354,782.8291137695312,787.6429052734375,789.6373229980469,0
2024-07-30,741.4097900390625,750.7695407182214,732.1994210050525,738.8209538632894,1735997,Metals & Mining,0.006964545106154185,-0.03088885779257,-0.01566583655236653,-0.002847741031439033,746.7667724609375,753.8463134765625,765.7650390625,779.5084014892578,785.4005493164062,787.3870035807291,1
2024-07-31,737.327392578125,771.5800330991844,731.3530990528465,736.8295347843517,1836301,Metals & Mining,-0.005506263224177799,-0.00269540146164593,0.02771888209670137,-0.0011558626351333423,744.37705078125,748.115966796875,761.1216837565104,775.7993621826172,782.5547924804688,785.1034952799479,0
2024-08-01,733.1951293945312,751.6657016791156,723.4869026699928,739.2192571604764,1404681,Metals & Mining,-0.005604380394908404,0.0032432499829477823,-0.025809806586206574,-0.01075567519033005,741.8877563476562,742.2661376953125,757.2848551432292,771.4007873535156,779.4939599609374,783.1966979980468,0
2024-08-02,726.6234741210938,735.3359858012028,718.9066780615686,725.3788295953639,512580,Metals & Mining,-0.008963037273398644,-0.018723034378564596,-0.02172470533301507,-0.006330763682826923,734.9675415039062,740.7178039550781,753.4413899739583,766.2280456542969,776.5645654296875,780.5779663085938,0
2024-08-05,674.2488403320312,720.5496155591588,666.2831155617728,702.0292690041136,1480507,Metals & Mining,-0.072079468465306,-0.03218947071322065,-0.02010831854765427,-0.0731994347885152,722.5609252929687,733.60341796875,746.3950439453125,758.7278198242187,770.7754760742188,776.795908610026,0
2024-08-06,657.0228881835938,710.5425995520892,654.0855758995025,688.0394521977744,1515893,Metals & Mining,-0.025548360068301523,-0.019927683109544625,-0.01388803184539067,-0.018306841907566596,705.683544921875,726.2251586914062,737.7920572916667,750.7446655273437,764.7434301757812,772.1143819173177,0
2024-08-07,675.3441162109375,685.0523434620346,662.84789739118,667.0796887570428,1046461,Metals & Mining,0.02788522037336416,-0.030463025592181836,-0.03587435307344422,0.01339629218948546,693.2868896484375,718.8319702148438,729.8396077473958,744.1629852294922,759.2968676757813,767.6768086751302,1
2024-08-08,660.8564453125,682.3141039948184,658.168001080737,682.065175098797,538760,Metals & Mining,-0.021452279735139412,0.02246431212690103,-0.003997124443627209,-0.007060286875559374,678.8191528320312,710.3534545898438,721.1171427408855,737.6684295654297,752.8844604492188,762.7148254394531,0
2024-08-09,661.9019165039062,675.891707924775,655.9773967851313,667.6272809565538,558564,Metals & Mining,0.0015819943935204694,-0.021167909855758116,-0.009412667908286654,-0.003328336066184656,665.8748413085938,700.42119140625,715.7701497395833,731.5497528076172,746.1574047851562,758.1162780761719,1
2024-08-12,678.3810424804688,685.3510518485099,628.2965587477051,653.1894493478519,2522806,Metals & Mining,0.024896628285355993,-0.021625586641719985,0.013995354304284113,-0.04219785342160676,666.7012817382813,694.631103515625,711.3027058919271,726.4716033935547,740.3225122070312,753.4297770182292,1
2024-08-13,691.2755737304688,696.0052229565684,671.8591190127962,688.4378085042724,2384873,Metals & Mining,0.019007800104277273,0.05396345454081142,0.015545567602650356,0.06933439258670804,673.5518188476562,689.6176818847656,708.6673787434896,721.7319976806641,735.3060961914063,749.5448282877604,1
2024-08-14,692.9185180664062,695.0094965402303,678.5304153314364,695.0094965402303,1211212,Metals & Mining,0.0023766850708630827,0.009545797681036472,-0.0014306306669774616,0.009929605969243527,677.06669921875,685.1767944335937,704.9102132161458,716.6463806152344,730.7437280273438,745.5918395996093,1
2024-08-16,698.3450927734375,703.9211364461063,680.4222124604808,696.1047327343178,2086559,Metals & Mining,0.007831475946369792,0.001575857883294507,0.012822328256287596,0.0027880800717241527,684.5644287109375,681.6917907714844,701.7571126302083,711.9789642333984,727.0476293945312,741.4977884928386,1
2024-08-19,720.0517578125,721.6448784572028,701.4816376310444,705.1657974922837,580295,Metals & Mining,0.031083006472997,0.013016812459202498,0.02517859046054305,0.030950525695524256,696.1943969726562,681.034619140625,699.0122599283854,710.8762115478515,724.478681640625,737.8302368164062,1
2024-08-20,737.2776489257812,739.816711622513,720.2508752223598,721.8938303180645,593449,Metals & Mining,0.02392312903396432,0.023722127314270258,0.025181129538616842,0.026756562943971884,707.9737182617188,687.3375,699.0786417643229,710.470458984375,722.7720263671876,734.9310465494792,1
2024-08-21,740.6630249023438,745.7909845528577,729.8595349495923,736.829544151021,546483,Metals & Mining,0.0045917246799696,0.020689626653791704,0.008075341954958404,0.013340712323697046,717.8512084960937,695.701513671875,699.028857421875,710.9633361816407,720.95583984375,732.3969482421875,1
2024-08-22,726.6234741210938,743.8493422024634,723.9350297907856,740.6630400618633,398881,Metals & Mining,-0.018955382284813194,0.005202690284710654,-0.0026034671786203667,-0.008117322409463168,724.5921997070312,700.8294494628906,698.315262858073,709.8307098388672,718.2355444335938,729.7184733072917,0
2024-08-23,727.6689453125,737.8252565451813,723.3873804049584,728.8638161822844,439875,Metals & Mining,0.0014388073447129113,-0.015930623294762247,-0.008098529252503428,-0.000756489689393014,730.4569702148438,707.5106994628907,697.9468505859375,708.9320770263672,715.6745654296875,727.6158528645833,1
2024-08-26,739.6672973632812,741.8081101786285,723.9847769131962,724.7315636012955,452324,Metals & Mining,0.016488751001499047,-0.0056694439883614445,0.005398098802007034,0.000825832084468292,734.380078125,715.2872375488281,698.8164388020833,707.854214477539,715.5769848632813,726.1289143880208,1
2024-08-27,733.444091796875,744.2974162224921,729.8595399211863,740.8621852236568,270576,Metals & Mining,-0.008413519954972082,0.022257374223092707,0.0033557277275713115,0.008114484165037128,733.6133666992188,720.7935424804688,702.7627888997396,707.7123229980468,715.0990405273437,724.578916422526,0
2024-08-28,726.0260620117188,735.4853603154579,720.898102306018,734.1411077765214,427806,Metals & Mining,-0.010113967605878016,-0.009071967204138498,-0.011839428318531131,-0.012278304420239472,730.6859741210938,724.2685913085937,707.3630004882813,706.9431365966797,714.9078637695312,722.5775288899739,0
2024-08-29,732.9960327148438,737.8252288642096,719.9521224340232,726.3744999412158,765919,Metals & Mining,0.00960016598276403,-0.010579175792005624,0.0031813937775024836,-0.001312224111797211,731.9604858398437,728.2763427734375,711.2064615885416,706.7265686035156,714.2566650390625,720.5230346679688,1
2024-08-30,792.1529541015625,798.7425558113175,727.2551214418929,733.8447231516479,3127059,Metals & Mining,0.08070565016241016,0.010284258617333952,0.08256335587884744,0.010143728701263788,744.8572875976563,737.65712890625,719.9595621744792,709.6744598388672,716.117119140625,720.5383524576823,1
2024-09-02,738.1878662109375,793.7504199856194,735.8415843137126,792.1529592393242,2283551,Metals & Mining,-0.06812458075325956,0.07945582253049333,-0.006249993554716005,0.011806672264879525,744.5614013671875,739.4707397460937,725.0452921549479,710.2526794433594,715.1956518554688,720.4077209472656,0
2024-09-03,725.1583862304688,743.5793986259652,721.1646734483219,743.5294894040326,5990340,Metals & Mining,-0.017650628758432596,-0.06138141537965469,-0.06320755252080767,-0.019945748077120684,742.9042602539063,738.2588134765625,728.1637817382813,712.7981567382812,714.7507104492188,719.7332438151042,0
2024-09-04,726.007080078125,732.2971654642689,708.8840123065808,722.6623090903294,1293686,Metals & Mining,0.0011703565231699908,-0.02806503388376569,-0.015172869477750872,-0.017028927780141978,742.9004638671875,736.7932189941406,730.4792154947917,716.2473663330078,714.1346020507813,719.5732971191406,1
2024-09-05,718.5188598632812,730.2503909088996,709.8824317816701,727.3549248283357,1334954,Metals & Mining,-0.010314252326627416,0.0064935111171264825,-0.002795005432079889,0.0014084384155323981,740.005029296875,735.9827575683594,732.1859049479167,718.406103515625,713.3822607421876,718.5480590820313,0
2024-09-06,724.9087524414062,740.534177500859,721.3144354457484,728.1037347371125,932802,Metals & Mining,0.008893145239556866,0.0010294972690993998,0.014082548561404673,0.01610408027056831,726.5561889648437,735.70673828125,733.9568155924479,721.6087188720703,713.0508056640625,717.8569641113281,1
2024-09-09,719.5671997070312,738.8368513448017,712.3785046412379,727.0055018171979,672031,Metals & Mining,-0.0073685863446748545,-0.0015083467746682677,-0.002292029466871237,-0.01238839868633479,722.8320556640625,733.696728515625,733.92451171875,724.4919830322266,712.7685546875,716.4683858235677,0
2024-09-10,741.2830200195312,748.821140647539,720.0165118129852,720.8651513966976,717731,Metals & Mining,0.030179002491138363,-0.008446085215520593,0.013513523702241237,0.010721838351360535,726.056982421875,734.4806213378906,734.1915364583333,727.6370819091796,715.449921875,716.6350891113282,1
2024-09-11,732.5467529296875,753.6634719429451,729.6512868909888,733.8946065695397,779371,Metals & Mining,-0.01178533279989813,0.018074746917085882,0.00646660601918736,0.013381325177867831,727.3649169921875,735.1326904296875,733.6504516601562,729.7006408691407,718.4708764648437,716.3396545410156,0
2024-09-12,748.9708862304688,753.763329067491,733.0958545849146,733.0958545849146,602011,Metals & Mining,0.022420593955397194,-0.0010883742399453444,0.0001324956406452138,0.0047208409767944826,733.455322265625,736.73017578125,735.1402791341146,732.5032592773438,721.415947265625,716.7277709960938,1
2024-09-13,761.7507934570312,774.031447904761,748.8211363154734,754.6120075818023,957585,Metals & Mining,0.017063289723961317,0.029349713086388007,0.026889234399800843,0.02145051241554574,740.82373046875,733.6899597167969,737.41240234375,735.6735443115234,725.4517211914062,717.6796264648438,1
2024-09-16,758.2562866210938,766.2936212094532,748.9209466591147,761.7507852194431,537075,Metals & Mining,-0.004587467274012935,0.009460196188127545,-0.009996785939709985,0.00013328996578865215,748.5615478515625,735.6968017578125,738.6516682942708,737.5837707519531,729.3058959960938,718.734053548177,0
2024-09-17,755.2110595703125,760.8022327053211,749.9693119040356,756.9083386346858,488625,Metals & Mining,-0.004016092058202747,-0.006356995855753778,-0.00716616757877353,0.0013998343210956943,751.3471557617188,738.7020690917968,740.1027994791667,738.4804412841797,732.3790966796874,721.4327941894531,0
2024-09-18,748.7213134765625,763.7476453358823,742.830562863116,751.2173839162907,454808,Metals & Mining,-0.008593287944488548,-0.007518684136391562,0.003871456344295643,-0.00951872153647948,754.5820678710937,740.9734924316406,741.6158162434896,738.8833557128906,734.6769262695312,724.4894083658854,0
2024-09-19,733.2456665039062,757.2578516107026,725.9071829501211,756.3093326690164,602014,Metals & Mining,-0.020669435601876618,0.006778262673022839,-0.008497301124019363,-0.022782288127411787,751.4370239257812,742.4461730957031,741.6324584960937,739.2144653320313,736.2900122070313,726.4194600423177,0
2024-09-20,775.4791870117188,787.7598415553458,735.8914849203532,737.3392179830454,1379940,Metals & Mining,0.057598049926678385,-0.025082481289799063,0.04027952946247426,0.013754240493468295,754.1827026367188,747.5032165527343,740.5208740234375,741.6049774169921,739.3753759765625,730.2402180989583,1
2024-09-23,771.1859130859375,777.775514377635,749.5699196649673,764.746039450423,1237977,Metals & Mining,-0.00553628517397764,0.037169895210982684,-0.012674328711651306,0.01858757034822145,756.7686279296875,752.665087890625,742.7207438151041,743.180908203125,741.4207421875,733.8830179850261,0
2024-09-24,784.3152465820312,790.2559064558033,770.5369498512523,773.6820230018434,864085,Metals & Mining,0.017024861675125846,0.011684903341038666,0.016046265082226174,0.02797208057075795,762.5894653320313,756.968310546875,746.6645345052083,745.7244659423828,743.30224609375,737.4141581217448,1
2024-09-25,788.8580932617188,801.7378413654449,779.5228140050698,784.3152571578908,1381221,Metals & Mining,0.0057921182834130835,0.01374367484304595,0.014529388285291711,0.01166182122161974,770.6168212890625,762.5994445800782,750.8546020507813,748.8660675048828,745.230048828125,740.6669087727864,1
2024-09-26,780.5711059570312,789.7566570127858,762.399701660929,789.7566570127858,642483,Metals & Mining,-0.010505041876952781,0.0069377712663820645,-0.014944017526045461,-0.0219661465148977,780.0819091796875,765.7594665527344,754.9914184570313,751.2448211669922,747.3879541015625,743.5886617024739,0
2024-09-27,778.224853515625,795.747255806327,771.235856287715,778.3246719574787,646535,Metals & Mining,-0.003005815131383316,-0.014475325980217724,0.007585372963110348,0.01158992403530057,780.6310424804688,767.4068725585937,758.5458251953125,750.5484161376953,749.4101904296875,746.2513203938802,0
2024-09-30,789.2574462890625,792.751944786231,769.9877953353767,778.224827507274,731782,Metals & Mining,0.014176613254637038,-0.000128281235070693,-0.0037641487271744545,-0.0016182610574484446,784.2453491210938,770.5069885253906,763.1918416341146,753.1018951416015,751.3937963867188,748.5581766764323,1
2024-10-01,766.1937866210938,792.4524347760364,761.60098056795,791.7535228832517,1140106,Metals & Mining,-0.029221972851076194,0.017384044941500143,-0.00037781050196650234,-0.010892139873169948,780.6210571289063,771.6052612304687,764.8525594075521,755.1536651611328,752.7037841796875,749.5220479329427,0
2024-10-03,770.3372192382812,773.6819900708514,751.8163894289054,755.8101019889527,551400,Metals & Mining,0.0054078128660635105,-0.045397235194366115,-0.02368652537548188,-0.012847398294771106,776.9168823242187,773.7668518066406,767.371923828125,757.3701721191406,754.47623046875,750.5111877441407,1
2024-10-04,777.2763061523438,781.5695349618735,750.8179604708574,770.2873091798756,633436,Metals & Mining,0.009007856222920108,0.01915455635327623,0.01019481517244536,-0.0013280223364195987,776.2579223632813,778.1699157714844,769.2589518229166,760.3080444335938,756.24744140625,752.1996154785156,1
2024-10-07,757.3077392578125,781.4697122762941,750.8179563900791,777.2763019277614,505113,Metals & Mining,-0.02569043561018758,0.00907322847539449,-0.00012772079912792833,-5.435110250751052e-09,772.0744995117187,776.3527709960938,768.9627482096354,761.9279937744141,754.8536328125,753.1875752766927,0
2024-10-08,750.568359375,767.7912449077153,733.944506354692,750.8179664117059,754713,Metals & Mining,-0.008899129816654638,-0.03403980727372602,-0.01750351568806896,-0.02247342367318228,764.3366821289062,774.291015625,768.4502197265625,763.4780517578125,755.3488525390625,753.5509440104166,0
2024-10-09,742.3812255859375,757.9067708554034,740.8336741687115,750.8678647105116,358491,Metals & Mining,-0.010907912233177441,6.645858388854009e-05,-0.012873908263306588,0.009386496873225791,759.574169921875,770.0976135253907,767.5948974609375,763.5329620361329,756.0377661132812,753.8488484700521,0
2024-10-10,754.861572265625,759.6540150812558,738.1379011597516,751.3171646071489,522093,Metals & Mining,0.01681123693535924,0.0005983741184749647,0.002305355081972049,-0.0036388370331368325,756.4790405273437,766.6979614257813,768.004248046875,764.6487030029297,757.1919458007812,754.8100321451823,1
2024-10-11,753.26416015625,770.7865627034387,748.371837649413,753.86319269458,455277,Metals & Mining,-0.002116165623030186,0.0033887527230425096,0.014654760458275407,0.01386453191684378,751.676611328125,763.9672668457031,769.3388142903646,764.8633666992188,758.5817578125,755.4856363932291,0
2024-10-14,750.867919921875,761.7508117398826,745.8757788932884,753.2641719912853,247587,Metals & Mining,-0.003181141970006851,-0.0007946013402692076,-0.01172276658776239,-0.003335318929109654,750.3886474609375,761.2315734863281,767.6980631510417,764.319223022461,759.6201245117187,754.1094685872396,0
2024-10-15,755.909912109375,760.1532316577326,746.8242405109314,752.8148092850834,283961,Metals & Mining,0.006714885606012633,-0.0005965539354062521,-0.0020972476268203977,0.0012716080136698782,751.4569580078125,757.8968200683594,766.6796630859375,764.201904296875,761.0738330078125,754.7002034505208,1
2024-10-16,762.5494995117188,766.69300070963,755.6603209014902,756.808537649601,651733,Metals & Mining,0.008783569703188387,0.00530506084000959,0.00860322469146868,0.011831539351901066,755.4906127929687,757.5323913574218,765.22861328125,764.5688262939453,761.9244921875,755.9465738932291,1
2024-10-17,759.3046264648438,769.7881222937469,745.875755334262,768.7896941195656,652188,Metals & Mining,-0.004255294966363232,0.015831159235034642,0.004036976444616203,-0.012948364889075359,756.3792236328125,756.4291320800781,763.2583821614584,765.0979919433594,762.9948071289062,757.0564921061198,0
2024-10-18,741.7822265625,748.821133025092,729.3517835664395,748.821133025092,1263109,Metals & Mining,-0.023076903908677893,-0.0259740228663472,-0.027237350981955122,-0.022153785868019416,754.0828369140625,752.8797241210938,760.6724568684896,765.5248199462891,762.7072607421875,757.8319376627604,0
2024-10-21,697.7515258789062,741.0833343013136,692.2601707577783,734.5436417539963,1893671,Metals & Mining,-0.059357988243580406,-0.019066624379866726,-0.010333307090999444,-0.05085558662417722,743.4595581054688,746.9241027832031,755.307568359375,761.6384368896485,760.1472900390625,756.9266967773438,0
2024-10-22,652.4727783203125,702.0447589983763,647.0313328626211,702.0447589983763,1667082,Metals & Mining,-0.06489236623532912,-0.04424363769321704,-0.05267771314779657,-0.06533502836895522,722.7721313476562,737.1145446777343,746.1885904947917,755.7027801513672,755.9159497070312,754.6902160644531,0
2024-10-23,657.9142456054688,666.450794151703,630.8568060134565,650.8253691341067,1358289,Metals & Mining,0.008339761390757872,-0.07295744211144817,-0.050700421006569574,-0.024998058096513787,701.8450805664063,728.6678466796875,738.9699544270833,749.3827301025391,752.0240771484375,751.9112569173177,1
2024-10-24,662.0576782226562,667.199607542366,647.0313468362198,659.9110942755755,635524,Metals & Mining,0.006297830826530237,0.013960311893737254,0.0011235839123220348,0.025639005030276607,682.3956909179688,719.3874572753906,731.751318359375,743.0427093505859,748.5575317382812,749.56162109375,1
2024-10-25,662.9063720703125,667.349389456555,636.3981172879329,667.349389456555,692052,Metals & Mining,0.0012819031869468756,0.011271662570160323,0.00022449340871255608,-0.016433870785828253,666.6205200195312,710.3516784667969,724.1266560872396,737.15947265625,745.7439599609374,746.6928039550781,1
2024-10-28,668.4476318359375,674.2385027917064,645.8332103563165,663.4055819763254,583057,Metals & Mining,0.008359038318366485,-0.005909659231787323,0.010323098281039167,0.014825771497552598,660.7597412109375,702.1096496582031,718.2026489257812,731.6706115722657,741.4626977539062,743.5826985677083,1
2024-10-29,682.4256591796875,686.3694626678384,654.4197609944661,670.9437351408193,377255,Metals & Mining,0.020911177896402178,0.011362812387012644,0.017992090077774137,0.013295306745548574,666.7503173828125,694.7612243652344,713.6598022460937,726.3290222167968,737.9122875976562,741.0550109863282,1
2024-10-30,677.9826049804688,691.0620499600283,671.9421270219777,675.9857487337466,706980,Metals & Mining,-0.006510678693646299,0.007514808364473602,0.006836824112119277,0.02677542316400161,670.7639892578125,686.3045349121094,709.3665608723958,721.9184631347656,733.6589819335937,738.4807291666667,0
2024-10-31,674.238525390625,687.9170033934029,670.7440268247659,678.9311499383366,304839,Metals & Mining,-0.0055223829672614855,0.004357194230954375,-0.004551033538605309,-0.0017830407545985638,673.2001586914063,677.7979248046875,703.9916910807292,717.1135284423829,729.07419921875,735.997969563802,0
2024-11-01,681.1776123046875,683.074650184778,674.2385244033699,676.9342926237862,41185,Metals & Mining,0.010291738980715115,-0.0029411779305336117,-0.00703915324775839,0.005209882516802322,676.8544067382812,671.7374633789062,699.1859212239583,712.30859375,725.0984594726563,734.2623677571614,1
2024-11-04,682.9248657226562,690.9122910527458,674.3883170889669,688.9154347202234,417866,Metals & Mining,0.0025650482141612585,0.01769912121012296,0.01147406197235945,0.00022216571758426618,679.749853515625,670.2547973632812,694.6563842773437,708.5894500732422,721.2864599609375,731.1772237141927,1
2024-11-05,688.8156127929688,702.8934254903115,680.0293962229648,681.4272200243432,776202,Metals & Mining,0.00862576158224826,-0.010869570223696945,0.017341035313339193,0.008364734368987659,681.0278442382812,673.8890808105468,690.1834309895834,705.5018127441406,717.2687866210938,728.4315470377604,1
2024-11-06,715.4237060546875,716.871439115397,687.7173238326092,694.3069864381492,942838,Metals & Mining,0.038628760393263795,0.018901162200925636,0.019886391191288988,0.011305287171914591,688.516064453125,679.6400268554687,687.0417114257813,704.1539367675781,715.2379833984374,726.1351623535156,1
2024-11-07,721.9134521484375,726.7558651756025,704.0416250626776,717.2208277174843,463871,Metals & Mining,0.009071192412030582,0.03300246393441175,0.013788282697386522,0.02373693473227334,698.0510498046875,685.6256042480469,684.5489664713542,702.5065307617188,713.3010327148437,723.9036743164063,1
2024-11-08,709.1835327148438,719.9166357807369,698.9995529668033,717.8199609528554,279109,Metals & Mining,-0.017633581138721155,0.0008353539275731681,-0.009410628414003974,-0.0071616107860460465,703.6522338867187,690.2533203125,682.3757202148438,700.3024993896485,710.5773217773437,721.5240885416666,0
2024-11-11,703.9417724609375,710.7310718617919,694.9559188876603,709.1835203786825,325821,Metals & Mining,-0.0073912605300353595,-0.012031485670457864,-0.012759204972369376,-0.005784887933018457,707.855615234375,693.802734375,682.7884033203125,697.9561920166016,708.4426831054687,719.0479858398437,0
2024-11-12,697.002685546875,717.7700403667071,689.0152601359304,704.8902925158708,606328,Metals & Mining,-0.009857472855750338,-0.006053761458697293,0.00990384237244113,-0.00854825261613501,709.4930297851563,695.2604370117188,685.7570638020833,695.0108306884765,706.3000561523437,715.9728271484375,0
2024-11-13,691.0120849609375,705.1398673876477,685.6206096180701,690.9122665235428,509872,Metals & Mining,-0.008594802731982654,-0.019830073049294072,-0.017596405908230306,-0.004926814708270055,704.6107055664063,696.5633850097656,687.9635864257813,691.4339599609375,704.2452905273437,713.4667704264323,0
2024-11-14,693.458251953125,702.9932284954612,685.9201316893606,691.0120908240312,477721,Metals & Mining,0.003539977151522322,0.00014448187610094365,-0.003044273897232941,0.00043686270087084367,698.9196655273438,698.4853576660156,690.0569580078125,688.1416412353516,701.7891577148438,710.9041381835938,1
2024-11-18,687.8671264648438,706.9370808723625,681.0278566727783,692.7094789005978,684545,Metals & Mining,-0.008062670640278435,0.0024563797060952464,0.005610085868596348,-0.007132426634764433,694.6563842773437,699.1543090820312,691.7210083007812,685.4458862304688,699.1732763671876,707.9238321940104,0
2024-11-19,684.9216918945312,693.4083309340407,675.1371084838812,683.6237475233908,533314,Metals & Mining,-0.004281981878462404,-0.013116222101691166,-0.019137134413188872,-0.008649790359056442,690.8523681640625,699.3539916992188,692.8192789713542,684.80439453125,696.5354272460937,705.5109639485677,0
2024-11-21,654.3198852539062,682.0262673279449,652.7723337583354,678.9311643368034,908796,Metals & Mining,-0.044679277941947926,-0.0068642776140933615,-0.01641466232568023,-0.033126270863364504,682.3158081054687,695.9044189453125,690.9455607096354,684.8967498779297,692.471826171875,702.3026814778646,0
2024-11-22,670.4944458007812,675.9358916808867,654.5195945941429,654.7692016442466,369544,Metals & Mining,0.024719653049515067,-0.03558823627747121,-0.008929825636949662,0.0026766772202915234,678.2122802734375,691.4114929199219,690.4463500976562,685.5257598876954,688.7896240234375,699.9064554850261,1
2024-11-25,671.2931518554688,684.5223250317352,662.5569054183115,677.7330257027027,1421495,Metals & Mining,0.0011912194943444199,0.035071631348557286,0.012703029172628,0.01227971002022099,673.7792602539063,686.349462890625,690.2499918619792,685.9875335693359,685.2691650390625,697.1208414713542,1
2024-11-26,687.6174926757812,690.5128978044451,663.8049442643662,665.7518913831691,292292,Metals & Mining,0.024317752646800583,-0.01767825067564177,0.008751464420728938,0.0018836704226434797,673.7293334960938,684.1928588867188,690.6793172200521,687.2230895996094,683.1025756835937,694.9326192220052,1
2024-11-27,685.071533203125,689.614369321285,672.9905154302184,686.9685102179238,231014,Metals & Mining,-0.003702581013099282,0.03186865724207699,-0.0013012479361601548,0.013837756475332696,673.7593017578125,682.3058349609375,690.8224283854166,688.0542846679688,682.5953759765625,692.7394063313802,0
2024-11-28,694.906005859375,701.8450938241192,677.932726980626,686.4193664200004,549298,Metals & Mining,0.014355395282982908,-0.0007993725909637428,0.017735599846725236,0.007343657060676634,681.8765258789062,682.0961669921875,691.2284545898438,688.6783020019532,684.292705078125,690.7059427897135,1
2024-11-29,682.1261596679688,697.5518875738575,674.9374644270553,694.7063306351514,690263,Metals & Mining,-0.018390755128964043,0.012072742437864825,-0.006117028227510257,-0.004418229765821957,684.2028686523438,681.2075744628906,689.0086181640625,688.8854797363281,685.261181640625,688.0251647949219,0
2024-12-02,690.6626586914062,693.7078522990219,674.1386853333981,678.3320956658081,352981,Metals & Mining,0.012514545736807214,-0.02357000972536527,-0.005510751735194219,-0.0011834860794625035,688.0767700195313,680.9280151367187,686.9252319335938,689.7066864013672,686.405380859375,685.7370992024739,1
2024-12-03,714.9244995117188,723.8604440781834,692.9091699175989,693.9075981163274,1177977,Metals & Mining,0.03512835175754425,0.02296147056882436,0.043465836056536755,0.027843654417959662,693.5381713867188,683.6337524414063,687.3079630533854,691.3940307617188,688.4861059570312,684.8418416341145,1
2024-12-04,732.8462524414062,740.5341612829266,713.9759362794215,718.5188330534227,1269127,Metals & Mining,0.02506803577430583,0.03546759684416845,0.02303443618331258,0.030403359165138255,703.093115234375,688.4262084960938,689.2349283854167,693.8901000976563,691.06205078125,686.0116658528646,1
2024-12-05,727.704345703125,737.6387181602755,707.985389389677,733.8447033105952,1199492,Metals & Mining,-0.007016351275798249,0.02132981009285939,-0.003909938628131493,-0.008390404473519908,709.652783203125,695.7646545410156,691.2817057291667,695.8345367431641,692.8731982421875,688.519384765625,0
2024-12-06,740.434326171875,743.5294901446545,720.5157324024536,721.8635860920824,493516,Metals & Mining,0.017493341277837304,-0.016326502275566313,0.007985985333132994,0.017698589830474454,721.3144165039063,702.758642578125,694.5765218098958,697.0850677490234,695.3712670898437,691.2700541178385,1
2024-12-09,745.875732421875,749.3702309241627,735.4921162928937,742.7806295526786,692792,Metals & Mining,0.007348938396917193,0.02897644910146213,0.007855425853212417,0.020785644527848923,732.35703125,710.2169006347656,698.0710205078125,698.2831817626953,698.2367553710938,694.0639892578125,1
2024-12-10,745.4764404296875,752.4654378346002,737.0896191681039,745.62616809626,850485,Metals & Mining,-0.0005353331323584287,0.003830927235265902,0.004130410820590402,0.002172019033000794,738.4674194335937,716.0027954101563,701.9116414388021,700.0978271484375,700.8087084960938,696.8163248697916,0
2024-12-11,745.9256591796875,752.8148379075798,741.4327324282497,744.3281984881972,338549,Metals & Mining,0.0006025928193533758,-0.001740777971053209,0.0004643403609143615,0.005892245864278278,741.08330078125,722.0882080078125,705.9785725911458,702.197021484375,703.328740234375,699.39892578125,1
2024-12-12,751.4669799804688,754.312475864495,739.7354490851573,746.025534313523,526407,Metals & Mining,0.007428784266350519,0.002280359428506573,0.0019893842170777276,-0.0022891939738534095,745.8358276367187,727.7443054199218,712.4550455729167,704.9202362060547,705.834794921875,701.7003031412761,1
2024-12-13,759.1049194335938,760.8022594969557,737.5388955085801,753.7633531422094,548032,Metals & Mining,0.010164038682476173,0.010372056280629316,0.008603574566393046,-0.0029693772000430885,749.5699462890625,735.4421813964843,718.3624104817708,708.3248779296875,707.5820434570312,704.4043802897136,1
2024-12-16,749.0208129882812,762.7492000997262,743.8289744019274,761.3014670892211,381856,Metals & Mining,-0.01328420642147432,0.01000063735599177,0.0025590625927660593,0.00852847074459695,750.1989624023438,741.2779968261718,723.5442545572917,711.1030059814453,708.666337890625,706.8971232096354,0
2024-12-17,742.3313598632812,751.8164276759258,736.8400048138556,742.6308761326785,659526,Metals & Mining,-0.008930930902055767,-0.024524569784330263,-0.014333377763452226,-0.009395936201182953,749.5699462890625,744.0186828613281,727.191845703125,713.8262176513672,709.9922509765624,708.9355814615885,0
2024-12-18,737.8384399414062,745.5263492707239,725.557785266897,738.8368681415976,530052,Metals & Mining,-0.0060524452620491775,-0.005108874560721954,-0.008366508330559075,-0.015311627318346788,747.9525024414063,744.5179016113282,730.709639485677,716.472055053711,711.3481176757813,710.7660339355468,0
2024-12-19,738.0380859375,744.8273850341502,714.6748433181148,720.9150191310684,597690,Metals & Mining,0.00027058226474285796,-0.024256841778359184,-0.000937544645145616,-0.014999414477757878,745.2667236328125,745.5512756347656,733.5851114908854,720.6579650878906,712.9895336914062,712.4067830403645,1
2024-12-20,718.6685791015625,745.7260188659036,715.4735967940659,744.7774999237879,768129,Metals & Mining,-0.026244589818604225,0.033100268630110286,0.0012064994518323768,0.0011176459944255424,737.1794555664062,743.3747009277344,736.0212727864583,723.0666717529297,714.0957934570313,712.5149454752604,0
2024-12-23,726.855712890625,729.5514811564974,708.8840057037689,718.3690733857208,995444,Metals & Mining,0.011392085346624725,-0.03545814225157107,-0.02168965182950755,-0.009210110785113468,732.746435546875,741.4726989746093,738.4341430664062,725.8447998046875,715.4316918945312,712.6796875,1
2024-12-24,728.9024658203125,735.6418558984648,711.6795800650345,726.90560950086,1505466,Metals & Mining,0.002815899900611374,0.011883217737793217,0.008348108254557784,0.003943627361842061,730.0606567382813,739.8153015136719,739.3660074869791,727.909048461914,717.07310546875,713.3369852701823,1
2024-12-26,732.6964721679688,737.1893988347896,718.4688710563695,725.3081404349498,526487,Metals & Mining,0.005205094680790223,-0.0021976293001881864,0.002103663520389043,0.009539814238754163,729.0322631835937,738.4923828125,739.3560221354167,730.2902954101562,718.9840966796875,714.2954752604167,1
2024-12-27,734.8431396484375,741.6324390769106,729.7511803118877,731.1988524198734,389564,Metals & Mining,0.002929818228982306,0.008121668097356816,0.006026999640992958,0.01570326803293476,728.3932739257813,736.8299987792968,739.8319417317708,732.2871520996093,722.2050268554688,715.5568237304688,1
2024-12-30,685.8203125,738.5373060087117,676.2852750288893,734.7932004904903,2206187,Metals & Mining,-0.06671196137435664,0.004915691618937235,-0.004173405726496271,-0.07326593875483378,721.8236206054687,729.5015380859375,736.1910074869792,732.4718597412109,722.8180615234374,715.3837646484375,0
2024-12-31,698.1010131835938,702.8934563801597,679.1308772869702,679.6300913895128,1157663,Metals & Mining,0.01790658640428311,-0.07507297163903393,-0.04826276118830419,0.004207695129779809,716.0726806640625,724.4095581054687,733.006026204427,732.8437774658203,723.8903759765625,715.5385233561198,1
2025-01-01,695.754638671875,700.3973539899047,682.9747704162821,700.3973539899047,658449,Metals & Mining,-0.003361081659255083,0.030556714400230556,-0.0035511817155188252,0.005660018205427164,709.443115234375,719.7518859863281,729.691239420573,731.8852844238281,724.2158618164062,715.8014404296875,0
2025-01-02,683.3242797851562,697.8513978080189,679.4802946778972,696.8529696148431,533696,Metals & Mining,-0.017866009359919,-0.005060533645466436,-0.0036350168477685685,-0.005116551723067353,699.5686767578125,714.3004699707031,725.5178141276042,729.4091857910156,724.1459716796875,715.748193359375,0
2025-01-03,676.534912109375,689.9138741310192,674.3384188591763,682.7750882502128,716146,Metals & Mining,-0.009935791653584825,-0.020202082761319518,-0.011374231966765125,-0.007567365616037991,687.90703125,708.1501525878906,720.5223429361979,726.8507141113281,723.4111279296875,716.4886942545573,0
2025-01-06,663.1060791015625,683.6237653622874,659.8611876194288,682.7251556530862,734080,Metals & Mining,-0.01984943092728597,-7.313183797397205e-05,-0.009117237679347245,-0.021468791981687052,683.3641845703125,702.5939025878906,714.1224202473958,722.9843017578125,722.6503247070312,716.2424153645833,0
2025-01-07,667.9484252929688,672.9405659902257,655.01876869923,664.5537452431471,501442,Metals & Mining,0.007302521186304256,-0.02661599658292446,-0.01562730834320858,-0.007338541819179811,677.3336669921875,696.703173828125,708.7175944010417,719.0879364013672,721.7417553710937,716.1309244791667,1
2025-01-08,644.4354858398438,667.9484574687239,640.5415915327236,666.6505130127573,686188,Metals & Mining,-0.035201728999977755,0.003155151535325418,-0.007418349812447378,-0.022101927239819297,667.0698364257812,688.2564758300781,702.1912027994791,714.035888671875,718.9221948242188,714.6915242513021,0
2025-01-09,631.1563720703125,646.9814336883925,627.8615104621921,635.0002960274963,985284,Metals & Mining,-0.020605807813679933,-0.047476475855731115,-0.031390182200268235,-0.019795874675663017,656.6362548828125,678.1024658203125,695.0790649414063,708.2974243164062,714.854599609375,712.8943522135417,0
