Date,Close,High,Low,Open,Volume,Sector,return_ratio,pct_change_open,pct_change_high,pct_change_low,ma_5,ma_10,ma_15,ma_20,ma_25,ma_30,up_or_down
2022-01-10,734.28759765625,788.8999736473514,709.2220371575587,714.048041066579,6956266,Information Technology,0.0,0.0,0.0,0.0,0.0,0.0,0.0,0.0,0.0,0.0,0
2022-01-11,715.6238403320312,754.4286816859413,709.7637700726405,741.6250617617674,2970622,Information Technology,-0.025417503146983544,0.0386206797150459,-0.04369538992635236,0.0007638410634460691,0.0,0.0,0.0,0.0,0.0,0.0,0
2022-01-12,703.5095825195312,727.1470321471553,694.9902877841275,721.9271073770169,1924412,Information Technology,-0.01692824795618786,-0.02656052957266164,-0.03616199940572118,-0.020814646945139126,0.0,0.0,0.0,0.0,0.0,0.0,0
2022-01-13,682.8761596679688,732.1701473198196,677.6070013625184,703.509698839647,2968214,Information Technology,-0.029329270509246608,-0.02551145170914282,0.006907977273636012,-0.025012272440573358,0.0,0.0,0.0,0.0,0.0,0.0,0
2022-01-14,673.5196533203125,706.168909367721,664.9018319019477,686.47103184003,2705409,Information Technology,-0.013701615168708825,-0.024219519684973934,-0.03551256227432753,-0.01875005635275817,701.9633666992188,0.0,0.0,0.0,0.0,0.0,0
2022-01-17,717.9382934570312,720.942207298145,676.1295427734653,677.2129018266072,3855318,Information Technology,0.06595002821037821,-0.013486556000195882,0.02092034601700532,0.016886268517866565,698.693505859375,0.0,0.0,0.0,0.0,0.0,1
2022-01-18,703.6080932617188,725.7682018246672,700.8996355484695,722.911986009075,1515300,Information Technology,-0.019960211519446047,0.06748111865442352,0.006694010251679483,0.03663512863732876,696.2903564453125,0.0,0.0,0.0,0.0,0.0,0
2022-01-19,688.5885009765625,700.1117099554826,672.6824426004162,699.2745742991149,2392297,Information Technology,-0.021346531441288397,-0.032697495915724684,-0.035350807330331024,-0.04025853562610682,693.3061401367188,0.0,0.0,0.0,0.0,0.0,0
2022-01-20,674.8984985351562,697.6988147965251,671.1066813263328,692.3803640572271,1765278,Information Technology,-0.019881253349411043,-0.009859088969161878,-0.0034464430813633262,-0.0023425039428587313,691.7106079101562,0.0,0.0,0.0,0.0,0.0,0
2022-01-21,663.375244140625,701.0966667717737,656.8749687416308,674.6522908051811,3585597,Information Technology,-0.017074055460994608,-0.02560452920438505,0.004870084201360703,-0.021206334224799117,689.6817260742188,695.8225463867187,0.0,0.0,0.0,0.0,0
2022-01-24,621.61572265625,688.1452843342826,600.7851955204075,664.803290125041,3347587,Information Technology,-0.06295007516970685,-0.014598632235259368,-0.018473033821607365,-0.08538881201193282,670.4172119140625,684.5553588867188,0.0,0.0,0.0,0.0,0
2022-01-25,638.6051635742188,651.9996952007581,586.2088014236734,616.100304190111,3173710,Information Technology,0.02733109909989162,-0.07325924323534794,-0.052526101618922016,-0.02426223915871928,657.4166259765625,676.8534912109375,0.0,0.0,0.0,0.0,1
2022-01-27,623.4871215820312,649.3898212153551,617.3807668876535,639.1961925747195,1879733,Information Technology,-0.02367353547154727,0.037487221200075416,-0.004002876082019213,0.053175532998268604,644.3963500976563,668.8512451171875,0.0,0.0,0.0,0.0,0
2022-01-28,629.7412109375,651.9997899947784,626.4910128364274,635.2565929707434,1737782,Information Technology,0.010030823635297725,-0.006163365254268971,0.004019109468852866,0.01475628402663176,635.364892578125,663.5377502441406,0.0,0.0,0.0,0.0,1
2022-01-31,636.4876708984375,649.0450678871495,633.4345239111487,644.1205984798114,1424905,Information Technology,0.010713067278690591,0.013953425445953904,-0.004531783833323977,0.011083177463766969,629.9873779296875,659.8345520019532,673.877490234375,0.0,0.0,0.0,1
2022-02-01,613.4903564453125,647.9616385676466,605.7096715781561,645.1054225751093,3213931,Information Technology,-0.03613159453766479,0.001528943644438785,-0.0016692667013552542,-0.04376908944243396,628.3623046875,649.3897583007813,665.8243408203125,0.0,0.0,0.0,0
2022-02-02,620.138427734375,643.1356747542163,617.0359881064572,627.3773733819844,2586617,Information Technology,0.0108364723572556,-0.02748085595430072,-0.007447915935422156,0.01869924992082561,624.6689575195312,641.0427917480469,659.4586466471354,0.0,0.0,0.0,1
2022-02-03,612.406982421875,625.4075932329699,610.7819436412068,622.1574555584837,1211245,Information Technology,-0.012467289506225554,-0.00832022008597777,-0.027565072530024826,-0.010135623506244196,622.4529296875,633.4246398925782,653.3851399739583,0.0,0.0,0.0,0
2022-02-04,614.0812377929688,620.9262612071949,605.7096411269861,614.5736846556737,1092654,Information Technology,0.0027338933407856647,-0.012189472030038395,-0.007165458293541538,-0.008304604559823625,619.3209350585937,627.3429138183594,648.7988118489583,0.0,0.0,0.0,1
2022-02-07,617.3314208984375,628.3622434646469,611.6190488895701,617.1837228965455,1483326,Information Technology,0.005292757546460747,0.004246908557977269,0.011975628544032002,0.009756172531097507,615.4896850585938,622.7385314941406,645.0529296875,659.2805389404297,0.0,0.0,1
2022-02-08,604.6263427734375,622.3544316105563,596.3532106041894,620.187653174501,1260852,Information Technology,-0.020580643872799453,0.004867157325305849,-0.00956106436466475,-0.02495971685822529,613.7168823242188,621.0395935058593,637.4987996419271,652.797476196289,0.0,0.0,0
2022-02-09,597.5350952148438,613.4903871908505,592.9060822180861,605.9066927212453,1129625,Information Technology,-0.011728313930329248,-0.023026837732349037,-0.014242759381928094,-0.005780346822667148,609.1962158203125,616.9325866699219,630.4272664388021,646.8930389404297,0.0,0.0,0
2022-02-10,600.3971557617188,603.9994642430386,592.6498011077528,601.0386825555728,867617,Information Technology,0.004789778156621738,-0.008034257129277411,-0.015470369456431876,-0.00043224570976674315,606.7942504882812,614.6235900878906,624.5478434244792,641.737417602539,0.0,0.0,1
2022-02-11,570.641357421875,595.4625420269538,568.9635690217137,588.2086507145557,1717365,Information Technology,-0.049560192040038586,-0.02134643278942505,-0.014133989716006878,-0.039966658289205204,598.1062744140625,608.7136047363281,617.5973673502605,636.1256774902344,0.0,0.0,0
2022-02-14,532.6939697265625,558.1073457718779,530.0292541714468,538.4181355844636,2203862,Information Technology,-0.06649953986293011,-0.08464770973634372,-0.06273307490999991,-0.0684302422336307,581.1787841796875,598.3342346191406,608.8852823893229,629.0843933105468,643.6601879882812,0.0,0
2022-02-15,569.210205078125,576.3160922474865,525.8840812815698,543.7968322462884,1942044,Information Technology,0.06855011963117708,0.009989813318576513,0.03262588570739089,-0.007820649251439549,574.095556640625,593.9062194824219,605.3915812174479,621.6479888916016,637.0570922851563,0.0,1
2022-02-16,584.6062622070312,600.0516959087948,578.240630399116,584.9517228453824,1755003,Information Technology,0.027048104534234563,0.07568063688251625,0.04118504407667234,0.09955910623868713,571.5097900390625,590.3530029296875,601.7916544596354,615.6978973388672,631.8163891601563,0.0,1
2022-02-17,569.8023681640625,589.8863718866861,567.4831134474827,587.1723222136764,809128,Information Technology,-0.025322845477365297,0.0037962096384507316,-0.01694074709132032,-0.01860387594038182,565.3908325195313,586.0925415039062,598.2126708984375,609.7585906982422,626.4681005859375,0.0,0
2022-02-18,553.9129028320312,566.4468905872186,550.8040579907215,563.5354432375766,791720,Information Technology,-0.027885923646172373,-0.04025543793853781,-0.03973558708349023,-0.029391280659322616,562.0451416015625,580.0757080078125,593.1574503580729,603.7093109130859,621.3095703125,0.0,0
2022-02-21,533.5328369140625,551.4455902492776,524.1570282207862,545.079897562707,1310508,Information Technology,-0.03679290699633475,-0.03274957395552691,-0.026483154179537616,-0.048378419482131396,562.2129150390625,571.695849609375,586.2937947591146,597.2171905517578,615.71009765625,630.0856424967448,0
2022-02-22,564.275634765625,570.4439298548863,503.5796110872936,505.3067337122868,3263475,Information Technology,0.05762119165781421,-0.07296758517102453,0.034451884177767234,-0.03925811546082125,561.2260009765625,567.6607788085937,583.0128133138021,594.3501861572265,609.5635913085938,624.4185770670573,1
2022-02-23,563.8807983398438,590.1824307621902,557.6138350846779,571.4308150690771,1699117,Information Technology,-0.0006997226203914186,0.1308592918819882,0.0346020000814542,0.10730026158270678,557.080908203125,564.2953491210938,579.2623046875,590.6139678955078,603.9744995117187,619.3604756673177,0
2022-02-24,536.2469482421875,556.6270219897316,524.6012176309899,524.6012176309899,2762058,Information Technology,-0.04900654567244489,-0.08195147374477207,-0.05685599405106567,-0.05920336866942111,550.36982421875,557.8803283691407,574.1849690755208,586.2519592285156,597.8808374023438,613.7850545247396,0
2022-02-25,558.7982177734375,580.3132196518538,546.8563619749813,563.041992876501,1560537,Information Technology,0.04205388880099514,0.07327618380129408,0.042553086225409986,0.04242297500659986,551.3468872070313,556.6960144042969,570.499434407552,582.7048095703125,593.236826171875,609.6491231282552,1
2022-02-28,561.068115234375,567.1870759440129,542.8099619681728,558.6007972254288,950006,Information Technology,0.004062105763296797,-0.007887858645112433,-0.02261906719222362,-0.007399383619118516,556.8539428710938,559.5334289550781,566.7485473632812,578.9338317871094,589.144541015625,605.9007385253906,1
2022-03-02,556.6762084960938,572.2696443426038,550.9027091619006,557.1203377303967,1236561,Information Technology,-0.007827760336098666,-0.0026502996458034334,0.008961008834927231,0.014908987971378185,555.3340576171875,558.280029296875,563.5518717447917,576.0931243896484,586.5469604492188,600.5253356933594,0
2022-03-03,559.6863403320312,571.9242605984954,557.6138174946504,566.4961614901404,843878,Information Technology,0.005407329772669112,0.01682908184242371,-0.0006035332251550507,0.012182020928812598,554.495166015625,555.788037109375,561.0286214192708,573.0705200195313,583.3902075195313,595.7279439290364,1
2022-03-04,539.059814453125,556.8738438436459,537.8754894014834,554.6532569607957,1089982,Information Technology,-0.036853723938786276,-0.02090553358418612,-0.02631540186649861,-0.03539784609687591,555.0577392578125,552.7137817382812,556.9394653320312,569.4031616210938,580.013115234375,590.7436543782552,0
2022-03-07,535.1119995117188,554.1596845466349,521.1469539807765,523.0714742826652,1281374,Information Technology,-0.007323519274779033,-0.056939686699365666,-0.004873921314524909,-0.03110112981597546,550.3204956054688,550.83369140625,554.5708414713541,565.4546997070313,576.2279467773437,586.0841044108073,0
2022-03-08,546.5602416992188,551.6922749086098,527.4138911989459,541.5762716567077,1291579,Information Technology,0.02139410478170234,0.035377187026724766,-0.004452524618501985,0.01202527841772727,547.4189208984375,552.1364318847657,555.4952596028646,561.9161407470704,572.630849609375,582.1902709960938,1
2022-03-09,569.7531127929688,572.4178285249336,546.955116475932,553.6168756872136,1487687,Information Technology,0.04243424479915503,0.0222325176722995,0.03756723550235885,0.03705102501673574,550.0343017578125,552.6841796875,555.5314534505209,560.1724792480469,570.8813598632812,580.4615173339844,1
2022-03-10,581.7935180664062,600.7425301933725,577.4510147866174,586.2346899600429,2331416,Information Technology,0.02113267133270158,0.0589176661790527,0.04948256370950044,0.055755760193217485,554.4557373046875,554.4754516601563,555.3439371744792,559.385400390625,569.3475634765625,578.5677958170573,1
2022-03-11,570.2464599609375,581.7935189493671,565.9533512188061,581.7935189493671,954117,Information Technology,-0.019847347464175047,-0.007575756069601591,-0.031542649790262,-0.019911063057114875,560.69306640625,557.8754028320312,555.3735432942708,557.8778656005859,567.661142578125,576.7931070963542,0
2022-03-14,558.1072998046875,574.3422633672345,556.6269090890252,570.2958259354061,829227,Information Technology,-0.021287567759879722,-0.019762497586298555,-0.012807388428094701,-0.01647917113609465,565.2921264648437,557.8063110351562,555.6531697591146,557.2511627197266,565.4221850585938,574.4053100585937,0
2022-03-15,553.8142700195312,570.9374343177344,550.7054249771751,561.2162246563213,713192,Information Technology,-0.007692122619895159,-0.015920862237054578,-0.005928223059083915,-0.010638156393734444,566.7429321289062,557.0809265136719,557.0052652994792,558.307177734375,562.8814990234375,571.6495300292969,0
2022-03-16,569.210205078125,571.8255859887284,558.6007387502709,564.4236327367373,1070459,Information Technology,0.02779981645841456,0.005715102200368749,0.0015556024489011833,0.014336727794942439,566.6343505859375,558.334326171875,557.3342366536458,558.307177734375,561.464853515625,570.173524983724,1
2022-03-17,577.105712890625,592.6498171711335,573.9475336242762,580.0664946583408,1361414,Information Technology,0.013870987803910273,0.02771475362531417,0.03641710285907962,0.027473638700048708,565.6967895507812,560.0762634277344,558.215897623698,557.9321502685547,560.6476782226563,568.739101155599,1
2022-03-21,584.0635375976562,594.130207648454,581.3494876457738,582.2870805856941,1227301,Information Technology,0.012056412805516503,0.003828157543664279,0.00249791771536656,0.012896569090134369,568.460205078125,564.5766357421875,561.4036702473958,558.6452087402344,559.9943334960938,567.7943196614583,1
2022-03-22,593.1432495117188,600.7426010287877,575.3785598424826,587.1723519758989,2576748,Information Technology,0.015545760571544553,0.008389798697389983,0.011129535740162622,-0.010270805995668875,575.4673950195313,570.3797607421875,563.6933390299479,560.6067260742187,560.8944091796875,567.09638671875,1
2022-03-23,590.823974609375,611.5987794972448,588.9981232019231,598.0778652163549,1948422,Information Technology,-0.0039101429616758,0.018572933830684812,0.018071264548020327,0.023670613244902716,582.8693359375,574.8061340332031,565.6770629882812,563.4712829589844,563.219609375,566.2128051757812,0
2022-03-24,594.4755859375,598.9167584205179,583.8167840257086,586.2347677583585,883667,Information Technology,0.006180540203263307,-0.019801932401748545,-0.02073585085822427,-0.008796868737115271,587.922412109375,577.2783813476562,568.197021484375,564.9812805175782,564.230224609375,565.8744466145833,1
2022-03-25,584.5570068359375,600.0517769392213,581.3001589098707,597.4857901458984,804734,Information Technology,-0.016684586106123556,0.01919200805943566,0.001895118983974875,-0.004310641942296467,589.4126708984375,577.5547302246093,569.8550659179688,566.0150909423828,564.2282543945313,565.4418436686198,0
2022-03-28,567.0390625,587.1230689966178,563.6341513015797,585.7906810125778,1079193,Information Technology,-0.029967897281323874,-0.0195738699165795,-0.02154598726221768,-0.030390508823222362,586.0077758789063,577.2339904785156,571.7203491210937,567.5546966552735,564.1177221679687,564.3299072265625,0
2022-03-29,564.966552734375,577.2538098365086,560.9201146061384,570.3453186411057,873135,Information Technology,-0.003654968242377432,-0.02636669184421614,-0.016809523728944287,-0.004815245295505588,580.3724365234375,577.9199157714844,573.7106526692709,567.8631134033203,564.5598681640626,564.1407470703125,0
2022-03-30,589.7876586914062,592.1563080183817,569.0128535992123,569.2595853942199,1361207,Information Technology,0.04393376180749087,-0.0019036419014932804,0.02581619718732342,0.014427614168831093,580.1651733398437,581.5172546386718,576.59248046875,569.2990905761719,566.8100610351562,566.0438700358073,1
2022-03-31,593.1925659179688,606.960212043479,590.2317843958054,594.4262248855368,2496193,Information Technology,0.0057731069417714664,0.04420942595791111,0.02499999379325679,0.037290775880326255,579.9085693359375,583.9154907226563,578.1551106770834,571.1249084472656,567.96673828125,566.8432820638021,1
2022-04-01,600.2984619140625,604.9863660556026,591.3174486009614,595.9066238813791,1516439,Information Technology,0.011979071223013893,0.0024904671662615563,-0.003252018746387031,0.0018393862103973646,583.0568603515625,586.234765625,579.3887736002604,573.1555145263671,569.4234448242188,567.3663553873698,1
2022-04-04,614.905029296875,626.2053586918796,606.9602767462662,609.921058584053,3451282,Information Technology,0.024332175258685806,0.023517836756692168,0.03507350549834842,0.026454196780959727,592.6300537109375,589.3189147949219,582.3660115559895,576.9477752685547,572.5697680664063,568.8697774251302,1
2022-04-05,614.5596313476562,626.6988248845826,607.4537428605678,621.3200591432391,2453214,Information Technology,-0.0005617094230204733,0.018689304785850736,0.0007880261416699508,0.0008130122072351753,602.5486694335938,591.4605529785156,586.1295003255208,580.9201568603515,574.800224609375,570.8913350423177,0
2022-04-06,613.473876953125,621.7640889000259,606.9601820214539,612.8817447728826,1981390,Information Technology,-0.0017667193534178782,-0.01358126821463379,-0.00787417462521256,-0.0008125076928321429,607.2859130859375,593.7255432128907,590.1068074544271,584.2658386230469,576.896455078125,573.5560363769531,0
2022-04-07,593.7354125976562,615.102411766353,592.156353084335,614.8556799525679,1836392,Information Technology,-0.032174906050607466,0.003220743963285866,-0.010714155501418743,-0.024390115489644426,607.394482421875,593.6515258789062,591.7418212890625,585.4649536132813,578.3788232421875,574.5380289713542,0
2022-04-08,607.2562866210938,608.6873430908906,595.4624946791374,597.0909486339502,1168261,Information Technology,0.022772557837307028,-0.02889252209557225,-0.01042926926109855,0.005583224054900082,608.7860473632812,595.9214538574219,593.7518595377604,586.7380920410156,580.28162109375,575.9838785807292,1
2022-04-11,591.0213012695312,608.2925264409056,589.19551013203,607.2562649780738,1491101,Information Technology,-0.026734981109701628,0.017024736964075915,-0.0006486362078438335,-0.010524566371697963,604.0093017578125,598.319677734375,594.2157104492187,587.7768341064453,582.3600805664063,577.8096903483073,0
2022-04-12,562.4498291015625,587.2216774503648,547.9913216879245,587.2216774503648,1939425,Information Technology,-0.04834254214965916,-0.03299198161163863,-0.03463933563975452,-0.06993296407651217,593.5873413085938,598.0680053710937,592.169482421875,587.9939605712891,583.45359375,577.9314107259114,0
2022-04-13,564.5717163085938,575.0825155227907,555.886768633061,566.8910314678822,911053,Information Technology,0.0037725804102752836,-0.034621756592426056,-0.020672196537908305,0.014407978069464589,583.8069091796875,595.5464111328125,590.4193318684896,588.5318328857422,584.174052734375,578.0481974283854,1
2022-04-18,540.194580078125,556.133478489999,533.9276164384905,556.133478489999,1593625,Information Technology,-0.043178103908316,-0.01897640354271979,-0.03295011849832663,-0.03950292295779689,573.0987426757813,590.2466125488281,586.8005981445312,587.0810516357421,582.9917114257812,577.4988098144531,0
2022-04-19,538.9609375,555.0972338915337,532.9407054774724,548.7315411953234,1202528,Information Technology,-0.0022837003991165172,-0.013309641625555702,-0.0018633019563556452,-0.0018483984170011292,559.4396728515625,584.1128601074219,583.7608601888021,585.1738128662109,581.278408203125,576.8079630533854,0
2022-04-20,537.5299072265625,551.3962219173837,533.9275989612202,541.8230163210903,660802,Information Technology,-0.002655165103570223,-0.012589990469991874,-0.00666732195403652,0.001851788526574527,548.7413940429688,576.3753479003906,581.7935831705729,582.8471313476563,579.96974609375,576.7569661458333,0
2022-04-21,538.07275390625,545.3759794839146,534.421110998788,541.4282704460659,746925,Information Technology,0.0010098911193394677,-0.0007285513223574958,-0.010918178605821338,0.0009243051652096934,543.8659790039062,568.72666015625,580.000663248698,580.0936065673828,579.1683642578125,576.8556579589844,1
2022-04-22,535.3093872070312,549.1757036104001,531.9538103197572,536.8884467791241,683058,Information Technology,-0.005135674830508585,-0.008384903254500364,0.00696716443228973,-0.00461677248194714,538.0135131835938,560.9102111816406,576.3687784830729,577.3178771972656,578.4281689453124,576.4806294759114,0
2022-04-25,517.4953002929688,530.966881893155,516.1629725466915,530.966881893155,867300,Information Technology,-0.03327811418926774,-0.011029413878233973,-0.03315664112147776,-0.029684603186832637,533.4736572265625,553.2861999511719,571.3222941080729,573.468862915039,576.3595727539063,574.7387023925781,0
2022-04-26,514.5839233398438,530.9668925849195,513.2022010114464,529.7332334478727,1100622,Information Technology,-0.0056259002767306,-0.002323399984729191,2.013640565401431e-08,-0.005736117646403471,528.5982543945313,544.0189636230468,565.6079915364584,569.9702087402344,573.858701171875,572.4983825683594,0
2022-04-27,578.8821411132812,586.2347608515473,498.6943055590924,498.6943055590924,10369157,Information Technology,0.12495185888458749,-0.05859350693698673,0.10408910430849261,-0.02826935547774545,536.868701171875,542.8050476074219,563.206465657552,570.5623626708984,573.6514453125,572.7862386067708,1
2022-04-28,566.24951171875,592.156352124183,550.8534706584248,586.629583599261,3102545,Information Technology,-0.021822454861427754,0.17633102495843267,0.010101057917538236,0.10459145917228008,542.504052734375,543.1850158691407,559.985791015625,570.6265106201172,572.5756958007812,573.0576456705729,0
2022-04-29,546.609619140625,566.446892493477,540.4413239881071,566.249495001145,2188778,Information Technology,-0.03468416691170573,-0.034740983352858135,-0.043416674563197755,-0.01890184454655841,544.7640991210938,541.3888061523437,555.528173828125,568.4676086425782,570.8071215820313,572.8174906412761,0
2022-05-02,530.424072265625,542.7606631163593,528.0060884114291,533.1874565687375,955537,Information Technology,-0.029610797739796024,-0.05838775791286244,-0.04181544588028696,-0.02300940920822636,547.349853515625,540.4117553710937,551.3074178059895,565.3291839599609,568.2450610351563,571.5246195475261,0
2022-05-04,523.2688598632812,547.5965813570244,517.1992329504451,534.8652554910368,1061141,Information Technology,-0.013489607234040801,0.0031467336705490734,0.008909853954593538,-0.020467293272124487,549.0868408203125,538.8425476074219,545.7082560221354,561.4777038574218,565.79353515625,569.730057779948,0
2022-05-05,541.23095703125,547.448586992366,527.2165772819448,532.4472799401134,1031973,Information Technology,0.03432670763680035,-0.0045207190523219865,-0.0002702616665203328,0.019368443905753985,541.5566040039063,539.2126525878906,542.3888997395833,557.7940002441406,564.7612109375,568.302305094401,1
2022-05-06,535.5560913085938,542.5139163086985,518.2354700429551,521.097583136144,1016778,Information Technology,-0.010485109266077264,-0.021316095004271562,-0.009013943593823348,-0.017034948493637292,535.417919921875,538.960986328125,540.5959838867187,553.8438232421875,563.5847924804688,566.3827331542968,0
2022-05-09,516.3604125976562,530.9175913211186,513.20223296274,524.0584340446441,933661,Information Technology,-0.035842517753899905,0.005681950951836434,-0.021375165943174457,-0.009712258946300678,529.3680786132812,537.0660888671875,537.3818969726562,548.988150024414,560.6477026367188,563.9006144205729,0
2022-05-10,502.79010009765625,527.5126156891438,497.90479815748,512.9061044209748,697814,Information Technology,-0.026280698847016115,-0.021280698676283905,-0.0064133788136535586,-0.029807810299162685,523.8412841796875,535.5955688476563,534.8882649739584,544.440884399414,557.0316040039063,560.8444315592448,0
2022-05-11,477.62347412109375,512.7087272388816,472.5901389175441,508.267554433155,1456362,Information Technology,-0.05005394094210369,-0.00904366305613824,-0.028063572339255605,-0.050842368528309034,514.71220703125,531.8995239257813,530.7991007486979,537.9592437744141,552.1246044921875,557.27998046875,0
2022-05-12,473.7744140625,495.3881449208822,465.3361981269498,468.8397778151305,1126248,Information Technology,-0.008058774886801068,-0.07757287726539286,-0.033782499492990614,-0.015349327447266026,501.2208984375,521.3887512207032,526.5487345377604,532.0968994140625,546.4793798828125,554.1711588541667,0
2022-05-13,490.1574096679688,502.8394307760362,478.4129814890748,488.5289857392305,1171080,Information Technology,0.03457973904708922,0.04199560032183047,0.01504130837919826,0.028101796969075554,492.141162109375,513.779541015625,523.3543782552083,528.4822784423828,541.503291015625,551.6775207519531,1
2022-05-16,502.7407531738281,507.28062471052783,492.62474849818045,503.3329155688117,589068,Information Technology,0.025672045872739524,0.030303073638875855,0.008832230852774403,0.029706064757839767,489.4172302246094,509.3926544189453,521.1831359863281,525.3907302856445,537.0739660644531,548.7759572347005,1
2022-05-17,497.7074279785156,510.142748166733,491.4897980030381,509.2544894971238,1464328,Information Technology,-0.010011770805403941,0.011764726178537632,0.005642091017843187,-0.0023038844447063056,488.40069580078125,506.12098999023436,519.863944498698,523.2663726806641,533.2328466796876,545.5931193033854,0
2022-05-18,509.4025573730469,525.9829242059059,500.12541652368174,500.37214835225785,1369032,Information Technology,0.023498000506104733,-0.017441851428029786,0.031050477726277004,0.017570290483608808,494.7565124511719,504.73435974121094,519.5185201009115,521.7884536743164,529.3186975097656,542.5632558186849,1
2022-05-19,495.53619384765625,497.9048132984919,486.2097189941174,491.48978597155394,781813,Information Technology,-0.027220836104354218,-0.01775151236925121,-0.05338217195891759,-0.027824415776128486,499.10886840820314,500.1648834228516,513.9621236165365,519.6887680053711,525.4992932128906,538.5842946370443,0
2022-05-20,501.0136413574219,507.97149694270894,494.6973126165675,505.0600493397076,490768,Information Technology,0.011053577070193832,0.02761046873299433,0.02021808862928598,0.01745665150423048,501.2801147460938,496.71063842773435,509.6130655924479,517.8358123779296,523.041845703125,534.7994283040365,1
2022-05-23,491.9339294433594,504.3198551295183,490.5028727972028,501.1616756918223,607359,Information Technology,-0.01812268402405648,-0.007718633958440746,-0.007188674630699721,-0.00847880049555827,499.11875,494.2679901123047,505.9680196126302,515.6670394897461,520.1363342285156,530.7480967203776,0
2022-05-24,480.584228515625,493.7596829911092,476.98192001758224,493.4636168684397,600672,Information Technology,-0.02307159609945375,-0.015360429970539768,-0.02093943363720452,-0.027565491517948293,495.69411010742186,492.0474029541016,502.64536336263023,513.8214859008789,517.7519201660157,526.9763905843099,0
2022-05-25,450.5323181152344,488.5290196430252,446.732641938729,483.59438308097447,1413681,Information Technology,-0.0625320362534818,-0.019999921878934512,-0.010593540801868473,-0.06341808108311153,483.92006225585936,489.3382873535156,497.7962605794271,510.61890563964846,514.214775390625,521.7522583007812,0
2022-05-26,454.2825927734375,463.7571002229303,434.6427468833338,452.0126721876324,1072712,Information Technology,0.00832409686810509,-0.06530619874477306,-0.050707160524867234,-0.02706293187560127,475.6693420410156,487.38910522460935,491.9997029622396,504.38892822265626,510.8848828125,517.1943013509115,1
2022-05-27,469.8760681152344,478.3142840259477,456.3058184749104,462.8688786408685,1332350,Information Technology,0.03432549604552815,0.02401748252033431,0.03138967316299768,0.04984109765299127,469.44182739257815,485.36097106933596,487.62103474934895,499.5702560424805,508.1570153808594,514.1085093180338,1
2022-05-30,514.8800048828125,518.1368530545597,479.2519219157154,479.6466868276496,2204359,Information Technology,0.09577831224326405,0.03624743196398539,0.0832560731689369,0.05028667729352376,474.0310424804687,486.57489624023435,487.5223409016927,497.98377532958983,507.33984008789065,512.4521189371745,1
2022-05-31,523.3676147460938,525.7362647212672,507.2807093567484,517.1499838578525,1767883,Information Technology,0.016484636775151218,0.07818942163084075,0.014666803995714517,0.05848445495845578,482.5877197265625,489.1409149169922,488.89417521158856,497.6309524536133,507.5747326660156,511.89122009277344,1
2022-06-01,536.5924072265625,542.8100374259891,524.0584179512731,525.7362064780427,1493360,Information Technology,0.025268648857619258,0.016602964107508056,0.03247592728603954,0.033073815512912885,499.79973754882815,491.8598999023437,492.8254374186198,498.29712982177733,508.4550720214844,511.81226908365886,1
2022-06-02,529.97998046875,537.6286673377124,525.4401388091748,534.9146171584032,752461,Information Technology,-0.012322997248488066,0.017458205402757887,-0.00954545739951096,0.0026365779282837565,514.9392150878906,495.3042785644531,496.5724751790365,497.73458099365234,506.4989855957031,511.56060485839845,0
2022-06-03,545.0798950195312,565.8053667711275,536.1482156692709,538.8622655415038,2653372,Information Technology,0.028491481012973052,0.007379959822506832,0.05240922061121389,0.02037925173429711,529.97998046875,499.7109039306641,500.233974202474,498.21077117919924,505.6522009277344,511.79417622884114,1
2022-06-06,531.3616333007812,543.6982234105017,518.6795825256348,543.5994945472701,864218,Information Technology,-0.025167432965507608,0.00879116855771267,-0.039071993054403786,-0.03258172392093128,533.2763061523438,503.65367431640624,502.14203287760415,498.9608322143555,505.04228149414064,511.66258443196614,0
2022-06-07,523.4168090820312,530.4240282460797,518.2354413547212,528.992971778705,768545,Information Technology,-0.014951821360148498,-0.026870008002361834,-0.02441463773995023,-0.000856291988111435,533.2861450195312,507.9369323730469,503.8559916178385,499.9921676635742,504.7619909667969,511.85996805826824,0
2022-06-08,521.7885131835938,533.878373480393,518.6303335484051,528.1048122167045,717182,Information Technology,-0.0031108972241323807,-0.001678962877359469,0.006512422232709758,0.0007619938008325278,530.3253662109375,515.0625518798828,504.6817220052083,502.2004196166992,504.70277709960936,512.1001210530599,0
2022-06-09,518.6302490234375,520.4067059545632,512.4126196458695,516.8537920923119,461921,Information Technology,-0.006052766744301663,-0.0213045211180084,-0.025233589137553802,-0.011988720096633654,528.055419921875,521.4973175048829,506.22132568359376,504.4432113647461,503.7987487792969,510.0917246500651,0
2022-06-10,503.3329162597656,515.1760437011719,500.7668992904015,513.2021891276042,731367,Information Technology,-0.029495643172522623,-0.007065059830412279,-0.010051104633244323,-0.022727231744441467,519.7060241699219,524.8430023193359,506.3759440104167,505.10198669433595,502.50982177734375,507.9945048014323,0
2022-06-13,480.8309631347656,492.4273581989609,478.1662475406478,482.50872137074833,1019122,Information Technology,-0.04470590418010123,-0.059807749084297424,-0.04415711052629301,-0.04513207997928648,509.5998901367187,521.4380981445313,505.6357462565104,504.0064971923828,501.0886437988281,505.8018829345703,0
2022-06-14,464.20123291015625,491.4897650461196,460.8950206356182,478.16624731896576,1151215,Information Technology,-0.034585397987251576,-0.008999783546805418,-0.0019040232782161493,-0.03611971148917492,497.75677490234375,515.5214599609375,504.5435465494792,502.33118743896483,499.54508911132814,503.5944549560547,0
2022-06-15,474.9587707519531,478.6597481863839,466.8166203962053,470.5175978306361,573447,Information Technology,0.02317429829808093,-0.015995795460710505,-0.02610434188498667,0.012848044555614058,488.3908264160156,509.35809631347655,506.17197672526044,500.60899810791017,499.4385009765625,501.98411865234374,1
2022-06-16,463.6091003417969,498.05285717475766,459.4639936239122,490.70026684243146,1976162,Information Technology,-0.023896117113886506,0.04289461032881525,0.040515437242954366,-0.01575056767698768,477.3865966796875,502.72100830078125,506.7937438964844,499.0126434326172,499.0318884277344,499.396723429362,0
2022-06-17,462.37542724609375,469.4319512219613,449.5453727013783,458.9211817917472,977849,Information Technology,-0.0026610200162023867,-0.0647627221708621,-0.05746559936459472,-0.02158737367928032,469.1950988769531,494.4505615234375,506.293701171875,497.08073272705076,497.92060913085936,496.957367960612,0
2022-06-20,448.5090942382813,471.75121858777993,445.6469811603141,464.74402919172513,913763,Information Technology,-0.029989338080529615,0.012688120816834125,0.004940582676107752,-0.008671853338492297,462.73072509765626,486.1653076171875,501.8689737955729,494.90949096679685,495.7513427734375,494.69565734863284,0
2022-06-21,464.2505493164063,468.1982581203189,452.4074229046682,456.74989656524656,1131883,Information Technology,0.03509729296539521,-0.017201151869302822,-0.007531428277169239,0.015169948479740958,462.74058837890624,480.248681640625,497.92783610026044,494.0928070068359,494.41306762695314,493.4110056559245,1
2022-06-22,468.7411193847656,477.5741003885828,456.0590979293426,463.6584198444733,1103784,Information Technology,0.009672729682218995,0.015125396483236742,0.020025367684846085,0.008071651435842764,461.49705810546874,474.9439422607422,493.4044169108073,495.0032470703125,492.7866101074219,493.11492716471355,1
2022-06-23,486.4071350097656,491.489804676976,471.7512583044066,472.6888513045563,995301,Information Technology,0.037688214014992116,0.01947647464940272,0.029138314404132393,0.034408173077374204,466.0566650390625,471.721630859375,490.499560546875,496.6094741821289,492.42144775390625,493.5360178629557,1
2022-06-24,489.7133483886719,505.3067880022254,485.61757591445166,495.43751479905694,1122557,Information Technology,0.006797213981739603,0.048126084276617576,0.028112451558034657,0.029393281662637438,471.5242492675781,470.35967407226565,486.80845743815104,497.6013381958008,491.96943603515626,493.5212158203125,1
2022-06-27,497.8061218261719,513.8930548139906,495.5362010939756,498.4476185445203,956794,Information Technology,0.016525531648520664,0.00607564759540713,0.016992185768395673,0.020424765641660514,481.38365478515624,472.05718994140625,484.57142333984376,496.7476440429688,492.20432373046873,493.356728108724,1
2022-06-28,509.5505676269531,512.8568103195907,490.50288223548273,497.3620392156047,957846,Information Technology,0.02359240934542428,-0.002177920584886195,-0.00201645942612505,-0.010157318168442564,490.44365844726565,476.5921234130859,483.6470072428385,496.0567916870117,493.36297729492185,493.7514994303385,1
2022-06-29,517.5940551757812,519.1237805043393,500.42149537597913,505.109400237948,1344232,Information Technology,0.015785454986906977,0.015576904571490413,0.012219726946480769,0.020221314695016757,500.21424560546876,480.85565185546875,483.36737670898435,495.1068740844727,496.0454467773437,494.02454935709636,1
2022-06-30,510.8829040527344,526.8217426545485,505.3067411154441,518.9263248246198,871481,Information Technology,-0.012966051398653922,0.027354320826662226,0.014828760382987083,0.00976226198236052,505.1093994140625,485.5830322265625,482.85088704427085,494.1520202636719,498.3094592285156,494.5361063639323,0
2022-07-01,492.8221435546875,508.21821515462864,488.9237687491552,505.306767629623,940281,Information Technology,-0.03535205495187721,-0.026245647105299086,-0.035312755707804455,-0.03242183615069949,505.7311584472656,488.62770385742186,482.15016886393227,491.5391326904297,499.22730224609376,494.2630564371745,0
2022-07-04,493.5129699707031,502.7901104159135,489.3678935023826,495.63488769892194,504958,Information Technology,0.001401776330569815,-0.01914061031889891,-0.010680657593241882,0.0009083721872709116,504.8725280761719,493.1280914306641,482.9956359863281,489.6466995239258,498.37262084960935,494.31569112141926,1
2022-07-05,495.9802551269531,503.33287485612624,492.2792781059522,497.4113116225248,605554,Information Technology,0.004999433259872621,0.003584138178509333,0.001079505004113468,0.005949275876545368,502.15846557617186,496.3010620117187,485.11423746744794,488.2748718261719,497.2771264648438,494.8288920084635,1
2022-07-06,497.4113464355469,500.7668931457114,488.5290009634836,497.9541443891653,562495,Information Technology,0.0028853795968701856,0.0010913156857446094,-0.005097981551767994,-0.007618190139747072,498.121923828125,499.1680847167969,486.61107584635414,487.0560134887695,495.70988403320314,496.3915262858073,1
2022-07-07,500.6681823730469,507.6754019973371,495.9309436158103,503.2341992493122,496666,Information Technology,0.006547570659251267,0.01060349616453915,0.01379585780567072,0.015151490776859733,496.0789794921875,500.594189453125,489.08168131510416,486.15791015625,494.537412109375,497.9377126057943,1
2022-07-08,500.7668762207031,516.1629472089797,498.3982568652673,504.3198203131715,809698,Information Technology,0.00019712426539353345,0.0021572879297129255,0.01671844879277251,0.004975114542093095,497.6679260253906,501.6995422363281,491.6411112467448,486.02960815429685,492.7648913574219,498.9674062093099,1
2022-07-11,491.6871948242188,496.7204999789356,483.7917763934397,495.4375065313864,1371697,Information Technology,-0.01813155347855444,-0.01761246221944901,-0.037667266383947684,-0.029306845019275718,497.3027709960937,501.0876495361328,494.5196512858073,486.57241973876955,491.1779138183594,498.1943125406901,0
2022-07-12,485.2228088378906,496.7698704813585,482.6567917928276,489.5159486857765,864420,Information Technology,-0.013147354770219777,-0.011952179170017674,9.939292303218217e-05,-0.0023460187956751977,495.1512817382812,498.6548736572266,495.9178019205729,487.6234985351563,489.65015380859376,496.9228190104167,0
2022-07-13,488.1835632324219,493.315597032895,483.5943574962346,487.54206653702016,439289,Information Technology,0.006101845050570098,-0.0040323142771051534,-0.0069534681020738676,0.0019425101217873664,493.30572509765625,495.7138244628906,497.21396484375,488.2847381591797,488.3059558105469,495.30919087727864,1
2022-07-14,476.98193359375,491.83520695543086,473.72508567717136,490.3054516284205,629049,Information Technology,-0.0229455280397034,0.0056679931457574995,-0.0030008985857494785,-0.020408161646385703,488.5684753417969,492.3237274169922,496.5856180826823,488.95337982177733,486.64002319335935,493.54258931477864,0
2022-07-15,484.28521728515625,487.29533337297033,474.5146133413565,478.9557859999456,479651,Information Technology,0.015311447199646944,-0.023148153035582153,-0.00923047703429647,0.0016666368069921944,485.2721435546875,491.47003479003905,496.22374267578124,490.04886932373046,485.878115234375,491.51610005696614,1
2022-07-18,496.8191833496094,500.9642899448724,486.7031787984042,489.51592755100194,977023,Information Technology,0.025881372416686643,0.022048259692717398,0.028050661756368722,0.02568638586538019,486.2985412597656,491.8006561279297,496.15794677734374,492.46437377929686,486.51764404296875,490.36468505859375,1
2022-07-19,499.2864990234375,500.8655886764884,493.463634164028,494.8453263159613,504848,Information Technology,0.004966224647754647,0.01088707938804312,-0.00019702256301512566,0.013890304522592878,489.111279296875,492.13128051757815,495.4736755371094,494.21617126464844,487.9210546875,489.560341389974,1
2022-07-20,525.5387573242188,536.3949570060336,503.8756922753274,505.4054174557678,3726059,Information Technology,0.05257954771885176,0.021340185666548717,0.07093593397667752,0.02109995020998534,496.5823181152344,494.9440216064453,496.0033223470052,497.0560531616211,489.94425415039063,489.6853495279948,1
2022-07-21,527.4138793945312,532.9406471964832,523.1700445696472,528.6475383000787,1155556,Information Technology,0.00356799958933518,0.04598708292703457,-0.006439862575948085,0.03829188942850803,506.6687072753906,497.61859130859375,497.1053873697917,499.10639038085935,492.4964453125,489.97813720703124,1
2022-07-22,526.72314453125,536.740421101483,520.2587823651583,529.7332609343788,911884,Information Technology,-0.0013096637958678325,0.002053774122908747,0.007129825666307044,-0.005564657676231599,515.1562927246093,500.21421813964844,499.3654541015625,500.9568801879883,495.07035400390623,490.7578114827474,0
2022-07-25,523.6142578125,534.9145872473737,521.0976052889544,528.006096268164,981604,Information Technology,-0.005902316522500062,-0.0032604421764422797,-0.0034017073846653867,0.0016123186234024978,520.5153076171875,503.40692443847655,501.37220662434896,502.2472869873047,498.074560546875,492.1839213053385,0
2022-07-26,513.5970458984375,537.8754359779476,503.3329767867033,526.3283732865636,3483599,Information Technology,-0.019130899826737657,-0.003177468960033125,0.0055351803842371705,-0.03409078898453277,523.3774169921875,506.2443481445313,502.5466593424479,502.4496109008789,500.04842041015627,493.8304484049479,0
2022-07-27,520.3080444335938,537.8260026560027,515.5214112558206,516.4590041658798,2704456,Information Technology,0.013066661089174758,-0.01875135299861619,-9.190477690246279e-05,0.02421544987361779,522.3312744140625,509.45679626464846,504.07310587565104,502.5853103637695,502.11109741210936,495.3420908610026,1
2022-07-28,528.9929809570312,536.3949349816165,524.3050767414605,528.0060537537532,1439333,Information Technology,0.016691912831930056,0.022358114573920007,-0.002660837645110159,0.017038410614687693,522.6470947265625,514.6579010009766,505.96142578125,503.4908142089844,503.81453125,497.5215535481771,1
2022-07-29,540.7868041992188,554.060987894524,530.3253391001905,532.9407204342624,2607171,Information Technology,0.022294857714086458,0.009345852467840254,0.032934786965341134,0.011482365183540955,525.4598266601563,520.3080596923828,508.6294209798177,505.88904724121096,505.8574694824219,500.13526611328126,1
2022-08-01,539.5531616210938,546.1655865131471,534.9145913095183,542.81000963143,1217632,Information Technology,-0.0022811994829491367,0.01851854965994293,-0.01425005830383419,0.008653654409790157,528.647607421875,524.5814575195312,511.8204854329427,508.1910568237305,507.52735107421876,503.170068359375,0
2022-08-02,525.1932983398438,538.6154832644511,523.5648444741938,535.5560332446111,1109694,Information Technology,-0.0266143622217051,-0.013363748379924822,-0.013823835545731966,-0.021217867337548824,530.9668579101562,527.1721374511719,514.485184733073,509.651708984375,508.1530603027344,505.2014933268229,0
2022-08-03,530.5720825195312,533.9276593720417,516.2123026189922,525.0453138372019,1262612,Information Technology,0.01024153239710035,-0.019625807114394878,-0.008703470356992593,-0.014043230619476765,533.0196655273437,527.6754699707031,517.3110860188802,511.3097457885742,508.67218139648435,507.2625254313151,1
2022-08-04,513.4489135742188,538.2701585752095,509.4518701676091,533.927654480831,1735339,Information Technology,-0.03227303039390916,0.016917283917294856,0.00813312276849465,-0.013096224977754645,529.9108520507813,526.2789733886718,519.7422180175781,511.9487823486328,508.77482177734373,508.16391805013023,0
2022-08-05,528.8943481445312,530.9668713168492,514.1891077250527,517.1005552193166,1390318,Information Technology,0.030081735810469912,-0.03151569153666789,-0.013568070126146359,0.00929869499916669,527.5323608398437,526.49609375,522.7161600748698,513.3551559448242,510.2177099609375,509.46995137532554,1
2022-08-08,524.4531860351562,531.7070775222254,521.0976091540325,528.8943588404463,548772,Information Technology,-0.008397068573251953,0.022807563252620566,0.001394072295961557,0.013435721070688134,524.5123657226562,526.5799865722656,524.558426920573,514.9934555053711,511.45531860351565,510.3581868489583,0
2022-08-10,516.9525756835938,526.4271151520688,514.2385252516342,524.5519289405343,475492,Information Technology,-0.014301772877512331,-0.008210391786806825,-0.009930208931506757,-0.013162762181030851,522.8642211914063,526.9155395507812,525.7361653645834,516.5799438476563,512.2942114257812,510.60492045084635,0
2022-08-11,543.4021606445312,545.2773466555371,521.1469615298439,521.1469615298439,2792400,Information Technology,0.051164432106681756,-0.006491192240142052,0.035807865820177254,0.013434303225004829,525.4302368164062,529.224951171875,526.9270589192708,519.3408737182617,514.1338439941406,511.46519063313804,1
2022-08-12,564.2965087890625,574.941744779895,547.2641795560015,547.6107444586373,4350472,Information Technology,0.03845098466253494,0.05077988529590227,0.0544024033022914,0.05011488112583384,535.599755859375,532.7553039550781,529.3859008789062,523.7066024780273,516.6789770507812,513.2456441243489,1
2022-08-16,558.2559204101562,574.0504902464124,555.8297850316155,569.3962824582525,1430894,Information Technology,-0.010704635390831885,0.03978288998173718,-0.0015501649368384607,0.015651683036451036,541.4720703125,534.5022155761719,531.4880859375,527.4051376342774,518.9785388183594,515.4267700195312,0
2022-08-17,559.5432739257812,576.3280992125649,552.0668647955412,559.4937732905485,2595353,Information Technology,0.002306027519921594,-0.017391243098658693,0.003967610871954408,-0.006769914706640456,548.490087890625,536.5012268066406,533.8833536783854,530.5413421630859,521.6927819824218,517.6277801513672,1
2022-08-18,576.7243041992188,579.2989419874698,549.7893669452368,561.9694864579301,2556656,Information Technology,0.030705454026628942,0.004424916389723643,0.005154776903926628,-0.0041254021850194444,560.44443359375,541.6543273925781,538.0918375651041,534.413232421875,525.352841796875,520.319248453776,1
2022-08-19,565.3363647460938,586.6268382480276,561.1772834157869,579.7445568186362,2297524,Information Technology,-0.019745898291796737,0.03162995641051891,0.012649593723436103,0.020713235204645963,564.8312744140625,545.1307556152344,541.0937255859375,536.4031127929687,528.4389538574219,522.5834157307943,0
2022-08-22,554.1959838867188,565.4353488693692,550.8785948752069,565.3363475903622,1179825,Information Technology,-0.019705756703583766,-0.024852685650624262,-0.03612430935131983,-0.018351934130144576,562.8111694335937,549.2054626464844,542.77392578125,537.7422180175781,531.5275158691406,524.36767578125,0
2022-08-23,550.2349243164062,557.9588971488718,540.4313808180567,549.5417340944449,1308038,Information Technology,-0.007147398547590611,-0.02793843623046488,-0.013222469616459676,-0.018964639676219086,561.2069702148438,551.3395202636718,543.4038004557292,538.9178070068359,534.1655041503906,526.0166107177735,0
2022-08-24,562.16748046875,570.2380182177636,549.5912364827882,549.5912364827882,1090404,Information Technology,0.02168629366296293,9.007939756355832e-05,0.022007214387363083,0.01694915578526568,561.7318115234375,555.1109497070313,544.9114217122395,540.8454681396485,536.7794360351562,528.3659535725911,1
2022-08-25,560.5830078125,573.0602498761293,557.5132432602026,572.0699954476032,876543,Information Technology,-0.002818506426107814,0.04090086863224385,0.004949216937843559,0.014414361531877251,558.5035522460937,559.4739929199219,547.2707356770833,543.1947662353516,539.2312963867188,530.8779602050781,0
2022-08-26,561.078125,572.3670494595922,559.4937421188055,564.4450141729542,667910,Information Technology,0.0008832183291320739,-0.013328755808426962,-0.0012096466587709909,0.0035523799345491547,557.651904296875,561.2415893554687,549.3044718424479,545.2332702636719,540.65287109375,533.3077789306641,1
2022-08-29,544.9865112304688,549.4922173207217,534.1927740124639,536.9654743785416,1226458,Information Technology,-0.028679809553315283,-0.04868417490528576,-0.039965319737514715,-0.045221181581989955,555.810009765625,559.3105895996093,551.4069783528646,546.0329467773438,541.3557763671874,535.5745981852214,0
2022-08-30,556.0774536132812,563.256799399649,546.9670992859598,547.6107889463922,1014001,Information Technology,0.020350856680418472,0.019824951651074008,0.02504963973109997,0.023913324730217678,556.978515625,559.0927429199219,553.2191853841146,546.7974792480469,542.5299487304687,537.9676727294922,1
2022-09-01,564.692626953125,573.3573538024715,551.8193184912387,554.5425183581763,1677721,Information Technology,0.015492757859294715,0.012658131562967911,0.017932414510731576,0.008871135414933118,557.483544921875,559.6076782226562,555.9018147786459,548.0544525146485,544.1730834960938,540.2301208496094,1
2022-09-02,558.7015380859375,571.9709106277853,555.5327119546363,567.7128288452545,1046948,Information Technology,-0.010609468906143227,0.023749865972534145,-0.002418113529880417,0.006729364737629195,557.1072509765625,557.8054016113281,558.6850789388021,549.7298645019531,545.9772631835938,542.2106221516927,0
2022-09-05,551.3737182617188,563.207272155965,549.3932091728186,558.7016260667855,841598,Information Technology,-0.013115803921577185,-0.01587281865163792,-0.01532182547920391,-0.011051559430615532,555.1663696289063,556.4091369628907,559.2165161132813,550.7699462890625,547.2198901367187,543.071787516276,0
2022-09-06,555.7803344726562,560.4840433167456,549.6902451615424,554.4435150825765,651538,Information Technology,0.00799206792958862,-0.007621440113188438,-0.004835216045408819,0.0005406619225800657,557.3251342773438,556.5675720214844,558.6487711588542,552.8865173339843,548.2913842773437,544.0173360188802,1
2022-09-07,543.4515380859375,555.4336511670155,540.1837110421253,551.8686994862272,1564784,Information Technology,-0.022182858266147076,-0.004643963769629056,-0.009010768834458949,-0.017294347504062668,554.799951171875,555.8892333984375,557.6618123372396,553.6143768310546,548.3979736328125,544.5749491373698,0
2022-09-08,553.5027465820312,558.4045182832036,547.6602210488624,550.6309844507442,1033841,Information Technology,0.018495133037059075,-0.002242770855885201,0.005348734470707939,0.013840680223980328,552.5619750976563,555.0227600097656,557.259110514323,555.0668548583984,548.95595703125,545.5712320963542,1
2022-09-09,567.3662719726562,569.9904098749535,553.5522109703913,556.5229741777458,1809385,Information Technology,0.025046895388025625,0.010700432582592345,0.020748205310677337,0.010758477053974813,554.294921875,555.7010864257812,556.6352416992188,557.5875396728516,550.6428759765626,547.3635396321614,1
2022-09-12,587.9635620117188,595.6380337685033,569.3962916324012,569.3962916324012,5154807,Information Technology,0.036303338877456515,0.023131690966892382,0.04499658844992949,0.02862255871805619,561.612890625,558.3896301269531,558.143721516927,559.8156097412109,552.93853515625,549.6187235514323,1
2022-09-13,599.797119140625,608.9074719664886,592.2216485901279,593.1624023848149,3824826,Information Technology,0.0201263443748414,0.041739138630985106,0.022277687866961493,0.040086943475323045,570.4162475585938,563.8706909179688,561.1837972005209,561.5906402587891,556.3924633789062,551.9788614908854,1
2022-09-14,598.7573852539062,606.0357313811236,576.9717870670031,584.2501331942206,2901814,Information Technology,-0.0017334759596853155,-0.015025006903273797,-0.00471621833788749,-0.02575026015923154,581.4774169921875,568.1386840820312,564.4186279296875,563.6157135009765,559.1869848632813,553.9112141927084,0
2022-09-15,588.211181640625,608.6104004641475,586.230672611532,603.0649993588225,1245331,Information Technology,-0.017613483980342237,0.032203443517825336,0.004248378354121618,0.01604738004885098,588.4191040039062,570.4905395507812,566.1548746744792,565.0491088867187,561.7373046875,555.5331481933594,0
2022-09-16,567.2178344726562,590.9839453620722,559.9394871889109,588.9044348353865,1537309,Information Technology,-0.035690153168143834,-0.023480992162522307,-0.028961803953124532,-0.044847850259181254,588.3894165039062,571.3421691894531,566.5971964518229,564.5737854003906,563.7479150390625,556.9339660644531,0
2022-09-19,565.682861328125,570.1390064064209,551.5717352468545,568.4060610981948,1164363,Information Technology,-0.0027061440089560795,-0.034807640297226716,-0.03527158245031581,-0.014944029012966098,583.9332763671875,572.7730834960937,566.9041788736979,564.5911102294922,564.6391430664063,558.104325358073,0
2022-09-20,568.8021240234375,582.2695590358911,565.4847356796988,573.5553328254606,894635,Information Technology,0.005514154499906665,0.009059142890413874,0.02127648256506598,0.025224280984263325,577.73427734375,574.0752624511719,568.4918863932292,565.3214172363281,564.8193676757812,559.9494323730469,1
2022-09-21,593.6575317382812,597.0244209818212,568.3565430992203,576.328079185454,2434486,Information Technology,0.043697811005043885,0.0048343136246928875,0.02534025987956645,0.005078487956124311,576.714306640625,579.0958618164062,570.9972249348958,567.4925476074219,566.2354321289063,562.1082051595052,1
2022-09-22,658.4697265625,667.4315174911912,595.1429406709287,595.1429406709287,16988105,Information Technology,0.10917438314046657,0.032646095453246815,0.11793001095932376,0.04712956663724421,590.766015625,589.5925598144531,577.2490315755208,572.3076599121093,570.192490234375,566.5754231770833,1
2022-09-23,654.5087280273438,677.0370180456788,644.5566823270921,664.0151471116925,6875574,Information Technology,-0.006015460355078717,0.11572380639031254,0.0143917395309614,0.08302835886863957,608.2241943359375,598.3068054199218,583.6361775716146,577.0039459228516,573.3038671875,571.1606282552083,0
2022-09-26,639.1102294921875,666.0451014755214,630.7920681535892,644.6556300910307,5347168,Information Technology,-0.023526803961142817,-0.029155234040776135,-0.016235325805207035,-0.021355164799172432,622.90966796875,603.4214721679688,589.4852783203125,580.905551147461,576.2548217773438,574.3508972167969,0
2022-09-27,645.7449951171875,668.1247851553995,642.8732930652602,644.6557392423778,3374301,Information Technology,0.010381253997877149,1.693172941852339e-07,0.0031224367167792533,0.01915246801855708,638.2982421875,608.016259765625,595.4829223632812,585.9434753417969,579.9167822265625,577.0658467610677,1
2022-09-28,639.1102294921875,653.5679199079574,634.0103950319238,643.4673126940404,1936990,Information Technology,-0.01027459086043081,-0.0018435057287072842,-0.02178764442043013,-0.013786383925014967,647.3887817382813,612.0515441894531,601.8601684570312,590.0951141357422,583.4717944335938,579.7609903971354,0
2022-09-29,642.774169921875,656.9843582201348,636.1890137800513,646.8837502611696,1988504,Information Technology,0.005732877147966775,0.005309418986374492,0.005227365371082815,0.0034362508331078345,644.2496704101562,617.5078430175781,607.8115966796875,593.9991912841797,586.6960620117187,582.5353535970052,1
2022-09-30,653.4689331054688,661.4899699421059,634.7530998995358,639.7043721296413,2612142,Information Technology,0.016638445793323742,-0.011098405437808045,0.006858019777179258,-0.0022570554495804362,644.0417114257813,626.1329528808594,613.5517740885417,598.7375610351562,590.4114990234375,585.0935078938802,1
2022-10-03,651.8350219726562,667.4315302841934,646.8342488560722,653.4689660671429,2048822,Information Technology,-0.002500365434432661,0.021517117182860312,0.0089820868222803,0.019032831755289692,646.586669921875,634.7481689453125,617.8098714192708,603.7606262207031,594.0417749023437,587.976796468099,0
2022-10-04,648.567138671875,666.1441544698177,643.6653672486075,663.1733912363626,1229492,Information Technology,-0.005013359501444992,0.014850628986446068,-0.0019288507599086735,-0.004899062801743903,647.1510986328125,642.7246704101562,621.0612060546875,608.3999664306641,598.185,591.1225016276042,0
2022-10-06,657.6279907226562,663.37151518758,651.1913364584759,653.567971439847,1340458,Information Technology,0.01397056913696848,-0.01448402472633592,-0.004162221140324274,0.011692363132785433,650.8546508789062,649.1217163085937,624.9859130859375,614.1087890625,602.247021484375,594.7022705078125,1
2022-10-07,674.8089599609375,686.3949500226097,655.7465603035118,658.5192608928876,3789910,Information Technology,0.026125666000623493,0.007575783498283473,0.034706697993385216,0.006995215676255162,657.2616088867187,650.7556396484375,630.7590983072917,620.1740997314453,606.6516748046874,598.4569864908855,1
2022-10-10,651.2408447265625,666.4412259263116,646.1410102777389,666.3917252932843,2176544,Information Technology,-0.03492561099920677,0.011954797479609702,-0.0290703247388997,-0.014648265972339924,656.8159912109375,650.4288513183594,636.3606323242187,624.3678283691406,610.3532470703125,601.4789143880208,0
2022-10-11,639.2587890625,654.6572346584092,636.2385248845787,654.5582333832008,1504923,Information Technology,-0.018398808614489504,-0.017757561297561786,-0.017681966255199022,-0.015325579456570426,654.3007446289063,650.4437072753906,641.265694173177,626.9325897216797,613.8686499023438,604.0849365234375,0
2022-10-12,666.0947265625,668.4218005066467,637.2287831496699,637.4268461415916,2818472,Information Technology,0.041979770883332046,-0.026172441759784393,0.02102560717200319,0.001556426130075561,657.8062622070313,652.4786804199218,647.7518676757812,630.2474700927735,618.2812255859375,608.1218770345052,1
2022-10-13,659.9056396484375,675.7992126869158,656.3406870941673,667.4315498624419,1502500,Information Technology,-0.009291601730586296,0.04707160343570682,0.011037060991543335,0.029992217002552612,658.2617919921875,654.5582214355469,652.168408203125,633.3048828125,622.9393896484376,611.5828165690104,0
2022-10-14,663.2229614257812,681.2456056869721,660.1036355273743,676.3438337496209,1739517,Information Technology,0.005026963823359765,0.013353105481776817,0.008059188140219886,0.00573322438666235,655.9445922851562,656.6031005859375,652.4852905273438,637.0554718017578,627.3281982421875,614.8671610514323,1
2022-10-17,667.9266357421875,670.1052076503181,648.6166737007158,663.2229270397777,1102947,Information Technology,0.007092146367029262,-0.019399758015241297,-0.016352983334725457,-0.017401755131194352,659.2817504882812,658.0488708496093,653.3798177083333,642.0909118652344,631.3506127929687,618.507997639974,1
2022-10-18,653.8154907226562,672.3827613793012,652.5281720451957,668.421743639217,1313671,Information Technology,-0.021126788878319314,0.007838716647875277,0.0033988002226832403,0.006030523887341044,662.1930908203125,658.2469177246094,654.3601684570312,646.4975433349609,633.9846899414063,621.9227233886719,0
2022-10-19,643.2197875976562,661.1434300112105,609.303571541562,654.5582135205348,8694486,Information Technology,-0.01620595301785932,-0.02074069290924363,-0.01671567448432909,-0.0662417384496311,657.6181030273438,657.7121826171875,654.1918212890625,650.2184265136718,635.7215966796875,624.8373718261719,0
2022-10-20,646.5371704101562,652.33013490835,637.8724437605198,643.2197816572364,1898979,Information Technology,0.005157463866107159,-0.01732226657475544,-0.013330382943850805,0.046887747837547566,654.9444091796875,656.6031005859375,654.6869506835938,652.8624084472656,637.6327880859375,628.2735595703125,1
2022-10-21,705.01171875,711.2998107861029,649.80502917011,651.0923479601382,10885981,Information Technology,0.09044267060894295,0.012239309995439651,0.09039851560136469,0.018706852014554354,663.3021606445312,659.6233764648438,658.8361206054688,655.1895080566406,642.3048095703125,633.3238586425781,1
2022-10-24,705.9029541015625,719.8160793210625,702.0904981397056,712.9832985339747,1020778,Information Technology,0.0012641426062287575,0.09505710022201885,0.011972825531259224,0.08046331841471166,670.8974243164063,665.0895874023438,662.3317220052083,657.7592193603516,647.8522143554687,637.941748046875,1
2022-10-25,725.6585083007812,734.3727360863785,707.53686246975,711.9930078596924,4280540,Information Technology,0.027986218338415414,-0.0013889395113720893,0.0202227446475578,0.007757353709351378,685.2660278320312,673.7295593261719,667.2532877604167,662.0866333007813,654.251240234375,642.5315795898438,1
2022-10-27,726.5991821289062,756.7524413663089,718.9247103585499,726.0545542848831,4151722,Information Technology,0.001296303726015191,0.019749556905707344,0.030474586242398294,0.016095059484320107,701.9419067382812,679.7800048828125,672.4554239908854,666.1293426513672,660.5631225585937,646.7583150227864,1
2022-10-28,714.6666870117188,741.9481864854449,699.1196792241897,730.7088220508231,2929332,Information Technology,-0.016422389965022766,0.006410355445706228,-0.019562876935203533,-0.027548129656696396,715.5678100585938,685.2561096191406,676.2580037434896,669.9071655273438,665.4034887695312,650.6219584147135,0
2022-10-31,702.3380126953125,727.8370663814659,699.9613776901762,720.9052847968804,1650152,Information Technology,-0.017250943048649603,-0.013416475835652086,-0.01901901016945995,0.0012039404568335854,715.0330688476563,689.1676147460937,678.0932739257812,672.8853576660156,667.1582202148437,654.4261861165364,0
2022-11-01,710.3590698242188,715.9045315103259,701.1497146937697,705.8534237569909,1114062,Information Technology,0.01142050833632724,-0.020879110414803725,-0.016394513857976634,0.0016977179619752647,715.9242919921875,693.4108581542969,682.0344889322917,675.7298645019531,669.3922338867187,659.1975606282552,1
2022-11-02,701.7438354492188,714.0229542824374,696.3964372790474,710.9036890501162,998536,Information Technology,-0.012127999403360734,0.007154835725305064,-0.0026282515965069253,-0.006779261711314155,711.141357421875,698.2036926269532,686.2001586914063,678.2253051757813,671.897578125,663.7329264322917,0
2022-11-03,692.3859252929688,711.200759890928,688.7219717305622,693.178116766921,1192540,Information Technology,-0.0133352224608565,-0.024933858912561724,-0.0039525261402072465,-0.011020253892266796,704.2987060546875,703.1203063964844,687.9529052734375,680.4162445068359,673.7632153320312,667.8523864746094,0
2022-11-04,688.1773681640625,698.5750402826292,680.7504595079434,693.1781412377819,1118419,Information Technology,-0.006078340092088741,3.530241410309998e-08,-0.01775268014369835,-0.011574354456252767,699.0008422851563,707.284326171875,689.8376871744791,681.9437133789063,675.7259008789063,671.0030476888021,0
2022-11-07,683.3250732421875,705.9028626837629,678.4233016115007,689.2665999605146,1170259,Information Technology,-0.007050936497403404,-0.005642909152159148,0.010489671085541552,-0.003418518289542982,695.1982543945312,705.1156616210938,691.1778279622396,682.3695190429687,677.3479370117187,671.8315592447917,0
2022-11-09,668.7188110351562,689.9597808545916,665.4509834722434,684.3648190942046,930521,Information Technology,-0.021375276246967778,-0.007111589139225383,-0.022585376362630916,-0.01912127444391054,686.8702026367188,701.3972473144531,691.2306396484375,683.2434173583985,677.9579321289062,672.3052286783854,0
2022-11-10,657.4299926757812,668.2732311966405,651.587466896772,664.4607755132736,763477,Information Technology,-0.016881263354772802,-0.02908396665871149,-0.03143161421828078,-0.020833264838130194,678.0074340820313,694.5743957519531,691.4716064453125,684.1519775390625,678.1817309570313,672.9158874511719,0
2022-11-11,682.6318969726562,687.2366044494971,669.9071511672691,677.3340597167954,1590280,Information Technology,0.03833397407730321,0.01937403181335684,0.028376676436522752,0.028115464463651874,676.0566284179688,690.1776672363281,694.0990804036459,684.9788360595703,679.5443212890625,674.1454508463542,1
2022-11-14,676.0962524414062,687.1376141711431,669.4120346398984,685.2561064656949,728161,Information Technology,-0.009574185677865832,0.011695922617876109,-0.00014404104454435185,-0.000739082313881978,673.6404052734375,686.3206237792969,696.0696858723958,685.7883666992187,680.2830517578125,675.3783182779948,0
2022-11-15,684.0678100585938,685.7017541920861,670.2042467840523,677.3340914133129,705309,Information Technology,0.01179056619290808,-0.011560663199691734,-0.0020896250611880385,0.001183444729343952,673.7889526367187,684.493603515625,694.6734252929688,686.8306091308593,680.6534057617188,676.7547729492187,1
2022-11-16,670.2537231445312,684.9590384922999,665.797577967693,684.9590384922999,543274,Information Technology,-0.020194031514038424,0.011257291159045169,-0.0010831468568449631,-0.006575113239739361,674.0959350585938,680.4830688476562,692.2968098958333,686.9469635009766,681.4139208984375,677.3142659505208,0
2022-11-17,689.01904296875,696.8420773991943,664.5597456551822,667.431507772772,1787535,Information Technology,0.02799733768904744,-0.025589166263297658,0.01734853945872561,-0.0018591721470198053,680.4137451171875,679.2105895996094,689.854178873698,688.7071411132813,683.4043310546875,678.5537333170573,1
2022-11-18,679.611572265625,694.5148886702341,672.8778545364027,690.9499970607432,928162,Information Technology,-0.013653426271923341,0.03523730752006715,-0.0033396214213210484,0.01251672093533096,679.8096801757813,677.933154296875,686.7216715494792,690.5267303466796,683.9450048828126,679.5885477701823,0
2022-11-21,676.5419311523438,687.2366683703265,671.9372232472126,679.2651312071253,593612,Information Technology,-0.0045167581579694804,-0.016911304585461417,-0.010479574187161056,-0.0013979227921508963,679.8988159179687,676.7696105957032,684.1800211588542,692.026968383789,684.6104565429688,680.2190124511719,0
2022-11-22,676.739990234375,686.9891007505163,673.8682278352811,676.8389915142023,622028,Information Technology,0.00029275211618284835,-0.0035717124013290302,-0.00036023633662807253,0.002873787195084576,678.433251953125,676.1111022949219,682.473486328125,690.6133819580078,685.1511376953125,680.2833801269531,1
2022-11-23,719.9150390625,727.8370752557599,678.4233503241651,680.0077938270208,6881215,Information Technology,0.06379857766817087,0.0046817667902514515,0.05945942149681627,0.006759663537657445,688.3655151367187,681.2307250976562,683.1105509440105,691.3139862060547,687.230673828125,682.572519938151,1
2022-11-24,711.2503051757812,726.2526852494638,707.7349137367011,725.8070586297856,1366119,Information Technology,-0.0120357728573115,0.0673510880588748,-0.002176847072182242,0.04320541649772269,692.811767578125,686.6127563476563,683.744315592448,690.5935760498047,689.52806640625,684.972237141927,0
2022-11-25,711.3493041992188,722.8362927974572,709.0222302732006,714.9637573425291,1064805,Information Technology,0.00013919013140251124,-0.01493964705679085,-0.00470413744609155,0.0018189247294624344,699.1593139648437,689.4844970703125,685.0085408528646,689.8310821533203,692.2532470703125,686.480723063151,1
2022-11-28,707.932861328125,715.6073325659596,703.0805908209753,710.0123712938582,648702,Information Technology,-0.004802764058284614,-0.006925366492806395,-0.010000826333056323,-0.008380046772208938,705.4375,692.6681579589844,686.3255737304687,689.4943908691406,694.7090747070313,688.081630452474,0
2022-11-29,711.101806640625,714.36969518465,698.6741234540101,707.9330402615071,1232529,Information Technology,0.0044763359431498895,-0.0029285842281338015,-0.0017294923137131102,-0.006267371656241916,712.30986328125,695.3715576171875,688.1773559570313,689.9325805664063,694.9526782226562,689.6775919596354,1
2022-11-30,707.8834228515625,717.3404019153324,705.6058495326727,713.5773863689567,852155,Information Technology,-0.004525911422257112,0.007972994317887228,0.004158500494501727,0.00992125777378794,709.9035400390625,699.1345275878906,690.788330078125,689.8087982177734,695.0318969726562,691.0094848632813,0
2022-12-01,705.5563354492188,722.687726313111,702.090444678591,716.003508398329,2004198,Information Technology,-0.0032873879048750387,0.0033999424249102628,0.007454375054717355,-0.004982108434064103,708.76474609375,700.7882568359375,693.9967529296875,689.9994232177735,694.2278100585937,692.7341796875,0
2022-12-02,711.9930419921875,714.7657427241163,703.6253787151983,705.5563872314793,760559,Information Technology,0.009122881079185019,-0.014590879855071459,-0.010961834967655792,0.0021862340503864264,708.8934936523438,704.0264038085937,695.9541625976562,690.9797790527343,693.643564453125,695.026621500651,1
2022-12-05,711.2008056640625,714.9637607377724,705.1107162129445,714.9142601000274,556824,Information Technology,-0.0011127023459502894,0.013263111266368366,0.0002770390378552534,0.0021109777200736257,709.5470825195313,707.4922912597656,698.2944661458333,692.1309509277344,693.5049291992187,697.1820760091146,0
2022-12-06,708.4280395507812,726.0050555878234,705.3087139370882,711.5473047241406,1112308,Information Technology,-0.0038987105908748765,-0.004709593253064526,0.015443153144793609,0.00028080373704608697,709.0123291015625,710.6610961914063,699.9184814453125,693.386099243164,693.7485302734375,697.2959533691406,0
2022-12-07,703.3283081054688,711.7949725880469,699.2187274652167,708.972771240635,559608,Information Technology,-0.007198658382503109,-0.003618218305954768,-0.019572980780789617,-0.008634497705092503,708.1013061523438,709.0024230957031,702.1234537760416,695.1165740966796,693.4672998046875,697.2101318359375,0
2022-12-08,707.1406860351562,711.0027026070671,699.6642769467842,706.0514303047895,560349,Information Technology,0.0054204812827123305,-0.004120526280203096,-0.0011130592537049733,0.000637210452275383,708.4181762695313,708.5914611816406,703.3315633138021,697.6021087646484,693.683173828125,696.59287109375,1
2022-12-09,690.4549560546875,711.992991614658,686.741501647796,710.70567284167,1273739,Information Technology,-0.023596054236425634,0.006591931319891664,0.0013928062494836801,-0.018469965846164116,704.1105590820313,706.5020263671875,704.0544555664062,697.99326171875,693.6059350585938,695.3880635579427,0
2022-12-12,677.3341064453125,694.1684336522867,673.4720895569881,691.1976700275266,890689,Information Technology,-0.019003194190028716,-0.0274487788118295,-0.02503473794306421,-0.01932228074023301,697.3372192382812,703.4421508789062,704.1072672526042,698.0551544189453,693.1722045898438,694.1436442057292,0
2022-12-13,670.7984008789062,683.1270206546998,668.9663938486872,677.334056192347,666285,Information Technology,-0.009649160590341488,-0.020057379294446176,-0.015905956627116802,-0.006690248605944138,689.8112915039062,699.4118103027344,703.7111612955729,697.3916839599609,692.6711376953125,693.0923238118489,0
2022-12-14,676.6904296875,684.2164006109041,664.6588730425909,674.165292646495,967720,Information Technology,0.008783605925228422,-0.004678287643862689,0.001594696042267918,-0.006439069055942048,684.4837158203125,696.2925109863281,700.829520670573,697.7135192871094,692.9900024414062,691.9700358072917,1
2022-12-15,688.4744873046875,713.9735423900463,676.6904337881324,679.5621962068922,3242482,Information Technology,0.0174142519240732,0.008005312078898541,0.04349083382475705,0.018101858311865948,680.7504760742188,694.584326171875,699.3111328125,697.6862915039062,694.2317822265625,691.5277242024739,1
2022-12-16,695.7527465820312,701.5457713303414,680.3048014672066,684.3648205021581,1889828,Information Technology,0.010571574417866048,0.007067232877391749,-0.017406486825972012,0.00534124246273282,681.8100341796875,692.9602966308594,698.2713623046875,698.4933502197266,694.7566162109375,691.639951578776,1
2022-12-19,703.1302490234375,712.7852311315104,693.772331199852,696.0994657157471,2281423,Information Technology,0.010603626759145612,0.017146768597746886,0.016020992871007778,0.01979631733246645,686.9692626953125,692.1532409667968,697.9511881510417,699.8227661132812,695.8379760742188,692.1383809407552,1
2022-12-20,697.4856567382812,711.4482799278628,694.6634558975812,703.9718713573022,770442,Information Technology,-0.008027804653541692,0.011309311426435986,-0.0018756718647567894,0.0012844627230781391,692.3067138671875,691.0590026855468,697.0434448242188,700.8600494384766,696.3746899414062,692.610400390625,0
2022-12-21,697.4856567382812,720.9051972821655,688.226802350419,701.2486717796567,2344372,Information Technology,0.0,-0.003868335779375731,0.013292487480975668,-0.009265858873841792,696.4657592773438,690.4747375488281,696.3502604166666,699.7385803222656,697.4639672851563,693.5692952473959,0
2022-12-22,704.1205444335938,722.4402551369913,687.2862156791205,703.5759164737242,2301597,Information Technology,0.009512579407496169,0.003318715297044861,0.0021293477431054697,-0.0013666812569436138,699.594970703125,690.1727233886719,696.254541015625,699.3820922851562,698.06802734375,695.1256469726562,1
2022-12-23,644.1110229492188,697.931328453004,616.482899452574,696.148882520393,2857330,Information Technology,-0.0852262044599873,-0.010556123055710853,-0.03392519521124948,-0.10301867636990858,689.2666259765625,685.538330078125,691.729073079427,696.0201782226562,696.6480053710937,693.8416178385417,0
2022-12-26,682.532958984375,685.6027239599996,644.6062212297135,644.6062212297135,1618098,Information Technology,0.059651107753492694,-0.07403970987365582,-0.017664495044707684,0.04561898116251473,685.14716796875,686.0582153320313,689.8178833007812,694.7501831054688,696.887646484375,694.0561747233073,1
2022-12-27,690.1578979492188,700.0109424848343,682.285362448286,687.9298252852004,741070,Information Technology,0.011171532252727934,0.06720941037900419,0.021015404433654794,0.05845295930698935,683.6816162109375,687.9941650390625,688.5998738606771,693.7029876708984,697.4243627929687,694.2591776529948,1
2022-12-28,693.1781005859375,696.0498626073556,680.3542936370309,688.7219556535994,662900,Information Technology,0.0043761038534706476,0.0011514697274108698,-0.0056585970833799015,-0.0028302949433441915,682.8201049804687,689.6429321289063,687.923193359375,692.9677215576172,696.3548852539062,695.0233235677083,1
2022-12-29,694.81201171875,701.1001028720491,681.2950152202964,692.1878134287604,625008,Information Technology,0.002357130341295255,0.005032303307177077,0.007255572532944177,0.0013826936819001379,680.9583984375,690.2766845703125,687.1012817382813,692.4305053710938,695.697353515625,695.2164225260417,1
2022-12-30,697.38671875,711.6959080988945,694.267392956453,700.1099185747249,662649,Information Technology,0.003705616753632457,0.011445022567967866,0.01511311321085218,0.01904076420104439,691.6135375976562,690.4400817871094,687.563399251302,691.7001892089844,695.1388500976562,695.8089274088542,1
2023-01-02,689.9598388671875,701.8923937806978,687.3356402052275,700.9021392577453,404987,Information Technology,-0.01064958606628541,0.0011315661469746274,-0.013774863964560624,-0.009984269492633868,693.0989135742187,689.1230407714844,688.4051147460938,690.6381408691407,694.4199291992187,696.256190999349,0
2023-01-03,685.008544921875,696.4459722177578,682.2853450685535,689.9598173824596,524130,Information Technology,-0.007176206014312125,-0.015611768408744675,-0.007759624710567459,-0.0073476404266858975,692.06904296875,687.8753295898438,689.3524576822916,689.4671661376954,693.3761987304688,696.5318094889323,0
2023-01-04,674.5119018554688,684.2658848659162,669.0655019035693,684.2658848659162,838579,Information Technology,-0.015323375371329662,-0.008252556704164027,-0.0174889192237776,-0.019375827519285127,688.3358032226563,685.5779541015625,689.2072224934896,688.0263458251953,692.041337890625,695.0183715820312,0
2023-01-05,676.0467529296875,683.2755986241655,670.6003532305093,676.0467529296875,571885,Information Technology,0.0022754988755522287,-0.012011605602461395,-0.0014472243372833926,0.002294022517336902,684.5827514648438,682.7705749511719,688.3787068684895,686.4716491699219,690.8609545898438,693.8449198404948,1
2023-01-06,709.6658935546875,712.9337212335207,672.4322890373165,675.8486790635071,2688877,Information Technology,0.04972901723040524,-0.00029298841436931067,0.04340579799582245,0.0027317847328622857,687.0385864257812,689.3260620117187,689.30625,687.4321960449219,690.7678686523437,693.7888061523438,1
2023-01-09,708.6260986328125,747.2460242749994,703.1301982256459,713.2308062509009,6183258,Information Technology,-0.0014651893677272154,0.05531138603273211,0.04812832107606213,0.04565204510372012,690.7718383789063,691.9353759765625,689.6726399739583,688.9967956542969,690.6648803710938,693.8119140625,0
2023-01-10,712.4386596679688,720.2616344759452,699.1197236658692,711.9930330251558,1393835,Information Technology,0.005380215380878628,-0.0017354455456732865,-0.03611178771440804,-0.00570374387261019,696.257861328125,694.1634521484375,690.6695068359375,691.07880859375,690.8253051757813,693.8564758300781,1
2023-01-11,696.1984252929688,715.8550136971531,694.168415623507,714.9637604567362,836999,Information Technology,-0.022795273887254774,0.004172410815535876,-0.00611808344060738,-0.007082203340509019,700.595166015625,694.4654846191406,690.58369140625,692.0542083740235,690.5401098632813,693.4669759114583,0
2023-01-12,685.8007202148438,704.0709272505519,683.3745846784449,699.7137834121074,867422,Information Technology,-0.014934973565545628,-0.021329720313217893,-0.016461554673956047,-0.015549297118865657,702.5459594726562,693.56435546875,689.3623697916667,691.9205200195313,689.6865112304688,692.8084554036458,0
2023-01-13,685.6522216796875,692.1383763935386,670.402278610493,688.4249221176311,1673248,Information Technology,-0.00021653306970825792,-0.016133541402353013,-0.01694793861693855,-0.018982716593207605,697.7432250976562,692.3909057617187,692.1317830403646,691.415493774414,689.4944018554687,691.9304280598958,0
2023-01-16,686.4939575195312,697.5353197791045,681.3446218409813,689.1181562177399,634770,Information Technology,0.0012276425470942876,0.0010069857697427853,0.00779749190282919,0.016322055547257186,693.316796875,692.0443176269531,692.395849609375,690.5836791992188,689.8607958984375,691.1068664550781,1
2023-01-17,695.40625,701.1002135991456,685.2561409754361,686.4939591491634,956920,Information Technology,0.012982332011589826,-0.0038080509777590477,0.005110700087803455,0.0057408820867859145,689.9103149414062,693.0840881347656,692.7457397460937,690.4797088623047,690.8451098632812,690.6728068033855,1
2023-01-18,685.8502807617188,701.1002250880762,678.8194975958704,696.644079589635,619850,Information Technology,-0.01374156363748713,0.014785447570509813,1.6387001977591353e-08,-0.009393047350737094,687.8406860351563,694.2179260253906,692.2572184244792,689.8979400634765,691.21150390625,690.0902058919271,0
2023-01-19,688.6229858398438,690.2568694587956,679.2650689664413,682.3348336616864,632608,Information Technology,0.004042726460716128,-0.020540253405121334,-0.015466199041539896,0.0006563915328727798,688.4051391601563,695.4755493164063,691.8446166992187,689.1230621337891,691.2174438476562,689.47294921875,1
2023-01-20,689.9598388671875,696.0499283594816,680.057293637662,692.0889102676713,470408,Information Technology,0.0019413424396708123,0.014295146788330548,0.008392613180696173,0.0011662967925409884,689.2666625976562,693.5049438476562,691.3494913736979,691.4155029296875,690.9857275390625,689.4564453125,1
2023-01-23,690.9995727539062,694.6635264640937,683.3251004373036,693.4257083485127,389484,Information Technology,0.001506948416629461,0.0019315409638978043,-0.001991813861191627,0.004805193371520078,690.1677856445312,691.7422912597656,691.4188069661458,691.838833618164,690.5005004882812,689.9119608561198,1
2023-01-24,695.4557495117188,700.4070221986032,690.8511021771205,694.4654949743419,830672,Information Technology,0.006448884968268231,0.001499492466620067,0.008268025476656948,0.011013793778394065,690.177685546875,690.0440002441406,692.1152872721354,692.103726196289,690.4193041992188,690.7338724772136,1
2023-01-25,700.1099243164062,708.6260887528895,681.0475253869992,694.0198350277594,908511,Information Technology,0.006692265910455353,-0.000641730870442947,0.011734700386764274,-0.014190578489672756,693.0296142578125,690.4351501464844,693.8218221028645,692.4503173828125,690.5242749023438,691.5145222981771,1
2023-01-27,690.603515625,710.8541718900641,681.7407257215217,700.060434055052,986918,Information Technology,-0.01357845155628723,0.008703784420010185,0.0031442296191717123,0.0010178442893962192,693.4257202148438,690.9154296875,694.7922729492187,692.239892578125,689.98359375,691.5854899088541,0
2023-01-30,702.3875732421875,717.7860201304129,681.3941637073382,693.1782175823762,1172465,Information Technology,0.017063419676517144,-0.009830889074548987,0.009751434984081264,-0.000508348703705086,695.9112670898437,692.58896484375,694.307051595052,692.4899353027344,692.3146557617188,691.806650797526,1
2023-01-31,755.4652099609375,764.8230669772147,694.8616202479778,702.3875305481354,4110246,Information Technology,0.07556744842985497,0.013285635255358752,0.0655307369155167,0.019764561039627537,708.80439453125,699.4860900878906,697.4296590169271,695.7652038574219,695.2319458007812,693.5511494954427,1
2023-02-01,735.3629760742188,771.4082644694668,727.1933763542276,767.4472464234104,2995906,Information Technology,-0.026609079573311045,0.09262652459747289,0.008610092682322712,0.04652977681327597,716.78583984375,703.4817626953125,698.9579467773438,698.282925415039,697.0401489257813,694.8137268066406,0
2023-02-02,779.825439453125,805.076929873512,733.4320390725893,735.3629870465824,6672636,Information Technology,0.06046328796191491,-0.04180646881769745,0.04364571518714633,0.00857909728171502,732.7289428710938,712.8792785644531,704.5330810546875,703.5486022949219,700.5060424804688,697.5583862304687,1
2023-02-03,770.7645263671875,793.1443131835554,763.1891160949249,777.3497426305742,2260046,Information Technology,-0.01161915555395543,0.05709663978686508,-0.014821709885329049,0.040572371313315925,748.7611450195312,721.0934326171875,710.197334798177,708.2844909667969,703.5441430664063,699.7798522949219,0
2023-02-06,768.734619140625,811.5631297687855,765.565792393363,776.3595915023777,3855942,Information Technology,-0.0026336282445820203,-0.001273752435867248,0.02322252871145225,0.003114138092795482,762.0305541992187,728.9709106445313,715.736161295573,711.2379272460937,706.3980590820313,703.9339721679687,0
2023-02-07,771.2596435546875,784.2320129347303,767.645251126306,772.2994590650949,1266458,Information Technology,0.003284650321700333,-0.005229706030199011,-0.03367712976542181,0.0027162377859675235,765.1894409179688,736.9969177246094,721.38720703125,714.3696044921875,709.6500512695312,706.8915283203125,1
2023-02-08,795.3724365234375,802.1061551203305,770.6655743486385,772.3985197455034,2132640,Information Technology,0.03126417046484575,0.00012826718864800135,0.02279190582734847,0.003934529938016462,777.1913330078125,746.9885864257812,728.0516194661458,718.5162933349609,714.0646069335937,710.3986796061198,1
2023-02-09,809.2855224609375,821.9112678404138,798.1946595297217,799.3829770652699,2842171,Information Technology,0.0174925422338168,0.0349359257299684,0.024691386038687257,0.03572118192038176,783.083349609375,757.9061462402344,736.2806355794271,724.1706481933594,719.4555517578125,714.2689270019531,1
2023-02-10,848.618896484375,853.1325507771895,808.4918940504762,811.4183492121139,3862427,Information Technology,0.048602591955221985,0.015055827422080892,0.03798619651341473,0.01290065574583199,798.6542236328125,773.7076843261718,746.9470296223958,732.311557006836,726.3584375,719.3958231608073,1
2023-02-13,813.7494506835938,865.8302099139243,810.1782228411885,853.1324369158905,2963766,Information Technology,-0.04108964099814061,0.051408854315755814,0.014883571286979258,0.002085770807501719,807.6571899414063,784.8438720703125,755.1996704101563,738.7164184570313,730.5217797851562,723.274580891927,0
2023-02-14,827.836181640625,840.2363641097776,815.981595090562,817.8168584246561,1685164,Information Technology,0.017310894582106995,-0.0413951890270422,-0.029559890046676807,0.007163081018176198,818.9724975585938,792.0809692382812,764.3221110026042,745.7835296630859,735.2901831054687,727.870458984375,1
2023-02-15,837.3099365234375,848.966108428464,804.9206951755777,828.3322162295451,2129885,Information Technology,0.01144399712517652,0.012857839376342328,0.01038962926573106,-0.013555330146578393,827.3599975585937,802.2756652832031,773.7790568033854,752.8787139892578,740.2850341796875,732.9471720377604,1
2023-02-16,859.2333984375,868.0127026971035,839.3434589260604,841.2283107281643,1946554,Information Technology,0.02618321001311652,0.015568746749125006,0.022435046675652215,0.04276541025321001,837.3495727539063,810.2164611816406,784.3872884114584,761.5478698730469,746.8064331054687,739.1045552571615,1
2023-02-17,849.263671875,869.153612973751,841.2283778621681,854.2237448576778,1084471,Information Technology,-0.011603048229537838,0.015448165454946094,0.0013143935256967332,0.002245706350674892,837.4785278320312,818.0663757324219,794.9646321614583,769.5799041748047,753.344951171875,744.8784525553385,0
2023-02-20,821.2888793945312,854.3725407897517,818.4616015665978,848.1724497825692,1033309,Information Technology,-0.0329400554938446,-0.007083969640901189,-0.017006282851919408,-0.027063728346193083,838.9864135742188,823.3218017578125,802.8913859049479,776.1463562011719,758.7704174804687,748.59921875,0
2023-02-21,815.5350952148438,838.7482587050271,811.1702677489377,824.612052097639,1319818,Information Technology,-0.007005798232564975,-0.027777838918217612,-0.01828743474161998,-0.008908583864782327,836.5261962890625,827.7493469238282,806.896044921875,782.3731323242188,763.9320629882812,752.162851969401,0
2023-02-22,804.8710327148438,826.3481733234496,801.1509779129675,807.4998956606098,1365678,Information Technology,-0.013076154003146434,-0.020751766110499448,-0.014784037108729664,-0.012351648272038496,830.0384155273438,828.6992065429688,811.5299153645833,787.843896484375,768.310654296875,755.2439310709635,0
2023-02-23,816.9735717773438,821.3880486410663,805.7638194549592,808.491859471581,1319393,Information Technology,0.015036618999292317,0.001228438314731628,-0.006002463419788717,0.005757768097604199,821.5864501953125,829.4680114746094,814.0064575195313,793.6870788574219,773.5555859375,759.2697692871094,1
2023-02-24,827.0425415039062,838.9963047082579,822.4792382504385,823.2728983277462,1386710,Information Technology,0.012324719029352726,0.01828223584814559,0.021437195362561168,0.020744811806995944,817.1422241210937,827.3103759765625,817.7583251953125,800.5090301513671,779.0923681640625,763.9778299967448,1
2023-02-27,810.2775268554688,826.348175756444,798.8693587627928,826.348175756444,968555,Information Technology,-0.02027104266964519,0.0037354289627951065,-0.015075309486865973,-0.028705745251233483,814.9399536132812,826.96318359375,820.5278523763021,805.9035278320313,783.9050756835937,768.1320068359375,0
2023-02-28,823.02490234375,839.5419084073962,809.3350530038094,814.4439521971111,1357971,Information Technology,0.01573211037673894,-0.014405820583358486,0.015966311825974078,0.013100632946073665,816.4379150390625,826.4820556640625,823.9788696289063,809.2815124511719,789.1860888671876,772.6830383300781,1
2023-03-01,837.2603759765625,843.2124639574386,819.4537006575544,824.2650081040911,943939,Information Technology,0.017296528443153658,0.012058602535491625,0.004372093296694857,0.012502421112480011,822.9157836914062,826.477099609375,826.7713989257812,814.3763824462891,794.8582739257813,777.4115091959635,1
2023-03-02,839.4427490234375,849.4124834347832,828.4313508657261,836.2187016410572,854661,Information Technology,0.0026065643490289503,0.01450224553928492,0.007352855587838603,0.010955652773265712,827.409619140625,824.4980346679688,828.7818806966146,817.3572479248047,800.4315869140624,782.5312581380208,1
2023-03-03,830.7625732421875,855.8109399131519,828.2825369381317,845.1963724222404,890758,Information Technology,-0.010340402357811862,0.01073603204946827,0.00753280249955246,-0.0001796333847565723,828.1536254882812,822.6479248046875,827.5914591471354,820.3571502685547,806.03794921875,787.2692443847657,0
2023-03-06,828.5305786132812,843.2123820979037,823.4712679920353,835.1770883229,592045,Information Technology,-0.002686681731695617,-0.011854386064893085,-0.014721192763119673,-0.005808729185432182,831.8042358398437,823.3720947265625,828.5768676757813,823.3469482421875,811.0836694335937,791.8882690429688,0
2023-03-08,815.6343994140625,829.3241885022744,812.2615256244927,829.3241885022744,682924,Information Technology,-0.015565121592498343,-0.007007974598990274,-0.01647057596696533,-0.013612791123698398,830.3261352539063,823.3820251464844,827.7634155273438,825.5656860351562,813.4904370117188,796.0427632649739,0
2023-03-09,819.1559448242188,827.7864827829628,815.4358905788771,820.1975479033628,619748,Information Technology,0.00431755381171528,-0.011004913067101052,-0.0018541672130516496,0.003908057755097838,826.7052490234375,824.8105163574219,826.5531494140625,826.7548614501953,816.8421557617188,800.166103108724,1
2023-03-10,816.5271606445312,824.9096957915008,808.7894591810839,818.4120125288547,880339,Information Technology,-0.0032091376450323894,-0.002176957708630467,-0.003475276597644461,-0.008150771231169252,822.1221313476562,824.7658752441406,823.7060668945312,827.116943359375,818.310224609375,804.0466776529948,0
2023-03-13,786.3699340820312,819.3544173740521,781.7074536575165,816.4279623859594,892370,Information Technology,-0.03693352532045002,-0.0024242681100985486,-0.006734407954943955,-0.033484617308178755,813.243603515625,820.6986145019531,819.5131510416667,824.0044952392578,818.9344409179688,807.2388916015625,0
2023-03-14,772.2833862304688,791.5780828129608,761.8672326589596,786.2211796142204,1070179,Information Technology,-0.017913385597589593,-0.03699871166031787,-0.03390026827476156,-0.02538062149174458,801.9941650390625,816.8992004394531,816.2461181640625,821.9311920166016,819.0763916015625,809.5687520345052,0
2023-03-15,840.533935546875,847.9740448439636,774.3169628027861,783.741101245765,5697021,Information Technology,0.08837500654978303,-0.003154428337420745,0.07124497665548479,0.01634107572834731,806.974072265625,818.6501037597657,817.9127075195313,822.5660797119141,821.84736328125,812.4043762207032,1
2023-03-16,809.1863403320312,833.1931063253459,800.1093823097666,832.9946912911332,2959393,Information Technology,-0.037294859718481344,0.06284420960835035,-0.017430885542419672,0.03330989858935807,804.9801513671875,815.8427001953125,818.2003946940105,821.1598999023438,822.3999194335937,814.8651550292968,0
2023-03-17,862.259033203125,871.7823483794396,818.9079865540086,818.9079865540086,8212277,Information Technology,0.06558772711031757,-0.016910917781829293,0.046314883982039756,0.023495042877730077,814.1265258789062,818.1243286132812,821.2194254557292,821.311181640625,824.5188598632812,817.6129414876302,1
2023-03-20,882.49609375,887.8529963830357,845.2459605923086,861.4654343409237,5786626,Information Technology,0.02346981564425965,0.051968534298948876,0.018434243402002837,0.03216231184791707,833.3517578125,823.2976806640625,824.916328938802,822.972802734375,825.8739477539062,821.3373270670573,1
2023-03-21,870.3936157226562,897.4756016163481,866.8719155294438,891.8211064072165,2081037,Information Technology,-0.013713916824171446,0.03523724905981496,0.010838061337308247,0.025585398742373977,852.9738037109375,827.483984375,828.9240681966146,825.4280395507812,828.1397143554688,824.7259602864583,0
2023-03-22,887.6546630859375,897.7236356211308,873.1712739636783,874.9568881564852,2187204,Information Technology,0.01983131200813104,-0.018909866709334033,0.0002763685211453204,0.007266769543903484,862.39794921875,834.6860107421875,833.2327189127604,829.0340179443359,830.5324536132813,828.6057942708334,1
2023-03-23,874.4111938476562,884.8769347216393,869.0542913241835,880.9088767184032,1052678,Information Technology,-0.014919618843932225,0.006802607811293049,-0.01431030708086789,-0.00471497718976277,875.442919921875,840.2115356445313,835.7094401041667,832.5110260009766,832.01650390625,831.240419514974,0
2023-03-24,878.9744873046875,906.602129083023,869.996767661293,875.2544327109249,3318023,Information Technology,0.005218704299691623,-0.006418875047033756,0.02455165629129885,0.001084484993076229,878.7860107421875,846.4562683105469,838.3448893229166,835.6110717773438,832.8061474609375,833.5633850097656,1
2023-03-27,865.53271484375,886.7618509226337,860.1262233119639,884.3809917285996,1341967,Information Technology,-0.015292562702423518,0.010427321104112597,-0.02188421747967506,-0.0113454954273714,875.3933349609375,854.3725463867188,840.6628987630208,837.5355804443359,833.4569091796875,834.1271789550781,0
2023-03-28,881.8513793945312,897.5251977626233,868.1615902008247,869.7983779410334,1838926,Information Technology,0.018853896878672227,-0.016489062885740258,0.012137809975463876,0.009342078721795044,877.6848876953125,865.329345703125,844.2176188151042,841.1142730712891,835.8794091796875,836.3972432454427,1
2023-03-29,888.7954711914062,901.6420720560347,883.0913873812375,886.1170197275133,1565811,Information Technology,0.007874446827585313,0.018761407471360014,0.0045869177864579225,0.017197025702276436,877.9130493164063,870.1554992675781,849.0950236002604,844.4028015136719,838.80982421875,838.4292195638021,1
2023-03-31,917.712646484375,939.0906087196456,893.8547083934967,896.7315748405128,2707463,Information Technology,0.03253524149285547,0.01197872840346026,0.04153370591748917,0.01218823008134784,886.57333984375,881.0081298828125,855.6654703776042,848.4254150390625,843.3234887695312,841.1093098958333,1
2023-04-03,804.72216796875,921.0358671483492,753.9310138720298,921.0358671483492,11793483,Information Technology,-0.1231218496862555,0.02710319675334172,-0.019225771617407794,-0.15653964028779166,871.7228759765625,875.254443359375,854.8784708658854,846.6893859863281,842.8334326171876,839.2922688802083,0
2023-04-05,809.23583984375,836.0202317233469,735.0827549178287,764.4960094787867,13319603,Information Technology,0.005608981651882727,-0.1699606532742649,-0.09230436995708113,-0.02499997825716238,860.4635009765625,867.92841796875,856.4028645833333,845.6130493164062,842.1211645507813,837.9580078125,1
2023-04-06,789.8419799804688,810.3270436725784,785.6755068497436,809.2854405268375,3822053,Information Technology,-0.02396564624105857,0.05858687356469927,-0.030732734778206705,0.06882592686801692,842.06162109375,859.8732543945313,857.5734375,843.6786193847656,841.3037426757812,836.9097778320313,0
2023-04-10,793.4628295898438,805.6646572389698,757.1055319282566,783.6915102945178,5533042,Information Technology,0.004584270906269783,-0.03162534372996795,-0.005753709530015971,-0.036363580985286914,822.9950927734375,850.4540710449219,854.4353637695312,842.5700408935547,840.121259765625,836.1740356445313,1
2023-04-11,830.316162109375,836.5162529256039,794.3556353752473,795.5956535384931,3923132,Information Technology,0.046446199047006864,0.015189833100911931,0.03829334625694414,0.049200675303638475,805.5157958984375,846.0445678710937,855.8440185546875,843.1280517578125,839.8434912109375,837.022206624349,1
2023-04-12,844.6508178710938,858.0926031871899,824.4136964207526,833.2426503142698,3867334,Information Technology,0.017264093384985246,0.04731925898330114,0.025793103464667455,0.037839551589894826,813.5015258789062,842.6122009277344,854.6701375325521,844.5342346191406,840.0518139648437,837.9447814941407,1
2023-04-13,862.1598510742188,864.5407102958608,828.7785966381552,835.2762800563565,3121347,Information Technology,0.020729315395983106,0.002440621277991273,0.007514465320783481,0.00529455082606356,824.086328125,842.2749145507812,853.3143880208333,848.32373046875,841.307705078125,839.1153584798177,1
2023-04-17,851.7437744140625,863.0527659106202,816.4280762579775,850.8014089124915,3010498,Information Technology,-0.012081375219662793,0.01858681878897306,-0.0017210807629074454,-0.014902074486812467,836.4666870117187,839.2641540527344,852.0710652669271,852.2967498779296,842.2362329101562,840.4975667317708,0
2023-04-18,859.82861328125,868.3599142126711,848.4700345468686,852.1405005002523,1689374,Information Technology,0.009492102096958943,0.001573917924598156,0.006149274426403339,0.039246516895588,849.73984375,836.3674682617187,850.215995279948,853.2614837646485,844.0040014648438,841.7243570963542,1
2023-04-19,846.5355834960938,865.0366788863341,839.3434780810411,862.0606352663124,1049644,Information Technology,-0.015460092371696987,0.011641430914545614,-0.003827025259854566,-0.010756486492421224,852.9837280273438,829.2497619628906,848.3576212565105,855.1289459228516,845.0991870117188,842.0335306803386,0
2023-04-20,849.561279296875,864.7886783209318,845.4939833397508,848.1724347168301,1114666,Information Technology,0.003574209826225472,-0.016110468314322057,-0.0002866936991869906,0.007327757252336475,853.9658203125,833.7336730957031,846.3967407226562,854.4940582275391,846.4205517578125,842.3708150227865,1
2023-04-21,841.9227294921875,858.042965332258,838.2522636836654,849.1644233292516,624965,Information Technology,-0.008991169902434093,0.0011695600703560682,-0.007800417787350411,-0.008565075327301774,849.9183959960938,837.0023620605468,844.8227416992188,852.4653900146484,848.6426635742188,842.7428202311198,0
2023-04-24,842.9147338867188,857.1005291461363,833.9866033747799,843.2123261275647,893943,Information Technology,0.0011782606167785037,-0.007009357714670816,-0.0010983554719276034,-0.0050887548935928395,848.152587890625,842.3096374511719,842.2269653320312,851.0914459228516,851.4679174804687,843.2222920735677,1
2023-04-25,845.1964111328125,852.7356976233423,841.2283528645833,848.1724548339844,578268,Information Technology,0.0027068897414721516,0.005882419590803378,-0.005092554927182635,0.008683292346063132,845.2261474609375,847.4829956054688,839.320361328125,848.9685333251953,851.6544165039063,844.2076924641927,1
2023-04-26,898.2692260742188,907.1973575316102,848.1724884521889,849.4620953309255,6855859,Information Technology,0.06279346935497876,0.0015204932553409822,0.0638669872271771,0.00825475694436495,855.5728759765625,854.2783020019531,838.0241333007813,850.1614349365234,855.2177319335938,846.8448018391927,1
2023-04-27,912.20703125,941.223458870322,899.7572598848514,901.7412891238477,4410295,Information Technology,0.015516289294129404,0.061543880627841,0.03750683471046834,0.060818727481715795,868.1020263671875,861.0339233398438,845.1897908528646,851.8230621337891,857.2156518554688,850.034130859375,1
2023-04-28,909.4789428710938,934.9737293512864,903.2292632088556,924.5575763983012,1332189,Information Technology,-0.0029906460764371756,0.025302475942542646,-0.006640006111340191,0.0038588222388431515,881.6132690429688,865.7658325195313,851.8726643880208,854.0203735351563,858.2949658203125,854.137764485677,0
2023-05-02,927.8312377929688,942.4138644364332,909.9749750983837,913.9926220951122,1823170,Information Technology,0.020178911304905567,-0.011427037723649058,0.00795758731136642,0.0074684381521950005,898.5965698242187,873.3745788574219,861.0719482421875,856.3193664550781,860.592470703125,859.3226928710938,1
2023-05-03,915.0342407226562,930.9560620637563,911.0165333763374,928.5256143184344,795104,Information Technology,-0.013792375756557562,0.01590055747934671,-0.012157930613137413,0.0011446010126170414,912.5641357421875,878.8951416015625,869.176708984375,857.6313049316407,861.6876538085937,861.8060363769531,0
2023-05-04,901.9892578125,927.5336332743332,898.7652104241133,919.1015093354756,1267402,Information Technology,-0.014256278431563185,-0.010149536897672284,-0.00367625168242236,-0.01344796993619779,913.3081420898437,884.4405090332032,873.9549153645834,856.8451354980468,862.7907763671875,864.8994669596354,0
2023-05-05,877.4865112304688,906.5029385751023,873.0224454851406,902.7828837873288,1413402,Information Technology,-0.027165231037734494,-0.01775497633547074,-0.022673781246065783,-0.02864236915314644,906.3640380859375,887.2330322265625,876.1439615885416,860.4833526611328,862.7312573242187,865.4070495605469,0
2023-05-08,876.0977172851562,889.83709526156,867.5167667850994,881.851389849535,892457,Information Technology,-0.0015826954916549063,-0.023185523688688647,-0.018384764797054975,-0.00630645721483325,899.68779296875,890.6505310058594,877.0731526692708,863.8264465332031,863.153857421875,865.193770345052,0
2023-05-09,873.5184326171875,895.6403458013784,870.5423888556973,881.0081306407182,1369218,Information Technology,-0.0029440604821587835,-0.000956237319034936,0.00652169995016072,0.0034876813756699043,888.8252319335937,893.7109008789063,878.5247965494792,868.0102691650391,862.8205395507813,865.2979309082032,0
2023-05-10,889.0930786132812,892.8131333355125,875.8000588534018,877.0400770941455,1315511,Information Technology,0.01782978517056577,-0.004503991970751575,-0.0031566381294896306,0.00603953358849707,883.6369995117187,898.1005676269531,880.475760904948,872.791781616211,862.8324438476562,865.345878092448,1
2023-05-11,890.5810546875,902.1380483158052,884.6785560556522,896.781145572264,754565,Information Technology,0.0016735886376930686,0.022508741611358962,0.010444419590307064,0.010137584614773987,881.3553588867187,897.3317504882813,883.4121256510417,875.8050262451172,861.7471801757813,865.8848734537761,1
2023-05-12,891.4739379882812,903.6757053694764,888.2002413940143,891.8211188766353,978246,Information Technology,0.001002585105624787,-0.005530922143176409,0.0017044587095531583,0.003980751329684784,884.1528442382812,895.2584411621094,886.2063028971354,878.1461822509766,865.2172509765625,866.3015218098958,1
2023-05-15,913.5462036132812,917.6134389614652,887.8530031032556,893.7059130411415,1318656,Information Technology,0.02475929433765467,0.0021134217665537136,0.015423379769062384,-0.00039094595404942645,891.6425415039063,895.6651672363281,890.981201171875,880.7154998779297,869.3896655273437,867.9019714355469,1
2023-05-16,919.7959594726562,927.5336613292724,913.1494494690857,917.6135152187989,1253828,Information Technology,0.006841203909179194,0.026751084253547663,0.010810894813217509,0.028491705583484128,900.898046875,894.8616394042969,896.1066162109375,884.1181091308594,874.5878247070312,869.1667907714843,1
2023-05-17,925.6983642578124,931.0056176673928,920.0934580570132,921.5814798220648,933709,Information Technology,0.006417080575718215,0.004324222058041283,0.0037432133009003277,0.007604460137346392,908.2191040039063,895.9280517578125,901.4734130859375,887.4115966796875,879.87724609375,870.3968872070312,1
2023-05-18,933.5353393554688,947.2747780727271,924.0120232907816,931.9977288150344,1292090,Information Technology,0.008466013768901659,0.011302580641030957,0.017474825174628172,0.004258877399305971,916.8099609375,899.0826599121094,903.8244873046875,891.7615844726563,884.0060131835937,870.9243103027344,1
2023-05-19,936.2136840820312,941.4217602054016,924.5575137106788,941.4217602054016,620820,Information Technology,0.0028690341047095114,0.010111646304491684,-0.006178796272010678,0.0005903499155286429,925.75791015625,904.9553771972656,905.4249308268229,896.094204711914,887.6685278320313,875.3073608398438,1
2023-05-22,931.3032836914062,939.2889890202828,927.5336403641852,937.453786250433,434700,Information Technology,-0.005244956866273243,-0.004214873845812539,-0.002265478954569189,0.003218974059884916,929.309326171875,910.4759338378906,906.8798868815104,900.563232421875,890.4342651367188,879.3762756347656,0
2023-05-23,918.803955078125,946.3819494623376,916.6215108,934.4777739974028,688310,Information Technology,-0.013421329906341262,-0.0031745695592456658,0.007551414447488636,-0.011764672556674793,929.1109252929688,915.0044860839844,906.2780680338542,904.3576934814453,893.1166723632813,883.6750081380209,0
2023-05-24,971.8270874023438,979.812792496512,904.5188632137532,916.026268432245,2376849,Information Technology,0.05770886382363272,-0.019745258879971028,0.03532489504176106,-0.01320353869470503,938.336669921875,923.2778869628906,910.0642578125,910.6892272949219,897.596611328125,889.6204833984375,1
2023-05-25,1012.1524658203124,1020.435823907978,976.1423486062802,976.6383558972386,4131582,Information Technology,0.041494396421648316,0.06616850362678961,0.041459992891050845,0.07918407045492559,954.0600952148437,935.4350280761719,917.4084716796875,916.3833892822265,904.2212866210938,895.6816935221354,1
2023-05-26,998.76025390625,1008.8788145987996,983.2848508807724,1007.9363886506344,1263515,Information Technology,-0.013231417564357306,0.03204669626623691,-0.011325562116114574,0.0073170703890577116,966.5694091796875,946.1636596679688,925.4933878580729,920.711050415039,910.1892456054687,900.8186747233073,0
2023-05-29,985.8145141601562,1011.854897553066,983.0864739951847,1004.5139652536724,755851,Information Technology,-0.012961809098291255,-0.0033954755830809535,0.0029498914153034406,-0.0002017491527607218,977.4716552734375,953.3904907226563,932.8078409830729,924.5278289794921,915.9449169921875,904.9404968261719,0
2023-05-30,1002.9266967773438,1009.870798535446,986.062449650524,987.0544641873956,849973,Information Technology,0.01735842024172851,-0.017381043639216776,-0.0019608533026010955,0.0030271758731916787,994.2962036132812,961.703564453125,941.43505859375,928.282601928711,922.3453955078126,909.9799275716146,1
2023-05-31,1054.5611572265625,1065.225314057826,995.8834700707828,1002.97633805315,3647832,Information Technology,0.05148378302734713,0.016130694347107122,0.054813462873327,0.00995983613790341,1010.843017578125,974.58984375,952.4662638346355,935.2589477539062,930.7199853515625,916.4710123697917,1
2023-06-01,1091.513671875,1109.469111242376,1040.722453602884,1051.5354365563903,3471313,Information Technology,0.03504065591190608,0.04841499909907854,0.04153468435331242,0.04502432752389618,1026.7152587890625,990.3876770019531,965.8617716471355,944.7351684570312,938.4497631835937,924.6369486490886,1
2023-06-02,1105.9473876953125,1142.8007521419106,1095.1840541359977,1100.2929532453204,3605727,Information Technology,0.013223577672204723,0.0463679254106768,0.030042874165473687,0.05233057127245866,1048.152685546875,1007.3610473632813,980.1600016276042,956.1582122802735,946.1993774414062,933.1831522623698,1
2023-06-05,1106.69140625,1135.1622964534463,1103.1201780939807,1120.92679080396,1246760,Information Technology,0.0006727431729260935,0.018753039813424355,-0.006683978527444845,0.007246383772674614,1072.3280639648438,1024.8998596191407,993.0363484700521,967.6878967285156,954.0878759765625,942.0087748209636,1
2023-06-06,1122.0181884765625,1127.17661608114,1076.3855157903292,1111.5523857592232,1602421,Information Technology,0.01384919241263205,-0.008363084120786679,-0.007034835809166307,-0.024235493860555457,1096.1463623046875,1045.2212829589844,1006.5178304036458,980.1128845214844,961.8553540039062,951.3122233072917,1
2023-06-07,1143.9912109375,1150.7369587893063,1111.1060231726642,1127.6726188825378,1472527,Information Technology,0.019583481521606716,0.014502450203733863,0.02090208612566724,0.03225657245753788,1114.032373046875,1062.4376953125,1021.0706868489583,992.8577911376954,971.0136328125,961.272049967448,1
2023-06-08,1120.13330078125,1140.618426325254,1112.0483576373051,1138.8327516214329,1004343,Information Technology,-0.020854976793657776,0.00989660700457029,-0.008793088973780838,0.0008481049017718956,1119.756298828125,1073.2357788085938,1033.5105509440104,1004.3354034423828,979.73939453125,968.6675191243489,0
2023-06-09,1130.5494384765625,1133.7238366891854,1121.522130032357,1124.2996981945196,844970,Information Technology,0.009299016186776754,-0.012761358861713146,-0.006044606572139011,0.00851920901639569,1124.676708984375,1086.414697265625,1046.4662679036458,1016.2891784667969,989.8619116210938,975.9455993652343,1
2023-06-12,1133.1285400390625,1140.5686486407635,1118.297971997879,1130.8965074585522,1039973,Information Technology,0.0022812815386255014,0.005867482909251098,0.006037459679393287,-0.002874805541630332,1129.9641357421874,1101.1460998535156,1059.9212849934895,1027.268295288086,1000.14314453125,983.4005859375,1
2023-06-13,1084.0238037109375,1137.7414110652016,1041.714362673467,1137.7414110652016,1666475,Information Technology,-0.04333553925526601,0.006052634844572857,-0.002478796501141023,-0.06848229295059227,1122.3652587890624,1109.255810546875,1070.9359415690103,1035.4796875,1008.563359375,988.6070048014323,0
2023-06-14,1031.3975830078125,1096.1265389103355,1021.874266588388,1095.134524260489,4250112,Information Technology,-0.048547108027489516,-0.03744865607451375,-0.03657674032968927,-0.019045620177647438,1099.846533203125,1106.939453125,1074.9073079427083,1040.7646484375,1014.2555395507812,992.4857828776042,0
2023-06-15,1055.15625,1069.3916338944257,1031.8439091869025,1033.6294626344234,2023195,Information Technology,0.02303541077040472,-0.05616210635638397,-0.024390345518398915,0.009756232175019974,1086.851123046875,1103.3037109375,1077.7742268880208,1046.8456939697267,1020.8385473632812,997.5913492838541,1
2023-06-16,1075.7406005859375,1081.0975033668103,1061.4555668687851,1065.423625062687,951731,Information Technology,0.019508343513993776,0.030759729262389124,0.010946288619965161,0.028697807311976797,1075.88935546875,1100.2830322265625,1082.90625,1053.822039794922,1028.2092138671876,1004.1998189290365,1
2023-06-19,1063.0924072265625,1085.5615608023782,1053.9658007908045,1080.5518389314357,598534,Information Technology,-0.011757661049964785,0.014199247616513588,0.004129190402961447,-0.007056127747367635,1061.88212890625,1095.9231323242188,1088.0581095377604,1060.4114959716796,1034.1910620117187,1010.4329752604167,0
2023-06-20,1049.99755859375,1068.3994735447227,1042.706277213451,1061.405723817301,713778,Information Technology,-0.012317695567946818,-0.017718830716227818,-0.015809409505040284,-0.01068300657279897,1055.0768798828126,1088.7210693359375,1091.1961669921875,1066.971176147461,1039.3991259765626,1016.3156127929688,0
2023-06-21,1054.6602783203125,1091.215989758104,1046.5753356316363,1060.1658863385956,1454526,Information Technology,0.00444069577914763,-0.0011681089058445115,0.021355791329324525,0.0037105928128917665,1059.7294189453125,1079.7879760742187,1091.202775065104,1071.1128356933593,1044.5576025390626,1021.8345194498698,1
2023-06-22,1053.7178955078125,1064.5805284044577,1046.5754385831845,1058.9756215047862,678274,Information Technology,-0.0008935415809921965,-0.0011227156515288828,-0.02440897274567122,9.836993530853988e-08,1059.441748046875,1073.146435546875,1088.683056640625,1073.1911071777345,1049.3649047851563,1027.2724141438803,0
2023-06-23,1058.82666015625,1076.2365631977164,1035.563968398082,1055.5034357758718,867763,Information Technology,0.0048483229431872665,-0.0032788155443846945,0.010948946070550525,-0.010521429969739704,1056.0589599609375,1065.9741577148438,1085.5416748046875,1076.1944274902344,1054.269423828125,1032.8508382161458,1
2023-06-26,1066.762939453125,1078.8655909515712,1043.6985986288544,1063.3405373174166,809402,Information Technology,0.007495352729127491,0.007424989134008797,0.002442797284310405,0.007855265805893241,1056.79306640625,1059.33759765625,1082.879777018229,1080.2418487548828,1059.6878100585936,1037.9580627441405,1
2023-06-27,1073.5086669921875,1081.047954037762,1066.1180852661969,1070.7309775617216,636643,Information Technology,0.006323548831308923,0.006950210196020157,0.0020228313002976783,0.021480805537916536,1061.4952880859375,1058.286083984375,1079.6458089192708,1083.770947265625,1065.8759985351562,1043.0818196614584,1
2023-06-28,1086.0078125,1097.7631594415504,1067.9531980585523,1079.1133605528432,982284,Information Technology,0.011643264644367823,0.007828654598384777,0.015462038794261002,0.001721303500725524,1067.764794921875,1063.7471069335938,1075.7802490234376,1085.343280029297,1070.4432275390625,1048.425467936198,1
2023-06-30,1081.0975341796875,1093.9937236774294,1071.8717501777064,1090.7200271359447,615804,Information Technology,-0.004521402391212126,0.01075574356447162,-0.0034337422710000176,0.0036692170839300875,1073.24072265625,1066.3412353515625,1073.1778645833333,1084.8224731445312,1073.2010302734375,1053.3442077636719,0
2023-07-03,1067.7548828125,1091.2160521528936,1065.622027218731,1087.2976429492842,731607,Information Technology,-0.012341764683897471,-0.003137729299467651,-0.0025390196163089795,-0.005830663004169234,1075.0263671875,1065.5426635742188,1068.991560872396,1082.9128479003907,1075.9608154296875,1057.728914388021,0
2023-07-04,1052.2794189453125,1072.466890531569,1049.5513789716151,1069.4413188544193,559178,Information Technology,-0.01449346110825045,-0.016422664217711214,-0.017181896824495668,-0.015081002303471758,1072.1296630859374,1064.4613647460938,1063.6016194661458,1080.1922485351563,1078.6194116210938,1061.7614522298177,0
2023-07-05,1047.1705322265625,1061.3563886954407,1041.714452214767,1051.4362432194491,393246,Information Technology,-0.004855066655081619,-0.016835964084740085,-0.010359762090763946,-0.007466930074949585,1066.8620361328126,1064.178662109375,1061.1447347005208,1076.4498657226563,1080.3891650390624,1066.0403381347655,0
2023-07-06,1077.079833984375,1081.2958959640514,1048.5594147100935,1051.5354584604536,827247,Information Technology,0.02856201624984367,9.43616330939534e-05,0.01878681607892263,0.0065708625629350426,1065.0764404296874,1066.4206176757812,1064.1902180989584,1073.104296875,1081.289912109375,1069.5487630208333,1
2023-07-07,1070.7806396484375,1081.5439744041382,1066.415750960283,1081.2959707411242,365571,Information Technology,-0.005848400589430147,0.02830195790472234,0.00022942696907746196,0.017029398620321823,1063.0130615234375,1068.1268920898438,1065.231844075521,1070.6366638183595,1080.4605908203125,1071.503035481771,0
2023-07-10,1052.4283447265625,1076.187046666474,1048.1626333812108,1072.8141727068394,359010,Information Technology,-0.017139173274463126,-0.00784410398613744,-0.004953037384000436,-0.0171163240627642,1059.94775390625,1067.487060546875,1063.6776936848958,1066.7306091308594,1078.3198291015624,1073.291971842448,0
2023-07-11,1045.980224609375,1062.4476428470955,1007.1428285719082,1026.7351170371091,1655599,Information Technology,-0.006126897046717983,-0.04295157245496417,-0.012766743348135323,-0.03913496198293098,1058.6879150390625,1065.4087890625,1062.5368815104166,1062.373193359375,1075.8913818359374,1075.2974955240886,0
2023-07-12,1055.80126953125,1059.918033565778,1046.5754845937706,1046.5754845937706,400805,Information Technology,0.009389321796731576,0.019323744973207546,-0.0023809260610140326,0.03915299290546148,1060.4140625,1063.6380493164063,1062.9237955729166,1060.9620666503906,1073.242705078125,1077.0599812825521,1
2023-07-13,1039.184814453125,1073.3596647684035,1036.6551290970258,1051.4856970990108,655494,Information Technology,-0.01573824123691603,0.004691694557651616,0.012681764794023831,-0.009478872420363826,1052.83505859375,1058.9557495117188,1061.8920979817708,1061.3514282226563,1069.05044921875,1076.5474365234375,0
2023-07-14,1054.6602783203125,1064.084416413678,1024.1558313338928,1042.5576283220444,1063926,Information Technology,0.01489192649079607,-0.008490908437079558,-0.00864132374186699,-0.01205733460656333,1049.610986328125,1056.3120239257812,1061.954923502604,1061.3266296386719,1066.4315283203125,1075.3189900716145,1
2023-07-17,1081.940673828125,1091.0671590867044,1056.4954768565594,1056.4954768565594,1904514,Information Technology,0.02586652410125856,0.013368899863067885,0.025357708708832805,0.03157687974157852,1055.5134521484374,1057.7306030273437,1063.4958577473958,1061.6366333007813,1064.487177734375,1074.5187662760416,1
2023-07-18,1058.5787353515625,1100.6401778124418,1049.551426881986,1088.8351800773664,1090064,Information Technology,-0.02159262429233133,0.030610356531793892,0.008773995849852945,-0.006572720969174939,1058.033154296875,1058.3605346679688,1062.950244140625,1061.4109497070312,1061.505185546875,1072.9150105794272,0
2023-07-19,1075.69091796875,1080.3038096948158,1053.817070512408,1062.447548377546,739084,Information Technology,0.016165243118646533,-0.0242347346803633,-0.018476854223189676,0.004064254043362636,1062.011083984375,1061.2125732421875,1063.0957275390624,1062.6956176757812,1061.1718701171876,1071.3707682291667,1
2023-07-20,1052.2298583984375,1073.7566482975376,1048.9562828116168,1056.4955697002297,820217,Information Technology,-0.021810223716134503,-0.005602138841023674,-0.00606048163352102,-0.004612553579557921,1064.6200927734376,1058.7275756835938,1060.8438639322917,1062.5740966796875,1062.0051611328124,1068.3120564778646,0
2023-07-21,992.9073486328124,1041.5655877573884,985.616005645708,1041.5655877573884,3300062,Information Technology,-0.05637790003024423,-0.014131608660770345,-0.029979847473995846,-0.06038409627151653,1052.2695068359376,1050.9402465820312,1054.9645182291667,1059.5335693359375,1059.515205078125,1064.07119140625,0
2023-07-24,1048.361083984375,1073.359803615582,953.326036298128,996.9746789590204,5088736,Information Technology,0.05584985892985861,-0.04281142668545468,0.030525409279938076,-0.03276120635482771,1045.5535888671875,1050.5335205078125,1053.6715983072916,1059.0102905273438,1058.4200244140625,1061.3315795898438,1
2023-07-25,1048.1624755859375,1098.160029608348,1030.5542185619554,1069.738790530817,5582911,Information Technology,-0.00018944655755692708,0.07298491436891097,0.02310523079886817,0.08100920285751667,1043.4703369140625,1050.7517456054688,1053.3971354166667,1058.0802673339845,1057.8228271484375,1058.4993774414063,0
2023-07-26,1055.5531005859375,1081.2958289939609,1051.5353933335766,1081.2958289939609,1085934,Information Technology,0.007051029942536813,0.010803607913862034,-0.015356778756919098,0.020359117835545337,1039.4427734375,1050.7269287109375,1053.9559733072917,1057.1824890136718,1058.045048828125,1057.5503540039062,1
2023-07-27,1076.18701171875,1086.2559841009845,1051.5354731936468,1056.445897012329,1132793,Information Technology,0.019547961273912895,-0.022981621971807975,0.004587232257835083,7.594615514250336e-08,1044.2342041015625,1054.4271484375,1053.8964518229166,1056.6914489746093,1058.9061181640625,1059.0433349609375,1
2023-07-28,1062.9434814453125,1088.2398498791488,1057.8345828170231,1076.1868501121592,865723,Information Technology,-0.012305974825218002,0.018686194111462218,0.0018263335780894785,0.005990391940126516,1058.2414306640626,1055.25546875,1053.373974609375,1055.7837463378905,1059.2751416015626,1059.302909342448,0
2023-07-31,1074.103759765625,1080.948684416393,1056.9915086864685,1068.399676072573,587693,Information Technology,0.010499408966822665,-0.007235894063168158,-0.006699961836138857,-0.0007969810632486585,1063.3899658203125,1054.47177734375,1054.819002278646,1056.1011901855468,1059.8862255859376,1059.2483479817708,1
2023-08-01,1083.6768798828125,1107.0884025271816,1071.1278697390003,1079.7088210923926,1803367,Information Technology,0.008912658605046087,0.01058512584110094,0.02418220077200206,0.01337414817087712,1070.4928466796875,1056.981591796875,1057.3321126302083,1057.6710632324218,1060.562783203125,1059.9344970703125,1
2023-08-02,1090.9183349609375,1114.677155715378,1072.9628961087278,1083.6767015176663,1881642,Information Technology,0.0066823009815508705,0.0036749541614926606,0.006854694865263911,0.0017131720885712465,1077.5658935546876,1058.5043334960938,1059.673250325521,1059.8584533691405,1061.259169921875,1061.2985229492188,1
2023-08-03,1072.566162109375,1100.1442170711027,1066.465369053443,1099.1522024479548,708017,Information Technology,-0.016822682563328306,0.014280551486080206,-0.013037800738769256,-0.006055686621456391,1076.8417236328125,1060.5379638671875,1061.8986735026042,1059.6327697753907,1060.72150390625,1061.8953857421875,0
2023-08-04,1137.0965576171875,1142.8006406761178,1081.295745084174,1081.3949223095744,3232540,Information Technology,0.06016448941564878,-0.01615543334110836,0.03877348346072185,0.013906101839850527,1091.6723388671876,1074.956884765625,1067.394425455729,1062.9485656738282,1062.96146484375,1064.6746744791667,1
2023-08-07,1141.808837890625,1174.9421507157676,1130.8966769724695,1146.2729037207794,1749988,Information Technology,0.00414413379573686,0.05999471615110119,0.028125211778524895,0.04587175350850403,1105.2133544921876,1084.30166015625,1071.385636393229,1067.4175903320313,1065.923623046875,1067.4407470703125,1
2023-08-08,1137.93994140625,1152.671334229717,1132.1863292927335,1147.8600875628654,823381,Information Technology,-0.0033883924839138713,0.001384647440355602,-0.018954819581954108,0.0011403803252092448,1116.065966796875,1093.2794067382813,1076.6763834635417,1072.015576171875,1069.3500439453126,1069.8133138020833,0
2023-08-09,1130.301513671875,1151.9273603317984,1124.5477802776952,1135.856771479216,937273,Information Technology,-0.00671250516519839,-0.010457124708582621,-0.0006454345448053678,-0.0067467242956466,1123.9426025390626,1100.754248046875,1080.31708984375,1075.7405883789063,1072.675283203125,1071.7064086914063,0
2023-08-10,1111.7010498046875,1135.509397294139,1106.6913282489083,1129.9044912702273,627851,Information Technology,-0.01645619654773567,-0.005240343992699903,-0.014252602727424013,-0.015878784647440636,1131.769580078125,1104.3056518554688,1084.2818359375,1079.3664001464845,1074.0601318359375,1072.562849934896,0
2023-08-11,1133.029541015625,1156.8874203601908,1116.0164657847763,1116.7108275919388,1141520,Information Technology,0.0191854556714548,-0.011676795499287018,0.01882681298542721,0.008426141325804881,1130.9561767578125,1111.3142578125,1093.6233154296874,1083.28486328125,1076.550087890625,1074.2939168294272,1
2023-08-14,1120.600341796875,1138.7964739811664,1100.8630840983292,1136.4597213309005,683774,Information Technology,-0.01096988098616447,0.01768487709709765,-0.01563760315882068,-0.013578098667022198,1126.7144775390625,1115.963916015625,1098.4392659505208,1085.2178466796875,1079.2769677734375,1076.0554321289062,0
2023-08-16,1129.1019287109375,1143.4698271182162,1107.9725949489705,1119.6061089870534,628546,Information Technology,0.007586636017288928,-0.014829924921676896,0.004103765021955308,0.006458124496439455,1124.946875,1120.5064208984375,1103.8352294921874,1088.7440063476563,1082.6018359375,1078.6161824544272,1
2023-08-17,1147.6458740234375,1156.9925207838755,1132.3334193943897,1133.5265566926837,806270,Information Technology,0.016423623803097254,0.012433343828593957,0.011826017044751724,0.021986847469400717,1128.4157470703126,1126.1791748046876,1109.974747721354,1092.3417541503907,1086.2756201171876,1081.9653605143228,1
2023-08-18,1146.1048583984375,1158.2852984435567,1139.4428306086927,1148.8392428983625,607371,Information Technology,-0.001342762310116985,0.013508890563937781,0.0011173604292664674,0.0062785493146579885,1135.2965087890625,1133.5330444335937,1114.6359375,1097.0355041503906,1090.552421875,1084.2661946614583,0
2023-08-21,1124.9754638671875,1151.8221466221614,1119.6061030407634,1151.3746290832903,841533,Information Technology,-0.018435830174192036,0.002206911193711747,-0.005579930808135236,-0.017409146852354618,1133.685693359375,1132.3209350585937,1118.7714029947917,1103.6389099121093,1093.365029296875,1086.0726888020833,0
2023-08-22,1126.1190185546875,1141.481239295742,1120.7993006949232,1132.5323445625872,597113,Information Technology,0.0010165152256467191,-0.016365033625680203,-0.008977868116831433,0.0010657298588487851,1134.7894287109375,1130.751953125,1122.2390869140625,1107.526806640625,1095.1321630859375,1088.5290445963542,1
2023-08-23,1170.6644287109375,1195.1744786933464,1129.0520969686313,1129.0520969686313,2494389,Information Technology,0.039556573880993096,-0.0030729785428778023,0.04703821451391654,0.0073633131896060355,1143.1019287109375,1134.0244018554688,1128.0382568359375,1113.651904296875,1099.6155908203125,1092.685184733073,1
2023-08-24,1166.5877685546875,1189.357756520636,1160.2738509334,1179.1161959168371,806837,Information Technology,-0.0034823473373484237,0.04434170848503971,-0.004866839341373552,0.027653067602987802,1146.8903076171875,1137.65302734375,1133.0828857421875,1119.2036376953124,1103.25146484375,1096.378068033854,0
2023-08-25,1141.0338134765625,1166.3392499305903,1136.8079466289878,1166.3392499305903,743352,Information Technology,-0.02190487142667752,-0.010836036372405156,-0.01935372806361002,-0.020224453292241873,1145.8760986328125,1140.5863037109375,1137.6473958333333,1122.445977783203,1106.803623046875,1099.7730346679687,0
2023-08-28,1144.5635986328125,1151.623257897169,1126.5664014899132,1146.6020065155835,565953,Information Technology,0.003093497418358959,-0.016922386360727737,-0.012617248398608782,-0.009009037251581642,1149.7937255859374,1141.7397094726562,1138.1451985677083,1126.5269836425782,1112.869873046875,1102.7698120117188,1
2023-08-29,1149.0379638671875,1159.378932307278,1141.9783051071258,1148.093406941465,380847,Information Technology,0.003909232514226035,0.001300713253078678,0.00673455868221251,0.013680421852480196,1154.3775146484375,1144.5834716796876,1138.6271402994792,1130.2736938476562,1116.8969482421876,1105.0063883463542,1
2023-08-30,1149.0877685546875,1158.384651136015,1144.9613096850826,1156.6943529856453,452111,Information Technology,4.33446840453211e-05,0.0074915037332139445,-0.0008575981014976586,0.0026121376952752406,1150.0621826171875,1146.5820556640624,1139.3703287760416,1133.54423828125,1120.9339599609375,1108.0233561197917,1
2023-08-31,1169.2227783203125,1175.2383510948166,1149.0877661854297,1152.617534992664,600600,Information Technology,0.017522603857275998,-0.003524542142406273,0.014549312218763655,0.003604013922079208,1150.5891845703125,1148.73974609375,1141.9650797526042,1137.4594604492188,1125.4807470703124,1111.1410847981772,1
2023-09-01,1193.8819580078125,1212.3764378212804,1163.3563318677843,1175.2881916818133,1370201,Information Technology,0.021090232028258216,0.019668845910185917,0.03160047210156747,0.012417298401601995,1161.1588134765625,1153.5174560546875,1147.4438069661458,1143.5252502441406,1130.188544921875,1115.8628214518228,1
2023-09-04,1171.6092529296875,1204.5212753867856,1168.3777075556477,1194.3294784378909,592639,Information Technology,-0.018655701201223174,0.016201376726868943,-0.006479144751947663,0.004316283455303438,1166.5679443359375,1158.1808349609375,1150.0157877604167,1145.2508850097656,1134.53517578125,1121.8195515950522,0
2023-09-05,1159.3291015625,1177.425825644893,1155.7993330723425,1177.425825644893,827361,Information Technology,-0.010481439384743774,-0.014153257621261184,-0.022494787178576003,-0.010765674834399497,1168.626171875,1161.5018432617187,1152.597705078125,1146.1268981933595,1137.944189453125,1125.518485514323,0
2023-09-06,1160.820556640625,1173.1999318221526,1153.412910207816,1164.0521014321555,479574,Information Technology,0.0012864811865025416,-0.01135844307254974,-0.0035890955767219346,-0.0020647380529135173,1170.9727294921875,1160.5174560546875,1154.7122802734375,1147.270928955078,1141.0299365234375,1129.2737548828125,1
2023-09-07,1157.887451171875,1169.5209648182793,1152.3689179889836,1160.8206512092163,573192,Information Technology,-0.002526751832547025,-0.0027760357280945946,-0.00313583976957732,-0.0009051331137295282,1168.7056640625,1159.6474243164062,1155.3950520833334,1148.6502258300782,1143.708701171875,1132.6848999023437,0
2023-09-08,1157.887451171875,1171.7085450662723,1154.4073257282498,1162.411662799445,463159,Information Technology,0.0,0.0013705920794666593,0.0018704925467778466,0.0017688846926064983,1161.5067626953125,1161.3327880859374,1156.180558268229,1150.9595458984375,1147.121552734375,1135.4082478841146,0
2023-09-11,1160.2239990234375,1183.242565647383,1155.4015641027386,1163.903061339546,619542,Information Technology,0.0020179403872091495,0.0012830209708230012,0.009843762452426352,0.0008612543877106749,1159.2297119140626,1162.898828125,1158.5304606119792,1152.319268798828,1148.046650390625,1138.6509318033854,1
2023-09-12,1137.951171875,1184.2368854272286,1123.5832750065224,1167.8305809691688,754731,Information Technology,-0.01919700606709096,0.0033744387828162914,0.0008403346944350076,-0.02753872773309396,1154.9541259765624,1161.7901489257813,1159.3192708333333,1153.1868103027343,1147.89234375,1140.779178873698,0
2023-09-13,1130.9910888671875,1148.3917173825646,1105.8348244683905,1138.6474382402446,507021,Information Technology,-0.006116328345041722,-0.0249891921007116,-0.030268579273083795,-0.015796292925443267,1148.988232421875,1159.9804809570312,1156.6743815104167,1153.281268310547,1147.6143896484375,1142.356319173177,0
2023-09-14,1162.560791015625,1169.322226590991,1133.6260561126558,1139.8405662454734,598321,Information Technology,0.027913307592952075,0.0010478467391739077,0.0182259318763911,0.02513144913628973,1149.922900390625,1159.3142822265625,1156.405916341146,1154.0270141601563,1148.9047607421876,1144.7444010416666,1
2023-09-15,1163.0081787109375,1176.232581970657,1157.3902379027347,1170.8135782907818,531104,Information Technology,0.0003848295063535456,0.02717310908430881,0.005909710106009269,0.02096298127759111,1150.9470458984374,1156.226904296875,1157.8708740234374,1154.8721801757813,1150.9570458984374,1147.7591349283855,1
2023-09-18,1134.073486328125,1162.9584543746028,1128.604717832421,1162.9584543746028,396231,Information Technology,-0.024879182203931927,-0.0067091158334928735,-0.01128529153121649,-0.024871058289272274,1145.716943359375,1152.4733276367188,1157.171533203125,1155.327081298828,1150.9988037109374,1147.6583658854167,0
2023-09-20,1122.39013671875,1146.6018405146274,1116.6230235759635,1134.0734141248208,374334,Information Technology,-0.010302109828176143,-0.02483755128235876,-0.014064658800534202,-0.010616377963995616,1142.604736328125,1148.7794311523437,1155.3950113932292,1155.1406372070312,1151.0703955078125,1147.011075846354,0
2023-09-21,1071.4808349609375,1118.7111066885984,1059.4495689646872,1111.651448242628,1334931,Information Technology,-0.045357937576539276,-0.01977117671830453,-0.024324689565743962,-0.05120210975784778,1130.702685546875,1139.845458984375,1150.2212158203124,1150.1814575195312,1148.7655517578125,1144.795772298177,0
2023-09-22,1067.65283203125,1085.103224891445,1039.066085655559,1078.2423814858491,1024376,Information Technology,-0.003572628464070582,-0.030053544939462995,-0.030041609130558422,-0.019239691917612767,1111.72109375,1130.8219970703126,1143.4498860677083,1145.2347106933594,1145.565830078125,1142.7074829101562,0
2023-09-25,1045.230712890625,1077.1981734106714,1040.0602896383064,1072.7734912838102,504621,Information Technology,-0.021001320343023933,-0.0050720415891115644,-0.007285068645487169,0.0009568245913060824,1088.1656005859375,1119.5563232421875,1133.5398030598958,1140.4445556640626,1141.5308642578125,1140.491805013021,0
2023-09-26,1080.4298095703125,1086.793491987296,1032.105804833315,1043.093106894201,1243039,Information Technology,0.03367591120848634,-0.027666962905739,0.00890766324477088,-0.0076480997152170715,1077.436865234375,1111.576904296875,1127.4611735026042,1137.2378662109375,1139.7490380859374,1138.7384806315104,1
2023-09-27,1121.8929443359375,1127.5605280690302,1070.9339698530998,1082.8160626694655,1051809,Information Technology,0.03837651867650238,0.038081888867561586,0.03751129941640352,0.037620333921148275,1077.3374267578124,1109.9710815429687,1124.9654296875,1135.880615234375,1139.5799951171875,1138.7815673828125,1
2023-09-28,1135.9129638671875,1150.0322813371663,1119.6060661592442,1128.8035405038029,1537776,Information Technology,0.012496753457656107,0.04247025826433015,0.019929531682542523,0.045448270085989284,1090.2238525390626,1110.4632690429687,1123.3049235026042,1135.221875,1138.1899365234376,1139.0086018880208,1
2023-09-29,1145.7567138671875,1167.3334418826475,1133.7253266063813,1135.9129067343172,1058596,Information Technology,0.008665936839462818,0.0062981431005622035,0.015044065132993278,0.012610918137995197,1105.84462890625,1108.782861328125,1122.4962076822917,1134.0485717773438,1137.3566943359374,1138.9456298828125,1
2023-10-03,1123.5833740234375,1146.5521780134434,1111.999503458298,1145.856201465349,806736,Information Technology,-0.019352572474927943,0.008753571398020465,-0.01780233746725246,-0.019163215849747228,1121.5151611328124,1104.840380859375,1120.2092692057292,1130.533642578125,1136.6586767578126,1138.194913736979,0
2023-10-04,1132.880126953125,1138.4980674566125,1096.9851466563384,1122.5889241559084,879446,Information Technology,0.008274199444939123,-0.020305582218506757,-0.00702463499810857,-0.013502125455330916,1132.005224609375,1104.721044921875,1118.3863444010417,1128.597186279297,1136.191337890625,1138.4584025065103,1
2023-10-05,1150.728271484375,1165.245340490578,1127.3119526059631,1143.469676292708,1081653,Information Technology,0.015754662922062623,0.01860053282861318,0.023493472495494494,0.027645593964569448,1137.7722900390625,1107.5548583984375,1119.2381510416667,1128.1671447753906,1136.2589501953125,1139.2787109375,1
2023-10-06,1140.2879638671875,1157.1914296505654,1133.526529002981,1157.1914296505654,399131,Information Technology,-0.009072782754976583,0.012000102532097934,-0.006911772620023404,0.005512738849838383,1138.6472900390625,1114.4355712890624,1119.8579427083334,1127.1405151367187,1135.9069580078126,1138.266162109375,0
2023-10-09,1126.7650146484375,1140.4866991612998,1103.6968056399676,1128.5548418030298,538664,Information Technology,-0.011859240514025982,-0.024746629739716308,-0.01443558089114938,-0.0263158581645645,1134.8489501953125,1120.3467895507813,1117.4715576171875,1125.5843933105468,1134.2086474609375,1136.9387369791666,0
2023-10-10,1158.4344482421875,1168.327899778816,1124.5777486381623,1129.4995920906258,1224492,Information Technology,0.02810651127966657,0.0008371328114515908,0.024411683746939028,0.018919093442593793,1141.8191650390625,1131.6671630859375,1117.166642252604,1125.6117431640625,1132.7907470703126,1137.5187581380208,1
2023-10-11,1216.751220703125,1226.893373243711,1167.6814769490657,1169.3221317665132,2853670,Information Technology,0.05034102063299972,0.035256798634321296,0.050127599859579375,0.03832881129215027,1158.5933837890625,1145.2993041992188,1122.6784912109374,1128.4381042480468,1134.59642578125,1139.9250122070312,1
2023-10-12,1204.1732177734375,1230.9701362433857,1196.666041170367,1224.954442034794,882743,Information Technology,-0.010337366189301256,0.04757654777664766,0.0033228339875179813,0.024822320807068587,1169.282373046875,1153.5273315429688,1128.1306966145833,1131.7492065429688,1136.3901904296874,1141.7628540039063,0
2023-10-13,1194.3790283203125,1198.1574988592747,1183.342083104175,1192.1915694043737,570022,Information Technology,-0.008133538687428055,-0.026746196843041248,-0.026655916677432168,-0.011134232616111461,1180.1005859375,1159.3739379882813,1136.3239095052083,1134.918603515625,1137.732529296875,1143.2725626627605,0
2023-10-16,1222.1702880859375,1228.9813660414031,1172.305040908426,1173.2993624019869,1058192,Information Technology,0.02326837553796346,-0.015846620196975136,0.02572605622505786,-0.00932700894638705,1199.181640625,1167.0152954101563,1146.6250732421875,1137.8990783691406,1140.3038427734375,1145.037479654948,1
2023-10-17,1191.8931884765625,1228.683085673538,1189.307976732744,1223.015501412969,926161,Information Technology,-0.024773225060799375,0.04237293618672289,-0.0002427053624303177,0.0145038494512848,1205.873388671875,1173.8462768554687,1156.4025716145834,1139.343328857422,1141.664072265625,1144.9711873372396,0
2023-10-18,1198.00830078125,1207.0566026526578,1168.3278266519462,1195.174508626076,920040,Information Technology,0.0051305875088552,-0.022764219059143387,-0.017601351620320393,-0.017640636816742994,1202.1248046875,1180.3590942382812,1164.2411376953125,1142.5400695800781,1143.1754443359375,1145.8511555989583,1
2023-10-19,1206.3607177734375,1209.8906081113132,1173.3989314587,1176.083672686383,512074,Information Technology,0.006971919131729454,-0.015973262316010373,0.0023478645926191533,0.004340481062824475,1202.5623046875,1185.9223388671876,1169.8723225911458,1146.7385986328125,1145.911826171875,1147.418876139323,1
2023-10-20,1188.612060546875,1209.890566984099,1183.2426996511797,1205.1177747707814,419527,Information Technology,-0.014712562308329291,0.024687105823074207,-3.399250636526574e-08,0.008389106150150205,1201.4089111328126,1190.7547485351563,1173.385595703125,1152.5951599121095,1148.2166650390625,1148.3452596028646,0
2023-10-23,1145.3590087890625,1195.423074165741,1132.5820012466245,1190.3022939477437,510509,Information Technology,-0.03638954474171496,-0.012293803255748692,-0.011957687094314107,-0.042815137096970934,1186.0466552734374,1192.6141479492187,1173.35908203125,1156.48046875,1147.52859375,1147.927644856771,0
2023-10-25,1141.3319091796875,1171.459899172098,1132.2338431818102,1156.3959041758926,824513,Information Technology,-0.0035160151345320356,-0.028485528377331426,-0.020045769160316973,-0.00030740208164270477,1175.9343994140625,1190.9038940429687,1174.5423177083333,1161.2855285644532,1146.66154296875,1147.3757934570312,0
2023-10-26,1113.9881591796875,1129.3007358050152,1085.003660813379,1129.3007358050152,960493,Information Technology,-0.023957754777620188,-0.023430702472253095,-0.03598856725431043,-0.041714158831098636,1159.13037109375,1180.627587890625,1173.282853190104,1162.963446044922,1145.8581298828126,1145.834598795573,0
2023-10-27,1122.0919189453125,1165.742661201867,1103.6969694544057,1124.5279583000058,1093767,Information Technology,0.00727454748854095,-0.004226312224623774,0.032269460420455864,0.017228797760012293,1142.276611328125,1172.4194580078124,1171.3737630208334,1162.9733947753907,1145.846201171875,1145.30595703125,1
2023-10-30,1178.668701171875,1206.5593457295545,1121.5946242105565,1128.6046391627258,3037769,Information Technology,0.05042080891175171,0.0036252374453036307,0.03501346041982023,0.016216094862522068,1140.287939453125,1170.8484252929688,1173.932478841146,1165.111181640625,1150.1337158203125,1146.8952107747396,1
2023-10-31,1210.63623046875,1247.5751783001,1193.1858390221944,1193.1858390221944,4684035,Information Technology,0.027121725778492145,0.05722216409404379,0.0339940448977627,0.0638298483839721,1153.3433837890625,1169.69501953125,1179.5238932291666,1168.355157470703,1155.8530517578124,1148.4977254231771,1
2023-11-01,1206.957275390625,1225.0042370874326,1197.1632316990815,1217.0496641193324,1169151,Information Technology,-0.003038860877887739,0.02000009077939957,-0.018091848575748304,0.003333422629409055,1166.46845703125,1171.2014282226562,1182.7587483723958,1172.5238525390625,1162.3221142578125,1149.9626953125,0
2023-11-02,1214.166015625,1271.7372574176136,1208.1006784694296,1224.8053289941847,2217527,Information Technology,0.0059726556866248615,0.0063725130563709875,0.03814927239867627,0.009136136560780495,1186.5040283203125,1172.8171997070312,1182.5864013671876,1176.5881469726562,1167.6715625,1152.6324462890625,1
2023-11-03,1234.4501953125,1259.0596534953308,1223.0154975709827,1224.009819113723,1375775,Information Technology,0.016706265392429476,-0.0006494990359936503,-0.009968728877241428,0.012345675627340125,1208.97568359375,1175.6261474609375,1184.6048665364583,1180.7742431640625,1172.1738525390624,1156.367781575521,1
2023-11-06,1246.23291015625,1256.772694477762,1240.4161532720464,1243.0013650675653,579178,Information Technology,0.009544909052217498,0.01551584444607923,-0.001816402432736286,0.014227665745546902,1222.488525390625,1181.388232421875,1188.0617919921874,1186.0714904785157,1176.586650390625,1162.192850748698,1
2023-11-07,1264.727294921875,1297.490264062819,1244.0454787240403,1249.812471106402,1710983,Information Technology,0.014840231400490067,0.005479564407772308,0.03239851547059347,0.002925893412803582,1233.30673828125,1193.3250610351563,1190.89892578125,1192.9696044921875,1181.3454736328124,1168.7619995117188,1
2023-11-08,1320.21044921875,1332.3908883096403,1273.775680990458,1276.6591164082192,1411757,Information Technology,0.043869658320533356,0.021480538818796635,0.0268985634909793,0.02389800274577647,1255.957373046875,1211.2129150390624,1199.4534098307292,1201.0584045410155,1189.210556640625,1177.9279907226562,1
2023-11-09,1307.2344970703125,1335.3738455687462,1301.5669127695376,1322.049912484218,808102,Information Technology,-0.009828699777460592,0.03555435863232015,0.002238800404054331,0.021817995267007895,1274.5710693359374,1230.537548828125,1206.73515625,1205.582568359375,1196.1847314453125,1185.4881469726563,0
2023-11-10,1361.4249267578125,1369.5286711243623,1302.5611434811224,1307.0853547822348,1439812,Information Technology,0.04145425308844586,-0.01131920781558382,0.025576976566490384,0.0007638721465876852,1299.966015625,1254.470849609375,1217.0727701822916,1213.4451538085937,1204.61259765625,1193.4725463867187,1
2023-11-13,1385.587158203125,1410.9423591605555,1367.3413810052664,1406.9650727358603,840457,Information Technology,0.017747751617016583,0.07641407471072603,0.03023937279253386,0.049732972496797645,1327.836865234375,1275.1626953125,1230.204443359375,1223.0055603027345,1214.4245654296874,1201.79501953125,1
2023-11-15,1385.1893310546875,1415.913891314396,1366.19781366993,1405.821503277141,1329901,Information Technology,-0.0002871180972501275,-0.0008127916469850005,0.00352355439721741,-0.000836343689456509,1351.9292724609375,1292.6180053710937,1246.1931315104166,1231.156512451172,1224.7615380859374,1209.7761067708334,0
2023-11-16,1471.546142578125,1485.516409031859,1372.2631591950324,1381.6098061243429,2299977,Information Technology,0.06234296611112722,-0.01722245469738337,0.04915730973784771,0.00443958075793538,1382.1964111328125,1319.0768920898438,1268.207413736979,1245.13916015625,1237.286005859375,1221.3748657226563,1
2023-11-17,1527.9241943359375,1540.2040408835646,1456.7804407332942,1471.5460910912564,2530940,Information Technology,0.038312119563603364,0.06509528563581957,0.03681388607975511,0.06158970382024953,1426.3343505859375,1350.4527099609375,1295.8031494140625,1261.6349548339845,1249.7329248046874,1234.5430013020834,1
2023-11-20,1614.7781982421875,1630.6873430524554,1484.0249143327983,1530.3602743172753,3968239,Information Technology,0.05684444570497704,0.039967612011665876,0.058747607308563765,0.01870183923240365,1477.0050048828125,1388.4855102539063,1328.6489013671876,1282.0558288574218,1266.1571240234375,1250.0113321940105,1
2023-11-21,1497.2493896484375,1614.778144469699,1483.7265199083106,1614.778144469699,4639119,Information Technology,-0.07278325204148117,0.05516208932572053,-0.009756130536327179,-0.00020107103432409623,1499.337451171875,1413.587158203125,1349.8876139322917,1297.4876953125,1278.2719384765626,1261.9100463867187,0
2023-11-22,1437.5902099609375,1481.2905954908454,1409.600032798737,1477.3630737432056,4220073,Information Technology,-0.03984585340289126,-0.0850984212271595,-0.08266618509547119,-0.04995966986837608,1509.817626953125,1430.8734497070313,1365.0178792317708,1312.0992553710937,1286.8887353515624,1272.2708862304687,0
2023-11-23,1438.236328125,1471.4466914933614,1412.0359800920808,1441.7662181063922,2311047,Information Technology,0.00044944530060475607,-0.024094859462421403,-0.006645491456875208,0.0017281123983143853,1503.1556640625,1442.6760375976562,1380.4364827473958,1326.9444763183594,1296.7424609375,1281.5976155598958,1
2023-11-24,1460.4097900390625,1474.4296997480087,1427.9451668565528,1445.743547041223,1609569,Information Technology,0.015417119899182152,0.002758650386506245,0.002027262198414981,0.011266842338843563,1489.652783203125,1457.9935668945313,1396.852734375,1344.265557861328,1307.2385205078126,1289.7195678710937,1
2023-11-28,1481.34033203125,1498.8403674881708,1469.0603634696176,1474.429724253836,1138990,Information Technology,0.01433196499704903,0.019841815840243804,0.01655600653210798,0.028793260110663077,1462.9652099609375,1469.985107421875,1413.3120768229167,1362.227978515625,1318.237705078125,1298.9584716796876,1
2023-11-29,1484.1243896484375,1502.370166656341,1454.0959260054733,1482.036338572641,1052656,Information Technology,0.0018794179547989565,0.005159021276958109,0.002355020084017223,-0.010186400665525674,1460.3402099609375,1479.8388305664062,1429.1715087890625,1377.5007629394531,1330.0581982421875,1308.616650390625,1
2023-11-30,1490.786376953125,1495.956800561069,1461.951051452114,1478.6059377328704,1277831,Information Technology,0.004488833517698243,-0.0023146536629961023,-0.004268832167737768,0.00540206825846723,1470.979443359375,1490.39853515625,1444.2421142578125,1391.5082702636719,1343.87529296875,1317.5705200195312,1
2023-12-01,1474.628662109375,1499.6357526486663,1467.6186464464251,1498.3928506784373,655282,Information Technology,-0.010838383750711,0.013382140867029158,0.0024592635871687474,0.003876733758412687,1478.25791015625,1490.706787109375,1454.5366617838542,1404.8918395996093,1357.2071630859375,1326.9950358072917,0
2023-12-04,1488.7479248046875,1505.35304596112,1437.3911930213867,1491.4823090379236,1382705,Information Technology,0.009574791985336617,-0.004611969175763675,0.003812454659310349,-0.020596258774872367,1483.925537109375,1486.78916015625,1466.637556966146,1418.6209350585937,1372.1975537109374,1336.6863566080729,1
2023-12-05,1469.7564697265625,1497.4483014913285,1463.6413677259195,1493.3716072832815,909831,Information Technology,-0.012756662670489693,0.0012667252128364392,-0.005251090095443001,0.01826237341092596,1481.6087646484375,1472.2869873046875,1473.8596598307292,1430.386248779297,1386.1041357421875,1345.4662150065103,0
2023-12-06,1453.89697265625,1479.4511102103609,1447.88139989486,1479.4511102103609,816079,Information Technology,-0.01079056115552468,-0.009321522523281778,-0.012018572703340724,-0.010767643070615063,1475.56328125,1467.9517456054687,1478.4136474609375,1440.7694519042968,1397.1132666015626,1354.3090454101562,0
2023-12-07,1450.6654052734375,1491.4823542523343,1446.7378836247642,1462.2492758335595,949044,Information Technology,-0.0022226935220234223,-0.01162717325235263,0.008132234961290896,-0.0007897858693252102,1467.5390869140624,1469.2592651367188,1482.778719075521,1450.066357421875,1406.71443359375,1364.4859252929687,0
2023-12-08,1470.2037353515625,1476.0702564359976,1459.067383180232,1459.6141871751297,585545,Information Technology,0.01346852968789336,-0.0018020789628551137,-0.010333409424788442,0.008522276007991492,1466.6541015625,1472.456005859375,1482.6892252604166,1457.5660217285156,1417.2442919921875,1375.4483194986979,1
2023-12-11,1454.9410400390625,1482.8318086808797,1452.7038165023546,1478.5561773709796,459643,Information Technology,-0.010381347119112205,0.01297739523381125,0.004580779414394609,-0.004361393278497605,1459.892724609375,1471.909130859375,1477.823681640625,1464.951348876953,1426.87529296875,1386.8134155273438,0
2023-12-12,1424.514892578125,1466.624388892245,1419.0461236703911,1466.5249810057164,794787,Information Technology,-0.02091228896816366,-0.008137124952976693,-0.010930045938961075,-0.023168998697202015,1450.8444091796875,1466.2265869140624,1465.1394612630208,1468.1058471679687,1434.477880859375,1396.894181315104,0
2023-12-13,1466.574462890625,1498.3431079671907,1437.440915468604,1444.2519935379164,2930070,Information Technology,0.029525539207511775,-0.015187594999251597,0.021627022784547645,0.012962786403752924,1453.3799072265624,1464.4715942382813,1463.0944661458334,1472.1552124023438,1443.29154296875,1406.4910400390625,1
2023-12-14,1474.529052734375,1495.360161449883,1467.6185667062275,1488.6484911753118,1267288,Information Technology,0.005423924965985982,0.030740132494911476,-0.0019908300718616267,0.020994011588841843,1458.15263671875,1462.8458618164063,1465.5570556640625,1476.6221984863282,1451.68361328125,1415.2874674479167,1
2023-12-15,1509.9766845703125,1541.0989976983274,1460.3600148507892,1485.0192378908955,3236009,Information Technology,0.02403996840225231,-0.0024379518106056874,0.030587170520910867,-0.004945802690223933,1466.1072265625,1466.3806640625,1470.33974609375,1478.5437255859374,1459.2742626953125,1425.388114420573,1
2023-12-18,1485.0191650390625,1509.976610494121,1477.959506641723,1509.976610494121,1051979,Information Technology,-0.01652841383994752,0.01680609379759357,-0.02019493053378696,0.012051474713056898,1472.1228515625,1466.0077880859376,1471.98037109375,1476.3984741210938,1466.3856494140625,1434.416552734375,0
2023-12-19,1492.7252197265625,1511.368748699001,1481.7379181012825,1490.239415863571,750604,Information Technology,0.005189195445364669,-0.013071192290913247,0.0009219601119678789,0.0025565053998974907,1485.7649169921874,1468.3046630859376,1472.739363606771,1470.2958251953125,1471.6376611328126,1443.0257202148437,1
2023-12-20,1459.0177001953125,1536.1273848471037,1445.445186780261,1501.9226992967283,1620470,Information Technology,-0.02258119517631285,0.007839870096569168,0.016381598580369694,-0.02449335397148189,1484.253564453125,1468.8167358398437,1471.065584309896,1468.3842407226562,1474.5748828125,1450.118546549479,0
2023-12-21,1507.789306640625,1516.4896206875094,1418.0020171259189,1456.681151849783,1600844,Information Technology,0.033427700321102094,-0.030122420726532484,-0.01278394249937087,-0.01898596356702542,1490.905615234375,1474.5291259765625,1472.199112955729,1471.8941955566406,1479.4788818359375,1458.220613606771,1
2023-12-22,1530.60888671875,1537.1217415625315,1502.817647347896,1517.6827062900468,1501194,Information Technology,0.015134462074789079,0.04187708089913866,0.013605184363654432,0.05981347642500956,1495.0320556640625,1480.5696411132812,1475.9311279296876,1476.5128234863282,1481.8413916015625,1465.2338948567708,1
2023-12-26,1519.0250244140625,1549.1530167436974,1502.4199026314036,1538.5138244221823,754780,Information Technology,-0.007568139976973809,0.013725608156303526,0.007827145277989445,-0.0002646659873832835,1501.8332275390626,1486.9780395507812,1477.949601236979,1479.443585205078,1481.4854248046875,1472.2935791015625,0
2023-12-27,1509.23095703125,1532.2495254429568,1487.6542277092249,1532.2495254429568,1347454,Information Technology,-0.0064476010766119085,-0.004071655957708531,-0.010911440715050569,-0.009827928195251912,1505.134375,1495.4496459960938,1480.5812337239583,1480.838116455078,1477.26353515625,1477.2204467773438,0
2023-12-28,1497.348876953125,1523.3006456618834,1493.470998553622,1519.1245436175848,676529,Information Technology,-0.007872936890651716,-0.008565825348568978,-0.00584035408885919,0.003910028779573471,1512.8006103515625,1498.5270874023438,1483.47802734375,1481.4993408203125,1477.2675146484376,1480.9458374023438,0
2023-12-29,1505.2537841796875,1516.837655512952,1483.5278807114548,1497.3489757254172,786524,Information Technology,0.005279268811853477,-0.014334287457637984,-0.004242754158436779,-0.006657724088245942,1512.293505859375,1501.599560546875,1487.1172526041667,1482.2227111816405,1479.9740576171876,1484.9479858398438,1
2024-01-01,1482.0362548828125,1507.2920462659383,1479.799031418548,1505.253638558752,813082,Information Technology,-0.01542432880149025,0.0052791052463272425,-0.006293098811412157,-0.0025135013243691162,1502.5789794921875,1498.805517578125,1487.9060872395833,1482.5930908203125,1481.7260546875,1485.29765625,0
2024-01-02,1459.514892578125,1489.990872980925,1450.3174180535514,1489.9411083515558,912412,Information Technology,-0.015196228992703231,-0.010172724260515742,-0.011478315252756888,-0.019922714327455293,1490.676953125,1496.2550903320312,1488.2110107421875,1481.1314392089844,1481.6902587890625,1483.0173461914062,0
2024-01-03,1454.3941650390625,1480.2465268038386,1446.837345106327,1464.536318249995,645767,Information Technology,-0.0035085133869494634,-0.01705086862773264,-0.006539869709128787,-0.002399525030799876,1479.7095947265625,1492.4219848632813,1490.2029622395833,1480.3633239746093,1480.612412109375,1477.671211751302,0
2024-01-04,1464.0390625,1476.5674896519213,1450.7151295637395,1451.7094511055927,702692,Information Technology,0.006631556762797253,-0.008758312774195587,-0.0024854219113495946,0.002680179959778206,1473.0476318359374,1492.92412109375,1490.033935546875,1480.870428466797,1479.8089990234375,1476.5642008463542,1
2024-01-05,1497.9951171875,1500.4311563324798,1462.5475311339062,1470.6015110773608,920923,Information Technology,0.02319340757856314,0.013013664654025758,0.01616158207992502,0.008156254339006574,1471.5958984375,1491.9447021484375,1491.59833984375,1483.2369140625,1480.0973486328126,1478.5776977539062,1
2024-01-08,1497.547607421875,1510.6727242282418,1483.1299454740556,1505.6513520334909,474520,Information Technology,-0.0002987391350548485,0.023833676690875105,0.006825749953630389,0.014072988331662595,1474.6981689453125,1488.63857421875,1490.7697347005208,1484.6041076660156,1481.0141064453126,1480.5547403971354,0
2024-01-09,1508.9822998046875,1518.3289462772375,1497.9453553154278,1509.380052684248,527738,Information Technology,0.007635611933899167,0.0024764701640398457,0.0050680878301467835,0.009989286432104727,1484.591650390625,1487.6343017578124,1492.367277018229,1487.306170654297,1481.8234814453126,1482.1738240559896,1
2024-01-10,1524.195556640625,1533.6416115414463,1509.3801409944338,1515.196897894774,867995,Information Technology,0.010081799394139113,0.003853797590727126,0.010085209336062384,0.007633646740470068,1498.5519287109375,1489.13076171875,1494.4652994791666,1492.2902038574218,1484.001044921875,1483.6023315429688,1
2024-01-11,1532.1998291015625,1536.922856726631,1514.401569468814,1531.2552721274085,971670,Information Technology,0.005251473425482933,0.010598209549495419,0.0021395123609659894,0.0033268149871588104,1512.18408203125,1492.6158569335937,1499.3441080729167,1495.5714721679688,1487.1331591796875,1485.2048461914062,1
2024-01-12,1541.496826171875,1553.1303403496267,1533.2439083349068,1540.2041595400588,1117378,Information Technology,0.006067744489805849,0.005844151249985385,0.010545411275563188,0.012442102046092085,1520.884423828125,1496.2401611328125,1501.5912760416666,1498.9198608398438,1490.766416015625,1486.895194498698,1
2024-01-15,1530.06201171875,1575.005296112519,1516.4397339955335,1553.130222555401,971076,Information Technology,-0.007417994159301666,0.008392434817993344,0.014084430130936854,-0.010959883321905672,1527.3873046875,1501.0427368164062,1501.5548177083333,1499.9241271972655,1493.1607470703125,1488.7429728190104,0
2024-01-16,1537.51953125,1549.153045363294,1516.8873581490448,1531.2552566492122,658975,Information Technology,0.004873998226302412,-0.014084437730016774,-0.016414072265683477,0.0002951809712423703,1533.0947509765624,1508.8432006835938,1502.7877848307292,1502.5491455078125,1496.46388671875,1490.3686930338542,1
2024-01-17,1532.5478515625,1545.474031695603,1496.4539307938253,1521.2622048830387,699537,Information Technology,-0.0032335717280014276,-0.006526052219432699,-0.0023748548787368984,-0.01347062934201848,1534.7652099609375,1516.6585693359375,1504.3422444661458,1504.5402770996093,1500.785205078125,1492.461739095052,0
2024-01-18,1523.39990234375,1539.607390881479,1478.456620378849,1520.3175300572557,535425,Information Technology,-0.0059691116394331445,-0.0006209809346152673,-0.0037960138402891586,-0.012026638471542617,1533.005224609375,1522.5946533203125,1506.0789794921875,1507.7593872070313,1503.05822265625,1494.7785034179688,0
2024-01-19,1539.010986328125,1543.6842491918896,1515.2963196011417,1531.7523902609378,451502,Information Technology,0.010247528544774953,0.007521363121591795,0.002647985671253794,0.02491767341327389,1532.508056640625,1526.696240234375,1508.3294596354167,1509.3204711914063,1505.6375,1497.7233561197916,1
2024-01-23,1492.973876953125,1551.3405061093245,1469.955307721675,1521.3120424497376,1188474,Information Technology,-0.029913437775280882,-0.0068159500697247966,0.004959729893883935,-0.029922208146985763,1525.0904296875,1526.2388671875,1509.0586344401042,1507.438720703125,1504.9573876953125,1498.4823608398438,0
2024-01-24,1497.9951171875,1505.8501600029715,1476.7166126300876,1492.9737450187,362720,Information Technology,0.003363247215431686,-0.018627537704496988,-0.029323250393583966,0.004599666991843554,1517.185546875,1525.1401489257812,1511.6239827473958,1506.387225341797,1505.47642578125,1499.9174967447916,1
2024-01-25,1407.412353515625,1496.0064984636915,1384.4435505716274,1491.5816948527136,3520645,Information Technology,-0.06046933173049651,-0.0009324009686244583,-0.006536946238569041,-0.06248528747443183,1492.158447265625,1513.4618286132813,1508.4918619791667,1501.2962951660156,1502.0639111328126,1499.347412109375,0
2024-01-29,1399.15966796875,1446.6385245130816,1319.0173710405545,1407.4124644475487,3991414,Information Technology,-0.005863729649850158,-0.056429514183248375,-0.03299983923954064,-0.04725810561511079,1467.310400390625,1500.1578125,1504.1665690104167,1496.3868347167968,1499.66958984375,1497.100252278646,0
2024-01-30,1448.9752197265625,1477.5619670706276,1358.4421852391056,1410.1966755033093,4649069,Information Technology,0.0356039077585284,0.0019782481156676024,0.021376067368283458,0.029889533727254447,1449.3032470703124,1490.9056518554687,1500.898575846354,1493.5729064941406,1497.3170263671875,1496.2484578450521,1
2024-01-31,1541.993896484375,1551.042198244667,1455.7861459331507,1490.4879920378798,3760276,Information Technology,0.06419618188871867,0.05693625430361626,0.049730727246397155,0.07165852308754017,1459.1072509765625,1492.0988403320312,1503.861661783854,1496.5707885742188,1497.7724267578126,1497.3156982421874,1
2024-02-01,1515.9923095703125,1541.993841247741,1507.7891571394707,1541.993841247741,799018,Information Technology,-0.016862315067098566,0.034556366428312835,-0.005833727159174629,0.03572160056035312,1462.706689453125,1489.9461181640625,1504.328995768229,1499.3946594238282,1497.6511181640626,1498.3481363932292,0
2024-02-02,1568.14453125,1587.9315548627926,1529.3163465826165,1531.2552251025052,1741817,Information Technology,0.03440137614845118,-0.006964110917944133,0.02979111354807995,0.014277320765448742,1494.853125,1493.5057861328125,1507.258927408854,1505.082177734375,1500.0076611328125,1500.8621134440104,1
2024-02-05,1585.2965087890625,1613.7838449297003,1563.769423365928,1580.8718265266486,1490086,Information Technology,0.010937752992315364,0.03240256791340723,0.016280481351818477,0.022528417263243172,1532.0804931640625,1499.6954467773437,1510.7987060546875,1511.1450500488281,1503.52556640625,1505.071407063802,1
2024-02-06,1665.43896484375,1675.431945771467,1591.0140151482638,1600.7584156685966,2360284,Information Technology,0.05055360660316133,0.012579507590846806,0.038200965411481214,0.017422384256428947,1575.3732421875,1512.3382446289063,1519.0615152994792,1519.5172424316406,1509.9329736328125,1510.326395670573,1
2024-02-07,1645.65185546875,1685.374951044278,1633.6702327821529,1685.374951044278,1190359,Information Technology,-0.011881017433056362,0.05286027832022322,0.00593459214974712,0.026810711425388822,1596.104833984375,1527.6060424804687,1526.7675048828125,1526.9224548339844,1516.47759765625,1514.1611612955728,0
2024-02-08,1701.2841796875,1711.2273952321375,1642.867788362754,1660.5169959544858,1760816,Information Technology,0.033805646093294506,-0.014749213564845043,0.015339283505928947,0.005629995207134142,1633.1632080078125,1547.9349487304687,1537.685148111979,1536.537548828125,1526.148369140625,1520.236466471354,1
2024-02-09,1720.1497802734375,1728.2634839532484,1663.9513993510325,1717.3125056563094,1244945,Information Technology,0.011089035454031393,0.034203510015371474,0.009955479189134753,0.012833419181764949,1663.5642578125,1579.20869140625,1550.191943359375,1546.3352600097655,1536.77859375,1527.2670939127604,1
2024-02-12,1700.3883056640625,1756.1387419153432,1684.8578512993242,1720.149819922871,1305970,Information Technology,-0.011488229011216489,0.0016521828480351441,0.016129055679827697,0.012564340494827908,1686.5826171875,1609.3315551757812,1561.9911702473958,1554.7446838378905,1546.2325634765625,1534.0350748697917,0
2024-02-13,1581.5203857421875,1702.32956561624,1568.6778502386308,1696.007888672728,1741851,Information Technology,-0.06990633817341674,-0.01403478404644165,-0.030640617973279216,-0.06895537268684004,1669.7989013671875,1622.5860717773437,1564.8251302083333,1556.7458618164062,1549.57357421875,1536.577294921875,0
2024-02-14,1630.1029052734375,1638.6645548269323,1548.119924663754,1548.119924663754,1125325,Information Technology,0.030718870252469666,-0.08719768640033221,-0.03739875760558797,-0.013105256488289974,1666.689111328125,1631.39697265625,1573.9670654296874,1561.7479064941406,1554.8757861328124,1541.512849934896,1
2024-02-15,1635.9268798828125,1682.369009130434,1615.9661838104605,1657.579951318961,1207061,Information Technology,0.003572765001849998,0.07070513395722955,0.02667077540352225,0.043824937632943595,1653.6176513671876,1643.3904296875,1583.1625162760417,1566.6682739257812,1559.9535693359376,1547.3932495117188,1
2024-02-16,1666.1414794921875,1677.1919873882612,1635.9267603460537,1651.6065695506484,732658,Information Technology,0.01846940714828249,-0.0036036764100335628,-0.0030772212957302925,0.012352100393911769,1642.8159912109375,1653.1901245117188,1600.4111246744792,1573.3479553222655,1565.63140625,1554.4514933268229,1
2024-02-19,1623.3331298828125,1682.368905246278,1612.780393588052,1677.4907180221403,723151,Information Technology,-0.025693105979464725,0.015672103119893865,0.0030866578763462105,-0.01414877934578529,1627.4049560546875,1656.9937866210937,1615.3560221354167,1578.3446166992187,1569.27673828125,1559.7612955729167,0
2024-02-20,1612.531494140625,1638.2662678742815,1603.8204890017266,1637.5196102909474,683799,Information Technology,-0.006653985890725522,-0.02382791588755917,-0.026214605628092302,-0.005555563932912011,1633.607177734375,1651.7030395507813,1626.2597737630208,1582.0206420898437,1572.118125,1563.5791748046875,0
2024-02-21,1564.7454833984375,1627.7634350464157,1553.047847368578,1627.7634350464157,931221,Information Technology,-0.02963415655187207,-0.005957898264679851,-0.0064109437115456025,-0.03165730951894208,1620.535693359375,1643.61240234375,1627.7765462239583,1585.6092224121094,1573.5054638671875,1565.8191040039062,0
2024-02-22,1583.561279296875,1588.3398151410074,1533.784104714421,1580.923064738744,1256999,Information Technology,0.012024828381400399,-0.028775907665192224,-0.02421950208279744,-0.012403830755631118,1610.0625732421875,1631.8401123046874,1632.281144205729,1589.8875305175782,1575.3471337890626,1568.305069986979,1
2024-02-23,1576.5924072265625,1602.227651036889,1564.496530016624,1602.1778252539218,912832,Information Technology,-0.004400759327360393,0.013444525536535412,0.008743617558090833,0.020023955919090453,1592.1527587890625,1617.484375,1632.8443359375,1598.346533203125,1577.108916015625,1570.051631673177,0
2024-02-26,1584.307861328125,1607.1555347608846,1561.0121204297177,1573.904359420961,530867,Information Technology,0.004893753176913318,-0.0176468962354287,0.0030756451624127656,-0.002227176296050626,1584.347705078125,1605.8763305664063,1632.778426106771,1607.6039428710938,1579.545234375,1571.7885660807292,1
2024-02-27,1572.9088134765625,1599.2410104482951,1563.0032048335197,1586.8962474551784,372335,Information Technology,-0.007194970201060968,0.008254560041371928,-0.004924554059272834,0.0012755086124853765,1576.4231689453125,1605.0151733398438,1626.6097493489583,1613.8006225585937,1580.9011474609374,1572.8356323242188,0
2024-02-28,1565.2930908203125,1576.9409011386551,1555.2380042675125,1576.9409011386551,406548,Information Technology,-0.004841808114366852,-0.006273470198501108,-0.013944182999277244,-0.004968128371070302,1576.5326904296876,1598.5341918945312,1621.2524983723958,1614.9655822753907,1583.793916015625,1574.0100016276042,0
2024-02-29,1563.55078125,1583.9095957654415,1519.2490986531664,1562.9533579714764,894886,Information Technology,-0.0011130883925383195,-0.008870049065934471,0.004419122252301566,-0.023140448931670887,1572.5305908203125,1591.29658203125,1612.0702718098958,1617.343505859375,1586.416142578125,1574.8777099609374,0
2024-03-01,1571.61474609375,1588.7878712011843,1565.9899011011266,1572.9587054925494,313840,Information Technology,0.0051574691020288554,0.006401565005150767,0.0030798951207724468,0.03076572662731647,1571.53505859375,1581.8439086914063,1602.1679361979166,1617.5170166015625,1592.98423828125,1576.1799397786458,1
2024-03-04,1539.209716796875,1576.8413081366243,1535.675610435175,1575.8954689353209,656766,Information Technology,-0.020618939455370855,0.0018670314945439248,-0.007519293973164531,-0.019357909424981612,1562.5154296875,1573.4315673828125,1591.422696940104,1615.2126770019531,1598.586240234375,1576.70693359375,0
2024-03-05,1486.69482421875,1521.090899893593,1474.5492424331867,1516.2127125603963,1654623,Information Technology,-0.034118088006493075,-0.03787228122132136,-0.03535575073747432,-0.03980421879896012,1545.2726318359375,1560.847900390625,1585.1009928385417,1606.2754699707032,1600.0950244140624,1574.9630615234375,0
2024-03-06,1499.6368408203125,1519.5975354598213,1461.4577740925683,1478.3820126208882,786342,Information Technology,0.008705227455381381,-0.0249507866713663,-0.0009817719860634178,-0.008878284945585069,1532.1413818359374,1554.3370361328125,1576.4032552083333,1598.9747192382813,1598.4007421875,1575.1851603190105,1
2024-03-07,1489.6317138671875,1514.769185996928,1479.9748694797845,1513.2260450378496,389524,Information Technology,-0.006671699894790661,0.023569031630187087,-0.003177387005587895,0.01267029107201778,1517.357568359375,1544.9440795898438,1566.650244140625,1588.3920959472657,1597.346318359375,1574.9063802083333,0
2024-03-11,1468.92431640625,1503.2705644008388,1455.4844802344544,1493.3151301995088,903550,Information Technology,-0.013901018129628628,-0.013157925019617878,-0.007591005746873214,-0.01654784128458786,1496.819482421875,1534.1772705078124,1553.5024332682292,1575.8308227539062,1593.377509765625,1576.9567789713542,0
2024-03-12,1449.8099365234375,1507.7006893897008,1443.5877901254044,1468.426549935834,750703,Information Technology,-0.013012501508298357,-0.01666666315792953,0.0029469911097659285,-0.008173697672910762,1478.9395263671875,1520.7274780273438,1541.934220377604,1563.301904296875,1587.958046875,1578.6451212565105,0
2024-03-13,1409.341064453125,1462.2542214422108,1349.011157608057,1453.8916324230447,1901824,Information Technology,-0.027913225762098537,-0.009898293866604568,-0.03014289790229263,-0.06551498507003273,1463.4687744140624,1504.370703125,1528.3881917317708,1554.692938232422,1577.714130859375,1577.3239827473958,0
2024-03-14,1422.9801025390625,1440.6012957159064,1364.1933307421057,1378.8775976263216,807970,Information Technology,0.009677599290864203,-0.05159534116838216,-0.014807907823954358,0.011254297674578417,1448.1374267578126,1490.139404296875,1518.937166341146,1544.3367980957032,1568.8072607421875,1573.3568562825521,1
2024-03-15,1422.9801025390625,1477.187519986749,1398.141340386116,1429.152545263806,3445891,Information Technology,0.0,0.03646077630387956,0.025396495463140045,0.024885042962014214,1434.8071044921876,1476.0823364257812,1508.2317545572917,1533.6894592285157,1557.67509765625,1570.2564493815105,0
2024-03-18,1377.1353759765625,1421.6361219393516,1359.4644788025964,1420.6904042222534,1584029,Information Technology,-0.03221740520524352,-0.005921090138065299,-0.03760619237285179,-0.027663055562636152,1416.44931640625,1456.6343994140625,1494.934619140625,1519.2391540527344,1543.954521484375,1563.8894775390625,0
2024-03-19,1351.898193359375,1389.330724689233,1334.0282368567766,1384.751127550624,1419084,Information Technology,-0.018325854565526045,-0.025297050338918936,-0.022724097081923245,-0.018710486623544464,1396.8669677734374,1437.9032470703125,1479.4406412760416,1505.6674072265625,1530.0149169921874,1556.1095336914063,0
2024-03-20,1341.544677734375,1383.2081484599726,1331.6887728841798,1365.9851974830503,772885,Information Technology,-0.007658502449265248,-0.013551843139328001,-0.004406852969173314,-0.0017536839985554664,1383.3076904296875,1423.388232421875,1464.0163655598958,1492.11806640625,1520.415888671875,1545.313057454427,0
2024-03-21,1352.1470947265625,1368.3745019266833,1324.172347475519,1363.8945563037878,1728137,Information Technology,0.007903141183559503,-0.0015305006109251895,-0.01072408845321271,-0.005644280827254877,1369.1410888671876,1408.6392578125,1449.8066324869792,1481.4881469726563,1509.29765625,1535.5295654296874,1
2024-03-22,1379.5245361328125,1391.222171891443,1322.47996828523,1352.94357412585,1426909,Information Technology,0.020247383966599086,-0.008029200004738835,0.01669694219863782,-0.0012780656487167974,1360.4499755859374,1397.6285400390625,1437.5382161458333,1471.286309814453,1499.0415625,1524.8042439778646,1
2024-03-26,1422.1337890625,1434.1301359986776,1371.2117183375367,1381.8142801671331,1694996,Information Technology,0.030886911985728682,0.02133917969190735,0.03084192084783899,0.036848762341174846,1369.449658203125,1392.9494873046874,1427.5728190104167,1463.56337890625,1489.2812548828124,1514.8703776041666,1
2024-03-27,1475.3953857421875,1487.3419070842294,1421.6858654857767,1433.4830310057837,1986064,Information Technology,0.03745188890758211,0.03739196473812756,0.03710386508857311,0.03680988608340896,1394.1490966796875,1395.5080322265626,1423.3185302734375,1458.1177551269532,1483.3637451171876,1507.3706136067708,1
2024-03-28,1479.7757568359375,1492.020867928588,1465.5892631676368,1488.3374059024247,1535307,Information Technology,0.002968947263954247,0.03826649755187761,0.003145854239749779,0.03088122260177273,1421.7953125,1402.5515014648438,1422.8572591145833,1453.4611022949218,1478.053515625,1503.9791259765625,1
2024-04-01,1482.1153564453125,1500.3338507471517,1475.3954379526133,1490.3285901586114,605816,Information Technology,0.0015810501007109679,0.0013378581014560353,0.005571626374170524,0.006690943384630277,1447.78896484375,1408.4650268554688,1421.68916015625,1449.3022155761719,1474.748310546875,1499.0462076822917,1
2024-04-02,1504.7640380859375,1554.9394560528144,1477.4364169343316,1489.3331134479408,1576132,Information Technology,0.015281321755511224,-0.0006679578699920752,0.03639563639683896,0.001383343698385442,1472.836865234375,1416.6434204101563,1422.6979817708334,1446.3628784179687,1471.5964208984376,1494.6741129557292,1
2024-04-03,1498.93994140625,1522.6836271417435,1487.3916622954614,1504.266074279944,947682,Information Technology,-0.003870438508814855,0.010026609021961397,-0.020744106007157148,0.006738188694297209,1488.198095703125,1428.823876953125,1424.6990234375,1442.7291381835937,1468.490322265625,1489.1007283528645,0
2024-04-04,1503.419921875,1511.384269244836,1490.8760990727676,1510.1398399682992,827402,Information Technology,0.0029887658237641723,0.00390473852251616,-0.007420686540195898,0.0023426491257378945,1493.8030029296874,1443.9760498046876,1428.2730224609375,1440.9396484375,1465.2548046875,1485.103621419271,1
2024-04-05,1504.7640380859375,1530.8472298312536,1491.324200498005,1503.071662703907,1231267,Information Technology,0.0008940391113489987,-0.004680478640005092,0.01287757255548394,0.00030056248504894967,1498.8006591796875,1460.2979858398437,1434.6345540364584,1441.8431091308594,1462.529013671875,1481.5113728841145,1
2024-04-08,1486.89404296875,1518.1540116463011,1481.2691978887417,1517.0589381016116,726683,Information Technology,-0.011875612830246851,0.009305794091375885,-0.00829162958759222,-0.006742331818866409,1499.756396484375,1473.7726806640626,1438.8954833984376,1441.2059692382813,1459.3930517578126,1478.9163248697917,0
2024-04-09,1490.826416015625,1525.1726673361854,1485.1020407955316,1495.1073017472615,640593,Information Technology,0.002644689489120333,-0.014469863894556068,0.004623151298248862,0.002587539734339117,1496.9688720703125,1484.9028686523438,1443.4185709635417,1441.2657043457032,1456.4840771484376,1475.8251627604166,1
2024-04-10,1483.658447265625,1506.2572348957754,1474.3998446005571,1503.2706045555988,479928,Information Technology,-0.0048080505369344495,0.005460011330823633,-0.01240215802807898,-0.0072063709435357115,1493.9125732421876,1491.0553344726563,1450.520109049479,1442.0024108886719,1452.9658251953124,1472.727364095052,0
2024-04-12,1468.177734375,1483.6086581809418,1446.5744896572028,1483.359772313104,732786,Information Technology,-0.010434148721463421,-0.013245008704457994,-0.015036327255484205,-0.01887232628601687,1486.8641357421875,1490.3335693359375,1458.272078450521,1442.92080078125,1450.1245458984374,1468.8563598632813,0
2024-04-15,1421.934814453125,1447.4704077339804,1404.8612193054637,1411.680667902269,974699,Information Technology,-0.031496813253036104,-0.0483221304424758,-0.024358344262610743,-0.028835895178563442,1470.298291015625,1484.5494750976563,1463.6314208984375,1443.55048828125,1447.5341455078126,1463.8238932291667,0
2024-04-16,1404.462890625,1430.5959056020731,1398.7385159157363,1412.2281779715636,425891,Information Technology,-0.012287429529492688,0.00038784271949277027,-0.011657925468973374,-0.004358226496389617,1453.812060546875,1476.784228515625,1467.119140625,1442.6246276855468,1443.7271875,1458.4628865559896,0
2024-04-18,1391.37158203125,1413.5722508630838,1383.8054756781276,1410.4860902945306,604718,Information Technology,-0.009321220717995793,-0.001233573797922105,-0.01189969485605713,-0.010676077099251335,1433.92109375,1465.4449829101563,1467.9089436848958,1441.0442016601562,1439.7967822265625,1452.7235799153646,0
2024-04-19,1403.0194091796875,1407.6984147057433,1354.9346127401109,1370.863307673132,723681,Information Technology,0.008371471215067539,-0.02809157984190025,-0.004155313712301711,-0.02086338249519404,1417.7932861328125,1455.8529296875,1466.6346516927083,1442.3384033203124,1437.1605859375,1447.1037353515626,1
2024-04-22,1372.5059814453125,1430.5959165925042,1361.2065877593925,1413.5721481533435,1104738,Information Technology,-0.02174840029634051,0.031154703930842187,0.016265914380209967,0.004628987229573944,1398.658935546875,1442.7615356445312,1459.7753580729166,1443.3687927246094,1434.068427734375,1441.546944173177,0
2024-04-23,1367.5780029296875,1388.2853555163574,1355.4822471069683,1388.2853555163574,1157542,Information Technology,-0.0035904969320684765,-0.017888575882044733,-0.029575480109663044,-0.004205343041901344,1387.7875732421876,1429.0429321289062,1452.2955078125,1444.670458984375,1432.3979052734376,1437.5763834635416,0
2024-04-24,1365.089111328125,1381.6649338488007,1358.319488876647,1363.894507815011,928780,Information Technology,-0.001819926612032896,-0.01756904486849864,-0.004768775843705608,0.0020931604052611963,1379.9128173828126,1416.8624389648437,1444.493758138021,1445.317559814453,1430.082265625,1433.0914591471353,0
2024-04-25,1367.826904296875,1378.7281782274945,1356.577335982733,1365.8856431376305,515923,Information Technology,0.0020055782044048343,0.0014598895377981869,-0.0021255194000803224,-0.0012825796200235384,1375.2038818359374,1404.5624877929688,1435.3646158854167,1444.7326782226562,1427.8761376953125,1429.031298828125,1
2024-04-26,1410.1375732421875,1449.5113681510447,1369.8678863845037,1369.8678863845037,1372375,Information Technology,0.030932765551253905,0.0029155026754108526,0.05133948158987356,0.009797119595944537,1376.6275146484375,1397.210400390625,1429.4444580078125,1444.1328674316405,1429.1962255859376,1427.0717407226562,1
2024-04-29,1501.77734375,1522.5842268450356,1400.72968024942,1432.5870716978786,5381391,Information Technology,0.06498640433863079,0.045784842419300587,0.05041206319561353,0.022529029384264154,1402.481787109375,1400.570361328125,1429.3349527994792,1445.4519653320312,1435.1913916015626,1428.8039876302084,1
2024-04-30,1487.541015625,1525.1726076889431,1458.9689664282937,1525.1726076889431,3003671,Information Technology,-0.009479653015307399,0.06462820851882567,0.0016999918942224301,0.041577819760700185,1426.4743896484374,1407.1309814453125,1428.1867513020834,1445.8402282714844,1441.0312451171876,1431.4106526692708,0
2024-05-02,1505.4608154296875,1523.0820081004708,1470.5670890566134,1493.2654076896447,1216214,Information Technology,0.012046592071384588,-0.020920386216250364,-0.0013707298294847181,0.007949533468633696,1454.54873046875,1417.2307739257812,1429.4245361328126,1447.007501220703,1447.1637939453126,1434.160009765625,1
2024-05-03,1530.3992919921875,1547.0746461251322,1513.4252261896213,1516.2127966850555,1728068,Information Technology,0.016565344183589348,0.015367254124579732,0.01575268954465825,0.02914395232420297,1487.0632080078126,1431.133544921875,1432.0627278645834,1448.2892639160157,1453.1987841796874,1437.7406494140625,1
2024-05-06,1506.8544921875,1538.0150497609038,1498.790614812268,1536.3723788170262,622922,Information Technology,-0.015384743006538026,0.013296011071827207,-0.005855952967052658,-0.009669860871950209,1506.406591796875,1441.5170532226562,1433.609130859375,1448.684991455078,1456.5876123046876,1442.0646199544271,0
2024-05-07,1503.171142578125,1517.2082815072818,1478.630971199928,1517.2082815072818,619783,Information Technology,-0.0024443963424948256,-0.01247360182594559,-0.01352832552376948,-0.013450607051516128,1506.6853515625,1454.5835693359375,1435.9420247395833,1448.6725524902345,1457.698642578125,1447.107051595052,0
2024-05-08,1492.5684814453125,1503.121217455758,1480.0246585828477,1503.121217455758,386513,Information Technology,-0.007053528924609087,-0.009284858396323092,-0.009284858396323092,0.0009425525435793336,1507.6908447265625,1467.0826171875,1440.6509358723958,1448.0627746582031,1458.2103515625,1452.1411783854167,0
2024-05-09,1489.681396484375,1512.2304796200456,1474.7482449410566,1493.3151543318422,740751,Information Technology,-0.00193430653053972,-0.006523800615704012,0.006060231243163683,-0.0035650849539516916,1504.5349609375,1479.541845703125,1446.332169596354,1448.2021423339843,1458.5129931640624,1456.725655110677,0
2024-05-10,1457.3760986328125,1483.3597586912035,1429.650237515556,1481.3686717667856,635873,Information Technology,-0.021686045034731927,-0.007999974104864638,-0.01909148196516708,-0.03058013974941398,1489.930322265625,1488.4967651367188,1450.732470703125,1446.5296264648437,1456.6174755859374,1459.3207071940103,0
2024-05-13,1435.971923828125,1463.3493692225222,1417.3551880441532,1463.3493692225222,390414,Information Technology,-0.014686788691516961,-0.012163955460710696,-0.01348990988291121,-0.008600040169803425,1475.75380859375,1491.0802001953125,1452.929305013021,1444.1453002929688,1454.0987548828125,1459.7819783528646,0
2024-05-14,1490.7764892578125,1503.3204339376264,1430.7452921923173,1443.4384711684577,665046,Information Technology,0.03816548535544162,-0.013606387150488342,0.027314779064920636,0.009447246717769753,1473.2748779296876,1489.9801147460937,1460.8140055338542,1445.2752380371094,1453.593017578125,1460.2946818033854,1
2024-05-15,1486.5953369140625,1502.2751470974854,1473.4043854899128,1497.2974295789386,500621,Information Technology,-0.0028046808987653993,0.037312957556744575,-0.0006953187201766964,0.029815994174776872,1472.0802490234375,1489.885546875,1468.7484944661458,1448.5082641601562,1452.86626953125,1460.5220011393228,0
2024-05-16,1522.584228515625,1542.943044149972,1495.2564869679773,1495.2564869679773,1287015,Information Technology,0.024208936156270955,-0.0013630842948386679,0.02707087122559404,0.014831027851731626,1478.6608154296875,1491.5978881835938,1479.2481689453125,1454.4143310546874,1454.293876953125,1461.8709635416667,1
2024-05-17,1510.4384765625,1533.0870900924804,1501.2795254158414,1523.6792530828548,464366,Information Technology,-0.00797706407675458,0.019008622508979833,-0.006387762720639678,0.004028097186240975,1489.273291015625,1489.601806640625,1488.7556070963542,1460.36767578125,1455.078359375,1462.0601114908854,0
2024-05-21,1490.47802734375,1512.9772869236497,1470.5173308616554,1503.2707374599183,759410,Information Technology,-0.013215003145428672,-0.013394233452771576,-0.01311719555841906,-0.020490650830440882,1500.17451171875,1487.96416015625,1494.1116373697917,1464.7406066894532,1455.351142578125,1461.7780476888022,0
2024-05-22,1499.6368408203125,1512.230489677528,1467.5305647886469,1479.526911885417,643796,Information Technology,0.0061448832579469315,-0.015794776671181343,-0.0004935944859026931,-0.0020310988591059065,1501.94658203125,1487.6107299804687,1493.9689371744792,1471.097149658203,1456.6095068359375,1461.651944986979,1
2024-05-23,1497.944580078125,1500.3836130890045,1475.395495068875,1475.395495068875,619359,Information Technology,-0.0011284470320572781,-0.002792390448158155,-0.007834041615607079,0.005359295723670998,1504.2164306640625,1488.14833984375,1494.662508138021,1477.615478515625,1459.6498974609376,1461.424629720052,0
2024-05-24,1544.635498046875,1562.903696162521,1493.3151842702666,1507.601208561192,1761162,Information Technology,0.031169990258461233,0.021828529096066696,0.04166939876449316,0.012145685181555343,1508.6266845703126,1493.64375,1497.2741536458334,1486.5927978515624,1465.2568017578126,1463.349344889323,1
2024-05-27,1544.3865966796875,1608.7982090374362,1533.1369071272595,1560.0165801742962,1682320,Information Technology,-0.00016113922508076417,0.03476739824527453,0.02936490136123049,0.0266666563605944,1515.41630859375,1502.3447998046875,1498.206640625,1495.4207824707032,1471.37740234375,1465.1346842447917,0
2024-05-28,1497.3472900390625,1558.02561938477,1493.315290145147,1558.02561938477,543748,Information Technology,-0.03045824584450285,-0.0012762433520442373,-0.031559327557334926,-0.025973947138699383,1516.7901611328125,1508.4823364257813,1497.5728271484375,1499.781268310547,1475.150517578125,1465.5909790039063,0
2024-05-29,1469.2728271484375,1500.682272691821,1465.9377807809535,1495.306313570793,675969,Information Technology,-0.01874946652482512,-0.04025563189310288,-0.036805137206660676,-0.018333375104953475,1510.7173583984375,1506.3319702148438,1495.312939453125,1498.1560424804688,1479.02119140625,1465.6274820963542,0
2024-05-30,1462.8516845703125,1483.210501110476,1448.5158334596763,1469.2728917163624,574944,Information Technology,-0.004370286075859098,-0.01741009291418205,-0.011642552123978578,-0.01188450666166474,1503.698779296875,1503.9576049804687,1493.3318196614584,1496.9215759277345,1482.832138671875,1466.9913777669271,0
2024-05-31,1450.7557373046875,1485.8486450006835,1433.8314981321505,1485.8486450006835,619866,Information Technology,-0.008268744803871186,0.011281602878385533,0.0017786712595633247,-0.010137504187616164,1484.9228271484376,1496.774755859375,1490.7367757161458,1494.1863220214843,1486.2588037109374,1468.53447265625,0
2024-06-03,1437.763916015625,1523.1815994169838,1433.58268180422,1518.20388177183,795009,Information Technology,-0.008955209312630164,0.021775593954343586,0.02512567786894815,-0.0001735324745303357,1463.598291015625,1489.5072998046876,1489.429296875,1489.5545532226563,1489.0562841796875,1470.0808837890625,0
2024-06-04,1375.5921630859375,1450.6063377953512,1287.2875076141545,1450.6063377953512,1516268,Information Technology,-0.043241976124967496,-0.04452468129483944,-0.04764714965662109,-0.10204864780170708,1439.247265625,1478.0187133789063,1485.4039794921875,1482.991436767578,1487.6744677734375,1469.166642252604,0
2024-06-05,1436.2705078125,1446.325594026314,1318.4479630786916,1368.872263867508,1531081,Information Technology,0.04411070835882036,-0.05634476549445078,-0.002951003078852543,0.024206290576290534,1432.6468017578125,1471.682080078125,1481.7702473958334,1479.6464050292968,1485.0541943359376,1471.2921264648437,1
2024-06-06,1469.720947265625,1484.355388399889,1433.5826688771565,1460.4623439186032,1384239,Information Technology,0.023289790656546572,0.06690915030473588,0.02629407550460794,0.087325938544905,1434.020654296875,1468.859716796875,1480.6452880859374,1478.5040283203125,1484.3413916015625,1474.6968912760417,1
2024-06-07,1517.905029296875,1528.1591753052078,1451.751216539947,1478.4318292535154,1811579,Information Technology,0.032784510638495856,0.012303970321273505,0.02951030949032929,0.01267352630387264,1447.4505126953125,1466.186669921875,1480.333341471354,1479.9152099609375,1484.83916015625,1479.7907552083334,1
2024-06-10,1475.4451904296875,1517.9050205380834,1463.448843476386,1515.1672761030084,2163902,Information Technology,-0.02797265839935703,0.024847575737084515,-0.006710135261319472,0.008057597474806055,1454.986767578125,1459.292529296875,1478.0004557291666,1480.8186645507812,1482.64099609375,1483.3780314127605,0
2024-06-11,1471.9110107421875,1493.3151952068183,1465.1412665800626,1489.9801489094502,856521,Information Technology,-0.0023953310569745367,-0.01662333102806912,-0.01619984452159473,0.0011564620869537467,1474.250537109375,1456.7489013671875,1476.7626546223958,1482.6156188964844,1481.2432568359375,1485.4371459960937,0
2024-06-12,1475.1466064453125,1488.33755804673,1465.9378289122474,1480.373209910025,445042,Information Technology,0.002198227800126018,-0.006447695968605172,-0.0033332796559395472,0.000543676128953896,1482.0257568359375,1457.336279296875,1475.129972330729,1481.8341247558594,1480.122275390625,1484.549454752604,1
2024-06-13,1480.7713623046875,1514.171772372557,1476.3909467884569,1483.7579926758035,1067007,Information Technology,0.0038130148114086104,0.002286438813617897,0.017357765505650047,0.007130669302644277,1484.23583984375,1459.1282470703125,1473.9850911458334,1481.5429260253907,1479.650390625,1484.323799641927,1
2024-06-14,1473.3544921875,1492.2201136340568,1465.987567818686,1486.3463829260747,619161,Information Technology,-0.00500878819377204,0.001744482768111899,-0.014497469269357799,-0.007046493337283688,1475.325732421875,1461.3881225585938,1469.2330240885417,1479.0814392089844,1478.997314453125,1483.2535888671875,0
2024-06-18,1504.017333984375,1508.2483938350674,1466.8338087782568,1473.4043715352473,881537,Information Technology,0.020811584692933982,-0.008707264699194361,0.01074123050250031,0.0005772497517355646,1481.0401611328125,1468.0134643554688,1466.5417399088542,1478.7603820800782,1480.8629638671875,1482.3741902669271,1
2024-06-19,1509.0946044921875,1519.1495696323557,1481.916339600029,1514.968335503195,602415,Information Technology,0.003375805845509783,0.02820947512503924,0.0072277058883978285,0.010282371957553105,1488.4768798828125,1481.3637084960938,1467.3248942057292,1479.6912109375,1483.78787109375,1482.4488606770833,1
2024-06-20,1545.6807861328125,1553.3465438614078,1500.2840276505065,1519.1993538119928,932609,Information Technology,0.0242437959367936,0.0027928097305032207,0.022510603901449988,0.012394551270981324,1502.5837158203126,1492.304736328125,1472.4187581380208,1481.993408203125,1485.98404296875,1483.865848795573,1
2024-06-21,1581.6697998046875,1631.3474467757271,1548.4186212501877,1567.6823644515944,2620495,Information Technology,0.02328360033633925,0.031913527686769694,0.05021474649206081,0.032083653969883,1522.7634033203126,1503.4996215820313,1480.3399658203125,1486.179669189453,1489.787021484375,1486.8358927408854,1
2024-06-24,1602.3272705078125,1614.7715643141794,1555.6362558410622,1585.3532051454051,946346,Information Technology,0.013060545700294579,0.011271952210798908,-0.010160853528970226,0.004661294104721492,1548.557958984375,1511.941845703125,1490.444734700521,1489.0642578125,1492.9767431640626,1490.5907552083333,1
2024-06-25,1572.012939453125,1623.731373271453,1567.9809398544078,1603.820504193937,576522,Information Technology,-0.01891893847945325,0.011648696951944038,0.005548654159685418,0.007935456612684355,1562.157080078125,1521.5986206054688,1499.394669596354,1490.445574951172,1495.4397216796874,1494.411983235677,0
2024-06-26,1585.5523681640625,1622.735893316075,1577.886610353473,1577.886610353473,845281,Information Technology,0.008612797243035208,-0.01617007250664748,-0.0006130816782659032,0.006317468693200601,1577.4486328125,1532.9627563476563,1513.3920166015625,1494.8558288574218,1499.2426953125,1499.397998046875,1
2024-06-27,1554.142822265625,1606.010610596547,1543.0923145121203,1582.9140516608202,886087,Information Technology,-0.01980984452428214,0.003186186684365655,-0.010306842159847562,-0.02205120165989516,1579.1410400390625,1540.8623779296875,1521.2501708984375,1499.0993286132812,1501.4229345703125,1501.5102091471354,0
2024-06-28,1627.4647216796875,1691.1296793095178,1558.8220465955685,1572.261883722148,4102178,Information Technology,0.04717835347151311,-0.00672946704054822,0.053000315285185895,0.010193642943793435,1588.3000244140626,1555.5317138671876,1531.7664225260417,1507.32998046875,1506.603740234375,1506.2058553059896,1
2024-07-01,1655.3897705078125,1711.7872122243923,1637.669047703297,1642.64676517352,2009863,Information Technology,0.017158620064773977,0.04476663982004303,0.012215226997440487,0.05058114316507689,1598.9125244140625,1573.7352416992187,1540.9320719401042,1517.5616821289063,1511.0339111328126,1510.632706705729,1
2024-07-02,1656.18603515625,1697.4015576952836,1628.7090606389936,1679.133359957313,1000624,Information Technology,0.0004810133919053161,0.022212075996715486,-0.008403880123870722,-0.005471183006645397,1615.7471435546875,1588.9521118164062,1552.9814615885416,1528.4827880859375,1515.505888671875,1515.4909586588542,1
2024-07-03,1713.5792236328125,1728.163959993975,1667.5851632342792,1670.2232562486035,2052388,Information Technology,0.0346538294963632,-0.005306370489200352,0.018123232042075,0.02386927385301907,1641.3525146484376,1609.4005737304688,1569.09267578125,1545.3821411132812,1524.155166015625,1522.927665201823,1
2024-07-04,1733.8883056640625,1766.1936425960405,1717.3124826135754,1727.2180915114632,1335556,Information Technology,0.011851848896833772,0.034124081945112295,0.022005830165673812,0.029819957910185657,1677.301611328125,1628.2213256835937,1586.3421223958333,1560.2630310058594,1534.73978515625,1530.7360473632812,1
2024-07-05,1686.4007568359375,1739.114854751504,1672.6125045359647,1739.114854751504,847290,Information Technology,-0.02738789382972262,0.006887817640695459,-0.0153317208212429,-0.02602902996988754,1689.088818359375,1638.6944213867187,1600.0507486979166,1571.097021484375,1543.681748046875,1537.017919921875,0
2024-07-08,1675.4498291015625,1693.3199072491875,1646.3800084769944,1686.4008072380684,836199,Information Technology,-0.006493668654965146,-0.030310848860507167,-0.02633233071248764,-0.01568354654041526,1693.100830078125,1646.0066772460937,1613.523771158854,1578.9742614746094,1552.66951171875,1541.378397623698,0
2024-07-09,1711.8868408203125,1742.0020311109968,1683.7627374909955,1724.281308544304,868757,Information Technology,0.021747599412325513,0.022462335847831527,0.02874951369401524,0.0227060149063536,1704.2409912109374,1659.9940673828125,1627.38173828125,1590.7963439941407,1563.6344287109375,1546.961739095052,1
2024-07-10,1693.618408203125,1726.1727507743258,1653.4980815129832,1722.2901071523647,731828,Information Technology,-0.01067151880695194,-0.0011548007752982814,-0.009086832307867998,-0.017974418428519323,1700.248828125,1670.8006713867187,1639.6833251953126,1601.8817138671875,1576.355478515625,1553.5041097005208,0
2024-07-11,1702.22998046875,1732.7932379601154,1688.4417276934946,1705.4654967511815,895755,Information Technology,0.005084718153696599,-0.009768743564927629,0.003835356097945608,0.021133164030367357,1693.9171630859375,1685.6093872070312,1650.1199381510417,1613.2358825683593,1586.993857421875,1561.2693481445312,1
2024-07-12,1857.236083984375,1920.1045540136704,1695.3109217018127,1710.7418447798834,6254949,Information Technology,0.09106061184102776,0.0030937876132663966,0.10809790340252157,0.004068363092223359,1728.084228515625,1708.5865234375,1668.4910237630208,1632.0591186523438,1602.494462890625,1574.4154947916666,1
2024-07-15,1832.2977294921875,1882.9210898892784,1818.957422885816,1873.9114945345325,1700105,Information Technology,-0.013427670670002612,0.09537946958656618,-0.01936533302140553,0.07293440961253439,1759.45380859375,1726.2773193359376,1683.8223876953125,1650.006280517578,1615.0701708984375,1587.1335611979166,0
2024-07-16,1860.3720703125,1877.445665463552,1809.151406385649,1839.7643686893264,1784986,Information Technology,0.01532193178457586,-0.01822237920243297,-0.0029079415250738982,-0.005391009364369648,1789.1508544921876,1746.6959228515625,1703.0463297526042,1667.8240173339843,1630.46724609375,1601.2204996744792,1
2024-07-18,1850.0184326171875,1873.6127636552487,1803.9247224991025,1851.7108078633169,1095617,Information Technology,-0.005565358597096837,0.0064934615417633346,-0.0020415513901739235,-0.0028890251352640117,1820.430859375,1760.33984375,1720.677400716146,1684.8702087402344,1645.59154296875,1617.0347086588542,0
2024-07-19,1811.5904541015625,1900.4925370541127,1801.9337307846752,1841.8052964769247,1929316,Information Technology,-0.020771673318552675,-0.0053493835777855825,0.014346493533927474,-0.0011036999990049479,1842.3029541015626,1768.11005859375,1737.840576171875,1698.1656921386718,1659.049296875,1629.5453735351562,0
2024-07-22,1817.26513671875,1845.6381265860584,1763.0577200038456,1791.9783074089405,860662,Information Technology,0.0031324312867402337,-0.027053342263319125,-0.028863260127862556,-0.021574606278056963,1834.3087646484375,1781.1964965820312,1750.4939371744792,1709.945458984375,1672.5090478515624,1641.1301798502604,1
2024-07-23,1786.5028076171875,1822.6410852143376,1697.9492620579977,1817.265126018504,1082313,Information Technology,-0.01692781558397516,0.014111118703287184,-0.012460211479408012,-0.03692928326005451,1825.1497802734375,1792.3017944335938,1759.2348063151042,1719.1542358398438,1685.03498046875,1650.0834391276042,0
2024-07-24,1845.5882568359373,1877.0972322958864,1782.9685476134605,1801.933699525619,2107689,Information Technology,0.03307324733374317,-0.008436538110691116,0.029877603178875445,0.05007174681557647,1822.193017578125,1805.6719360351562,1771.86162109375,1732.8330017089843,1698.6978173828124,1662.421541341146,1
2024-07-25,1766.044189453125,1839.6148720029248,1754.1973200556224,1839.6148720029248,1828473,Information Technology,-0.04309957385575369,0.020911519933960898,-0.01996825718352202,-0.016136699436649637,1805.3981689453126,1812.9145141601562,1775.359285481771,1741.8575927734375,1708.97580078125,1672.2259806315103,0
2024-07-26,1780.9774169921875,1806.911372631384,1770.225620583219,1796.9559380714315,621852,Information Technology,0.008455749651251177,-0.023189056894852844,-0.017777361919201096,0.009137113792357487,1799.2755615234375,1820.7892578125,1778.4985595703124,1753.1993225097656,1718.387666015625,1682.420340983073,1
2024-07-29,1791.48046875,1830.8044356939429,1766.293170426017,1791.9782404834675,982427,Information Technology,0.005897352575952697,-0.00277007214395375,0.013223151630156416,-0.0022214400873412643,1794.1186279296876,1814.2136962890625,1785.5038736979166,1761.4001098632812,1726.7800927734374,1692.7773111979166,1
2024-07-30,1828.7137451171875,1833.741166507088,1779.5338755247,1791.9781683605372,690502,Information Technology,0.02078352346937229,-4.024765964949495e-08,0.001604065817129241,0.007496323555103546,1802.5608154296874,1813.8552978515625,1795.7214680989584,1770.06630859375,1735.8355517578125,1704.6226196289062,1
2024-07-31,1834.388427734375,1901.4880839008488,1821.9441339915684,1831.8000389411325,1678695,Information Technology,0.003103100543942139,0.022222296724199397,0.0369446455318474,0.023832228793263965,1800.320849609375,1811.25693359375,1803.8882405598958,1778.9764282226563,1746.3305712890624,1715.634989420573,1
2024-08-01,1832.2479248046875,1891.4330568198925,1822.8400876542405,1865.150684991928,1107361,Information Technology,-0.001166875508657239,0.018206488340328786,-0.0052879779610970346,0.0004917569347799855,1813.5615966796875,1809.4798828125,1813.1302083333333,1784.90986328125,1756.1983935546875,1726.4067667643228,0
2024-08-02,1815.8214111328125,1866.5941266386703,1792.426140262466,1810.097036345388,700480,Information Technology,-0.008965224328812416,-0.02951699778979433,-0.013132333757021497,-0.01668492348712458,1820.5303955078125,1809.902978515625,1820.702970377604,1789.0065185546875,1766.665537109375,1735.4114542643229,0
2024-08-05,1717.9595947265625,1776.945544685976,1704.3704022028044,1761.6639768920463,990245,Information Technology,-0.0538939654562165,-0.026757161898418813,-0.0480278924450126,-0.0491265643150951,1805.826220703125,1799.9724243164062,1811.41787109375,1790.5844604492188,1770.28533203125,1739.9544474283855,0
2024-08-06,1684.40966796875,1786.9506418791284,1677.490689698909,1751.9075615416348,893983,Information Technology,-0.019528938201339052,-0.005538181786304053,0.005630502984783625,-0.015771050981145285,1776.9654052734375,1789.7631103515625,1801.5586669921875,1791.032452392578,1771.4461279296875,1742.69052734375,0
2024-08-07,1731.4990234375,1742.2011160072589,1692.4239412641944,1722.290246110033,527624,Information Technology,0.027955999282250454,-0.016905752382014527,-0.02504239614856496,0.008902136779051606,1756.3875244140625,1778.3541870117188,1792.967130533854,1792.0130615234375,1774.4586474609375,1748.006730143229,1
2024-08-08,1700.68701171875,1764.1030841349757,1696.4061260530466,1764.1030841349757,590227,Information Technology,-0.0177949922591234,0.024277463174039005,0.012571435023478461,0.002352947563408758,1730.075341796875,1771.8184692382813,1783.0117024739584,1792.3664916992188,1773.942958984375,1751.844551595052,0
2024-08-09,1755.1405029296875,1761.828605116185,1727.739097495193,1738.9192413499306,542188,Information Technology,0.032018525946114984,-0.01427572062626592,-0.0012893118544181625,0.018470206491795427,1717.93916015625,1769.2347778320313,1779.2483723958333,1795.0120178222655,1774.793046875,1758.5444742838542,1
2024-08-12,1800.260498046875,1824.6673306310904,1712.9652046296358,1739.9174543528293,1157547,Information Technology,0.025707340832185732,0.0005740421861821776,0.035666764254154826,-0.00855099759389355,1734.3993408203125,1770.1127807617188,1778.1147298177084,1792.1632385253906,1779.3474365234374,1764.3043334960937,1
2024-08-13,1745.5574951171875,1818.2786337828547,1737.4218842157884,1801.8078144266003,537720,Information Technology,-0.030386159663579493,0.03557085993875009,-0.003501294039185754,0.014277394263499055,1746.62890625,1761.7971557617188,1775.3850423177084,1787.8262268066405,1782.1517431640625,1767.3099243164063,0
2024-08-14,1784.388671875,1790.3780605571624,1739.2186988970252,1766.8696612379051,676739,Information Technology,0.022245716263391113,-0.019390610313128054,-0.015344498201382062,0.0010341844416492663,1757.2068359375,1756.7971801757812,1771.305069986979,1784.0270568847657,1785.05181640625,1771.5833455403647,1
2024-08-16,1812.189453125,1852.6676665254963,1790.5277568967956,1796.8166639624355,1030355,Information Technology,0.015580003218013783,0.01694918611231855,0.03479131438247718,0.029501211108361236,1779.50732421875,1754.7913330078125,1774.3814208984375,1782.1356079101563,1789.794658203125,1774.8703531901042,1
2024-08-19,1831.2056884765625,1842.1862347489607,1797.814894235449,1828.6602713169816,590083,Information Technology,0.010493513974916047,0.017722235102340944,-0.005657480813163085,0.004069826513766417,1794.720361328125,1756.3297607421875,1777.7299723307292,1783.1163696289063,1794.9536865234375,1778.1142659505208,1
2024-08-20,1824.6173095703125,1895.641500754621,1817.829408904593,1837.794037664516,1145083,Information Technology,-0.003597836631739071,0.0049947857952621355,0.02901729748998183,0.011132689318193556,1799.5917236328125,1766.9955322265625,1779.9390950520833,1783.4839782714844,1793.648935546875,1782.721484375,0
2024-08-21,1827.1129150390625,1851.719344718471,1814.7847809693687,1838.7423358336512,369853,Information Technology,0.0013677418577913159,0.0005159980659967811,-0.023170075153274183,-0.001674869996222017,1815.9028076171876,1781.2658569335938,1779.832373046875,1785.5144836425782,1793.44154296875,1787.7769205729167,1
2024-08-22,1829.159423828125,1865.6447120176724,1825.915171455152,1843.7335793481336,419630,Information Technology,0.001120077895688576,0.0027144877328446615,0.007520236443454564,0.006133173807991721,1824.8569580078124,1791.0318969726563,1779.4837727864583,1784.6930419921875,1792.193037109375,1791.6860066731772,1
2024-08-23,1823.269775390625,1850.9706986137785,1804.8524535570016,1839.740594604392,385173,Information Technology,-0.003219866109414271,-0.002165705928702133,-0.007865384716270074,-0.011535430685624126,1827.0730224609374,1803.2901733398437,1778.8852294921876,1787.5543212890625,1791.1230908203124,1796.0077189127603,0
2024-08-26,1843.334228515625,1859.2061334350296,1818.6779596757349,1841.7370825168484,543244,Information Technology,0.011004654053841989,0.001085200771408612,0.004449251858724024,0.0076601863445879825,1829.49873046875,1812.1095458984375,1780.7194173177083,1790.6721618652343,1792.392841796875,1800.7111938476562,1
2024-08-27,1853.5660400390625,1905.623834428516,1823.569258136224,1836.745864509413,1048434,Information Technology,0.005550708799932025,-0.0027100600052070156,0.0249664091349171,0.002689480253756038,1835.2884765625,1817.4401000976563,1789.7598470052083,1793.7764404296875,1793.8448779296875,1800.5888590494792,1
2024-08-28,1843.783447265625,1917.6026142033647,1839.341244203358,1860.703421590356,1230446,Information Technology,-0.005277714719693183,0.013043479527496737,0.006286014877873836,0.00864896465915077,1838.6225830078124,1827.2626953125,1800.384765625,1794.5299255371094,1796.136103515625,1800.9717163085938,0
2024-08-29,1854.5643310546875,1872.682256790578,1835.0988171914591,1843.733543865777,466882,Information Technology,0.005847152931680144,-0.009120141086253697,-0.02342526917728882,-0.0023064926235242256,1843.703564453125,1834.2802612304688,1808.5891194661458,1795.538720703125,1796.495146484375,1800.778125,1
2024-08-30,1811.9398193359373,1865.6945579096405,1803.8042087440983,1863.6980950333325,837332,Information Technology,-0.022983571400033154,0.01082832778845888,-0.0037313852126271696,-0.017053364186270792,1841.4375732421875,1834.2552978515625,1816.0059733072917,1794.5233154296875,1798.3309716796875,1799.508837890625,0
2024-09-02,1763.17626953125,1821.0736939811115,1760.880288440606,1811.9398517875325,1040685,Information Technology,-0.026912345147621308,-0.027771795970459645,-0.023916489298507093,-0.023796330053680426,1825.4059814453126,1827.4523559570312,1816.5416910807292,1791.8910583496095,1797.61892578125,1797.8950317382812,0
2024-09-03,1766.1710205078125,1776.4028932600886,1747.903335535148,1763.8750393435787,510324,Information Technology,0.0016984977783069954,-0.02652671521989891,-0.024529924773865952,-0.007369582697157706,1807.9269775390626,1821.6077270507812,1814.2690592447916,1794.3016296386718,1796.6065478515625,1796.19189453125,1
2024-09-04,1746.6055908203125,1771.5613780918743,1741.913951555031,1756.887423917968,394125,Information Technology,-0.011077879469381435,-0.003961513865637145,-0.0027254600781071447,-0.0034266105329464613,1788.49140625,1813.5569946289063,1814.3389322916667,1797.41142578125,1793.3222216796876,1794.8619873046875,0
2024-09-05,1719.85302734375,1754.292013125028,1712.416129765281,1748.9015388057685,714635,Information Technology,-0.015316888722426425,-0.0045454734341432435,-0.00974810423189909,-0.01693414405655158,1761.5491455078125,1802.6263549804687,1810.0365559895833,1796.8291259765624,1788.7408056640625,1790.6708129882813,0
2024-09-06,1727.239990234375,1745.5575136450236,1712.6158745828634,1724.944009073119,697793,Information Technology,0.004295112880682517,-0.013698615502968026,-0.00497893133791627,0.00011664502226427231,1744.6091796875,1793.0233764648438,1804.3732584635416,1798.1567749023438,1784.54048828125,1789.3773396809895,1
2024-09-09,1747.304443359375,1761.87859890007,1704.1309309500673,1715.211276237986,387867,Information Technology,0.011616482502977199,-0.005642347104566459,0.00935007017956413,-0.004954376377518277,1741.434814453125,1783.4203979492188,1798.7798421223958,1797.7649719238282,1781.7998095703124,1788.2549072265624,1
2024-09-10,1753.2437744140625,1771.8108549239817,1724.9439373133994,1769.5648341722715,636244,Information Technology,0.003399139215412683,0.03168913281254793,0.005637310101906046,0.01221326717644211,1738.849365234375,1773.3881713867188,1794.0216064453125,1795.4141357421875,1783.2111767578126,1786.980350748698,1
2024-09-11,1786.1854248046875,1794.82015123798,1737.5716018193775,1746.9050415275112,584091,Information Technology,0.018788973257089836,-0.012805290999896912,0.012986316372345375,0.0073206231419009615,1746.76533203125,1767.628369140625,1791.293107096354,1797.4455322265626,1787.28220703125,1785.5627400716146,1
2024-09-12,1834.7994384765625,1846.6782957210423,1799.312260274182,1800.310491763932,1070697,Information Technology,0.02721666686827362,0.030571467233114547,0.02889322612479761,0.035532727624091764,1769.7546142578126,1765.6518798828124,1791.6691080729167,1799.9660705566407,1791.4142236328125,1785.5764404296874,1
2024-09-13,1822.8206787109373,1856.6606290661448,1813.0379612724164,1842.7353483875463,424813,Information Technology,-0.00652864804426323,0.023565299884491964,0.005405561633681666,0.00762830404776027,1788.870751953125,1766.7399658203126,1791.6391682942708,1800.4976318359375,1796.2995703125,1785.2621988932292,0
2024-09-16,1754.7412109375,1828.760100739519,1744.9586153889973,1828.760100739519,724800,Information Technology,-0.037348417520467136,-0.007583968940659935,-0.015027263404976177,-0.03754987338248561,1790.35810546875,1765.8964599609376,1785.7329671223958,1796.6744079589844,1796.2835986328125,1783.226192220052,0
2024-09-17,1738.07080078125,1765.3224476214978,1727.988687001061,1754.8909771871577,613375,Information Technology,-0.009500210089294914,-0.04039300918829647,-0.034688887346332686,-0.009725117970292518,1787.3235107421874,1763.0864379882812,1778.0332845052083,1792.3470825195313,1793.7960107421875,1783.8965657552083,0
2024-09-18,1724.1953125,1756.2884787419955,1712.965208423795,1736.9227637863655,578778,Information Technology,-0.007983269884640487,-0.010238934289577672,-0.00511746105742561,-0.008694199615009834,1774.92548828125,1760.84541015625,1770.0607421875,1787.2012023925781,1792.9415234375,1785.22275390625,0
2024-09-19,1673.485107421875,1747.903312620445,1663.1534360271287,1736.9227663961017,764506,Information Technology,-0.029410940112461925,1.5025056754325306e-09,-0.004774367208487784,-0.02907926684774953,1742.6626220703124,1756.2086181640625,1757.9887939453124,1779.4174865722657,1788.505380859375,1783.288956705729,0
2024-09-20,1659.0606689453125,1692.9007394517248,1623.2241355400492,1678.5261822091113,1393739,Information Technology,-0.008619400562688284,-0.0336207143557431,-0.03146774353683246,-0.024008188073411207,1709.9106201171876,1749.3906860351562,1747.7968505859376,1771.20703125,1782.3802294921875,1781.9014119466146,0
2024-09-23,1689.9061279296875,1693.6494960485045,1645.085509282831,1677.0289172300704,921087,Information Technology,0.018592122374876174,-0.0008920116915127618,0.00044229208442669865,0.013467871296472866,1696.943603515625,1743.6508544921876,1742.9121744791667,1763.535626220703,1776.7282470703126,1779.726932779948,1
2024-09-24,1657.962646484375,1698.8901361024452,1627.117270181822,1694.997009060573,2478741,Information Technology,-0.01890251826262479,0.010714240908964223,0.003094288438173276,-0.010922373943250019,1680.92197265625,1734.1227416992188,1735.6982828776042,1753.7554565429687,1770.062060546875,1774.9836710611978,0
2024-09-25,1651.823486328125,1675.3817240979524,1647.2316460444645,1669.042978782671,793279,Information Technology,-0.003702833817919693,-0.015312139277630088,-0.01383751162298541,0.012361970603627537,1666.447607421875,1720.6865478515624,1729.3794759114583,1744.1574584960938,1763.0504833984376,1771.8592041015625,0
2024-09-26,1679.4744873046875,1683.267815630979,1651.8734846534946,1651.8734846534946,515725,Information Technology,0.016739682663084343,-0.010287029361999545,0.004707041636897724,0.0028179634723366487,1667.6454833984376,1705.154052734375,1726.6875732421875,1735.4029663085937,1757.0630859375,1768.3620646158854,1
2024-09-27,1668.0447998046875,1710.66923517522,1658.0624850242884,1696.993512667845,932127,Information Technology,-0.006805514216737474,0.02731445745302641,0.016278704606473626,0.0037466551938099,1669.4423095703125,1689.67646484375,1722.7412272135416,1728.2082153320312,1750.8540869140625,1763.5572428385417,0
2024-09-30,1625.120849609375,1649.7272799648254,1622.126155169063,1634.9035668561662,990112,Information Technology,-0.02573309194113882,-0.03658820457956091,-0.03562462804456312,-0.021673688524892376,1656.48525390625,1676.7144287109375,1714.595654296875,1721.3054443359374,1742.1255517578124,1756.6877482096354,0
2024-10-01,1669.5421142578125,1672.0376929039378,1625.420332536088,1638.596939045859,581017,Information Technology,0.027334130048922045,0.0022590764767826954,0.01352369764994621,0.00203077754250347,1658.8011474609375,1669.8615600585938,1709.0155436197917,1716.4739990234375,1734.7645947265626,1751.518575032552,1
2024-10-03,1673.0859375,1710.2700605012494,1637.1496038612088,1664.6009698352857,2440970,Information Technology,0.002122631835353772,0.015869693253893535,0.022865733086980145,0.007216146550117264,1663.0536376953125,1664.7506225585937,1701.4755777994792,1712.7980163574218,1727.9366943359375,1746.3843424479167,1
2024-10-04,1688.259033203125,1694.3981813311136,1640.8430367051808,1671.1393385177178,631401,Information Technology,0.009068927879339661,0.0039278895068042274,-0.009280335039884902,0.0022560142550571705,1664.810546875,1666.2280151367188,1691.7062174479167,1711.2183166503905,1721.284482421875,1741.6876627604167,1
2024-10-07,1702.9329833984375,1716.5588677820522,1638.8965299796737,1695.9953231960003,1056320,Information Technology,0.00869176465620436,0.014873675764421668,0.01307879499347031,-0.0011862845390840926,1671.78818359375,1670.6152465820312,1683.7137044270833,1710.0029663085938,1716.924208984375,1737.6764363606771,1
2024-10-08,1710.96875,1724.394914611496,1682.569113247314,1696.9935093348893,604128,Information Technology,0.004718780292531477,0.0005885547708988081,0.00456497413314394,0.026647553685516634,1688.957763671875,1672.7215087890625,1680.7955403645833,1708.186181640625,1714.835908203125,1733.2642537434897,1
2024-10-09,1738.4700927734375,1764.7235077363637,1711.0187269149376,1726.391394312154,668805,Information Technology,0.016073550597249353,0.017323510558851174,0.023387098154342256,0.01690843689191257,1702.743359375,1680.7722534179688,1680.822159830729,1707.4474975585938,1713.72787109375,1729.4277221679688,1
2024-10-10,1728.6873779296875,1771.711130656402,1722.3486323569591,1746.905102570783,500994,Information Technology,-0.005627197663287564,0.011882420363200419,0.003959613440522203,0.006621730822578442,1713.8636474609375,1688.458642578125,1681.121630859375,1704.5725952148437,1713.011142578125,1725.5911865234375,0
2024-10-11,1785.8861083984375,1793.8220000575875,1718.006366604383,1731.9316472453615,779711,Information Technology,0.03308795517281582,-0.00857141885004864,0.012479951736259487,-0.0025211305487170543,1733.3890625,1699.0998046875,1688.6150309244792,1702.1269287109376,1715.6524658203125,1723.301912434896,1
2024-10-14,1788.53125,1798.56352486911,1754.9408590074224,1786.8343052674938,395373,Information Technology,0.0014811367808524878,0.031700245277840544,0.0026432526813531254,0.021498460728082147,1750.5087158203125,1711.1484497070312,1697.2464029947917,1700.4124572753906,1718.1041162109375,1722.5216267903645,1
2024-10-15,1787.0838623046875,1798.0144479951118,1756.9871595657048,1796.8166189908882,428986,Information Technology,-0.000809260500934772,0.005586591713605982,-0.00030528633901782953,0.001166022517385512,1765.73173828125,1727.3447509765624,1703.7249186197917,1702.02958984375,1719.69529296875,1723.3185465494792,0
2024-10-16,1758.334716796875,1811.790059015379,1746.9549758932098,1796.8165874532683,498761,Information Technology,-0.016087183211836886,-1.755194134478444e-08,0.007661568590634937,-0.005709878764836751,1769.7046630859375,1736.2240112304687,1710.4163899739583,1703.0427856445312,1719.8989306640624,1723.0573364257812,0
2024-10-17,1789.0303955078125,1819.676174813116,1751.896233488461,1758.3347777415618,863815,Information Technology,0.017457244299228236,-0.021416659875256983,0.004352665342485906,0.002828497393142282,1781.7732666015625,1747.81845703125,1719.5635172526042,1706.2845397949218,1720.0127294921874,1724.4714965820312,1
2024-10-18,1783.1907958984375,1799.2622984994978,1765.8715039362012,1776.8520503145496,344483,Information Technology,-0.0032641142509585164,0.01053114162751867,-0.011218411603215461,0.007977225009446975,1781.2342041015625,1757.3116333007813,1726.477937825521,1711.76982421875,1717.9483837890625,1726.5827555338542,0
2024-10-21,1722.9974365234375,1794.4208233892182,1711.9669303007213,1786.8342887686829,512449,Information Technology,-0.03375598366335908,0.005617934510848022,-0.0026908111809584856,-0.03052576221730985,1768.12744140625,1759.3180786132812,1730.141446940104,1714.9666625976563,1713.9554541015625,1726.441337076823,0
2024-10-22,1686.911376953125,1741.8639459847689,1678.0270925443783,1731.7319940992886,719299,Information Technology,-0.02094376857758118,-0.030837943404010693,-0.029289047875170282,-0.01982505453559269,1748.0929443359375,1756.9123413085938,1734.2608154296875,1714.8169250488281,1711.2422607421875,1724.4282348632812,0
2024-10-23,1631.6593017578125,1740.067215276586,1618.133216566641,1669.4921770737,1734704,Information Technology,-0.032753395317724365,-0.035940790629072406,-0.0010314988793037605,-0.035693032754864906,1722.757861328125,1746.2312622070312,1731.7352945963542,1713.5017578125,1706.98580078125,1720.375419108073,0
2024-10-24,1408.3548583984375,1597.1703671055868,1390.9856062852784,1597.1703671055868,10867415,Information Technology,-0.13685727352444566,-0.04331964591465143,-0.08212145307748098,-0.1403763348751501,1646.62275390625,1714.1980102539062,1714.0865559895833,1701.3283264160157,1694.3521826171875,1707.7810668945312,0
2024-10-25,1371.1707763671875,1433.4604468985688,1336.0829144555737,1432.4622153895866,4221806,Information Technology,-0.026402494946149657,-0.10312497345820815,-0.10249997343971218,-0.03947035223198758,1564.21875,1672.7264770507813,1692.9473388671875,1685.9131408691405,1682.259609375,1692.326778157552,0
2024-10-28,1383.79833984375,1420.4833454266231,1369.6235020745864,1383.4988216686506,1600468,Information Technology,0.009209329497247731,-0.03418128114996699,-0.00905298887040995,0.025103672276716393,1496.3789306640624,1632.2531860351562,1671.6716959635417,1671.7008178710937,1671.2491162109375,1677.6927001953125,1
2024-10-29,1366.329345703125,1383.4988785110108,1306.734974763818,1383.4988785110108,3516672,Information Technology,-0.012623945005308723,4.108594775509289e-08,-0.026036536813111688,-0.045916653164545185,1432.2625244140625,1590.177734375,1648.6957356770833,1658.7612426757812,1658.306044921875,1664.7456380208334,0
2024-10-30,1382.85009765625,1405.859259819331,1358.8425821734172,1366.5788760296846,1052040,Information Technology,0.012091339474688212,-0.012229863532333574,0.01616219691654952,0.03987618638509116,1382.50068359375,1552.6292724609375,1624.9877360026042,1644.4266418457032,1647.30154296875,1652.9049479166667,1
2024-10-31,1390.7860107421875,1427.3712188874863,1375.612940974516,1392.5329158337352,1490812,Information Technology,0.005738809361468533,0.018991980821081222,0.01530164482532892,0.01234164944571825,1378.9869140625,1512.804833984375,1602.4609781901042,1630.3116455078125,1636.8600439453126,1641.7913045247396,1
2024-11-01,1421.731201171875,1425.7241271361984,1414.0448674323245,1422.4798747901857,264384,Information Technology,0.02225014501919942,0.021505386778251312,-0.0011539336995821659,0.02793803788337601,1389.0989990234375,1476.6588745117188,1578.183984375,1616.98525390625,1626.5503125,1633.3995076497397,1
2024-11-04,1401.11767578125,1437.4033655743217,1388.040867812443,1427.5209714423709,1188723,Information Technology,-0.014498890770374917,0.0035438790674833243,0.008191794061578328,-0.018389798102446786,1392.5628662109375,1444.4708984375,1552.3564127604166,1601.8944885253907,1615.8732275390626,1624.801407877604,0
2024-11-05,1387.541748046875,1419.984270932863,1375.562970365895,1408.5545693040322,1105342,Information Technology,-0.00968935584001196,-0.013286251142899164,-0.012118445704695335,-0.008989574972827152,1396.8053466796875,1414.533935546875,1525.7202718098958,1585.7231384277343,1606.3700634765626,1614.7225952148438,0
2024-11-06,1485.4183349609375,1501.2901172871398,1392.3332536868288,1405.9590152852377,2696087,Information Technology,0.07053956181991294,-0.00184270746434545,0.05725827251654181,0.01219157805365545,1417.318994140625,1399.9098388671875,1507.5258463541666,1573.0705505371093,1599.0051123046876,1608.9711181640625,1
2024-11-07,1439.0006103515625,1517.3118196711066,1432.4621455447618,1508.2279377531715,1185243,Information Technology,-0.03124892396766843,0.07273961854939692,0.010671956205852151,0.028821326899773236,1426.9619140625,1402.9744140625,1484.19052734375,1558.5862121582031,1589.64169921875,1601.877022298177,0
2024-11-08,1419.83447265625,1455.6210456196518,1413.4957273458874,1449.082702761886,669624,Information Technology,-0.013319061546909317,-0.039215050663625184,-0.040657940742086174,-0.013240432396670054,1426.582568359375,1407.8407836914062,1459.9667724609376,1540.2836303710938,1578.904716796875,1593.2223551432292,0
2024-11-11,1404.9608154296875,1422.4298659273963,1398.522271273731,1419.8344885100505,374499,Information Technology,-0.01047562762632226,-0.020183950989194455,-0.0228020746142249,-0.010593209291316463,1427.3511962890625,1409.95703125,1438.7643310546875,1521.1051086425782,1566.985830078125,1584.4528889973958,0
2024-11-12,1387.9410400390625,1428.4192524452108,1382.5505658087066,1427.4709813042964,503631,Information Technology,-0.012114056992699629,0.0053784387236990305,0.004210672639321622,-0.01142041552937001,1427.4310546875,1412.1182006835938,1418.8329752604166,1501.147967529297,1554.0647216796874,1576.546895345052,0
2024-11-13,1355.54833984375,1444.8900540294003,1336.6319027328038,1395.527557894294,1283088,Information Technology,-0.023338671644438702,-0.02237763417145988,0.011530789406537512,-0.033213008053013304,1401.4570556640624,1409.3880249023437,1400.4255777994792,1481.0086486816406,1538.7478515625,1566.0804361979167,0
2024-11-14,1354.5501708984375,1365.3311197265164,1338.6284273831172,1352.6036682357374,1185496,Information Technology,-0.0007363580596672081,-0.03075818131698116,-0.055062275555856965,0.0014936981873854283,1384.5669677734375,1405.7644409179688,1396.8385986328126,1459.2846374511719,1523.78236328125,1555.462577311198,0
2024-11-18,1323.4053955078125,1354.0012149926447,1320.909816787262,1347.8620669692052,864715,Information Technology,-0.02299270714348478,-0.003505536305928314,-0.008298283522711447,-0.013236391991535257,1365.28115234375,1395.9318603515626,1393.6542399088542,1436.2953674316407,1505.283134765625,1543.3007893880208,0
2024-11-19,1302.8917236328125,1337.630229069832,1299.4978339679726,1319.7618605942066,1566382,Information Technology,-0.01550067118105447,-0.020847983679950666,-0.012090820703511418,-0.01621002626157164,1344.867333984375,1386.1092651367187,1388.2604654947916,1415.2900817871093,1485.8575537109375,1529.9660807291666,0
2024-11-21,1287.918212890625,1318.9633095500851,1280.980552813341,1306.1359374874248,1017236,Information Technology,-0.0114925211900474,-0.01032453165501157,-0.013955216556916228,-0.014249566771565636,1324.8627685546876,1376.1469116210938,1383.033056640625,1395.3404235839844,1465.890927734375,1515.864396158854,0
2024-11-22,1306.1358642578125,1314.071877229342,1282.777346307677,1282.777346307677,1208515,Information Technology,0.014145037460336463,-0.01788373668416332,-0.0037085431302950056,0.001402670392137928,1314.9802734375,1358.2186645507813,1377.9187744140625,1379.0642517089843,1447.8029736328126,1501.4532552083333,1
2024-11-25,1363.7838134765625,1376.3616277394588,1306.1359449045317,1306.1359449045317,1165869,Information Technology,0.04413625779390684,0.018209394377044275,0.04740208780774746,0.018209394377044275,1316.827001953125,1350.6969848632812,1376.1186279296876,1376.8356994628907,1430.7931103515625,1489.2898030598958,1
2024-11-26,1388.8892822265625,1417.4386768866095,1363.9334963603633,1372.5682226409529,1315079,Information Technology,0.01840868655421346,0.05086168709741523,0.02984466314613532,0.044250793098000285,1329.923779296875,1347.6024658203125,1373.9291666666666,1377.7216247558595,1415.0210498046874,1476.0565755208333,1
2024-11-27,1410.7506103515625,1421.9807142726345,1375.5129910841172,1402.515200809443,1031365,Information Technology,0.015740151792339896,0.021818207411846702,0.0032043978057672007,0.008489779563779054,1351.495556640625,1348.1814453125,1374.5713623046875,1379.06923828125,1402.5311767578125,1463.463887532552,1
2024-11-28,1408.6043701171875,1420.3335896163264,1393.6308984161592,1417.488654364016,933891,Information Technology,-0.0015213463092814683,0.010676143506987312,-0.001158331220512121,0.013171745704678717,1375.6327880859376,1350.2477783203126,1375.975537109375,1381.1829895019532,1391.398896484375,1450.8479044596354,0
2024-11-29,1366.3792724609375,1406.5081284484995,1353.60186101928,1399.5205082219989,1813988,Information Technology,-0.0299765488110314,-0.012676042299667567,-0.009733953536620654,-0.02872284005928083,1387.6814697265625,1351.3308715820312,1368.039599609375,1380.3594482421875,1380.7876953125,1437.7827229817708,0
2024-12-02,1338.8779296875,1367.4273247306412,1337.6301403774464,1358.5930007863467,1447488,Information Technology,-0.020127166247118078,-0.029243949763657184,-0.027785693468382444,-0.011799422785815805,1382.70029296875,1349.7636474609376,1361.3647542317708,1377.7640441894532,1378.0086181640625,1422.7776407877604,0
2024-12-03,1428.169677734375,1441.3464059036348,1363.334594208985,1372.4184759756083,5284048,Information Technology,0.06669147804065756,0.010176318574627974,0.05405704554540347,0.01921641345812186,1390.5563720703126,1360.2400756835937,1361.9204345703124,1378.0859680175781,1380.28857421875,1410.943603515625,1
2024-12-04,1454.572998046875,1460.4126277239632,1424.0769781656877,1447.4356187284666,2059361,Information Technology,0.018487523383345916,0.05466054564700529,0.013228063526043998,0.04455427465474515,1399.320849609375,1375.408203125,1365.2279134114583,1380.7587341308595,1383.119560546875,1401.9961222330728,1
2024-12-05,1490.4593505859375,1495.350709051852,1456.3697222670414,1461.909955545018,2083780,Information Technology,0.02467140018909242,0.00999998661720558,0.023923431408792606,0.022676263008583275,1415.691845703125,1395.6623168945312,1372.0624674479166,1385.9046142578125,1388.0847607421874,1395.4477213541666,1
2024-12-06,1478.4805908203125,1501.0905577569129,1471.8922875561548,1497.2473910073563,1481294,Information Technology,-0.008036958378580317,0.024172101248988387,0.0038384632249248707,0.010658396045854612,1438.112109375,1412.8967895507812,1380.257950846354,1385.5577270507813,1391.90998046875,1390.3417643229166,0
2024-12-09,1531.3868408203125,1550.652756518728,1477.9316198641395,1479.3790067227394,2490954,Information Technology,0.03578420327496201,-0.011934156233590065,0.03301746087582891,0.004103107516115978,1476.6138916015625,1429.6570922851563,1392.0470621744792,1390.1770385742188,1397.534013671875,1394.4428304036458,1
2024-12-10,1536.07861328125,1541.9680813882885,1515.3153502540488,1537.326402601288,912142,Information Technology,0.0030637408758353857,0.03917008124031662,-0.005600657590121516,0.02529462790257231,1498.1956787109375,1444.376025390625,1406.2252766927083,1395.9892456054688,1402.10791015625,1399.9397583007812,1
2024-12-11,1546.11083984375,1553.1484206852826,1524.3494661798463,1539.572496608405,816840,Information Technology,0.006531063238404133,0.0014610391152563018,0.007250694376843336,0.0059618718468621434,1516.5032470703125,1457.9120483398438,1422.4398844401042,1403.0467468261718,1407.90763671875,1405.3501749674479,1
2024-12-12,1538.4742431640625,1560.585093881764,1529.540120537705,1547.258728558292,1055627,Information Technology,-0.004939229764703845,0.004992445608647422,0.004788127842411782,0.0034051603474281045,1526.1062255859374,1470.8990356445313,1439.1436197916667,1410.5734069824218,1413.9449365234375,1411.0883382161458,0
2024-12-13,1530.388671875,1542.3176112847932,1504.434653153199,1538.075127455268,800589,Information Technology,-0.0052555779370303535,-0.005935401063518975,-0.011705534461778466,-0.016413735767637272,1536.487841796875,1487.2999755859375,1454.0938069661458,1419.3154235839843,1415.74375,1416.0062906901042,0
2024-12-16,1531.636474609375,1552.2499794142836,1517.5114745415678,1532.285349453971,884651,Information Technology,0.0008153502161292181,-0.003764301169654871,0.006439898018940848,0.008692183047605662,1536.5377685546875,1506.575830078125,1465.283984375,1428.1697387695312,1419.4491845703126,1420.7013061523437,1
2024-12-17,1508.5772705078125,1547.2587389823718,1503.8356711464148,1531.2870358702958,1006052,Information Technology,-0.015055272242353368,-0.0006515193687853804,-0.0032154875168980412,-0.009011993401423446,1531.0375,1514.6165893554687,1473.26318359375,1437.4283325195313,1422.998896484375,1423.5961751302084,0
2024-12-18,1517.960693359375,1535.7791005417364,1507.1797448542957,1517.311818539772,853116,Information Technology,0.00622004787888919,-0.009126451803714963,-0.007419339863082963,0.002223696226949734,1525.407470703125,1520.9553588867188,1480.4105224609375,1448.1817810058594,1427.5188916015625,1427.4909423828126,1
2024-12-19,1510.4739990234375,1519.3083233130776,1462.409128550367,1462.409128550367,751957,Information Technology,-0.004932073912512713,-0.03618418397494727,-0.010724704628972237,-0.02970489515718422,1519.807421875,1522.9568237304688,1487.2018310546875,1459.3095703125,1432.4202099609374,1431.5886840820312,0
2024-12-20,1448.6834716796875,1533.1837929516491,1436.3553369634117,1513.3189616305988,1208534,Information Technology,-0.040908037731003155,0.034812305316157754,0.009132754310404945,-0.017815665314385387,1503.4663818359375,1519.9771118164062,1492.6887776692708,1466.4369506835938,1436.145615234375,1430.364188639323,0
2024-12-23,1413.046630859375,1472.2416849549218,1405.559894703194,1464.804909114887,935669,Information Technology,-0.024599466699922412,-0.032058048399418615,-0.03974872958929676,-0.0214399887463238,1479.7484130859375,1508.1430908203124,1497.6333577473958,1468.9000915527345,1438.4854736328125,1429.4990559895834,0
2024-12-24,1430.7652587890625,1443.442750107013,1412.4975735832802,1412.6473326792811,530205,Information Technology,0.012539308712629982,-0.03560718298460808,-0.01956128205186003,0.004935882779688372,1464.1860107421876,1497.6117553710938,1497.806396484375,1470.9938903808593,1442.7798681640625,1429.8634155273437,1
2024-12-26,1449.6317138671875,1454.073917088377,1424.0770122204522,1430.4657180957431,817454,Information Technology,0.01318626865045136,0.012613470470840715,0.007365146266158362,0.008197846745886306,1450.52021484375,1487.9638427734376,1497.4769775390625,1472.9379455566407,1448.6494677734374,1431.3524454752603,1
2024-12-27,1458.016845703125,1468.8975929850103,1447.4356166009277,1453.4250053592764,412095,Information Technology,0.00578431870365792,0.01605021845199972,0.010194582078960623,0.016402627231552724,1440.0287841796876,1479.9181030273437,1495.3141438802083,1475.4085693359375,1455.4534130859374,1433.6883056640625,1
2024-12-30,1467.550048828125,1478.2810373414843,1435.4568820661225,1458.4162063272634,829082,Information Technology,0.006538472551325558,0.0034340959798975224,0.006388086141121407,-0.00827583237376417,1443.802099609375,1473.6342407226562,1494.5854410807292,1480.467108154297,1461.90998046875,1437.4216959635417,1
2024-12-31,1462.109619140625,1466.202465745708,1425.524532403585,1466.202465745708,615533,Information Technology,-0.0037071510384564244,0.005338845923861912,-0.008170686960510709,-0.006919295024899186,1453.614697265625,1466.6815551757813,1489.9669596354167,1486.6286926269531,1465.8430126953126,1441.007010904948,0
2025-01-01,1490.4593505859375,1496.5984983618084,1455.920566857227,1465.4037656128962,966551,Information Technology,0.01938960736882067,-0.0005447406831399215,0.020731129108176205,0.021322701758342166,1465.553515625,1464.8697631835937,1486.925675455729,1489.7431762695312,1469.9058154296874,1446.5754760742188,1
2025-01-02,1481.924560546875,1497.347187839855,1470.2951396837668,1497.347187839855,507047,Information Technology,-0.005726281656529109,0.02179837596745804,0.0005002607438575613,0.009873184810878177,1472.0120849609375,1461.2661499023438,1482.646590169271,1491.1107543945313,1472.7527734375,1452.5432373046874,0
2025-01-03,1447.3856201171875,1491.3078032474982,1441.446191822017,1486.2668076145142,855167,Information Technology,-0.02330681422605052,-0.007400007369917971,-0.004033389611576621,-0.01962119514858407,1469.88583984375,1454.9573120117188,1476.5740152994792,1488.9570678710938,1474.3040234375,1457.858817545573,0
2025-01-06,1449.132568359375,1463.307528268777,1430.116332072171,1452.0774242924815,1091378,Information Technology,0.0012069680794852822,-0.02300353015143175,-0.018775651088090095,-0.007860064298012337,1466.20234375,1455.0022216796874,1471.1569417317708,1487.4896667480468,1477.6141552734375,1462.6253743489583,1
2025-01-07,1470.993896484375,1481.225769237338,1440.6975951916093,1449.382160396255,876238,Information Technology,0.015085802777692114,-0.0018561433785391213,0.012245027530036534,0.0073988827916582345,1467.97919921875,1460.7969482421875,1467.114103190104,1484.47001953125,1482.8987939453125,1466.199043782552,1
2025-01-08,1425.7740478515625,1470.3949455217555,1415.4922150372363,1468.598080145946,924955,Information Technology,-0.030741017172733587,0.013258007635776003,-0.007312068113127124,-0.017495260794837875,1455.042138671875,1460.2978271484376,1461.593888346354,1478.9547912597657,1482.80296875,1467.428535970052,0
2025-01-09,1427.6207275390625,1452.0274376634688,1411.349506219842,1432.4621256835542,864314,Information Technology,0.0012952120220470764,-0.024605748128719185,-0.012491547195688346,-0.0029266913469286893,1444.1813720703126,1458.096728515625,1455.5712239583333,1473.0302856445312,1481.7248779296874,1467.9908732096353,1
