Date,Close,High,Low,Open,Volume,Sector,return_ratio,pct_change_open,pct_change_high,pct_change_low,ma_5,ma_10,ma_15,ma_20,ma_25,ma_30,up_or_down
2022-01-10,3176.45849609375,3236.4568959811018,3161.890983363899,3236.4568959811018,163319,Healthcare,0.0,0.0,0.0,0.0,0.0,0.0,0.0,0.0,0.0,0.0,0
2022-01-11,3130.237548828125,3194.383939869127,3120.90451235539,3179.1745649594936,105342,Healthcare,-0.014551094346885174,-0.017699086644020756,-0.012999696107252046,-0.0129626452095144,0.0,0.0,0.0,0.0,0.0,0.0,0
2022-01-12,3075.62158203125,3164.3106229908312,3061.646742541565,3131.1264674856743,210429,Healthcare,-0.017447866478159657,-0.015113387608028828,-0.00941443403310116,-0.018987370353443667,0.0,0.0,0.0,0.0,0.0,0.0,0
2022-01-13,3063.621826171875,3103.126943208263,3048.8074072832296,3092.312465643572,152561,Healthcare,-0.00390157096356758,-0.012396178258896828,-0.01933554795095893,-0.004193604402471629,0.0,0.0,0.0,0.0,0.0,0.0,0
2022-01-14,3015.3271484375,3063.572631648461,2968.809773109396,3063.572631648461,122738,Healthcare,-0.015763916199383332,-0.009293961821264296,-0.012746597958673167,-0.02623899232950211,3092.2533203125,0.0,0.0,0.0,0.0,0.0,0
2022-01-17,2960.56298828125,2997.006606282933,2953.0077305024265,2992.21651401785,106925,Healthcare,-0.018161929853823033,-0.023291798893051108,-0.02172823476677621,-0.005322686131694732,3049.07421875,0.0,0.0,0.0,0.0,0.0,0
2022-01-18,2828.96142578125,2957.945733513732,2806.1473646288846,2957.945733513732,335732,Healthcare,-0.04445153270540647,-0.011453309058207184,-0.013033295518039001,-0.04973246915562768,2988.818994140625,0.0,0.0,0.0,0.0,0.0,0
2022-01-19,2746.494384765625,2809.7520012307664,2729.408614655124,2807.826175011848,236623,Healthcare,-0.029150995225341703,-0.05075128891007663,-0.05010022009664361,-0.027346657178821898,2922.9935546875,0.0,0.0,0.0,0.0,0.0,0
2022-01-20,2691.385009765625,2805.801562538736,2681.409871071608,2766.0495377466063,263895,Healthcare,-0.02006535141876975,-0.014878640863537629,-0.0014059741536974757,-0.01758576686751645,2848.54619140625,0.0,0.0,0.0,0.0,0.0,0
2022-01-21,2625.362060546875,2730.840776340315,2612.325419520744,2666.595528440351,337882,Healthcare,-0.024531216819290935,-0.035955252409281435,-0.026716353429711237,-0.025764226609360064,2770.553173828125,2931.4032470703123,0.0,0.0,0.0,0.0,0
2022-01-24,2504.18017578125,2641.2135581632047,2482.452360196364,2597.4121607519905,285835,Healthcare,-0.04615816103489445,-0.025944454999076827,-0.03282037493860146,-0.049715498059275665,2679.276611328125,2864.1754150390625,0.0,0.0,0.0,0.0,0
2022-01-25,2508.525634765625,2523.389484060139,2427.293233566429,2459.193665483266,174601,Healthcare,0.0017352820800999869,-0.05321392475066722,-0.044609824805308396,-0.02221961134656858,2615.189453125,2802.0042236328127,0.0,0.0,0.0,0.0,1
2022-01-27,2419.836669921875,2515.3404912929504,2398.207712971763,2495.439642238553,183632,Healthcare,-0.03535501635487026,0.014738968005662878,-0.003189754422784352,-0.011982697513612917,2549.85791015625,2736.425732421875,0.0,0.0,0.0,0.0,0
2022-01-28,2488.822509765625,2530.9941762904086,2429.614260584707,2429.614260584707,171863,Healthcare,0.028508469476982157,-0.026378270401602122,0.006223286688877616,0.013095841299762156,2509.34541015625,2678.94580078125,0.0,0.0,0.0,0.0,1
2022-01-31,2482.008056640625,2515.2416428396978,2350.554671624024,2487.8349654709723,317814,Healthcare,-0.0027380229398688005,0.023962941702628138,-0.006223852112452799,-0.03253997568389999,2480.674609375,2625.6138916015625,2781.160367838542,0.0,0.0,0.0,0
2022-02-01,2512.62451171875,2561.116902241754,2473.1193913968964,2513.4638508535177,871765,Healthcare,0.012335356847940293,0.010301682281281588,0.01823890739589662,0.05214289259147109,2482.3634765625,2580.8200439453126,2736.9047688802084,0.0,0.0,0.0,1
2022-02-02,2598.843994140625,2618.20159768585,2529.5125628634946,2543.240735527945,331004,Healthcare,0.03431451138829211,0.011846951633824432,0.02228898469809404,0.022802446037490265,2500.4271484375,2557.80830078125,2701.4785319010416,0.0,0.0,0.0,1
2022-02-03,2528.72265625,2620.177106275551,2518.4514214107257,2607.3379421663985,131411,Healthcare,-0.026981741900907186,0.02520296476186612,0.0007545288305710329,-0.004372835152179344,2522.204345703125,2536.0311279296875,2665.018603515625,0.0,0.0,0.0,0
2022-02-04,2554.697265625,2587.585325814528,2474.2550143117733,2513.51322679312,126659,Healthcare,0.010271830052537068,-0.035984869416398335,-0.012438770029309487,-0.01754904093968812,2535.379296875,2522.362353515625,2631.090299479167,0.0,0.0,0.0,1
2022-02-07,2498.402587890625,2567.4379320979865,2449.3175228542245,2555.9813504623926,122857,Healthcare,-0.022035752921433782,0.016895922096839655,-0.0077861755960451084,-0.010078787882939921,2538.658203125,2509.66640625,2596.628662109375,2720.5348266601563,0.0,0.0,0
2022-02-08,2403.491455078125,2535.487833022305,2385.3683859020834,2497.5135868925595,237471,Healthcare,-0.037988726585747146,-0.022874878785502872,-0.012444351108255813,-0.026108961519052176,2516.831591796875,2499.5975341796875,2559.4905598958335,2681.886474609375,0.0,0.0,0
2022-02-09,2426.3056640625,2480.9215407920165,2398.0102182558926,2429.120500315984,110569,Healthcare,0.009492111543052406,-0.02738447027296098,-0.021521023102384795,0.0052997400437284625,2482.32392578125,2491.375537109375,2532.6468424479167,2646.6898803710938,0.0,0.0,1
2022-02-10,2430.10791015625,2467.094527283214,2401.8616553894367,2426.305446242223,71844,Healthcare,0.0015670927822768466,-0.0011588779039141128,-0.005573337681766488,0.0016060970483875447,2462.6009765625,2492.4026611328127,2511.554410807292,2614.414196777344,0.0,0.0,1
2022-02-11,2391.689208984375,2417.713302788828,2334.5056452071453,2417.713302788828,197768,Healthcare,-0.015809463033024218,-0.0035412455866601356,-0.020015943429928074,-0.02804325138009267,2429.999365234375,2482.6893310546875,2491.5746907552084,2580.8175659179688,0.0,0.0,0
2022-02-14,2025.9212646484373,2269.519602379249,1914.615522205141,2231.0515419016024,2035126,Healthcare,-0.1529328906790779,-0.07720591216167427,-0.06129498490935126,-0.1798625434314367,2335.5031005859373,2437.0806518554687,2451.6119710286457,2531.347271728516,2643.5284814453125,0.0,0
2022-02-15,1944.540771484375,2104.1414303808324,1847.851967257704,2034.51365716241,2447671,Healthcare,-0.040169622869418053,-0.08809204137510707,-0.07286924150161234,-0.034870476172961684,2243.7129638671877,2380.2722778320312,2414.3026774088544,2480.5461608886717,2594.2517724609374,0.0,0
2022-02-16,1962.4166259765625,2007.84750911442,1918.960998627308,1985.132067545491,1220154,Healthcare,0.009192841186118184,-0.024271938132768733,-0.04576399660025887,0.03848199565202881,2150.93515625,2316.629541015625,2377.89541015625,2437.2189208984373,2547.538935546875,0.0,1
2022-02-17,1984.292724609375,2033.52595392284,1945.676495783852,1980.2434741166824,1183672,Healthcare,0.011147530215163348,-0.002462603626595561,0.012789041344950292,0.013921855199586775,2061.772119140625,2262.1865478515624,2348.8591471354166,2399.108837890625,2503.88578125,0.0,1
2022-02-18,1975.749755859375,1995.6997926482795,1956.4910104261048,1972.293057961096,318442,Healthcare,-0.004305296614783405,-0.004014867999568961,-0.018601268010172478,0.005558228547082322,1978.584228515625,2204.291796875,2314.654296875,2363.3270751953123,2460.3708984375,0.0,0
2022-02-21,1959.487548828125,2006.7369950577,1908.9162891626809,1965.3379736649088,478572,Healthcare,-0.00823090423421391,-0.003526394958453749,0.005530492336612403,-0.024316350553056032,1965.2974853515625,2150.40029296875,2279.8195963541666,2330.033349609375,2418.137314453125,2530.489982096354,0
2022-02-22,2016.206787109375,2052.598214278209,1916.8490617917607,1943.5229468527973,762070,Healthcare,0.02894595493355956,-0.011099885670774134,0.02285362722342721,0.004155641959846967,1979.6306884765625,2111.671826171875,2246.7250813802084,2305.6346801757813,2380.36306640625,2491.8149251302084,1
2022-02-23,2068.959716796875,2126.124981894643,2037.7245233729109,2046.6488643511864,599949,Healthcare,0.026164444056421265,0.05306133259984591,0.035821315201859605,0.0630594573096761,2000.939306640625,2075.9372314453126,2211.399462890625,2283.656384277344,2349.962998046875,2456.438997395833,1
2022-02-24,1981.3521728515625,2055.771177249166,1955.421983896848,2010.3562768216348,449428,Healthcare,-0.04234376495301939,-0.01773268886602919,-0.03309015473906096,-0.04038943367076575,2000.3511962890625,2031.0616577148437,2174.908097330729,2261.7321594238283,2319.3573095703123,2419.963350423177,0
2022-02-25,1966.1312255859373,2043.3266180284709,1955.719496031637,2031.774653024934,657745,Healthcare,-0.007682100877462461,0.010654020110883788,-0.006053474899549549,0.00015214727932844063,1998.427490234375,1988.505859375,2135.670361328125,2235.5975952148438,2290.347158203125,2383.380330403646,0
2022-02-28,1940.250732421875,1958.3969398262648,1895.926556429276,1958.3969398262648,305217,Healthcare,-0.013163156572293166,-0.0361150844604855,-0.04156441630665564,-0.030573371960389673,1994.580126953125,1979.9388061523437,2098.460237630208,2208.509729003906,2262.942705078125,2347.5444498697916,0
2022-03-02,1945.357421875,1983.1867330161049,1912.2878073107788,1933.607064690702,215380,Healthcare,0.0026319739855222846,-0.012658248504903269,0.01265820666163786,0.00862968601078995,1980.41025390625,1980.0204711914062,2067.91796875,2180.146374511719,2240.589794921875,2313.7042643229165,1
2022-03-03,1939.259033203125,1977.7329029465773,1933.6069996218728,1958.545596159152,160488,Healthcare,-0.0031348422676986676,0.012897414331923374,-0.0027500335589847325,0.011148527031124456,1954.4701171875,1977.7047119140625,2035.448193359375,2147.167126464844,2217.819130859375,2284.0475179036457,0
2022-03-04,1879.763427734375,1937.3254689729413,1838.414034280657,1933.6069939845097,368273,Healthcare,-0.030679555670538483,-0.01273322521750253,-0.02043118861674087,-0.04923077200270343,1934.1523681640624,1967.2517822265625,1998.7585611979166,2114.7191650390623,2196.216201171875,2255.156486002604,0
2022-03-07,1849.024169921875,1875.003989703649,1788.884126872848,1834.943592018708,168913,Healthcare,-0.01635272681602762,-0.05102557152138232,-0.03216882256874032,-0.026941649967978765,1910.73095703125,1954.5792236328125,1962.5808919270833,2079.435510253906,2170.624267578125,2227.0777913411457,0
2022-03-08,1878.3258056640625,1892.803045154696,1852.594005246032,1864.096464524448,140097,Healthcare,0.015847080973217187,0.01588761236723779,0.009492809374693767,0.03561431252931713,1898.3459716796874,1946.4630493164063,1952.7411946614584,2048.431671142578,2146.4769775390623,2202.176582845052,1
2022-03-09,1919.2288818359373,1943.423783191128,1867.2693673619635,1895.976066766599,297633,Healthcare,0.021776347877738855,0.017101905855652078,0.02674379575097041,0.00792152089145004,1893.120263671875,1936.7652587890625,1951.0537353515624,2024.2185424804688,2122.74115234375,2182.6782063802084,1
2022-03-10,1899.2979736328125,1972.0809515263595,1890.571903519996,1962.264152910469,133484,Healthcare,-0.0103848521621136,0.034962512083244635,0.014745712480772388,0.012479472198997144,1885.1280517578125,1919.7990844726562,1946.8458251953125,1997.8681579589843,2094.7593115234376,2162.3706176757814,0
2022-03-11,1879.9617919921875,1927.3598798699936,1875.499622070237,1886.0104870108985,119207,Healthcare,-0.010180699347370092,-0.038860041236787324,-0.022677097317811645,-0.007972339704031661,1885.167724609375,1909.6600463867187,1939.8904296875,1970.3608520507812,2068.808876953125,2144.374788411458,0
2022-03-14,1868.707275390625,1895.728193877804,1842.3804238230875,1893.8441423249224,86434,Healthcare,-0.0059865666682704655,0.004153558725136897,-0.016411925101566083,-0.017658866926665295,1889.104345703125,1899.9176513671875,1932.7542643229167,1944.2117553710937,2041.36927734375,2123.704280598958,0
2022-03-15,1858.493896484375,1973.171695338212,1834.4477569673704,1869.1535253424288,365313,Healthcare,-0.005465478216279296,-0.013037301449834615,0.04085158500596742,-0.004305661715215292,1885.1379638671874,1891.7419677734374,1926.0213541666667,1935.8403869628905,2015.7729296875,2102.920475260417,0
2022-03-16,1956.066650390625,1968.3128040812503,1885.0189624979632,1895.480320781128,249601,Healthcare,0.0525009816232509,0.01408487589796903,-0.002462477679180841,0.027567536518017244,1892.505517578125,1892.812890625,1922.01201171875,1936.416680908203,1997.8759375,2084.368546549479,1
2022-03-17,1979.5673828125,2036.6831362200417,1967.9161608161064,1994.094249765762,281611,Healthcare,0.012014279992546228,0.052025825804403514,0.034735501388309276,0.04397685114439942,1908.5593994140625,1896.8437255859376,1916.0525227864584,1937.27421875,1980.00640625,2063.7259928385415,1
2022-03-21,1991.4169921875,2016.9008931075468,1969.354039939888,1991.1194657620224,246083,Healthcare,0.0059859590928217354,-0.0014917970923836732,-0.009712970447238733,0.000730660763101465,1930.850439453125,1908.00908203125,1916.7235107421875,1937.6304321289062,1962.45876953125,2045.8158040364583,1
2022-03-22,1986.0126953125,1994.441238696144,1908.817178060536,1994.094205236228,186681,Healthcare,-0.0027137946980474448,0.0014940035117716466,-0.01113572535376195,-0.030739450932448786,1954.3115234375,1921.7079345703125,1918.0489420572917,1938.1435791015624,1946.231708984375,2026.8596516927084,0
2022-03-23,1972.527099609375,2031.130364265157,1954.430520713876,2006.8858338855416,221975,Healthcare,-0.006790286756451547,0.006414756442160385,0.018395691413299442,0.023896129591460147,1977.1181640625,1931.1280639648437,1920.2006998697916,1938.795556640625,1944.0959423828126,2009.33046875,0
2022-03-24,1990.87158203125,2011.298381176851,1948.8279990735173,1948.8279990735173,136592,Healthcare,0.009299990061230501,-0.02892931617321659,-0.009764012904942665,-0.0028665749848770794,1984.079150390625,1938.292333984375,1923.2349772135417,1937.5287963867188,1945.9491748046876,1995.5764729817708,1
2022-03-25,1977.137939453125,2016.2562474005904,1959.834563440828,1983.1866344794664,113930,Healthcare,-0.0068983066020325,0.017630409365158695,0.0024650078129324626,0.005647786450391434,1983.59326171875,1946.0763305664063,1925.7602376302084,1932.9377075195312,1946.53802734375,1980.6042154947916,0
2022-03-28,1965.3380126953125,1996.3749328573367,1943.076790484798,1987.0539311917364,117254,Healthcare,-0.005968185892521127,0.0019500417383990776,-0.00986050982799691,-0.008550605887166718,1978.3774658203124,1954.6139526367188,1931.4652099609375,1932.1369995117188,1945.7798388671874,1965.111885579427,0
2022-03-29,2030.5352783203125,2071.438503924372,1973.270762474629,1973.270762474629,312771,Healthcare,0.03317356363325352,-0.006936484461114167,0.03759993668103201,0.01553925822061708,1987.281982421875,1970.7967529296875,1943.5659505208334,1935.3572021484374,1947.971259765625,1953.0734212239583,1
2022-03-30,2040.2529296875,2092.7081206552675,2019.9252661721384,2051.4083547873934,214098,Healthcare,0.004785758450464472,0.039598008442984334,0.010268041600365985,0.023643234666387736,2000.8271484375,1988.97265625,1954.3610921223958,1940.3573120117187,1951.201875,1953.551143391927,1
2022-03-31,2018.6361083984373,2063.951874866615,2008.9680734939136,2042.682246494305,166167,Healthcare,-0.01059516738072952,-0.004253715879007802,-0.013741164142684337,-0.005424553502907159,2006.3800537109375,1995.2296020507813,1960.9882405598958,1944.0212463378907,1951.2990478515626,1956.0209879557292,0
2022-04-01,2073.421630859375,2087.750105907021,2017.8924049731363,2017.8924049731363,157795,Healthcare,0.027139870446686754,-0.012135926458318957,0.011530419546213366,0.004442246542873951,2025.6367919921875,2004.6150268554688,1972.596484375,1950.7293762207032,1951.4775244140626,1959.7211547851562,1
2022-04-04,2217.153076171875,2231.035382906933,2082.494652424168,2092.3115717254605,449566,Healthcare,0.06932089603643576,0.03687965055466624,0.06863143083767786,0.03201471361496688,2075.9998046875,2027.1886352539063,1995.0759033203126,1967.598858642578,1960.909560546875,1967.4831665039062,1
2022-04-05,2395.044921875,2548.9897783502174,2127.909547414841,2217.2025705545,1888582,Healthcare,0.0802343544137567,0.05969044023689363,0.14251427739752143,0.02180792874440618,2148.9017333984375,2068.0918579101562,2030.1650797526042,1994.8998962402343,1978.0661083984376,1981.4596720377604,1
2022-04-06,2384.583740234375,2413.389575514659,2336.1939362609023,2379.8240437292725,447498,Healthcare,-0.004367843602881227,0.07334533855158853,-0.053197625187545006,0.09788216284808815,2217.7678955078127,2109.2975219726563,2065.2377360026044,2020.21279296875,1995.8394287109375,1995.6295450846353,0
2022-04-07,2449.979248046875,2488.899286693375,2379.824019149044,2383.7903925142923,491404,Healthcare,0.02742428655748208,0.0016666563208616036,0.03128782520021178,0.018675711040484932,2304.0365234375,2155.208288574219,2098.165242513021,2046.750311279297,2016.0243017578125,2010.0886271158854,1
2022-04-08,2454.4912109375,2508.0868830509403,2449.2357174581007,2469.0675856156563,309376,Healthcare,0.0018416331053505708,0.035773780014029866,0.007709269901015947,0.029166735754636353,2380.250439453125,2202.9436157226564,2129.8268310546873,2074.509973144531,2036.6335888671874,2022.939676920573,1
2022-04-11,2447.05419921875,2502.2362741526786,2432.576838990276,2459.349860333833,177016,Healthcare,-0.003029960623044725,-0.003935787476388675,-0.0023326978573983137,-0.0068016640248550475,2426.2306640625,2251.115234375,2160.202644856771,2102.8645935058594,2059.3252197265624,2038.4630777994792,0
2022-04-12,2398.6640625,2544.725796079379,2381.806977315006,2459.1512505167425,455321,Healthcare,-0.019774852855404257,-8.075704083176927e-05,0.016980619442537925,-0.020870815203660187,2426.9544921875,2287.928112792969,2187.7127360026043,2129.362432861328,2081.3108154296874,2052.8808390299478,0
2022-04-13,2396.928955078125,2437.088484576797,2363.5619366632795,2415.025533185551,194630,Healthcare,-0.0007233640796145968,-0.01794347432754262,-0.042298196398377175,-0.007660167606148294,2429.42353515625,2323.5957153320314,2216.0061930338543,2156.2841857910157,2102.05494140625,2068.103446451823,0
2022-04-18,2401.09375,2462.622167862324,2377.04761045071,2399.6559880116056,197549,Healthcare,0.001737554595872215,-0.0063641336138058335,0.010477126065433495,0.005705657033244105,2419.646435546875,2361.8414794921873,2243.3543375651043,2178.535540771484,2121.3295361328123,2083.2946573893228,1
2022-04-19,2423.107177734375,2493.8574654892154,2381.162969500316,2478.983564104588,305334,Healthcare,0.009168083392985027,0.033057895168846496,0.012683755565314758,0.0017312901228871969,2413.36962890625,2396.8100341796876,2273.0856201171873,2200.712530517578,2142.281904296875,2099.422928873698,1
2022-04-20,2439.9638671875,2504.7645837975906,2429.403495765676,2449.0370908021564,276162,Healthcare,0.0069566421196796124,-0.01208014193238438,0.00437359330246867,0.02025922915955758,2411.9515625,2419.09111328125,2304.72734375,2223.1398742675783,2164.6819873046875,2118.0962768554687,1
2022-04-21,2461.134765625,2514.6808080680903,2444.277678189212,2460.1431722464245,165249,Healthcare,0.008676726209844832,0.004534876783197417,0.003958944618845273,0.006122565662501689,2424.445703125,2425.70009765625,2333.433976236979,2246.8959777832033,2188.3790869140626,2138.499963378906,1
2022-04-22,2387.70703125,2467.728561905504,2381.955741709381,2462.522697095912,111418,Healthcare,-0.029834910058796904,0.0009672302312855319,-0.01867125482166354,-0.025497077126687473,2422.601318359375,2426.0124267578126,2356.5975830078123,2267.6549743652345,2209.5476123046874,2155.4793375651043,0
2022-04-25,2380.71630859375,2398.515602384047,2332.2274920109503,2363.859222129385,145321,Healthcare,-0.0029277974913825,-0.04006601648093722,-0.028047233634161617,-0.020877067036830788,2418.525830078125,2419.0861328125,2380.736263020833,2287.1472106933593,2226.5335986328123,2170.8622517903646,0
2022-04-26,2370.65185546875,2464.109530833355,2355.083887937066,2403.225794592924,320152,Healthcare,-0.004227489469732282,0.016653518151591662,0.027347718056997428,0.009800242902722855,2408.034765625,2410.702197265625,2400.551611328125,2306.8229064941406,2242.1769775390626,2186.5740478515627,0
2022-04-27,2360.289794921875,2387.7568834105714,2336.194027124297,2336.194027124297,167063,Healthcare,-0.004370975233234375,-0.02789241344672788,-0.030985898340712748,-0.008020886606003419,2392.099951171875,2402.0257568359375,2410.094059244792,2326.5704956054688,2256.9318896484374,2202.5849812825522,0
2022-04-28,2350.919189453125,2396.6811256964006,2326.178741712989,2376.403090117152,187536,Healthcare,-0.00397010803034048,0.01721135424798148,0.00373750039119658,-0.004287009253095331,2370.0568359375,2397.25126953125,2407.15234375,2342.5896911621094,2271.5281494140627,2218.6587117513022,0
2022-04-29,2377.642578125,2409.57183551125,2355.1828435410685,2372.5853552151825,188392,Healthcare,0.01136720853348061,-0.0016065182366772346,0.0053785669176593665,0.012468561124722832,2368.0439453125,2395.3226318359375,2406.689599609375,2359.4591735839845,2287.7327685546875,2235.9636678059896,1
2022-05-02,2271.19482421875,2345.1181531074967,2252.8999762622548,2345.1181531074967,141652,Healthcare,-0.044770292593849126,-0.01157690788544663,-0.026749018831421445,-0.0434288435648712,2346.1396484375,2382.3327392578126,2394.7706380208333,2372.087109375,2298.9456982421875,2246.467940266927,0
2022-05-04,2123.3486328125,2265.7909284833945,2103.2192382906023,2265.7909284833945,174944,Healthcare,-0.06509621712311997,-0.03382653642375599,-0.03382653642375599,-0.06643914046285582,2296.67900390625,2352.356884765625,2372.6944661458333,2374.583459472656,2304.7941259765626,2251.2606486002605,0
2022-05-05,2169.060791015625,2193.800996292402,2083.5358659196827,2136.883635730505,175196,Healthcare,0.021528333829276436,-0.05689284528964622,-0.03177253968404703,-0.009358687868848747,2258.433203125,2325.2665771484376,2354.161572265625,2372.178845214844,2312.943037109375,2257.1821085611978,1
2022-05-06,2117.497802734375,2156.665736949882,2103.5164828622665,2141.8414659619066,79985,Healthcare,-0.023772034649663487,0.0023201217644717165,-0.016927360050104756,0.009589763857395406,2211.74892578125,2290.902880859375,2335.4171549479165,2358.3014892578126,2316.4215380859373,2261.5649454752606,0
2022-05-09,2078.87548828125,2119.0350195359083,2039.856192560262,2073.421724777531,75782,Healthcare,-0.018239600722726124,-0.031944353618930554,-0.017448562737030326,-0.0302637468356709,2151.9955078125,2260.0197265625,2314.213590494792,2343.016076660156,2317.9664404296873,2265.109891764323,0
2022-05-10,2040.6990966796875,2091.369613262464,2029.7419418391523,2067.521744983233,54794,Healthcare,-0.018363962544541645,-0.0028455281064111437,-0.013055662609815277,-0.004958315570478988,2105.8963623046875,2226.0180053710938,2290.1872802734374,2322.552069091797,2318.8489599609375,2266.7708089192706,0
2022-05-11,2038.765625,2085.320885947662,2025.08158788712,2040.699183680594,91535,Healthcare,-0.0009474555473824031,-0.012973291027155165,-0.002892232571633291,-0.002296032739910636,2088.9797607421874,2192.829382324219,2264.5645100911456,2301.765789794922,2317.4627197265627,2268.8250651041667,0
2022-05-12,2021.6109619140625,2078.379681751993,1991.169094191542,2038.7655754530376,102711,Healthcare,-0.008414239908492438,-0.0009475224192861953,-0.003328602443127049,-0.016746235755844663,2059.489794921875,2158.9614990234377,2236.67431640625,2280.4936279296876,2309.64103515625,2270.700830078125,0
2022-05-13,1999.300048828125,2130.6365367860726,1981.848030453252,2025.825170368684,67372,Healthcare,-0.011036205039575697,-0.006347176566132706,0.025143074430957313,-0.004681201493876408,2035.850244140625,2123.7995849609374,2205.8853352864585,2260.525427246094,2293.811240234375,2269.6596557617186,0
2022-05-16,1930.235595703125,1978.724534847576,1868.707300809024,1978.2783662566096,334531,Healthcare,-0.034544316229813354,-0.0234703393005139,-0.07129888149184094,-0.057088499171327745,2006.122265625,2079.05888671875,2175.387239583333,2237.1907592773437,2275.637314453125,2265.9924112955728,0
2022-05-17,1916.5020751953125,1992.309339492029,1899.397089658063,1930.929807066116,199049,Healthcare,-0.007114945211032508,-0.023934224828070505,0.006865434983601482,0.016423004734744895,1981.282861328125,2043.5896118164062,2144.4396240234373,2212.9611755371093,2254.2982275390623,2262.5879435221354,0
2022-05-18,1738.7093505859375,1933.4088061108705,1727.5539251453545,1866.228355124248,899888,Healthcare,-0.09276938799623058,-0.033507925407281536,-0.029563949841331483,-0.09047247963491634,1921.2716064453125,2005.12568359375,2102.310123697917,2178.7412841796877,2225.666953125,2251.430867513021,0
2022-05-19,1756.2606201171875,1794.4864718744636,1660.5222319005686,1684.7171343185569,487548,Healthcare,0.010094424076879438,-0.0972609918326992,-0.07185357478321142,-0.038801505567559014,1868.2015380859375,1963.8456665039062,2062.041512044271,2144.556121826172,2198.0352099609377,2236.0677856445313,1
2022-05-20,1727.553955078125,1789.8260683675048,1693.6911376559376,1789.7764402803748,463373,Healthcare,-0.016345333209798363,0.06236020505858564,-0.0025970680637623644,0.01997498444655288,1813.8523193359374,1924.8512817382812,2020.4838297526042,2107.877081298828,2171.1908056640623,2213.818086751302,0
2022-05-23,1744.4605712890625,1809.6578329416168,1735.2883329577146,1783.8764062805303,579112,Healthcare,0.009786447573021162,-0.0032965200943868567,0.01108027473988038,0.02456008322706782,1776.697314453125,1891.4097900390625,1978.2716959635416,2075.7147583007813,2145.0920703125,2192.480647786458,1
2022-05-24,1676.5860595703125,1760.921000102432,1636.129003076593,1736.97399684858,260232,Healthcare,-0.03890859606450969,-0.02629240975822089,-0.026931518186486536,-0.057142855165809414,1728.714111328125,1854.998486328125,1938.6311116536458,2040.5082458496095,2116.1117626953123,2166.7008748372396,0
2022-05-25,1559.4788818359375,1769.6966812978562,1548.868880941119,1588.0368199918066,2098954,Healthcare,-0.06984859325645831,-0.0857451966045506,0.0049835746151667415,-0.05333327749302741,1692.868017578125,1807.0698120117188,1901.039794921875,1999.9495971679687,2081.566630859375,2136.8671305338544,0
2022-05-26,1603.2576904296875,1650.7550363017342,1496.066473056159,1538.3083257336289,964415,Healthcare,0.028072716536058584,-0.03131444663760019,-0.06721018706374748,-0.03409094761648013,1662.267431640625,1765.2344848632813,1863.3195882161458,1962.0979919433594,2048.0983837890626,2108.7405802408853,1
2022-05-27,1651.8953857421875,1690.6666615129288,1599.440073325721,1624.229907072245,530625,Healthcare,0.030336792146909763,0.05585459033229867,0.02417780005724568,0.06909692993680339,1647.1357177734376,1730.4940185546875,1832.2794270833333,1927.1468017578125,2015.72880859375,2083.848291015625,1
2022-05-30,1685.5599365234375,1712.035551669274,1667.2154594969077,1670.8347994433964,342453,Healthcare,0.02037934791259488,0.028693531727388866,0.012639327812392409,0.04237444547094604,1635.3555908203125,1706.0264526367187,1806.0583902994792,1892.5426696777345,1987.6429248046875,2060.1359903971356,1
2022-05-31,1602.71240234375,1685.7087184770023,1596.4653157341022,1685.7087184770023,442476,Healthcare,-0.04915134275827959,0.008902088368377914,-0.015377503794592573,-0.0424361130769233,1620.580859375,1674.6474853515624,1776.85927734375,1859.1185485839844,1956.5227685546874,2033.5232788085937,0
2022-06-01,1580.153564453125,1623.734041924071,1569.2955451035668,1618.7264473008006,297014,Healthcare,-0.014075412318289793,-0.039735376842992554,-0.03676476005233209,-0.017018703984835293,1624.7157958984376,1658.7919067382813,1746.2851399739584,1831.9587951660155,1924.9028369140624,2005.424825032552,0
2022-06-02,1562.6519775390625,1605.3896265255787,1551.942720988944,1605.3896265255787,375025,Healthcare,-0.011075877248753141,-0.008239082519137741,-0.011297672478896126,-0.011057715781304656,1616.5946533203125,1639.4310424804687,1715.6878743489583,1801.6383544921875,1892.99732421875,1976.1810953776042,0
2022-06-03,1630.179443359375,1660.3239049636495,1566.717469895263,1576.6334032490306,871093,Healthcare,0.04321337494907729,-0.017912301662732832,0.0342186579073398,0.009520163796318482,1612.25146484375,1629.6935913085938,1691.079833984375,1777.2724365234376,1864.167734375,1948.4825846354167,1
2022-06-06,1593.8375244140625,1688.1876545434786,1573.113199482798,1640.541546330937,1103197,Healthcare,-0.02229320158179715,0.04053456114161258,0.01678211672826513,0.004082248210306005,1593.906982421875,1614.6312866210938,1668.6532958984376,1753.0205383300781,1832.8155322265625,1922.0202677408854,0
2022-06-07,1580.252685546875,1625.2214174587086,1558.784666409451,1602.4147715761276,552167,Healthcare,-0.008523352386361704,-0.023240359160717317,-0.03729812673093935,-0.009108392884922822,1589.4150390625,1604.99794921875,1646.236669921875,1729.9982177734375,1805.1778466796875,1895.3381469726562,0
2022-06-08,1510.6923828125,1606.3315075633957,1503.2554331104366,1586.5492697735478,493860,Healthcare,-0.044018468293444135,-0.009900995724705264,-0.011622976224895165,-0.035623415148753,1575.522802734375,1600.1192993164063,1631.035538736979,1703.5945556640625,1780.6715966796876,1866.672831217448,0
2022-06-09,1561.16455078125,1571.675415788427,1510.6924264691916,1513.6175783522276,832714,Healthcare,0.03340995727719531,-0.04596875294753999,-0.021574682194672068,0.0049472585928838075,1575.2253173828126,1595.9099853515625,1618.0291341145833,1680.5722351074219,1756.3557470703124,1840.0353230794271,1
2022-06-10,1572.46875,1614.2643119941351,1517.881488805141,1561.1645618373136,445161,Healthcare,0.007240876186365597,0.03141281137660101,0.02709776826555732,0.00475878624264503,1563.6831787109375,1587.9673217773438,1607.6901204427083,1659.2306701660157,1734.5545849609375,1814.0869750976562,1
2022-06-13,1486.795166015625,1558.7351944549707,1457.6422958890214,1556.8016357454171,430609,Healthcare,-0.05448348908960832,-0.00279466124106853,-0.0343990244513106,-0.03968636112924684,1542.27470703125,1568.0908447265624,1590.5124267578126,1637.0586486816405,1710.8713720703124,1784.3920613606772,0
2022-06-14,1428.3902587890625,1501.8177967334902,1422.9364952185383,1486.7951328713152,600389,Healthcare,-0.03928241667820209,-0.044968158605885544,-0.036515116822894544,-0.023809545571203294,1511.9022216796875,1550.6586303710938,1573.9660400390626,1612.653057861328,1686.3790185546875,1756.2985758463542,0
2022-06-15,1445.990966796875,1462.0547302510713,1425.911201957076,1440.1405419680627,279664,Healthcare,0.012322058274699899,-0.03137930026254032,-0.02647662490676639,0.0020905407574642876,1498.9619384765624,1537.2423706054688,1566.4001790364584,1598.017138671875,1662.6680322265624,1733.7199869791666,1
2022-06-16,1403.798583984375,1467.4589463616387,1394.1801774085154,1459.6253350962552,278588,Healthcare,-0.029178870256681866,0.01352978585101483,0.0036963158756986303,-0.02225315609065237,1467.4887451171876,1521.35703125,1553.1029052734375,1580.3940368652343,1637.955537109375,1708.2112467447917,0
2022-06-17,1391.94921875,1413.9130365084668,1366.4653170897295,1393.1887104853072,255597,Healthcare,-0.008440929752716486,-0.045516217767326506,-0.03648886395488715,-0.019878965981500296,1431.3848388671875,1497.5340087890625,1535.7731608072916,1563.6138000488281,1613.66150390625,1684.0262939453125,0
2022-06-20,1412.326416015625,1433.8439426712648,1378.3643447594072,1406.079329673481,289102,Healthcare,0.014639325193144703,0.009252600951441314,0.014096274415869026,0.008707888536110042,1416.4910888671875,1479.3828979492187,1517.5575927734376,1547.0070922851562,1592.94513671875,1661.8079915364583,1
2022-06-21,1435.5296630859375,1452.6842766821496,1414.1112706556237,1425.6633575424987,163987,Healthcare,0.016429096565206303,0.013928110210940536,0.013139738189209771,0.02593430832140098,1417.9189697265624,1464.910595703125,1506.4120768229166,1534.9542724609375,1573.706240234375,1641.6356770833333,1
2022-06-22,1385.99951171875,1432.8026662724023,1376.6290036092992,1431.8607010709177,289147,Healthcare,-0.03450304973894669,0.0043469894176852986,-0.013686119364598515,-0.026505882404110004,1405.9206787109374,1452.44130859375,1493.4684733072916,1526.2803039550781,1559.5978466796876,1619.876806640625,0
2022-06-23,1403.3525390625,1422.29194851988,1384.2643663884471,1386.2475531597777,177734,Healthcare,0.012520226159553838,-0.03185585572466998,-0.007335774841812137,0.005546420102387151,1405.8314697265625,1436.660107421875,1482.8485107421875,1516.2850463867187,1545.4815234375,1599.268192545573,1
2022-06-24,1428.63818359375,1436.0751340549357,1408.0626206511365,1416.2432661584407,202858,Healthcare,0.01801802742177805,0.021638063800575535,0.009690827223903797,0.017191986473493515,1413.1692626953125,1422.27705078125,1469.4124267578125,1505.1221862792968,1533.524892578125,1580.2461303710938,1
2022-06-27,1428.9356689453125,1448.321246630296,1417.9785138298912,1437.8103811561834,305864,Healthcare,0.00020823001581415923,0.015228397206253685,0.008527487375108223,0.007042224566808919,1416.49111328125,1416.4911010742187,1458.4189697265624,1492.2909729003907,1520.903896484375,1563.5361328125,1
2022-06-28,1426.0103759765625,1437.8103610797634,1388.2306934563233,1431.8608009649506,228573,Healthcare,-0.002047183111405615,-0.004137944939894389,-0.007257288792101524,-0.020979034649277195,1414.587255859375,1416.2531127929688,1448.1361490885417,1483.4558715820312,1510.880869140625,1547.1864095052083,0
2022-06-29,1404.1953125,1436.2733330214446,1392.0482940163597,1398.1466173006418,337412,Healthcare,-0.015297969667032119,-0.023545713131882917,-0.0010690061081244373,0.002749975618628442,1418.226416015625,1412.0735473632812,1441.0363444010416,1474.657958984375,1504.6695263671875,1536.0359415690104,0
2022-06-30,1394.62646484375,1433.7944034649772,1380.3971240091648,1407.071010215735,241368,Healthcare,-0.006814470587580779,0.0063830164910194664,-0.0017259455421709813,-0.008369803014217858,1416.481201171875,1411.1563354492187,1429.9338053385416,1466.2566833496094,1496.32427734375,1523.9814697265624,0
2022-07-01,1424.275146484375,1427.8448584920002,1385.3055987479502,1388.2307508410047,100318,Healthcare,0.02125922774880573,-0.013389700475629596,-0.004149510528566047,0.003555842484320282,1415.60859375,1414.3889282226562,1420.0542317708334,1455.9614685058593,1487.2194677734376,1513.872176106771,1
2022-07-04,1419.4658203125,1434.835516585531,1402.410463833617,1427.8943634299685,91289,Healthcare,-0.003376683349243459,0.028571339861860334,0.004895950741394817,0.01234735866304626,1413.7146240234374,1415.1028686523437,1415.5656087239583,1447.2428833007812,1476.575703125,1503.0390177408854,0
2022-07-05,1435.133056640625,1441.776683449331,1423.4322070780704,1427.8943770062149,296464,Healthcare,0.011037417107145231,9.50787870657166e-09,0.004837604578061816,0.01498972218660466,1415.53916015625,1415.0632080078126,1416.0151285807292,1439.9869018554687,1469.872529296875,1494.990584309896,1
2022-07-06,1447.2801513671875,1457.5431185362058,1421.647365921541,1441.6776246187706,256751,Healthcare,0.008464089563232857,0.00965284816195866,0.010935421045341842,-0.0012538996572187822,1424.1561279296875,1421.1912719726563,1416.10107421875,1436.8162902832032,1464.5575927734376,1491.250626627604,1
2022-07-07,1412.1280517578125,1476.4824837541737,1400.4273229683618,1469.5909584565106,345245,Healthcare,-0.024288386444164423,0.019361702894654664,0.012994034260192855,-0.01492637588043777,1427.6564453125,1422.0688232421876,1416.6563720703125,1429.3644653320312,1458.5366357421874,1484.879638671875,0
2022-07-08,1432.356689453125,1444.6524720207017,1417.978584920712,1429.3819092050396,219519,Healthcare,0.014324931559947407,-0.027360708107310283,-0.02155800159073984,0.012532790288001694,1429.27275390625,1422.440673828125,1419.350203450521,1422.3588623046876,1450.6237255859376,1477.5616821289063,1
2022-07-11,1437.066650390625,1451.4943819293198,1412.4750870999867,1427.8944119803346,188732,Healthcare,0.0032882598113870287,-0.0010406576542810742,0.0047360247818273304,-0.003881227741555082,1432.792919921875,1423.2537719726563,1420.9995524088542,1419.8724365234375,1444.352890625,1469.2785725911458,1
2022-07-12,1413.9625244140625,1441.3801054367964,1409.9961509147624,1437.7112583675892,156448,Healthcare,-0.016077282129038584,0.006875050637420443,-0.006968181632973081,-0.0017550300234419058,1428.5588134765626,1422.0489868164063,1419.5617431640626,1419.1510498046875,1437.7012841796875,1462.9869099934897,0
2022-07-13,1412.1280517578125,1433.843970119903,1386.644151328927,1420.9532566955882,327036,Healthcare,-0.0012973983571524794,-0.01165602729648818,-0.005228416354900123,-0.016561747044972708,1421.5283935546875,1422.8422607421876,1421.3036458333333,1417.4579040527344,1433.7587109375,1457.3860595703125,0
2022-07-14,1430.0758056640625,1448.9160783221903,1404.7901765702588,1408.062482870628,261757,Healthcare,0.012709721249364536,-0.009071919687870356,0.01051167945493181,0.013086288377548883,1425.1179443359374,1426.3871948242188,1423.0851969401042,1418.7717651367188,1428.5151611328124,1452.9668538411458,1
2022-07-15,1415.648193359375,1436.3228893738506,1400.129734066881,1436.3228893738506,124696,Healthcare,-0.010088704562055018,0.020070420771106656,-0.008691455037839302,-0.0033175363702757643,1421.7762451171875,1425.5244995117187,1422.2191975911458,1419.9567138671875,1422.2423388671875,1445.815812174479,0
2022-07-18,1459.4765625,1472.2681401745567,1421.0028154000615,1421.0028154000615,262695,Healthcare,0.03095993011979825,-0.010666176865333998,0.0250258845463196,0.014907962330427571,1426.2582275390625,1429.5255737304688,1424.2552571614583,1422.3142211914062,1421.1495947265626,1441.3371134440104,1
2022-07-19,1480.002685546875,1505.88324746855,1429.8775938764877,1433.348170560654,357229,Healthcare,0.014064030608148315,0.00868777670726617,0.022832190941799446,0.006245433422260804,1439.466259765625,1434.0125366210937,1427.8547444661458,1424.5378723144531,1423.214091796875,1437.9954467773437,1
2022-07-20,1468.3514404296875,1502.263883642793,1461.658185502566,1501.2722903202564,136279,Healthcare,-0.00787244863199843,0.0473884302186216,-0.002403482362820175,0.0222260924726565,1450.7109375,1436.1196655273438,1432.1318196614584,1428.65546875,1424.1085107421875,1436.58408203125,0
2022-07-21,1512.179931640625,1517.6833234160456,1468.5498221375512,1468.5498221375512,265278,Healthcare,0.02984877462177038,-0.021796491145336883,0.010264135310144473,0.004714944097970131,1467.1317626953125,1446.124853515625,1439.9687174479166,1434.0968383789063,1428.4437646484375,1434.951261393229,1
2022-07-22,1536.0771484375,1559.2804557396803,1498.6941296491725,1526.409113815267,377758,Healthcare,0.015803156950342512,0.03939893002301975,0.027408308229945222,0.02052658143238517,1491.2175537109374,1456.4968994140625,1447.4221842447917,1439.4687866210938,1434.2088818359375,1433.7382080078125,1
2022-07-25,1505.387451171875,1545.3982181746985,1497.7026027978911,1545.3982181746985,159053,Healthcare,-0.019979268161656183,0.012440376690341148,-0.008902976699208587,-0.0006615938714015224,1500.3997314453125,1463.3289794921875,1453.15029296875,1443.2913757324218,1437.9313232421875,1434.3579508463542,0
2022-07-26,1486.6959228515625,1562.60231936931,1477.62281970519,1512.2294510091515,452129,Healthcare,-0.012416423629519446,-0.021462925720674986,0.01113247122475114,-0.013407056284197916,1501.73837890625,1470.6023193359374,1456.5878173828125,1446.3256530761719,1439.9779736328126,1436.3014729817708,0
2022-07-27,1503.106689453125,1505.2386392709263,1457.6421605588023,1489.373146366885,149512,Healthcare,0.011038415017702974,-0.015114309952774518,-0.036710351307770006,-0.01352216470937706,1508.6894287109376,1479.7001831054688,1460.3095865885416,1451.271221923828,1444.6622607421875,1438.2053304036458,1
2022-07-28,1498.0496826171875,1519.12104171407,1453.7750144706802,1512.0807530011105,236629,Healthcare,-0.0033643698557268564,0.015246418729663036,0.009222725274889099,-0.002653014706050727,1505.86337890625,1486.4975708007812,1466.0376953125,1456.4423828125,1448.450146484375,1441.3470336914063,0
2022-07-29,1564.982177734375,1576.6333993965825,1509.75047750649,1514.1630194204915,307661,Healthcare,0.04467975654869627,0.0013770867827318511,0.03785896982745984,0.03850352529011536,1511.644384765625,1501.4309692382812,1474.87939453125,1463.477734375,1453.90390625,1447.1147989908854,1
2022-08-01,1569.642578125,1604.05093853126,1564.0401727713545,1584.5661058246578,260254,Healthcare,0.002977925536105319,0.04649637159353648,0.01738992662794714,0.035959382741530765,1524.49541015625,1512.4475708007812,1483.7177897135416,1470.986572265625,1459.5321826171876,1452.3586710611978,1
2022-08-02,1572.3695068359375,1618.7264953634678,1541.283079914533,1559.2805231987488,262105,Healthcare,0.0017372927754004674,-0.015957417322611245,0.00914905909761532,-0.014550197145190902,1541.630126953125,1521.6842529296875,1494.2782552083333,1477.8483947753907,1465.3865478515625,1456.9199991861979,1
2022-08-03,1543.8612060546875,1573.1132096559168,1533.0529354576563,1572.6670410694735,121818,Healthcare,-0.01813078965046644,0.00858506065557929,-0.028178500715347332,-0.00533980069211748,1549.7810302734374,1529.2352294921875,1503.0604654947917,1482.6774475097657,1470.97318359375,1462.1820556640625,0
2022-08-04,1559.9251708984375,1578.4679189357355,1532.0117926678663,1551.9427956646257,162951,Healthcare,0.010405057644269133,-0.0131777705411531,0.003403893150824233,-0.0006791303585869102,1562.1561279296875,1534.0097534179688,1511.71708984375,1490.0673034667968,1477.5851318359375,1467.401143391927,1
2022-08-05,1541.977294921875,1574.79901075954,1536.969700062093,1568.1057556141084,153307,Healthcare,-0.011505600596357746,0.01041466218641185,-0.0023243476361998194,0.003236207069654995,1557.5551513671876,1534.5997680664063,1520.1390299479167,1495.5483337402343,1482.2932177734374,1471.1791137695313,0
2022-08-08,1516.344482421875,1552.1410987204804,1509.899125731804,1552.1410987204804,129146,Healthcare,-0.016623339775764134,-0.0101808547264568,-0.014387811958385344,-0.01761295250595729,1546.8955322265624,1535.6954711914063,1523.930224609375,1499.512225341797,1486.1683642578125,1474.0927408854166,0
2022-08-10,1506.8748779296875,1558.4872398349685,1496.8598091746162,1521.89754158435,249448,Healthcare,-0.006245021894406788,-0.019485056584779503,0.004088636735229523,-0.008635885891296158,1533.7966064453126,1537.7133666992188,1525.7217041015624,1504.1578430175782,1489.038037109375,1476.788224283854,0
2022-08-11,1480.89501953125,1566.667843112608,1460.716119348388,1482.4320376200044,568383,Healthcare,-0.017240886273272804,-0.02593177456825413,0.005249066574652073,-0.02414634263322102,1521.203369140625,1535.4921997070312,1526.5579427083333,1507.59619140625,1490.3826318359374,1479.344881184896,0
2022-08-12,1470.532958984375,1496.6119128782766,1457.642245250864,1481.4404859896536,245972,Healthcare,-0.006997160777915901,-0.0006688681876727554,-0.044716517634744046,-0.002104361043742786,1503.3249267578126,1532.74052734375,1523.7814778645834,1509.6190490722656,1492.718828125,1481.87509765625,0
2022-08-16,1435.4801025390625,1482.382394230645,1424.5725759534705,1463.5917491212904,289616,Healthcare,-0.023836838359285628,-0.012048230784269087,-0.009507821316392828,-0.022687095825561943,1482.02548828125,1519.7903198242188,1517.0750081380208,1510.61064453125,1492.8437646484374,1482.2485961914062,0
2022-08-17,1443.2144775390625,1470.7311927098335,1438.2070038011173,1443.958172543678,332071,Healthcare,0.005388005717612776,-0.013414653771722795,-0.007859781366911456,0.009570890299162915,1467.3994873046875,1507.147509765625,1512.9301432291666,1509.797540283203,1493.089677734375,1483.0402180989583,1
2022-08-18,1440.23974609375,1459.6254449521662,1428.1423553616555,1452.68429134166,179202,Healthcare,-0.0020611845928714123,0.006043193607616626,-0.007551174417675166,-0.006998052723190318,1454.0724609375,1493.9345336914062,1509.8330647786458,1507.809393310547,1494.1407666015625,1483.2104410807292,0
2022-08-19,1403.5013427734375,1438.603773847591,1392.4946800838104,1426.7046528762924,272998,Healthcare,-0.025508533159118274,-0.01788388476437197,-0.01440209964636796,-0.024960869722835066,1438.5937255859376,1479.8985473632813,1503.1927083333333,1504.5668884277343,1493.7956982421874,1481.7511474609375,0
2022-08-22,1360.7139892578125,1400.6752501127608,1355.1114625608818,1398.146638625262,366527,Healthcare,-0.030486150751429686,-0.020016766745279857,-0.026364815958593746,-0.02684621927652797,1416.629931640625,1459.9774291992187,1494.0369954427083,1496.9935913085938,1491.0212255859376,1480.0373453776042,0
2022-08-23,1387.685302734375,1404.3937479686165,1344.1048222419977,1361.6559765935765,562276,Healthcare,0.01982144204402103,-0.02609930963147422,0.002654789434993088,-0.008122313642070389,1407.0709716796875,1444.5482299804687,1482.2172037760417,1489.5739990234374,1489.9027099609375,1478.5482991536458,1
2022-08-24,1400.7247314453125,1416.5407178850892,1380.3970679235017,1388.2306795382897,219286,Healthcare,0.009396531537261277,0.019516458930540326,0.008649262312683037,0.027001053103111294,1398.5730224609374,1432.9862548828125,1470.9560139973958,1484.3408630371093,1487.55263671875,1477.3369018554688,1
2022-08-25,1395.71728515625,1418.9701010784302,1391.205486941326,1409.0045393722892,240092,Healthcare,-0.0035748967492675865,0.014964270809018965,0.0017150111978201377,0.007829934783969872,1389.6685302734375,1421.8704956054687,1459.17919921875,1479.7919311523438,1484.181220703125,1476.7287272135416,0
2022-08-26,1407.269287109375,1415.9953573369403,1391.2551507366893,1401.8651515651957,164033,Healthcare,0.008276749221338031,-0.005066972892985966,-0.0020964104453146115,3.569838951156257e-05,1390.422119140625,1414.5079223632813,1450.0730712890625,1475.0000610351562,1481.7379345703125,1476.566768391927,1
2022-08-29,1401.5675048828125,1408.7070492866733,1362.250927277286,1368.3987573346258,158973,Healthcare,-0.004051663941500694,-0.02387276279262973,-0.005147127080963099,-0.020847522788357775,1398.592822265625,1407.611376953125,1439.5158935546874,1470.1759521484375,1477.3134375,1475.6164916992188,0
2022-08-30,1421.201171875,1431.8608004099076,1409.1532884383523,1414.4582886631815,259074,Healthcare,0.01400836343864098,0.033659436682236255,0.016436171832148183,0.03443004531830951,1405.29599609375,1406.1834838867187,1431.4641520182292,1462.9869018554687,1472.7183984375,1475.8015909830729,1
2022-09-01,1417.6810302734375,1443.7599850137915,1405.980300823559,1406.079435954366,211594,Healthcare,-0.0024768777786176033,-0.005923718483585971,0.008310294269161744,-0.0022516979812109428,1408.687255859375,1403.6301391601562,1424.8865885416667,1455.3888244628906,1469.2101416015626,1474.4084065755208,0
2022-09-02,1391.1063232421875,1433.6457018087906,1356.846724869734,1425.1179022351137,150399,Healthcare,-0.018745194767912143,0.013540107190192607,-0.007005515674341267,-0.03494613397146795,1407.7650634765625,1398.716796875,1417.1686848958334,1446.325665283203,1465.3865576171875,1471.445194498698,0
2022-09-05,1365.8702392578125,1403.7986856650043,1362.4492905485345,1403.7986856650043,282839,Healthcare,-0.01814101737785101,-0.014959615998559106,-0.020818962527582086,0.004129107272111465,1399.48525390625,1394.9536865234375,1409.5003662109375,1437.4261169433594,1459.897099609375,1468.0291544596355,0
2022-09-06,1355.0123291015625,1381.2895531931772,1347.724142100069,1375.3399930214907,244443,Healthcare,-0.0079494448624563,-0.020272630922169688,-0.016034444754565502,-0.010807850648545614,1390.17421875,1394.3835205078126,1401.7989908854167,1427.1804748535155,1454.17560546875,1462.790234375,0
2022-09-07,1391.7508544921875,1397.948312750152,1348.765187179661,1348.765187179661,389651,Healthcare,0.027113056170481098,-0.019322353728293273,0.012060295047091385,0.0007724467100291843,1384.2841552734376,1394.7900756835938,1398.8837076822917,1419.6691528320312,1447.2463525390624,1457.9793579101563,1
2022-09-08,1469.144775390625,1477.4741842624044,1400.9727282979804,1405.038237079409,1033212,Healthcare,0.05560903422378449,0.041721902696360225,0.05688756214155233,0.03870765765202466,1394.576904296875,1401.632080078125,1400.612394205729,1417.3091674804687,1443.2264404296875,1456.7712687174478,1
2022-09-09,1472.0699462890625,1486.3984216828376,1455.2128594520989,1482.3824202246233,308584,Healthcare,0.001991070551681906,0.055047742548264056,0.006040198546608311,0.038716050682880754,1410.76962890625,1409.2673461914062,1402.7344075520834,1415.5689208984375,1439.2144580078125,1456.2837361653646,1
2022-09-12,1486.94384765625,1491.8025582073578,1461.6582173801107,1479.8539310366675,232872,Healthcare,0.010104072435337175,-0.0017056929126106901,0.0036357254190313437,0.00442915129985777,1434.9843505859376,1417.2348022460938,1408.2972412109375,1415.8713623046874,1436.937763671875,1455.7449747721355,1
2022-09-13,1462.897705078125,1491.703419021162,1457.6422119507272,1464.5833653409686,301392,Healthcare,-0.016171520273631668,-0.010318968227493674,-6.645597009491411e-05,-0.002747568057724137,1456.56142578125,1423.367822265625,1415.1094889322917,1415.489599609375,1433.0566650390624,1454.5732421875,0
2022-09-14,1453.5767822265625,1482.3824977305353,1433.9928126714426,1437.810423034124,397194,Healthcare,-0.0063715479347646875,-0.018280244703319903,-0.006248508364178118,-0.01622441987847978,1468.926611328125,1426.6053833007813,1419.5022542317708,1416.39443359375,1429.52064453125,1450.8597290039063,0
2022-09-15,1406.4263916015625,1472.3178417657302,1393.9323397084272,1462.60017860212,183240,Healthcare,-0.03243749570131127,0.01724132414875923,-0.006789513489408816,-0.027936313633528664,1456.3829345703125,1425.4799194335938,1419.8823649088542,1414.555029296875,1425.1239208984375,1445.419189453125,0
2022-09-16,1351.8392333984375,1406.4263735154575,1345.840045342319,1406.4263735154575,226836,Healthcare,-0.03881266629316027,-0.0384068085786442,-0.044753562295523075,-0.03450116838251116,1432.3367919921875,1421.5532104492188,1416.9571614583333,1410.1350036621093,1418.9224951171875,1438.0681803385417,0
2022-09-19,1318.3233642578125,1365.9694733393062,1310.1427190866,1365.9694733393062,233546,Healthcare,-0.024792792155002186,-0.028765743403279975,-0.028765743403279975,-0.026524196823582535,1398.6126953125,1416.7985229492188,1411.027433268229,1405.8761047363282,1412.41962890625,1430.5502522786458,0
2022-09-20,1341.9727783203125,1355.7063214185655,1306.969607196616,1329.7266251831145,163944,Healthcare,0.01793900851921415,-0.026532692613979836,-0.007513456282189801,-0.0024219589543620357,1374.4277099609376,1415.4945678710938,1407.0544514973958,1404.9390441894532,1407.2772216796875,1423.2851725260416,1
2022-09-21,1356.8963623046875,1387.1894664750855,1342.6173938773763,1342.6173938773763,298264,Healthcare,0.011120630928932895,0.009694299903550974,0.023222688099275857,0.027275145867563966,1355.0916259765625,1412.0091186523437,1402.7674641927083,1403.3995971679688,1404.1338720703125,1417.1158081054687,1
2022-09-22,1431.9599609375,1437.7112508992543,1354.9132045314698,1357.4913230838,584853,Healthcare,0.0553200677060679,0.011078308142179472,0.036420248023182555,0.009158089795473279,1360.19833984375,1408.2906372070313,1403.719392903646,1404.961358642578,1403.68369140625,1414.3029907226562,1
2022-09-23,1447.97412109375,1474.4496138733027,1416.838067162386,1432.852323218948,487338,Healthcare,0.011183385424942793,0.05551490374461565,0.025553366819011325,0.04570393322894062,1379.4253173828124,1405.8810546875,1407.5105794270833,1407.574200439453,1403.99306640625,1412.3396321614584,1
2022-09-26,1492.94287109375,1503.205837696819,1417.2843737736232,1437.6120367343717,492395,Healthcare,0.03105632161853289,0.0033218451324634746,0.019503022384044,0.00031500184924526664,1414.34921875,1406.48095703125,1415.982088216146,1411.8578796386719,1407.5707275390625,1412.7412272135416,1
2022-09-27,1474.598388671875,1513.96471574751,1437.2648763015595,1502.263866259333,569208,Healthcare,-0.012287464428183736,0.04497168072675728,0.007157288629995984,0.014097737121546494,1440.8743408203125,1407.651025390625,1423.9544921875,1415.509423828125,1412.126103515625,1412.8767415364584,0
2022-09-28,1510.494140625,1517.137767397924,1457.6421686764368,1466.5168804014163,357565,Healthcare,0.02434273103028084,-0.023795410820156015,0.0020958557471053574,0.014177826725518372,1471.593896484375,1413.3427612304688,1431.870711263021,1419.974072265625,1417.03845703125,1415.3772094726562,1
2022-09-29,1525.169677734375,1537.9612559091722,1497.5538276833188,1516.9890327561347,336169,Healthcare,0.009715719323017513,0.03441634598907806,0.013725509283815995,0.027380971725812886,1490.23583984375,1425.21708984375,1435.6057047526042,1425.3485046386718,1422.0162548828125,1418.1090494791667,1
2022-09-30,1541.2830810546875,1546.340182870792,1509.2050607720662,1534.6889611466977,222877,Healthcare,0.010564990607634384,0.011667802474751632,0.005448074149739579,0.007780176494070812,1508.8976318359375,1444.161474609375,1440.2199137369792,1432.8573425292968,1427.83888671875,1421.4771606445313,1
2022-10-03,1502.01611328125,1539.200866044443,1496.3144511908936,1537.0194089666493,220876,Healthcare,-0.02547680452481671,0.001518514747255617,-0.004616912181053645,-0.008541324115742155,1510.7122802734375,1462.5307495117188,1441.2247314453125,1439.6646362304687,1431.628759765625,1424.760986328125,0
2022-10-04,1519.368896484375,1523.979829728049,1510.295793206973,1512.1798447633687,115003,Healthcare,0.011552994038936504,-0.01616086567181374,-0.00988892135664543,0.00934385282782757,1519.6663818359375,1480.270361328125,1444.9894775390626,1447.8824645996094,1436.3408154296876,1430.0494832356771,1
2022-10-06,1553.777099609375,1564.783882263033,1524.277198429501,1524.277198429501,271834,Healthcare,0.02264637850927187,0.007999943728932202,0.02677466705203413,0.009257395329718587,1528.3229736328126,1499.9584350585938,1451.6694986979167,1455.9837768554687,1441.6438525390624,1435.5858764648438,1
2022-10-07,1522.492431640625,1560.718282100324,1500.7765133828543,1545.2990783586995,180637,Healthcare,-0.02013459200590295,0.013791375972072473,-0.002598186374995981,-0.015417592725824325,1527.7875244140625,1509.0116821289062,1459.4072347005208,1458.6511596679688,1445.83630859375,1439.6447998046874,0
2022-10-10,1540.09326171875,1545.5965322775385,1492.348016902708,1519.1210378039525,128845,Healthcare,0.011560536993381554,-0.016940436269819892,-0.009688968211761795,-0.005616090340558433,1527.549560546875,1518.2235961914062,1471.9575032552084,1462.0523254394532,1451.7957861328125,1444.4573323567708,1
2022-10-11,1535.6805419921875,1550.7032051528454,1529.235185346185,1536.9696617390312,220204,Healthcare,-0.0028652289028509026,0.011749309956816001,0.0033040141904185916,0.024717537749696206,1534.2824462890626,1522.49736328125,1486.4479817708334,1464.48916015625,1458.5881982421874,1448.7377075195313,0
2022-10-12,1567.262939453125,1573.9065665724374,1521.9966781902583,1533.052968404614,164654,Healthcare,0.02056573395138983,-0.002548321825679767,0.014963122112915839,-0.00473341656357984,1543.8612548828125,1531.763818359375,1501.4673258463542,1469.707421875,1467.07822265625,1454.260888671875,1
2022-10-13,1571.5267333984375,1581.5914303458244,1527.053794816658,1561.759562880673,119324,Healthcare,0.002720535168655447,0.018725115875110943,0.00488266834677642,0.003322685718613272,1547.411181640625,1537.8670776367187,1515.776017252604,1475.6049194335938,1474.2692578125,1459.2717407226562,1
2022-10-14,1569.4443359375,1585.5577274768991,1558.8838428120876,1581.4922190511647,141245,Healthcare,-0.0013250792472579986,0.012634887366461678,0.002507788708874914,0.02084409082605454,1556.8015625,1542.2945434570313,1524.9416422526042,1483.7558166503907,1478.281240234375,1464.330517578125,0
2022-10-17,1545.69580078125,1579.6082457757393,1538.0109521279155,1569.4444136858451,115376,Healthcare,-0.015131811057232492,-0.00761799850811018,-0.0037522958628741776,-0.013389638221228295,1557.9220703125,1542.7358154296876,1531.4564208984375,1493.4486450195313,1481.2262744140626,1469.4835001627605,0
2022-10-18,1530.9210205078125,1564.3376684923155,1523.0874087151035,1556.8015831267662,126003,Healthcare,-0.009558659773785894,-0.008055609009679499,-0.009667319301643995,-0.00970314508629766,1556.970166015625,1545.6263061523437,1533.9882975260416,1504.0785278320313,1482.985361328125,1474.9851928710937,0
2022-10-19,1532.55712890625,1544.9520456065234,1512.3781076829182,1528.0453308097071,57337,Healthcare,0.0010687085594363044,-0.018471366312014847,-0.012392224055101653,-0.00703131085642672,1550.02900390625,1546.9451293945312,1537.8522135416667,1513.6077453613282,1485.77173828125,1480.9033528645834,1
2022-10-20,1538.209228515625,1541.7294334272144,1513.7169204824495,1524.0790228709209,54993,Healthcare,0.003688018869096865,-0.002595674263593084,-0.002085897868787101,0.0008852368284955059,1543.3655029296874,1545.3883422851563,1539.6998860677083,1522.673388671875,1489.1570361328124,1485.7852986653645,1
2022-10-21,1575.3939208984375,1595.919854644506,1538.9528656077891,1538.9528656077891,317677,Healthcare,0.024174014622637463,0.009759233290180802,0.03514911244629215,0.01667150890887603,1544.555419921875,1550.6784912109374,1543.0481689453125,1529.8450866699218,1495.9157373046876,1489.3269368489584,1
2022-10-24,1569.0972900390625,1599.3903932664373,1561.7594752797206,1589.8711216259344,22767,Healthcare,-0.003996861214104475,0.033086299883548165,0.0021746321482443154,0.014819563471766495,1549.2357177734375,1553.5788940429688,1544.902449544271,1535.9012451171875,1504.6060595703125,1492.561181640625,0
2022-10-25,1616.2474365234375,1640.045675511496,1571.0804347371466,1573.6585530853658,443498,Healthcare,0.03004921796990745,-0.010197410544817154,0.025419236239144993,0.005968242616716912,1566.3010009765626,1561.6355834960937,1552.51787109375,1542.066473388672,1516.5230224609375,1496.8713012695312,1
2022-10-27,1645.0533447265625,1673.859179560304,1614.809747973,1633.352494941967,161456,Healthcare,0.01782270929077967,0.03793322365869223,0.020617416059624194,0.02783391115374023,1588.800244140625,1569.4146240234375,1560.896834309896,1550.5892211914063,1528.6462451171874,1502.9431559244792,1
2022-10-28,1620.75927734375,1665.2322134217854,1604.3979876061103,1650.9532454419334,148808,Healthcare,-0.01476795111884388,0.010775843276005004,-0.00515393782455742,-0.006447669999490091,1605.31025390625,1574.3378784179688,1565.3623128255208,1556.1024780273438,1539.20076171875,1508.5159057617188,0
2022-10-31,1677.57763671875,1684.7666883295688,1618.676968967497,1663.596073992079,250505,Healthcare,0.03505663066024156,0.007657896179101842,0.011730781299049697,0.008899899820176138,1625.7469970703125,1585.1512084960937,1575.701326497396,1563.7228759765626,1549.02546875,1517.5542805989583,1
2022-11-01,1750.41015625,1761.1689198589445,1678.0734699850564,1683.7255036467925,521486,Healthcare,0.04341528996160582,0.01209995020390342,0.04534884981915677,0.03669447465818121,1662.0095703125,1605.6226440429687,1589.7224527994792,1574.1792297363281,1561.12291015625,1530.8399780273437,1
2022-11-02,1728.3472900390625,1776.142043331045,1710.4986089026868,1755.1203117436264,171107,Healthcare,-0.012604397964762759,0.042402878582167514,0.008501809964543083,0.019322836274814126,1684.429541015625,1625.3652709960938,1602.5669026692708,1585.4957885742188,1570.5390869140624,1544.507442220052,0
2022-11-03,1693.3935546875,1728.3968485921705,1675.7927726083296,1703.557386592373,225731,Healthcare,-0.02022379156840204,-0.02937857012208367,-0.02688140563878061,-0.020289894486743565,1694.0975830078125,1641.4489135742188,1610.9756103515624,1594.197021484375,1579.2908935546875,1556.2214680989584,0
2022-11-04,1733.900146484375,1740.9404352184335,1690.666699663675,1694.633073152622,122702,Healthcare,0.023920364929197024,-0.005238633878722587,0.007257353330909044,0.008875755581756462,1716.7257568359375,1661.0180053710938,1621.8005045572916,1603.203173828125,1588.2271337890625,1568.788260904948,1
2022-11-07,1709.953125,1750.0631491267968,1686.7003090744374,1750.0631491267968,84367,Healthcare,-0.013811072992253703,0.0327091904745227,0.005240106854786486,-0.002346051170243446,1723.2008544921875,1674.47392578125,1631.1677571614584,1612.5762084960938,1595.6184716796874,1578.0546997070312,0
2022-11-09,1607.4224853515625,1703.9540759822062,1601.4232970286398,1700.5826343059548,339199,Healthcare,-0.059961082060911775,-0.02827355964013678,-0.026347091056455274,-0.05055848486361669,1694.6033203125,1678.3064453125,1635.282869466146,1615.9426696777343,1598.2640478515625,1583.3696451822916,0
2022-11-10,1601.869384765625,1658.9356289056343,1572.6670098292504,1592.4988762835917,189447,Healthcare,-0.0034546615071910924,-0.06355689858404001,-0.026419988490958612,-0.017956705920755156,1669.3077392578125,1676.8686401367188,1640.0127604166667,1619.2521118164063,1602.2581787109375,1587.0005289713542,0
2022-11-11,1590.2181396484375,1639.5995348053018,1581.6409543693785,1609.9013636478492,88842,Healthcare,-0.007273530056816857,0.010927786275660933,-0.011655722960804749,0.005706194944028464,1648.67265625,1671.3851196289063,1643.856827799479,1620.3998718261719,1605.0921484375,1590.8545206705728,0
2022-11-14,1563.494873046875,1626.2131547784209,1551.8436507489198,1598.2006415939754,203311,Healthcare,-0.016804780385331508,-0.0072679744971215765,-0.008164420483609436,-0.018839486634524616,1614.5916015625,1665.6586791992188,1645.5425374348958,1619.9982788085938,1605.480859375,1592.621211751302,0
2022-11-15,1543.4150390625,1565.081329407816,1536.3251224480907,1556.8015491989238,119109,Healthcare,-0.012842916424308015,-0.025903563869028368,-0.03759152063859328,-0.010000059151152096,1581.283984375,1652.2424194335938,1643.4106119791666,1618.6968139648438,1606.317763671875,1593.2293904622395,0
2022-11-16,1423.828857421875,1536.7713595908372,1415.0532808409923,1536.7713595908372,1744686,Healthcare,-0.07748154489492598,-0.012866244652951053,-0.018088497565612482,-0.07893631356744013,1544.5652587890625,1619.5842895507812,1633.7260498046876,1612.603466796875,1601.6671875,1589.3142496744792,0
2022-11-17,1419.763427734375,1434.5877001162728,1392.296218910762,1413.0205444380083,699358,Healthcare,-0.002855279738367744,-0.080526497569409,-0.06649242832178404,-0.01608212371812978,1508.1440673828124,1588.7259033203125,1620.6271158854167,1607.045587158203,1597.0305029296876,1586.5724934895834,0
2022-11-18,1433.6951904296875,1441.33053168894,1397.1550004673095,1419.96164703278,442459,Healthcare,0.009812735293192043,0.00491224463939588,0.004700187776683684,0.00348976136726753,1476.8394775390625,1562.7560668945312,1606.536572265625,1602.102490234375,1591.68779296875,1583.7167032877603,1
2022-11-21,1432.455810546875,1457.5431721441696,1415.5492155957566,1429.877691899292,256620,Healthcare,-0.0008644653975864447,0.006983318801062621,0.011248384807495793,0.013165479221915133,1450.6316650390625,1532.6116333007812,1593.9830078125,1596.8148193359375,1586.1249560546876,1579.6726603190104,0
2022-11-22,1433.0010986328125,1449.6597936431504,1418.3750972850255,1437.810301985806,275625,Healthcare,0.0003806666020149674,0.005547754280981421,-0.005408675812615615,0.001996314687002787,1428.548876953125,1504.9164306640625,1577.6779052734375,1589.6951782226563,1580.6672265625,1576.6896158854167,1
2022-11-23,1424.9693603515625,1461.5590603990224,1413.56603611981,1437.8104466122804,185695,Healthcare,-0.005604837490294279,1.0058800814505275e-07,0.008208316743039346,-0.0033905425824387603,1428.7769775390625,1486.6711181640626,1555.9818522135417,1582.4887817382812,1575.8381689453124,1572.8521525065105,0
2022-11-24,1431.364990234375,1441.6775852076148,1413.119648519275,1424.969261591394,230039,Healthcare,0.004488257825582043,-0.00893106949608169,-0.013602922885634028,-0.00031578828942457893,1431.0972900390625,1469.6206787109375,1536.1830322265625,1573.2446594238281,1571.855927734375,1569.3749674479166,1
2022-11-25,1434.091796875,1442.7682381698355,1404.2448630295855,1431.3649153251945,234580,Healthcare,0.0019050393569977064,0.004488274874545617,0.0007565165564140663,-0.00628027888437388,1431.176611328125,1454.0080444335938,1518.8962483723958,1562.69658203125,1567.917314453125,1564.935929361979,1
2022-11-28,1451.2958984375,1456.7496614701283,1424.0270832743586,1441.6774920521416,181785,Healthcare,0.01199651347283992,0.007204715315104693,0.00969069246910248,0.014087443554604784,1434.94462890625,1442.7881469726562,1500.0559651692708,1554.2234130859374,1564.44078125,1560.9282348632812,1
2022-11-29,1463.69091796875,1470.731206536475,1446.734695912931,1447.7262892617405,153580,Healthcare,0.008540656350365827,0.004195665981431729,0.009597767849993222,0.015946053909564384,1441.0825927734375,1434.8157348632812,1483.6384847005208,1543.5290771484374,1559.9726611328124,1557.4031209309896,1
2022-11-30,1455.8572998046875,1474.4496750118587,1429.9767377251271,1462.5505548792692,94813,Healthcare,-0.0053519619940893826,0.010239688073280906,0.002528312759569884,-0.011583297362775413,1447.2601806640625,1438.0185791015624,1473.5341389973958,1528.8014343261718,1555.4430615234376,1554.4085042317708,0
2022-12-01,1464.13720703125,1469.54134236251,1443.0658483772663,1457.642222181437,184993,Healthcare,0.00568730687250274,-0.0033560089129618387,-0.003328925179700848,0.009153373133161669,1453.8146240234375,1442.45595703125,1464.3519938151042,1515.5909301757813,1549.35865234375,1552.1823771158854,1
2022-12-02,1466.219482421875,1479.8538905309133,1451.6926161186966,1464.1371606649525,182795,Healthcare,0.0014221859676983861,0.0044557837202297,0.007017528443142851,0.005978083225468334,1460.2401611328125,1445.7083862304687,1456.0854166666666,1504.2322265625,1542.2052978515626,1549.971122233073,1
2022-12-05,1439.1490478515625,1477.2758864688142,1432.8524540098924,1473.9044447211445,134089,Healthcare,-0.018462743739837695,0.006671017114104227,-0.0017420666179241984,-0.012978065672866745,1457.810791015625,1446.3777099609374,1447.7956949869792,1489.4946716308593,1534.940888671875,1546.6691162109375,0
2022-12-06,1432.9515380859375,1445.5943534061632,1408.062568997688,1427.8944361666695,284810,Healthcare,-0.0043063710286832535,-0.0312164121081675,-0.021445914979618674,-0.017301073074781015,1451.6629150390625,1446.37275390625,1440.4314615885417,1475.6445922851562,1525.1558447265625,1541.921036783854,0
2022-12-07,1425.117919921875,1442.718701955013,1415.598647932493,1432.8523965005604,116413,Healthcare,-0.005466771175336671,0.003472217699230784,-0.0019892519947759535,0.0053520909515898385,1445.5150390625,1446.3876098632813,1440.5173990885417,1466.529364013672,1512.1441552734375,1537.1217244466145,0
2022-12-08,1415.102783203125,1432.2077677366938,1409.0540882435537,1422.9363945316672,271974,Healthcare,-0.007027584580017843,-0.006920462982168196,-0.00728550493181801,-0.004623174583062606,1435.708154296875,1444.7613891601563,1440.206689453125,1457.1910339355468,1499.614375,1530.416902669271,0
2022-12-09,1404.9886474609375,1431.5632767210946,1396.7088671640392,1417.9288681038904,261289,Healthcare,-0.007147279944778151,-0.0035191498699596035,-0.00044999826848979296,-0.008761353579338715,1423.4619873046875,1441.85107421875,1438.292919921875,1447.9295593261718,1488.0781787109374,1522.41474609375,0
2022-12-12,1357.243408203125,1407.5667711008846,1340.6342194634703,1405.0381596213824,686589,Healthcare,-0.0339826512791378,-0.009091223666068626,-0.016762448443894518,-0.040147699365885914,1407.080859375,1432.4458251953124,1433.278759765625,1437.6169860839843,1473.0119091796876,1513.6308837890624,0
2022-12-13,1345.0467529296875,1406.0297440335696,1337.8577011328885,1358.4828912572111,516020,Healthcare,-0.008986343348379111,-0.03313452239383774,-0.0010919745328407116,-0.0020710483816331893,1389.49990234375,1420.5814086914063,1427.41513671875,1427.6985717773437,1458.415654296875,1502.5465209960937,0
2022-12-14,1360.664306640625,1373.3567495669004,1341.1795947185171,1346.5837299002533,290283,Healthcare,0.011611160487113414,-0.00875915437252639,-0.023237769048141232,0.0024829947032600774,1376.6091796875,1411.062109375,1423.1281331380208,1424.5403442382812,1448.5453271484375,1489.5549926757812,1
2022-12-15,1310.985595703125,1360.366994904838,1303.9453068483565,1358.4829432564622,1290661,Healthcare,-0.03651062991440768,0.008836593738653198,-0.009458397948063135,-0.027762342953014607,1355.7857421875,1395.7469482421875,1415.1028401692708,1419.1014526367187,1436.9099755859374,1475.6429361979167,0
2022-12-16,1284.410888671875,1313.8115340689196,1278.6595989406562,1306.9200088435712,579722,Healthcare,-0.020270784910491058,-0.03795626192353063,-0.0342227215231542,-0.019391693635384177,1331.6701904296874,1377.5660888671875,1405.124112955729,1411.6372375488281,1424.677685546875,1462.0101806640625,0
2022-12-19,1274.6436767578125,1292.4923578058176,1267.0084560604785,1284.1134420648168,319931,Healthcare,-0.007604429392654932,-0.017450621785900067,-0.016226966890049876,-0.00911199735240753,1315.150244140625,1361.1155517578125,1393.3472981770833,1403.746630859375,1413.1236376953125,1446.7016316731772,0
2022-12-20,1270.2806396484375,1286.0468762119835,1256.3983335111038,1269.239418270496,273027,Healthcare,-0.003422946497858015,-0.011583107307407303,-0.004986862440545581,-0.008374152910048283,1300.197021484375,1344.8484619140625,1380.453279622396,1395.6106079101562,1402.19826171875,1432.0458821614584,0
2022-12-21,1359.3258056640625,1373.8526733697222,1280.1470958645336,1281.9320124251367,1861301,Healthcare,0.07009881378674643,0.010000157552572775,0.06827573611964155,0.018902255534725132,1299.9293212890625,1338.2692504882812,1374.0178466796874,1392.3284301757812,1399.6181396484376,1423.7759928385417,1
2022-12-22,1320.60400390625,1386.247431876464,1299.3838831007508,1386.247431876464,966465,Healthcare,-0.02848603447125464,0.08137359738289485,0.009021897869398554,0.015027013144318202,1301.8530029296876,1328.8193725585938,1364.4489664713542,1386.790380859375,1395.6517626953125,1414.400480143229,0
2022-12-23,1308.80419921875,1351.8888855569026,1302.457977025182,1319.8108621397162,584272,Healthcare,-0.008935157437503616,-0.04792547723375562,-0.024785291232642837,0.0023658088763540697,1306.7316650390626,1319.200927734375,1353.9546142578124,1380.5260009765625,1390.656123046875,1405.0200154622396,0
2022-12-26,1293.28564453125,1328.5863440681148,1279.1554390993388,1320.5048339456027,364459,Healthcare,-0.011857048362744593,0.0005258115581512346,-0.017237024239006415,-0.017891201356888486,1310.46005859375,1312.8051513671876,1344.2303873697917,1372.62548828125,1385.08931640625,1396.0130411783855,0
2022-12-27,1313.018310546875,1318.7694791398812,1289.0713078121587,1296.0124610080704,243917,Healthcare,0.015257778588253945,-0.01854773440272106,-0.007388955164309818,0.007751887229437759,1319.0075927734374,1309.6023071289062,1336.2348388671876,1365.0918579101562,1380.2900048828126,1388.3331502278645,1
2022-12-28,1309.39892578125,1327.3467399341416,1301.862841064711,1308.9031291414235,261832,Healthcare,-0.0027565379222453945,0.0099464075548521,0.0065039879447730264,0.009923061024655233,1309.022216796875,1304.4757690429688,1328.5202392578126,1357.7689392089844,1375.6671875,1384.518819173177,0
2022-12-29,1306.027587890625,1337.6594402263718,1295.7149927564103,1319.8107597785774,496536,Healthcare,-0.002574721747700792,0.008333413217759489,0.007769409440627317,-0.0047223471738947476,1306.10693359375,1303.9799682617188,1321.2485595703124,1349.863458251953,1370.65369140625,1380.7276245117187,0
2022-12-30,1316.340087890625,1324.1240709811957,1300.5737304257134,1307.564511513508,120103,Healthcare,0.007896081289259671,-0.009278791049653123,-0.010118696013452833,0.0037498506202873205,1307.614111328125,1307.1728881835938,1315.3386555989584,1342.3694885253906,1365.943623046875,1376.8157877604167,1
2023-01-02,1306.572998046875,1321.7443036314078,1281.7831643687728,1313.8611849394151,210140,Healthcare,-0.007419883306449604,0.00481557381717157,-0.0017972389460637617,-0.014447905272383155,1310.27158203125,1310.3658203125,1311.9606282552083,1335.7406860351562,1360.15470703125,1372.6196940104167,0
2023-01-03,1355.359375,1361.60646165521,1301.9620961782084,1306.4242663478976,445251,Healthcare,0.03733918964042049,-0.005660353374287719,0.030158751518189586,0.01574285914370943,1318.739794921875,1318.8736938476563,1312.6481363932292,1331.8610778808593,1355.8214453125,1370.0316365559895,1
2023-01-04,1347.228271484375,1365.176086141846,1340.3862534535974,1353.5248647783692,167344,Healthcare,-0.005999223280264698,0.03605306457001212,0.0026216271640608912,0.029512500700427102,1326.3056640625,1317.6639404296875,1311.7524007161458,1327.9665954589843,1351.4762841796876,1367.4402669270833,0
2023-01-05,1356.4996337890625,1362.3995655037636,1325.5619712606376,1351.2441408837878,127867,Healthcare,0.00688180503699809,-0.0016850254871045856,-0.0020338186892280286,-0.011059709210508584,1336.4000732421875,1321.2535034179687,1314.786669921875,1325.0364379882812,1347.17078125,1364.944755045573,1
2023-01-06,1319.2158203125,1362.4492662706357,1314.951920479307,1356.4005710294932,121166,Healthcare,-0.027485310388487894,0.0038160610578727994,3.648031614988945e-05,-0.00800419068392566,1336.9752197265625,1322.2946655273438,1317.1069986979167,1320.7477966308593,1341.290634765625,1361.1155558268229,0
2023-01-09,1349.1123046875,1352.1365916080028,1320.8022677236793,1325.8593693147016,140936,Healthcare,0.022662314925785187,-0.022516358638518752,-0.007569217377804582,0.004449095935187941,1345.4830810546875,1327.8773315429687,1322.0715738932292,1320.341241455078,1337.6891650390626,1357.7094360351562,1
2023-01-10,1349.0130615234375,1358.036657421872,1334.28792517316,1346.53407826433,72764,Healthcare,-7.35618255928161e-05,0.01559344032113641,0.0043635131616788225,0.010210201616872139,1344.213818359375,1331.476806640625,1327.320402018229,1320.5395568847657,1334.3316259765625,1353.8868408203125,0
2023-01-11,1363.9366455078125,1378.1659857941104,1342.7661518092611,1348.1702871197292,273992,Healthcare,0.01106259413642885,0.0012151262131503415,0.014822374832246688,0.006354120783189199,1347.5554931640625,1336.9305786132813,1327.627791341146,1320.703173828125,1331.884375,1350.8228190104167,1
2023-01-12,1370.7291259765625,1378.2652116830347,1356.7476831056929,1363.4409386225673,180966,Healthcare,0.004980055702089592,0.011326945600813376,7.199850377026529e-05,0.01041248416754681,1350.4013916015624,1343.400732421875,1330.9694661458334,1323.6903503417968,1330.1094287109374,1347.7092163085938,1
2023-01-13,1367.655029296875,1376.430605602303,1343.6088922945555,1370.6794372137765,141380,Healthcare,-0.0022426726195793334,0.005308993140929141,-0.0013310980101509662,-0.009684034087356408,1360.0892333984375,1348.5322265625,1334.8928548177084,1327.852557373047,1328.616083984375,1344.4237345377603,0
2023-01-16,1366.86181640625,1383.2727349046631,1363.4408677375711,1367.9030378501668,69750,Healthcare,-0.0005799802389004904,-0.002025564321044615,0.004970922089723606,0.014760229376829637,1363.6391357421876,1354.5611083984375,1339.7979329427083,1332.4634643554687,1329.0008203125,1342.01416015625,0
2023-01-17,1375.290283203125,1379.554182823744,1349.409722203177,1364.43238495272,131152,Healthcare,0.00616629032701721,-0.0025372068059015263,-0.002688227698766421,-0.010290982078069,1368.894580078125,1356.55419921875,1343.9493977864583,1337.7139465332032,1330.2105615234375,1340.0921183268229,1
2023-01-18,1362.5980224609375,1383.1735844183158,1354.5165124712655,1380.644972964946,46110,Healthcare,-0.009228786749388318,0.011882294931593762,0.0026236023489585314,0.003784462334946559,1368.62685546875,1358.0911743164063,1347.496004231771,1337.8775573730468,1330.28791015625,1338.0081217447917,0
2023-01-19,1346.5340576171875,1362.6970766363731,1339.642532680182,1362.59794151635,44324,Healthcare,-0.011789217787603667,-0.013071449794830214,-0.014804004365478018,-0.010981025077314466,1363.787841796875,1357.0946166992187,1350.196435546875,1339.1740600585938,1331.7098486328125,1335.7224975585937,0
2023-01-20,1298.7393798828125,1349.756808918859,1291.054531481139,1349.756808918859,149025,Healthcare,-0.0354945925533825,-0.009424007042899918,-0.009496070652367905,-0.03626937784801032,1350.0047119140625,1355.04697265625,1349.023055013021,1338.6708190917968,1332.28298828125,1332.1808553059896,0
2023-01-23,1312.22509765625,1321.793998145723,1290.112637530544,1300.9705368095938,118123,Healthcare,0.010383698209454728,-0.03614449046442847,-0.02071692514411827,-0.0007295539635452375,1339.0773681640626,1351.358251953125,1349.3998616536458,1339.6177917480468,1333.7862451171875,1330.680244954427,1
2023-01-24,1297.6982421875,1321.9427735939014,1293.682361519135,1316.8360433434973,72263,Healthcare,-0.01107039904563345,0.012195131315433816,0.0001125556995924537,0.0027669862961918756,1323.5589599609375,1346.2267700195312,1345.5557861328125,1338.851788330078,1334.88294921875,1329.101961263021,0
2023-01-25,1287.68310546875,1304.1931590238923,1262.4471030237005,1298.9872939146924,136258,Healthcare,-0.0077176160012882855,-0.013554268596329022,-0.013426915994066868,-0.024144457267513242,1308.5759765625,1338.601416015625,1341.5861083984375,1337.7659973144532,1332.0172412109375,1326.6692545572917,0
2023-01-27,1289.9638671875,1311.2831251043588,1271.6688964881916,1288.178950665187,125630,Healthcare,0.0017712135144614116,-0.008320591972022284,0.005436285285971509,0.007304696919501863,1297.2619384765626,1330.5248901367188,1337.150390625,1336.9628112792968,1330.7916357421875,1325.9685302734374,1
2023-01-30,1306.275390625,1319.612392943278,1288.6746098049443,1289.9637294939132,137169,Healthcare,0.012644945996095114,0.0013855053506384163,0.006351998038758078,0.013372752422989409,1298.769140625,1324.3869262695312,1336.2876953125,1336.4595764160156,1330.6904833984374,1326.6973470052083,1
2023-01-31,1333.693115234375,1341.576234300828,1294.475548075079,1303.3007534925157,122408,Healthcare,0.02098923764938787,0.010339068993695522,0.016644161175662697,0.00450147634321163,1303.062744140625,1321.0700561523438,1335.2597493489584,1337.8155822753906,1332.3067822265625,1328.6656616210937,1
2023-02-01,1295.7149658203125,1337.163615749509,1282.7251173066138,1337.163615749509,107012,Healthcare,-0.028475928217855717,0.0259823852370602,-0.0032891299342512337,-0.009077367885348075,1302.6660888671875,1313.1125244140626,1331.70654296875,1334.8333618164063,1331.6146484375,1329.5134724934896,0
2023-02-02,1304.7386474609375,1332.2553643810252,1285.4025761116866,1287.2865067411922,94787,Healthcare,0.006964248988906352,-0.03730067765892631,-0.0036706438244902273,0.0020873207898934876,1306.077197265625,1307.3265869140625,1327.760009765625,1332.7088806152344,1331.4282373046874,1327.6939005533854,1
2023-02-03,1213.859130859375,1309.25037113983,1209.7439938844684,1297.1033515291049,339871,Healthcare,-0.06965342582471734,0.007625998358954611,-0.017267705468676064,-0.058859833979859943,1290.85625,1294.0590942382812,1317.3020100911458,1325.57685546875,1327.7414990234374,1324.1357381184896,0
2023-02-06,1285.799072265625,1288.9722436706738,1180.3927698410926,1211.727096070761,396780,Healthcare,0.05926547782799041,-0.06582070376866811,-0.015488349605356166,-0.024262343265809116,1286.760986328125,1292.7650634765625,1311.8449462890626,1323.9060180664062,1326.5198583984375,1323.3689005533854,1
2023-02-07,1239.243896484375,1289.0714666370775,1229.575860484597,1286.0966863294534,204929,Healthcare,-0.036207193476363364,0.06137486774030965,7.697835767284111e-05,0.041666716283026206,1267.871142578125,1285.466943359375,1303.3370849609375,1318.41259765625,1323.8266943359374,1321.567508951823,0
2023-02-08,1276.329345703125,1278.1141410242128,1226.8488156149847,1245.3915619857853,197911,Healthcare,0.029925867961874353,-0.031650127689731744,-0.008500169227583676,-0.0022178744372367554,1263.9940185546875,1283.3300537109376,1296.7396891276042,1314.7784118652344,1320.6654931640626,1320.3445434570312,1
2023-02-09,1277.3209228515625,1289.0712791488293,1255.9520389988004,1264.3310749397294,167005,Healthcare,0.0007768975553024138,0.01520767727359984,0.008572894840077394,0.02372193135241929,1258.5104736328126,1282.2938354492187,1291.054549153646,1310.4476257324218,1317.86919921875,1319.2752766927083,1
2023-02-10,1275.9327392578125,1293.979689755647,1246.0361756368102,1269.2394841655332,198431,Healthcare,-0.0010867931221629767,0.0038822182916271597,0.0038077107807870103,-0.007895097148689523,1270.9251953125,1280.89072265625,1286.347794596354,1305.7078063964843,1314.6465234375,1318.2721150716145,0
2023-02-13,1301.46630859375,1323.7771595982144,1250.399249627976,1250.399249627976,470377,Healthcare,0.020011689135580824,-0.014843719229191699,0.02302777244378107,0.003501562857062268,1274.058642578125,1280.409814453125,1286.52958984375,1302.398370361328,1313.93654296875,1317.7763224283854,1
2023-02-14,1317.6292724609375,1320.802322716487,1294.0789307458351,1303.8956079307384,197853,Healthcare,0.012419041323207036,0.042783421630074425,-0.002247233879326349,0.034932587436256934,1289.7357177734375,1278.8034301757812,1286.8898681640626,1299.9367431640626,1312.6772216796876,1318.144864908854,1
2023-02-15,1291.3023681640625,1319.066980418694,1279.056215182001,1316.885523587757,159856,Healthcare,-0.0199805095766461,0.009962389303261432,-0.0013138546684442476,-0.011608809329100023,1292.730322265625,1278.3621704101563,1286.4634765625,1295.7373474121093,1310.3687939453125,1316.0096313476563,0
2023-02-16,1337.114013671875,1341.526676736473,1292.7402109513396,1297.797433906734,247283,Healthcare,0.035477086263650426,-0.014494873957622945,0.01702695666800036,0.010698510047419063,1304.6889404296876,1281.59970703125,1289.7588704427083,1294.4631469726562,1309.295888671875,1315.672489420573,1
2023-02-17,1336.6678466796875,1345.0963902232909,1319.0670645739276,1329.7266931731906,317849,Healthcare,-0.00033367909364911963,0.024602652488177945,0.0026609336576906006,0.020365154111833483,1316.8359619140624,1293.8805786132812,1292.872469075521,1293.9698364257813,1307.9334375,1315.0114298502604,0
2023-02-20,1347.9720458984375,1351.5417578070806,1322.1409902974658,1338.6510440495665,168241,Healthcare,0.008456999430958012,0.006711417407948117,0.004791751454124249,0.0023303786487391953,1326.137109375,1300.0978759765626,1295.65224609375,1296.4314697265625,1307.1461181640625,1315.969970703125,1
2023-02-21,1343.4107666015625,1360.466124408277,1335.8250529964398,1354.7148343568354,120699,Healthcare,-0.003383808522405163,0.011999983400210246,0.006603100902836001,0.010349926974047685,1331.293408203125,1310.5145629882813,1296.3000895182292,1297.9907531738281,1306.208076171875,1315.7799194335937,0
2023-02-22,1337.2628173828125,1348.5173781154583,1323.8267996166026,1342.6174458809687,81898,Healthcare,-0.004576373341344087,-0.008929841298748298,-0.008782832647167615,-0.008981904743382008,1340.485498046875,1316.60791015625,1299.0699462890625,1299.9689819335938,1304.6869775390626,1315.3882446289062,0
2023-02-23,1333.3226318359375,1343.7465693996608,1318.759000730244,1321.8512593853704,230120,Healthcare,-0.0029464556223782745,-0.0154669422472552,-0.003537817749493688,-0.0038281434458240504,1339.7272216796875,1322.2080810546875,1300.9755452473958,1302.250958251953,1303.5159619140625,1314.3677775065105,0
2023-02-24,1334.07080078125,1340.903724550088,1318.3100834134195,1331.626826568217,105056,Healthcare,0.0005611312126925228,0.0073953609480932325,-0.002115610870614293,-0.0003404089121483711,1339.2078125,1328.0218872070313,1308.989656575521,1304.4563049316407,1303.017431640625,1313.1458333333333,1
2023-02-27,1305.392333984375,1336.863721871948,1295.71640763798,1327.6866726160376,149046,Healthcare,-0.021496960116419994,-0.0029589025044903794,-0.00301289541088845,-0.01713836225612353,1330.6918701171876,1328.4144897460938,1310.2958740234376,1304.4121520996093,1303.2835498046875,1311.07041015625,0
2023-02-28,1307.8861083984375,1324.4447607756156,1296.763840337639,1296.763840337639,84826,Healthcare,0.0019103639182949106,-0.023290760475488614,-0.009289623836109984,0.0008083811345482861,1323.5869384765624,1327.4401733398438,1314.872021484375,1303.1218017578126,1303.109990234375,1309.1045532226562,1
2023-03-01,1326.040771484375,1335.267745089143,1297.8610953400837,1310.7290072070475,121565,Healthcare,0.01388092049403955,0.010769244510837384,0.008171714392368745,0.0008461486728061907,1321.342529296875,1330.914013671875,1318.1861165364583,1304.6380920410156,1304.24369140625,1307.4629028320312,1
2023-03-02,1314.17041015625,1352.6244959717585,1307.7365149107486,1307.7365149107486,145582,Healthcare,-0.008951731789390793,-0.002283074746835312,0.012998704526826277,0.007608995759347481,1317.5120849609375,1328.6196533203124,1320.6427490234375,1305.1096801757812,1305.30318359375,1305.8486490885416,0
2023-03-03,1308.783935546875,1327.487260784675,1301.751436550886,1317.7116074204753,90813,Healthcare,-0.004098764184421566,0.007627754059010394,-0.0185840455070454,-0.004576669911424136,1312.4547119140625,1325.8312622070312,1322.8328287760417,1309.8559204101562,1306.055986328125,1304.590311686198,0
2023-03-06,1308.783935546875,1316.714096741126,1304.743968588934,1308.8836622615215,120614,Healthcare,0.0,-0.006699451616909657,-0.008115455689707396,0.0022988505747125743,1313.1330322265626,1321.912451171875,1323.3206705729167,1311.0051635742188,1306.156328125,1304.9251302083333,0
2023-03-08,1296.763916015625,1309.4821774996244,1287.7863196739784,1306.7390230618992,164894,Healthcare,-0.00918411298059485,-0.0016385254560491447,-0.005492399040460394,-0.012996916884233656,1310.90859375,1317.2477661132812,1321.9296468098958,1313.8811645507812,1304.67916015625,1304.409757486979,0
2023-03-09,1271.9757080078125,1295.965765671311,1268.8335251606138,1292.7737803523237,158984,Healthcare,-0.01911543628078083,-0.010687093951516569,-0.010321951730662193,-0.014717344192756054,1300.0955810546875,1310.7190551757812,1320.641202799479,1313.6634826660156,1303.72958984375,1303.5523396809897,0
2023-03-10,1237.51171875,1274.5692646705031,1232.3247119478406,1268.8335782906515,102610,Healthcare,-0.02709484862080469,-0.01851847742081192,-0.016510081953996947,-0.02877352504391928,1284.7638427734375,1301.1379638671874,1314.0010498046875,1311.6730224609375,1301.0405126953126,1301.8799601236979,0
2023-03-13,1218.459228515625,1246.888281329948,1207.785913534014,1236.9131750793083,134573,Healthcare,-0.015395805910928928,-0.025157281268001874,-0.021717912166751452,-0.019912607591094922,1266.6989013671875,1289.576806640625,1306.1204752604167,1308.7993469238281,1301.2245166015625,1299.4964721679687,0
2023-03-14,1226.7884521484375,1236.8134829169244,1203.4466785166687,1218.4592625497885,155490,Healthcare,0.006835865688308296,-0.014919327323307585,-0.008079952762309883,-0.003592718683602336,1250.2998046875,1281.7164184570313,1298.0415690104167,1305.0654541015624,1298.864091796875,1296.8469075520834,1
2023-03-15,1261.751220703125,1268.334766510253,1231.676250844306,1233.2224410279468,179393,Healthcare,0.02849942750395007,0.012116267594588725,0.025485882898841128,0.0234572688857575,1243.297265625,1277.1029296875,1292.5975992838542,1302.271551513672,1299.764384765625,1294.4488444010417,1
2023-03-16,1258.5592041015625,1293.871107308309,1249.9806364170054,1249.9806364170054,165682,Healthcare,-0.002529830404906397,0.013588947809844987,0.0201337544884288,0.014861361141088603,1240.61396484375,1270.3547729492188,1287.350691731771,1300.6343933105468,1299.0535791015625,1293.2103190104167,0
2023-03-17,1269.53173828125,1278.210153878075,1251.8758487229663,1259.8559338144275,78218,Healthcare,0.008718329772591238,0.007900360301363651,-0.01210395173195744,0.001516193331917215,1247.01796875,1265.8909057617188,1283.0979654947917,1297.2552795410156,1298.74201171875,1292.0367553710937,1
2023-03-20,1267.3372802734375,1307.7364615808551,1242.6488916966823,1293.7213882478802,111553,Healthcare,-0.0017285570274780948,0.02688041824823517,0.023099728642584694,-0.007370504859324889,1256.7935791015625,1261.746240234375,1278.649064127604,1293.788751220703,1298.398193359375,1293.8193603515624,0
2023-03-21,1236.5640869140625,1273.8210848950189,1234.120112790777,1269.8310423424896,58825,Healthcare,-0.024281770794855384,-0.01846637624020886,-0.025934412385227645,-0.006863385919300358,1258.7487060546875,1254.5242553710937,1274.0605143229166,1288.2183532714844,1295.8021044921875,1292.1781941731772,0
2023-03-22,1249.731201171875,1267.187637654048,1225.342114336214,1237.0628645456732,154679,Healthcare,0.010648145451702451,-0.02580514785366106,-0.0052075187949314206,-0.0071127586071932924,1256.3447021484376,1249.8209838867188,1270.1835205078125,1283.534375,1293.086181640625,1292.5277709960938,1
2023-03-23,1227.48681640625,1249.8808824734397,1221.950583423754,1246.888350432402,67049,Healthcare,-0.01779933536488998,0.007942592222536238,-0.013657610496144446,-0.0027678236737151973,1250.130224609375,1245.3720947265624,1263.6132568359376,1278.0455749511718,1290.5335595703125,1290.8996866861978,0
2023-03-24,1200.4044189453125,1235.6663983720036,1197.0128581605686,1229.9307117599842,265615,Healthcare,-0.02206328988544859,-0.013599965599596087,-0.01137267102870343,-0.020408129102334915,1236.3047607421875,1241.6613647460938,1256.028857421875,1271.3996643066407,1285.06517578125,1288.3358032226563,0
2023-03-27,1229.9805908203125,1240.3546044634702,1199.0078355465805,1202.0003675820549,230838,Healthcare,0.02463850633021325,-0.022708876126820265,0.0037940710353889795,0.0016666298715266592,1228.8334228515625,1242.8135009765624,1250.775301106771,1266.1951538085937,1280.797685546875,1286.8040649414063,1
2023-03-28,1194.319580078125,1232.9231945003214,1188.035214118028,1230.0303891890633,246191,Healthcare,-0.028993149167015786,0.023319478398657667,-0.005991359193900259,-0.009151417616508284,1220.384521484375,1239.5666137695312,1243.1443440755208,1260.6415161132813,1274.6515869140626,1283.2325073242187,0
2023-03-29,1198.509033203125,1205.042776597573,1179.6560577657438,1183.0476182928892,180361,Healthcare,0.0035078158265864356,-0.038196431006187526,-0.02261326417340026,-0.007052952852500072,1210.140087890625,1233.2423950195312,1236.5940185546874,1255.1726623535155,1268.855517578125,1279.2618326822917,1
2023-03-31,1245.192626953125,1250.379633767563,1168.4341072890215,1204.5440668605615,240658,Healthcare,0.038951390817000275,0.01817040010501958,0.037622612284352375,-0.009512900309244787,1213.68125,1231.9057373046876,1234.8084798177083,1251.1302551269532,1265.1727099609375,1277.7248413085938,1
2023-04-03,1252.97314453125,1258.858481914089,1233.3720352575087,1258.858481914089,129189,Healthcare,0.0062484449471591486,0.0450912644442214,0.006781019074165506,0.0555768849637186,1224.1949951171875,1230.2498779296875,1235.8392415364583,1248.0703918457032,1261.95873046875,1274.920145670573,1
2023-04-05,1248.88330078125,1271.4769407596928,1228.3844087591376,1249.9805381139531,175124,Healthcare,-0.003264111260365521,-0.007052376361350032,0.010023731044348505,-0.00404389458800225,1227.975537109375,1228.4044799804688,1237.8675130208333,1245.0753601074218,1258.55123046875,1271.993994140625,0
2023-04-06,1237.012939453125,1255.167706441926,1233.970605013907,1254.86840453872,254851,Healthcare,-0.009504780247041045,0.003910354022105045,-0.012826999684337315,0.00454759618807965,1236.514208984375,1228.449365234375,1238.5491455078125,1241.4868103027343,1255.8160546875,1268.2953572591146,0
2023-04-10,1247.287353515625,1256.8135072579855,1235.9157076392642,1251.8758781979634,224910,Healthcare,0.008305825860675409,-0.002384733195873623,0.0013112198534210862,0.0015762957540914613,1246.269873046875,1228.20498046875,1237.5848876953125,1239.0129821777343,1253.3921044921874,1265.0912434895833,1
2023-04-11,1232.32470703125,1258.808542280517,1227.0378517695558,1256.6140675113832,138698,Healthcare,-0.011996150239318215,0.0037848714844159748,0.0015873755422028957,-0.007183221165354414,1243.6962890625,1228.68876953125,1235.8359212239584,1237.0304321289063,1249.6434619140625,1261.5933064778646,0
2023-04-12,1291.576904296875,1316.265294145392,1234.66887010109,1239.9058012810783,785642,Healthcare,0.04808164352102251,-0.013296259099975005,0.04564375751755212,0.006219056992031069,1251.417041015625,1237.8060180664063,1237.3055989583333,1239.73369140625,1248.7397216796876,1260.2017822265625,1
2023-04-13,1287.187744140625,1307.7364388106016,1281.5517847154235,1291.7263444572618,212286,Healthcare,-0.0033982956350859794,0.041793935573688046,-0.0064795868832262515,0.037972055301349616,1259.0779296875,1243.5267333984375,1238.6289632161458,1243.1701171875,1247.8758740234375,1258.639013671875,0
2023-04-17,1285.3424072265625,1293.9707770061468,1261.451953904736,1285.7413140766605,112487,Healthcare,-0.0014336190835118057,-0.004633357836420049,-0.010526327320950712,-0.01568397863466031,1268.7438232421875,1252.6290161132813,1241.8808512369792,1246.0978149414063,1246.938212890625,1257.970682779948,0
2023-04-18,1292.22509765625,1305.1927358535688,1272.973215546245,1282.7986709040035,177567,Healthcare,0.00535475246984074,-0.0022886743549733746,0.00867249790090785,0.009133333699984147,1277.7313720703125,1262.0006225585937,1244.713777669271,1247.6215087890625,1246.75666015625,1257.4486490885417,1
2023-04-19,1269.8809814453125,1304.5942789987869,1266.9881762075804,1294.7688234514603,236853,Healthcare,-0.017291195049116248,0.009331279193656616,-0.0004585199092381753,-0.004701622363748159,1285.242626953125,1264.4694580078126,1247.5400553385416,1248.18759765625,1246.67287109375,1255.5766560872396,0
2023-04-20,1240.055419921875,1276.5642862718894,1236.913236942483,1269.93081593016,123457,Healthcare,-0.023486895196659807,-0.019183353098578437,-0.02148560144569167,-0.023737348011501846,1274.938330078125,1263.177685546875,1250.183455403646,1246.7137817382813,1246.774619140625,1253.1061564127604,0
2023-04-21,1236.2647705078125,1252.8234225531978,1222.4492726850988,1246.7885563231807,132671,Healthcare,-0.0030568387131449937,-0.01822324438204037,-0.01859746819960395,-0.011693596466909595,1264.7537353515625,1261.9158325195312,1250.602400716146,1245.16015625,1247.4868408203124,1250.6888509114583,0
2023-04-24,1231.9755859375,1240.454426524086,1222.9480657828542,1237.910725641535,83508,Healthcare,-0.003469470838799893,-0.007120558363020835,-0.009872896536292641,0.00040802764490988075,1254.08037109375,1261.4120971679688,1253.1128011067708,1244.930731201172,1247.694326171875,1248.128572591146,0
2023-04-25,1222.5989990234375,1236.364573457105,1217.0627659988097,1230.8284621989187,86848,Healthcare,-0.007611016826220007,-0.005721142321427064,-0.0032970603188069436,-0.0048123873357427405,1240.1551513671875,1258.94326171875,1254.718798828125,1243.57412109375,1246.1282373046874,1245.6564086914063,0
2023-04-26,1214.7685546875,1225.84089888109,1211.0776921120096,1221.8009319209232,148247,Healthcare,-0.006404752778459755,-0.007334515373383144,-0.008511789161500305,-0.004917637819515708,1229.132666015625,1257.187646484375,1252.69052734375,1242.9382080078126,1244.376611328125,1243.7495035807292,0
2023-04-27,1222.199951171875,1229.4818277858612,1211.376984731272,1221.950573503813,255081,Healthcare,0.006117541037508056,0.00012247623895222937,0.002970148008681006,0.0002471291653802776,1225.561572265625,1250.249951171875,1250.6389811197917,1244.0279846191406,1242.48333984375,1243.239111328125,1
2023-04-28,1248.3846435546875,1255.8659738196975,1223.9456313556543,1226.9381634616586,214125,Healthcare,0.021424229609652734,0.004081662602394953,0.021459565678453973,0.010375503895817095,1227.985546875,1246.3696411132812,1250.6057373046874,1244.9481872558595,1241.725234375,1244.2366251627604,1
2023-05-02,1260.6041259765625,1275.5168619848027,1242.9482355893424,1246.8384298409246,236918,Healthcare,0.009788235128462386,0.01621945341003972,0.015647281298128757,0.01552569309197227,1233.7112548828125,1243.8958129882812,1252.1784830729166,1248.2624145507812,1242.6868359375,1245.3638142903646,1
2023-05-03,1236.4144287109375,1271.826056156874,1231.925630865678,1265.0928593889848,162510,Healthcare,-0.019188971991413895,0.01464057339842273,-0.0028935766652159467,-0.008868112450747478,1236.4743408203126,1238.31474609375,1251.4536214192708,1250.1576843261719,1242.1541650390625,1244.5192545572916,0
2023-05-04,1250.3297119140625,1254.170225441451,1228.135099305814,1238.110206096038,131723,Healthcare,0.011254546113339092,-0.02132859504556761,-0.013882268435963852,-0.003076915898892585,1243.586572265625,1236.359619140625,1252.653955078125,1250.4145385742188,1243.067880859375,1244.2449381510417,1
2023-05-05,1282.2999267578125,1291.87600454134,1250.3296620632275,1252.9232871384295,436832,Healthcare,0.02556942743911006,0.011964266968689019,0.03006432327526909,0.018071759996077574,1255.6065673828125,1240.5840698242187,1252.035489908854,1251.880877685547,1246.343701171875,1244.6705444335937,1
2023-05-08,1335.7664794921875,1358.3101957011493,1271.8759957816044,1296.7638376514951,635756,Healthcare,0.04169582452489151,0.03499061032953876,0.051424587906480745,0.01723252224763061,1273.0829345703125,1250.5342407226562,1255.274072265625,1256.2250366210938,1250.57513671875,1246.9515177408855,1
2023-05-09,1334.3699951171875,1356.614532107587,1329.731667843355,1345.6419145684813,164346,Healthcare,-0.0010454554717759246,0.03769235037083307,-0.0012483625602818238,0.045488453476312696,1287.8361083984375,1260.773681640625,1258.542578125,1261.0928894042968,1256.1771533203125,1250.2117146809896,0
2023-05-10,1352.3751220703125,1356.614542515674,1334.1206276813557,1334.3700053546122,184031,Healthcare,0.013493354181381756,-0.008376603828875062,7.672103397027286e-09,0.003300635717820466,1311.0282470703125,1273.7512939453125,1262.552579752604,1266.3472778320313,1262.331796875,1253.6331787109375,1
2023-05-11,1314.0208740234375,1360.9536786916217,1305.3923822451202,1359.4574126641596,197057,Healthcare,-0.02836065779453234,0.018800937677612373,0.003198503362569882,-0.021533469193234733,1323.7664794921875,1283.6765258789062,1265.4952392578125,1270.4320861816407,1265.0849267578126,1256.517647298177,0
2023-05-12,1347.8863525390625,1354.070870260416,1302.2003131229276,1321.103214216552,278159,Healthcare,0.025772405282977973,-0.028212872349155815,-0.005057342170398105,-0.002445294737129289,1336.8837646484376,1296.245166015625,1272.6839680989583,1273.24755859375,1268.881455078125,1261.433711751302,1
2023-05-15,1340.803955078125,1366.5895808451644,1330.2303666161138,1357.5122583475822,234828,Healthcare,-0.005254447044141464,0.027559575769120936,0.009245240304402103,0.02152514725323984,1337.891259765625,1305.4870971679688,1279.6532470703125,1275.928369140625,1272.55828125,1265.127823893229,0
2023-05-16,1305.1927490234375,1358.559568297048,1300.7538753792162,1343.6468329262302,201853,Healthcare,-0.026559592041636382,-0.010213849146548104,-0.005875950366276306,-0.022158937261281264,1332.055810546875,1309.9459594726563,1284.5343912760416,1276.9208862304688,1275.2854736328125,1268.8235961914063,0
2023-05-17,1293.4222412109375,1320.504680392965,1266.8385573664557,1276.8136641173728,1189160,Healthcare,-0.009018214222617171,-0.04974013049493542,-0.028011203036010235,-0.02607358598326137,1320.265234375,1315.6467407226562,1289.2559407552083,1276.9807434082031,1277.130869140625,1271.9873697916667,0
2023-05-18,1238.2100830078125,1294.7688911004618,1231.925716879099,1294.7688911004618,705609,Healthcare,-0.042686878610834644,0.014062527279969927,-0.019489358632825526,-0.027559028957829246,1305.103076171875,1314.4347778320312,1290.818709309896,1275.397198486328,1277.3662841796875,1271.754618326823,0
2023-05-19,1221.4517822265625,1249.880835549108,1216.962984333529,1248.1351919240394,246048,Healthcare,-0.013534295198550983,-0.03601700619852477,-0.03466877823516601,-0.012145807446471535,1279.816162109375,1308.3499633789063,1290.7688313802084,1274.4670166015626,1274.561279296875,1270.70390625,0
2023-05-22,1239.406982421875,1244.8932909959758,1206.2397533148107,1225.9905128881485,214680,Healthcare,0.014699884560798848,-0.01774221188471914,-0.003990416055096202,-0.008811468513638343,1259.536767578125,1298.714013671875,1290.170320638021,1274.6241271972656,1272.650048828125,1270.388028971354,1
2023-05-23,1255.865966796875,1276.8136914217637,1235.91575286841,1242.798601027019,266806,Healthcare,0.013279725391604824,0.013709802777571722,0.025641073541532222,0.02460207390118585,1249.6714111328124,1290.8636108398437,1289.854443359375,1275.8186462402343,1271.4709912109374,1271.016463216146,1
2023-05-24,1258.2100830078125,1266.8385748195171,1242.9482425285132,1255.8659572423403,126274,Healthcare,0.0018665337487535627,0.010514460029583894,-0.007812507548488945,0.005690104397311657,1242.6289794921875,1281.4471069335937,1291.3074869791667,1277.5992004394532,1270.110390625,1271.3805541992188,1
2023-05-25,1250.8284912109375,1271.227658047519,1236.9132656786298,1256.913403882672,105394,Healthcare,-0.0058667402976368965,0.0008340433421984983,0.003464595501938561,-0.004855372607958763,1245.1526611328125,1275.1278686523438,1291.3407389322917,1279.402197265625,1269.348291015625,1271.9973470052084,0
2023-05-26,1281.601806640625,1286.6890868993098,1250.0305683718532,1259.6565710595626,240467,Healthcare,0.024602346081752158,0.0021824631421838436,0.012162596332696118,0.010604868633231623,1257.182666015625,1268.4994140625,1291.2941975911458,1282.3722900390626,1271.010146484375,1271.66484375,1
2023-05-29,1302.798828125,1311.3274710898138,1272.9732354515022,1281.70145360541,186416,Healthcare,0.0165394753460415,0.017500708567974588,0.019148669590318912,0.018353684829909067,1269.86103515625,1264.6989013671875,1289.0963541666667,1285.092999267578,1273.6715087890625,1272.185213216146,1
2023-05-30,1301.8013916015625,1309.8812039422314,1284.8935121265629,1307.7365315775835,107433,Healthcare,-0.0007656105470044139,0.020312903522842207,-0.0011029031111354781,0.0093641219965106,1279.0481201171874,1264.359765625,1286.9251139322917,1287.1528625488281,1276.464541015625,1272.7338460286458,0
2023-05-31,1297.9110107421875,1336.564548553024,1291.5269182085297,1301.7514024036543,233397,Healthcare,-0.0029884595948916903,-0.004576708709596922,0.020370812658801585,0.005162611546686291,1286.9883056640624,1264.808642578125,1283.2941731770834,1290.2276916503906,1279.477021484375,1272.9233764648438,0
2023-06-01,1303.8961181640625,1323.098198878485,1297.611752132766,1297.96085651974,123634,Healthcare,0.0046113388147099865,-0.0029118815442911172,-0.010075345548494319,0.00471134889908198,1297.6018310546874,1271.37724609375,1282.619189453125,1292.9060119628907,1283.0421240234375,1274.0572143554687,1
2023-06-02,1308.0855712890625,1313.871181786712,1294.768828416342,1302.3498850306696,73347,Healthcare,0.0032130267638950105,0.0033814798719724593,-0.006973796124576492,-0.002190889310112465,1302.898583984375,1280.040625,1279.9658040364584,1294.195294189453,1286.477548828125,1276.3248860677083,1
2023-06-05,1313.5718994140625,1324.1454881464974,1300.5544582504656,1308.634270311739,143907,Healthcare,0.004194166074008132,0.004825420075897258,0.007819873441331948,0.004468465495265361,1305.0531982421876,1287.4571166992187,1278.1503336588542,1293.0855651855468,1289.0850390625,1278.9017903645833,1
2023-06-06,1312.3250732421875,1320.5047341709223,1301.901134969537,1311.726591166047,178936,Healthcare,-0.0009491876100814478,0.0023630138110102283,-0.0027495120499722026,0.0010354635367464393,1307.1579345703126,1293.10302734375,1278.625821940104,1291.9833190917968,1291.153876953125,1281.5801066080728,0
2023-06-07,1308.3349609375,1324.9934620656431,1299.7563935909548,1312.4746545412884,143434,Healthcare,-0.0030404907945785764,0.0005702890985661568,0.0033992516486804902,-0.0016473918955700606,1309.242724609375,1298.1155151367188,1279.6200032552083,1289.7813110351562,1294.0306982421876,1284.4379720052084,0
2023-06-08,1290.8785400390625,1312.4247462636856,1283.397209977288,1301.8511574629988,224502,Healthcare,-0.013342470712491616,-0.008094249318667757,-0.009485870052794887,-0.01258634594477337,1306.639208984375,1302.1205200195313,1283.1312337239583,1288.6241943359375,1295.6526513671874,1286.974971516927,0
2023-06-09,1276.2650146484375,1320.6542407372242,1268.9333353668364,1292.0257323932804,225556,Healthcare,-0.01132060448551786,-0.007547272215716161,0.006270450551139728,-0.011269990691897713,1300.27509765625,1301.5868408203125,1286.78544921875,1285.0431274414063,1295.4112548828125,1288.7771402994792,0
2023-06-12,1273.57177734375,1288.783815412669,1257.4619552978031,1276.9134138121583,113098,Healthcare,-0.0021102492615371338,-0.01169660804907402,-0.02413230075024364,-0.0090401755153805,1292.2750732421875,1298.6641357421875,1289.0631022135417,1281.6815185546875,1292.923466796875,1289.6167114257812,0
2023-06-13,1294.320068359375,1299.507075336351,1275.5668183353357,1278.8087281375565,158905,Healthcare,0.016291418657925272,0.0014842935354089093,0.00832044893444639,0.014397940996349945,1288.674072265625,1297.9160034179688,1291.626708984375,1281.1378845214845,1291.3214697265626,1290.740576171875,1
2023-06-14,1309.482177734375,1316.7141303442202,1281.8012556760025,1301.7514697721267,263751,Healthcare,0.011714343110061476,0.017940713986198453,0.01324121686941604,0.004887581936948493,1288.903515625,1299.0731201171875,1295.0448486328125,1281.9408813476562,1289.605751953125,1293.1761678059895,1
2023-06-15,1318.459716796875,1352.5745327125453,1312.4247285884112,1321.7016264466497,770023,Healthcare,0.006855793240372776,0.015325626387051594,0.027234766865416926,0.023890968101960786,1294.4197509765625,1300.5294799804688,1299.5535970052083,1285.9533630371093,1289.7833056640625,1295.44716796875,1
2023-06-16,1348.8338623046875,1359.6070261117816,1313.8212625812887,1331.327623326207,480253,Healthcare,0.023037598434637596,0.007283033240593317,0.005199338911943574,0.001064086924344565,1308.9335205078125,1304.6043090820312,1304.035734049479,1292.3224670410157,1289.8212060546875,1297.6649658203125,1
2023-06-19,1371.078369140625,1410.480039261436,1354.1706125675094,1367.138250835118,998100,Healthcare,0.01649165805930264,0.02689843347458032,0.03741743913691131,0.030711445411490512,1328.4348388671874,1310.3549560546876,1308.5877034505208,1298.9060363769531,1291.0321826171876,1298.8420288085938,1
2023-06-20,1420.6546630859375,1426.4402737419566,1374.569718333158,1381.4026421442984,991116,Healthcare,0.03615861431493972,0.010433759205016102,0.011315462846874347,0.015063911132270125,1353.7017578125,1321.1879150390625,1316.5112548828124,1307.1454711914062,1295.6506591796874,1301.7181844075521,1
2023-06-21,1452.4752197265625,1470.380608788919,1424.9938746321764,1438.3604198058488,989212,Healthcare,0.02239851630902656,0.04123184357975229,0.030804188479405914,0.03668359314663494,1382.3003662109375,1335.6019409179687,1326.815535481771,1316.8587280273437,1302.0127783203125,1305.0548543294271,1
2023-06-22,1422.0511474609375,1466.3406443370582,1410.330397412665,1449.3829634161534,454973,Healthcare,-0.020946362356083825,0.00766326955228136,-0.002747563744864956,-0.01029020368476763,1403.01865234375,1348.7192016601562,1334.692537434896,1325.4198608398438,1309.3664208984376,1308.6558634440105,0
2023-06-23,1382.5498046875,1434.8691912304616,1372.6246221122287,1426.4402746775793,349576,Healthcare,-0.027777722934907656,-0.015829279988567646,-0.02146257980922639,-0.0267354198488593,1409.7618408203125,1359.3476806640624,1339.6568196614583,1330.4672607421876,1315.810341796875,1309.8113118489584,0
2023-06-26,1429.7818603515625,1443.9963870596548,1372.7243000965314,1382.549755608136,653549,Healthcare,0.0341630048363708,-0.030769265176114002,0.0063609950544454286,7.261853145923425e-05,1421.5025390625,1374.9686889648438,1347.404150390625,1336.8164123535157,1323.4253369140624,1312.7772420247395,1
2023-06-27,1501.4031982421875,1508.18619768835,1437.412864879849,1443.2982021427763,1672628,Healthcare,0.05009249304157093,0.04393942878961288,0.04445288866643349,0.04712422208798128,1437.65224609375,1395.677001953125,1360.0093587239583,1346.7965026855468,1333.246826171875,1319.3175903320312,1
2023-06-28,1456.5152587890625,1516.1663250089011,1448.3855223098617,1516.1663250089011,770574,Healthcare,-0.029897325052776536,0.05048722624191049,0.0052912082956220186,0.007633615712024255,1438.46025390625,1410.3803100585938,1369.888045247396,1354.7267150878906,1341.179033203125,1324.754024251302,0
2023-06-30,1489.3831787109375,1492.2759840493482,1446.3904925611996,1463.2484474829598,478604,Healthcare,0.022566134974240537,-0.034902422414394785,-0.01575707134862836,-0.0013774162458352057,1451.92666015625,1427.47265625,1383.121687825521,1364.0010681152344,1350.721220703125,1333.1264607747396,1
2023-07-03,1467.0888671875,1512.8746328319028,1464.1462593187223,1499.2086631339482,350101,Healthcare,-0.01496882188687887,0.02457560485565269,0.013803511550631198,0.012275915009702265,1468.83447265625,1439.2981567382812,1395.8432779947916,1371.9512329101562,1358.140703125,1341.314363606771,0
2023-07-04,1458.7596435546875,1480.0065479900295,1453.0737596158242,1476.315807178659,168716,Healthcare,-0.005677381799495285,-0.0152699597582594,-0.021725583950302996,-0.007562427341138878,1474.630029296875,1448.0662841796875,1408.1891357421875,1379.2106201171875,1364.3791357421876,1348.6261189778645,0
2023-07-05,1457.363037109375,1469.2334380140662,1441.2532160077535,1461.353079647662,194944,Healthcare,-0.0009573931192045082,-0.010135180737237959,-0.0072790961571042034,-0.008134854497128807,1465.8219970703126,1451.7371215820312,1419.0586669921875,1386.4625183105468,1370.6016015625,1355.3426879882813,0
2023-07-06,1470.0313720703125,1489.6324803743803,1454.0213994604514,1466.3406314324643,245379,Healthcare,0.008692641873273121,0.003412968333432964,0.013884139737444956,0.00885908410186631,1468.5252197265625,1453.4927368164062,1429.7619466145834,1394.5473388671876,1377.486416015625,1362.4033976236979,1
2023-07-07,1449.63232421875,1482.3007973776448,1446.390414668631,1465.3930408920578,181328,Healthcare,-0.013876607152154552,-0.0006462281137779025,-0.004921806615610924,-0.005248192904624527,1460.575048828125,1456.2508544921875,1438.506787109375,1402.4850280761718,1383.3158642578126,1369.0301920572917,0
2023-07-10,1445.991455078125,1471.328250663172,1440.9540992119898,1451.3780370948575,224804,Healthcare,-0.002511581095287152,-0.009563989596039435,-0.0074023752357716965,-0.0037585394659066518,1456.35556640625,1462.59501953125,1444.9839599609375,1410.9713500976563,1388.832099609375,1374.5098470052083,0
2023-07-11,1447.3380126953125,1468.3356603491347,1443.3978943785312,1448.4353718111674,106341,Healthcare,0.0009312348371481871,-0.002027497459986538,-0.002033937914730055,0.0016959562888767543,1454.071240234375,1464.350634765625,1450.0679361979167,1419.6596618652343,1394.182744140625,1379.3278198242188,1
2023-07-12,1445.841796875,1454.8193929357362,1421.4527096165757,1450.330594905368,192251,Healthcare,-0.001033770831131653,0.0013084623111838667,-0.00920516185664566,-0.015203835925924114,1451.7669921875,1458.7944946289062,1451.7470784505208,1427.2357482910156,1399.5234130859376,1384.1291666666666,0
2023-07-13,1422.300537109375,1466.2907324569703,1415.0187824182974,1448.3854649814398,294022,Healthcare,-0.016282044008207763,-0.001341163132571821,0.007885060906485108,-0.0045263040794468745,1442.2208251953125,1455.3730224609376,1449.7354329427083,1432.8766662597657,1404.0820361328124,1388.2754842122397,0
2023-07-14,1432.8243408203125,1438.310649467325,1415.2182532634304,1426.739550128732,203647,Healthcare,0.0073991420493488835,-0.014944857826908131,-0.019082220442572684,0.00014096692398113397,1438.859228515625,1449.717138671875,1450.4536458333334,1438.5948974609375,1409.7598681640625,1392.5730916341147,1
2023-07-17,1459.009033203125,1485.7422466008377,1438.061308740098,1446.2408476809892,509780,Healthcare,0.01827487964632235,0.01366843552524899,0.03297729676901073,0.016141012472099314,1441.462744140625,1448.9091552734376,1455.550927734375,1444.1036560058594,1417.06962890625,1397.6038736979167,1
2023-07-18,1444.04638671875,1476.3158334548289,1423.9964460366043,1476.3158334548289,293928,Healthcare,-0.010255348763349215,0.020795281658697595,-0.006344581752033451,-0.00978043329447198,1440.8044189453126,1447.4378295898437,1456.5018961588542,1447.7520568847656,1423.88861328125,1401.9530232747395,0
2023-07-19,1432.5250244140625,1459.3081610937138,1422.2507377480674,1446.3904468439923,232520,Healthcare,-0.007978526459158308,-0.020270314747492746,-0.011520348136695224,-0.0012259218015576723,1438.141064453125,1444.9540283203125,1451.910017903646,1448.3455749511718,1429.4168115234374,1405.9596883138022,0
2023-07-20,1435.1185302734375,1454.370534616569,1431.42778955746,1436.4153428311795,215041,Healthcare,0.0018104436677717217,-0.006896549983843148,-0.003383539274832814,0.0064524851812861606,1440.7046630859375,1441.462744140625,1450.4835693359375,1447.4777404785157,1434.442265625,1410.1858072916666,1
2023-07-21,1386.9388427734375,1435.168458718348,1382.25046962254,1435.1185344788894,307490,Healthcare,-0.03357192209818394,-0.0009028087584570521,-0.013203014940950886,-0.03435543189372037,1431.5275634765626,1435.1933959960938,1443.653946940104,1445.7221252441407,1437.1814306640624,1413.3878173828125,0
2023-07-24,1404.3453369140625,1413.123479294787,1373.8714597755952,1386.9388248690543,178497,Healthcare,0.01255029681468689,-0.03357193740608311,-0.015360551780275067,-0.006061860734424607,1420.59482421875,1431.0287841796876,1439.471044921875,1446.8119018554687,1439.4018896484374,1417.6571614583333,1
2023-07-25,1399.8067626953125,1423.3479899989295,1391.57729972203,1414.520044980878,234965,Healthcare,-0.003231807803572795,0.01988639990262575,0.007235397935108301,0.012887552048957085,1411.7468994140625,1426.2756591796874,1435.5408528645833,1445.3131469726563,1440.551025390625,1421.8649943033854,0
2023-07-26,1391.7767333984375,1412.774381272213,1389.1333058245762,1411.9263998071815,127781,Healthcare,-0.005736527005636982,-0.0018335867228602698,-0.007428688417035922,-0.0017562760602245486,1403.5972412109375,1420.8691528320312,1431.1684326171876,1439.8318237304688,1439.395908203125,1425.1135498046874,0
2023-07-27,1402.001220703125,1445.3929340439902,1369.5821245289153,1399.058612987733,343242,Healthcare,0.007346355963087081,-0.009113638516289324,0.023088295770485212,-0.014074373721862155,1396.973779296875,1418.8392211914063,1426.6330891927084,1437.1061218261718,1437.3769482421876,1428.1975179036458,1
2023-07-28,1387.0885009765625,1413.1733073977653,1368.6345537132531,1413.1733073977653,296340,Healthcare,-0.010636738047263283,0.010088708420792791,-0.022291257890737937,-0.0006918685624551779,1397.0037109375,1414.2656372070312,1422.4635009765625,1431.991387939453,1435.9784423828125,1430.4851440429688,0
2023-07-31,1368.0859375,1414.4202612300792,1358.9586901586506,1373.1732177630072,368746,Healthcare,-0.013699604216446115,-0.02830515508986986,0.0008823785630440728,-0.007069720348906072,1389.7518310546875,1405.1733276367188,1417.2697998046874,1427.041241455078,1435.3998876953126,1431.1268798828125,0
2023-08-01,1378.1109619140625,1392.5249428812922,1365.7916073056472,1380.554814432456,196411,Healthcare,0.00732777389144279,0.005375575764195117,-0.01548006554271586,0.005028053609340333,1385.4126708984375,1398.57978515625,1412.6546630859375,1423.008807373047,1433.3330517578124,1431.3612996419272,1
2023-08-02,1364.64453125,1385.6919821948854,1351.6269682002408,1381.5522885293974,302181,Healthcare,-0.009771659203232086,0.0007225168363571566,-0.004906885669328509,-0.010371010503827605,1379.98623046875,1391.7917358398438,1407.2415120442708,1418.3728820800782,1427.862705078125,1429.494295247396,0
2023-08-03,1404.1458740234375,1414.470084774108,1336.6642550051515,1336.6642550051515,750373,Healthcare,0.02894625074066326,-0.0324910131139714,0.020768037160494357,-0.011070149935683005,1380.4151611328125,1388.6944702148437,1406.031201171875,1415.0786071777343,1425.7679296875,1427.8833170572916,1
2023-08-04,1355.8663330078125,1421.452657374385,1352.6743476767738,1421.452657374385,420227,Healthcare,-0.034383565061716026,0.06343283442475722,0.004936529005059809,0.011977647050612994,1374.1707275390625,1385.5872192382812,1400.9006673177084,1410.3903076171875,1420.427255859375,1425.677156575521,0
2023-08-07,1392.1258544921875,1396.5149257549908,1360.803995375538,1365.4923685432927,366120,Healthcare,0.02674269623904446,-0.03936838032612244,-0.017543835519261974,0.006010055349040311,1378.9787109375,1384.3652709960938,1396.441788736979,1407.6970275878907,1417.4287353515624,1425.996358235677,1
2023-08-08,1384.6944580078125,1406.4401175083126,1368.5846363678334,1406.4401175083126,180093,Healthcare,-0.005338164261797895,0.029987534100027968,0.007107114696934591,0.005717679415063737,1380.29541015625,1382.8540405273438,1392.4849934895833,1404.5648498535156,1414.4661279296874,1424.4934448242188,0
2023-08-09,1423.796875,1428.3355973970226,1379.058544404611,1394.5199602731618,477928,Healthcare,0.028239021804452813,-0.008475410425769714,0.015568014319373047,0.007653094853216302,1392.12587890625,1386.0560546875,1391.9031168619792,1403.4626037597657,1413.1234814453126,1421.9065673828125,1
2023-08-10,1405.54248046875,1437.4128981720253,1398.5599056684696,1434.420366114762,322527,Healthcare,-0.012820926110861164,0.028612287366460043,0.006355159663838705,0.014141068443383586,1392.4052001953125,1386.4101806640624,1389.9313802083334,1402.6247009277345,1410.54392578125,1420.2074747721354,0
2023-08-11,1375.8665771484375,1416.415290277703,1371.8765342906347,1416.415290277703,116502,Healthcare,-0.021113487306634537,-0.012552161320622535,-0.014607916709962199,-0.01907917656561231,1396.4052490234376,1385.28798828125,1389.1932291666667,1399.7768127441407,1407.5932958984374,1416.4235880533854,0
2023-08-14,1344.4449462890625,1381.6520216783942,1340.8040079454374,1374.869022098727,161631,Healthcare,-0.022837701984518066,-0.029331982268300916,-0.02454313282123144,-0.02264965218700543,1386.8690673828125,1382.9238891601562,1385.1998697916667,1394.0486083984374,1403.531435546875,1412.3354573567708,0
2023-08-16,1353.671875,1358.4598530555786,1329.581968472153,1346.6393762176222,132719,Healthcare,0.006863002264544615,-0.020532607417405146,-0.016785824693139717,-0.008369634493023637,1380.66455078125,1380.47998046875,1382.1242106119792,1389.5298828125,1399.7847900390625,1408.8325317382812,1
2023-08-17,1352.5745849609375,1388.983725511005,1341.6518915024942,1365.5921483025388,298663,Healthcare,-0.0008106026721301784,0.01407412587187995,0.02246946966210972,0.009077983393690925,1366.4200927734375,1379.2729858398438,1379.5107340494792,1385.5323608398437,1396.0541015625,1405.3395833333334,0
2023-08-18,1333.921142578125,1359.6070423136916,1317.7615184413537,1355.5670753962793,240216,Healthcare,-0.013791063790653202,-0.007341191086021492,-0.021149767745842984,-0.01780668533503582,1352.0958251953125,1372.2505126953124,1374.972062174479,1380.4724914550782,1392.51892578125,1400.8025756835937,0
2023-08-21,1344.893798828125,1371.427559046561,1311.7265681134688,1349.681898885991,468630,Healthcare,0.008225865757546025,-0.004341486760120583,0.00869406848081189,-0.004579698407814359,1345.90126953125,1371.1532592773438,1372.15908203125,1378.3702392578125,1389.0017041015626,1397.3112915039062,1
2023-08-22,1325.392333984375,1371.5771251599722,1316.7140401535733,1347.6368698844526,261116,Healthcare,-0.014500375316432113,-0.0015151933231276615,0.0001090587048688807,0.00380221927446156,1342.0907470703125,1364.4799072265625,1369.312841796875,1374.422589111328,1383.6570361328124,1393.2913208007812,0
2023-08-23,1321.8013916015625,1336.6643252430006,1316.7640356745042,1331.6767717906014,297877,Healthcare,-0.0027093429550912873,-0.011843025707080623,-0.02545449269788569,3.7969915567259704e-05,1335.716650390625,1358.1906005859375,1365.5588704427084,1370.5223205566406,1378.767236328125,1389.1067667643229,0
2023-08-24,1310.230224609375,1335.118066351224,1301.7513841760444,1331.6267791139703,171836,Healthcare,-0.008754088977139918,-3.754114939158448e-05,-0.0011568041897845882,-0.011401170666671123,1327.2477783203126,1346.833935546875,1361.93125,1366.4449951171875,1373.8754443359376,1384.5863810221354,0
2023-08-25,1319.0084228515625,1322.300135040642,1292.7738432215854,1310.0308267180794,311920,Healthcare,0.00669973725022599,-0.016217721612853286,-0.00960059760528309,-0.006896509628174119,1324.265234375,1338.1805297851563,1356.255419921875,1362.2953552246095,1369.2310400390625,1381.143310546875,1
2023-08-28,1330.4298095703125,1336.664251039714,1312.9234492176588,1322.1504225923732,222725,Healthcare,0.008659070344720021,0.009251382201941105,0.010862977034053145,0.015586334842497163,1321.3724365234375,1333.6368530273437,1354.5596516927083,1359.462420654297,1366.9706787109376,1377.7301595052083,1
2023-08-29,1332.5745849609375,1352.8739036036557,1327.7864848351542,1327.7864848351542,153281,Healthcare,0.0016120921037674485,0.004262799562344988,0.012126944033502118,0.011320565282272765,1322.80888671875,1332.4498168945313,1350.5895670572916,1357.6868530273437,1364.0998486328126,1373.5156778971354,1
2023-08-30,1357.312744140625,1363.5971101801458,1338.2105118830027,1338.6593429859222,143934,Healthcare,0.01856418354280165,0.008188709762411817,0.007926242459054489,0.007850680186086256,1329.9111572265624,1332.8139038085938,1348.7641194661458,1356.6469421386719,1362.400087890625,1370.6245564778646,1
2023-08-31,1337.8114013671875,1361.5022787515816,1330.8288269802083,1360.9535992003168,120272,Healthcare,-0.014367611928512991,0.01665416697026645,-0.0015362539366833294,-0.00551608647312718,1335.427392578125,1331.3375854492188,1343.0317545572916,1355.3052856445313,1360.241474609375,1367.4674357096353,0
2023-09-01,1359.50732421875,1363.547169395334,1328.2353888899029,1336.664305392706,173501,Healthcare,0.016217474921644603,-0.017847260789701447,0.001501936996849862,-0.0019487390397082693,1343.5271728515625,1333.8962036132812,1339.962744140625,1353.0733581542968,1358.54171875,1364.9470621744792,1
2023-09-04,1374.96875,1385.542338888046,1364.5946145420064,1365.5921252251512,146607,Healthcare,0.011372815361722965,0.021641798704235216,0.016130846065608218,0.02737408290445531,1352.4349609375,1336.9036987304687,1339.9028889973958,1354.0284790039063,1358.0569287109374,1364.5480590820312,1
2023-09-05,1393.4227294921875,1402.3005991284144,1368.385235126179,1371.5772206786355,186624,Healthcare,0.013421381025705115,0.004382784099972392,0.012095090687605836,0.002777836394616484,1364.60458984375,1343.70673828125,1343.168074544271,1354.0933227539062,1359.070400390625,1364.1839721679687,1
2023-09-06,1410.1309814453125,1418.859199798197,1386.5897540125347,1405.4925324816347,187152,Healthcare,0.01199079905867051,0.0247272346694547,0.01180816772101112,0.013303650477255458,1375.1682373046874,1352.539697265625,1346.9320149739583,1355.3651489257813,1360.351201171875,1364.5281127929688,1
2023-09-07,1425.9415283203125,1441.353019741437,1414.0711267812867,1421.7021078968348,529815,Healthcare,0.011212112266900887,0.011533021371930907,0.015853454624982666,0.019819396969598113,1392.7942626953125,1364.1108276367188,1351.82314453125,1355.4723815917969,1362.8030810546875,1365.6669392903646,1
2023-09-08,1416.8641357421875,1437.1135286505005,1409.2830792403945,1426.539940232229,181174,Healthcare,-0.006365893970994518,0.003402845299674606,-0.0029413273728715605,-0.0033860019133483688,1404.265625,1373.8963989257813,1357.352677408854,1356.0384643554687,1363.3118115234374,1366.1623697916666,0
2023-09-11,1415.86669921875,1439.3580029329314,1412.4751385159177,1418.410278421043,150822,Healthcare,-0.0007039747130835883,-0.005698867295550469,0.0015617933014231422,0.002265023487860063,1412.44521484375,1382.440087890625,1362.0842041015626,1358.0384704589844,1365.711826171875,1367.1216430664062,0
2023-09-12,1394.8690185546875,1426.7893599377855,1381.3528220601454,1417.512583783186,259815,Healthcare,-0.014830266631490563,-0.0006328878544620276,-0.008732117353386082,-0.022033886195315544,1412.73447265625,1388.66953125,1366.7159830729167,1360.5596740722656,1365.821552734375,1368.0144124348958,0
2023-09-13,1432.3255615234375,1437.8616725511129,1387.7367625693591,1394.5198836714744,331154,Healthcare,0.02685308976721057,-0.016220455729815564,0.007760299399632631,0.004621513350725914,1417.173388671875,1396.1708129882813,1374.0842610677084,1364.4923583984375,1367.726796875,1369.8215657552084,1
2023-09-14,1451.3780517578125,1471.278341286678,1441.2532939163168,1449.2833036652648,346910,Healthcare,0.01330178748894939,0.03927044758200937,0.023240530972826967,0.03856389251220316,1422.260693359375,1407.5274780273437,1383.4941162109376,1369.4325317382813,1368.8300439453126,1372.7126831054688,1
2023-09-15,1473.123779296875,1515.717435422509,1456.365551639923,1465.891827071266,933729,Healthcare,0.014982814100520159,0.011459818355733509,0.030204409926246623,0.010485497439899572,1433.5126220703125,1418.8891235351562,1393.7684733072917,1376.3926635742187,1371.5332958984375,1375.0119466145834,1
2023-09-18,1492.8743896484375,1526.0915424484615,1440.4053546829414,1476.3157374866712,754054,Healthcare,0.013407298578120397,0.0071109683694949855,0.006844354220323812,-0.010958922324831089,1448.91416015625,1430.6796875,1404.5981119791666,1383.7916931152345,1376.2136083984376,1379.5788818359374,1
2023-09-20,1459.6075439453125,1488.6350812040575,1444.2957789259306,1488.6350812040575,379597,Healthcare,-0.02228375403436267,0.008344653792256684,-0.024544046148312182,0.0027009232021673046,1461.861865234375,1437.2981689453125,1413.0669759114583,1390.5024536132812,1380.8201123046874,1381.828271484375,0
2023-09-21,1417.3629150390625,1478.560169413041,1410.480067161437,1462.3506212578973,515013,Healthcare,-0.02894245722522304,-0.017656751663342907,-0.006767885506814508,-0.02341328712435964,1458.8693359375,1438.0213623046875,1417.0703206380208,1395.2805297851562,1383.36775390625,1382.9172200520834,0
2023-09-22,1414.220703125,1435.5175308342905,1397.113371377184,1411.5274731164004,168004,Healthcare,-0.00221694237990977,-0.03475442031664022,-0.029111184968439674,-0.009476699526249521,1451.4378662109375,1436.8492797851563,1422.1642740885416,1400.4800537109375,1385.8335986328125,1382.5980143229167,0
2023-09-25,1428.23583984375,1436.9141340502158,1399.906512188118,1412.475122398546,154431,Healthcare,0.009910148174030242,0.000671364390842033,0.000972891787057284,0.001999222731782213,1442.4602783203125,1437.9864501953125,1426.7461751302083,1405.941424560547,1389.6061865234376,1383.3544596354166,1
2023-09-26,1433.07373046875,1436.2657159107623,1418.759476686962,1421.5026310334051,116727,Healthcare,0.0033873191597888486,0.006391269121631904,-0.00045125740229567946,0.013467302519634572,1430.500146484375,1439.7071533203125,1430.6198404947916,1411.0736206054687,1393.1333837890625,1385.2613647460937,1
2023-09-27,1451.8768310546875,1454.3706078170624,1416.4652010289633,1432.3256455909566,208865,Healthcare,0.013120818689340563,0.007613784400584134,0.012605530930479336,-0.0016170997943613097,1428.95400390625,1445.4079345703126,1434.5167805989583,1417.0387329101563,1398.192763671875,1388.8424275716145,1
2023-09-28,1400.3055419921875,1459.208474615836,1396.4152259849502,1447.3879974052015,189644,Healthcare,-0.03552042980466674,0.010516010699529454,0.0033264332851410394,-0.014154936548704589,1425.542529296875,1442.2059326171875,1433.8617513020833,1419.1883728027344,1401.3329296875,1390.396883138021,0
2023-09-29,1456.1661376953125,1484.295890132374,1402.9987698059033,1402.9987698059033,372280,Healthcare,0.03989171936265645,-0.030668506080523517,0.017192482056508585,0.004714603291660291,1433.9316162109376,1442.6847412109375,1435.8767252604166,1425.1061096191406,1407.1703662109376,1393.8499348958333,1
2023-10-03,1464.8443603515625,1475.567599625501,1447.2881976144936,1461.353073146094,180051,Healthcare,0.005959637730613032,0.04159255488745983,-0.005880424897016012,0.03156768827011702,1441.2533203125,1441.8567993164063,1439.0754069010416,1430.3729614257813,1413.0038037109375,1398.214042154948,1
2023-10-04,1435.9166259765625,1467.7372410687549,1427.9864647654497,1466.340701761408,173806,Healthcare,-0.01974799177167008,0.0034130209235310183,-0.005306675586217446,-0.013336481898255093,1441.8218994140625,1436.1610229492187,1440.4120686848958,1433.4203552246095,1417.2232763671875,1401.248136393229,0
2023-10-05,1429.6322021484375,1456.166082615412,1412.5249920663562,1437.5125605665828,161708,Healthcare,-0.0043765938177998676,-0.01965992020830898,-0.007883671633838962,-0.010827464461739877,1437.3729736328125,1433.1634887695313,1442.7296142578125,1435.2308288574218,1421.1055810546875,1404.7227986653645,0
2023-10-06,1467.3880615234375,1471.3281798068551,1431.427754591754,1436.5150344533924,224938,Healthcare,0.026409491419024267,-0.0006939251458069062,0.010412340578768609,0.013382249964827286,1450.7894775390625,1438.1660034179688,1445.0671142578126,1438.093682861328,1425.50859375,1409.5756876627604,1
2023-10-09,1497.36328125,1516.1663335142732,1454.0712926950043,1467.3382336569432,747603,Healthcare,0.020427602290455038,0.0214569276786436,0.03047461084671399,0.01581884802122513,1459.02890625,1446.4802612304688,1448.1327962239584,1441.6647705078126,1431.8906689453124,1415.813456217448,1
2023-10-10,1469.333251953125,1515.5678482570174,1462.6000547700403,1515.5678482570174,311314,Healthcare,-0.01871959173025506,0.03286877796394294,-0.00039473588354155265,0.005865435978196443,1459.9266845703125,1450.5900024414063,1447.8800944010416,1444.2882263183594,1436.2837060546874,1420.8242838541667,0
2023-10-11,1453.373046875,1484.2459534194752,1449.3830041931194,1483.9965757518576,191925,Healthcare,-0.010862209139356094,-0.020831315827574803,-0.020666771780335713,-0.00903668130861579,1463.41796875,1452.6199340820312,1445.246671549479,1446.1635437011719,1439.4198779296876,1424.9223917643228,0
2023-10-12,1502.9493408203125,1509.233707011472,1456.315715041868,1456.315715041868,486781,Healthcare,0.03411119674464169,-0.018652914138946097,0.016835318657550502,0.004783215222402992,1478.081396484375,1457.7271850585937,1448.136124674479,1451.567559814453,1443.8009423828125,1430.6015502929688,1
2023-10-13,1554.5206298828125,1578.0618569992996,1490.380646027657,1498.2610045593856,2005980,Healthcare,0.034313391450940145,0.028802332546628895,0.045604699701624396,0.023391171731474092,1495.50791015625,1473.1486938476562,1457.2799723307292,1457.677313232422,1449.5765283203125,1437.175146484375,1
2023-10-16,1524.7449951171875,1578.0618921341058,1521.5030854146364,1558.1616028204066,472087,Healthcare,-0.019154222976037083,0.0399800822945644,2.2264530441518104e-08,0.02088220849481015,1500.9842529296875,1480.0065795898438,1464.6482584635417,1461.3456604003907,1453.5286669921875,1443.4062662760416,0
2023-10-17,1540.95458984375,1550.630395001123,1524.1963612490936,1536.1664897405783,255147,Healthcare,0.01063102012367434,-0.014116066677561157,-0.01738302994940566,0.0017701415529651765,1515.3085205078125,1487.6176025390625,1472.162841796875,1464.7372009277344,1458.49228515625,1449.4545084635417,1
2023-10-18,1524.7947998046875,1573.0743410291298,1521.5528900974302,1550.0318686939124,369346,Healthcare,-0.010486869727096337,0.009025961082952394,0.01447407847825044,-0.0017343376607309446,1529.59287109375,1496.505419921875,1478.2775797526042,1466.3332214355469,1462.8494091796874,1454.448710123698,0
2023-10-19,1506.3408203125,1513.6724992956097,1463.398059544893,1501.25354030992,591034,Healthcare,-0.012102598654291863,-0.03146924225828596,-0.03776162396410232,-0.03822070920506315,1530.2711669921875,1504.1762817382812,1481.9085123697917,1468.6698852539062,1467.30828125,1458.212646484375,0
2023-10-20,1503.098876953125,1533.672602288621,1483.597617086324,1510.7298576690189,311620,Healthcare,-0.002152197773344855,0.006312269782985824,0.013212965818113487,0.013803187321235644,1519.98681640625,1507.74736328125,1488.7614013671875,1472.9566833496094,1470.1392138671874,1461.3115763346354,0
2023-10-23,1478.7098388671875,1529.0342033704244,1470.480375854681,1496.1662755603832,288297,Healthcare,-0.01622583747476125,-0.009640096827838285,-0.003024373592691809,-0.008841508695197509,1510.77978515625,1505.8820190429688,1490.264314778646,1476.1811401367188,1471.2324853515624,1463.0705200195312,0
2023-10-25,1439.457763671875,1494.5203017544525,1427.9364671860496,1481.25336166571,263285,Healthcare,-0.026544812351680047,-0.00996741748445551,-0.02257235419580117,-0.028931979893919824,1490.480419921875,1502.8944702148438,1488.571875,1476.742236328125,1469.8858447265625,1463.823640950521,0
2023-10-26,1403.49755859375,1437.412922483009,1377.4126293668107,1437.412922483009,448466,Healthcare,-0.024981771598768576,-0.029596853797787315,-0.038211176659429635,-0.035382412999650614,1466.2209716796874,1497.9069213867188,1486.4106038411458,1475.263427734375,1466.310771484375,1463.4113362630208,0
2023-10-27,1380.9039306640625,1418.4602333475448,1378.5598048426912,1415.3679744917074,205840,Healthcare,-0.016098088515612008,-0.015336545015346648,-0.013185278105560028,0.0008328480888168954,1441.13359375,1485.7023803710938,1483.1620524088542,1471.7147827148438,1463.162626953125,1462.9458333333334,0
2023-10-30,1391.9761962890625,1401.502471760988,1356.664416477772,1388.5348332322385,337054,Healthcare,0.008018128835128646,-0.018958420526015707,-0.01195504899459654,-0.01588279905449419,1418.9090576171875,1469.4479370117188,1478.1345947265625,1471.2983154296876,1462.147158203125,1461.6008544921874,1
2023-10-31,1401.9512939453125,1416.3653958936586,1396.8142115123933,1406.4900161081227,291082,Healthcare,0.007166140974855129,0.012931028049248283,0.010604993164225585,0.029594492600358624,1403.5573486328126,1457.1685668945313,1471.7737955729167,1468.5875732421875,1461.6563818359375,1459.9532958984375,1
2023-11-01,1413.2232666015625,1426.3405564962734,1397.512473272482,1397.512473272482,254846,Healthcare,0.008040202755210446,-0.006382941032516021,0.007042787568472653,0.0004998959448820894,1398.31044921875,1444.3954345703125,1468.0331298828125,1466.0065185546875,1461.05587890625,1457.956612141927,1
2023-11-02,1453.173583984375,1458.360590730466,1408.6347084846336,1421.5524228765255,223377,Healthcare,0.02826893550859988,0.0172019570943438,0.022449080682980682,0.007958594592080592,1408.245654296875,1437.2333129882813,1468.0198323567708,1466.869366455078,1461.859873046875,1456.633251953125,1
2023-11-03,1468.7845458984375,1531.1289631369266,1447.4379148491307,1461.3531400701856,808287,Healthcare,0.0107426683818872,0.027998065040136133,0.04989737988600762,0.02754667773750974,1425.82177734375,1433.477685546875,1465.7421793619792,1468.8269836425782,1462.536181640625,1456.9391520182292,1
2023-11-06,1567.637939453125,1576.0668558935752,1452.3755330259785,1455.4179892708294,1449720,Healthcare,0.067302855160571,-0.0040614076342089245,0.029349515186873232,0.0034112814969078364,1460.9541259765624,1439.931591796875,1466.6166666666666,1473.8394775390625,1469.2294775390626,1461.9483194986979,1
2023-11-07,1515.56787109375,1564.0468671891572,1509.233702446026,1561.2039860223065,351191,Healthcare,-0.03321562144479595,0.07268427182522075,-0.0076265728572808555,0.03914839387412794,1483.67744140625,1443.6173950195312,1466.0048583984376,1474.74970703125,1471.605546875,1465.3265584309895,0
2023-11-08,1533.0242919921875,1537.7624678080713,1509.9318949783285,1516.2162610828143,325316,Healthcare,0.011518072685085201,-0.0288160453997518,-0.016805378363324408,0.0004626139286254549,1507.637646484375,1452.9740478515625,1465.476171875,1477.934259033203,1474.332744140625,1468.8195068359375,1
2023-11-09,1619.7080078125,1627.9374711316398,1526.1913791859122,1526.1913791859122,1071600,Healthcare,0.05654425456472434,0.006578954703977402,0.05864039811825039,0.010768356017684555,1540.94453125,1474.5950927734375,1471.8037190755208,1486.2510070800781,1481.6843994140625,1475.0406494140625,1
2023-11-10,1620.8551025390625,1630.9299358937424,1593.1242573689728,1619.7079409219964,364844,Healthcare,0.0007082108139426779,0.06127446597553643,0.0018381939203244713,0.04385615008437771,1571.358642578125,1498.5902099609375,1479.4380045572916,1492.1462951660155,1489.3333154296874,1480.6732584635417,1
2023-11-13,1605.3936767578125,1625.9423719518925,1569.5830197952778,1613.972244060222,220881,Healthcare,-0.009539054883456077,-0.0035411920364540883,-0.0030581104878161236,-0.014776774294161577,1578.9097900390625,1519.9319580078125,1486.257657877604,1494.6899475097657,1494.8535400390624,1487.5095296223958,0
2023-11-15,1588.984619140625,1619.308968741131,1586.0919355269064,1613.3239045476012,119485,Healthcare,-0.010221204838882003,-0.0004017042517346914,-0.004079728362573087,0.010518026458888219,1593.5931396484375,1538.6352905273438,1493.6093098958333,1497.9019287109375,1498.5183935546875,1491.9368123372396,0
2023-11-16,1602.8499755859375,1612.9747331124415,1576.0668387864305,1587.388560395311,174141,Healthcare,0.00872592237727976,-0.016075720491826928,-0.0039116905735497864,-0.006320627774420551,1607.5582763671875,1557.5979614257812,1504.5021240234375,1500.9966979980468,1503.8590625,1496.5369995117187,1
2023-11-17,1617.4000244140625,1652.449951171875,1608.0,1617.0,413490,Healthcare,0.00907761116121053,0.018654184831289555,0.024473550173511383,0.02026129884070027,1607.0966796875,1574.02060546875,1518.7622884114583,1505.6269592285157,1510.4201416015626,1502.586446126302,1
2023-11-20,1641.1500244140625,1654.300048828125,1618.3499755859375,1625.800048828125,427872,Healthcare,0.014684060616731998,0.0054422070674859935,0.0011196088903859813,0.006436551981304328,1611.1556640625,1591.2571533203125,1536.1120279947916,1512.3674194335938,1515.9481689453125,1509.6370402018229,1
2023-11-21,1635.300048828125,1662.449951171875,1630.449951171875,1649.8499755859375,208979,Healthcare,-0.0035645586929361484,0.014792671937208901,0.00492649586120919,0.007476736038851239,1617.1369384765626,1598.0233642578125,1552.3336181640625,1518.9774780273438,1519.179345703125,1515.2341064453126,0
2023-11-22,1619.550048828125,1646.75,1608.0,1635.199951171875,124821,Healthcare,-0.009631260031629396,-0.008879610043852404,-0.009443863955608367,-0.013769175285472168,1623.2500244140624,1608.42158203125,1566.8402018229167,1526.0194885253907,1522.9715478515625,1519.3069986979167,0
2023-11-23,1622.4000244140625,1639.75,1605.550048828125,1619.949951171875,99902,Healthcare,0.0017597329505190107,-0.009326076599421973,-0.004250797024442088,-0.0015236014750465987,1627.1600341796875,1617.3591552734374,1580.7853190104167,1535.1666015625,1526.229365234375,1524.4092244466146,1
2023-11-24,1658.199951171875,1670.0,1621.9000244140625,1622.4000244140625,465339,Healthcare,0.022066029474291815,0.0015124376159987296,0.018447934136301303,0.010183410724487363,1635.32001953125,1621.208349609375,1594.4537434895833,1547.9017211914063,1531.5655712890625,1531.2367879231772,1
2023-11-28,1675.1500244140625,1696.699951171875,1656.5,1658.199951171875,516054,Healthcare,0.010221971861842594,0.022066029474291815,0.015987994713697606,0.02133298912701931,1642.12001953125,1626.637841796875,1608.2114420572916,1562.6140258789062,1538.317939453125,1536.9768107096354,1
2023-11-29,1690.0,1711.5,1677.75,1688.0,285213,Healthcare,0.008864863068686502,0.017971324150060974,0.008722843905254463,0.012828252339269541,1653.060009765625,1635.0984741210937,1616.3689127604166,1577.5152160644532,1545.793984375,1541.4927897135417,1
2023-11-30,1703.1500244140625,1709.5,1688.449951171875,1704.25,319839,Healthcare,0.007781079534948221,0.009626777251184881,-0.0011685655857435195,0.006377559929593213,1669.7800048828126,1646.5150146484375,1628.8743896484375,1592.5751525878907,1554.771591796875,1547.4396240234375,1
2023-12-01,1688.0999755859375,1715.5,1682.0,1702.050048828125,278078,Healthcare,-0.008836596079257686,-0.0012908617702068748,0.0035097981866043515,-0.003820042854926431,1682.9199951171875,1655.0400146484376,1639.2127685546875,1606.3189880371094,1564.7172802734376,1552.3444702148438,0
2023-12-04,1684.550048828125,1707.949951171875,1676.0,1699.949951171875,251273,Healthcare,-0.00210291262908191,-0.0012338636326798547,-0.004401077719688118,-0.003567181926278251,1688.1900146484375,1661.7550170898437,1643.5355712890625,1617.8878112792968,1575.9593798828125,1557.6696451822916,0
2023-12-05,1670.25,1699.0,1658.0999755859375,1681.0999755859375,141252,Healthcare,-0.00848894269307876,-0.011088547385140979,-0.005240171801131677,-0.010680205497650697,1687.210009765625,1664.6650146484376,1646.828564453125,1627.961083984375,1587.53322265625,1563.1332845052084,0
2023-12-06,1667.800048828125,1698.699951171875,1655.300048828125,1677.949951171875,186843,Healthcare,-0.0014668170464751107,-0.0018737876746233173,-0.00017660319489409826,-0.001688635666750482,1682.77001953125,1667.9150146484376,1650.9889892578126,1632.969189453125,1598.5661767578124,1568.6233235677084,0
2023-12-07,1668.6500244140625,1680.0,1649.4000244140625,1660.0,132622,Healthcare,0.0005096387822598469,-0.010697548612423669,-0.01100838977417673,-0.0035643232284319204,1675.87001953125,1672.8250122070312,1656.3000162760416,1640.6232971191407,1609.2341259765626,1574.9546630859375,1
2023-12-08,1653.699951171875,1678.9000244140625,1642.0,1672.0,106036,Healthcare,-0.00895938214931391,0.0072289156626506035,-0.0006547473725818653,-0.004486494667472418,1668.9900146484374,1675.9550048828125,1659.6900146484375,1646.657080078125,1618.853193359375,1582.0960693359375,0
2023-12-11,1645.8499755859375,1654.949951171875,1637.0999755859375,1653.699951171875,76210,Healthcare,-0.004746916501010223,-0.010945005279979103,-0.014265336168868159,-0.002984180520135493,1661.25,1674.7200073242188,1661.5866780598958,1647.964178466797,1626.5602490234376,1590.1744832356771,0
2023-12-12,1620.4000244140625,1647.25,1609.550048828125,1643.0,120793,Healthcare,-0.015463105112490383,-0.006470309903735871,-0.004652679174027341,-0.016828493780871256,1651.2800048828126,1669.2450073242187,1660.2033447265626,1647.941424560547,1632.6248681640625,1598.1576863606772,0
2023-12-13,1649.949951171875,1666.1500244140625,1617.699951171875,1620.3499755859375,242025,Healthcare,0.01823619249110897,-0.013785772619636316,0.011473683056040462,0.005063466246162163,1647.7099853515624,1665.2400024414062,1661.1800048828125,1650.16923828125,1635.9173486328125,1606.7568115234376,1
2023-12-14,1628.449951171875,1667.949951171875,1621.300048828125,1650.0,147498,Healthcare,-0.013030698285562914,0.018298531095629844,0.001080290929051042,0.002225442149294876,1639.669970703125,1657.7699951171876,1661.773331705729,1652.1425048828125,1640.4326318359374,1614.306766764323,0
2023-12-15,1617.5,1645.8499755859375,1614.449951171875,1626.0999755859375,96107,Healthcare,-0.006724155792442454,-0.014484863281249982,-0.013249783406516724,-0.004225064731973149,1632.42998046875,1650.7099975585938,1661.4466634114583,1652.8750061035157,1643.81166015625,1621.1159912109374,0
2023-12-18,1619.25,1660.949951171875,1540.0,1540.0,494449,Healthcare,0.0010819165378670448,-0.0529487589192742,0.009174575939439267,-0.0461147470801645,1627.1099853515625,1644.1799926757812,1658.85,1652.9675048828126,1643.79333984375,1626.6518717447916,1
2023-12-19,1638.4000244140625,1678.0,1617.0999755859375,1635.0,600639,Healthcare,0.011826477946001335,0.06168831168831179,0.01026523936864887,0.050064919211647796,1630.7099853515624,1640.9949951171875,1656.4,1652.8300048828125,1644.49513671875,1632.3057210286458,1
2023-12-20,1594.0,1678.949951171875,1563.5999755859375,1655.0,511416,Healthcare,-0.027099623872345324,0.012232415902140747,0.0005661210797824889,-0.03308391615095718,1619.5199951171876,1633.614990234375,1650.0,1650.7650024414063,1644.0393896484375,1633.1844563802083,0
2023-12-21,1709.5,1727.0,1596.75,1597.0,1912851,Healthcare,0.07245922208281064,-0.035045317220543826,0.02861910731441819,0.021201090388633492,1635.7300048828124,1637.6999877929688,1650.4233317057292,1655.2625,1648.8600048828125,1639.6488606770833,1
2023-12-22,1714.550048828125,1754.8499755859375,1690.949951171875,1710.050048828125,1077271,Healthcare,0.0029541087032027846,0.07078900991116166,0.016126216320751396,0.05899480267535617,1655.1400146484375,1643.7849975585937,1652.186669921875,1659.8700012207032,1653.3280078125,1645.6997192382812,1
2023-12-26,1694.699951171875,1730.75,1690.0999755859375,1724.0,373419,Healthcare,-0.011577438447957444,0.008157627422328728,-0.01373335380301699,-0.0005026615869667683,1670.2300048828124,1648.6699951171875,1652.863330078125,1661.695001220703,1656.4200048828125,1648.1994506835938,0
2023-12-27,1666.550048828125,1709.0,1650.550048828125,1709.0,463789,Healthcare,-0.016610552401494116,-0.008700696055684465,-0.012566806297847788,-0.023400939192429138,1675.860009765625,1653.2849975585937,1652.6166666666666,1661.2650024414063,1657.436005859375,1649.7226155598958,0
2023-12-28,1668.25,1689.0,1655.050048828125,1672.1500244140625,293642,Healthcare,0.0010200420761863338,-0.021562302858945337,-0.011702750146284413,0.0027263638586390027,1690.710009765625,1655.1150024414062,1652.6466634114583,1660.1775024414062,1658.75400390625,1651.8178263346354,1
2023-12-29,1678.1500244140625,1697.75,1660.0,1668.0,300867,Healthcare,0.0059343769902966415,-0.002481849327793828,0.005180580224985132,0.002990816607256086,1684.4400146484375,1660.085009765625,1653.2799967447916,1658.9275024414062,1661.0980029296875,1654.7900065104166,1
2024-01-01,1674.550048828125,1702.9000244140625,1670.300048828125,1684.5,106392,Healthcare,-0.0021452048586624306,0.009892086330935301,0.0030334409742673873,0.006204848691641507,1676.4400146484375,1665.7900146484376,1654.6700032552083,1658.2500061035157,1663.18400390625,1657.1800089518229,0
2024-01-02,1720.199951171875,1728.0,1666.699951171875,1672.199951171875,415671,Healthcare,0.027260996096053702,-0.0073018989778124155,0.014739547375703266,-0.0021553598461401258,1681.5400146484376,1675.885009765625,1659.6266682942708,1660.0325012207031,1665.66400390625,1660.6066731770834,1
2024-01-03,1708.050048828125,1742.5999755859375,1700.199951171875,1723.0,312062,Healthcare,-0.0070630756241290005,0.03037917133804746,0.008449059945565773,0.020099598596883483,1689.8400146484375,1682.8500122070313,1665.4700032552084,1661.9225036621094,1666.9800048828124,1662.8366739908854,0
2024-01-04,1696.0,1720.75,1682.0,1708.050048828125,172725,Healthcare,-0.007054856991100755,-0.008676698300565833,-0.012538721388763108,-0.010704594573909154,1695.3900146484375,1693.0500122070312,1668.5400065104166,1663.332501220703,1667.2200048828124,1664.8600056966145,0
2024-01-05,1674.449951171875,1714.449951171875,1656.1500244140625,1707.449951171875,266244,Healthcare,-0.01270639671469631,-0.0003513349369719254,-0.003661222622766247,-0.015368594284148385,1694.65,1689.5450073242187,1671.6066731770834,1663.6224975585938,1666.072001953125,1666.6900024414062,0
2024-01-08,1660.0,1697.5,1650.0,1674.449951171875,202623,Healthcare,-0.008629670395201794,-0.019327067231078243,-0.009886524339943081,-0.0037134464410845114,1691.739990234375,1684.0900024414063,1674.4400065104167,1663.9375,1664.9480029296874,1667.9433349609376,0
2024-01-09,1658.4000244140625,1690.8499755859375,1643.75,1687.4000244140625,576030,Healthcare,-0.0009638407144201278,0.007733926734044383,-0.003917540155559673,-0.0037878787878787845,1679.3800048828125,1680.460009765625,1677.0500081380208,1664.5650024414062,1663.902001953125,1667.9500040690104,0
2024-01-10,1608.4000244140625,1660.0,1602.0,1660.0,298951,Healthcare,-0.03014954128312064,-0.016238013522357875,-0.018245247083643168,-0.02539923954372625,1659.45,1674.6450073242188,1675.0500081380208,1663.9650024414063,1661.4280029296874,1665.7250040690103,0
2024-01-11,1605.6500244140625,1628.0,1590.4000244140625,1612.949951171875,289272,Healthcare,-0.0017097736621844994,-0.028343402908509008,-0.01927710843373498,-0.007240933574243158,1641.3800048828125,1668.385009765625,1675.8266764322916,1661.7500061035157,1658.942001953125,1662.9133382161458,0
2024-01-12,1503.800048828125,1616.800048828125,1450.0,1609.800048828125,2059295,Healthcare,-0.06343223868047132,-0.0019528828786420371,-0.0068795768869011065,-0.08827969206413266,1607.2500244140624,1650.9500122070312,1662.1133463541667,1655.517510986328,1652.3480029296875,1656.2683390299478,0
2024-01-15,1555.550048828125,1559.949951171875,1510.050048828125,1510.050048828125,979348,Healthcare,0.0344128197364586,-0.06196421727817336,-0.03516210782988016,0.041413826778017304,1586.3600341796875,1639.0500122070312,1651.5133463541667,1652.4200134277344,1648.4220068359375,1651.850008138021,1
2024-01-16,1555.75,1560.0,1532.300048828125,1558.0,222928,Healthcare,0.00012854049410093715,0.03175388207105234,3.2083611456457106e-05,0.0147346109602573,1565.830029296875,1622.6050170898438,1642.2500162760416,1649.2450134277344,1644.8180078125,1647.5566731770834,1
2024-01-17,1567.300048828125,1572.0,1512.1500244140625,1544.0,191531,Healthcare,0.0074241033765869435,-0.00898587933247752,0.007692307692307665,-0.013150181930407734,1557.6100341796875,1608.5300170898438,1635.633349609375,1645.6900146484375,1642.6940087890625,1644.1250081380208,1
2024-01-18,1565.050048828125,1576.0,1538.6500244140625,1552.3499755859375,168549,Healthcare,-0.0014355898232009112,0.005408015275866207,0.0025445292620864812,0.017524716180372657,1549.4900390625,1595.4350219726562,1628.7533528645833,1644.2425170898437,1639.2980126953125,1640.7000081380208,0
2024-01-19,1603.5,1616.0,1552.5999755859375,1566.0999755859375,305068,Healthcare,0.02456787321317,0.008857538709858392,0.025380710659898442,0.009066357489051047,1569.430029296875,1588.3400268554688,1623.7766845703125,1638.9425170898437,1638.3000146484376,1638.528340657552,1
2024-01-23,1582.0999755859375,1603.5,1560.050048828125,1584.0,373400,Healthcare,-0.013345821274750591,0.011429681816683246,-0.007735148514851464,0.0047984499287241356,1574.7400146484374,1580.5500244140626,1617.6133463541667,1632.3200134277345,1636.884013671875,1636.1416748046875,0
2024-01-24,1610.5,1615.0,1574.550048828125,1589.0,273265,Healthcare,0.017950840561478776,0.0031565656565657463,0.007171811661989436,0.009294573600950873,1585.6900146484375,1575.7600219726562,1610.3000162760416,1628.1100158691406,1636.534013671875,1634.9633422851562,1
2024-01-25,1558.6500244140625,1617.949951171875,1545.5999755859375,1615.9000244140625,302795,Healthcare,-0.03219495534674788,0.016928901456301215,0.0018265951528637636,-0.018386251528640707,1583.960009765625,1570.7850219726563,1600.3400146484375,1622.7150146484375,1633.344013671875,1632.905008951823,0
2024-01-29,1581.75,1589.800048828125,1554.050048828125,1565.0,202978,Healthcare,0.014820501860012714,-0.03149948861008234,-0.017398500073108614,0.005467179979078418,1587.3,1568.39501953125,1592.7233479817708,1618.3900146484375,1632.854013671875,1630.6316772460937,1
2024-01-30,1586.9000244140625,1611.0,1545.199951171875,1585.0,133065,Healthcare,0.0032559029012564356,0.012779552715654896,0.013334979570230887,-0.005694860125594836,1583.9800048828124,1576.7050170898438,1586.8866861979166,1613.8275146484375,1627.9500146484374,1629.2466796875,1
2024-01-31,1632.4000244140625,1641.0,1580.0,1580.0,301101,Healthcare,0.02867225363916681,-0.003154574132492094,0.01862197392923659,0.022521388770257778,1594.0400146484376,1584.3900146484375,1585.0466878255208,1611.7200134277343,1624.664013671875,1629.7433471679688,1
2024-02-01,1631.25,1651.050048828125,1612.050048828125,1635.0,170323,Healthcare,-0.0007044991404452361,0.034810126582278444,0.006124344197516729,0.0202848410304588,1598.1900146484375,1591.9400146484375,1583.2366861979167,1607.2725158691405,1622.126015625,1630.1433471679688,0
2024-02-02,1637.25,1650.699951171875,1572.199951171875,1631.25,238206,Healthcare,0.0036781609195402076,-0.002293577981651418,-0.0002120454534364491,-0.024720136750852717,1613.910009765625,1598.935009765625,1585.160017903646,1603.7325134277344,1620.954013671875,1630.1050130208334,1
2024-02-05,1666.800048828125,1675.0,1608.550048828125,1624.0,334415,Healthcare,0.018048586854863435,-0.004444444444444473,0.01472105745860941,0.023120530966277864,1630.92001953125,1609.110009765625,1589.2366861979167,1602.2725158691405,1620.896015625,1632.5316813151042,1
2024-02-06,1744.3499755859375,1812.800048828125,1667.0,1670.0,1673724,Healthcare,0.04652623259300692,0.028325123152709297,0.08226868586753722,0.03633704230369306,1662.410009765625,1623.1950073242188,1605.273347981771,1605.7675170898438,1623.544013671875,1633.6933471679688,1
2024-02-07,1759.949951171875,1788.5,1741.75,1764.0,313367,Healthcare,0.008943145472110503,0.05628742514970053,-0.013404704420563962,0.044841031793641184,1687.9199951171875,1640.9800048828124,1618.900008138021,1610.7650146484375,1626.960009765625,1635.2066772460937,1
2024-02-08,1670.5999755859375,1771.0,1663.800048828125,1765.0,393623,Healthcare,-0.050768475277631175,0.0005668934240363743,-0.009784735812133127,-0.04475381149526336,1695.789990234375,1646.9900024414062,1626.5566731770834,1611.3750122070312,1624.9760107421876,1634.4033447265624,0
2024-02-09,1643.8499755859375,1682.800048828125,1634.449951171875,1680.0,134159,Healthcare,-0.016012211415613042,-0.04815864022662886,-0.049802343970567486,-0.017640399564191833,1697.1099853515625,1655.5099975585938,1631.660001627604,1613.147509765625,1622.4080078125,1633.6466756184896,0
2024-02-12,1667.4000244140625,1699.9000244140625,1629.5999755859375,1635.0,344748,Healthcare,0.014326154562694038,-0.0267857142857143,0.0101616205667725,-0.002967344201919464,1697.22998046875,1664.075,1638.4833333333333,1616.235009765625,1621.2640087890625,1633.6183430989583,1
2024-02-13,1708.9000244140625,1734.25,1645.5999755859375,1667.4000244140625,484863,Healthcare,0.024889048454094453,0.019816528693616275,0.020207056351903674,0.00981836048091922,1690.139990234375,1676.275,1645.5100016276042,1626.490008544922,1622.64201171875,1634.6433430989584,1
2024-02-14,1696.0999755859375,1715.949951171875,1683.25,1699.949951171875,81848,Healthcare,-0.0074902268390533155,0.019521366367528215,-0.010552140019100431,0.022879208174912957,1677.3699951171875,1682.6449951171876,1653.110001627604,1633.5175048828125,1624.0860107421875,1635.3616739908855,0
2024-02-15,1707.6500244140625,1717.199951171875,1678.050048828125,1700.0,469397,Healthcare,0.00680976887823781,2.9441353900150347e-05,0.0007284594746754802,-0.003089232836402833,1684.7800048828126,1690.2849975585937,1659.586669921875,1641.1125061035157,1626.0560107421875,1634.9433430989584,1
2024-02-16,1785.9000244140625,1793.0,1715.0,1727.949951171875,546173,Healthcare,0.04582320667658446,0.016441147748161855,0.044141655592522255,0.022019576351539172,1713.1900146484375,1705.15,1674.736669921875,1652.0425048828124,1633.1560107421874,1637.5383422851562,1
2024-02-19,1785.9000244140625,1830.9000244140625,1779.699951171875,1808.0,324089,Healthcare,0.0,0.04632660151634371,0.021137771563894292,0.03772591905065603,1736.8900146484375,1717.0599975585938,1688.3466715494792,1663.0850036621093,1640.3660107421874,1640.535009765625,0
2024-02-20,1747.050048828125,1790.0,1730.050048828125,1786.0,273732,Healthcare,-0.02175372364345185,-0.012168141592920345,-0.022338753546716217,-0.027897906223494084,1744.52001953125,1717.3300048828125,1699.02333984375,1670.2625061035155,1650.0960107421874,1642.9550130208333,0
2024-02-21,1729.9000244140625,1755.75,1715.0,1750.050048828125,297539,Healthcare,-0.009816561595110684,-0.020128752055921018,-0.019134078212290517,-0.00869919852221579,1751.280029296875,1714.3250122070312,1705.52333984375,1677.6525085449218,1657.070009765625,1645.2850138346355,0
2024-02-22,1748.949951171875,1768.0999755859375,1712.800048828125,1725.5999755859375,320376,Healthcare,0.01101215474244821,-0.013971070860836154,0.007034017135661319,-0.0012827703626093756,1759.5400146484376,1722.160009765625,1713.3700032552083,1684.5750061035155,1664.7980078125,1648.3033447265625,1
2024-02-23,1748.300048828125,1764.800048828125,1730.949951171875,1764.800048828125,202957,Healthcare,-0.00037159573566669657,0.02271677897357227,-0.0018663688724496197,0.010596626474974613,1752.02001953125,1732.6050170898438,1720.77333984375,1694.0575073242187,1672.0380078125,1652.966678873698,0
2024-02-26,1694.800048828125,1748.0,1688.050048828125,1740.949951171875,169869,Healthcare,-0.03060115455345369,-0.013514334200119271,-0.009519519698155454,-0.024784022388808058,1733.8000244140626,1735.34501953125,1722.6400065104167,1699.710009765625,1677.2280078125,1655.9383463541667,0
2024-02-27,1631.800048828125,1698.9000244140625,1627.0,1694.800048828125,234888,Healthcare,-0.03717252666092474,-0.02650846011551644,-0.028089230884403626,-0.03616601822351595,1710.7500244140624,1727.6350219726562,1715.1366780598958,1701.955010986328,1678.360009765625,1660.2050130208333,0
2024-02-28,1605.4000244140625,1645.800048828125,1588.8499755859375,1645.800048828125,526261,Healthcare,-0.01617846771914344,-0.028911965180719257,-0.031255503456862455,-0.02344807892689771,1685.8500244140625,1718.5650268554687,1704.833349609375,1700.6050109863281,1679.29201171875,1661.866678873698,0
2024-02-29,1601.9000244140625,1627.0,1576.1500244140625,1605.0,189838,Healthcare,-0.0021801419875258077,-0.024790404434108626,-0.011423045491772421,-0.00799317202191574,1656.4400390625,1707.9900268554688,1700.2533528645833,1699.1375122070312,1678.9480126953124,1663.4050130208334,0
2024-03-01,1713.050048828125,1761.4000244140625,1611.800048828125,1611.800048828125,974863,Healthcare,0.06938636788816988,0.004236790547118341,0.08260603836143976,0.022618420747933188,1649.3900390625,1700.705029296875,1704.8666910807292,1702.9275146484374,1685.124013671875,1668.2633463541667,1
2024-03-04,1674.0,1702.8499755859375,1640.0,1702.8499755859375,260302,Healthcare,-0.022795626347775766,0.056489591760473745,-0.033240631325415104,0.017495936417409874,1645.230029296875,1689.5150268554687,1705.306689453125,1703.2875122070313,1688.814013671875,1671.8950113932292,0
2024-03-05,1666.800048828125,1684.4000244140625,1615.050048828125,1669.949951171875,288551,Healthcare,-0.004301046100283701,-0.019320565455416494,-0.010834748472499212,-0.015213384860899404,1652.230029296875,1681.4900268554688,1702.5000244140624,1699.4100158691406,1692.0100146484374,1674.0050130208333,0
2024-03-06,1648.9000244140625,1662.5999755859375,1620.800048828125,1662.5999755859375,162619,Healthcare,-0.010739155201397677,-0.004401314890173591,-0.012942322792775074,0.00356026118458197,1660.930029296875,1673.3900268554687,1699.353361002604,1693.85751953125,1692.6700146484375,1676.2316813151042,0
2024-03-07,1632.75,1659.9000244140625,1623.699951171875,1650.0,87084,Healthcare,-0.009794423054727885,-0.007578476946324408,-0.0016239331237349885,0.0017891795757574158,1667.1000244140625,1661.7700317382812,1694.3600260416667,1691.965020751953,1692.7300146484374,1676.9733479817708,0
2024-03-11,1623.4000244140625,1649.699951171875,1613.25,1640.5,115905,Healthcare,-0.005726520034259663,-0.005757575757575739,-0.0061449925249492665,-0.006435888086547603,1649.17001953125,1649.280029296875,1683.5266927083333,1690.9425231933594,1692.176015625,1679.131681315104,0
2024-03-12,1636.25,1642.699951171875,1584.800048828125,1620.0,1002929,Healthcare,0.007915470859115814,-0.012496190185918965,-0.004243195858148363,-0.017635178163257437,1641.62001953125,1643.4250244140626,1673.5500244140626,1689.3850219726562,1690.954013671875,1680.948347981771,1
2024-03-13,1587.800048828125,1675.0,1580.0,1631.1500244140625,340578,Healthcare,-0.02961035976890758,0.006882731119791652,0.019662780658806778,-0.0030288040637520552,1625.82001953125,1639.0250244140625,1662.9333577473958,1683.3300231933595,1684.6920166015625,1680.9783487955729,0
2024-03-14,1626.6500244140625,1640.0,1562.5999755859375,1587.800048828125,155042,Healthcare,0.02446780097696233,-0.02657632647953989,-0.020895522388059695,-0.011012673679786422,1621.37001953125,1641.1500244140625,1656.0500244140626,1679.8575256347656,1679.36001953125,1680.7866821289062,1
2024-03-15,1593.949951171875,1627.949951171875,1580.0999755859375,1616.5,82046,Healthcare,-0.020102709711000366,0.01807529304023947,-0.007347590748856714,0.01119928342084986,1613.610009765625,1640.3550170898438,1645.716691080729,1674.1725219726563,1676.2940185546875,1679.5433471679687,0
2024-03-18,1587.9000244140625,1602.9000244140625,1562.5999755859375,1598.0,135667,Healthcare,-0.003795556286672941,-0.011444478812248637,-0.015387405945606836,-0.011075248573123142,1606.510009765625,1627.8400146484375,1635.0233561197917,1664.2725219726562,1674.0560205078125,1677.898347981771,0
2024-03-19,1582.300048828125,1599.050048828125,1558.25,1586.949951171875,151030,Healthcare,-0.0035266550159566146,-0.006914924172794157,-0.002401881294714414,-0.0027838062548967146,1595.72001953125,1618.67001953125,1627.5233561197917,1654.0925231933593,1670.652021484375,1675.081681315104,0
2024-03-20,1617.050048828125,1635.0,1551.050048828125,1580.0,277270,Healthcare,0.021961700643146953,-0.0043794394188315655,0.022482067523915905,-0.004620536609578063,1601.57001953125,1613.69501953125,1626.5400227864584,1647.5925231933593,1666.9780224609376,1670.8383504231772,1
2024-03-21,1627.25,1633.5999755859375,1601.0,1617.0999755859375,162616,Healthcare,0.00630775230443037,0.02348099720628949,-0.0008562840452981391,0.032203958350418116,1601.6900146484375,1611.5300170898438,1627.996687825521,1642.4600219726562,1664.2240234375,1666.415018717448,1
2024-03-22,1601.949951171875,1651.199951171875,1598.4000244140625,1612.550048828125,208142,Healthcare,-0.015547733186741408,-0.002813633557915196,0.010773736440357506,-0.0016239697601109215,1603.2900146484376,1608.4500122070312,1628.0000162760416,1635.1100219726563,1659.9960205078125,1664.1266845703126,0
2024-03-26,1654.199951171875,1662.199951171875,1585.0,1585.0,454541,Healthcare,0.03261649963644464,-0.017084771321142056,0.006661821902425036,-0.008383398529397956,1616.55,1611.5300048828126,1624.0766764322916,1630.4050170898438,1654.728017578125,1664.4716837565104,1
2024-03-27,1728.9000244140625,1751.0,1651.550048828125,1652.0,454748,Healthcare,0.045157825805319574,0.04227129337539437,0.053423205051546185,0.041987412509858046,1645.8699951171875,1620.7950073242187,1627.736678059896,1632.1100158691406,1652.448017578125,1666.5216837565104,1
2024-03-28,1723.5999755859375,1814.75,1681.0999755859375,1728.9000244140625,1235401,Healthcare,-0.003065561196877953,0.04654965158236224,0.03640776699029136,0.01789223813034302,1667.17998046875,1634.375,1631.52333984375,1636.7000122070312,1651.5100146484374,1667.0116821289062,0
2024-04-01,1736.1500244140625,1751.0,1697.0999755859375,1709.0,168149,Healthcare,0.007281300189075912,-0.011510222761901279,-0.03512880562060894,0.009517577914676556,1688.9599853515624,1645.325,1637.3400065104167,1643.2375122070312,1651.7600146484374,1668.3466837565104,1
2024-04-02,1722.449951171875,1744.550048828125,1704.0,1721.0999755859375,83843,Healthcare,-0.007891065316668833,0.007080149552918469,-0.0036835814802256284,0.004065773680587137,1713.0599853515625,1658.175,1643.3200032552083,1649.2650085449218,1650.7000146484374,1668.8400146484375,0
2024-04-03,1724.800048828125,1750.0,1706.199951171875,1721.0,107925,Healthcare,0.0013643924194437496,-5.808819206065685e-05,0.0031239867125256726,0.0012910511572037375,1727.1800048828125,1671.8650024414062,1650.0800048828125,1649.8525085449219,1649.7600146484374,1666.803348795573,1
2024-04-04,1683.3499755859375,1747.75,1677.949951171875,1746.0,84913,Healthcare,-0.02403181358346418,0.01452643811737353,-0.0012857142857143344,-0.01655726222509679,1718.0699951171875,1681.9699951171874,1653.2200032552084,1650.3200073242188,1649.30201171875,1663.3850138346354,0
2024-04-05,1714.75,1731.0,1675.0,1675.0,132483,Healthcare,0.01865329543438099,-0.040664375715922074,-0.009583750536403923,-0.0017580686300058268,1716.3,1691.739990234375,1661.6833333333334,1652.7175048828126,1652.620009765625,1662.3083455403646,1
2024-04-08,1745.050048828125,1748.4000244140625,1714.050048828125,1715.0,113909,Healthcare,0.01767024279231677,0.023880597014925398,0.010052007171613253,0.023313461986940398,1718.0800048828125,1703.5199951171876,1669.5766682942708,1657.5250061035156,1658.2060107421876,1662.8133463541667,1
2024-04-09,1767.949951171875,1779.949951171875,1732.0,1761.800048828125,215410,Healthcare,0.013122776827591887,0.027288658208819205,0.018045027635129385,0.010472244485595583,1727.1800048828125,1720.1199951171875,1681.176668294271,1664.2850036621094,1664.8480078125,1663.4466796875,1
2024-04-10,1800.699951171875,1824.449951171875,1766.550048828125,1778.0,440946,Healthcare,0.018524280044404984,0.00919511336297818,0.02500070295274437,0.019948065143259308,1742.3599853515625,1734.7699951171876,1695.363330078125,1673.15,1668.35400390625,1665.1933430989584,1
2024-04-12,1841.449951171875,1933.5,1833.3499755859373,1854.949951171875,2470085,Healthcare,0.022630088912636737,0.04327893766697133,0.059771466330485135,0.03781377538786712,1773.97998046875,1746.0249877929687,1712.639990234375,1683.4099975585937,1675.052001953125,1670.0816731770833,1
2024-04-15,1777.5999755859375,1819.449951171875,1728.1500244140625,1801.0,821956,Healthcare,-0.03467375018544716,-0.029084316338449878,-0.05898631953872513,-0.05738127066451293,1786.5499755859375,1751.4249877929688,1723.3433186848958,1692.8999938964844,1679.4839990234375,1674.941670735677,0
2024-04-16,1746.449951171875,1768.0,1712.4000244140625,1765.0,303191,Healthcare,-0.017523641337694573,-0.019988895058300926,-0.02827775017319767,-0.009113792076784644,1786.8299560546875,1752.45498046875,1731.2899820963542,1698.889990234375,1683.38599609375,1679.6433349609374,0
2024-04-18,1739.75,1747.8499755859375,1702.5999755859375,1745.050048828125,254620,Healthcare,-0.003836325894927217,-0.011303088482648715,-0.011397072632388316,-0.005722990357628799,1781.1899658203124,1754.1849853515625,1740.476652018229,1706.1799926757812,1687.66599609375,1684.2383341471354,0
2024-04-19,1739.6500244140625,1754.0,1671.5999755859375,1710.0,336772,Healthcare,-5.746548983331934e-05,-0.02008541179186385,0.0035186225934527027,-0.018207447694418954,1768.97998046875,1755.6699829101562,1746.1733235677084,1713.7674926757813,1692.31599609375,1685.125,0
2024-04-22,1789.550048828125,1805.3499755859373,1715.550048828125,1735.0,263824,Healthcare,0.028683944307056564,0.014619883040935644,0.029275926787877493,0.026292219361143454,1758.6,1766.289990234375,1750.216658528646,1724.1299926757813,1698.447998046875,1688.976668294271,1
2024-04-23,1830.0,1839.0,1750.0,1806.0,745663,Healthcare,0.022603419892259113,0.04092219020172916,0.018639058835748123,0.020080994544815267,1769.0800048828125,1777.814990234375,1757.3099934895833,1734.777490234375,1708.13599609375,1694.4166666666667,1
2024-04-24,1841.0,1879.0,1798.0,1830.0,824053,Healthcare,0.006010928961748707,0.013289036544850585,0.021750951604132762,0.027428571428571358,1787.9900146484374,1787.4099853515625,1764.2999918619792,1745.464990234375,1716.7099951171874,1700.819999186198,1
2024-04-25,1771.6500244140625,1839.0,1752.050048828125,1829.0,348884,Healthcare,-0.03766973144266028,-0.0005464480874316502,-0.021287919105907438,-0.02555614636922965,1794.37001953125,1787.7799926757812,1767.5799967447917,1753.9499938964843,1723.817998046875,1705.45,0
2024-04-26,1805.050048828125,1819.949951171875,1773.0999755859375,1780.0,210127,Healthcare,0.018852495670023117,-0.026790595954073293,-0.010358917252922817,0.012014455164618187,1807.4500244140625,1788.2150024414063,1772.9299967447917,1761.492498779297,1732.5039990234375,1711.505000813802,1
2024-04-29,1794.050048828125,1818.0,1782.75,1810.4000244140625,100470,Healthcare,-0.0060940138513839726,0.017078665401158766,-0.0010714312064568077,0.005442459278627743,1808.3500244140625,1783.4750122070313,1780.3100016276042,1764.75,1740.9739990234375,1716.7650024414063,0
2024-04-30,1817.75,1849.9000244140625,1760.0,1799.9000244140625,106560,Healthcare,0.013210306583897102,-0.005799823165268836,0.01754676810454492,-0.012761183564717449,1805.9000244140625,1787.4900146484374,1787.176668294271,1769.457501220703,1749.0019970703124,1724.430000813802,1
2024-05-02,1809.449951171875,1834.449951171875,1801.050048828125,1815.0,81615,Healthcare,-0.004566111306904097,0.008389341286249019,-0.008351842282439681,0.023323891379616546,1799.5900146484375,1793.7900146484376,1791.4699951171874,1773.1224975585938,1756.2899951171876,1730.523331705729,0
2024-05-03,1790.4000244140625,1817.4000244140625,1778.550048828125,1804.5,89940,Healthcare,-0.010528020819517536,-0.005785123966942196,-0.009294299224092084,-0.012492712245636861,1803.3400146484375,1798.8550170898438,1792.9666666666667,1776.520001220703,1763.827998046875,1737.0716674804687,0
2024-05-06,1813.800048828125,1839.5,1788.3499755859375,1792.0,188770,Healthcare,0.013069718551707687,-0.006927126627874758,0.012160215301561195,0.005510065215353244,1805.0900146484375,1806.27001953125,1793.8400065104167,1780.9700012207031,1770.212001953125,1744.601668294271,1
2024-05-07,1778.550048828125,1815.0,1742.199951171875,1815.0,143399,Healthcare,-0.01943433622839219,0.012834821428571397,-0.013318836640391463,-0.025805924480157616,1801.9900146484374,1805.17001953125,1789.6466796875,1785.7300048828124,1772.1980029296874,1751.1433349609374,0
2024-05-08,1764.4000244140625,1797.4000244140625,1758.550048828125,1768.050048828125,70193,Healthcare,-0.00795593265614647,-0.025867741692493063,-0.009696956245695554,0.009384742345591501,1791.32001953125,1798.6100219726563,1788.7666829427083,1788.2125061035156,1773.8300048828125,1756.055000813802,0
2024-05-09,1714.949951171875,1785.9000244140625,1691.0,1775.050048828125,121298,Healthcare,-0.028026565720893903,0.003959163941450461,-0.006398130546231062,-0.03841235503825413,1772.42001953125,1786.0050170898437,1786.6666829427083,1786.707501220703,1772.982001953125,1758.9783325195312,0
2024-05-10,1747.8499755859375,1760.9000244140625,1695.699951171875,1732.0,183992,Healthcare,0.019184247558700518,-0.024252864789106265,-0.013998543960041854,0.002779391585969737,1763.910009765625,1783.6250122070312,1787.206681315104,1785.7025024414063,1773.9980029296876,1763.8416666666667,1
2024-05-13,1831.0,1840.0,1715.9000244140625,1740.0,721361,Healthcare,0.047572746846415104,0.004618937644341736,0.044920196768273524,0.01191252805558407,1767.35,1786.2200073242188,1793.2966796875,1787.2175048828126,1778.2460009765625,1769.735001627604,1
2024-05-14,1836.1500244140625,1858.4000244140625,1819.550048828125,1832.800048828125,182332,Healthcare,0.0028126840054956137,0.053333361395474066,0.010000013268512298,0.06040563141168809,1778.8699951171875,1790.4300048828125,1796.4033447265624,1786.9525085449218,1784.3580029296875,1773.3100016276042,1
2024-05-15,1850.25,1860.0999755859373,1805.050048828125,1819.1500244140625,187622,Healthcare,0.007679097785289635,-0.007447634248367807,0.0009147391032835461,-0.007969003111147566,1796.039990234375,1793.6800048828125,1797.7533447265625,1790.585009765625,1789.7780029296875,1777.531669108073,1
2024-05-16,1867.9000244140625,1887.550048828125,1845.0999755859373,1867.449951171875,287646,Healthcare,0.009539264647513868,0.026550821048071382,0.014757310683551239,0.022187709855365778,1826.6300048828125,1799.5250122070313,1799.5466796875,1796.6575134277343,1794.692001953125,1781.9233357747396,1
2024-05-17,1838.199951171875,1880.949951171875,1821.75,1865.050048828125,191374,Healthcare,-0.015900247793777966,-0.0012851227109160757,-0.003496647763246097,-0.01265512757839704,1844.7,1804.3050048828125,1803.9833414713542,1801.580010986328,1797.502001953125,1785.781669108073,0
2024-05-21,1902.75,1915.0,1825.300048828125,1840.5999755859373,356918,Healthcare,0.0351159017205791,-0.013109607035773907,0.018102580989414863,0.0019487025267599378,1859.05,1813.2,1810.496671549479,1809.735009765625,1801.58400390625,1791.7133341471354,1
2024-05-22,1956.050048828125,2050.0,1895.699951171875,1920.0,2633537,Healthcare,0.028012113429575658,0.04313812097535563,0.07049608355091386,0.03856894782254994,1883.0300048828126,1830.95,1821.2966715494792,1818.060009765625,1806.1680078125,1800.8033365885417,1
2024-05-23,1946.8499755859373,1976.449951171875,1923.050048828125,1956.0,318131,Healthcare,-0.004703393580189563,0.018750000000000044,-0.035878072599085375,0.014427440186060458,1902.35,1849.1949951171875,1829.9033365885416,1823.9025085449218,1812.9380078125,1808.5400024414062,0
2024-05-24,1970.75,2001.0,1890.0,1940.0,475497,Healthcare,0.012276253801667192,-0.008179959100204526,0.012421285352340439,-0.01718626556197289,1922.9199951171875,1874.775,1840.6566731770833,1830.3900085449218,1821.910009765625,1816.0633341471355,1
2024-05-27,1977.3499755859373,2019.9000244140625,1940.0,1971.9000244140625,382342,Healthcare,0.0033489664269630293,0.016443311553640427,0.009445289562250103,0.02645502645502651,1950.75,1897.725,1853.1200032552083,1840.6750061035157,1831.4140087890626,1823.0433349609375,1
2024-05-28,1994.550048828125,2010.0,1968.5999755859373,1977.3499755859373,170782,Healthcare,0.008698547780895849,0.0027638070411273308,-0.004901244761821522,0.01474225545666874,1969.110009765625,1914.0800048828125,1865.1700032552083,1850.1500061035156,1841.610009765625,1829.5050048828125,1
2024-05-29,1971.1500244140625,1999.949951171875,1954.25,1999.949951171875,101473,Healthcare,-0.011731981570385241,0.011429426184022207,-0.005000024292599492,-0.007289431963782289,1972.1300048828125,1927.5800048828125,1878.0100016276042,1859.0050048828125,1848.8740087890626,1833.8283406575522,0
2024-05-30,1920.3499755859373,1970.5,1910.9000244140625,1960.5,172571,Healthcare,-0.02577178205561792,-0.01972546920424645,-0.01472534407904491,-0.022182410431591415,1966.8300048828125,1934.5900024414063,1888.4066650390625,1864.1350036621093,1852.4880078125,1838.5866739908854,0
2024-05-31,1906.6500244140625,1955.0,1885.949951171875,1935.0,182109,Healthcare,-0.007134090840756557,-0.013006885998469775,-0.00786602385181423,-0.013056713027065792,1954.010009765625,1938.4650024414063,1901.186669921875,1868.9950073242187,1855.1140087890626,1843.9266764322917,0
2024-06-03,1921.800048828125,1948.5999755859373,1908.6500244140625,1941.9000244140625,60822,Healthcare,0.00794588635568716,0.003565904089954719,-0.0032736697770141543,0.012036413388426537,1942.9000244140625,1946.8250122070312,1912.783341471354,1875.565008544922,1861.120009765625,1849.995011393229,1
2024-06-04,1889.3499755859373,1938.949951171875,1798.050048828125,1938.949951171875,223682,Healthcare,-0.01688524946285397,-0.0015191684459027188,-0.0049522860181503425,-0.05794670273293856,1921.860009765625,1945.485009765625,1916.67333984375,1879.3425048828126,1864.4920068359374,1854.985009765625,0
2024-06-05,1985.1500244140625,2021.0,1890.800048828125,1900.0,403408,Healthcare,0.05070529550694558,-0.02008816738582353,0.042316744059605504,0.05158365867537973,1924.660009765625,1948.3950073242188,1926.6066731770834,1889.6725036621094,1872.136005859375,1861.505008951823,1
2024-06-06,2028.550048828125,2067.949951171875,1996.0999755859373,2019.800048828125,507179,Healthcare,0.02186233981327046,0.06305265727796061,0.023231049565499706,0.055690672751502523,1946.3000244140626,1956.5650146484375,1938.4933430989583,1902.8800048828125,1880.5680078125,1868.1233439127604,1
2024-06-07,2002.199951171875,2057.0,1995.0,2044.0,490862,Healthcare,-0.012989621661773754,0.01198135983109605,-0.005295075524274551,-0.0005510623713195217,1965.410009765625,1959.710009765625,1947.446671549479,1917.2425048828125,1888.2780078125,1873.4966756184897,0
2024-06-10,2007.199951171875,2035.699951171875,1996.199951171875,2000.1500244140625,169805,Healthcare,0.002497253082577311,-0.02145302132384419,-0.010354909493497821,0.0006014792841477767,1982.489990234375,1962.6950073242188,1958.7133382161458,1930.2100036621093,1896.9500048828124,1881.34833984375,1
2024-06-11,1996.0999755859373,2038.9000244140625,1989.699951171875,2013.050048828125,120954,Healthcare,-0.0055300796412719455,0.006449528413670524,0.0015719768723014838,-0.0032561868344822553,2003.839990234375,1962.8499999999997,1964.9366699218747,1938.4650024414063,1904.242001953125,1887.716670735677,0
2024-06-12,1950.699951171875,2010.050048828125,1944.0999755859373,2010.0,321420,Healthcare,-0.022744363994461447,-0.0015151381009630427,-0.014149774506098445,-0.02291801613558897,1996.9499755859374,1960.8049926757808,1964.5799967447915,1944.1924987792968,1911.127998046875,1892.9383341471355,0
2024-06-13,1990.25,2023.0,1962.300048828125,1968.800048828125,342232,Healthcare,0.02027479869693205,-0.020497488145211462,0.006442601356829281,0.009361696142556886,1989.2899658203125,1967.7949951171872,1967.473331705729,1951.1924987792968,1920.1619970703125,1898.6883341471355,1
2024-06-14,1958.199951171875,1991.949951171875,1953.0999755859373,1991.0,181644,Healthcare,-0.016103529118515314,0.01127587902341265,-0.015348516474604557,-0.004688413093442034,1980.4899658203126,1972.9499877929684,1966.636661783854,1955.7074951171876,1929.8919970703125,1903.6466674804688,0
2024-06-18,1955.199951171875,1974.949951171875,1922.0999755859373,1974.949951171875,190675,Healthcare,-0.0015320192395085197,-0.0080613002652562,-0.008534350971016513,-0.01587220336260553,1970.0899658203125,1976.2899780273433,1965.159993489583,1961.5574951171875,1938.18599609375,1909.139998372396,0
2024-06-19,1949.3499755859373,1973.1500244140625,1927.0,1971.949951171875,108844,Healthcare,-0.002992008864582618,-0.0015190258356774233,-0.0009113784158147897,0.002549307776027021,1960.7399658203126,1982.2899780273438,1962.1466552734373,1963.8874938964843,1942.9199951171875,1913.658329264323,0
2024-06-20,1946.3499755859373,1965.0,1935.949951171875,1952.949951171875,61850,Healthcare,-0.0015389745492460083,-0.009635132975210015,-0.004130463630854786,0.0046444998297223705,1959.869970703125,1978.4099731445312,1960.4933186848955,1963.402490234375,1947.3279931640625,1919.25166015625,0
2024-06-21,1940.0,1989.9000244140625,1935.050048828125,1949.0,193196,Healthcare,-0.0032625045164478284,-0.0020225562716058576,0.012671768149650209,-0.0004648376076071825,1949.819970703125,1969.5549682617188,1961.8033203124999,1963.059991455078,1950.9179931640624,1925.1049926757812,0
2024-06-24,1936.199951171875,1957.300048828125,1912.8499755859373,1915.0999755859373,89132,Healthcare,-0.0019587880557345727,-0.01739354767268486,-0.016382720330654132,-0.011472609328958772,1945.419970703125,1962.9549682617187,1963.7733154296873,1961.3324890136719,1953.649990234375,1932.4799926757812,0
2024-06-25,1935.6500244140625,1971.800048828125,1929.9000244140625,1936.199951171875,77849,Healthcare,-0.0002840237432500947,0.01101768881777665,0.00740816412316625,0.008913427109150218,1941.5099853515626,1955.7999755859375,1964.6966471354165,1959.247491455078,1957.5479931640625,1938.7399943033854,0
2024-06-26,1943.3499755859373,1949.4000244140625,1926.0999755859373,1935.6500244140625,48554,Healthcare,0.003977966613156525,-0.0002840237432500947,-0.011360190617388022,-0.001969039214494539,1940.3099853515625,1950.5249755859375,1968.2966471354166,1956.6874877929688,1959.1719921875,1942.4849934895833,1
2024-06-27,1937.1500244140625,1949.199951171875,1911.550048828125,1943.3499755859373,95064,Healthcare,-0.003190342063840279,0.003977966613156525,-0.00010263324083403802,-0.007554086985223085,1938.4699951171874,1949.1699829101562,1965.0966471354166,1954.9874877929688,1958.4159912109376,1945.85166015625,0
2024-06-28,1978.050048828125,1986.5,1939.949951171875,1940.0,157551,Healthcare,0.021113503806414524,-0.0017238148702100053,0.019136081347477907,0.01485700170976978,1946.0800048828125,1947.9499877929688,1961.72998046875,1957.872491455078,1959.663994140625,1950.111661783854,1
2024-07-01,2054.64990234375,2062.300048828125,1979.25,1994.800048828125,349825,Healthcare,0.0387249319404257,0.028247447849548912,0.03815758813396686,0.020258279758395226,1969.7699951171876,1957.5949829101562,1965.2266438802083,1965.2724853515624,1963.019990234375,1956.3366577148438,1
2024-07-02,2013.25,2080.0,2005.0,2080.0,262767,Healthcare,-0.020149370603977257,0.04271102320351705,0.00858262655908515,0.013009978527219968,1985.289990234375,1963.3999877929687,1965.62998046875,1969.8449829101562,1964.4559912109376,1962.1716593424478,0
2024-07-03,2024.199951171875,2058.449951171875,2017.050048828125,2022.0999755859373,137932,Healthcare,0.005438942591270424,-0.02783655019906861,-0.010360600398137021,0.006009999415523604,2001.4599853515624,1970.8849853515626,1967.503312174479,1976.5874816894532,1965.6419873046875,1966.219991048177,1
2024-07-04,2086.449951171875,2095.5,2011.699951171875,2029.9000244140625,287584,Healthcare,0.030752890772456354,0.003857400189061,0.017999003962681837,-0.0026524367401583593,2031.319970703125,1984.8949829101562,1976.553312174479,1981.6524780273437,1970.253984375,1970.5666544596354,1
2024-07-05,2037.9000244140625,2109.199951171875,2030.0,2100.0,334572,Healthcare,-0.02326915473363933,0.034533708430380505,0.006537795834824722,0.009096808307553328,2043.2899658203125,1994.6849853515625,1979.72998046875,1982.1199768066406,1974.955986328125,1973.6016560872397,0
2024-07-08,2042.25,2056.949951171875,1990.0,2050.0,183675,Healthcare,0.0021345382667572466,-0.023809523809523836,-0.02477242613767827,-0.019704433497536922,2040.8099853515625,2005.289990234375,1985.3333170572917,1984.1224792480468,1980.3799853515625,1975.984989420573,1
2024-07-09,2047.9000244140625,2088.0,2038.0999755859373,2044.0,287050,Healthcare,0.0027665684485556064,-0.0029268292682926855,0.015095189268185871,0.024170842002983584,2047.739990234375,2016.514990234375,1991.513321940104,1986.1574829101562,1985.423984375,1978.3366577148438,1
2024-07-10,2053.550048828125,2061.949951171875,2011.0,2059.89990234375,154920,Healthcare,0.0027589356641952723,0.007778817193615506,-0.012476077024964116,-0.013296686085355724,2053.610009765625,2027.5349975585937,1998.4599934895834,1989.0299865722657,1991.9919873046874,1980.3033243815105,1
2024-07-11,2058.300048828125,2072.89990234375,2030.0,2060.0,158895,Healthcare,0.002313067559619908,4.859345647623137e-05,0.005310483489500584,0.009448035803083066,2047.980029296875,2039.65,2005.9233317057292,1994.4099914550782,1994.91798828125,1983.2083251953125,1
2024-07-12,2053.550048828125,2079.89990234375,2046.050048828125,2058.300048828125,150686,Healthcare,-0.002307729625087629,-0.0008252190154732775,0.003376911732247745,0.007906427994150311,2051.1100341796873,2047.2,2013.4933349609375,1997.5749938964843,1995.91798828125,1987.6483276367187,0
2024-07-15,2073.75,2117.5,2057.949951171875,2060.14990234375,402542,Healthcare,0.00983660037085654,0.0008987287915958042,0.018077840002723278,0.005816036782954281,2057.4100341796875,2049.110009765625,2022.6633382161458,2003.3524963378907,1998.779990234375,1993.2183268229167,1
2024-07-16,2040.4000244140625,2081.949951171875,2023.550048828125,2075.75,90855,Healthcare,-0.016081965321730007,0.0075723119169641695,-0.016788688938901952,-0.01671561658929621,2055.9100341796875,2051.8250122070312,2029.6466715494792,2007.6125,2000.1079931640625,1997.1716593424478,0
2024-07-18,2031.050048828125,2047.050048828125,2010.0,2038.0,80859,Healthcare,-0.004582422796540864,-0.018186197759845868,-0.01676308420579742,-0.006696176769125151,2051.4100341796875,2052.5100219726564,2035.4933430989583,2011.6975036621093,2001.50599609375,2001.8949951171876,0
2024-07-19,1977.949951171875,2044.0,1967.699951171875,2044.0,135326,Healthcare,-0.026144160104221825,0.0029440628066732533,-0.0014899727683116426,-0.021044800412002518,2035.3400146484375,2041.6600219726563,2038.2133382161458,2013.2775024414063,2002.59599609375,2001.6549926757812,0
2024-07-22,2034.550048828125,2042.0,1955.300048828125,1960.0,79901,Healthcare,0.028615535809041193,-0.04109589041095896,-0.0009784735812132794,-0.006301724171088763,2031.5400146484376,2041.3250244140625,2041.9800048828124,2018.0050048828125,2004.367998046875,2001.8549926757812,1
2024-07-23,2027.550048828125,2045.75,1968.550048828125,2041.0999755859373,99658,Healthcare,-0.003440564169965743,0.041377538564253635,0.0018364348677766262,0.00677645357189105,2022.3000244140626,2039.855029296875,2040.1733479817708,2022.572509765625,2007.142001953125,2002.6999959309896,0
2024-07-24,2072.449951171875,2089.0,2009.949951171875,2010.0,159234,Healthcare,0.022144904570765567,-0.015236870294415339,0.021141390688011796,0.021030657751574644,2028.710009765625,2042.3100219726562,2044.120011393229,2029.4125061035156,2011.832001953125,2004.8749959309896,1
2024-07-25,2051.949951171875,2072.10009765625,2033.0,2068.199951171875,118113,Healthcare,-0.009891674338580847,0.028955199587997527,-0.008089948465174746,0.011467971535652488,2032.889990234375,2042.1500122070313,2045.9700113932292,2034.8425048828126,2015.9360009765626,2006.736661783854,0
2024-07-26,2121.39990234375,2137.0,2045.6500244140625,2054.550048828125,215282,Healthcare,0.03384583095324123,-0.006599894916357485,0.03132083359156157,0.006222343538643704,2061.57998046875,2048.459997558594,2048.300008138021,2044.054998779297,2022.937998046875,2012.42666015625,1
2024-07-29,2109.550048828125,2150.25,2094.25,2139.0,66373,Healthcare,-0.00558586502362568,0.04110386662035492,0.006200280767431066,0.02375771759876577,2076.57998046875,2054.0599975585938,2053.0766764322916,2050.629998779297,2029.72,2016.4033284505208,0
2024-07-30,2100.10009765625,2129.699951171875,2091.699951171875,2109.550048828125,53281,Healthcare,-0.004479605106844753,-0.013768093114481017,-0.009557050960644076,-0.001217642988241563,2091.089990234375,2056.6950073242188,2056.933349609375,2052.902508544922,2036.276005859375,2021.1333333333334,0
2024-07-31,2118.89990234375,2139.699951171875,2101.0,2101.0,133923,Healthcare,0.008951861251033089,-0.00405302013710207,0.0046954971260142475,0.004446167732095052,2100.37998046875,2064.5449951171877,2061.6666748046873,2058.1850036621095,2043.6060009765624,2026.589998372396,1
2024-08-01,2085.050048828125,2127.14990234375,2071.050048828125,2118.89990234375,76576,Healthcare,-0.015975201791355587,0.008519706017967588,-0.00586533117470589,-0.014255093370716287,2107.0,2069.9449951171873,2063.7666748046877,2061.227508544922,2049.27400390625,2031.1133341471354,0
2024-08-02,2083.85009765625,2110.0,2054.0,2078.0,73745,Healthcare,-0.0005755023350875188,-0.019302423063265017,-0.008062385412919815,-0.008232562432652246,2099.4900390625,2080.535009765625,2065.470011393229,2061.097515869141,2055.1420068359375,2035.696671549479,0
2024-08-05,2053.75,2139.89990234375,1965.0999755859373,2026.0,130037,Healthcare,-0.014444463970850974,-0.025024061597690106,0.014170569831161162,-0.04328141402826813,2088.330029296875,2082.4550048828123,2065.4833414713544,2061.8900146484375,2058.1700048828125,2039.4883382161458,0
2024-08-06,2040.0,2106.0,2033.6500244140625,2057.300048828125,61157,Healthcare,-0.0066950699939135605,0.015449185008946209,-0.015841816856302815,0.03488374621127632,2076.310009765625,2083.7,2063.2333414713544,2061.7775146484373,2057.5840087890624,2042.94833984375,0
2024-08-07,2104.300048828125,2121.25,2050.10009765625,2050.10009765625,230158,Healthcare,0.03151963177849271,-0.003499708842167326,0.0072412155745489315,0.008088940105083875,2073.3900390625,2086.885009765625,2067.493343098958,2064.597515869141,2061.2260107421876,2048.5700073242188,1
2024-08-08,2065.699951171875,2126.949951171875,2053.35009765625,2104.35009765625,158730,Healthcare,-0.018343438084196362,0.026462122538319255,0.0026870718547435946,0.0015852884469960138,2069.52001953125,2088.260009765625,2069.8033365885417,2065.205010986328,2062.8860107421874,2052.64833984375,0
2024-08-09,2058.0,2098.0,2050.050048828125,2075.0,75562,Healthcare,-0.003727526433597861,-0.01394734540081477,-0.013611016637191997,-0.001607153515560622,2064.35,2081.92001953125,2075.1400065104167,2065.190008544922,2061.7480126953124,2056.6766723632813,0
2024-08-12,2038.6500244140625,2137.800048828125,2004.6500244140625,2069.050048828125,236762,Healthcare,-0.009402320498511862,-0.0028674463478916,0.01897047131941143,-0.022145812703457946,2061.3300048828123,2074.8300170898438,2075.413338216146,2064.4450073242188,2061.7780126953126,2058.696671549479,0
2024-08-13,2010.550048828125,2067.35009765625,2004.050048828125,2040.3499755859373,156132,Healthcare,-0.013783619183981188,-0.013871135335002172,-0.0329544155499919,-0.0002992919355651047,2055.4400146484377,2065.8750122070314,2074.2800048828126,2061.285009765625,2060.5100146484374,2057.2266764322917,0
2024-08-14,1981.3499755859373,2056.949951171875,1976.0999755859373,2008.0,97659,Healthcare,-0.014523425198595508,-0.015855111119673082,-0.005030665341185125,-0.013946794022700049,2030.85,2052.12001953125,2068.2066731770833,2058.3325073242186,2057.8480126953127,2056.1633422851564,0
2024-08-16,2071.89990234375,2077.949951171875,1984.199951171875,2007.1500244140625,227808,Healthcare,0.04570112694554873,-0.0004232946145107386,0.010209290696662876,0.0040989705409697486,2032.089990234375,2050.8050048828127,2069.536669921875,2060.375,2058.5820068359376,2057.753340657552,1
2024-08-19,2119.949951171875,2169.699951171875,2076.0,2076.0,384198,Healthcare,0.023191298370046853,0.034302356449930294,0.04415409521690217,0.04626552317668775,2044.47998046875,2054.414990234375,2069.440006510417,2067.475,2061.0480029296873,2058.870007324219,1
2024-08-20,2091.800048828125,2133.449951171875,2064.64990234375,2120.5,126479,Healthcare,-0.013278569302161647,0.021435452793834298,-0.016707379276300838,-0.0054672917419316125,2055.1099853515625,2058.2199951171874,2068.2566731770835,2070.3375,2062.5780029296875,2060.6666748046873,0
2024-08-21,2095.85009765625,2123.949951171875,2075.0,2085.0,94127,Healthcare,0.0019361548587752964,-0.016741334590898327,-0.004452881584956714,0.005013003727412091,2072.1699951171877,2063.8050048828127,2067.97333984375,2073.7525024414062,2063.4620068359377,2062.4533447265626,1
2024-08-22,2099.75,2111.449951171875,2083.300048828125,2095.85009765625,85545,Healthcare,0.0018607735105249379,0.005203883767985529,-0.005885261087768656,0.004000023531626429,2095.85,2063.35,2066.6966796875,2075.1175048828127,2065.836005859375,2064.181677246094,1
2024-08-23,2065.25,2115.60009765625,2056.0,2110.0,129333,Healthcare,-0.016430527443743292,0.0067513904546767645,0.001965543385042956,-0.013104232798094362,2094.52001953125,2063.3050048828127,2065.376676432292,2075.782507324219,2067.20400390625,2064.5716756184897,0
2024-08-26,2102.25,2110.949951171875,2065.050048828125,2082.0,84876,Healthcare,0.017915506597264264,-0.013270142180094813,-0.002198027164739935,0.004401774721850771,2090.980029296875,2067.7300048828124,2066.603336588542,2074.8250122070312,2072.176005859375,2066.0366739908854,1
2024-08-27,2079.5,2124.60009765625,2075.0,2090.0,69125,Healthcare,-0.01082173861339042,0.003842459173871271,0.006466352495376526,0.00481826151260667,2088.52001953125,2071.8150024414062,2068.320003255208,2073.322509765625,2073.97400390625,2066.9016723632812,0
2024-08-28,2097.300048828125,2127.800048828125,2057.199951171875,2079.5,142579,Healthcare,0.008559773420593997,-0.005023923444976042,0.0015061428150195955,-0.008578336784638596,2088.810009765625,2080.4900024414064,2072.1400065104167,2073.182507324219,2076.76400390625,2067.6866739908855,1
2024-08-29,2078.85009765625,2100.199951171875,2043.949951171875,2087.0,95883,Healthcare,-0.008797001259874038,0.003606636210627512,-0.012971189502251734,-0.006440793464170702,2084.630029296875,2090.2400146484374,2070.4433430989584,2071.1800170898437,2077.020009765625,2068.9683430989585,0
2024-08-30,2139.800048828125,2145.199951171875,2071.35009765625,2071.35009765625,140666,Healthcare,0.029319069826435173,-0.007498755315644479,0.021426531304741037,0.01340548797130059,2099.5400390625,2097.030029296875,2075.383349609375,2073.917517089844,2080.534013671875,2072.5933430989585,1
2024-09-02,2111.39990234375,2162.449951171875,2095.25,2157.89990234375,116768,Healthcare,-0.013272336590481215,0.041784247281727804,0.008041208461978977,0.011538321006570929,2101.37001953125,2096.1750244140626,2078.9433430989584,2075.2950073242187,2080.134013671875,2077.0416748046873,0
2024-09-03,2109.25,2149.0,2105.10009765625,2130.0,100204,Healthcare,-0.0010182355040195823,-0.012929192087847596,-0.0062197745499664725,0.004701156261186057,2107.32001953125,2097.92001953125,2083.650008138021,2078.0700073242188,2080.12201171875,2079.531673177083,0
2024-09-04,2126.199951171875,2134.949951171875,2085.0,2086.0,78395,Healthcare,0.008036008615325274,-0.020657276995305174,-0.00653794733742441,-0.009548285935965128,2113.1,2100.9550048828123,2091.360001627604,2082.3800048828125,2081.166005859375,2082.820003255208,1
2024-09-05,2144.89990234375,2171.949951171875,2122.300048828125,2122.300048828125,133788,Healthcare,0.008795010629911948,0.017401749198525884,0.017330617038441964,0.017889711668165553,2126.3099609375,2105.4699951171874,2102.263330078125,2084.4099975585937,2082.206005859375,2085.235001627604,1
2024-09-06,2139.300048828125,2189.550048828125,2130.0,2149.89990234375,159704,Healthcare,-0.002610776153006533,0.013004689667167835,0.008103362440167627,0.0036281161922069316,2126.2099609375,2112.875,2106.7566731770835,2088.0900024414063,2084.376005859375,2088.1466715494794,0
2024-09-09,2153.64990234375,2160.0,2114.550048828125,2115.10009765625,71561,Healthcare,0.0067077329912115236,-0.01618670927402821,-0.013495945819526067,-0.007253498202758224,2134.6599609375,2118.014990234375,2109.0033365885415,2092.8724975585938,2087.167998046875,2089.221671549479,1
2024-09-10,2171.800048828125,2196.64990234375,2159.800048828125,2161.949951171875,228988,Healthcare,0.008427621622540737,0.022150182663950302,0.016967547381365744,0.02139935161387041,2147.169970703125,2127.2449951171875,2114.336669921875,2099.529998779297,2091.89,2091.296671549479,1
2024-09-11,2168.89990234375,2214.0,2159.5,2170.050048828125,224494,Healthcare,-0.0013353653279176703,0.003746662891922714,0.007898435539381188,-0.00013892435472806497,2155.7099609375,2134.40498046875,2119.2066569010417,2107.4474914550783,2097.04599609375,2093.5899983723957,0
2024-09-12,2176.25,2202.699951171875,2171.14990234375,2189.0,57020,Healthcare,0.0033888597847726576,0.008732494986513517,-0.005103906426434102,0.005394722085552139,2161.97998046875,2144.144970703125,2124.3066569010416,2117.192492675781,2099.923994140625,2095.501668294271,1
2024-09-13,2177.550048828125,2194.0,2171.050048828125,2194.0,39138,Healthcare,0.0005973802771395142,0.0022841480127913094,-0.003949676017946269,-4.5991073908457913e-05,2169.62998046875,2147.919970703125,2131.7933268229167,2122.475,2104.397998046875,2098.585001627604,1
2024-09-16,2174.550048828125,2202.949951171875,2170.0,2189.0,65091,Healthcare,-0.0013776950851781544,-0.002278942570647202,0.0040792849461599445,-0.00048365942954275987,2173.810009765625,2154.2349853515625,2136.613330078125,2125.2050048828123,2109.06,2101.608333333333,0
2024-09-17,2182.10009765625,2191.39990234375,2143.25,2174.550048828125,138101,Healthcare,0.0034720050854628592,-0.006601165450833668,-0.005242991935418662,-0.012327188940092215,2175.87001953125,2161.5199951171876,2143.453336588542,2129.720007324219,2114.7980029296873,2105.886669921875,1
2024-09-18,2135.39990234375,2191.89990234375,2124.64990234375,2178.10009765625,72423,Healthcare,-0.02140149086774701,0.0016325440888509402,0.00022816465377473172,-0.00867845452292082,2169.17001953125,2162.439990234375,2145.9933268229165,2131.6974975585936,2119.7919970703124,2109.0666666666666,0
2024-09-19,2127.699951171875,2182.550048828125,2115.050048828125,2137.25,108184,Healthcare,-0.003605859100875519,-0.018754922099405325,-0.004265638912446468,-0.004518322526942065,2159.460009765625,2160.7199951171874,2149.2499837239584,2133.0949951171874,2125.64599609375,2109.8466634114584,0
2024-09-20,2110.5,2137.949951171875,2082.25,2129.550048828125,121227,Healthcare,-0.008083823643649457,-0.003602737710550974,-0.020434856776914256,-0.015507930342498644,2146.05,2157.839990234375,2147.2966471354166,2135.3574951171877,2127.19,2111.3399983723957,0
2024-09-23,2175.550048828125,2190.0,2111.949951171875,2111.949951171875,154142,Healthcare,0.03082210321162049,-0.008264702520579537,0.024345775166343175,0.014263393527134127,2146.25,2160.0300048828126,2151.5733235677085,2139.022497558594,2129.41400390625,2115.258333333333,1
2024-09-24,2195.550048828125,2218.800048828125,2170.699951171875,2174.0,225697,Healthcare,0.009193077406227879,0.029380454207115436,0.013150707227454372,0.02781789405918489,2148.939990234375,2162.4050048828126,2157.32666015625,2144.825,2133.56400390625,2120.4883341471354,1
2024-09-25,2180.199951171875,2222.0,2170.199951171875,2194.89990234375,159009,Healthcare,-0.00699145877564622,0.00961357053530354,0.001442198982087195,-0.0002303404483563476,2157.9,2163.535009765625,2160.92666015625,2148.9699951171874,2136.937998046875,2126.1433308919272,0
2024-09-26,2161.10009765625,2186.800048828125,2125.0,2180.199951171875,111043,Healthcare,-0.008760597166951878,-0.006697321894350683,-0.01584156218356214,-0.020827551464770666,2164.580029296875,2162.02001953125,2162.0066731770835,2153.0824951171876,2139.392001953125,2132.135001627604,0
2024-09-27,2183.199951171875,2205.800048828125,2151.89990234375,2174.800048828125,73591,Healthcare,0.010226205412508405,-0.0024767922505674056,0.00868849440998587,0.0126587775735294,2179.12001953125,2162.585009765625,2164.9333333333334,2155.252490234375,2144.11,2135.845003255208,1
2024-09-30,2192.050048828125,2208.14990234375,2164.550048828125,2178.0,47107,Healthcare,0.004053727489092163,0.001471377184122824,0.0010653066749515272,0.00587859429269777,2182.42001953125,2164.335009765625,2167.493343098958,2159.2849975585937,2147.702001953125,2138.24833984375,1
2024-10-01,2251.050048828125,2264.800048828125,2185.10009765625,2200.300048828125,267624,Healthcare,0.026915443847434828,0.010238773566632275,0.02565502750707549,0.009493912528957482,2193.52001953125,2171.2300048828124,2172.776676432292,2166.375,2154.56400390625,2143.556673177083,1
2024-10-03,2243.35009765625,2271.0,2226.050048828125,2235.050048828125,131060,Healthcare,-0.0034206041646579477,0.01579330056303352,0.0027375269508154165,0.018740537889224473,2206.150048828125,2182.0250244140625,2177.740022786458,2172.2325073242187,2160.406005859375,2148.47333984375,0
2024-10-04,2234.85009765625,2299.0,2219.199951171875,2243.35009765625,284792,Healthcare,-0.003788976142814482,0.003713585220374238,0.01232937032144421,-0.0030772433260681797,2220.900048828125,2192.7400390625,2181.646695963542,2176.730017089844,2166.646005859375,2152.9766764322917,0
2024-10-07,2198.449951171875,2277.5,2183.800048828125,2255.0,288377,Healthcare,-0.016287511418572875,0.005193082593716092,-0.009351892127011707,-0.015951650650071758,2223.950048828125,2201.5350341796875,2183.0400227864584,2179.6875122070314,2168.992001953125,2157.4166748046873,0
2024-10-08,2276.89990234375,2284.0,2172.60009765625,2175.0,114753,Healthcare,0.03568421065490135,-0.03547671840354771,0.0028540065861690778,-0.005128652313147963,2240.92001953125,2211.67001953125,2189.863346354167,2185.8500122070313,2175.612001953125,2163.2383382161456,1
2024-10-09,2288.550048828125,2312.35009765625,2268.050048828125,2270.0,105611,Healthcare,0.00511667046600639,0.04367816091954024,0.012412477082421214,0.043933511406376136,2248.42001953125,2220.97001953125,2196.960009765625,2191.6875122070314,2182.78400390625,2170.2066731770833,1
2024-10-10,2259.550048828125,2318.300048828125,2226.0,2308.0,96249,Healthcare,-0.012671778803723277,0.016740088105726914,0.0025731186544397655,-0.01854017676984321,2251.660009765625,2228.905029296875,2205.2366861979167,2196.22001953125,2188.1180078125,2175.6150065104166,0
2024-10-11,2274.050048828125,2295.89990234375,2236.300048828125,2260.0,132443,Healthcare,0.0064172068273151694,-0.020797227036395194,-0.009662315495225893,0.004627155807783057,2259.5,2240.2000244140627,2214.993359375,2201.1100219726563,2193.284013671875,2182.1216715494793,1
2024-10-14,2288.449951171875,2303.300048828125,2212.550048828125,2286.75,127726,Healthcare,0.006332271513184384,0.011836283185840735,0.0032232008358989983,-0.010620220668709268,2277.5,2250.7250244140623,2226.856689453125,2206.6550170898436,2199.250009765625,2187.076668294271,1
2024-10-15,2259.550048828125,2289.050048828125,2235.10009765625,2283.0,66975,Healthcare,-0.01262859269828076,-0.0016398819285011745,-0.006186775364872776,0.010191881914747514,2274.030029296875,2257.4750244140623,2232.456689453125,2210.9050170898436,2203.486015625,2192.0150065104167,0
2024-10-16,2228.699951171875,2269.25,2218.60009765625,2249.800048828125,38676,Healthcare,-0.013653203951932702,-0.014542247556668886,-0.00864989773301883,-0.007382219712352978,2262.060009765625,2255.2400146484374,2234.666682942708,2213.235009765625,2205.76201171875,2195.9966715494793,0
2024-10-17,2187.800048828125,2261.5,2178.550048828125,2237.0,187850,Healthcare,-0.018351461946344294,-0.005689416192693364,-0.003415225294700841,-0.018051945851095152,2247.710009765625,2249.685009765625,2235.1733561197916,2215.855017089844,2206.518017578125,2198.050008138021,0
2024-10-18,2205.64990234375,2218.0,2175.75,2189.60009765625,71188,Healthcare,0.008158813930544628,-0.021189048879637906,-0.019235021003758512,-0.0012852809278497412,2234.02998046875,2246.764990234375,2238.143343098958,2219.7525146484377,2207.694013671875,2200.0750081380206,1
2024-10-21,2176.5,2217.89990234375,2170.5,2200.85009765625,27455,Healthcare,-0.01321601506783776,0.0051379245059597345,-4.5129691726764065e-05,-0.0024129610479145525,2211.639990234375,2244.5699951171873,2237.6966796875,2223.0525146484374,2207.65201171875,2201.315006510417,0
2024-10-22,2133.300048828125,2190.5,2127.0,2189.85009765625,62564,Healthcare,-0.019848357993050736,-0.004998068706139613,-0.01235398509860397,-0.020041465100207323,2186.389990234375,2230.210009765625,2233.7800130208334,2220.9400146484377,2206.00201171875,2200.636678059896,0
2024-10-23,2121.449951171875,2173.699951171875,2116.449951171875,2129.050048828125,87491,Healthcare,-0.005554819943289102,-0.02776447981220176,-0.00766950414431633,-0.004960060567994806,2164.939990234375,2213.5,2225.1400065104167,2217.235009765625,2203.576005859375,2198.9583414713543,0
2024-10-24,2135.35009765625,2165.050048828125,2109.5,2134.949951171875,79479,Healthcare,0.00655219156911846,0.002771143095953832,-0.003979345143328872,-0.0032837777090012343,2154.45,2201.0800048828123,2217.940006510417,2214.9925170898437,2203.574013671875,2197.8400146484373,1
2024-10-25,2105.550048828125,2152.14990234375,2085.10009765625,2134.300048828125,162134,Healthcare,-0.013955579865256418,-0.00030441104410583453,-0.005958359480584541,-0.011566675678478355,2134.430029296875,2184.2300048828124,2209.320003255208,2212.2150146484373,2202.688017578125,2195.483349609375,0
2024-10-28,2145.449951171875,2162.5,2085.85009765625,2097.0,110043,Healthcare,0.018949871253811645,-0.01747647845887712,0.0048091899383859715,0.00035969496181165184,2128.22001953125,2169.9300048828127,2205.786669921875,2210.3275146484375,2204.086015625,2194.4133463541666,1
2024-10-29,2119.10009765625,2157.800048828125,2080.699951171875,2145.0,77468,Healthcare,-0.012281737684550653,0.022889842632331847,-0.002173387825144535,-0.002469087539014425,2125.380029296875,2155.885009765625,2195.2666829427085,2206.6800170898437,2201.828017578125,2192.5650146484377,0
2024-10-30,2140.550048828125,2156.800048828125,2092.64990234375,2119.0,79489,Healthcare,0.01012219818950455,-0.012121212121212088,-0.00046343496958534125,0.005743236147597752,2129.200048828125,2147.07001953125,2185.4000162760417,2201.1550170898436,2199.628017578125,2191.1800130208335,1
2024-10-31,2146.199951171875,2172.85009765625,2123.800048828125,2135.0,150983,Healthcare,0.0026394628552801613,0.007550731477111938,0.007441602589375762,0.014885503040660053,2131.37001953125,2142.910009765625,2177.8433430989585,2196.297509765625,2198.268017578125,2191.5400146484376,1
2024-11-01,2147.199951171875,2174.14990234375,2142.35009765625,2142.5,3158,Healthcare,0.000465939811178373,0.003512880562060783,0.0005982026504736115,0.008734366890310818,2139.7,2137.0650146484377,2169.386669921875,2191.915002441406,2197.71201171875,2192.1900146484377,1
2024-11-04,2103.949951171875,2154.75,2090.25,2124.25,98954,Healthcare,-0.020142511635395488,-0.008518086347724663,-0.008922982873828866,-0.024319133326176745,2131.4,2129.810009765625,2157.086669921875,2187.1900024414062,2194.54201171875,2191.9716796875,0
2024-11-05,2149.14990234375,2153.800048828125,2089.449951171875,2091.0,183303,Healthcare,0.021483377561666517,-0.015652583264681663,-0.0004408637530456394,-0.0003827526985408225,2137.4099609375,2131.3949951171876,2149.72666015625,2180.8025024414064,2192.826005859375,2191.0916748046875,1
2024-11-06,2190.550048828125,2204.050048828125,2127.60009765625,2146.5,125622,Healthcare,0.019263498762569498,0.026542324246771942,0.023330856560868307,0.018258463890450383,2147.4099609375,2138.3050048828127,2147.1833333333334,2175.9025024414063,2190.406005859375,2190.925008138021,1
2024-11-07,2111.85009765625,2206.550048828125,2096.25,2185.5,107112,Healthcare,-0.03592702719299978,0.018169112508735097,0.0011342755130852034,-0.01473495780094436,2140.539990234375,2135.9550048828123,2142.1200032552083,2168.5175048828123,2185.146005859375,2188.6466796875,0
2024-11-08,2115.449951171875,2129.0,2094.10009765625,2112.64990234375,181560,Healthcare,0.0017045970827285206,-0.03333337801704417,-0.035145384021228576,-0.0010255944394752525,2134.189990234375,2136.9449951171873,2136.1066731770834,2160.5875,2180.37,2187.125008138021,1
2024-11-11,2154.800048828125,2164.0,2082.10009765625,2124.949951171875,269483,Healthcare,0.018601289826994716,0.005822095186940102,0.016439643024894313,-0.005730385101185287,2144.360009765625,2137.8800048828125,2134.660009765625,2153.9050048828126,2178.62400390625,2186.1783447265625,1
2024-11-12,2174.300048828125,2235.949951171875,2142.0,2154.800048828125,167022,Healthcare,0.009049563559553997,0.014047435630090144,0.03324859111454481,0.028768983014398453,2149.3900390625,2143.4,2137.393343098958,2149.6425048828123,2174.520009765625,2185.586678059896,1
2024-11-13,2050.14990234375,2195.699951171875,2037.1500244140625,2165.0,359837,Healthcare,-0.0570989024956734,0.004733595201755314,-0.018001297380965453,-0.04894956843414444,2121.310009765625,2134.3599853515625,2132.6400065104167,2140.7150024414063,2164.98400390625,2178.8900065104167,0
2024-11-14,2032.199951171875,2069.10009765625,2024.300048828125,2045.0,99058,Healthcare,-0.008755433517985467,-0.05542725173210161,-0.057658084588496195,-0.0063078199602081275,2105.37998046875,2122.9599853515624,2125.763330078125,2132.9349975585938,2155.89,2171.851668294271,0
2024-11-18,2021.199951171875,2041.1500244140625,1996.550048828125,2029.5,228048,Healthcare,-0.005412853195698952,-0.007579462102689449,-0.013508323388437105,-0.013708442093880557,2086.52998046875,2110.3599853515625,2120.139990234375,2123.7125,2145.77599609375,2164.7299967447916,0
2024-11-19,2020.699951171875,2059.64990234375,2011.1500244140625,2025.699951171875,63237,Healthcare,-0.0002473778013452055,-0.0018724064193766932,0.009063458201705732,0.00731260185263416,2059.7099609375,2102.0349853515627,2111.8233235677085,2115.922497558594,2135.06599609375,2158.804996744792,0
2024-11-21,2015.75,2021.449951171875,1988.1500244140625,2007.800048828125,75288,Healthcare,-0.002449622057448142,-0.008836403601330423,-0.018546817654983894,-0.011436242806749819,2027.999951171875,2088.6949951171873,2104.933317057292,2110.0449951171877,2125.313994140625,2150.1,0
2024-11-22,2061.85009765625,2071.39990234375,2009.949951171875,2010.0,106266,Healthcare,0.022869947987721684,0.0010957023201383365,0.024709961848384143,0.010964930458020827,2030.339990234375,2075.825,2099.6866536458333,2107.0650024414062,2118.64,2142.5433349609375,1
2024-11-25,2118.10009765625,2123.449951171875,2052.0,2068.0,124578,Healthcare,0.027281323731507268,0.028855721393034717,0.025127957556255298,0.020920943232247247,2047.52001953125,2076.45,2097.813330078125,2106.202502441406,2115.852001953125,2137.828336588542,1
2024-11-26,2157.949951171875,2165.25,2102.949951171875,2113.0,94747,Healthcare,0.018813961417460945,0.021760154738878157,0.01968497011434467,0.024829410902473148,2074.87001953125,2080.7,2098.529996744792,2108.8224975585936,2113.94400390625,2133.9583333333335,1
2024-11-27,2168.0,2173.75,2133.550048828125,2153.949951171875,47120,Healthcare,0.004657220535938533,0.019380005287210178,0.003925643690105174,0.014551034673553787,2104.330029296875,2082.0199951171876,2102.8,2109.95,2113.60400390625,2129.9433349609376,1
2024-11-28,2139.85009765625,2186.699951171875,2128.39990234375,2175.0,95214,Healthcare,-0.012984272298777633,0.009772765990534005,0.005957424345888418,-0.0024138859490095976,2129.150048828125,2078.575,2102.1800130208335,2110.9875,2113.866005859375,2125.953336588542,0
2024-11-29,2141.60009765625,2156.60009765625,2111.0,2130.949951171875,52189,Healthcare,0.0008178142954577972,-0.02025289601293101,-0.013764967388184224,-0.008175109538667846,2145.100048828125,2087.72001953125,2098.916682942708,2111.040002441406,2114.67201171875,2123.050008138021,1
2024-12-02,2134.550048828125,2187.64990234375,2128.10009765625,2134.85009765625,63095,Healthcare,-0.0032919539160651823,0.0018302384259329951,0.014397571771068929,0.008100472598886688,2148.3900390625,2097.955029296875,2100.4300130208335,2110.4575073242186,2114.640009765625,2121.275008138021,0
2024-12-03,2076.35009765625,2157.0,2066.199951171875,2144.949951171875,125062,Healthcare,-0.02726567653160772,0.004730942714297859,-0.014010423839259212,-0.02908704649398197,2132.070068359375,2103.4700439453127,2097.8233561197917,2106.9150146484376,2113.47201171875,2116.9650146484373,0
2024-12-04,2105.0,2109.10009765625,2062.64990234375,2076.35009765625,142533,Healthcare,0.013798204058212304,-0.03198202992016019,-0.02220672338606866,-0.001718153572751513,2119.470068359375,2111.900048828125,2094.503352864583,2106.9675170898436,2111.854013671875,2114.581681315104,1
2024-12-05,2100.199951171875,2122.449951171875,2091.550048828125,2120.0,83654,Healthcare,-0.002280308231888406,0.021022419289030925,0.006329644349483576,0.014011173903790697,2111.5400390625,2120.3450439453127,2089.5633463541667,2104.52001953125,2111.0980078125,2113.4783447265627,0
2024-12-06,2135.5,2158.5,2098.300048828125,2100.199951171875,949767,Healthcare,0.016807946694993525,-0.00933964567364387,0.016985111384238083,0.0032272715653072215,2110.32001953125,2127.7100341796877,2095.253352864583,2101.7675170898438,2110.896005859375,2113.9466796875,1
2024-12-09,2190.449951171875,2212.0,2091.5,2125.0,553459,Healthcare,0.025731655898794115,0.011808422723887269,0.024785730831595965,-0.003240741871937125,2121.5,2134.94501953125,2105.8033528645833,2105.697509765625,2112.666005859375,2115.783341471354,1
2024-12-10,2220.85009765625,2249.5,2174.60009765625,2231.550048828125,900881,Healthcare,0.013878493990748808,0.05014119944852946,0.01695298372513565,0.039732296273607526,2150.4,2141.2350341796873,2119.1133626302085,2110.9675170898436,2115.61201171875,2119.626676432292,1
2024-12-11,2222.5,2237.39990234375,2189.0,2210.050048828125,256479,Healthcare,0.0007429147719115736,-0.009634558728042197,-0.005379016517559454,0.006621862272180534,2173.9,2146.6850341796876,2132.56669921875,2114.3525146484376,2120.354013671875,2122.1950113932294,1
2024-12-12,2226.35009765625,2235.89990234375,2192.5,2222.5,132876,Healthcare,0.0017323274043870018,0.0056333344932513185,-0.0006704210536653266,0.0015989036089538722,2199.130029296875,2155.3350341796877,2146.6067057291666,2116.9550170898438,2123.442021484375,2125.770011393229,1
2024-12-13,2224.0,2236.89990234375,2189.0,2220.0,109801,Healthcare,-0.0010555831532175208,-0.0011248593925758943,0.00044724721305811066,-0.0015963511972634237,2216.830029296875,2163.5750244140627,2157.41669921875,2125.6475219726562,2124.78001953125,2128.5516764322915,0
2024-12-16,2212.199951171875,2236.0,2193.0,2224.0,138911,Healthcare,-0.005305777350775642,0.0018018018018017834,-0.00040229888820997317,0.001827318410233092,2221.180029296875,2171.3400146484373,2163.6900227864585,2134.6475219726562,2128.794013671875,2130.751676432292,0
2024-12-17,2174.39990234375,2245.800048828125,2158.25,2216.949951171875,252335,Healthcare,-0.01708708510191448,-0.0031699859838691946,0.004382848313114973,-0.01584587323301412,2211.889990234375,2181.1449951171876,2164.786686197917,2142.30751953125,2131.15201171875,2131.658341471354,0
2024-12-18,2131.60009765625,2178.10009765625,2124.89990234375,2174.39990234375,192262,Healthcare,-0.019683501936036185,-0.019193057924304147,-0.03014513745656089,-0.01545237931483845,2193.710009765625,2183.8050048828127,2162.3600260416665,2147.8525268554686,2130.224013671875,2132.580013020833,0
2024-12-19,2126.39990234375,2144.75,2070.10009765625,2100.0,68131,Healthcare,-0.0024395735946052266,-0.03421629216573985,-0.015311554180699294,-0.02578935818438144,2173.719970703125,2186.425,2161.463346354167,2153.3850219726564,2128.3080078125,2131.8216796875,0
2024-12-20,2058.050048828125,2131.14990234375,2052.14990234375,2118.64990234375,71204,Healthcare,-0.03214346155692016,0.008880905877976186,-0.006341110924932947,-0.008671172632097823,2140.52998046875,2178.6800048828127,2155.893343098958,2153.19501953125,2128.624013671875,2127.4050130208334,0
2024-12-23,2021.699951171875,2093.5,2016.0999755859373,2068.199951171875,71775,Healthcare,-0.017662397314850642,-0.023812311376251838,-0.01766647306336555,-0.017566907133168108,2102.42998046875,2161.8050048828127,2148.3700032552083,2148.3750122070314,2128.204013671875,2124.400008138021,0
2024-12-24,2013.5999755859373,2032.9000244140625,2001.300048828125,2016.25,62239,Healthcare,-0.004006517179387825,-0.025118437481075895,-0.02894672824740263,-0.00734086946928858,2070.2699951171876,2141.0799926757813,2144.186661783854,2141.1575134277346,2127.9000146484377,2121.005008951823,0
2024-12-26,2028.0999755859373,2041.0,1980.050048828125,2013.5999755859373,108595,Healthcare,0.007201033063074291,-0.0013143332493801285,0.00398444364634809,-0.010618097977084018,2049.569970703125,2121.639990234375,2139.059993489583,2134.1625122070313,2128.196015625,2116.781673177083,1
2024-12-27,2058.14990234375,2074.75,2021.0,2028.0999755859373,96040,Healthcare,0.014816787692693012,0.007201033063074291,0.016536011758941704,0.02068127075682291,2035.919970703125,2104.819970703125,2136.256656901042,2130.077502441406,2129.89201171875,2112.9100016276043,1
2024-12-30,2052.449951171875,2076.39990234375,2026.25,2058.14990234375,143078,Healthcare,-0.0027694538504625665,0.014816787692693012,0.0007952294704181018,0.0025977238990597673,2034.799951171875,2087.6649658203123,2130.7199869791666,2125.6199951171875,2129.516005859375,2112.986669921875,0
2024-12-31,2076.64990234375,2088.60009765625,2048.300048828125,2052.449951171875,71837,Healthcare,0.011790763111206637,-0.0027694538504625665,0.005875648182572579,0.010882195596853883,2045.78994140625,2074.1099609375,2123.1333170572916,2122.724987792969,2127.857998046875,2114.4683349609377,1
2025-01-01,2056.5,2086.39990234375,2044.0,2061.10009765625,35586,Healthcare,-0.009703081063884844,0.004214546853839707,-0.0010534306279929018,-0.0020993256484005407,2054.3699462890627,2062.319970703125,2112.1766438802083,2121.7324829101562,2123.8,2115.6450032552084,0
2025-01-02,2049.050048828125,2065.449951171875,2029.1500244140625,2057.199951171875,99817,Healthcare,-0.0036226361156698195,-0.0018922644702263902,-0.010041196392091889,-0.007265154396251194,2058.5599609375,2054.0649658203124,2100.613313802083,2118.9349853515623,2119.042001953125,2116.5900065104165,0
2025-01-03,1997.800048828125,2060.199951171875,1976.550048828125,2060.14990234375,445477,Healthcare,-0.025011590141153728,0.0014339642435801103,-0.002541819034163173,-0.025922171822227003,2046.489990234375,2041.20498046875,2085.376643880208,2113.814990234375,2113.36,2115.9916748046876,0
2025-01-06,2038.800048828125,2059.949951171875,1970.6500244140625,1991.199951171875,689908,Healthcare,0.020522574330724463,-0.03346841464955219,-0.00012134744487191096,-0.002985011392734771,2043.760009765625,2039.27998046875,2073.02998046875,2108.9799926757814,2109.247998046875,2115.22333984375,1
2025-01-07,2035.0999755859373,2072.35009765625,1998.0,2049.0,299045,Healthcare,-0.0018148288962002157,0.029027747210473853,0.006019634834973031,0.013878656913761,2035.4500244140625,2040.6199829101563,2061.2233154296873,2101.2124938964844,2105.2699951171876,2112.456669108073,0
2025-01-08,2026.5999755859373,2057.89990234375,2007.5,2035.5,139288,Healthcare,-0.004176698983819116,-0.0065885797950219205,-0.006972854311075416,0.004754754754754842,2029.47001953125,2041.9199829101562,2051.3699869791667,2091.4999877929686,2103.279990234375,2108.078336588542,0
2025-01-09,2000.300048828125,2037.75,1980.0,2026.5999755859373,111304,Healthcare,-0.012977364588296902,-0.004372402070283776,-0.009791488070338694,-0.013698630136986356,2019.72001953125,2039.139990234375,2042.616650390625,2080.389990234375,2099.0919921875,2102.4883382161456,0
