Date,Close,High,Low,Open,Volume,Sector,return_ratio,pct_change_open,pct_change_high,pct_change_low,ma_5,ma_10,ma_15,ma_20,ma_25,ma_30,up_or_down
2022-01-10,2988.48583984375,3061.3552908754887,2968.926448607519,3034.32690228427,763573,Information Technology,0.0,0.0,0.0,0.0,0.0,0.0,0.0,0.0,0.0,0.0,0
2022-01-11,2994.554443359375,3028.678471103993,2977.142434198861,3006.271478716048,380691,Information Technology,0.0020306616262710797,-0.009246012203596665,-0.010673971710794317,0.0027673254065270214,0.0,0.0,0.0,0.0,0.0,0.0,1
2022-01-12,3003.890380859375,3028.631432406666,2968.926185674964,3024.9436608763776,478892,Information Technology,0.003117638258574029,0.006211076508733759,-1.5531096409171496e-05,-0.002759776767653266,0.0,0.0,0.0,0.0,0.0,0.0,1
2022-01-13,3086.469482421875,3094.452018360884,3007.251571656254,3024.943712287587,463951,Information Technology,0.027490717400571407,1.699575769009698e-08,0.021732781760742004,0.012908837601355527,0.0,0.0,0.0,0.0,0.0,0.0,1
2022-01-14,3047.070556640625,3092.584755819043,3003.890418958536,3092.584755819043,614958,Information Technology,-0.012765046278810033,0.022361091631785568,-0.0006034226838100842,-0.0011176825807981405,3024.094140625,0.0,0.0,0.0,0.0,0.0,0
2022-01-17,3066.6298828125,3080.96111127711,2989.559356150164,3048.284251005989,624020,Information Technology,0.006419059161347107,-0.01432475043075132,-0.0037585532684469847,-0.004770834088328901,3039.72294921875,0.0,0.0,0.0,0.0,0.0,1
2022-01-18,2988.999267578125,3099.1669744574683,2965.098385758834,3071.6250477376325,607433,Information Technology,-0.025314634697023664,0.00765702762921161,0.005909150593858659,-0.008182132373792395,3038.6119140625,0.0,0.0,0.0,0.0,0.0,0
2022-01-19,2883.266357421875,2987.598913219461,2855.070938265508,2987.598913219461,858708,Information Technology,-0.03537401674973362,-0.027355596211217303,-0.03599937084949678,-0.03710751994665007,3014.487109375,0.0,0.0,0.0,0.0,0.0,0
2022-01-20,2848.535400390625,2920.984533071777,2805.728621021221,2884.666627064149,551856,Information Technology,-0.012045698428745033,-0.03445318101431205,-0.02229696223710953,-0.017282343700455782,2966.90029296875,0.0,0.0,0.0,0.0,0.0,0
2022-01-21,2823.84130859375,2987.5989868882784,2726.184075535554,2825.1482919762284,1640071,Information Technology,-0.00866904859019435,-0.02063265631096345,0.022805479817603835,-0.028350762397225338,2922.254443359375,2973.1742919921876,0.0,0.0,0.0,0.0,0
2022-01-24,2751.718505859375,2856.8912239592864,2656.3953447614904,2825.101261321229,1189507,Information Technology,-0.025540671324158604,-1.6647145614667735e-05,-0.04375010284266101,-0.025599419863221673,2859.27216796875,2949.49755859375,0.0,0.0,0.0,0.0,0
2022-01-25,2858.991943359375,2868.4216430332626,2656.3954043083554,2733.6528402828803,914743,Information Technology,0.038984161087544766,-0.03236996219936572,0.0040360021331147244,2.2416416722847998e-08,2833.270703125,2935.94130859375,0.0,0.0,0.0,0.0,1
2022-01-27,2739.254638671875,2833.503998597321,2698.641967648621,2801.854215112099,956035,Information Technology,-0.04188095211867093,0.02494880616302453,-0.012173121242739504,0.015903717975022325,2804.468359375,2909.477734375,0.0,0.0,0.0,0.0,0
2022-01-28,2837.565185546875,2903.572396694892,2776.879588831387,2791.0239098146462,474404,Information Technology,0.035889524649181936,-0.0038654064294417756,0.024728533339729797,0.02899147872177199,2802.27431640625,2884.5873046875,0.0,0.0,0.0,0.0,1
2022-01-31,2900.304931640625,2937.976776876293,2871.92283388142,2871.92283388142,389982,Information Technology,0.02211041579355233,0.0289853927020447,0.01184898307359683,0.03422663533280201,2817.567041015625,2869.9107421875,2921.305208333333,0.0,0.0,0.0,1
2022-02-01,2938.070068359375,2982.88405188928,2903.619409695044,2931.5814225812487,339786,Information Technology,0.013021091784782612,0.020773047240687736,0.01528510210374523,0.011036708730361555,2854.837353515625,2857.0547607421877,2917.944156901042,0.0,0.0,0.0,1
2022-02-02,2920.09765625,2975.508368201218,2906.466873662752,2906.466873662752,342507,Information Technology,-0.006117080835791877,-0.008566894552218707,-0.002472668585086324,0.0009806601919659652,2867.05849609375,2850.164599609375,2912.98037109375,0.0,0.0,0.0,0
2022-02-03,2813.71142578125,2922.198569800338,2791.817972261112,2921.311671926845,302239,Information Technology,-0.036432422128433783,0.0051075064362891,-0.017916198445480203,-0.0394461407561677,2881.949853515625,2843.2091064453125,2900.3017740885416,0.0,0.0,0.0,0
2022-02-04,2849.282470703125,2861.186184954806,2779.68070766792,2787.8031965113373,226441,Information Technology,0.012642037344678503,-0.04570155136081322,-0.02087893186865153,-0.004347441242153027,2884.293310546875,2843.2838134765625,2884.489306640625,0.0,0.0,0.0,1
2022-02-07,2821.786865234375,2873.6497567150086,2796.2056426826066,2849.142111265787,193583,Information Technology,-0.009650010397868614,0.022002598616433833,0.00435608553743938,0.005944904020487529,2868.589697265625,2843.078369140625,2869.470393880208,2908.126330566406,0.0,0.0,0
2022-02-08,2783.6953125,2854.557331366845,2744.856436375642,2838.4055795384465,235153,Information Technology,-0.013499089248617313,-0.003768338435940932,-0.0066439639359491265,-0.01836388766374908,2837.71474609375,2846.2760498046873,2850.608089192708,2897.8868041992187,0.0,0.0,0
2022-02-09,2829.115966796875,2866.1808181264378,2794.898716107245,2798.353081567759,384113,Information Technology,0.016316675928186752,-0.014110914331418534,0.004071905171379786,0.01823129219744546,2819.518408203125,2843.2884521484375,2839.9492024739584,2889.614880371094,0.0,0.0,1
2022-02-10,2903.71240234375,2911.041446486248,2819.546237456212,2844.00715591588,634918,Information Technology,0.026367401132493473,0.016314622571696136,0.015651709088310373,0.00881875296837098,2837.518603515625,2859.734228515625,2841.3122721354166,2884.6059814453124,0.0,0.0,1
2022-02-11,2802.321044921875,2873.3697422792848,2749.524526674816,2864.360355802491,589646,Information Technology,-0.03491783736572407,0.007156522037672808,-0.012940971435646986,-0.024834389963602543,2828.126318359375,2856.209814453125,2838.2313151041667,2870.3985595703125,0.0,0.0,0
2022-02-14,2707.464599609375,2790.277055627068,2691.6397083058496,2712.1794494028763,475833,Information Technology,-0.033849242749823594,-0.05312910650063063,-0.02891820200845574,-0.02105266485437407,2805.261865234375,2836.92578125,2830.472867838542,2853.41826171875,2887.5534375,0.0,0
2022-02-15,2795.178466796875,2807.5957189777578,2673.387189064149,2754.192439966227,653338,Information Technology,0.03239705043609997,0.015490490709455296,0.006206789865459417,-0.006781189616640426,2807.55849609375,2822.63662109375,2833.3701985677085,2839.8456909179686,2879.821142578125,0.0,1
2022-02-16,2790.55712890625,2847.5549548185254,2769.270443001125,2800.873726051009,476398,Information Technology,-0.001653324803950973,0.01694917370601523,0.014232546221190523,0.03586583130539389,2799.846728515625,2809.682568359375,2828.8078776041666,2829.923583984375,2871.66125,0.0,0
2022-02-17,2809.7900390625,2836.3516140878683,2793.311427650438,2818.4260668539127,289180,Information Technology,0.006892139908917905,0.0062667376396332575,-0.003934372087077476,0.008681342304458717,2781.062255859375,2809.2904296875,2833.5102376302084,2826.2497680664064,2863.897236328125,0.0,1
2022-02-18,2821.36669921875,2841.346401604623,2756.0597067016256,2756.0597067016256,219536,Information Technology,0.004120115736516938,-0.02212808094764185,0.0017609902425166357,-0.013336042870145115,2784.87138671875,2806.4988525390627,2832.4303385416665,2824.8913330078126,2853.293125,0.0,1
2022-02-21,2861.466064453125,2878.3180347716025,2752.045302366432,2782.201423788597,502347,Information Technology,0.01421274492446467,0.009485178069040145,0.013012011892002961,-0.0014565737909929544,2815.6716796875,2810.4667724609376,2829.8410807291666,2826.772570800781,2845.8689453125,2875.57314453125,1
2022-02-22,2915.10302734375,2936.7163468929043,2762.9687077431745,2764.462598362705,841097,Information Technology,0.018744574173685358,-0.006375823574173989,0.0202890408272538,0.0039691953353200304,2839.656591796875,2823.6075439453125,2828.3099446614583,2834.941796875,2839.80787109375,2873.12705078125,1
2022-02-23,2902.07861328125,2958.65635517294,2892.4157354399395,2922.244995800348,429372,Information Technology,-0.004467908660630737,0.05707525127346336,0.007470932050774648,0.046850703496565727,2861.960888671875,2830.90380859375,2827.108675130208,2837.0961303710938,2836.331044921875,2870.0445231119793,0
2022-02-24,2756.01318359375,2860.5791422543844,2735.5201685326674,2787.8031478629846,432597,Information Technology,-0.0503313139137711,-0.046006357485622984,-0.033149241123281104,-0.054243781412497416,2851.205517578125,2816.13388671875,2823.2621256510415,2837.9340576171876,2831.24091796875,2861.781949869792,0
2022-02-25,2847.928466796875,2893.769527088773,2792.1911222348945,2828.882615608641,289108,Information Technology,0.0333508140491805,0.014735426271810681,0.011602680151066025,0.0207167011064755,2856.51787109375,2820.69462890625,2823.1718587239584,2838.4522216796877,2831.216640625,2853.8305826822916,1
2022-02-28,2902.358642578125,2924.718905345464,2777.533083697898,2808.3426943742106,546703,Information Technology,0.019112199065332902,-0.00726078951494824,0.01069517733425962,-0.005249654445310448,2864.69638671875,2840.184033203125,2828.543310546875,2838.5549072265626,2834.357333984375,2849.0068522135416,1
2022-03-02,2940.5908203125,2962.39104730607,2856.984914326286,2890.501948458744,390699,Information Technology,0.013172795799079484,0.029255423224921362,0.012880602608255298,0.028605178852670665,2869.7939453125,2854.7252685546873,2839.0030110677085,2838.680944824219,2841.9122265625,2844.8055501302083,1
2022-03-03,2936.903076171875,3029.612051406049,2898.9980513656324,2958.656576550314,900478,Information Technology,-0.0012540827221357853,0.023578821016851714,0.022691468825869032,0.014705410878675718,2876.758837890625,2869.35986328125,2846.188818359375,2839.5212158203126,2845.028671875,2843.0690104166665,0
2022-03-04,2975.6015625,3004.403972678984,2886.86072632676,2919.257454466147,543605,Information Technology,0.013176630390733468,-0.013316558060991746,-0.00832056326002728,-0.004186731009755196,2920.676513671875,2885.941015625,2850.9814290364584,2847.61572265625,2854.482548828125,2846.1468505859375,1
2022-03-07,2918.884033203125,2978.1691988562616,2894.2364334601984,2926.91329641862,826638,Information Technology,-0.019060861511721594,0.002622530582480964,-0.008732105955554625,0.0025549230921242394,2934.867626953125,2895.6927490234375,2858.752294921875,2851.09580078125,2857.735302734375,2848.491805013021,0
2022-03-08,2964.538330078125,2987.598812827497,2926.9132119419387,2954.9219508121964,497170,Information Technology,0.01564101086431302,0.009569348852201287,0.0031662452136220764,0.011290293392745898,2947.303564453125,2905.9999755859376,2875.8905436197915,2858.2333740234376,2860.304638671875,2853.181705729167,1
2022-03-09,3001.089599609375,3050.245072375272,2978.589383137974,2988.672346636489,612713,Information Technology,0.012329498040353215,0.011421755425728097,0.020968765712048754,0.017655518785181012,2959.4033203125,2914.5986328125,2889.617952473958,2869.1030883789062,2862.825419921875,2861.494075520833,1
2022-03-10,2989.37255859375,3066.9568551447496,2969.953348982791,3034.27999367441,557311,Information Technology,-0.0039042623109787344,0.015260169649994992,0.00547883280619943,-0.0028993704886186578,2969.897216796875,2923.32802734375,2902.872314453125,2877.11591796875,2865.596416015625,2865.840096028646,0
2022-03-11,3067.796875,3080.9610725752777,2960.71018270096,2989.3724113344474,326673,Information Technology,0.026234373558022606,-0.01480007857995369,0.004566160559786203,-0.0031122260842907368,2988.336279296875,2954.506396484375,2920.0727701822916,2885.3201416015627,2875.759833984375,2876.79150390625,1
2022-03-14,3093.23828125,3136.885231708276,3045.6701530221844,3080.027584210704,412311,Information Technology,0.008293054360061003,0.030325821076199855,0.018151530582712905,0.028695807788831962,3023.20712890625,2979.0373779296874,2938.197542317708,2899.866003417969,2885.51806640625,2885.3139404296876,1
2022-03-15,2975.6484375,3117.8862440352027,2936.2962496952023,3097.7665872499792,917776,Information Technology,-0.0380151262393148,0.0057593649908240785,-0.0060566409892933715,-0.03591127660966553,3025.429150390625,2986.366357421875,2945.8097005208333,2913.2751953125,2891.672529296875,2887.825390625,0
2022-03-16,2892.369140625,3052.625719233896,2822.440746120517,3043.616332613783,1328257,Information Technology,-0.027986940871606247,-0.01748041794338928,-0.02093101533968922,-0.038775209955910994,3003.68505859375,2981.544189453125,2944.2941080729165,2918.134729003906,2896.019482421875,2886.3020263671874,0
2022-03-17,2900.677978515625,2966.078422822313,2892.322084509042,2963.324276029396,643321,Information Technology,0.002872675473514885,-0.026380478946712138,-0.028351754971553955,0.024759187056301535,2985.946142578125,2977.9216796875,2944.200732421875,2923.640771484375,2898.881962890625,2885.6547037760415,1
2022-03-21,2897.87744140625,2943.158236641327,2866.227657148179,2903.572642909068,539535,Information Technology,-0.0009654767368586503,-0.020163717350701327,-0.007727437684933669,-0.009021964566332974,2951.962255859375,2970.149267578125,2953.658349609375,2928.0451416015626,2898.648564453125,2888.460237630208,0
2022-03-22,2975.134765625,2986.6651207069776,2890.081700605734,2897.877329320373,655289,Information Technology,0.026659969505563152,-0.0019614847944663394,0.01478238020776601,0.008322452474444963,2928.341552734375,2975.7743408203123,2962.13876953125,2935.733544921875,2905.56111328125,2892.655314127604,1
2022-03-23,3025.783935546875,3048.284380031648,2970.8402634982285,2979.1961582483887,517606,Information Technology,0.017024159882463197,0.028061515270243254,0.020631459113864326,0.027943349447722587,2938.36865234375,2981.8989013671876,2970.367122395833,2943.9494384765626,2918.29388671875,2899.455216471354,1
2022-03-24,3112.00439453125,3125.121866577002,3017.474897809945,3032.4128923535586,551259,Information Technology,0.028495246462068247,0.01786278287108778,0.025206797321369434,0.015697455997450094,2982.295703125,2992.990380859375,2981.7946940104166,2953.7945068359377,2930.966923828125,2910.3988525390623,1
2022-03-25,3061.4951171875,3146.3150060775506,3050.19839591523,3112.0043008925804,468977,Information Technology,-0.01623046465889011,0.026246890303004866,0.00678154017838728,0.010844662909718084,3014.459130859375,3000.20263671875,2990.100830078125,2961.76533203125,2941.804443359375,2918.14482421875,0
2022-03-28,3116.578857421875,3133.244147653247,3048.470988655228,3071.4382449165937,459504,Information Technology,0.01799243118995353,-0.013035347015539656,-0.004154338773789457,-0.0005663261977696399,3058.1994140625,3005.0808349609374,2999.49931640625,2979.7936157226563,2954.07599609375,2925.240372721354,1
2022-03-29,3153.830810546875,3178.94522258522,3113.6382235729816,3127.6425933941496,366799,Information Technology,0.011952835089119374,0.01829903256905041,0.014585864611349253,0.021377023156943453,3093.938623046875,3011.140087890625,3015.1624348958335,2995.088732910156,2967.374560546875,2936.9573649088543,1
2022-03-30,3201.398681640625,3210.734927431353,3144.494309133276,3192.99606042897,339830,Information Technology,0.015082569088575193,0.02089543964289664,0.01000007946669812,0.00990997776385405,3129.061572265625,3033.7151123046874,3030.953125,3010.040734863281,2980.971865234375,2953.421834309896,1
2022-03-31,3152.71044921875,3235.7563151610098,3131.3770350714867,3215.7766111513683,519402,Information Technology,-0.015208425211484022,0.007134537685379305,0.007793040626270065,-0.004171505104553663,3137.202783203125,3059.7492431640626,3041.061181640625,3020.6467163085936,2990.476162109375,2965.339567057292,0
2022-04-01,3122.08740234375,3164.614048639689,3095.94591343384,3150.983038248101,263995,Information Technology,-0.00971324432365439,-0.020148654815941636,-0.02198628684984294,-0.011314869222331714,3149.321240234375,3081.890185546875,3049.908837890625,3029.9059326171873,2999.276513671875,2976.390576171875,0
2022-04-04,3092.584716796875,3149.629270221649,3078.300215032444,3116.4388705755064,349529,Information Technology,-0.009449666759722142,-0.010962981156445895,-0.00473510456179671,-0.005699614558777655,3144.522412109375,3101.3609130859377,3051.5613606770835,3035.755090332031,3012.739375,2985.8170654296873,0
2022-04-05,3097.999755859375,3144.400851797502,3090.2973530910963,3127.642336210022,399785,Information Technology,0.0017509751739666068,0.0035949576102056735,-0.0016600107427180433,0.003897325543514407,3133.356201171875,3113.647412109375,3051.8787923177083,3044.7108764648438,3022.7422265625,2995.0381673177085,1
2022-04-06,2985.498046875,3113.264663798583,2974.5279578903137,3090.297407601048,707833,Information Technology,-0.03631430530993296,-0.011940281079014903,-0.009902105191556543,-0.037462218671281966,3090.17607421875,3109.6188232421873,3052.535432942708,3045.7588623046877,3026.067802734375,2999.172566731771,0
2022-04-07,2954.922119140625,2995.441339173513,2941.9448272324285,2974.5282374666767,446888,Information Technology,-0.010241483080646985,-0.03746214518046698,-0.037845585695021056,-0.010954050901237689,3050.618408203125,3093.910595703125,3056.705631510417,3043.45048828125,3026.6410546875,3000.4998697916667,0
2022-04-08,2951.3271484375,3002.5365460643943,2917.6234390195164,2973.594185079321,430971,Information Technology,-0.0012166042143170186,-0.00031401698447186543,0.002368668282063169,-0.008267112281569178,3016.466357421875,3082.893798828125,3060.082242838542,3041.5482177734375,3027.218017578125,3002.1414876302083,0
2022-04-11,2921.498046875,2967.198925366228,2905.4864761913823,2965.144996837484,336454,Information Technology,-0.010107012900380186,-0.002841405960582244,-0.01176925581288435,-0.0041598798069063525,2982.2490234375,3063.3857177734376,3061.656949869792,3034.2332763671875,3025.053876953125,3007.657649739583,0
2022-04-12,2854.37060546875,2913.93590200295,2839.152478526797,2903.105765201932,423867,Information Technology,-0.022977061880309457,-0.020922832340988573,-0.017950607526829088,-0.02283059935337861,2933.523193359375,3033.439697265625,3053.606005859375,3022.289892578125,3022.47333984375,3007.8723876953127,0
2022-04-13,2848.302001953125,2883.032791811382,2835.744796552614,2870.8956718976683,224310,Information Technology,-0.002126074134871647,-0.011095046446584877,-0.010605281389452048,-0.0012002462002150827,2906.083984375,2998.130029296875,3041.773876953125,3015.922570800781,3017.82388671875,3006.0704996744794,0
2022-04-18,2688.745361328125,2806.055427638109,2636.7425173342417,2777.5331508714344,1223666,Information Technology,-0.05601816117658509,-0.03252034615542865,-0.026700134799684028,-0.07017637111079156,2852.8486328125,2951.7335205078125,3013.556608072917,3005.7413818359373,3005.3301171875,2997.6756510416667,0
2022-04-19,2667.412109375,2777.533081244253,2639.8234578884453,2723.2894028362675,667020,Information Technology,-0.007934277548167445,-0.01952946916876519,-0.010164569848808536,0.0011684646998897374,2796.065625,2906.2659912109375,2987.2844075520834,2994.078088378906,2992.45169921875,2988.692618815104,0
2022-04-20,2694.4873046875,2762.735125737016,2640.290351426976,2684.170707338244,535240,Information Technology,0.010150360800020408,-0.014364501788639128,-0.00532773330663916,0.00017686544042772034,2750.6634765625,2866.45625,2959.144970703125,2983.908581542969,2977.51931640625,2979.3221435546875,1
2022-04-21,2708.21142578125,2734.586319439208,2671.193303378956,2734.586319439208,438423,Information Technology,0.005093407220688961,0.018782565491506586,-0.010188745940781674,0.011704376352122736,2721.431640625,2827.4774169921875,2929.43701171875,2970.5624145507813,2962.1182421875,2972.2997233072915,1
2022-04-22,2703.636962890625,2744.856398931593,2675.7681766455603,2698.1751676572467,356851,Information Technology,-0.0016891084821065716,-0.013315049345170582,0.0037556245415910627,0.0017126702364884672,2692.4986328125,2799.29130859375,2896.252897135417,2954.4550659179686,2951.237783203125,2963.6030110677084,0
2022-04-25,2609.3408203125,2693.5069873387733,2599.257628984197,2688.8388643104568,442407,Information Technology,-0.03487751642413828,-0.0034602287719134317,-0.018707503828909622,-0.028593862625752586,2676.617724609375,2764.7331787109374,2860.028255208333,2929.321887207031,2939.916650390625,2950.544718424479,0
2022-04-26,2583.80615234375,2657.515770976136,2564.386714536646,2657.515770976136,448578,Information Technology,-0.009785869201131003,-0.011649301023604952,-0.013362213846787596,-0.013415720726836278,2659.896533203125,2727.9810791015625,2824.1428385416666,2905.4374389648438,2927.24177734375,2937.025838216146,0
2022-04-27,2612.00146484375,2634.7820415574515,2518.9658658030503,2557.384426433553,463052,Information Technology,0.010912317270560079,-0.03767855138854126,-0.008554504047339706,-0.017712168167195785,2643.399365234375,2697.0314208984373,2792.103955078125,2880.2085693359377,2915.80673828125,2921.832657877604,1
2022-04-28,2612.328369140625,2649.346493519642,2563.7798897264684,2621.6178883644643,602016,Information Technology,0.00012515471422003266,0.025116858172351098,0.0055277634857346936,0.0177906435858477,2624.22275390625,2672.827197265625,2759.725862630208,2853.133447265625,2901.294482421875,2905.8023274739585,1
2022-04-29,2654.4814453125,2682.303504274994,2604.812661652361,2670.166384346148,680768,Information Technology,0.0161362088586674,0.01851852483809968,0.012439675533557182,0.016004795142640083,2614.391650390625,2653.4451416015627,2737.6580891927083,2825.7875854492186,2886.4423828125,2895.0967610677085,1
2022-05-02,2558.224853515625,2635.622241556741,2548.8418807135927,2613.2152511928152,282493,Information Technology,-0.03626191924108291,-0.021328683293748596,-0.017403423081636227,-0.021487449659148727,2604.16845703125,2640.3930908203124,2711.211604817708,2796.0633056640627,2864.291201171875,2883.9586181640625,0
2022-05-04,2505.66162109375,2580.678217170837,2478.7731883784404,2576.8037664499043,372332,Information Technology,-0.020546760129251496,-0.013933595683053968,-0.020846699318127992,-0.02749040372623479,2588.53955078125,2624.2180419921874,2681.5005696614585,2765.2420166015627,2842.057861328125,2870.79140625,0
2022-05-05,2514.39111328125,2543.146797840312,2493.291333134704,2538.5254014498228,226449,Information Technology,0.003483907050342072,-0.01485497867492569,-0.01454323870399854,0.005856987974668604,2569.01748046875,2606.2084228515623,2654.360107421875,2736.3323364257812,2817.9703515625,2858.0085286458334,1
2022-05-06,2515.2314453125,2532.9235862195965,2390.125746619752,2451.698244531021,649080,Information Technology,0.000334208956916493,-0.034203777070425434,-0.0040199062159516075,-0.041377269131741,2549.598095703125,2586.9104248046874,2631.750830078125,2707.1939208984377,2792.426376953125,2842.67841796875,1
2022-05-09,2466.21630859375,2530.403005071842,2443.062371040692,2492.777885040088,436963,Information Technology,-0.01948732662757413,0.01675558588855841,-0.0009951271966780473,0.02214804994917352,2511.945068359375,2563.168359375,2606.2784505208333,2681.229833984375,2763.01908203125,2824.026163736979,0
2022-05-10,2474.572021484375,2501.1803227906585,2437.507170164165,2464.768963108376,301338,Information Technology,0.0033880697575101593,-0.011236027926837089,-0.011548627717644422,-0.0022738678072147245,2495.214501953125,2549.6914794921877,2592.0002278645834,2657.2123291015623,2735.893544921875,2802.77841796875,1
2022-05-11,2453.052001953125,2493.944806558425,2335.9288370647373,2487.64284027138,433239,Information Technology,-0.008696461183756998,0.009280333169303434,-0.0028928406985707644,-0.041673039711545345,2484.692578125,2536.616064453125,2577.7095540364585,2632.2985717773436,2709.13212890625,2782.4969807942707,0
2022-05-12,2345.871826171875,2448.150449573383,2339.243228086357,2409.218348242593,314731,Information Technology,-0.04369258201453252,-0.031525623678450354,-0.018362217505622058,0.0014188749969730186,2450.988720703125,2510.0031005859373,2554.4685221354166,2603.5172607421873,2679.26361328125,2756.806746419271,0
2022-05-13,2281.49853515625,2408.6581682110245,2268.7079229064293,2385.411005360464,417695,Information Technology,-0.027441094733923643,-0.009881770533374579,-0.016131476465933825,-0.03015304451159173,2404.242138671875,2476.9201171875,2526.02099609375,2574.8736572265625,2646.603564453125,2727.72900390625,0
2022-05-16,2313.428466796875,2330.280437591402,2250.082170022507,2287.847242143881,431644,Information Technology,0.013995157633725164,-0.04090018994518729,-0.03253999743676195,-0.008209850503832605,2373.6845703125,2442.8148193359375,2500.0070963541666,2548.12998046875,2619.72078125,2698.1299967447917,1
2022-05-17,2403.802978515625,2413.419356548581,2312.587909543844,2322.857779146178,361504,Information Technology,0.03906518529353131,0.015302829820704966,0.035677645323715756,0.027779314175318204,2359.53076171875,2427.3726318359377,2486.3045735677083,2533.882861328125,2597.676015625,2673.1664143880207,1
2022-05-18,2467.7099609375,2518.779412850988,2421.168907793786,2427.4241475098424,669942,Information Technology,0.026585782193072394,0.045016259412188564,0.04365592577871835,0.046952160305706814,2362.462353515625,2423.5774658203127,2478.5648274739583,2523.89775390625,2578.331328125,2651.3538330078127,1
2022-05-19,2294.522216796875,2428.1707039686594,2283.365449338924,2380.742532633377,672976,Information Technology,-0.07018156383128182,-0.01923092629870793,-0.03597326086597219,-0.05691608628017242,2352.192431640625,2401.590576171875,2457.3995442708333,2503.8994995117187,2553.252294921875,2624.751749674479,0
2022-05-20,2295.829833984375,2352.594260586362,2287.6606179666137,2338.7298427990754,263903,Information Technology,0.0005698864791665592,-0.017646885061456286,-0.031124847713043136,0.0018810692913537874,2355.05869140625,2379.6504150390624,2436.2996419270835,2483.280419921875,2530.9106640625,2598.0127522786456,1
2022-05-23,2352.827392578125,2368.5588299719657,2289.714279867045,2305.119085419668,295765,Information Technology,0.02482656064052957,-0.014371372342510846,0.006785942503160225,0.0008977126608302743,2362.9384765625,2368.3115234375,2416.1893717447915,2465.73994140625,2511.0916796875,2576.92373046875,1
2022-05-24,2323.46484375,2372.57359045118,2306.146289215976,2357.402190217109,412184,Information Technology,-0.012479686746570406,0.02268130316049266,0.0016950224872656072,0.007176445329189818,2346.870849609375,2353.2008056640625,2400.5387044270833,2451.446142578125,2496.480458984375,2555.8751546223957,0
2022-05-25,2189.022705078125,2305.679274687769,2111.905454182336,2296.7163878535803,1346883,Information Technology,-0.057862781540903185,-0.025742659702008508,-0.028194832831587635,-0.08422745596927261,2291.1333984375,2326.7978759765624,2379.429443359375,2431.7069702148438,2477.3448828125,2530.4650065104165,0
2022-05-26,2239.812255859375,2250.035400160932,2165.729048916309,2200.553293850339,479355,Information Technology,0.023201929638933194,-0.04186981662681988,-0.02413339753612187,0.025485797495045315,2280.19140625,2316.1919189453124,2361.1241861979165,2413.097509765625,2459.157880859375,2507.742146809896,1
2022-05-27,2319.263427734375,2345.171510036054,2265.113201662398,2274.309495023036,269694,Information Technology,0.03547224624169054,0.0335171165264736,0.04228205025943921,0.045889467473236856,2284.878125,2319.968408203125,2348.0596516927085,2398.4442626953123,2443.5999609375,2489.905240885417,1
2022-05-30,2415.006591796875,2463.088256398598,2358.335626872855,2361.8834457704097,582060,Information Technology,0.041281711649300945,0.03850573149301595,0.05028064935034582,0.041155746715899166,2297.31396484375,2330.126220703125,2344.6456705729165,2386.4705200195312,2432.05474609375,2475.462060546875,1
2022-05-31,2421.402099609375,2443.108871314573,2380.74270315078,2410.618690013848,557655,Information Technology,0.0026482361722008907,0.020634059792709936,-0.008111518144801488,0.009501224517240114,2316.901416015625,2331.8861328125,2341.101009114583,2379.6293823242186,2424.537197265625,2466.5506184895835,1
2022-06-01,2361.556640625,2442.361893348733,2352.7806607757743,2426.490275540274,321628,Information Technology,-0.024715209008049244,0.006584029897459542,-0.0003057489474214137,-0.011745092125242884,2351.408203125,2321.27080078125,2335.001318359375,2372.4241333007812,2415.647216796875,2456.355436197917,0
2022-06-02,2412.95263671875,2436.7600626178905,2361.7899660620888,2361.7899660620888,375883,Information Technology,0.021763609311588494,-0.026664153625663878,-0.0022936120753020983,0.0038292159726200925,2386.036279296875,2333.1138427734377,2339.4733723958334,2367.3522094726563,2407.685263671875,2446.970947265625,1
2022-06-03,2397.5947265625,2520.786448329851,2389.051924615076,2474.105217805224,625250,Information Technology,-0.00636477895278309,0.04755513968517833,0.03448283111702355,0.011542922505696884,2401.7025390625,2343.29033203125,2347.2131184895834,2361.4703735351563,2399.09591796875,2436.6170572916667,0
2022-06-06,2369.6328125,2383.403776071,2329.953764922543,2379.809229998524,209214,Information Technology,-0.011662485637257691,-0.03811316799628672,-0.05449992495392619,-0.024737076278513626,2392.627783203125,2344.9708740234373,2350.9600748697917,2356.6411987304687,2387.70197265625,2425.4835856119794,0
2022-06-07,2340.1298828125,2362.0700592521944,2311.7942871724968,2362.0700592521944,185160,Information Technology,-0.012450422500848934,-0.007454030567963121,-0.008950945296383517,-0.0077939219324594244,2376.37333984375,2346.6373779296873,2346.7152018229167,2349.919091796875,2378.978173828125,2416.5098876953125,0
2022-06-08,2354.974609375,2385.130729663908,2337.422649172681,2343.3977554625308,303856,Information Technology,0.0063435481387292825,-0.00790505925788465,0.009762907040536506,0.011085918043135967,2375.05693359375,2363.232568359375,2339.19951171875,2345.0152221679687,2372.950693359375,2408.8821695963543,1
2022-06-09,2420.74853515625,2443.155524629443,2317.256161352668,2334.061403457563,757544,Information Technology,0.0279297812891095,-0.003984108964517286,0.024327721010793946,-0.008627659968619916,2376.61611328125,2381.3261962890624,2347.614599609375,2348.7590576171874,2369.204990234375,2402.507071940104,1
2022-06-10,2341.390380859375,2405.7170201352124,2326.2654810465115,2393.81330731607,373302,Information Technology,-0.0327824857247111,0.025599970836240216,-0.015323831871042581,0.0038879256614359203,2365.375244140625,2383.5388916015627,2350.6519694010417,2351.7536499023436,2362.25134765625,2393.4758056640626,0
2022-06-13,2208.11572265625,2280.4249052870614,2199.8530534351144,2275.2432429586734,437523,Information Technology,-0.056921160731090215,-0.049531876188931734,-0.05208098616732115,-0.054341358989915545,2333.071826171875,2362.8498046875,2341.0045247395833,2346.4880126953126,2351.92732421875,2378.5969482421874,0
2022-06-14,2153.26513671875,2230.7092498793804,2143.602031161842,2192.990680165468,463627,Information Technology,-0.02484044897407711,-0.03615110738060967,-0.021801049134491324,-0.025570354431372122,2295.698876953125,2336.0361083984376,2329.6578776041665,2333.9611206054688,2339.075048828125,2365.098291015625,0
2022-06-15,2183.5146484375,2192.6174887677043,2157.186478915742,2162.7414999916487,357443,Information Technology,0.01404820577035193,-0.013793574431213207,-0.017076076191343992,0.006337206046841182,2261.406884765625,2318.2319091796876,2329.290673828125,2319.751354980469,2328.2935546875,2354.36005859375,1
2022-06-16,2155.599365234375,2240.559208420146,2141.734948001755,2220.159418634775,981605,Information Technology,-0.012784564199329274,0.026548673821327418,0.02186506305729874,-0.007162816504279856,2208.37705078125,2292.49658203125,2323.676481119792,2312.805212402344,2320.68265625,2342.4003336588544,0
2022-06-17,2047.5787353515625,2133.56565365715,2026.245549637949,2119.3278782635293,1081819,Information Technology,-0.0501116448747273,-0.045416351422750245,-0.0477530584154654,-0.053923291708695364,2149.6147216796876,2257.494982910156,2305.564168294271,2300.392657470703,2311.3258642578126,2326.8119099934897,0
2022-06-20,2034.414794921875,2058.268949797697,1971.861944732376,2039.03619125172,577009,Information Technology,-0.00642902771083298,-0.037885448417540823,-0.03529148668586157,-0.0268395925238627,2114.8745361328124,2223.973181152344,2280.1913818359376,2284.472027587891,2300.1653173828126,2312.418526204427,0
2022-06-21,2133.47216796875,2147.336584481965,2015.9289217576888,2053.9741242870973,521526,Information Technology,0.04869084382109934,0.0073259773904292835,0.043273078910811114,0.022347901760076727,2110.9159423828123,2203.307409667969,2260.996053059896,2274.9723937988283,2289.3520849609376,2301.0485310872396,1
2022-06-22,2135.246337890625,2170.724075197432,2080.115755778037,2128.664238408405,969838,Information Technology,0.0008315880321814184,0.036363707428510805,0.010891394895648832,0.0318398299303051,2101.2622802734377,2181.334582519531,2245.908699544271,2272.283575439453,2276.0535400390627,2290.455008951823,1
2022-06-23,2157.512939453125,2183.37452253229,2132.58520888476,2144.5823758492297,569468,Information Technology,0.01042811837087454,0.007477993548069772,0.005827754655417294,0.025224294831177607,2101.6449951171876,2155.011022949219,2228.879386393229,2268.1686096191406,2270.5731689453123,2284.176379394531,1
2022-06-24,2110.59814453125,2188.415838141125,2102.895742370557,2166.008850037291,808684,Information Technology,-0.021744849851870085,0.009990977464587436,0.0023089559563918005,-0.01392181957865557,2114.248876953125,2131.9317993164063,2209.7462809244794,2257.7353454589843,2263.1639013671875,2278.479699707031,0
2022-06-27,2183.5146484375,2194.017925741582,2142.6218432131327,2142.6218432131327,418206,Information Technology,0.034547791153509255,-0.010797281287080351,0.002559882588500928,0.018891141411410795,2144.06884765625,2129.4716918945314,2197.3384033203124,2246.160748291016,2256.3913916015626,2274.149239095052,1
2022-06-28,2213.5771484375,2221.6531378015884,2147.336530191133,2166.0090217580123,361325,Information Technology,0.01376794060965536,0.010915215215862695,0.012595709331164828,0.0022004288777950354,2160.08984375,2135.502893066406,2188.9015543619794,2235.769500732422,2251.9958837890626,2267.808378092448,1
2022-06-29,2161.01416015625,2188.2761817197465,2152.704992117759,2182.394300959521,726355,Information Technology,-0.023745722311215856,0.007564732665891638,-0.015023477568991583,0.002500056163133424,2165.243408203125,2133.2528442382813,2175.9708577473957,2225.7423767089845,2250.8755419921877,2257.5851847330728,0
2022-06-30,2141.781494140625,2196.538484092596,2122.128651320624,2183.747873048368,334462,Information Technology,-0.00889983340703071,0.0006202234345333846,0.0037757127925031053,-0.014203683695207525,2162.097119140625,2131.871057128906,2157.373055013021,2212.1838195800783,2246.9543115234374,2252.493827311198,0
2022-07-01,2092.392822265625,2146.8231857045603,2072.7402054584413,2127.9172862791943,332856,Information Technology,-0.02305962209969359,-0.025566406936547104,-0.022633474782288276,-0.023273068685749965,2158.4560546875,2136.3524658203123,2140.7732177734374,2196.923724365234,2237.8794873046877,2245.7125935872396,0
2022-07-04,2080.81591796875,2113.726186553561,2039.969839937956,2103.362861867467,298460,Information Technology,-0.005532854143678212,-0.01153918179529545,-0.015416732673369737,-0.01581016541975999,2137.91630859375,2140.992578125,2132.2865641276044,2182.482879638672,2224.5118603515625,2236.645544433594,0
2022-07-05,2068.613525390625,2125.8115319420704,2060.0815359612247,2092.398316567077,557928,Information Technology,-0.005864234540283952,-0.005212864360767067,0.00571755484006875,0.009858820277401925,2108.923583984375,2134.5067138671875,2126.6431233723956,2168.907061767578,2210.4003173828123,2228.150500488281,0
2022-07-06,2101.359619140625,2127.7182758440204,2052.0263351585554,2068.661376639432,362899,Information Technology,0.015829971789349306,-0.01134436963540919,0.0008969487056118552,-0.003910136886359106,2096.99267578125,2131.1180419921875,2121.166121419271,2156.2263122558593,2199.9924365234374,2225.228397623698,1
2022-07-07,2106.650390625,2149.691798506023,2083.008500794237,2116.326293872892,358481,Information Technology,0.002517784883740548,0.023041430449527,0.010327270725390747,0.015098327494557973,2089.966455078125,2126.031787109375,2117.9028564453124,2140.521405029297,2187.7403466796877,2220.789668782552,1
2022-07-08,2128.528564453125,2165.659557753176,2104.8866748185374,2137.8709522207387,368033,Information Technology,0.01038528933205396,0.01018021578724504,0.007427929556343971,0.01050316118055128,2097.193603515625,2127.8248291015625,2123.29951171875,2129.878314208984,2176.9777001953125,2214.4318400065104,1
2022-07-11,2098.547119140625,2111.082921469313,2031.4823687744893,2098.213371033623,498479,Information Technology,-0.01408552641162375,-0.018550035092586348,-0.02520093063033657,-0.03487328174110671,2100.73984375,2119.328076171875,2127.575,2124.3998840332033,2166.1342724609376,2203.883190917969,0
2022-07-12,2063.84716796875,2129.672591621103,2054.361877772371,2094.209871647788,443194,Information Technology,-0.016535226135920622,-0.0019080516029037486,0.00880575081288204,0.011262469883843496,2099.786572265625,2104.355078125,2122.9333333333334,2119.928985595703,2155.0829638671876,2191.9646931966145,0
2022-07-13,2046.782958984375,2090.5393390405884,2040.0621469524008,2076.907101510761,329805,Information Technology,-0.008268155340770522,-0.008262194907625253,-0.018375243563014787,-0.006960667920627439,2088.871240234375,2092.9319580078127,2117.0357747395833,2113.092401123047,2142.7552978515623,2181.472237141927,0
2022-07-14,2012.607177734375,2070.806196924536,1992.3972616283943,2062.8937593376754,528566,Information Technology,-0.016697315707063676,-0.0067472166486850504,-0.00943925892593278,-0.02336442808627759,2070.06259765625,2080.0145263671875,2107.375390625,2105.942791748047,2126.4296435546876,2168.1273885091146,0
2022-07-15,2041.5399169921875,2044.733332748204,1973.807896969478,2023.1888896960447,885044,Information Technology,0.014375750806167042,-0.01924717133972942,-0.012590682901690187,-0.009330149672923782,2052.6648681640627,2074.929235839844,2102.7715087890624,2105.6408508300783,2114.435625,2156.258894856771,1
2022-07-18,2058.1748046875,2101.0255953192213,2041.206017276544,2059.128104735989,567322,Information Technology,0.008148205948292686,0.0177636478842782,0.027530368713341247,0.03414624108584574,2044.5904052734375,2072.6651245117187,2094.415519205729,2106.8288513183593,2108.43798828125,2145.876961263021,1
2022-07-19,2046.544677734375,2071.8071300943725,2032.4357898684827,2057.221592183952,591954,Information Technology,-0.005650699312146568,-0.0009258834103871294,-0.013906763101764863,-0.004296591002491135,2041.1299072265624,2070.4582397460936,2083.280021158854,2102.4824768066405,2104.169169921875,2136.090787760417,0
2022-07-20,2150.978759765625,2163.943501397883,2064.371353147205,2078.194204507461,817926,Information Technology,0.05102946599087366,0.010194629690448043,0.044471500249791074,0.01571295065650702,2061.9690673828127,2075.4201538085936,2082.6109944661457,2103.2690979003905,2102.867734375,2129.2909261067707,1
2022-07-21,2154.12451171875,2167.804461464427,2112.513054795589,2163.991261004507,645966,Information Technology,0.0014624746705855785,0.04128442679272126,0.0017842240631742445,0.02332027208912324,2090.2725341796877,2080.1675659179687,2083.4338623046874,2103.099676513672,2102.808740234375,2120.403458658854,1
2022-07-22,2170.14013671875,2190.6838020367986,2071.5212801679563,2159.0342827762943,1217951,Information Technology,0.007434865028865589,-0.0022906646239929662,0.010554153282310352,-0.019404270442058502,2115.992578125,2084.328723144531,2088.6170166015627,2106.076776123047,2107.7111962890626,2114.6951171875,1
2022-07-25,2213.896484375,2232.628737432385,2159.176921363111,2183.0571343809406,1112984,Information Technology,0.02016291340632481,0.011126665192993324,0.019146960121122047,0.042314622608196295,2147.1369140625,2095.863659667969,2097.489054361979,2107.595867919922,2114.8904638671875,2114.8878092447917,1
2022-07-26,2075.858642578125,2211.6561928728274,2068.661180402601,2209.749592706558,1219513,Information Technology,-0.06235063056068957,0.012227100200557395,-0.00939365520470592,-0.0419214099895836,2152.99970703125,2097.064807128906,2097.972062174479,2100.7099426269533,2112.5859228515624,2112.3075927734376,0
2022-07-27,2114.371826171875,2119.948724630829,2050.548433562586,2084.486008868815,679285,Information Technology,0.01855289315168318,-0.056686777656248744,-0.04146551735189685,-0.008755782247767518,2145.6783203125,2103.823693847656,2098.8395426432294,2098.377825927734,2111.7509423828124,2110.00283203125,1
2022-07-28,2131.76953125,2152.122580470377,2112.8466648479102,2140.1109067109296,595036,Information Technology,0.008228309166237846,0.026685186470644773,0.015176714165646255,0.030381253261640095,2141.20732421875,2115.7399291992188,2100.514152018229,2097.877227783203,2110.7212060546876,2109.208504231771,1
2022-07-29,2192.399658203125,2210.702973923196,2155.6976036554565,2159.034154068881,867621,Information Technology,0.028441220340349682,0.008842180701295499,0.027219821948996747,0.02028113990497782,2145.659228515625,2130.8259033203126,2104.772224934896,2102.877569580078,2113.9932666015625,2114.0358683268228,1
2022-08-01,2198.262451171875,2225.1454690598,2184.8210585975608,2221.189366502734,475779,Information Technology,0.002674144263256739,0.028788434086008508,0.006532987609354501,0.013509990869182698,2142.532421875,2144.83466796875,2111.419913736979,2108.749896240234,2114.5831787109373,2119.4974568684897,1
2022-08-02,2176.193359375,2198.262162017838,2159.5106088167054,2198.262162017838,301778,Information Technology,-0.010039334377526243,-0.010322039548116169,-0.012081595300518,-0.01158467860846335,2162.599365234375,2157.7995361328126,2118.909659830729,2114.1288879394533,2113.0878271484376,2120.921496582031,0
2022-08-03,2211.65625,2219.282650862069,2155.4115436422417,2175.4308459051726,672850,Information Technology,0.01629583624645603,-0.010386075194829258,0.00956232118599365,-0.0018981454213414795,2182.05625,2163.86728515625,2129.9012125651043,2119.643719482422,2115.1135107421874,2123.4684936523436,1
2022-08-04,2260.70361328125,2275.479765731165,2200.216764800264,2235.488870648448,1057557,Information Technology,0.02217675702598454,0.027607416184395328,0.02532219807479974,0.020787316134676548,2207.84306640625,2174.5251953125,2146.4409749348956,2127.3463806152345,2119.8703955078126,2126.9081827799478,1
2022-08-05,2283.010986328125,2297.453390688393,2254.5548833933817,2268.8543858250523,451844,Information Technology,0.009867446982356753,0.014925377448614219,0.009656699781800615,0.024696711461541065,2225.96533203125,2185.8122802734374,2162.5390462239584,2135.0705017089845,2127.4951220703124,2132.6552775065106,1
2022-08-08,2279.4833984375,2295.737211386728,2254.1257558947614,2287.8724857086445,305148,Information Technology,-0.0015451471375959036,0.00838224788792541,-0.0007469919993243757,-0.00019033801384971127,2242.209521484375,2192.3709716796875,2177.2929524739584,2144.117315673828,2135.4418212890623,2135.8542358398436,0
2022-08-10,2253.982666015625,2279.4834437208474,2204.744808887983,2278.3872417002613,398935,Information Technology,-0.011187066525404354,-0.0041458796622773075,-0.007079977440476615,-0.021906917516754554,2257.7673828125,2210.1833740234374,2191.1221516927085,2153.624090576172,2142.8565869140625,2137.2010864257813,0
2022-08-11,2311.514404296875,2316.3763278748697,2269.5214885834234,2269.5214885834234,451705,Information Technology,0.025524481243216046,-0.0038912406787450227,0.01618475635594052,0.029380579300745557,2277.739013671875,2229.8976318359373,2201.824527994792,2166.860662841797,2151.2627783203125,2142.2177612304686,1
2022-08-12,2263.086669921875,2314.5648740497486,2252.2191421461457,2312.8965989159747,485288,Information Technology,-0.020950652215265264,0.019112006892529898,-0.0007820205220206988,-0.007623786125980803,2278.215625,2243.029345703125,2209.088671875,2179.384637451172,2157.5202294921874,2146.261267089844,0
2022-08-16,2243.830078125,2301.1709852201407,2234.0587522404408,2301.1709852201407,278989,Information Technology,-0.008508994398142011,-0.00506966619317506,-0.005786784799068023,-0.008063331656261385,2270.379443359375,2248.1723876953124,2214.0013346354167,2189.4991455078125,2162.1322900390624,2151.3091756184895,0
2022-08-17,2292.11474609375,2306.0330211276487,2238.491613626437,2259.1307011440967,554084,Information Technology,0.021518861182705074,-0.018269083152038013,0.002112852951273725,0.0019842188042507036,2272.905712890625,2257.5576171875,2219.215885416667,2201.196142578125,2169.8749951171876,2158.352469889323,1
2022-08-18,2298.59716796875,2306.032955339944,2243.1151483732483,2291.7334537566035,462934,Information Technology,0.002828140208097185,0.014431547761267538,-2.8528518103421163e-08,0.0020654688713892533,2281.82861328125,2269.797998046875,2234.065120442708,2213.7987670898438,2179.2649951171875,2166.018591308594,1
2022-08-19,2282.34326171875,2330.723240106417,2261.466083352589,2309.8460617402566,614666,Information Technology,-0.007071228693961817,0.007903453149825435,0.01070682216804375,0.008181004436017991,2275.994384765625,2276.86669921875,2245.263216145833,2220.3669921875,2188.6874072265623,2172.051379394531,0
2022-08-22,2236.72802734375,2277.4338942681634,2221.1891894704145,2277.4338942681634,688091,Information Technology,-0.01998614105953933,-0.014032176433296017,-0.022863866855260206,-0.0178100808933932,2270.72265625,2274.469140625,2252.26044921875,2224.49716796875,2197.6522412109375,2176.3873006184895,0
2022-08-23,2159.177001953125,2207.270945160837,2111.655131897683,2202.123217747529,911999,Information Technology,-0.03467163841225773,-0.03306821625434486,-0.03080789711785359,-0.04931324989873864,2253.792041015625,2262.0857421875,2250.04560546875,2223.949011230469,2202.357724609375,2177.4089152018228,0
2022-08-24,2116.70751953125,2187.061115805225,2106.793291256348,2168.757799822711,591632,Information Technology,-0.019669291764157548,-0.01515147638239156,-0.009156025634242781,-0.0023023838352648207,2218.710595703125,2245.808154296875,2244.608610026042,2219.089562988281,2204.699033203125,2178.0142618815103,0
2022-08-25,2090.539306640625,2140.1586209937004,2085.8205179217,2135.201507261302,362956,Information Technology,-0.012362696616876057,-0.015472586456704462,-0.021445443144032295,-0.009954832029174243,2177.0990234375,2229.463818359375,2238.89833984375,2219.823596191406,2206.458818359375,2178.9039998372396,0
2022-08-26,2064.895751953125,2128.671436282499,2056.1254374798937,2117.8039081129514,537381,Information Technology,-0.012266478131285563,-0.00814798935331662,-0.005367445477414079,-0.014236642216653439,2133.609521484375,2204.801953125,2229.114306640625,2217.3497924804688,2203.015498046875,2179.5077596028646,0
2022-08-29,1989.8233642578125,2020.948519723988,1965.7525365032127,1978.097726368111,582186,Information Technology,-0.03635650256159606,-0.06596747754107424,-0.05060570397216291,-0.04395300954374026,2084.2285888671877,2177.475622558594,2211.055623372396,2210.2524841308596,2196.4434521484377,2178.748299153646,0
2022-08-30,2031.434814453125,2048.594216362141,1992.4926447642893,2045.7820275971312,549308,Information Technology,0.020912132676074613,0.03421686417550873,0.013679565000462635,0.013602988048863729,2058.6801513671876,2156.2360961914064,2194.2838785807294,2202.204241943359,2190.8952392578126,2178.4114624023437,1
2022-09-01,1996.782470703125,2037.964988230816,1983.81749632437,2019.0895998150004,532533,Information Technology,-0.017058063346880536,-0.013047542417547908,-0.005188547368936924,-0.004353917422337816,2034.6951416015625,2126.7028686523436,2175.437150065104,2192.130242919922,2182.2106787109374,2176.3650512695312,0
2022-09-02,1976.04833984375,2017.993547097972,1973.379052834258,2017.421473903332,524466,Information Technology,-0.010383770472541243,-0.0008261772592068617,-0.009799697859471879,-0.005261796263745344,2011.7969482421875,2094.4479858398436,2156.908194986979,2182.1229919433595,2178.2182666015624,2174.015173339844,0
2022-09-05,1994.6851806640625,2000.214368192522,1973.569675014906,1976.1912504798447,392956,Information Technology,0.009431368881282598,-0.02043708960017887,-0.008810324954218851,9.659684001106505e-05,1997.754833984375,2065.682177734375,2135.7862467447917,2171.2744384765624,2173.43080078125,2168.805387369792,1
2022-09-06,1964.7991943359373,2013.083750732216,1959.0793938038164,2001.930186242436,590972,Information Technology,-0.014982808624554811,0.013024516608066916,0.006434001647195098,-0.007342168556060735,1992.75,2038.4892944335938,2115.9004150390624,2156.479217529297,2166.7519873046876,2162.4945434570313,0
2022-09-07,1986.629638671875,1994.4943642665687,1939.965646691212,1959.0316481328944,457584,Information Technology,0.011110776306744174,-0.02142858847143969,-0.009234283699764534,-0.009756494388669212,1983.78896484375,2021.2345581054688,2098.7537190755206,2141.6601501464843,2158.5211865234373,2156.3775268554687,1
2022-09-08,1998.689208984375,2036.8212153926293,1984.34199502541,2022.9029399578976,371054,Information Technology,0.00607036665402938,0.032603501778992516,0.02122184543831751,0.022874811422504138,1984.1703125,2009.4327270507813,2079.1920166015625,2127.620440673828,2150.5382568359373,2149.2039510091145,1
2022-09-09,2044.6859130859373,2057.221716921414,1994.3039072287293,2022.6645865977805,348807,Information Technology,0.0230134349526685,-0.0001178273833157828,0.010015852827246041,0.005020259727553489,1997.8978271484375,2004.8473876953126,2062.264599609375,2117.1556030273437,2145.277958984375,2148.164860026042,1
2022-09-12,2059.700439453125,2077.098167547646,2041.1585649636888,2064.8481672730445,538099,Information Technology,0.007343194507819062,0.02085545025842306,0.009661793117747397,0.023494241557230122,2010.90087890625,2004.3278564453126,2047.4217447916667,2104.564904785156,2139.1997265625,2146.34248046875,1
2022-09-13,2051.597412109375,2080.10099441838,2043.065189300132,2078.194394056859,384532,Information Technology,-0.0039340805043968086,0.006463539060811652,0.0014456836550384988,0.0009340892810436596,2028.2605224609374,2010.5052612304687,2035.0797037760417,2093.990441894531,2130.835478515625,2143.6700764973957,0
2022-09-14,1992.0634765625,2005.5051011741043,1978.3837596633025,1978.3837596633025,687260,Information Technology,-0.02901833234701956,-0.04802757368559507,-0.03586166894994136,-0.03165901410076233,2029.3472900390625,2006.5681274414062,2023.9388020833333,2081.4021118164064,2119.197578125,2136.9922037760416,0
2022-09-15,1998.7364501953125,2012.7501470758643,1974.3321086387448,2002.025521548464,226664,Information Technology,0.003349779618633031,0.011950038393554685,0.003612579144036232,-0.0020479601112614043,2029.35673828125,2006.763525390625,2016.074064127604,2066.7331970214846,2107.9677001953123,2130.341337076823,1
2022-09-16,1922.1866455078125,1992.8738716434293,1908.6498305501264,1992.3972215904173,582948,Information Technology,-0.03829909875312465,-0.004809279329565985,-0.00987518270030252,-0.03326810003303082,2004.856884765625,2001.3773559570313,2004.8505533854166,2047.9126708984375,2094.695859375,2121.874446614583,0
2022-09-19,1933.4356689453125,1944.7322521359968,1898.11585281822,1929.431738604423,443410,Information Technology,0.005852201431005177,-0.03160287632590286,-0.024156882275611524,-0.0055190729924882165,1979.6039306640625,1995.2524047851562,1996.0865478515625,2030.4672912597657,2079.5727099609376,2112.6004272460937,1
2022-09-20,1976.04833984375,2016.2298486972447,1940.3471788476288,1940.3471788476288,526606,Information Technology,0.022039870052507515,0.0056573342424133255,0.036764750768502275,0.022249077139683493,1964.4941162109376,1996.3773193359375,1995.168212890625,2017.4333068847657,2068.0911767578127,2103.1119181315103,1
2022-09-21,1978.1932373046875,1997.831080780336,1954.26531040836,1968.5171011242107,363504,Information Technology,0.0010854478697150949,0.014517980381898443,-0.009125332574952627,0.0071730109500285355,1961.720068359375,1995.5336791992188,1991.6187744140625,2008.3841186523437,2057.465703125,2092.9513264973957,1
2022-09-22,1962.558837890625,1999.9281546642767,1949.54638482974,1955.8380257454064,402091,Information Technology,-0.00790337319895229,-0.00644092721956202,0.001049675272406736,-0.002414680112002743,1954.4845458984375,1991.9206420898438,1989.3371988932292,2000.6766845703125,2044.283466796875,2082.387174479167,0
2022-09-23,1925.1419677734373,1979.9090155942224,1916.609977861778,1936.1526312048104,472795,Information Technology,-0.019065349478848637,-0.010064941105280667,-0.010009929118386163,-0.016894395139430585,1955.0756103515625,1979.9662475585938,1985.9434407552083,1992.4068176269532,2029.3452587890624,2071.425817871094,0
2022-09-26,1947.4014892578125,1968.088054863278,1889.011858179888,1911.3666989590083,569497,Information Technology,0.011562535052996648,-0.012801641692049115,-0.005970456540093316,-0.014399444853500754,1957.8687744140625,1968.7363525390624,1982.7911946614583,1986.5321044921875,2015.947587890625,2059.288720703125,1
2022-09-27,1956.8868408203125,1986.772892975688,1923.807372874703,1955.218565593697,520323,Information Technology,0.0048707734973105765,0.02294267586568899,0.009493903520342073,0.018419955673725452,1954.036474609375,1959.2652954101563,1982.2637044270834,1984.8852783203124,2004.7539404296874,2049.082059733073,1
2022-09-28,1985.24755859375,2000.9770110387904,1946.6389025922867,1954.7419538518527,602215,Information Technology,0.014492773512416735,-0.00024376391991731694,0.0071493415846983766,0.01186788762716251,1955.4473388671875,1958.5837036132812,1982.1715657552083,1982.5759155273438,1997.7967626953125,2040.4626424153646,1
2022-09-29,1979.0032958984373,2010.0332606989623,1955.456829978063,2002.8357983966464,1543877,Information Technology,-0.0031453320107522886,0.02460367950359066,0.0045259138961672996,0.004529821824701852,1958.73623046875,1956.6103881835938,1980.8591715494792,1981.6869567871095,1992.28859375,2030.0255940755208,0
2022-09-30,1990.1568603515625,2006.6967101796347,1956.171804887701,1956.171804887701,891735,Information Technology,0.005635950418193536,-0.02329896117609931,-0.0016599479145770202,0.00036563062844297,1971.739208984375,1963.4074096679688,1977.2239013671874,1982.3923828125,1988.2732958984375,2019.7442504882813,1
2022-10-03,1912.6060791015625,1999.9282305320664,1906.6955485302208,1990.5383639848128,693743,Information Technology,-0.03896717027435748,0.017568272383460037,-0.0033729460028677494,-0.02529238803762457,1964.780126953125,1961.3244506835938,1967.4176106770833,1978.288427734375,1982.181708984375,2007.419677734375,0
2022-10-04,1971.4246826171875,1981.0531070931909,1931.6721134662369,1944.7322787906487,835622,Information Technology,0.030753119609059576,-0.023011907744629467,-0.00943790039598269,0.01309939856694431,1967.6876953125,1960.8620849609374,1962.0727620442708,1978.6197021484375,1981.44576171875,1998.5762329101562,1
2022-10-06,2022.9505615234373,2031.05361252473,1978.14545598688,1981.910944904329,1035068,Information Technology,0.026136366943446232,0.0191176268935076,0.025239356407211755,0.02405860818544947,1975.2282958984374,1965.3378173828125,1964.1319010416667,1980.4357482910157,1981.1063916015626,1994.0353515625,1
2022-10-07,2019.5185546875,2039.8716049624595,1986.200762667925,2037.9650047583148,449791,Information Technology,-0.0016965352002239475,0.028282834805522405,0.004341585265574599,0.004072150840407351,1983.33134765625,1971.0337890625,1965.5173746744792,1981.4772155761718,1982.0158349609376,1990.7957194010417,0
2022-10-10,2027.1927490234373,2033.3891999374523,1971.4246907973047,1982.8642924847163,329230,Information Technology,0.0038000117989134274,-0.027037123868637214,-0.0031778495319201294,-0.007439364714960872,1990.738525390625,1981.2388671875,1972.5177815755208,1980.602557373047,1984.061611328125,1988.6841674804687,1
2022-10-11,1996.019775390625,2053.027167331927,1982.8641875981275,2037.869556254316,601969,Information Technology,-0.015377409793829067,0.02774030677645256,0.009657751401000336,0.005802654726920542,2007.4212646484375,1986.1006958007813,1976.6900553385417,1977.418524169922,1984.1149951171874,1986.388301595052,0
2022-10-12,1990.109375,2006.6967035871453,1950.4519978809024,1992.3972021364057,481258,Information Technology,-0.0029610931031324172,-0.02231367261871764,-0.022566902417074153,-0.016346147113830534,2011.158203125,1989.42294921875,1977.6274576822916,1974.3441223144532,1985.12740234375,1986.3978352864583,0
2022-10-13,1989.1561279296875,2007.459443726703,1962.8449514632173,1980.957653783665,217471,Information Technology,-0.0004789923017736175,-0.005741600289578042,0.00038009737006805544,0.006353888019689613,2004.39931640625,1989.8138061523437,1978.3583170572917,1974.1987548828124,1985.2284619140626,1984.988545735677,0
2022-10-14,2007.3638916015625,2049.595130845442,1999.0702276199493,2038.1555301151416,578289,Information Technology,0.009153511590276997,0.028873851100364334,0.02098955834470906,0.018455495493787,2001.9683837890625,1992.6498657226562,1981.345320638021,1974.630126953125,1985.57544921875,1985.341259765625,1
2022-10-17,2002.8358154296875,2013.369828171339,1984.9614384040187,2001.9302268749104,321142,Information Technology,-0.002255732600760396,-0.017773571596954918,-0.017674369990896888,-0.0070576756238964755,1997.0969970703125,1993.9177612304688,1986.5249104817708,1978.6625854492188,1983.9014453125,1986.2341756184896,0
2022-10-18,2016.229736328125,2032.435838227689,2007.6500353224733,2013.083799411529,311138,Information Technology,0.0066874782222545726,0.005571409226399426,0.009469700891299615,0.011430245686131268,2001.1389892578125,2004.280126953125,1991.1134602864583,1982.8022888183593,1982.1626171875,1986.9523274739583,1
2022-10-19,2010.93896484375,2026.1917673194027,2008.3651009738428,2018.136427559808,149644,Information Technology,-0.002624091584925381,0.002509894595424056,-0.003072210591273161,0.0003561704673566979,2005.3049072265626,2008.2315551757813,1994.716935221354,1984.5468200683595,1980.536279296875,1988.4903198242187,0
2022-10-20,2047.1165771484373,2050.548550663673,1974.80890295294,2001.9302447204616,418957,Information Technology,0.017990407932395147,-0.0080302712036876,0.012020966493459628,-0.016708216053262337,2016.8969970703124,2010.6481567382812,1998.8415364583334,1987.992987060547,1982.7384033203125,1990.5065511067708,1
2022-10-21,1947.54443359375,2030.5292555870792,1937.439475595743,2020.99625438714,1176766,Information Technology,-0.04864019209564896,0.009523813188276442,-0.009762897381831892,-0.01892305999902988,2004.93310546875,2003.4507446289062,1996.744278971354,1987.2422668457032,1980.69072265625,1988.8017252604166,0
2022-10-24,1942.82568359375,1969.5180874900327,1931.7674252535048,1955.3140085123707,52373,Information Technology,-0.002422922896445856,-0.032499934491312166,-0.03004692886308924,-0.0029276013076455776,1992.9310791015625,1995.0140380859375,1993.5888671875,1988.1264526367188,1981.5162841796875,1985.4063842773437,0
2022-10-25,1939.393798828125,1959.031758141896,1925.6662537453185,1958.07845801628,335214,Information Technology,-0.0017664398790924185,0.001413813582818113,-0.005324312284687105,-0.003158336468680023,1977.5638916015625,1989.3514404296875,1995.3747151692708,1987.7260681152343,1981.754609375,1981.3961629231771,0
2022-10-27,1877.9534912109373,1959.2700365383696,1869.421501837608,1959.2700365383696,691102,Information Technology,-0.031680160911266686,0.0006085448298618346,0.00012163069612491917,-0.029207943899062117,1950.966796875,1978.1358520507813,1989.1433024088542,1983.7794006347656,1977.8308154296874,1975.6080322265625,0
2022-10-28,1856.8856201171875,1889.440842570625,1838.439286022932,1878.001241101984,837372,Information Technology,-0.011218526546237784,-0.04147911922338732,-0.035640413350636724,-0.016573156874584494,1912.92060546875,1964.9088012695313,1978.0723063151042,1977.3613037109376,1972.9785107421876,1971.1021036783854,0
2022-10-31,1886.104248046875,1896.781162620133,1867.5148960949343,1868.468196195034,378914,Information Technology,0.01573528687665937,-0.0050761653923915295,0.0038849165764414106,0.01581537682155454,1900.632568359375,1952.7828369140625,1969.1780192057292,1972.7163513183593,1969.9203271484375,1967.3476969401042,1
2022-11-01,1917.37255859375,1921.3763725095696,1884.769624996312,1895.54196279168,426274,Information Technology,0.016578251482787465,0.014489819335314014,0.012966814714387986,0.009239406302706366,1895.541943359375,1944.2365112304688,1961.8566731770834,1969.0771362304688,1969.60955078125,1967.1872273763022,1
2022-11-02,1941.06201171875,1946.591082447996,1909.4600902954,1924.7128918154829,312704,Information Technology,0.012355164372632066,0.01538922883080951,0.013123253881535346,0.013099991092617724,1895.8755859375,1936.7197387695312,1958.192822265625,1970.499932861328,1969.3559716796874,1967.4414388020834,1
2022-11-03,1896.78125,1915.17998932736,1888.4875852949228,1911.3667887512968,466764,Information Technology,-0.022812646608616483,-0.006934074750025387,-0.016136462045810873,-0.010983473866286841,1899.6411376953124,1925.3039672851562,1951.970947265625,1966.7677612304688,1966.951748046875,1964.7992024739583,0
2022-11-04,1877.8106689453125,1900.5468540906031,1864.6550804190367,1897.067285293397,294554,Information Technology,-0.010001459606735041,-0.007481297437025081,-0.007640605748964746,-0.012619889620383296,1903.8261474609376,1908.3733764648437,1944.5479166666667,1959.5107666015624,1962.6542724609376,1961.4531168619792,0
2022-11-07,1888.5352783203125,1895.065360968819,1860.3175012385964,1883.053802546005,431966,Information Technology,0.005711230398442346,-0.007386919196819441,-0.002884166265086363,-0.0023262099387655333,1904.312353515625,1902.4724609375,1936.6260091145834,1952.961602783203,1959.0355517578125,1958.985664876302,1
2022-11-09,1858.6015625,1903.4066671821863,1850.3554933643504,1893.1586911112609,464504,Information Technology,-0.015850228568108027,0.005366224030133093,0.004401592887066874,-0.005355004114949824,1892.558154296875,1894.050048828125,1927.010392252604,1944.5320434570312,1953.77333984375,1956.7676513671875,0
2022-11-10,1838.1055908203125,1863.511061479097,1824.664082832459,1848.4488735173293,425487,Information Technology,-0.011027630716138215,-0.023616518680580012,-0.020960106103942056,-0.013884580894873877,1871.9668701171875,1883.9212280273437,1915.13544921875,1936.6363342285156,1950.7933203125,1953.1244547526042,0
2022-11-11,1932.0057373046875,1939.0124700064453,1871.2804490269464,1873.3300675862804,1345942,Information Technology,0.05108528419331404,0.013460580070903339,0.04051567500083508,0.025547916810048754,1879.011767578125,1889.3264526367188,1909.8732340494792,1933.73115234375,1949.2165625,1952.2950846354167,1
2022-11-14,1940.3470458984373,1966.6581053720952,1929.4794014896368,1952.358603878842,529228,Information Technology,0.0043174346911549755,0.04218612494400786,0.014257585133301331,0.031101138524133765,1891.51904296875,1897.6725952148433,1902.7552652994789,1931.2906982421875,1945.912421875,1950.7984008789062,1
2022-11-15,1919.61279296875,1954.2652287509663,1894.493358302392,1935.1992265192496,505605,Information Technology,-0.010685847654684166,-0.008789049985745923,-0.006301490120360298,-0.018132374546333208,1897.7345458984375,1901.0234497070312,1900.8931559244788,1926.903143310547,1941.91619140625,1948.8187174479167,0
2022-11-16,1941.347900390625,1944.398530466872,1906.600159039977,1919.9463601532568,476391,Information Technology,0.0113226518918228,-0.007881806770575928,-0.00504880204536029,0.006390521605435184,1914.2838134765625,1903.4209838867187,1900.7946370442705,1923.8287475585937,1938.4823974609376,1947.1917521158855,1
2022-11-17,1880.43212890625,1942.8732844635108,1873.2346667178244,1926.1428214266484,519462,Information Technology,-0.03137808090560068,0.003227413745505281,-0.0007844307529871752,-0.017499994513245465,1922.74912109375,1897.3579956054687,1896.8638590494788,1917.0388671875,1933.8588916015624,1946.119287109375,0
2022-11-18,1857.6005859375,1894.6362722334493,1845.5890277293065,1885.6276326697148,449785,Information Technology,-0.01214164692135411,-0.021034363758615227,-0.024827667669217734,-0.014758235836494049,1907.8680908203125,1893.4399291992188,1895.5069986979167,1909.3719482421875,1928.5585400390626,1942.3251505533854,0
2022-11-21,1835.484130859375,1860.841891558528,1832.290598632935,1858.0297026657631,428671,Information Technology,-0.01190592598083362,-0.014635938467277287,-0.017836869889059748,-0.0072055202412711905,1886.8955078125,1889.207275390625,1894.080232747396,1898.7903259277343,1922.41166015625,1936.07626953125,0
2022-11-22,1834.1016845703125,1844.349660666116,1809.840243523919,1835.102696225201,720683,Information Technology,-0.0007531780121766696,-0.012339418690491377,-0.00886277924375356,-0.012252617093470808,1869.7932861328125,1883.763916015625,1890.6133951822917,1893.1181884765624,1915.481171875,1929.8957071940104,0
2022-11-23,1810.9366455078125,1857.028684290056,1809.3636769930831,1841.7758819550245,586691,Information Technology,-0.012630182534250856,0.003636409964167253,0.006874522708107733,-0.00026331966732495715,1843.71103515625,1878.9974243164063,1883.517667643229,1886.5237365722655,1907.805205078125,1922.6871704101563,0
2022-11-24,1850.59375,1857.2191388996664,1812.2711339593163,1819.99284120696,717399,Information Technology,0.02189867027682091,-0.011827194047596024,0.00010255878717524425,0.0016068947349849871,1837.743359375,1880.246240234375,1877.4864501953125,1882.0837341308593,1901.179765625,1917.8396362304688,1
2022-11-25,1896.6383056640625,1906.55253384442,1840.345886870817,1858.935239263452,582576,Information Technology,0.024880963563214564,0.021397006172104938,0.02656304466794457,0.015491474970505514,1845.5509033203125,1876.7094970703124,1877.4769205729167,1883.0179748535156,1896.6077392578125,1914.7239339192708,1
2022-11-28,1917.7061767578125,1928.049459608359,1881.814404581904,1896.8288812142064,353028,Information Technology,0.011108006745847998,0.02038459498232359,0.011275286351849045,0.022533002087774312,1861.9953125,1874.44541015625,1880.13662109375,1886.0590026855468,1891.4313232421875,1912.3422688802084,1
2022-11-29,1910.079833984375,1925.666267878672,1901.2618077577029,1912.7967160883936,261501,Information Technology,-0.003976804614735596,0.008418173633019554,-0.0012360635863413183,0.010334389580846981,1877.1909423828124,1873.4921142578125,1881.5729248046875,1887.2577819824219,1889.9327392578125,1909.0994669596355,0
2022-11-30,1923.044677734375,1937.582504644996,1884.722059245712,1912.320051324901,638173,Information Technology,0.006787592601800174,-0.0002491978156818897,0.0061881110787962434,-0.008699353473837101,1899.612548828125,1871.6617919921875,1885.8691324869792,1887.5413879394532,1889.1414990234375,1906.4397623697917,1
2022-12-01,2035.486328125,2045.782015758688,1944.7322051014555,1951.4053058052348,1799183,Information Technology,0.05847063861412605,0.020438657458647924,0.055842531017029406,0.03184031595606207,1936.591064453125,1887.1672119140626,1899.0278483072916,1892.2626037597656,1892.9852001953125,1907.081648763021,1
2022-12-02,2056.60205078125,2066.7546036861177,2034.0563639157365,2059.1282029345084,720904,Information Technology,0.01037379733997068,0.05520272841772478,0.010251623958895673,0.04593134138467203,1968.5838134765625,1907.0673583984376,1907.3342692057292,1900.253643798828,1900.131142578125,1908.6037516276042,1
2022-12-05,2036.2012939453125,2075.286597889796,2013.560416660398,2063.846996735313,358098,Information Technology,-0.009919642367461345,0.002291646432737826,0.00412820863612029,-0.010076391008104646,1992.2828369140625,1927.1390747070313,1913.7245524088542,1908.1731750488282,1907.30376953125,1908.2399088541667,0
2022-12-06,1997.7357177734373,2028.622546914585,1982.911855152029,2025.6197447928223,552477,Information Technology,-0.018890851452778024,-0.018522328449231185,-0.022485593567009188,-0.015221078669792942,2009.814013671875,1943.5024780273438,1918.9327473958333,1913.6331970214844,1911.7690283203126,1909.9129516601563,0
2022-12-07,1973.569580078125,1996.019844527608,1957.6018030143364,1996.019844527608,617199,Information Technology,-0.01209676409162197,-0.014612762509501387,-0.016071349712919125,-0.012764083321168074,2019.918994140625,1959.765771484375,1921.080859375,1919.3815979003907,1914.0169091796874,1910.9377482096354,0
2022-12-08,1983.293212890625,1989.5373753025133,1960.0327827676629,1989.5373753025133,282639,Information Technology,0.004926926778084484,-0.003247697783600456,-0.003247697783600456,0.0012418152402511318,2009.48037109375,1973.0357177734375,1927.9382649739584,1926.6409790039063,1915.7061572265625,1912.4010620117188,1
2022-12-09,1904.0263671875,2000.7863289082848,1883.292089675903,1997.16374192162,584153,Information Technology,-0.03996728531511207,0.003833236165240228,0.005654054930262831,-0.03915275997751333,1978.965234375,1973.7745239257813,1931.0333170572917,1925.242010498047,1915.9959619140625,1913.270157877604,0
2022-12-12,1905.5516357421875,1926.2382018265585,1862.986762052176,1903.2636921771368,407461,Information Technology,0.0008010753322396091,-0.04701670062071872,-0.037259414463513996,-0.010781826003008144,1952.835302734375,1972.5590698242188,1935.704484049479,1923.5022399902343,1917.1056005859375,1914.8923583984374,1
2022-12-13,1895.9708251953125,1924.665134092702,1890.346331495778,1915.5611882255785,559205,Information Technology,-0.005027840950184159,0.0064612676104667255,-0.0008166527547657232,0.01468586358255397,1932.48232421875,1971.1481689453126,1939.8290934244792,1922.3201416015625,1917.4030224609376,1915.2212443033854,0
2022-12-14,1907.4105224609373,1937.1058444827188,1892.300738827853,1914.226641595128,456721,Information Technology,0.006033688447946606,-0.0006966870276207127,0.006463831120358199,0.0010338884994309794,1919.2505126953124,1969.5847534179688,1946.2606852213542,1920.623272705078,1919.355380859375,1914.8891764322916,1
2022-12-15,1870.70849609375,1905.646969305165,1866.1327252688816,1895.20837937784,456609,Information Technology,-0.01924180764182548,-0.009935219688218422,-0.016240142616447795,-0.013828675866385032,1896.7335693359375,1953.1069702148438,1947.601668294271,1920.1370910644532,1920.6594970703125,1912.5440592447917,0
2022-12-16,1823.80615234375,1885.675353558056,1811.03190743036,1853.692087905427,1423859,Information Technology,-0.025071968106167963,-0.02190592439552319,-0.010480228535923897,-0.029526741100680542,1880.6895263671875,1929.8273803710938,1942.74619140625,1918.4473693847656,1916.331513671875,1910.1115559895834,0
2022-12-19,1833.243896484375,1839.0112925590097,1807.5047924838104,1831.2895846327697,323348,Information Technology,0.00517475178406257,-0.0120853422306888,-0.02474660386847427,-0.0019475719517024759,1866.227978515625,1909.531640625,1937.115372721354,1918.3353576660156,1912.0473876953124,1908.625996907552,1
2022-12-20,1859.6024169921875,1867.8961974987496,1813.1767497068547,1833.2437629115605,357921,Information Technology,0.014378076238715565,0.001067105003593749,0.015706757786976944,0.003138003974667125,1858.954296875,1895.718310546875,1933.7502115885416,1919.6103942871093,1909.64697265625,1907.6615681966146,1
2022-12-21,1867.8485107421875,1889.440781085534,1857.0285779791225,1868.9448291211847,297312,Information Technology,0.004434331594028285,0.01947426028763566,0.011534143929215146,0.02418508194491098,1851.04189453125,1885.1462036132812,1930.070467122396,1922.455987548828,1906.7069970703126,1907.9697998046875,1
2022-12-22,1896.2569580078125,1901.166476902424,1871.804786642526,1894.207339474764,399957,Information Technology,0.015209181634509017,0.013516990956580655,0.006205908083635858,0.00795690967743945,1856.1515869140626,1876.442578125,1920.7885091145833,1924.7391479492187,1907.339990234375,1909.9081787109376,1
2022-12-23,1829.811767578125,1891.3473334684124,1815.0833280866216,1891.3473334684124,302970,Information Technology,-0.0350401827922594,-0.001509869562190902,-0.0051647993762281574,-0.030303084467289132,1857.3527099609375,1869.0211181640625,1905.6691569010416,1921.3978210449218,1906.2284375,1906.5017130533854,0
2022-12-26,1827.2379150390625,1847.495541591602,1820.8031395459027,1829.8117786884711,337990,Information Technology,-0.0014066214813281963,-0.03253530099471236,-0.023185477939894672,0.0031512665951876073,1856.151513671875,1861.18974609375,1891.7382649739584,1916.8744079589844,1905.8985888671875,1902.7314086914062,0
2022-12-27,1851.3087158203125,1858.93511629743,1824.8546391653103,1836.341951431824,240021,Information Technology,0.013173326025656351,0.0035687674652709056,0.006191936298787004,0.002225116780289582,1854.4927734375,1856.72353515625,1881.97646484375,1913.9358520507812,1906.5868701171876,1900.4546061197916,1
2022-12-28,1849.7835693359373,1860.555790830633,1826.713636694784,1843.682425316391,337565,Information Technology,-0.0008238207227904137,0.003997334961957089,0.000871829532399726,0.0010187099232867869,1850.87978515625,1850.96083984375,1873.7240641276042,1910.2727966308594,1908.1407470703125,1897.402461751302,0
2022-12-29,1841.3944091796875,1851.1181398065169,1825.760264611372,1832.14744496196,556989,Information Technology,-0.004535211737912381,-0.0062564898357977405,-0.005072490204608537,-0.0005219056037361058,1839.907275390625,1848.0294311523437,1864.2641438802084,1900.5682006835937,1907.7727734375,1896.1012044270833,0
2022-12-30,1880.6705322265625,1908.411542576544,1858.9352428393524,1864.750350325075,652304,Information Technology,0.021329554847715704,0.0177949135331692,0.030950700302691425,0.018170500733863948,1850.0790283203125,1853.715869140625,1862.7070882161458,1891.7716247558594,1907.1340625,1896.8702026367187,1
2023-01-02,1877.42919921875,1893.01563223948,1842.3954213087409,1892.3006571800915,315327,Information Technology,-0.0017234985885460352,0.014774260184594601,-0.00806739531468037,-0.00889747052476586,1860.11728515625,1858.1343994140625,1860.8322591145834,1883.8330200195312,1905.5229833984374,1898.2683715820312,0
2023-01-03,1910.699462890625,1922.806327776961,1871.5664467070487,1877.524572412853,390461,Information Technology,0.01772118154214275,-0.007808529110409856,0.01573716298488148,0.0158332055436754,1871.9954345703125,1863.2441040039062,1861.8141682942708,1879.4812072753907,1905.5477685546875,1900.821630859375,1
2023-01-04,1912.6536865234373,1923.1876994745955,1880.861150562068,1913.2733548799133,468753,Information Technology,0.0010227791815338172,0.019040380611966334,0.0001983411912709343,0.004966269763690745,1884.5694580078125,1867.7246215820312,1862.163712565104,1876.4354125976563,1905.13212890625,1904.2121988932292,1
2023-01-05,1919.37451171875,1923.7596690581347,1888.0586256128177,1920.899768658148,378231,Information Technology,0.0035138745935385796,0.0039860554994837205,0.0002974070516859051,0.0038266913262570146,1900.165478515625,1870.036376953125,1865.408113606771,1873.2394775390626,1900.48765625,1906.5048909505208,1
2023-01-06,1885.341552734375,1935.1991942877733,1875.6656498586487,1916.133192373608,596221,Information Technology,-0.017731275880025765,-0.0024814289440359127,0.005946441966547367,-0.00656387232157396,1901.0996826171875,1875.58935546875,1869.5104736328126,1872.3052368164062,1893.637236328125,1906.1283325195313,0
2023-01-09,1906.12353515625,1934.1981763355016,1894.064265710916,1897.972772816653,335236,Information Technology,0.011022927061536514,-0.009477639461199727,-0.0005172686900792867,0.009809112756132166,1906.8385498046875,1883.4779174804687,1874.3691162109376,1872.3338317871094,1888.4341259765624,1905.7422444661458,1
2023-01-10,1895.8756103515625,1901.8337360911964,1862.748431239197,1897.0672354994888,259070,Information Technology,-0.005376317230062155,-0.0004771076435519106,-0.01673274261152613,-0.016533670498220854,1903.873779296875,1887.9346069335938,1876.7873291015626,1872.3290710449219,1884.3597216796875,1905.2687703450522,0
2023-01-11,1934.2459716796875,1956.1718747593488,1883.5780462890627,1895.87564129028,678584,Information Technology,0.02023886014389409,-0.0006281243948083048,0.028571445356644354,0.011182194385749078,1908.192236328125,1896.3808471679688,1881.2138264973958,1873.6708435058595,1882.78677734375,1905.6421468098958,1
2023-01-12,1920.3277587890625,1954.4558327974207,1898.878506381849,1944.732218254008,334707,Information Technology,-0.007195678881801393,0.02576992704567771,-0.000877244982442682,0.008123082620829392,1908.3828857421875,1904.2741821289062,1882.8185465494792,1876.151806640625,1880.2681591796875,1901.8035278320312,0
2023-01-13,1940.2041015625,1947.258545841988,1870.4701733484912,1930.432775169665,624989,Information Technology,0.010350494951951061,-0.007352911084684499,-0.0036825017146235872,-0.01496058485989582,1919.3553955078125,1910.2275390625,1890.1780354817708,1881.9717041015624,1881.7152685546876,1897.9235961914062,1
2023-01-16,1944.6368408203125,1957.26795040905,1924.712846034684,1949.4509363637967,259852,Information Technology,0.0022846767792330525,0.009851760412874278,0.00514025453293554,0.028999485508548917,1927.058056640625,1916.9483032226562,1898.0046305338542,1887.5413513183594,1883.2786767578125,1894.8714477539063,1
2023-01-17,1946.162109375,1952.6923080054737,1931.957914937865,1945.685459335966,151554,Information Technology,0.000784346219648846,-0.0019315577312524201,-0.002337770054743893,0.0037642336715877356,1937.1153564453125,1920.4945678710938,1904.3281901041667,1891.8693359375,1885.286328125,1893.1523274739584,1
2023-01-18,1951.453125,1960.6523783819268,1942.778000510855,1947.5922128319887,239104,Information Technology,0.0027186921374700024,0.0009799906181513496,0.004076459124573439,0.005600580369442332,1940.556787109375,1924.37451171875,1911.1061604817708,1896.0495666503907,1887.0480322265626,1892.4151123046875,1
2023-01-19,1970.8050537109373,1974.9040579471828,1933.1495834126915,1939.965702397747,224500,Information Technology,0.009916676174805517,-0.003915866157193193,0.00726884567728292,-0.004956004801182523,1950.65224609375,1929.5175659179688,1919.733536783854,1899.7769714355468,1891.05189453125,1891.9988403320312,1
2023-01-20,1930.09912109375,1952.739882689789,1868.4205331928176,1943.82666616582,1260169,Information Technology,-0.020654469370544715,0.001990222694814081,-0.011222912408429764,-0.03348372561299906,1948.63125,1933.9933227539063,1923.0287760416666,1904.7913391113282,1895.30361328125,1892.8679321289062,0
2023-01-23,1962.654296875,1967.8974474368804,1905.6469042179715,1931.3860069762927,416099,Information Technology,0.016867100464146967,-0.0064000866980934434,0.007762203702324388,0.019923978763785266,1952.2347412109375,1939.6463989257813,1928.71044921875,1911.562158203125,1900.480029296875,1894.7713541666667,1
2023-01-24,2018.326904296875,2043.5893566855889,1959.2700102605484,1969.0413361844849,953857,Information Technology,0.028365977396283437,0.019496532061523908,0.038463340326649,0.02813905657122895,1966.6677001953126,1951.8915283203125,1935.8856119791667,1919.913067626953,1906.8290087890625,1898.8498901367188,1
2023-01-25,1973.3311767578125,2024.6664794517887,1961.510348794685,2019.0895808565444,388559,Information Technology,-0.02229357763763129,0.025417569327945477,-0.00925962800300073,0.0011434557372920207,1971.043310546875,1955.800048828125,1939.9307779947917,1926.0904479980468,1911.0483154296876,1901.047245279948,0
2023-01-27,1975.619140625,2010.462307705812,1946.8772341566,1991.4440162336325,453614,Information Technology,0.0011594424160199512,-0.01369209414234318,-0.007015561273984616,-0.007460126145690027,1972.0061279296874,1961.3291870117187,1943.680419921875,1932.8016845703125,1914.222802734375,1904.5442667643229,1
2023-01-30,2017.9935302734373,2025.7628334566232,1957.697295348199,1973.3313248259813,630496,Information Technology,0.02144866324540251,-0.009095255131453484,0.007610451433069043,0.005557649451012336,1989.585009765625,1969.1081298828126,1952.5238850911458,1939.6678344726563,1921.7500732421875,1911.017179361979,1
2023-01-31,1976.00048828125,2023.4748796758463,1971.424601266238,2020.9484947743688,434683,Information Technology,-0.020809304570216902,0.024130347169442956,-0.0011294282543790057,0.007011965512062179,1992.254248046875,1972.2444946289063,1957.1823486328126,1944.5963989257812,1927.700576171875,1915.775732421875,0
2023-02-01,1975.3807373046875,2001.9302385642177,1948.8790639683373,1987.630736860188,196539,Information Technology,-0.0003136390806773859,-0.016486198436195365,-0.010647347949819808,-0.011436165138357213,1983.6650146484376,1975.166357421875,1962.4826904296874,1947.8304626464844,1932.66345703125,1919.635009765625,0
2023-02-02,1997.9263916015625,2011.4632064430384,1973.3789140821743,2000.0236052689547,324450,Information Technology,0.011413320921432879,0.006234995353484596,0.004761888149338089,0.012571252145297418,1988.5840576171875,1979.8136840820312,1966.7280517578124,1952.0940979003906,1938.589169921875,1923.9709391276042,1
2023-02-03,1989.8233642578125,2016.182019178522,1979.7182900057123,2013.3698304045545,267860,Information Technology,-0.004055718658010465,0.006673033808420881,0.002345960254390267,0.0032124473806320886,1991.42490234375,1981.7155151367188,1971.3610921223958,1955.6165405273437,1944.526328125,1927.0898193359376,0
2023-02-06,1996.782470703125,2006.1246254362457,1959.5560554712388,1990.2522719611743,167480,Information Technology,0.003497348845287185,-0.01148202287243727,-0.004988336195148824,-0.01018439574774821,1987.1826904296875,1988.3838500976562,1975.1329833984375,1961.1885864257813,1949.1708056640625,1932.6555094401042,1
2023-02-07,1993.493408203125,2020.662461014744,1989.3466924175525,1996.7824797349044,186256,Information Technology,-0.0016471811768469236,0.003281095500167641,0.007246726047907881,0.015202748022000057,1990.6812744140625,1991.4677612304688,1978.390087890625,1965.557080078125,1953.8133740234375,1938.1973592122397,0
2023-02-08,2027.4788818359373,2049.4999764857325,2006.839793168476,2007.411866375713,396080,Information Technology,0.017048199654417617,0.005323257164305595,0.014271317465118338,0.008793389718141587,2001.1009033203125,1992.382958984375,1983.8112060546875,1972.1372436523438,1958.48455078125,1944.069698079427,1
2023-02-09,2040.205078125,2044.2566034749464,2005.7433732441075,2026.7159750555952,135845,Information Technology,0.006276857629973875,0.009616416542727046,-0.002558366953376079,-0.0005463415306498076,2009.556640625,1999.0703491210938,1989.7280029296876,1977.4351989746094,1963.5866064453126,1950.417081705729,1
2023-02-10,2052.7890625,2056.268515106707,2025.90581088157,2040.0624118351195,193468,Information Technology,0.006167999731951035,0.006585252666772012,0.005875931432160808,0.010052351615078114,2022.1497802734375,2006.7873413085938,1995.193603515625,1984.0582641601563,1968.9231884765625,1957.4635701497396,1
2023-02-13,2029.19482421875,2063.084458891459,2001.8349232931048,2063.084458891459,243747,Information Technology,-0.01149374707429296,0.011284971931633248,0.0033147148510406232,-0.011881543287538543,2028.6322509765625,2007.907470703125,2001.7999837239583,1988.5078002929688,1974.6773193359375,1962.4143798828125,0
2023-02-14,2051.644775390625,2066.754675500493,2027.478756812825,2029.1947435894192,245721,Information Technology,0.011063477446291214,-0.01642672221002972,0.0017789948410575906,0.012810163925772056,2040.2625244140625,2015.4718994140626,2007.7326822916666,1993.8581970214843,1980.4981689453125,1968.2215657552083,1
2023-02-15,2057.888916015625,2070.567854119555,2024.285086891447,2049.642963099307,232991,Information Technology,0.0030434803821295375,0.010077011866153951,0.0018450078590670493,-0.0015751927908721486,2046.34453125,2023.7227172851562,2010.3701497395834,1999.4445373535157,1986.978701171875,1973.127880859375,1
2023-02-16,2156.889404296875,2165.469106058048,2063.89492365986,2068.1847745404457,1188258,Information Technology,0.04810779022656364,0.00904636162246586,0.045833442139884495,0.01956732133478245,2069.681396484375,2039.6190185546875,2022.6073649088542,2009.7163513183593,1995.8844384765625,1981.2690714518228,1
2023-02-17,2132.103515625,2157.1276447807422,2109.5578272372964,2140.158855414894,523265,Information Technology,-0.011491497256418182,0.034800604743084884,-0.0038520343023920045,0.022124626139621073,2085.544287109375,2053.847033691406,2033.039656575521,2017.7812744140624,2004.35546875,1988.360038248698,0
2023-02-20,2138.34765625,2150.4068100331115,2106.7933282381364,2121.6171920955444,440065,Information Technology,0.0029286292054959695,-0.008663685535509003,-0.0031156407289536503,-0.001310463720627375,2107.374853515625,2068.003552246094,2041.0632649739584,2028.193701171875,2012.2812109375,1996.793575032552,1
2023-02-21,2107.079345703125,2183.057320302928,2102.026808413954,2149.072263412269,442832,Information Technology,-0.014622650557070793,0.012940633880142549,0.015183410932982477,-0.002262452496073153,2118.461767578125,2079.3621459960937,2049.80185546875,2035.4149536132813,2018.7789111328125,2003.4921020507813,0
2023-02-22,2097.26025390625,2105.315593333624,2063.8947498668326,2084.4861254554444,317563,Information Technology,-0.004660048430021657,-0.03005303221133926,-0.035611399776949715,-0.018140614760233764,2126.33603515625,2086.340283203125,2057.9271565755207,2039.36162109375,2024.8228369140625,2010.204923502604,0
2023-02-23,2081.10205078125,2104.362482594849,2061.559396656615,2097.2604426437574,331969,Information Technology,-0.007704433960880386,0.0061282812259169095,-0.0004527163251878408,-0.0011315272788829933,2111.178564453125,2090.42998046875,2063.472200520833,2044.7501647949218,2030.0087939453124,2015.1001261393228,0
2023-02-24,2095.305908203125,2106.7932209557403,2060.4152641874275,2091.5404193560607,317547,Information Technology,0.00682516141702072,-0.002727378618025189,0.0011550948950076467,-0.0005549839946609181,2103.81904296875,2094.6816650390624,2070.5043701171876,2050.734503173828,2034.988828125,2020.9327311197917,1
2023-02-27,1944.5892333984373,2050.5485653858177,1927.4775427316624,2049.59526526244,1287017,Information Technology,-0.07193063037460634,-0.020054670569806476,-0.026696808690321983,-0.0645198682840239,2065.0673583984376,2086.2211059570313,2067.0248209635415,2047.0642883300777,2035.5684326171872,2021.0789021809894,0
2023-02-28,1940.3470458984373,1988.58400766175,1929.0980581758884,1953.264192425558,1527840,Information Technology,-0.002181533985244899,-0.04700004653091716,-0.030218527261464234,0.000840744137506011,2031.7208984375,2075.0913330078124,2063.481730143229,2045.281616210937,2034.6761425781247,2020.9359090169269,0
2023-03-01,1964.1795654296875,1983.817641910004,1933.57876979921,1939.965834352166,258083,Information Technology,0.012282606651025763,-0.0068082741315592665,-0.0023968641673581814,0.002322697700270604,2005.1047607421874,2065.7203979492188,2059.2617757161456,2044.721557617187,2032.5102490234372,2021.5364908854165,1
2023-03-02,1951.595947265625,1980.528698827654,1918.8025164324688,1947.592133333795,529211,Information Technology,-0.006406551817124573,0.0039311511814204,-0.001657885791953917,-0.0076419195315614585,1979.2035400390625,2045.1910522460937,2053.354500325521,2042.4050354003903,2031.6408398437497,2021.541251627604,0
2023-03-03,1982.1015625,1993.8749120750056,1942.825644112896,1957.077434355759,351099,Information Technology,0.015631112206969,0.004870270761325957,0.006738712372737599,0.012519854166697764,1956.5626708984375,2030.1908569335938,2048.6420003255207,2042.0189453124997,2031.9001367187498,2021.9178019205726,1
2023-03-06,2038.58447265625,2045.3529961975387,1987.630630849708,1987.630630849708,488708,Information Technology,0.028496476277940497,0.015611644157558224,0.02581811116172794,0.023061764123084805,1975.36171875,2020.2145385742188,2049.2679768880207,2044.1090454101559,2032.7237744140623,2025.5339803059894,1
2023-03-08,2044.7333984375,2049.404708815616,1987.6308125538528,2019.5663675757007,306958,Information Technology,0.0030162722534807784,0.016067239169251568,0.001980935626080038,9.141746049046162e-08,1996.2389892578126,2013.9799438476562,2048.8072184244793,2046.6710449218747,2035.473090820312,2028.2699503580727,1
2023-03-09,2006.601318359375,2054.3140356485155,2000.5957138281249,2048.5942349602497,145057,Information Technology,-0.018648925139709616,0.014373316891484134,0.0023954891934141465,0.006522791452208354,2004.72333984375,2004.9140502929688,2045.388045247396,2045.6271667480464,2036.7219140624998,2027.8790974934893,0
2023-03-10,1943.731201171875,1981.7203034250624,1937.1058119946515,1968.898463569706,474820,Information Technology,-0.03133164351696105,-0.03890266311917545,-0.0353372127940198,-0.03173549827915301,2003.150390625,1991.1769653320312,2031.1774983723958,2040.8034729003903,2034.5541064453123,2026.8924316406249,0
2023-03-13,1870.1365966796875,1971.329315990008,1861.7952202448985,1951.5007424010992,459395,Information Technology,-0.03786254212918805,-0.008836271392616224,-0.005243417760364855,-0.03887789261868213,1980.7573974609375,1968.6600341796875,2013.713037109375,2031.670849609375,2029.7666357421872,2023.3763468424477,0
2023-03-14,1808.124267578125,1884.531294477929,1798.2576347381694,1879.5264689129149,1046921,Information Technology,-0.0331592511539861,-0.03688149941445995,-0.04403019871314029,-0.03412705372525959,1934.6653564453125,1955.0135375976563,1991.69814453125,2020.6173217773437,2022.2203076171872,2016.3807047526038,0
2023-03-15,1810.6505126953125,1835.1026834131608,1801.7371800783767,1820.803181983968,531708,Information Technology,0.0013971634375391506,-0.031243660517806582,-0.026228596579745966,0.0019349537424395713,1887.848779296875,1942.0438842773438,1971.9362223307292,2008.567608642578,2014.9065917968746,2010.8690388997393,1
2023-03-16,1816.0843505859373,1823.5200213334297,1775.9503244176028,1810.6504703481464,333657,Information Technology,0.003001041809297611,-0.005575952270008178,-0.0063117242345197555,-0.014312218200243865,1849.7453857421874,1927.2343627929688,1953.191162109375,1996.4773803710937,2006.4508105468747,2005.5591593424476,1
2023-03-17,1798.305419921875,1842.633876741282,1788.867725196072,1833.4345070521424,1416238,Information Technology,-0.0097897053395819,0.012583343432161831,0.010481845652495547,0.00727351469287596,1820.6602294921875,1911.9053100585938,1934.3380533854167,1978.5481811523437,1996.7748242187497,1998.9051269531249,0
2023-03-20,1738.1998291015625,1792.1565950586926,1725.521006754216,1767.2278888895314,605197,Information Technology,-0.03342346086179493,-0.036110708022540794,-0.027394091859343717,-0.035411628008947815,1794.2728759765625,1887.51513671875,1910.5309814453126,1958.8529968261719,1984.1912548828125,1990.5176757812499,0
2023-03-21,1708.599853515625,1743.3953079341509,1702.403402728764,1737.8661206841712,596353,Information Technology,-0.01702909820284415,-0.01661459078931249,-0.027208162087501542,-0.013397463105324525,1774.3679931640625,1854.5166748046875,1894.7983561197916,1937.3656066894532,1971.3674560546874,1980.9115885416663,0
2023-03-22,1715.320556640625,1751.0693113280374,1708.4568422884995,1723.5666259957836,735379,Information Technology,0.003933456456274076,-0.008228191181238964,0.0044017575124599695,0.0035558197017420135,1755.302001953125,1821.575390625,1879.7965901692708,1917.7776672363282,1957.9144873046876,1971.6391601562498,1
2023-03-23,1699.5911865234375,1714.9870075583835,1681.192563045685,1714.9870075583835,360986,Information Technology,-0.009169930399477444,-0.00497782813150216,-0.02060586838923495,-0.01595842433238981,1732.003369140625,1790.8743774414063,1862.157364908854,1897.8942138671875,1943.582578125,1960.7095703124999,0
2023-03-24,1656.263671875,1727.3798384166805,1646.4923455263406,1705.4539353904202,450064,Information Technology,-0.02549290381827951,-0.005558684774840117,0.0072261951861318785,-0.020640239721546605,1703.59501953125,1762.1276245117188,1842.4685465494792,1876.652294921875,1923.557548828125,1947.9115234374997,0
2023-03-27,1644.204345703125,1685.9589365859847,1639.771476968974,1663.6039794432909,542919,Information Technology,-0.007281042491394496,-0.02453889552727717,-0.023979035131417414,-0.0040819312495607996,1684.7959228515624,1739.5343994140626,1819.9420654296875,1854.097216796875,1904.04158203125,1934.2920328776042,0
2023-03-28,1591.1531982421875,1633.9086851144443,1583.622104061796,1632.6217532334708,807937,Information Technology,-0.03226554387815517,-0.018623558606891466,-0.030872787196668305,-0.03424219392507477,1661.306591796875,1717.8372924804687,1790.1133138020834,1836.4254150390625,1882.1538037109376,1919.6906453450522,0
2023-03-29,1637.960205078125,1667.8462566702158,1592.0111862503725,1592.0111862503725,3001937,Information Technology,0.0294170334369106,-0.024874449273181387,0.020770788395310102,0.005297401549940073,1645.834521484375,1700.56826171875,1762.9951009114584,1821.3060729980468,1863.3890380859375,1905.9011596679688,1
2023-03-31,1711.8887939453125,1718.2758585874471,1652.0214962434688,1652.0214962434688,748058,Information Technology,0.04513454517270232,0.0376946534744127,0.030236361244658116,0.0376946534744127,1648.29404296875,1690.1487060546874,1743.3475992838542,1808.6915344238282,1847.9741796875,1894.367822265625,1
2023-04-03,1713.699951171875,1733.0995849684127,1686.9122415868303,1727.379784357956,314524,Information Technology,0.0010579876642502484,0.045615803599314164,0.008627093436063271,0.02112003107871141,1659.781298828125,1681.6881591796875,1728.0121826171876,1796.7967346191406,1833.278095703125,1879.5948404947917,1
2023-04-05,1730.859375,1741.6793080183584,1703.547303464043,1717.4654618524396,400995,Information Technology,0.010013085322428283,-0.005739515186697242,0.004950507820992822,0.00986124913146913,1677.1123046875,1680.9541137695312,1718.7270345052084,1784.2346252441407,1818.700234375,1866.2200358072917,1
2023-04-06,1710.315673828125,1740.9642950964965,1683.8615962434965,1721.3263364517454,248868,Information Technology,-0.011869075829383902,0.002248007127398921,-0.0004105307553291526,-0.011555715054414328,1700.9447998046876,1681.1256958007812,1712.2064615885417,1767.8211853027344,1809.3292919921876,1851.952303059896,0
2023-04-10,1727.09375,1734.052887299526,1703.022922400048,1715.8924737901214,235546,Information Technology,0.009809929493495906,-0.0031567881967257128,-0.003969873372151711,0.01137939495698359,1718.7715087890624,1682.3030151367188,1706.6360107421874,1751.9392028808593,1800.79916015625,1839.2861165364584,1
2023-04-11,1715.03466796875,1761.4126268071795,1706.4549666859689,1733.5763091931249,537815,Information Technology,-0.006982297302187579,0.010305911164668169,0.01577791525739536,0.0020152660547188006,1719.40068359375,1683.84736328125,1699.899365234375,1737.3608703613281,1790.8333642578125,1826.545263671875,0
2023-04-12,1735.578125,1740.0109937037168,1704.500565260784,1722.5655554644334,268871,Information Technology,0.011978450007416708,-0.006351467581958592,-0.012150266654018638,-0.0011452991513631883,1723.776318359375,1691.77880859375,1695.7175455729166,1726.9532165527344,1782.1926513671874,1815.0277994791666,1
2023-04-13,1688.3421630859375,1725.4254433186647,1673.6136069421905,1719.7533543574148,598354,Information Technology,-0.02721626945722333,-0.0016325655056189659,-0.008382447259143944,-0.018120826093048548,1715.2728759765625,1696.1925903320312,1692.393701171875,1717.8634948730469,1770.442275390625,1801.4623413085938,0
2023-04-17,1655.453369140625,1668.2274976467893,1582.525909995569,1668.2274976467893,1218305,Information Technology,-0.019479934023088452,-0.029961189829967316,-0.03315005345108479,-0.054425762654406906,1704.3004150390625,1702.622607421875,1688.8506022135416,1710.2299499511719,1755.11703125,1791.8244791666666,0
2023-04-18,1700.496826171875,1705.4539403225508,1652.7841079006275,1662.5554342775454,390524,Information Technology,0.027209136705936166,-0.0034000538758921506,0.022314967669741392,0.04439623860898134,1698.9810302734375,1708.87626953125,1687.862353515625,1704.722265625,1741.347568359375,1783.829471842448,1
2023-04-19,1700.735107421875,1709.4577103307558,1677.8081932335258,1708.3137967468626,307190,Information Technology,0.00014012448969769054,0.02752290932735213,0.0023476271704223617,0.015140565070343115,1696.1211181640624,1707.7609008789063,1687.938614908854,1698.9548034667969,1729.112919921875,1775.047989908854,1
2023-04-20,1675.901611328125,1714.9869162567104,1672.1837175853798,1701.640714573779,252068,Information Technology,-0.014601624900537735,-0.003906239114728982,0.0032344795033769635,-0.003352275707574348,1684.1858154296874,1703.9810668945313,1689.2478108723958,1692.8346130371094,1718.399736328125,1765.8581787109374,0
2023-04-21,1677.760498046875,1680.620398404149,1644.4427054324915,1649.25691758176,410227,Information Technology,0.0011091860680751964,-0.03078428750756579,-0.020038938797021788,-0.016589691587803546,1682.069482421875,1698.6711791992188,1691.4848876953124,1689.812646484375,1710.7046923828125,1755.7134765625,1
2023-04-24,1678.09423828125,1686.3401911768406,1653.1177054568996,1682.5747022720209,482497,Information Technology,0.0001989200692014137,0.02020169467538957,0.0034033817381502462,0.005275343431394575,1686.59765625,1695.4490356445312,1697.28095703125,1688.2873657226562,1705.5034912109375,1743.6971354166667,1
2023-04-25,1677.6175537109375,1691.0590617763658,1653.8326465191572,1677.8081671820792,513355,Information Technology,-0.00028406305166794876,-0.002832881704155743,0.0027982910116326476,0.00043248043372678957,1682.0218017578125,1690.501416015625,1699.9247802734376,1686.4022155761718,1700.1821728515624,1731.459940592448,0
2023-04-26,1677.8082275390625,1686.8645787672565,1662.3648119925267,1673.756701989607,463884,Information Technology,0.00011365750656522344,-0.002414736840431919,-0.0024803882394877075,0.005159025909500237,1677.43642578125,1686.7787719726562,1697.652742513021,1685.3130676269532,1694.6511279296874,1720.5001708984375,1
2023-04-27,1700.735107421875,1722.2796666292406,1669.9434673277435,1669.9434673277435,504125,Information Technology,0.013664779744488875,-0.0022782490772588204,0.020994624173011678,0.004558960392173406,1682.403125,1683.2944702148438,1696.788419596354,1687.536639404297,1690.7483154296874,1712.400301106771,1
2023-04-28,1729.7154541015625,1757.5994841900167,1669.2286046113911,1669.2286046113911,1043873,Information Technology,0.01703989442754472,-0.0004280759979835569,0.02050759713717243,-0.0004280759979835569,1692.7941162109375,1687.4317993164063,1696.712158203125,1691.8121948242188,1690.4089404296874,1707.7195963541667,1
2023-05-02,1774.1392822265625,1791.2509732894252,1735.9595648536686,1738.77175373487,799693,Information Technology,0.02568273759690398,0.041661848431880255,0.0191462784338019,0.039977124797602404,1712.003125,1699.300390625,1700.9670654296874,1700.9614990234375,1693.030517578125,1706.5867635091147,1
2023-05-03,1765.89306640625,1771.7081735378003,1722.2318768139878,1738.8193212445242,414566,Information Technology,-0.004648009264505704,2.735696019451339e-05,-0.010910140478939567,-0.007907838591181604,1729.6582275390624,1705.8400146484375,1703.5536865234376,1707.3581420898438,1695.05341796875,1705.0948486328125,0
2023-05-04,1758.743408203125,1775.1401236590525,1752.2133256790346,1770.278316338835,209106,Information Technology,-0.004048749235804672,0.0180921586906424,0.00193708544810689,0.017408485621872583,1745.845263671875,1711.6408447265626,1706.4676025390625,1709.7008728027345,1697.4195068359375,1703.1834838867187,0
2023-05-05,1735.0062255859375,1765.5118295522836,1727.8564746563252,1758.8387286846455,203833,Information Technology,-0.013496671831986773,-0.006462027777557666,-0.00542396286267377,-0.013900619670992653,1752.6994873046874,1717.5513061523438,1706.4294759114584,1710.7661865234375,1700.569208984375,1701.0735107421874,0
2023-05-08,1764.367919921875,1773.1382345340785,1743.8719672108627,1753.118931886113,359581,Information Technology,0.016923106040165115,-0.003252030277278495,0.00431965668773171,0.00926899472812015,1759.62998046875,1726.2120483398437,1711.4978597005208,1712.4416137695312,1705.375751953125,1701.945780436198,1
2023-05-09,1773.328857421875,1787.3900343563732,1751.3553592205988,1764.5585427631308,414152,Information Technology,0.005078837241835998,0.006525290822517293,0.008037613506224783,0.004291250820267933,1759.4678955078125,1735.7355102539063,1719.3562255859374,1715.5922729492188,1712.6627783203126,1704.1034138997395,1
2023-05-10,1778.66748046875,1791.6323393372388,1764.0342299549343,1782.67129458252,589666,Information Technology,0.003010509316718979,0.010264749726595301,0.0023734634854855052,0.007239462092934579,1762.0227783203125,1745.8405029296875,1724.5676025390626,1718.1709594726562,1718.2910693359374,1706.2149780273437,1
2023-05-11,1784.7684326171875,1801.6895096950527,1776.0458296417771,1796.017420546386,171687,Information Technology,0.0034300689788457905,0.007486588247886283,0.005613411935583956,0.006809164744580709,1767.227783203125,1756.5365234375,1730.16982421875,1721.657647705078,1721.2062548828126,1709.054219563802,1
2023-05-12,1765.845458984375,1790.2499188512202,1756.4554760498418,1787.6283435138323,276950,Information Technology,-0.010602481132560015,-0.004670932996853394,-0.006349368624435581,-0.0110303198627969,1773.3956298828125,1763.04755859375,1736.1660807291667,1723.1710144042968,1723.2920751953125,1712.7069458007813,0
2023-05-15,1777.9525146484375,1784.5779042300646,1756.598567734148,1763.6530122106967,208388,Information Technology,0.0068562373918190644,-0.013411809781449735,-0.003168280898342535,8.146616083215541e-05,1776.112548828125,1767.8712646484375,1742.845548502604,1727.6515319824218,1725.17580078125,1717.1652180989583,1
2023-05-16,1792.34716796875,1810.555176215537,1774.3297731900316,1787.3423425507526,299566,Information Technology,0.008096196721631088,0.013431967726101668,0.014556535707349827,0.010094056651062333,1779.9162109375,1769.6920532226563,1750.4624104817708,1734.4962219238282,1728.457060546875,1723.8716837565105,1
2023-05-17,1773.7579345703125,1801.7372704969573,1753.6909200097762,1792.347287361154,296129,Information Technology,-0.01037144685507807,0.0028002161036808637,-0.004870277268771761,-0.011631915043137209,1778.9343017578126,1770.4785400390624,1756.8717692057292,1738.15927734375,1730.3236279296875,1728.3982747395833,0
2023-05-18,1775.2353515625,1792.1564278789317,1763.6051372055404,1782.5758319553545,244990,Information Technology,0.0008329304486214273,-0.005451764551827387,-0.005317558100678577,0.005653343518314369,1777.027685546875,1772.127734375,1763.3669108072916,1741.8842895507812,1732.7316552734376,1730.5098266601562,1
2023-05-19,1817.4666748046875,1837.7243023103783,1762.2229795193784,1775.2354330332016,737768,Information Technology,0.023789140524391295,-0.004117860676985052,0.025426281837114706,-0.0007837115332698374,1787.3519287109375,1780.373779296875,1771.149015299479,1748.9625427246094,1736.007197265625,1733.9687174479166,1
2023-05-22,1876.8572998046875,1882.481677348051,1818.4199566169264,1825.3790939555056,596977,Information Technology,0.03267769683115773,0.02824620328619032,0.024354782151710053,0.03188982197523882,1807.1328857421875,1791.6227172851563,1780.9584716796876,1758.9173828125,1743.547802734375,1738.8353149414063,1
2023-05-23,1853.4537353515625,1901.833715842288,1844.63570935079,1887.534214219413,436514,Information Technology,-0.012469549206303832,0.03405052707666334,0.010280067385037839,0.014416775749996003,1819.35419921875,1799.635205078125,1786.2461018880208,1767.6853576660155,1751.4678173828124,1743.606583658854,0
2023-05-24,1856.8380126953125,1863.55870869206,1821.9948469038525,1847.495625009636,314938,Information Technology,0.001825930304706569,-0.021212113088151296,-0.020125317387843622,-0.012273893610628361,1835.97021484375,1807.4522583007813,1792.3090983072916,1776.6463806152344,1757.72146484375,1747.9313924153646,1
2023-05-25,1843.587158203125,1865.608368093716,1827.42865105932,1865.608368093716,199824,Information Technology,-0.007136246889384301,0.009803943694852268,0.001099863069564666,0.002982337828617565,1849.640576171875,1813.334130859375,1797.9653483072916,1784.9353271484374,1763.435546875,1752.2164754231771,0
2023-05-26,1882.481689453125,1899.4027664845817,1853.2154224874205,1856.599684441569,576992,Information Technology,0.021097202308519636,-0.004828818205480201,0.01811441188238061,0.014110959359837416,1862.6435791015624,1824.99775390625,1807.7970458984375,1794.02265625,1771.69875,1757.113260904948,1
2023-05-29,1875.95166015625,1906.600282979068,1868.992638945164,1889.6314939126955,379011,Information Technology,-0.003468840803849793,0.017791562579663855,0.0037893576978449417,0.008513428210394913,1862.462451171875,1834.7976684570312,1815.2359619140625,1801.3344665527343,1779.626396484375,1763.3669108072916,0
2023-05-30,1882.67236328125,1892.491284346132,1869.2308553413927,1883.2443200589728,277684,Information Technology,0.0035825566659004604,-0.003380116109568787,-0.007400082103675487,0.00012745710778361286,1868.3061767578124,1843.8301879882813,1822.525528971354,1806.7611206054687,1787.809521484375,1770.9408772786458,1
2023-05-31,1855.9322509765625,1882.7676716977264,1841.1560996290607,1873.4252842979024,1212827,Information Technology,-0.01420327446570846,-0.005213893734596797,-0.00513799599968312,-0.015019415944321435,1868.1250244140624,1852.0476196289062,1827.676513671875,1811.2630798339844,1794.942109375,1776.1220581054688,0
2023-06-01,1885.0079345703125,1928.526107527195,1863.701700551491,1863.701700551491,778642,Information Technology,0.015666349662521784,-0.005190270371553951,0.02430381428219852,0.01224535004227656,1876.4091796875,1863.0248779296876,1834.3591471354166,1817.5763061523437,1803.23009765625,1782.2644856770833,1
2023-06-02,1923.4259033203125,1937.868422608268,1886.2472007099443,1903.7402336642288,650822,Information Technology,0.02038079948918492,0.02148333775780209,0.004844277214920201,0.01209716133852412,1884.5980224609375,1873.62080078125,1844.8645100911458,1826.9972900390626,1812.1377294921874,1790.5152954101563,1
2023-06-05,1894.5408935546875,1944.7321661158703,1884.9602975581056,1930.4326648944304,575415,Information Technology,-0.01501747986016111,0.014021046967539919,0.003541903788474965,-0.0006822558312369331,1888.315869140625,1875.38916015625,1852.637068684896,1833.5059387207032,1818.7307470703124,1797.74130859375,0
2023-06-06,1824.9976806640625,1856.599601317056,1806.5036359978608,1856.599601317056,906257,Information Technology,-0.03670715851381945,-0.03824689921593927,-0.04531861319229247,-0.04162244778411639,1876.7809326171875,1872.5435546875,1854.81376953125,1836.0893798828124,1820.7650830078126,1802.6380900065103,0
2023-06-07,1819.611572265625,1843.682399875164,1814.3684216972104,1834.1016872886591,489623,Information Technology,-0.0029512960238270436,-0.012117806129246733,-0.0069574513711673225,0.004353595277988731,1869.516796875,1868.8209106445313,1857.8706787109375,1838.1365844726563,1822.9138232421874,1807.3712239583333,0
2023-06-08,1776.8084716796875,1819.6116719385768,1773.138289354684,1816.990096510768,589171,Information Technology,-0.02352320750117165,-0.009329684878697897,-0.01305578875093516,-0.022724233870846655,1847.876904296875,1862.1430419921876,1857.9755533854166,1837.7385864257812,1823.63642578125,1810.671232096354,0
2023-06-09,1766.703369140625,1787.2946275466852,1756.9320433434086,1782.6711454433937,374786,Information Technology,-0.005687221048372049,-0.018887803039366102,-0.017760407283748503,-0.00913986580097681,1816.5323974609375,1850.5652099609374,1854.5913330078124,1837.7814819335938,1824.9043115234374,1812.8701741536458,0
2023-06-12,1801.6895751953125,1804.5971872059167,1763.6052806819584,1770.2306701885532,325236,Information Technology,0.019803101452003036,-0.006978558713220395,0.00968086592582762,0.0037982330414161325,1797.9621337890626,1843.1390014648437,1849.5801513671875,1838.9683349609375,1826.397177734375,1815.2693115234374,1
2023-06-13,1809.60205078125,1824.6165284842948,1802.690624536992,1811.175019338356,215275,Information Technology,0.004391697490440105,0.02312938637846651,0.011093523485634194,0.022162183501695853,1794.8830078125,1835.8319702148438,1846.6567057291666,1839.8310791015624,1827.84810546875,1816.4514038085938,1
2023-06-14,1789.5826416015625,1809.5066372869824,1785.292791082342,1801.737218072688,219687,Information Technology,-0.011062879361263267,-0.005210872038813652,-0.008281132479855513,-0.009651036743544505,1788.8772216796874,1829.1970092773438,1842.1730143229167,1840.622314453125,1828.2847119140624,1817.241056315104,0
2023-06-15,1787.532958984375,1805.1214153043,1781.86087004909,1792.2041526561832,259571,Information Technology,-0.0011453411368324007,-0.005291040958071758,-0.0024234351465309834,-0.0019223295195022194,1791.022119140625,1819.44951171875,1838.4360677083334,1841.2371948242187,1828.39529296875,1818.2007080078124,0
2023-06-16,1773.1859130859375,1803.643804999892,1765.6071074027627,1768.3717009909087,666741,Information Technology,-0.008026171392436332,-0.013297844238310041,-0.0008185656055489376,-0.009121791111490918,1792.3186279296874,1804.4255126953126,1831.1496826171874,1839.0231567382812,1828.6889111328126,1819.4733642578126,0
2023-06-19,1785.578857421875,1791.2509466550696,1767.5614616669557,1779.8113450798376,263493,Information Technology,0.006989083459596035,0.006469026892094387,-0.006871012064836757,0.00110690212788489,1789.096484375,1793.5293090820312,1825.1248291015625,1834.4592346191407,1828.99396484375,1820.1803955078126,1
2023-06-20,1796.494140625,1800.783991318984,1767.7045225154568,1785.578900407056,589667,Information Technology,0.006113022204398799,0.00324054307393995,0.005322003978122769,8.09368452547865e-05,1786.47490234375,1790.678955078125,1819.3796142578126,1831.6112548828125,1829.15984375,1820.9525716145833,1
2023-06-21,1789.1060791015625,1800.6886993442329,1782.6713030078176,1792.2043046281804,249164,Information Technology,-0.004112488516587742,0.003710507678833963,-5.2916937961722255e-05,0.008466788596016572,1786.37958984375,1787.6284057617188,1814.9245361328126,1828.224658203125,1829.77376953125,1821.3005249023438,0
2023-06-22,1768.41943359375,1782.6235122815365,1763.7005281794586,1778.5243915886208,517032,Information Technology,-0.011562559509160408,-0.007633009810451119,-0.010032376539751309,-0.010641768225219339,1782.556884765625,1786.789501953125,1807.1519694010417,1824.4662719726562,1829.5011328125,1820.7555582682292,0
2023-06-23,1745.5401611328125,1770.2782517049045,1741.0119857447685,1768.1810380730342,347429,Information Technology,-0.012937695676891958,-0.005815693933973964,-0.006925332517819016,-0.012864169439303796,1777.027734375,1784.6731811523437,1795.292919921875,1817.6191955566405,1826.624072265625,1820.0787150065105,0
2023-06-26,1729.2864990234375,1753.16671470059,1723.1853546945188,1742.632701331226,1020207,Information Technology,-0.00931153717988753,-0.014448937179900367,-0.009666015490974234,-0.010239235109357314,1765.7692626953126,1777.4328735351562,1784.2759602864583,1810.2859375,1820.721240234375,1818.4565144856772,0
2023-06-27,1753.3572998046875,1755.9788752155685,1728.7145142163354,1733.099671629698,443340,Information Technology,0.013919498472256153,-0.005470475616718096,0.0016040462617719076,0.003208685302920733,1757.14189453125,1771.8083984375,1779.4999348958333,1803.8201843261718,1816.7173828125,1817.1568522135417,1
2023-06-28,1762.4613037109375,1767.4184177738807,1748.352415424648,1767.4184177738807,487241,Information Technology,0.005192326690780069,0.019801946019591288,0.006514624247349277,0.01135982896355503,1751.812939453125,1769.0962646484375,1775.6899169921876,1799.1466369628906,1812.942314453125,1816.7802978515624,1
2023-06-30,1806.5513916015625,1832.2427826142969,1763.8912123497466,1787.4376781487028,937648,Information Technology,0.025016201943152794,0.011326837025969816,0.03667742974075394,0.008887680074114002,1759.4393310546875,1770.9981079101562,1777.6727783203125,1795.223809814453,1811.4608837890626,1817.8241658528646,1
2023-07-03,1814.4637451171875,1836.8662977518527,1802.8811254810807,1827.4763149214648,543978,Information Technology,0.004379810921742111,0.022400018340348993,0.00252341839270831,0.02210448856389169,1773.2240478515625,1775.1258911132813,1780.8568033854167,1789.775701904297,1808.740166015625,1817.7240681966146,1
2023-07-04,1826.0941162109373,1832.1475487812104,1811.2702525957825,1822.709854191124,442884,Information Technology,0.006409811783259833,-0.002608220249653792,-0.00256891259664227,0.004653178180265893,1792.5855712890625,1779.1774169921875,1782.4837727864583,1786.3533630371094,1806.7458642578124,1816.031962076823,1
2023-07-05,1842.2451171875,1844.5942621410325,1813.8094703028728,1835.2463141680053,617494,Information Technology,0.008844561095282089,0.006877924068965369,0.006793510363344968,0.0014018988626636197,1810.363134765625,1783.7525146484375,1784.6599772135417,1787.2157348632813,1805.1287744140625,1815.658341471354,1
2023-07-06,1842.9302978515625,1851.2015346222515,1832.6033799765576,1837.889195194624,375110,Information Technology,0.0003719269806552461,0.0014400688377445015,0.003581965214154881,0.01036156772880159,1826.45693359375,1789.1349365234375,1788.2164876302083,1788.3816711425782,1804.6086962890624,1815.1947509765625,1
2023-07-07,1837.7913818359373,1858.5429597635089,1822.0807872077755,1833.190833362584,437357,Information Technology,-0.0027884483865808773,-0.0025563901481789886,0.003965762238175463,-0.005741882222718986,1832.704931640625,1796.0721313476563,1791.567049153646,1791.4308166503906,1802.7200341796874,1815.0015584309897,0
2023-07-10,1844.7410888671875,1852.4250391471296,1810.8728953704024,1840.238401781815,434173,Information Technology,0.0037815538259340364,0.0038444270454394136,-0.0032917832672308966,-0.00615114978219411,1838.760400390625,1805.9922241210938,1796.3373942057292,1795.3327026367188,1799.5726416015625,1813.7435384114583,1
2023-07-11,1868.478271484375,1872.8342267799133,1840.238465735036,1845.132716973692,449393,Information Technology,0.01286748734575216,0.002659609313194533,0.01101755115671521,0.016216251532456205,1847.2372314453125,1819.9114013671874,1801.8640218098958,1798.672137451172,1798.53013671875,1813.4944254557292,1
2023-07-12,1863.7308349609373,1878.51144951276,1849.5375066484723,1863.926557211205,319792,Information Technology,-0.002540803709569661,0.010185630586149852,0.0030313535771973044,0.005053171687573688,1851.534375,1830.9487548828124,1806.3464680989584,1801.3785766601563,1800.079462890625,1812.8630411783854,0
2023-07-13,1881.5458984375,1913.456512105128,1861.528458666351,1864.709721971552,795780,Information Technology,0.009558817798352326,0.0004201693233658599,0.01860252840164045,0.006483216466157238,1859.2574951171875,1842.8572143554688,1812.509122721354,1805.976739501953,1802.5568359375,1813.7168294270834,1
2023-07-14,2025.779541015625,2035.029627892442,1894.075194791667,1898.9694459409995,2663627,Information Technology,0.07665698864848403,0.01837268480223564,0.06353586560144131,0.0174838778176043,1896.855126953125,1864.780029296875,1829.6664632161458,1817.8890686035156,1812.5156787109374,1818.4092163085938,1
2023-07-17,2078.833251953125,2151.51288418739,2036.057543133904,2051.572176460268,2680349,Information Technology,0.026189281638663076,0.08036081404335027,0.0572390960300575,0.07496130498549403,1943.6735595703126,1891.2169799804688,1851.8860026041666,1833.171435546875,1825.0008740234375,1823.589461263021,1
2023-07-18,2078.490478515625,2098.556908189348,2045.747986184899,2091.753946900263,720149,Information Technology,-0.00016488741325348943,0.019585842945737175,-0.024613366895101185,0.004759415117550958,1985.6760009765626,1916.4566162109375,1875.1662679036458,1847.8170166015625,1836.07291015625,1829.7211140950521,0
2023-07-19,2123.909423828125,2128.99939758094,2060.528867049566,2080.0568826940216,690457,Information Technology,0.021851890004777053,-0.005591988590998076,0.014506392117742406,0.007225171900196781,2037.71171875,1944.623046875,1899.8697428385417,1864.1877807617188,1848.645205078125,1839.6848388671874,1
2023-07-20,2167.076416015625,2173.9773578924523,2114.3164845159986,2125.083836983441,936054,Information Technology,0.020324309362353077,0.021646982187863095,0.021126337735284606,0.026103792247982538,2094.817822265625,1977.0376586914062,1926.844083658854,1883.0862976074218,1863.7449560546875,1851.267000325521,1
2023-07-21,2281.55322265625,2300.2981095324453,2067.4297284178574,2070.3172888875924,3363261,Information Technology,0.052825459127602725,-0.025771476467295384,0.05810582671498188,-0.022175845688907958,2145.97255859375,2021.4138427734374,1958.5108723958333,1908.742987060547,1883.5057666015625,1868.0918253580728,1
2023-07-24,2224.53515625,2281.5531828641847,2172.019697364146,2281.5531828641847,1341158,Information Technology,-0.024990899112082965,0.10203068636406543,-0.008148911913017476,0.05058937070926617,2175.112939453125,2059.3932495117188,1985.848966471354,1932.6927368164063,1901.559736328125,1883.3528849283855,0
2023-07-25,2220.13037109375,2251.3555988081125,2205.00694338963,2224.535197265331,465020,Information Technology,-0.001980092399922029,-0.02499086413023044,-0.013235538089961696,0.01518736043946367,2203.44091796875,2094.558459472656,2012.1180501302083,1957.234930419922,1918.941796875,1897.3009114583333,0
2023-07-26,2206.768798828125,2267.5554922034903,2197.9101566695817,2226.884218354173,460927,Information Technology,-0.00601837281251294,0.0010559604054498628,0.007195617344480931,-0.0032184872439171563,2220.01279296875,2128.862255859375,2036.41962890625,1979.9055053710938,1935.352783203125,1910.5398030598958,0
2023-07-27,2232.70849609375,2272.890347842198,2206.7689637002018,2206.7689637002018,317414,Information Technology,0.011754605774469962,-0.00903291445876686,0.002352690223921927,0.0040305592126856915,2233.139208984375,2163.978515625,2062.4048421223956,2003.4178649902344,1953.0968798828126,1925.310664876302,1
2023-07-28,2202.755859375,2250.5235626420167,2169.866393835855,2250.5235626420167,303060,Information Technology,-0.01341538170842893,0.019827448936226455,-0.009840679389313989,-0.016722443749829785,2217.379736328125,2181.6761474609375,2086.735807291667,2023.2280883789062,1970.4703369140625,1939.1514282226562,0
2023-07-31,2246.412353515625,2251.3555951177195,2201.972647359364,2207.258343165752,264781,Information Technology,0.019819034394947366,-0.019224512995310805,0.00036970618282539114,0.014796419546713402,2221.75517578125,2198.4340576171876,2113.5138916015626,2044.8255187988282,1990.505224609375,1954.925642903646,1
2023-08-01,2246.06982421875,2271.9113745948634,2227.373689310906,2246.461268718316,777930,Information Technology,-0.00015247837127452257,0.017760913974545156,0.00913040104447349,0.011535584686759304,2226.94306640625,2215.1919921875,2138.686661783854,2065.8243041992187,2011.1765576171874,1970.275341796875,0
2023-08-02,2161.30126953125,2240.637127061955,2136.830014215,2240.637127061955,862983,Information Technology,-0.03774083680456597,-0.0025925849412413715,-0.013765610702347608,-0.040650419608717625,2217.849560546875,2218.9311767578124,2158.524690755208,2081.7771118164064,2027.49431640625,1982.4355794270834,0
2023-08-03,2189.34521484375,2194.777881275484,2148.820911958301,2163.258952478235,390088,Information Technology,0.012975491065427613,-0.034534005372472976,-0.02046705610319155,0.005611535622175312,2209.176904296875,2221.158056640625,2179.044645182292,2099.0978576660154,2044.5696728515625,1995.7768839518228,1
2023-08-04,2215.774169921875,2230.799616152443,2196.5398589934543,2207.3072112434224,233173,Information Technology,0.012071625296429689,0.02036199074305256,0.01641247398393908,0.022207037715239464,2211.78056640625,2214.5801513671877,2191.7109537760416,2117.9969970703123,2060.938583984375,2010.6887084960938,1
2023-08-07,2280.867919921875,2292.907826349064,2212.2016672998548,2217.5853439238144,462263,Information Technology,0.02937742974154056,0.0046564124051413636,0.027841232241083924,0.007130218121139453,2218.6716796875,2220.213427734375,2205.179931640625,2139.803338623047,2079.5947509765624,2028.5329671223958,1
2023-08-08,2290.65625,2329.6635269133194,2271.764631908816,2295.89319427529,692715,Information Technology,0.0042914935988316305,0.035312214957606614,0.016030169264492633,0.02692474447036375,2227.58896484375,2227.266015625,2219.32431640625,2160.912237548828,2098.177236328125,2047.245292154948,1
2023-08-09,2313.31689453125,2318.6025904067315,2252.187742868859,2283.657683508096,551091,Information Technology,0.009892643006234492,-0.005329303121636042,-0.004747868685244461,-0.00861748121481587,2257.99208984375,2237.9208251953123,2231.951481119792,2183.3915405273438,2117.020107421875,2065.910611979167,1
2023-08-10,2299.22119140625,2328.5866980731635,2274.4074816589714,2308.0798337128567,314682,Information Technology,-0.0060932867253606915,0.010694313066765826,0.004306088377431072,0.009865846602028272,2279.96728515625,2244.5720947265627,2240.7611328125,2204.2753051757813,2135.2717431640626,2083.802608235677,0
2023-08-11,2280.37841796875,2318.8962713809724,2257.228704856278,2300.2981163973345,226666,Information Technology,-0.008195285215675696,-0.0033715113324326307,-0.004161505646411934,-0.007553077863674207,2292.888134765625,2252.3343505859375,2240.6828125,2217.0052490234375,2152.975224609375,2099.5968424479165,0
2023-08-14,2317.47705078125,2325.454585050102,2236.672911584808,2247.44026476968,358483,Information Technology,0.01626863003095136,-0.022978696218053152,0.0028282048447230146,-0.009106650658502469,2300.2099609375,2259.4408203125,2246.878938802083,2228.9374389648438,2171.8846630859375,2116.3639526367188,1
2023-08-16,2265.402099609375,2336.955907221776,2253.606906676692,2317.476883457304,742798,Information Technology,-0.022470535858950536,0.031162838801769732,0.004945838222605525,0.007571064595173649,2295.159130859375,2261.3740478515624,2249.8970540364585,2238.2830200195312,2187.7616162109375,2131.0075520833334,0
2023-08-17,2290.41162109375,2301.472676794868,2256.8372484555,2261.144093996075,255090,Information Technology,0.011039771477517224,-0.02430781073302002,-0.015183525849698731,0.0014334096018420173,2290.578076171875,2274.2850830078123,2255.4732421875,2246.6081298828126,2204.82884765625,2145.946435546875,1
2023-08-18,2242.594970703125,2283.461969691098,2207.307370488146,2283.461969691098,641460,Information Technology,-0.020876880797430997,0.009870169598781064,-0.007825731448114603,-0.021946588306822057,2279.25283203125,2279.61005859375,2256.1323404947916,2250.3840576171874,2219.270810546875,2159.268591308594,0
2023-08-21,2267.89794921875,2315.470164874223,2174.026309949545,2243.52467465302,701721,Information Technology,0.01128290165909518,-0.017489800823562884,0.01401739797201662,-0.01507767381361147,2276.75673828125,2284.8224365234373,2260.475146484375,2249.7012939453125,2228.955546875,2173.605476888021,1
2023-08-22,2318.40673828125,2323.0562768106297,2276.3161789626542,2290.411526492459,505599,Information Technology,0.02227119129407895,0.02089874578566442,0.0032762728069177793,0.04705088827351078,2276.94267578125,2288.576318359375,2265.2747721354167,2254.394873046875,2238.538486328125,2189.3943318684896,1
2023-08-23,2304.4091796875,2333.578964539668,2291.047969545975,2318.8962109876143,207669,Information Technology,-0.006037576738638695,0.01243649194290275,0.004529674047968113,0.006471768166245617,2284.744091796875,2289.951611328125,2269.1640625,2258.6088134765623,2247.575234375,2203.925362141927,0
2023-08-24,2411.7890625,2420.64770515752,2308.275647398694,2323.7905196264733,1525452,Information Technology,0.04659757640223505,0.0021106199646487855,0.037311246776269735,0.00751956226221373,2309.019580078125,2299.798828125,2285.863248697917,2268.859826660156,2259.090419921875,2222.1939697265625,1
2023-08-25,2341.5078125,2438.316008035075,2334.6068703422134,2401.119697996804,510770,Information Technology,-0.02914071180302491,0.03327717266991881,0.007298998049121375,0.01140731306210907,2328.8021484375,2304.027490234375,2296.007421875,2274.2997924804686,2266.06767578125,2237.5260335286457,0
2023-08-28,2281.259521484375,2359.029126854337,2273.1350165300764,2353.988143605639,647164,Information Technology,-0.025730553062429773,-0.01962898993768858,-0.03251706543346344,-0.02633070886282718,2331.474462890625,2304.1156005859375,2300.373111979167,2278.2249755859375,2266.055927734375,2246.042032877604,0
2023-08-29,2262.122802734375,2292.662881051164,2252.57901332431,2276.8055556729364,569342,Information Technology,-0.00838866361752133,-0.03278801048440316,-0.02813286408704485,-0.009043019027151766,2320.21767578125,2298.58017578125,2299.1234375,2279.010498046875,2267.55943359375,2252.1516845703127,0
2023-08-30,2315.81298828125,2333.3343123827594,2273.967139574648,2278.7634102683014,534401,Information Technology,0.023734425682803817,0.0008599129558897189,0.017739821963248303,0.00949495050953808,2322.4984375,2303.6212646484373,2300.8005533854166,2282.49765625,2271.38673828125,2260.062434895833,1
2023-08-31,2377.431640625,2402.0986202255344,2302.745315436255,2315.813062445201,1054296,Information Technology,0.02660778424491106,0.016258665559553354,0.029470405281339263,0.012655493283421082,2315.626953125,2312.3232666015624,2305.0748697916665,2293.3041748046876,2278.213251953125,2268.513175455729,1
2023-09-01,2381.73828125,2395.686896731217,2364.412680342435,2389.9117760877293,319368,Information Technology,0.0018114676996003887,0.03199684587852247,-0.0026692174252676004,0.026779932844851695,2323.673046875,2326.23759765625,2310.5760091145835,2302.923828125,2284.174443359375,2275.6685709635417,1
2023-09-04,2439.686279296875,2456.7674074235947,2358.294976206965,2383.598350882567,751782,Information Technology,0.02433012833654513,-0.002641698019287264,0.02549603238040765,-0.002587409628755588,2355.3583984375,2343.4164306640623,2321.196533203125,2314.11943359375,2293.65166015625,2280.9396728515626,1
2023-09-05,2468.562255859375,2498.0257428529885,2430.827771340829,2455.935183706171,787166,Information Technology,0.011835938418615966,0.03034774411419594,0.016793749096770005,0.030756455772349423,2396.6462890625,2358.431982421875,2331.2688802083335,2323.504150390625,2302.53765625,2289.073909505208,1
2023-09-06,2423.388427734375,2480.9448683605665,2399.994003109988,2468.562269713943,381201,Information Technology,-0.018299651150290197,0.005141457352598744,-0.006837749587365716,-0.012684472587637496,2418.161376953125,2370.3299072265627,2341.801302083333,2330.140759277344,2309.630400390625,2295.8491780598956,0
2023-09-07,2416.242919921875,2446.293575648468,2400.67929609904,2417.7601856475635,207780,Information Technology,-0.0029485606726199487,-0.02057962429777649,-0.013966974096847329,0.0002855394589169613,2425.9236328125,2370.77529296875,2350.1900553385417,2335.287060546875,2319.82806640625,2302.831648763021,0
2023-09-08,2413.991455078125,2432.442877932158,2391.1354450641047,2417.711133833766,198731,Information Technology,-0.0009318040107585412,-2.0288122076328463e-05,-0.005661911495082328,-0.003975479378042546,2432.374267578125,2378.0236572265626,2361.616487630208,2341.0255737304688,2328.813916015625,2308.8744140625,0
2023-09-11,2424.07373046875,2437.239218952134,2404.8884083483576,2414.774652799704,147558,Information Technology,0.004176599452916818,-0.0012145706709821846,0.001971820618477782,0.005751645442186204,2429.2517578125,2392.305078125,2372.0282063802083,2348.210339355469,2337.1458984375,2316.251676432292,1
2023-09-12,2415.998046875,2434.6451912199186,2355.7497684957675,2416.2917497341923,314442,Information Technology,-0.0033314513053975814,0.0006282561119022034,-0.001064330375140754,-0.020432814962228485,2418.738916015625,2407.6926025390626,2378.5342936197917,2353.1363891601563,2342.551103515625,2321.904532877604,0
2023-09-13,2393.38671875,2414.529739676136,2366.566079893387,2412.8167518267514,192012,Information Technology,-0.009359000995156741,-0.0014381532808789288,-0.008262169623863502,0.004591451750211029,2412.73857421875,2415.4499755859374,2384.466129557292,2359.5356201171876,2346.660322265625,2326.8150960286457,0
2023-09-14,2409.88037109375,2464.304541621228,2396.176467332728,2396.176467332728,256894,Information Technology,0.006891344476234185,-0.00689662175191097,0.020614698227642503,0.012511963089015143,2411.466064453125,2418.6948486328124,2384.3388834635416,2365.5090576171874,2350.522861328125,2335.101066080729,1
2023-09-15,2440.42041015625,2475.0718524629383,2417.760122413543,2417.760122413543,618418,Information Technology,0.01267284444025707,0.009007539876576987,0.00436931014809816,0.009007539876576987,2416.75185546875,2424.5630615234377,2390.933056640625,2375.4003295898438,2356.170830078125,2343.4702392578124,1
2023-09-18,2431.464111328125,2447.1257159099487,2403.077453023569,2428.576550778775,211576,Information Technology,-0.0036699819387068233,0.0044737392535181275,-0.011291040510674644,-0.006072839589775669,2418.229931640625,2423.7408447265625,2400.9466959635415,2383.5786376953124,2362.2142578125,2350.659903971354,0
2023-09-20,2430.19140625,2444.923149934326,2399.994020189572,2418.689916104177,234752,Information Technology,-0.0005234315703840364,-0.00407095863271334,-0.0009000624533929136,-0.0012831183739488994,2421.068603515625,2419.903759765625,2412.15126953125,2389.16787109375,2366.72283203125,2355.637353515625,0
2023-09-21,2435.477294921875,2442.231265757377,2404.4475521872846,2416.5854381368285,187645,Information Technology,0.0021750915003158067,-0.0008700900240813381,-0.0011010097299054555,0.001855642955877368,2429.48671875,2421.112646484375,2420.1288899739584,2395.7212768554687,2373.52583984375,2360.4647216796875,1
2023-09-22,2433.421630859375,2442.818688500196,2395.3444531435266,2414.9214574143184,172477,Information Technology,-0.000844049774878286,-0.0006885668912219867,0.000240527074996999,-0.003785942028752931,2434.194970703125,2422.830517578125,2423.8615559895834,2396.8029052734373,2379.246240234375,2364.468212890625,0
2023-09-25,2440.6650390625,2466.7025504637927,2420.9902930581584,2427.548541726272,565639,Information Technology,0.0029766350850455314,0.005228776394853751,0.00977717342512241,0.010706535288056651,2434.243896484375,2425.4978759765627,2427.790006510417,2401.7607666015624,2387.16904296875,2369.1830078125,1
2023-09-26,2389.81396484375,2439.784319360683,2362.9445724921525,2439.784319360683,435785,Information Technology,-0.02083492548337673,0.005040384331804093,-0.010912637641716572,-0.023976023667853452,2425.9138671875,2422.0718994140625,2424.465185546875,2407.1884887695314,2392.04568359375,2372.830859375,0
2023-09-27,2417.760009765625,2423.094695594991,2383.5002525422256,2389.422344086262,217869,Information Technology,0.011693816059737516,-0.020641978421936047,-0.0068406144072871156,0.008699179950883762,2423.427587890625,2422.248095703125,2421.078369140625,2414.970349121094,2396.019814453125,2376.173624674479,1
2023-09-28,2335.341064453125,2426.814576053569,2315.9597809590578,2414.5789474559406,301535,Information Technology,-0.034088968706405876,0.010528320132244584,0.0015351775006318125,-0.028336674817269092,2403.400341796875,2416.4435302734373,2415.208544921875,2415.9467529296876,2397.25708984375,2378.504923502604,0
2023-09-29,2326.335693359375,2364.657586598215,2292.7610806378125,2347.6744384864187,317769,Information Technology,-0.0038561267263369503,-0.027708561378791963,-0.02561258287661694,-0.010016883933812726,2381.983154296875,2408.0890625,2409.2147298177083,2413.391955566406,2393.838955078125,2379.702392578125,0
2023-10-03,2329.4189453125,2334.557909263709,2276.80574295488,2326.335662532622,275795,Information Technology,0.0013253684590432968,-0.00908932499497428,-0.012728979242109695,-0.006959005810799113,2359.733935546875,2396.988916015625,2403.5765625,2410.775988769531,2393.355400390625,2382.5965250651043,1
2023-10-04,2375.963134765625,2407.971488463192,2295.1590030788893,2316.9384199969,591301,Information Technology,0.019981029838701314,-0.004039504138234062,0.03144645883838315,0.008060968829159076,2356.96376953125,2391.438818359375,2400.369189453125,2407.5898315429686,2397.143544921875,2386.198697916667,1
2023-10-05,2418.9345703125,2427.597490187192,2368.86647809328,2388.492472430082,495274,Information Technology,0.018085901636312185,0.030883018648928173,0.008150429445709761,0.03211432189034147,2357.198681640625,2390.313134765625,2400.5649576822916,2405.108447265625,2403.416015625,2389.549625651042,1
2023-10-06,2438.31591796875,2443.699594222796,2404.5455851024626,2426.5207249258283,551243,Information Technology,0.008012348863882801,0.015921445403198398,0.006632938162397961,0.015061679220477187,2377.79365234375,2390.5969970703127,2403.560237630208,2405.8548217773437,2408.3161328125,2394.01318359375,1
2023-10-09,2422.654296875,2446.1467021780304,2402.0984422348483,2409.5377995049835,365316,Information Technology,-0.006423130398458321,-0.006998879196205454,0.0010013947545024493,-0.0010177153150165985,2397.057373046875,2389.520263671875,2404.411832682292,2406.175390625,2410.1250390625,2394.3753580729167,0
2023-10-10,2427.744384765625,2439.294865713302,2401.853842995191,2424.66110201498,232512,Information Technology,0.0021010376499819294,0.0062764329794300355,-0.0028010734019457972,-0.0001018273170477757,2416.7224609375,2388.2281982421873,2403.5667643229167,2406.863037109375,2411.965283203125,2397.2499104817707,1
2023-10-11,2411.985107421875,2492.054870368572,2406.992875326688,2430.485282405924,571092,Information Technology,-0.006491324804473342,0.002402059564573289,0.021629203339401215,0.002139610762113886,2423.92685546875,2390.4453125,2402.2681640625,2406.2586059570312,2410.857236328125,2401.607430013021,0
2023-10-12,2403.909423828125,2451.921836246024,2393.288803282023,2412.914798114583,353126,Information Technology,-0.003348148199132983,-0.007229208264922349,-0.01610439424899679,-0.0056934410505080635,2420.921826171875,2389.06025390625,2400.5160319010415,2405.6541748046875,2408.271123046875,2406.3336507161457,0
2023-10-13,2325.94384765625,2409.3908290076747,2300.2980196580365,2373.3690930746297,721304,Information Technology,-0.03243282604538322,-0.016389184181245686,-0.017345988199797602,-0.03885481079277353,2398.447412109375,2388.1205322265623,2393.213802083333,2402.28203125,2404.37333984375,2406.671346028646,0
2023-10-16,2309.59716796875,2335.830402499312,2298.340390078672,2310.086593094405,332215,Information Technology,-0.007027976923850376,-0.02666357296253663,-0.030530715740567094,-0.0008510330238233887,2375.835986328125,2386.4466796875,2384.958837890625,2397.26787109375,2400.107509765625,2404.410196940104,0
2023-10-17,2242.30126953125,2321.73487383016,2239.0220255161184,2319.826163587567,756678,Information Technology,-0.029137504743602327,0.004216106237002748,-0.006034482920536655,-0.025809216432263637,2338.74736328125,2377.734912109375,2371.734586588542,2387.3619140625,2393.23990234375,2399.7622965494793,0
2023-10-18,2207.5029296875,2254.292017179481,2193.945997764192,2243.5246649480546,428758,Information Technology,-0.015519029631118508,-0.03289104150869371,-0.029048474660424373,-0.02013201622772609,2297.850927734375,2360.8888916015626,2359.580517578125,2376.163854980469,2384.5770703125,2392.0228515625,0
2023-10-19,2212.88671875,2261.1440840093446,2181.172066149545,2202.951484274743,676044,Information Technology,0.0024388593057325103,-0.018084570812708645,0.0030395648734262704,-0.005822354619331782,2259.64638671875,2340.2841064453123,2345.922298177083,2365.298620605469,2376.4526171875,2383.5003336588543,1
2023-10-20,2123.8603515625,2268.485477472563,2088.5727518952817,2158.364823226322,1454070,Information Technology,-0.04023087419395266,-0.02023951111347322,0.003246760573612395,-0.042453924516707375,2219.2296875,2308.8385498046873,2331.823583984375,2349.7177734375,2365.6715625,2373.516064453125,0
2023-10-23,2076.2880859375,2165.167735308847,2066.4018419238,2126.062716111337,1011372,Information Technology,-0.022398961207596213,-0.014966008881992399,-0.0455448109276978,-0.010615340045666444,2172.56787109375,2274.2019287109374,2315.153743489583,2331.8610961914064,2352.32787109375,2362.1842366536457,0
2023-10-25,2082.601806640625,2117.20401824854,2077.120149862588,2084.9509515585823,460043,Information Technology,0.0030408693022356825,-0.01933704224302002,-0.022152425550284516,0.005186942694945129,2140.627978515625,2239.6876708984373,2298.699267578125,2313.9579345703123,2338.015126953125,2351.1379150390626,1
2023-10-26,2060.822509765625,2075.1135803090824,2025.339187508596,2065.4230582352507,751490,Information Technology,-0.010457734553746212,-0.009366116410908232,-0.01988019934624763,-0.02492920900960749,2111.29189453125,2204.5714111328125,2277.689892578125,2297.5083618164062,2323.189462890625,2339.029541015625,0
2023-10-27,2069.5830078125,2099.633660897998,2061.801196585011,2066.303764079932,348807,Information Technology,0.0042509716413527965,0.0004264045766169122,0.01181625951542542,0.018002914919780677,2082.63115234375,2171.13876953125,2254.3997884114583,2280.09951171875,2308.765126953125,2327.482373046875,1
2023-10-30,2099.584716796875,2107.660231054964,2059.500848365785,2082.014403267122,526663,Information Technology,0.01449649947410725,0.0076032573043225415,0.0038228431494724546,-0.0011156983626919859,2077.776025390625,2148.5028564453123,2231.8177083333335,2268.3116943359373,2295.329423828125,2317.688972981771,1
2023-10-31,2078.490478515625,2120.238584125512,2072.764348068168,2113.337642222786,101591,Information Technology,-0.010046862178265115,0.01504467928104214,0.005967922573674178,0.0064401525801303094,2078.21650390625,2125.3921875,2208.8734537760415,2255.91943359375,2281.132177734375,2306.642643229167,0
2023-11-01,2096.843994140625,2117.74254283502,2077.2669888914,2089.453865840734,136042,Information Technology,0.008830213953208599,-0.011301448431558447,-0.0011772454803814503,0.0021722878567591586,2081.06494140625,2110.8464599609374,2186.813427734375,2244.2906860351563,2267.3793359375,2295.1900960286457,1
2023-11-02,2141.4306640625,2148.576318749436,2114.3165596805384,2123.12621201254,258257,Information Technology,0.021263703950540336,0.01611538149862768,0.014559737688009555,0.01783572886262008,2097.186572265625,2104.2392333984376,2168.77646484375,2232.5640625,2257.44400390625,2285.522314453125,1
2023-11-03,2163.454833984375,2168.1533631084308,2145.639806742068,2153.470608956455,190656,Information Technology,0.010284792448097768,0.01429231892679228,0.009111635545899333,0.014814833151693296,2115.9609375,2099.296044921875,2152.746158854167,2219.790075683594,2247.271796875,2276.631095377604,1
2023-11-06,2145.345947265625,2175.88602587706,2135.9001383748578,2173.047455872392,584057,Information Technology,-0.008370355800494944,0.009090835433051891,0.003566474078910753,-0.0045392839639747384,2125.11318359375,2101.4446044921874,2140.706298828125,2205.1415771484376,2239.6719921875,2266.9600504557293,0
2023-11-07,2155.721923828125,2161.301322381242,2137.1237693329967,2145.6397185958704,116702,Information Technology,0.004836505075428432,-0.012612581102384945,-0.006702880262278166,0.0005728877189314918,2140.55947265625,2109.38798828125,2130.44794921875,2191.794958496094,2232.84744140625,2257.7033935546874,1
2023-11-08,2136.046875,2171.481204715896,2130.0760321205416,2163.25895856378,651524,Information Technology,-0.009126895547448943,0.008211648868730048,0.004710070839839542,-0.0032977674543644975,2148.400048828125,2114.7324951171877,2123.364322916667,2177.2100830078125,2225.11255859375,2247.549454752604,0
2023-11-09,2147.254638671875,2152.8830273036124,2134.921269578153,2141.675240345399,80818,Information Technology,0.005246965224896982,-0.009977408452620518,-0.00856474252316497,0.0022746781732423393,2149.56484375,2123.3757080078126,2119.3477701822917,2163.9735595703123,2215.96421875,2239.464143880208,1
2023-11-10,2155.6240234375,2159.34370227038,2127.433087779254,2141.136991601459,279561,Information Technology,0.003897714139205144,-0.00025132136460281895,0.003000941010185443,-0.003507474446764247,2147.998681640625,2131.9798095703127,2115.5302571614584,2151.559289550781,2205.431796875,2230.726277669271,1
2023-11-13,2105.8984375,2167.712977262907,2098.7530214996023,2162.2803103084907,616964,Information Technology,-0.023067838081616943,0.009874808940280477,0.003875841990196971,-0.013481066193997138,2140.1091796875,2132.611181640625,2114.332796223958,2140.557019042969,2192.13509765625,2223.078190104167,0
2023-11-15,2221.060302734375,2224.486278756184,2163.30813550959,2170.062106933165,1140405,Information Technology,0.054685384244402835,0.003598884283214865,0.02619041454693094,0.03075879503147161,2153.17685546875,2146.8681640625,2123.98427734375,2136.13017578125,2184.071337890625,2219.5690104166665,1
2023-11-16,2315.519287109375,2343.367529292385,2204.370791965936,2221.0602367431616,996633,Information Technology,0.042528779726831445,0.023500769700121493,0.05344211455539871,0.018981418218849022,2189.071337890625,2168.735693359375,2139.512109375,2139.7910766601562,2179.582333984375,2219.1056884765626,1
2023-11-17,2276.21826171875,2320.5602255656577,2263.7379211082325,2315.5192424000966,232706,Information Technology,-0.01697287757844035,0.04252879057230996,-0.009732704512473211,0.026931553148257237,2214.8640625,2182.214453125,2153.871826171875,2143.226843261719,2174.15166015625,2215.780859375,0
2023-11-20,2299.759765625,2318.798355966598,2265.548995791173,2280.476462710946,369610,Information Technology,0.010342375466434461,-0.015133875394975127,-0.0007592432118972425,0.0008000372596372873,2243.6912109375,2195.8449462890626,2169.216943359375,2147.5704956054688,2169.985673828125,2211.8083658854166,1
2023-11-21,2286.692138671875,2321.588054097614,2270.3451485006526,2317.3789502749464,261045,Information Technology,-0.005682170437299461,0.016181919948488277,0.0012030792258574952,0.0021169935933362805,2279.849951171875,2209.9795654296877,2181.690771484375,2155.7120849609373,2168.41560546875,2206.7542399088543,0
2023-11-22,2302.206787109375,2331.572294474389,2280.721072016062,2285.6153232435645,336105,Information Technology,0.006784756100360223,-0.013706703872326642,0.004300608094167435,0.00457019652816304,2296.079248046875,2224.6280517578125,2196.605192057292,2167.008020019531,2168.119990234375,2202.739322916667,1
2023-11-23,2302.598388671875,2325.992813116164,2285.615241925825,2305.143255833368,445931,Information Technology,0.00017009834420300685,0.008543840422845506,-0.002393012376861514,0.0021458870923820594,2293.495068359375,2241.283203125,2210.3221516927083,2178.007849121094,2170.531875,2198.5677897135415,1
2023-11-24,2270.34521484375,2314.6871797568274,2238.630561767665,2300.493850878108,118966,Information Technology,-0.014007294535947512,-0.0020169700705127136,-0.004860562464159335,-0.020556688324571915,2292.320458984375,2253.5922607421876,2218.916455078125,2188.483984375,2173.04556640625,2193.8464599609374,0
2023-11-28,2251.159912109375,2285.566403713343,2225.31812144165,2285.566403713343,561736,Information Technology,-0.008450390103205252,-0.006488801158528235,-0.01258086893907795,-0.005946689263235605,2282.60048828125,2263.145849609375,2224.763460286458,2197.5628295898437,2174.576494140625,2188.7548095703123,0
2023-11-29,2295.257080078125,2326.090862627691,2256.983940116233,2263.0527638067574,399458,Information Technology,0.019588643050875154,-0.009850354761081426,0.017730597915907476,0.01422979409976155,2284.3134765625,2282.0817138671873,2234.757535807292,2207.3464477539064,2181.43236328125,2187.7319173177084,1
2023-11-30,2304.849609375,2318.406780715436,2278.9590684645223,2300.200070760519,572518,Information Technology,0.004179283174915005,0.016414688843257252,-0.0033034315364510736,0.009736501867690484,2284.842041015625,2290.46064453125,2244.6993815104165,2218.664404296875,2190.57482421875,2187.573665364583,1
2023-12-01,2324.965087890625,2334.557868226349,2290.509606561701,2316.889573252106,249951,Information Technology,0.008727458153367174,0.007255674279702529,0.006966459745225917,0.005068339426105073,2289.315380859375,2291.405224609375,2257.2939290364584,2230.070458984375,2200.26935546875,2190.3291259765624,1
2023-12-04,2321.147705078125,2351.3940829870608,2311.995359415337,2329.663654675844,344086,Information Technology,-0.0016419097354977152,0.005513461483538817,0.007211735887919124,0.009380337367756564,2299.47587890625,2295.8981689453126,2268.8868001302085,2239.0563110351563,2210.68236328125,2194.11728515625,0
2023-12-05,2294.326904296875,2333.2851903258083,2276.365146387031,2315.0297295584824,327395,Information Technology,-0.011554973741038754,-0.0062815613266705705,-0.007701343127583304,-0.01541102272684336,2308.10927734375,2295.3548828125,2278.1336588541667,2245.5999145507812,2219.672119140625,2196.8319580078123,0
2023-12-06,2333.921630859375,2354.0368118125566,2300.934187076961,2301.2768802467426,698387,Information Technology,0.01725766563097264,-0.005940679351173039,0.008893735567682803,0.010793101769689617,2315.8421875,2300.07783203125,2293.335205078125,2255.028698730469,2229.045595703125,2203.8340006510416,1
2023-12-07,2345.56982421875,2366.46837186888,2290.509499706573,2337.494309956964,584528,Information Technology,0.004990824544132577,0.015737971393663175,0.005280953974016622,-0.004530632570430404,2323.98623046875,2304.4141357421877,2301.63583984375,2264.52109375,2239.72876953125,2212.81005859375,1
2023-12-08,2375.718505859375,2403.0773220770093,2351.1982597266706,2359.029061590873,529468,Information Technology,0.012853457325947115,0.009212750397799008,0.015469866676991906,0.026495746919134033,2334.1369140625,2311.7261474609377,2305.64912109375,2276.504675292969,2250.88375,2222.580615234375,1
2023-12-11,2381.73828125,2418.6898766476097,2370.7752067022884,2387.415660258828,484192,Information Technology,0.0025338756994055522,0.012033170396303694,0.006496900631189906,0.008326370136856776,2346.255029296875,2322.8654541015626,2312.6837890625,2288.228857421875,2260.4960546875,2233.2778076171876,1
2023-12-12,2381.640625,2412.523159026013,2371.2157265119263,2394.267697560641,270763,Information Technology,-4.100209110668995e-05,0.0028700646543760033,-0.002549610713277417,0.00018581255970295807,2363.7177734375,2335.913525390625,2318.142513020833,2299.5296875,2269.223486328125,2243.679728190104,0
2023-12-13,2374.347900390625,2394.169617010345,2333.5788850080653,2393.288747418087,290960,Information Technology,-0.003062059209447243,-0.00040887246799981014,-0.007607612779592099,-0.015872381868529906,2371.80302734375,2343.822607421875,2323.98623046875,2312.9521606445314,2278.383564453125,2252.8385009765625,0
2023-12-14,2545.989501953125,2564.587656715566,2408.2163291734623,2409.048447477364,2057224,Information Technology,0.07228999656464064,0.006584955566384831,0.0711804370477418,0.03198411017724778,2411.886962890625,2367.9365966796877,2340.2384114583333,2329.198620605469,2293.994267578125,2268.4218017578123,1
2023-12-15,2602.664794921875,2621.165207754411,2522.497056245544,2545.0106116563493,1714328,Information Technology,0.02226061534239321,0.05643811950787381,0.022061071256695985,0.047454510497113356,2457.276220703125,2395.7065673828124,2360.2428385416665,2343.5558959960936,2312.658984375,2285.2824951171874,1
2023-12-18,2623.36767578125,2662.423705395768,2550.639053981855,2602.664849485372,1133495,Information Technology,0.00795449375569568,0.022653830033148692,0.015740517812192323,0.011156404589901525,2505.602099609375,2425.928564453125,2383.7776692708335,2360.913366699219,2331.703505859375,2301.347062174479,1
2023-12-19,2617.98388671875,2632.862362170842,2570.901095851241,2623.3675628938367,583786,Information Technology,-0.0020522434244359955,0.007954429250680572,-0.01110317007958428,0.00794390795426514,2552.870751953125,2458.2942626953127,2408.232600911458,2376.824572753906,2350.197900390625,2316.4980305989584,0
2023-12-20,2568.307373046875,2666.045428618742,2544.0318386799768,2623.318710143262,700630,Information Technology,-0.018975102911781838,-1.8622152406666537e-05,0.012603418592888271,-0.010451299435292882,2591.662646484375,2481.7328369140623,2426.4359537760415,2390.9053344726562,2368.6942578125,2330.596744791667,0
2023-12-21,2588.4228515625,2595.812980046349,2513.6385462626254,2520.5394885801816,214168,Information Technology,0.007832192800101279,-0.03917908303161055,-0.02634330526347406,-0.011946899388303844,2600.14931640625,2506.0181396484377,2445.3408365885416,2405.2161376953127,2383.388759765625,2345.0201090494793,1
2023-12-22,2680.4833984375,2705.737782394889,2580.249229571544,2603.7416353036056,581801,Information Technology,0.03556627033308235,0.03300965809120959,0.0423469653605697,0.026499706335247897,2615.713037109375,2536.49462890625,2469.042057291667,2424.110388183594,2397.98732421875,2363.1679931640624,1
2023-12-26,2656.6484375,2694.578882812744,2637.365136323522,2686.9438034446944,555288,Information Technology,-0.00889203826123075,0.03195484798221426,-0.004124161496635637,0.02213581002074827,2622.369189453125,2563.98564453125,2491.4087727864585,2443.4255493164064,2413.20453125,2380.1477864583335,0
2023-12-27,2681.755859375,2699.913578476772,2642.3081483102555,2676.910598654709,617837,Information Technology,0.009450788264113275,-0.0037340582922213983,0.0019797882697201175,0.0018742236024338332,2635.123583984375,2593.99716796875,2517.237369791667,2464.9553466796874,2428.484375,2397.685514322917,1
2023-12-28,2670.841796875,2681.658139525684,2648.4259836076944,2657.5783286914507,567882,Information Technology,-0.004069745000032765,-0.007221858650406032,-0.0067614901071711975,0.002315337558698838,2655.63046875,2623.6465576171877,2539.6987141927084,2483.734582519531,2443.850361328125,2416.5169596354167,0
2023-12-29,2681.804931640625,2729.523880602202,2648.8177265128643,2673.239992083419,428126,Information Technology,0.004104748839280692,0.0058932085737168904,0.01784930762464154,0.0001479153684469381,2674.306884765625,2637.2281005859377,2562.1143880208333,2502.5823486328127,2459.034287109375,2431.8751139322917,1
2024-01-01,2678.96630859375,2716.309348734155,2663.451437083112,2682.049591182553,252020,Information Technology,-0.0010584748403525968,0.003295476322822788,-0.0048413322052093255,0.005524619691183119,2674.003466796875,2644.858251953125,2582.330908203125,2520.2824096679688,2474.08900390625,2443.9900146484374,0
2024-01-02,2616.809326171875,2692.5232471563245,2597.7217469187544,2678.134196745547,355638,Information Technology,-0.02320185297683064,-0.0014598516186569155,-0.008756771974044453,-0.024678388818810904,2666.03564453125,2644.2024169921874,2598.0023111979167,2535.0654907226562,2487.947568359375,2455.343050130208,0
2024-01-03,2524.1611328125,2602.7138666488463,2516.6240335606976,2596.889755362322,646613,Information Technology,-0.03540502261007672,-0.03033620999349207,-0.033355099385800724,-0.031218783710861064,2634.51669921875,2634.8201416015627,2607.5036783854166,2546.5572021484377,2498.8676171875,2462.823095703125,0
2024-01-04,2543.689208984375,2585.143614331736,2526.9020221118426,2537.1309598407524,535052,Information Technology,0.007736461796365779,-0.023011679798179085,-0.006750742961896594,0.0040840381455797825,2609.086181640625,2632.3583251953123,2618.7930989583333,2557.0455810546873,2508.80490234375,2471.3896647135416,1
2024-01-05,2581.7666015625,2625.2764486752094,2546.91943603398,2546.91943603398,395701,Information Technology,0.014969357279825957,0.003858088663204917,0.015524411920862624,0.00792172143873171,2589.078515625,2631.6927001953127,2621.1782389322916,2568.855419921875,2519.88158203125,2480.7083251953127,1
2024-01-08,2525.23779296875,2579.1722955856885,2504.53496785894,2564.587523201072,380035,Information Technology,-0.02189539850718436,0.0069370420269767585,-0.01756163740880945,-0.01664146402724087,2558.3328125,2616.1681396484373,2616.0164388020835,2576.3313842773437,2527.892490234375,2488.129638671875,0
2024-01-09,2501.500732421875,2588.765134115159,2493.522959726968,2568.11153781892,268767,Information Technology,-0.009399930815611968,0.0013741058107656912,0.003719347693788677,-0.004396827464296038,2535.27109375,2600.653369140625,2607.8919759114583,2582.3195068359373,2535.106611328125,2495.834822591146,0
2024-01-10,2505.269287109375,2524.454848004951,2464.7449814953343,2509.772093945209,474287,Information Technology,0.001506517523123474,-0.022716865297548017,-0.024842070554302764,-0.011541092140088027,2531.492724609375,2583.0047119140627,2600.3776692708334,2588.500939941406,2543.544306640625,2504.305135091146,1
2024-01-11,2524.259033203125,2542.7592070493088,2507.618579212148,2525.38461538226,274861,Information Technology,0.007579922123126526,0.0062206928966643815,0.007250816570882002,0.017394739836655404,2527.606689453125,2568.346435546875,2597.44111328125,2595.9964965820313,2551.157802734375,2511.9385335286456,1
2024-01-12,2622.92724609375,2680.0920055519305,2556.0717256981825,2564.587675144652,1571702,Information Technology,0.03908799041333766,0.015523599662247145,0.05400936043094173,0.01932237497668332,2535.838818359375,2562.4586669921873,2599.74140625,2599.8433837890625,2562.252099609375,2522.541121419271,1
2024-01-15,2570.31396484375,2704.4164459784865,2541.9273082531854,2667.366869285821,1442698,Information Technology,-0.020058993755299737,0.040076303546678904,0.009075972159227064,-0.005533654358284346,2544.854052734375,2551.5934326171873,2592.39677734375,2598.2258422851564,2570.03591796875,2530.719417317708,0
2024-01-16,2548.4365234375,2583.1367156097613,2531.502366997767,2557.7356004387125,691337,Information Technology,-0.00851158329507029,-0.04110093369963086,-0.04484506465306792,-0.0041011956642389436,2554.2412109375,2544.75615234375,2585.182649739583,2594.479284667969,2576.70384765625,2538.2957112630206,0
2024-01-17,2571.439697265625,2587.39500469768,2496.0192350528746,2500.962476784801,379998,Information Technology,0.009026386812686527,-0.022196635040843793,0.001648495436647357,-0.014016629969409555,2567.47529296875,2549.4840087890625,2577.8282389322917,2592.1520751953126,2584.295810546875,2547.5328043619793,1
2024-01-18,2460.927490234375,2559.693384110749,2428.136007110968,2559.693384110749,692100,Information Technology,-0.04297678345277345,0.023483322069450363,-0.010706374765598659,-0.027196596479941992,2554.808984375,2541.2078369140627,2563.833951822917,2586.7830810546875,2587.758994140625,2551.7663330078126,0
2024-01-19,2495.13818359375,2517.945441355276,2461.808286040995,2489.1181113966923,435734,Information Technology,0.013901544639219221,-0.02757176822511298,-0.016309743586721104,0.013867542358177332,2529.251171875,2532.5449951171877,2551.389501953125,2582.11884765625,2585.72494140625,2556.751944986979,1
2024-01-23,2479.623291015625,2545.010532491993,2458.2843087554643,2545.010532491993,293638,Information Technology,-0.006218049437157425,0.022454708291820946,0.010748879102856712,-0.0014314588611600287,2511.113037109375,2527.983544921875,2538.0999674479167,2572.0758422851563,2580.80328125,2560.215437825521,0
2024-01-24,2511.485107421875,2545.0107295320568,2449.08340203431,2479.623482993271,234273,Information Technology,0.01284945843253471,-0.025692251039408198,7.742210139660699e-08,-0.003742816357076406,2503.72275390625,2528.981982421875,2531.0783528645834,2564.81767578125,2576.327978515625,2564.54033203125,1
2024-01-25,2469.0517578125,2530.229898011401,2439.588508878975,2520.4903858871585,534988,Information Technology,-0.016895720179258555,0.016481092058603597,-0.005807767860913304,-0.003876917032489824,2483.245166015625,2525.3602294921875,2527.40439453125,2554.182470703125,2570.370693359375,2567.454036458333,0
2024-01-29,2528.076416015625,2542.465466457716,2461.9062845137373,2469.051699939798,557540,Information Technology,0.02390580027994993,-0.020408205575938143,0.00483575364275457,0.009148172141955957,2496.674951171875,2525.7419677734374,2526.3635416666666,2547.0442016601564,2568.761455078125,2572.5783203125,1
2024-01-30,2548.4365234375,2582.8430127511447,2520.539292433863,2543.933716877651,1047150,Information Technology,0.008053596518242667,0.0303282498862536,0.015881256530765997,0.023816100673266005,2507.334619140625,2518.2928955078123,2524.141536458333,2540.37578125,2567.162001953125,2572.6598876953126,1
2024-01-31,2543.54248046875,2547.017446796275,2497.8792099969214,2532.285702125325,300418,Information Technology,-0.0019204099940258734,-0.004578741448744372,-0.01387059367449106,-0.008990172263912966,2520.11845703125,2515.6157470703124,2525.361848958333,2533.60458984375,2561.684365234375,2570.689143880208,0
2024-02-01,2545.157470703125,2574.3762472754065,2503.899026817677,2539.137637046542,558575,Information Technology,0.0006349373941170189,0.0027058301184048617,0.010741504936899515,0.002409971145387546,2526.8529296875,2515.287841796875,2528.2722981770835,2530.0219970703124,2557.2247265625,2568.082137044271,1
2024-02-02,2506.05224609375,2581.521692461426,2466.751505968767,2471.5967666862566,2414696,Information Technology,-0.015364559976939973,-0.026599924862224844,0.0027756025148157892,-0.01483587015732124,2534.25302734375,2508.7490966796877,2528.324495442708,2529.116552734375,2550.19658203125,2564.351082356771,0
2024-02-05,2447.76171875,2505.856575175477,2439.3437502040333,2505.856575175477,814978,Information Technology,-0.023259901079320633,0.013861406905444795,-0.029310277541694463,-0.011110870186322175,2518.190087890625,2507.43251953125,2523.224674479167,2524.320178222656,2541.27337890625,2560.3328938802083,0
2024-02-06,2524.112060546875,2537.571251265621,2419.717778671956,2445.167884758312,885293,Information Technology,0.031191901242685116,-0.02421874061683471,0.012656221590784167,-0.008045594857402083,2513.3251953125,2510.3299072265627,2516.636995442708,2521.437451171875,2534.9656640625,2558.189200846354,1
2024-02-07,2536.152099609375,2554.7992453449606,2491.17397678273,2537.375662466341,390384,Information Technology,0.004770009719731405,0.03771020316551521,0.006789166637487298,0.02953079848427298,2511.847119140625,2515.9827880859375,2514.3595377604165,2521.9831665039064,2529.253095703125,2553.3781575520834,1
2024-02-08,2542.5634765625,2603.5948840931587,2532.383529744777,2552.8414039942254,429043,Information Technology,0.002527993866815903,0.0060951721720430285,0.019099598074920232,0.01654222199899036,2511.3283203125,2519.090625,2513.9680013020834,2524.0363037109373,2526.28326171875,2549.5753255208333,1
2024-02-09,2534.537109375,2591.995573731401,2496.606660552458,2525.4337538621658,413772,Information Technology,-0.0031568011030943532,-0.010736135072542008,-0.0044551133636898665,-0.014127745174493778,2517.02529296875,2525.63916015625,2511.5078287760416,2525.4996948242188,2526.69830078125,2544.668033854167,0
2024-02-12,2545.989501953125,2596.400289861847,2525.433646689374,2525.433646689374,1173812,Information Technology,0.004518534187470946,-4.243737983244955e-08,0.0016993532608950979,0.011546466887393914,2536.670849609375,2527.43046875,2517.1786295572915,2526.586218261719,2526.7903125,2540.5062906901044,1
2024-02-13,2572.956787109375,2577.263632475708,2498.1237357738864,2559.399616005609,188101,Information Technology,0.010592064553118785,0.013449559191848648,-0.0073704572676491775,-0.010813949101885378,2546.439794921875,2529.8824951171873,2522.3665364583335,2524.0876953125,2526.437919921875,2536.8780192057293,1
2024-02-14,2505.7099609375,2549.6112521902896,2468.2199477758336,2549.6112521902896,460554,Information Technology,-0.026136010720733682,-0.003824476550713829,-0.010729356491503306,-0.011970499126933376,2540.3513671875,2526.0992431640625,2524.105647786458,2520.8574951171877,2525.656806640625,2531.1028076171874,0
2024-02-15,2651.31396484375,2667.367013850018,2519.560621522916,2519.560621522916,1010278,Information Technology,0.0581088817844555,-0.011786357877718867,0.04618577108905053,0.020800688282803348,2562.10146484375,2536.714892578125,2533.4275716145835,2526.0013671875,2531.6493359375,2532.252962239583,1
2024-02-16,2742.689453125,2759.085195069152,2639.078295926881,2651.313924243412,1103339,Information Technology,0.034464227734958275,0.0522921741175888,0.03438528734249813,0.04743591933569902,2603.73193359375,2560.37861328125,2551.6700846354165,2534.563854980469,2541.146142578125,2539.5372395833333,1
2024-02-19,2720.567626953125,2777.5856558814185,2693.795976148735,2760.357795326829,743014,Information Technology,-0.008065742239490303,0.04112823837506685,0.006705287986514152,0.020733632763493492,2638.64755859375,2587.6592041015624,2564.50283203125,2547.545861816406,2548.998486328125,2545.4331868489585,0
2024-02-20,2706.374267578125,2762.3154649793296,2671.967537163498,2720.5675965087416,332331,Information Technology,-0.005217058100075889,-0.014414870016289383,-0.005497648963500024,-0.008103226516970485,2665.3310546875,2605.8854248046873,2575.032014973958,2558.107666015625,2552.3363671875,2549.586775716146,0
2024-02-21,2598.211181640625,2723.3080487960715,2584.1645853679534,2708.429573221192,400996,Information Technology,-0.03996604875876708,-0.004461577541071238,-0.01412127495132054,-0.03286078538542214,2683.831298828125,2612.0913330078124,2578.6765950520835,2564.037060546875,2553.452255859375,2552.019222005208,0
2024-02-22,2641.37841796875,2666.339099425507,2599.190115441832,2624.1995482295592,765173,Information Technology,0.016614213899605934,-0.03109921181796005,-0.020919025078984244,0.0058144632733363455,2681.844189453125,2621.9728271484373,2585.0913248697916,2570.5317260742186,2557.169931640625,2556.6818115234373,1
2024-02-23,2669.912109375,2726.098019646893,2662.47275168386,2681.0709069345926,373872,Information Technology,0.010802576114100626,0.02167188800234432,0.022412348164665863,0.024347059442118235,2667.288720703125,2635.5103271484377,2596.015315755208,2580.574743652344,2561.108828125,2562.1699055989584,1
2024-02-26,2620.3330078125,2667.366807946201,2572.418338085364,2667.366807946201,1081304,Information Technology,-0.018569563165922287,-0.005111427285621639,-0.021544057211963175,-0.033823600088129235,2647.241796875,2642.944677734375,2607.520068359375,2585.1875732421877,2567.485048828125,2565.3723714192706,0
2024-02-27,2632.0302734375,2642.797625908515,2591.799672591153,2620.3330610485004,373642,Information Technology,0.004464037811272359,-0.01763302548325374,-0.009211024882102237,0.0075342856248701295,2632.372998046875,2648.8520263671876,2614.7146158854166,2589.3672607421877,2572.960732421875,2565.6758056640624,1
2024-02-28,2597.7705078125,2678.623631716811,2566.5452813307065,2647.789849732861,371605,Information Technology,-0.01301647856058119,0.010478358302045132,0.013556091263696501,-0.00974395958434493,2632.28486328125,2658.0580810546876,2618.822509765625,2592.078662109375,2577.68662109375,2566.591023763021,0
2024-02-29,2561.993896484375,2598.7495336112925,2526.804037454617,2597.7706833234465,603665,Information Technology,-0.01377204461307524,-0.0188909125150023,-0.029819082143438203,-0.015484333810578343,2616.407958984375,2649.12607421875,2620.11787109375,2592.9204833984377,2579.70697265625,2567.042936197917,0
2024-03-01,2561.895751953125,2604.47573675013,2545.010585568106,2565.5664402976945,316488,Information Technology,-3.8307870828480084e-05,-0.012396876765331633,0.0022034455667148123,0.007205366084434894,2594.8046875,2631.0467041015627,2621.9417805989583,2595.7126586914064,2583.420732421875,2566.7248046875,0
2024-03-04,2545.59814453125,2600.8052049660264,2536.1031055933736,2600.8052049660264,501243,Information Technology,-0.006361541998518128,0.013735276590320034,-0.0014093169432570773,-0.003499977573863,2579.85771484375,2613.549755859375,2621.9156901041665,2600.6044799804686,2584.1216015625,2569.547159830729,0
2024-03-05,2490.390625,2553.4774724414583,2476.4909999891565,2547.457639316909,285581,Information Technology,-0.021687444913429554,-0.02051194205058282,-0.01819733843741911,-0.023505395136634077,2551.52978515625,2591.9513916015626,2616.411279296875,2598.918408203125,2581.799765625,2569.388907877604,0
2024-03-06,2469.8349609375,2481.091739076541,2408.9505217548053,2481.091739076541,447965,Information Technology,-0.008253991906390201,-0.02605181700221071,-0.028347903651449458,-0.027272652408042997,2525.94267578125,2579.11376953125,2614.0196126302085,2595.6025512695314,2578.85146484375,2569.0626302083333,0
2024-03-07,2440.126953125,2502.5286568648166,2433.3237526728512,2500.962400866384,283798,Information Technology,-0.01202833722995944,0.008008837995340912,0.008640114934345133,0.010117779795780546,2501.569287109375,2558.988623046875,2599.940478515625,2590.4807250976564,2574.650244140625,2566.6840250651044,0
2024-03-11,2417.46630859375,2465.7236715974896,2390.401195959235,2465.7236715974896,552199,Information Technology,-0.009286666213095707,-0.014090067590255329,-0.014707118404564734,-0.017639476319774028,2472.6833984375,2533.74404296875,2578.258935546875,2584.6271850585936,2571.106806640625,2564.9645100911457,0
2024-03-12,2375.033447265625,2450.551649975398,2368.377217636835,2408.9505135168583,524536,Information Technology,-0.017552617456252473,-0.023024947496995574,-0.006153171905212695,-0.00921350707137747,2438.570458984375,2509.2140869140626,2555.223323567708,2576.079382324219,2568.19767578125,2559.863077799479,0
2024-03-13,2325.06298828125,2408.754682556305,2298.3893196380304,2387.4646901530014,531757,Information Technology,-0.021039896950464376,-0.00891916344619692,-0.017056146284251006,-0.029550992754709293,2405.504931640625,2478.5173583984374,2529.8025716145835,2563.6846923828125,2560.235712890625,2552.4172932942706,0
2024-03-14,2430.044677734375,2446.0487355523173,2285.664269317225,2314.9807858071845,961391,Information Technology,0.0451521915673907,-0.030360199522436404,0.015482711156137308,-0.005536507767452403,2397.546875,2461.744775390625,2518.5914713541665,2559.9014282226562,2555.991416015625,2548.634033203125,1
2024-03-15,2435.232666015625,2449.083301325564,2403.9094583248107,2416.830233701849,404952,Information Technology,0.002134935348631961,0.043995807014507005,0.0012405990645814047,0.051733402230113246,2396.568017578125,2449.06865234375,2504.848421223958,2549.09736328125,2551.69818359375,2544.969873046875,1
2024-03-18,2409.782470703125,2464.744814075891,2397.204149988824,2437.3370083594,550690,Information Technology,-0.010450827006250663,0.008484987638598396,0.006394846897143092,-0.002789334811577837,2395.03125,2433.85732421875,2487.5064453125,2532.452014160156,2546.707998046875,2541.760880533854,0
2024-03-19,2337.298583984375,2417.368579120551,2320.853852627528,2407.971521494609,320135,Information Technology,-0.030079016508739342,-0.012048184869008827,-0.019221557820014223,-0.03184972684185128,2387.48427734375,2413.0273681640624,2468.637483723958,2513.2885620117186,2538.360361328125,2538.0787760416665,0
2024-03-20,2334.215087890625,2373.711789966057,2316.498042246626,2330.1529550574014,444932,Information Technology,-0.0013192563906377908,-0.03231706261580136,-0.018059632913064783,-0.0018768137321402145,2389.314697265625,2397.409814453125,2448.783138020833,2494.6806030273438,2528.810693359375,2531.748876953125,0
2024-03-21,2385.311279296875,2402.441158327121,2349.48526527706,2372.73295824668,332097,Information Technology,0.021890095592015157,0.01827347990047712,0.012103140946809976,0.01424012558130272,2380.368017578125,2388.9574462890623,2434.619189453125,2484.035607910156,2523.99474609375,2526.720849609375,1
2024-03-22,2338.86474609375,2357.0714567575583,2257.2287289380934,2316.938595575224,885281,Information Technology,-0.019471896018877777,-0.02351480914762738,-0.018884833625292474,-0.039266701393033676,2361.09443359375,2378.8312255859373,2419.7439127604166,2468.9099243164064,2511.49677734375,2519.9308919270834,0
2024-03-26,2327.118408203125,2354.8689074208523,2314.001910898013,2327.5100916758333,548700,Information Technology,-0.005022239062880018,0.004562700159943089,-0.0009344431754036986,0.025151718668151357,2344.56162109375,2369.796435546875,2404.09208984375,2451.7702392578126,2494.873935546875,2513.0169352213543,0
2024-03-27,2356.092529296875,2396.2253891644164,2331.6212732800814,2342.339635620015,526025,Information Technology,0.012450643246865178,0.006371419826370905,0.017562116351036883,0.007614238475382562,2348.32041015625,2367.90234375,2391.4583821614583,2438.558215332031,2480.294931640625,2506.6870361328124,1
2024-03-28,2337.54345703125,2369.79652593536,2326.6781233413185,2369.79652593536,380516,Information Technology,-0.007872811460066242,0.01172199364165949,-0.011029372841372065,-0.0021200483952562577,2348.986083984375,2369.150390625,2381.2685709635416,2423.833874511719,2465.54169921875,2498.8399251302085,0
2024-04-01,2409.6845703125,2416.145077465875,2338.277493337211,2350.2194184301056,542188,Information Technology,0.030861934593879647,-0.008261092161710892,0.019558029992562842,0.00498537802866994,2353.8607421875,2367.1143798828125,2377.258544921875,2414.429577636719,2458.000634765625,2495.6390787760415,1
2024-04-02,2416.242919921875,2420.2073113415386,2396.225479540581,2407.9716828716623,158324,Information Technology,0.0027216631131619096,0.02457313729461652,0.0016812872345910446,0.024782339293984323,2369.336376953125,2365.2154052734377,2375.6662760416666,2407.1420288085938,2448.99521484375,2487.8033772786457,1
2024-04-03,2431.65966796875,2463.7660029701387,2390.058533631749,2403.1752699619133,283686,Information Technology,0.00638046279195037,-0.001991889250138157,0.01799791754387159,-0.0025736083525889075,2390.24462890625,2367.403125,2376.6125,2400.630224609375,2439.4651171875,2477.4357177734373,1
2024-04-04,2461.220947265625,2475.4632660495777,2424.1226187695056,2447.1255994039025,181472,Information Technology,0.012156832506733384,0.01828844112676209,0.004747716733382035,0.014252406231237913,2411.2703125,2379.795361328125,2382.358333333333,2396.4113647460936,2433.100634765625,2468.7908284505206,1
2024-04-05,2457.50146484375,2470.3242593755995,2436.847629552742,2456.914059119254,137970,Information Technology,-0.001511234668308492,0.003999982558204662,-0.002075977755137237,0.005249326368521601,2435.2619140625,2392.1239990234376,2391.187565104167,2394.7669067382812,2426.119482421875,2460.495068359375,0
2024-04-08,2402.294189453125,2480.357495386045,2357.5607816857323,2466.5068602063443,830250,Information Technology,-0.022464798568954336,0.0039044105150869424,0.004061505679817667,-0.03253664566691106,2433.783837890625,2393.8222900390624,2389.3375325520833,2391.3898681640626,2418.3004296875,2453.964501953125,0
2024-04-09,2405.328857421875,2475.5123751863,2388.3946996657064,2411.887106547664,318201,Information Technology,0.0012632374428049875,-0.022144578042694207,-0.001953395915208933,0.013078737235324489,2431.601025390625,2400.468701171875,2387.3439453125,2389.6499633789062,2412.033828125,2446.096183268229,1
2024-04-10,2393.484619140625,2425.8356681802147,2387.464785604342,2412.865902174611,477724,Information Technology,-0.004924165876405429,0.0004058214931743631,-0.020067242444040123,-0.00038934689542502454,2423.966015625,2407.105322265625,2386.257421875,2388.45087890625,2405.2973828125,2436.88193359375,0
2024-04-12,2394.41455078125,2423.6823179545054,2386.975431934043,2399.651495444352,482559,Information Technology,0.00038852626550767155,-0.005476643653652524,-0.0008876735773799549,-0.00020496791125446112,2410.604736328125,2410.9375244140624,2390.065152994792,2389.4199340820314,2399.2500390625,2429.351318359375,1
2024-04-15,2343.6611328125,2405.1329745097178,2336.075043596912,2378.606037919852,540342,Information Technology,-0.02119658768035393,-0.008770214160036982,-0.007653372435560191,-0.021324219619591633,2387.836669921875,2411.5492919921876,2390.694889322917,2390.3498413085936,2393.380859375,2419.739013671875,0
2024-04-16,2259.186279296875,2339.89243112365,2253.3131780508693,2329.61450394314,671182,Information Technology,-0.0360439708338941,-0.020596741619119285,-0.027125545272342677,-0.03542774268869908,2359.215087890625,2396.499462890625,2382.286555989583,2381.806921386719,2384.954912109375,2408.452872721354,0
2024-04-18,2287.03466796875,2340.87143287578,2268.681225386808,2315.323584187987,520011,Information Technology,0.012326734155158947,-0.006134456894462126,0.00041839605065097096,0.006820200354587191,2335.55625,2383.5786376953124,2378.8312174479165,2374.397021484375,2378.831220703125,2399.287565104167,1
2024-04-19,2232.072265625,2275.8758141703115,2225.9054612745954,2251.355567691983,504287,Information Technology,-0.024032168429071188,-0.02762811078885896,-0.027765565332915743,-0.018854902854374966,2303.273779296875,2363.6198974609374,2372.494807942708,2365.511511230469,2371.415458984375,2388.293448893229,0
2024-04-22,2189.981689453125,2250.327711150172,2181.3187692394454,2248.3700106704346,604348,Information Technology,-0.018857174483143058,-0.0013261152811189225,-0.011225613832296588,-0.020030811196095843,2262.38720703125,2336.4959716796875,2361.420751953125,2358.1456665039063,2364.013388671875,2376.4395670572917,0
2024-04-23,2196.099609375,2214.0126174239986,2188.7092419121177,2201.483285953944,475017,Information Technology,0.002793594097767471,-0.02085365153154206,-0.01613769121103359,0.0033880754967552384,2232.87490234375,2310.3557861328127,2351.991162109375,2351.239892578125,2358.854853515625,2366.6298665364584,1
2024-04-24,2196.050537109375,2216.312689500341,2192.6735515404,2207.3073149907023,186524,Information Technology,-2.234519118149425e-05,0.002645502272907274,0.0010388703561312607,0.0018112545752393405,2220.24775390625,2289.7314208984376,2337.7488932291667,2341.77685546875,2349.495087890625,2357.5037190755206,0
2024-04-25,2182.15087890625,2207.3072821759824,2161.741755894844,2196.050504462003,607132,Information Technology,-0.0063293890410285325,-0.005099793061097424,-0.004063238624685606,-0.014106885917342993,2199.27099609375,2267.413623046875,2322.142757161458,2333.941162109375,2339.37181640625,2348.9045166015626,0
2024-04-26,2249.495849609375,2322.2242318246563,2192.624554632744,2192.624554632744,1906257,Information Technology,0.03086173891737487,-0.0015600505645466667,0.05206205342438208,0.014286072170131225,2202.755712890625,2253.01474609375,2309.998502604167,2330.0600341796876,2332.9603515625,2343.3055013020835,1
2024-04-29,2291.341796875,2336.7113644289925,2256.298908698529,2257.522471560996,726584,Information Technology,0.018602366958308192,0.029598280650068753,0.006238472756333824,0.029040244911628266,2223.027734375,2242.707470703125,2298.6732259114583,2326.8224975585936,2331.122080078125,2340.5157796223957,1
2024-04-30,2265.8916015625,2321.343372750623,2259.2353720530973,2291.439449754892,383386,Information Technology,-0.01110711433240108,0.015023982538895142,-0.006576760789677061,0.0013014513915898807,2236.9861328125,2234.930517578125,2285.899235026042,2323.2399047851563,2328.389140625,2338.5434000651044,0
2024-05-02,2270.34521484375,2285.81109686564,2253.313315780133,2261.2908498693946,213301,Information Technology,0.0019655014733179765,-0.01315705718897453,-0.015306772923852185,-0.002621265737169587,2251.845068359375,2236.0464111328124,2277.10263671875,2316.2729370117186,2323.790498046875,2333.2200846354167,1
2024-05-03,2243.4267578125,2300.200071437612,2237.6516370173404,2285.370585969482,270305,Information Technology,-0.011856548006556222,0.010648668260201166,0.00629490975509861,-0.006950510900154305,2264.100244140625,2231.6856201171877,2266.3091634114585,2307.63212890625,2319.972978515625,2326.826554361979,0
2024-05-06,2250.5234375,2298.5850799558857,2231.778550963236,2257.2286572461503,319574,Information Technology,0.003163321317616763,-0.012313945447667285,-0.0007021091346707253,-0.0026246650537314897,2264.30576171875,2233.5307373046876,2256.77841796875,2298.5753173828125,2316.9091796875,2321.517919921875,1
2024-05-07,2238.434814453125,2260.9483703535657,2207.307328499702,2251.355590044042,407563,Information Technology,-0.005371471740949207,-0.0026018928934180563,-0.016373859697654702,-0.010964897235423265,2253.724365234375,2238.3760498046877,2246.3797688802083,2287.4360107421876,2312.20287109375,2318.2224609375,0
2024-05-08,2231.48486328125,2255.956119489048,2209.8034258719854,2231.7785661511657,317405,Information Technology,-0.003104826250467818,-0.008695660507584746,-0.002208033995812597,0.0011308336361026683,2246.843017578125,2241.9145751953124,2238.9013509114584,2276.1351806640623,2307.96052734375,2314.7981201171874,0
2024-05-09,2201.77685546875,2248.320992618447,2188.9048315870564,2232.75736958744,150257,Information Technology,-0.013313111955783663,0.0004385755160118965,-0.0033844305767483096,-0.009457218701107939,2233.129345703125,2242.48720703125,2235.0740559895835,2266.1093139648438,2299.64421875,2308.6803059895833,0
2024-05-10,2184.010498046875,2202.1682168827097,2164.971909630107,2202.1682168827097,168817,Information Technology,-0.008069099907988875,-0.013700168733686624,-0.020527663037112176,-0.010933742578290606,2221.24609375,2242.6731689453127,2228.205777994792,2255.0433959960938,2290.354921875,2303.5184977213544,0
2024-05-13,2206.964599609375,2221.0111961543016,2148.576278342306,2184.01060926032,334981,Information Technology,0.01051006924326936,-0.00824533179762843,0.00855655763584906,-0.007573138115497313,2212.534326171875,2238.4200439453125,2226.53193359375,2245.717395019531,2281.367119140625,2299.5133707682294,1
2024-05-14,2253.3623046875,2267.996068382069,2193.7501800476834,2206.9646586506865,293562,Information Technology,0.021023311876564366,0.010510044819855846,0.021154721015869793,0.021025039772025522,2215.51982421875,2234.6220947265624,2230.7573079427084,2238.6647827148436,2273.0527734375,2296.0890299479165,1
2024-05-15,2226.248046875,2273.8690134909334,2222.038943221633,2270.932462892365,299045,Information Technology,-0.012032799943487271,0.02898451680725489,0.0025894864593190015,0.012895161642030972,2214.4724609375,2230.6577392578124,2232.7672037760417,2232.7941284179688,2263.80263671875,2292.379182942708,0
2024-05-16,2320.804931640625,2325.258748033628,2245.8251465489384,2246.461303614892,1074601,Information Technology,0.04247365198067454,-0.010775819923022012,0.02260012966349323,0.01070467437119671,2238.278076171875,2235.7037109375,2241.084163411458,2235.8750610351562,2260.54306640625,2289.4165283203124,1
2024-05-17,2262.710205078125,2338.7668173913585,2256.739123301149,2338.7668173913585,472822,Information Technology,-0.02503214542957366,0.041089296142307496,0.0058092757931365036,0.004859673411788723,2254.018017578125,2237.6320556640626,2246.45478515625,2234.658837890625,2254.8383203125,2284.2987711588544,0
2024-05-21,2322.37109375,2324.769228948653,2263.3953690998287,2263.3953690998287,479405,Information Technology,0.026367003842551417,-0.03222700430460124,-0.00598502952009472,0.002949497232512588,2277.09931640625,2244.8168212890623,2251.313134765625,2239.173779296875,2251.993779296875,2280.6558186848956,1
2024-05-22,2317.47705078125,2360.350741258256,2312.876502215865,2324.769437642853,511687,Information Technology,-0.0021073475216432103,0.027115929183611165,0.015305395420126988,0.021861462558225186,2289.922265625,2252.721044921875,2253.055485026042,2245.548547363281,2248.916279296875,2275.86435546875,0
2024-05-23,2346.35302734375,2368.621870415327,2314.0509692619016,2321.8327809134703,360709,Information Technology,0.012460091698757392,-0.0012632034307713536,0.0035041949539507122,0.0005077949665326376,2313.94326171875,2264.207861328125,2258.419580078125,2253.0612182617188,2249.023955078125,2272.1594075520834,1
2024-05-24,2340.3818359375,2363.923231023234,2330.7890561901017,2346.303927437968,296471,Information Technology,-0.002544881923846609,0.010539581801782605,-0.0019837017680112146,0.007233240386895545,2317.858642578125,2278.068359375,2263.088688151042,2260.277783203125,2252.27177734375,2270.095662434896,0
2024-05-27,2389.520263671875,2428.870236080599,2332.991660043494,2340.920442896504,931304,Information Technology,0.02099590202753876,-0.002294453194451429,0.027474244596874087,0.0009450035161022718,2343.220654296875,2298.6193359375,2272.8282552083333,2270.6462524414064,2256.371201171875,2269.568709309896,1
2024-05-28,2349.632080078125,2409.0484823342663,2343.2695533568085,2400.1408493335766,283240,Information Technology,-0.016692967287272764,0.02529791502174983,-0.008160894498142723,0.004405456517201145,2348.6728515625,2312.886083984375,2279.435498046875,2275.6530639648436,2261.07359375,2268.1069580078124,0
2024-05-29,2314.24658203125,2367.838630404396,2308.177758595373,2349.240476631067,217435,Information Technology,-0.015060016564677814,-0.0212072440318003,-0.017106277533252334,-0.014975568948593865,2348.0267578125,2318.97451171875,2284.4896158854167,2276.798303222656,2266.044189453125,2265.4346923828125,0
2024-05-30,2263.885009765625,2312.925266152228,2254.3412193906643,2312.925266152228,244442,Information Technology,-0.02176154116707041,-0.015458277192174519,-0.023191345705340538,-0.02332426044927771,2331.533154296875,2322.7382080078123,2286.649625651042,2276.6979736328126,2268.75560546875,2262.77548828125,0
2024-05-31,2235.7919921875,2285.615375225772,2227.569506552024,2274.848022280383,377956,Information Technology,-0.012409206941581097,-0.016462807695983295,-0.011807511174750762,-0.011875625840650939,2310.615185546875,2314.2369140625,2288.917301432292,2274.9703125,2270.345263671875,2261.9956787109377,0
2024-06-03,2241.51806640625,2319.875076162345,2221.4516364225674,2317.9173756761325,461553,Information Technology,0.002561094340957748,0.018932848688755666,0.014989267795413319,-0.0027464328773858515,2281.01474609375,2312.1177001953124,2292.7511393229165,2274.8748779296875,2272.719951171875,2260.4784586588544,1
2024-06-04,2227.373779296875,2256.1031301821017,2140.745530794228,2231.7786054919247,514594,Information Technology,-0.006310137456108977,-0.037162140069415206,-0.027489387956931788,-0.036330345574530964,2256.5630859375,2302.61796875,2294.111751302083,2273.717395019531,2271.835068359375,2260.321842447917,0
2024-06-05,2312.142333984375,2373.6629304833896,2222.0391182264925,2222.0391182264925,962817,Information Technology,0.038057624398478485,-0.0043640024335144245,0.05210745853262444,0.03797442819002583,2256.142236328125,2302.0844970703124,2298.030419921875,2277.4027709960938,2272.66708984375,2264.393863932292,1
2024-06-06,2384.77294921875,2422.1159912502408,2349.0449145342072,2358.784426878817,650875,Information Technology,0.03141269210239961,0.06154045963037191,0.020412780662578678,0.0571573179184548,2280.31982421875,2305.9264892578126,2308.5987467447917,2285.067175292969,2277.42234375,2270.6829752604167,1
2024-06-07,2419.668701171875,2503.409383476145,2388.394485115071,2388.394485115071,1327918,Information Technology,0.014632735566946442,0.012553100613536872,0.03356296416834392,0.016751306174435765,2317.095166015625,2313.85517578125,2315.189664713542,2295.961767578125,2283.395283203125,2278.1369140625,1
2024-06-10,2343.954833984375,2395.246489956141,2302.8431247166354,2337.494326937174,33951028,Information Technology,-0.03129100572769772,-0.021311453570637795,-0.04320623475886032,-0.03581961059264194,2337.58251953125,2309.2986328125,2320.6059733072916,2303.958984375,2287.41640625,2283.530379231771,0
2024-06-11,2341.311767578125,2363.727581212547,2333.089521243879,2349.240550025303,783817,Information Technology,-0.001127609784936534,0.005025134372634188,-0.013158941626993492,0.013134371248569199,2360.3701171875,2308.4666015625,2321.868684895833,2310.6763427734377,2291.047939453125,2286.5909098307293,0
2024-06-12,2347.23388671875,2374.6906837637903,2339.4520751011783,2353.645403590286,1109076,Information Technology,0.002529402202061659,0.0018750117202497307,0.0046380567026338415,0.002727093752453724,2367.388427734375,2311.76533203125,2323.852473958333,2315.369921875,2295.39990234375,2288.4539794921875,1
2024-06-13,2404.545654296875,2412.8658814743726,2358.099257436736,2368.768629638212,3107850,Information Technology,0.024416726386922827,0.006425447956118102,0.016075861151767512,0.00797074773790829,2371.34296875,2325.831396484375,2327.731982421875,2324.284802246094,2302.322333984375,2293.07578125,1
2024-06-14,2357.903564453125,2415.802462233889,2344.884808088937,2415.802462233889,1251250,Information Technology,-0.01939746486426719,0.019855815383227338,0.0012170509691662446,-0.005603856286424125,2358.98994140625,2338.0425537109377,2328.90009765625,2326.1397338867187,2308.56740234375,2295.994392903646,0
2024-06-18,2366.2236328125,2383.402262686207,2354.134737219721,2361.9655388404103,578483,Information Technology,0.0035285872097592375,-0.02228531688128821,-0.013411775198590381,0.003944726452606684,2363.443701171875,2350.5131103515623,2327.346988932292,2331.3154052734376,2315.855927734375,2300.0876220703126,1
2024-06-19,2360.3994140625,2381.5426752038607,2338.668986153227,2361.0358101157976,464717,Information Technology,-0.0024613982673638013,-0.00039362501667539185,-0.0007802239309157022,-0.006569611680238618,2367.26123046875,2363.815673828125,2328.0648111979167,2333.2168212890624,2321.9933203125,2303.7501546223957,0
2024-06-20,2369.74755859375,2383.5004529451826,2346.3531322850545,2381.5427523678145,695949,Information Technology,0.003960407918912612,0.008685570190911651,0.0008220628425876786,0.0032856920655826016,2371.76396484375,2369.5761962890624,2331.7648763020834,2335.8303466796874,2326.64873046875,2308.12724609375,1
2024-06-21,2378.361328125,2436.3582038082623,2368.9155190686947,2411.397523134453,1727377,Information Technology,0.003634889083443893,0.012535895371584616,0.022176522264875542,0.00961593822907103,2366.527099609375,2368.9350341796876,2339.396630859375,2337.43076171875,2332.73326171875,2313.023128255208,1
2024-06-24,2343.563232421875,2372.7330178125176,2329.7615872144315,2351.2962928216407,1356536,Information Technology,-0.014631122399958563,-0.02492381688884282,-0.0261148733779345,-0.01652820944398048,2363.659033203125,2361.3244873046874,2346.5813802083335,2337.5898315429686,2333.64359375,2317.7493408203127,0
2024-06-25,2357.364990234375,2363.8742484894924,2329.1740566098465,2344.3952250525804,604516,Information Technology,0.0058892192971626844,-0.002935005592501816,-0.0037335719006398316,-0.00025218486209466207,2361.8873046875,2362.6655029296876,2354.304508463542,2335.982067871094,2337.42978515625,2323.527823893229,1
2024-06-26,2368.279296875,2387.660580498598,2360.2037819465945,2366.860011743614,607685,Information Technology,0.004629875596625421,0.009582337675393404,0.01006243543805474,0.013322201167701664,2363.46328125,2365.362255859375,2363.698209635417,2336.9144287109375,2339.26611328125,2328.90498046875,1
2024-06-27,2390.4501953125,2399.8960042555905,2353.2538873032363,2364.118981256523,746590,Information Technology,0.00936160632183669,-0.0011580872858938385,0.005124440155743315,-0.0029446163490282062,2367.60380859375,2369.68388671875,2368.918733723958,2340.724609375,2342.1850390625,2333.474576822917,1
2024-06-28,2404.5947265625,2424.6121671881488,2381.542754448432,2422.654466609071,494140,Information Technology,0.00591709933038409,0.024759957437267444,0.010298847487028917,0.012021170897804856,2372.85048828125,2369.6887939453127,2370.240185546875,2347.7600952148437,2344.51470703125,2339.419466145833,1
2024-07-01,2442.13330078125,2489.999219582396,2405.8181012658306,2428.527378411623,1287527,Information Technology,0.01561118545427953,0.0024241640248319207,0.026968045974163912,0.01019311820963753,2392.564501953125,2378.111767578125,2371.737825520833,2358.0771606445314,2348.584765625,2343.4637451171875,1
2024-07-02,2453.1455078125,2519.560594202348,2444.2381137445195,2457.8930272113816,1306698,Information Technology,0.004509257143222811,0.012091957068635306,0.011872041720924598,0.015969624826778883,2411.72060546875,2386.803955078125,2379.0172037760417,2368.6585327148437,2351.129775390625,2349.811588541667,1
2024-07-03,2515.106689453125,2518.4349236396174,2450.5515642264827,2473.554544757468,930888,Information Technology,0.025257850153322714,0.006371928058990894,-0.00044677257031278117,0.00258299322249389,2441.086083984375,2402.2746826171874,2390.6035319010416,2383.0451782226564,2357.748759765625,2356.2361083984374,1
2024-07-04,2528.56591796875,2563.608804713676,2509.772040964439,2515.1067270314406,1197887,Information Technology,0.005351354903577299,0.016798571255297157,0.017937283449346975,0.024166182667798353,2468.709228515625,2418.1565185546874,2402.692333984375,2393.866357421875,2366.321533203125,2363.2724039713544,1
2024-07-05,2573.29931640625,2580.151268129016,2529.447016562236,2542.025098838476,958511,Information Technology,0.01769121307837418,0.010702675762315206,0.006452803323550693,0.007839347668498364,2502.450146484375,2437.6503173828123,2413.942578125,2403.29267578125,2378.69810546875,2370.8372802734375,1
2024-07-08,2554.358642578125,2595.910786673461,2535.075341015526,2579.270332912734,1079731,Information Technology,-0.007360462775304555,0.014651796353732482,0.006107982403633638,0.0022251205170289445,2524.89521484375,2458.7298583984375,2427.039583333333,2410.0271728515627,2391.440771484375,2377.9698404947917,0
2024-07-09,2545.5,2571.635253108251,2532.285522014997,2554.799077100557,449070,Information Technology,-0.003468049642858295,-0.009487666143370821,-0.009351451401886535,-0.0011004876089448778,2543.36611328125,2477.543359375,2438.9913411458333,2420.1044311523438,2403.600048828125,2383.1691650390626,0
2024-07-10,2550.0,2560.75,2510.5,2554.0,924472,Information Technology,0.001767825574543247,-0.000312774929237869,-0.0042328137690189616,-0.008603106492375945,2550.344775390625,2495.7154296875,2451.631380208333,2430.5388427734374,2416.50509765625,2389.848095703125,1
2024-07-11,2560.300048828125,2571.35009765625,2538.60009765625,2550.0,371430,Information Technology,0.004039234834558814,-0.001566170712607673,0.0041394504173581925,0.01119302834345759,2556.6916015625,2512.7004150390626,2464.3348795572915,2441.1921508789064,2426.43140625,2398.0498779296877,1
2024-07-12,2690.699951171875,2745.0,2609.64990234375,2614.199951171875,2717617,Information Technology,0.050931492347326746,0.025176451439951064,0.06753257850886563,0.0279877893147078,2580.171728515625,2541.3109375,2485.1574544270834,2455.499865722656,2438.668486328125,2412.2770426432294,1
2024-07-15,2736.85009765625,2769.0,2696.800048828125,2714.949951171875,1280637,Information Technology,0.01715172532124032,0.038539515676617064,0.008743169398907069,0.03339534027384472,2616.67001953125,2570.7826171875,2511.3765787760417,2474.4471923828123,2451.3557421875,2428.9789794921876,1
2024-07-16,2799.449951171875,2806.949951171875,2704.050048828125,2711.0,777919,Information Technology,0.02287295660410238,-0.0014548891297867517,0.013705291141883347,0.002688371354468977,2667.460009765625,2605.4130615234376,2540.848909505208,2496.108508300781,2469.575546875,2447.576708984375,1
2024-07-18,2833.25,2860.0,2772.5,2810.0,880873,Information Technology,0.012073817863389902,0.03651789007746209,0.01889953499383812,0.025313862515799146,2724.110009765625,2637.227392578125,2571.846956380208,2519.7510375976562,2489.253076171875,2467.7725830078125,1
2024-07-19,2873.550048828125,2915.0,2827.75,2890.0,4513506,Information Technology,0.014223964997132299,0.028469750889679624,0.019230769230769162,0.01992786293958515,2786.760009765625,2671.7258056640626,2604.05361328125,2544.941162109375,2510.30572265625,2486.4861735026043,1
2024-07-22,2925.75,2935.75,2803.300048828125,2868.0,1080523,Information Technology,0.018165666261202862,-0.00761245674740485,0.007118353344768513,-0.008646433090575556,2833.77001953125,2706.9708740234373,2638.797298177083,2572.310595703125,2531.153896484375,2504.5187418619794,1
2024-07-23,2937.14990234375,2966.800048828125,2842.75,2925.75,619277,Information Technology,0.0038964034328805575,0.020135983263598334,0.010576530299965858,0.014072682368898137,2873.82998046875,2745.25,2671.798404947917,2601.9899291992188,2554.32375,2521.768115234375,1
2024-07-24,2869.85009765625,2949.699951171875,2833.75,2943.800048828125,850350,Information Technology,-0.022913302665892865,0.006169374973297392,-0.005763818718758751,-0.003165948465394419,2887.910009765625,2777.685009765625,2699.5787109375,2627.6141845703123,2574.46880859375,2539.297957356771,0
2024-07-25,2844.60009765625,2861.39990234375,2790.14990234375,2830.050048828125,673584,Information Technology,-0.008798368953354507,-0.03864053200395923,-0.02993526470142993,-0.015386007112924593,2890.180029296875,2807.14501953125,2721.5449381510416,2651.430224609375,2593.8368359375,2556.0742350260416,0
2024-07-26,3029.800048828125,3080.949951171875,2800.0,2800.0,3919873,Information Technology,0.06510579512546122,-0.010618204028076561,0.07672819470228309,0.0035303112739484277,2921.430029296875,2854.09501953125,2754.960546875,2683.3977172851564,2620.238935546875,2578.8264404296874,1
2024-07-29,2931.60009765625,3043.0,2895.0,3040.0,1236258,Information Technology,-0.032411363650831415,0.08571428571428563,-0.012317613649465597,0.03392857142857153,2922.600048828125,2878.1850341796876,2778.847265625,2709.7479858398438,2642.368486328125,2596.394921875,0
2024-07-30,2915.050048828125,2929.89990234375,2900.449951171875,2929.89990234375,368109,Information Technology,-0.005645397829450394,-0.036217137386924336,-0.03716730123439038,0.0018825392648964545,2918.180078125,2896.005029296875,2802.893359375,2733.3938232421874,2665.227958984375,2614.9664713541665,0
2024-07-31,2892.5,2949.89990234375,2876.25,2902.0,658298,Information Technology,-0.007735732989280986,-0.009522476287135873,0.006826171769213296,-0.008343516205855384,2922.71005859375,2905.3100341796876,2826.0266927083335,2755.3615478515626,2686.633359375,2632.5090169270834,0
2024-08-01,2855.0,2949.949951171875,2840.14990234375,2904.60009765625,945392,Information Technology,-0.012964563526361328,0.0008959674900930192,1.6966280139030232e-05,-0.01255109870708393,2924.7900390625,2907.4850341796873,2846.3600260416665,2772.3562133789064,2706.1021875,2648.995703125,0
2024-08-02,2775.300048828125,2855.0,2769.0,2855.0,457613,Information Technology,-0.027915919850043824,-0.01707639468038058,-0.03218697020068284,-0.0250514602363191,2873.8900390625,2897.6600341796875,2860.693359375,2784.692919921875,2721.496181640625,2662.514119466146,0
2024-08-05,2652.25,2709.550048828125,2589.35009765625,2675.0,966802,Information Technology,-0.04433756590754323,-0.0630472854640981,-0.05094569217929068,-0.06487898242822321,2818.02001953125,2870.3100341796876,2858.130029296875,2788.6404541015627,2731.402392578125,2671.6437418619794,0
2024-08-06,2639.050048828125,2721.949951171875,2632.050048828125,2650.0,937496,Information Technology,-0.004976887990149836,-0.009345794392523366,0.004576369552248272,0.016490605581116702,2762.82001953125,2840.500048828125,2851.6100260416665,2792.8750244140624,2739.2790625,2681.493302408854,0
2024-08-07,2726.0,2732.64990234375,2680.0,2680.0,351454,Information Technology,0.03294744304318331,0.01132075471698113,0.003930987477293035,0.01821772013538414,2729.52001953125,2826.1150390625,2846.7133626302084,2801.9000244140625,2750.1932421875,2693.7811360677083,1
2024-08-08,2645.5,2724.0,2637.14990234375,2724.0,437051,Information Technology,-0.029530447542186367,0.016417910447761086,-0.0031653898790076074,-0.01598884240904852,2687.62001953125,2806.205029296875,2834.1966959635415,2806.6750244140626,2755.408974609375,2703.021826171875,0
2024-08-09,2720.5,2765.550048828125,2692.85009765625,2705.0,761355,Information Technology,0.028350028350028422,-0.006975036710719529,0.015253321889913796,0.02112136108114182,2676.660009765625,2775.2750244140625,2823.993359375,2814.685021972656,2763.086337890625,2714.023486328125,1
2024-08-12,2702.89990234375,2718.949951171875,2663.0,2700.0,431060,Information Technology,-0.006469434903969895,-0.001848428835489857,-0.01685020948219551,-0.011084945902570031,2686.789990234375,2752.4050048828126,2809.136686197917,2815.29501953125,2768.270361328125,2723.9669921875,0
2024-08-13,2696.550048828125,2727.60009765625,2679.300048828125,2727.60009765625,272177,Information Technology,-0.002349274388636746,0.01022225839120372,0.0031814290956870828,0.006120934595615912,2698.289990234375,2730.5550048828127,2793.0966959635416,2813.2800170898436,2773.958017578125,2732.447550455729,0
2024-08-14,2718.85009765625,2737.89990234375,2690.800048828125,2709.0,258066,Information Technology,0.008269844217360767,-0.006819217257043153,0.0037761417798563013,0.004292165785996893,2696.860009765625,2713.1900146484377,2783.030029296875,2809.2500244140624,2780.892021484375,2741.3043701171873,1
2024-08-16,2910.949951171875,2918.5,2726.050048828125,2726.050048828125,1786753,Information Technology,0.07065481604933721,0.006293853388012138,0.06596300233680896,0.013100193013357408,2749.95,2718.785009765625,2787.4533528645834,2813.1350219726564,2795.33001953125,2754.4991455078125,1
2024-08-19,2977.699951171875,2992.949951171875,2922.300048828125,2933.0,1271105,Information Technology,0.022930658760769163,0.07591568293503581,0.025509662899391827,0.07199060783361766,2801.389990234375,2739.025,2783.980013020833,2818.3425170898436,2812.026015625,2769.470279947917,1
2024-08-20,3008.949951171875,3036.949951171875,2985.0,2986.449951171875,619734,Information Technology,0.010494677271865926,0.01822364513190422,0.014701214760631798,0.021455685632629784,2862.6,2774.6949951171873,2789.136669921875,2822.5025146484377,2824.756015625,2783.9919677734374,1
2024-08-21,3036.949951171875,3043.199951171875,2981.050048828125,3000.050048828125,304884,Information Technology,0.009305571862069373,0.004553934563984008,0.0020579858412181906,-0.0013232667242462082,2930.67998046875,2814.4849853515625,2797.263330078125,2827.4925170898437,2836.760009765625,2800.0783447265626,1
2024-08-22,3065.64990234375,3153.0,3048.050048828125,3048.050048828125,979104,Information Technology,0.009450254904859623,0.015999733077369793,0.03608045826428308,0.022475301958227112,3000.03994140625,2848.4499755859374,2808.8066569010416,2837.282507324219,2847.4080078125,2817.4166748046873,1
2024-08-23,2997.64990234375,3065.0,2981.0,3065.0,463489,Information Technology,-0.02218126732214687,0.005560916290856754,-0.027909927053599737,-0.02199768630895793,3017.379931640625,2883.6649658203123,2818.316650390625,2844.9349975585938,2853.98400390625,2832.338338216146,0
2024-08-26,3019.75,3122.0,3003.25,3034.949951171875,1004715,Information Technology,0.007372474563814402,-0.009804257366435531,0.01859706362153335,0.007463938275746429,3025.78994140625,2913.5899658203125,2834.613313802083,2844.4324951171875,2859.832001953125,2847.6533365885416,1
2024-08-27,3034.0,3063.0,2990.35009765625,3024.050048828125,411818,Information Technology,0.004718933686563398,-0.0035914603268963896,-0.018898142216527858,-0.004295314190876587,3030.799951171875,2946.6999755859374,2860.0633138020835,2849.552490234375,2864.162001953125,2859.096671549479,1
2024-08-28,3089.449951171875,3131.949951171875,3007.0,3037.5,1186290,Information Technology,0.018276186938653627,0.004447661564691119,0.02251059457129445,0.005567877271895227,3041.299951171875,2985.9899658203126,2890.0899739583333,2858.2724853515624,2870.25400390625,2870.85,1
2024-08-29,3103.449951171875,3118.949951171875,3052.0,3055.550048828125,308414,Information Technology,0.00453155099492375,0.005942402906378597,-0.004150768755144307,0.014965081476554731,3048.8599609375,3024.449951171875,2915.2533040364583,2868.8199829101563,2879.597998046875,2880.983333333333,1
2024-08-30,3104.949951171875,3130.0,3085.0,3130.0,791445,Information Technology,0.000483333072419434,0.024365482476854883,0.003542874685749098,0.01081258191349943,3070.319970703125,3043.849951171875,2945.88330078125,2881.31748046875,2890.0119921875,2890.039998372396,1
2024-09-02,3102.5,3145.0,3091.5,3104.949951171875,478366,Information Technology,-0.0007890469123182919,-0.008003210488218837,0.004792332268370503,0.002106969205834641,3086.869970703125,3056.3299560546875,2971.3499674479167,2897.6774780273436,2892.919990234375,2897.671663411458,0
2024-09-03,3125.35009765625,3165.0,3082.25,3102.0,693093,Information Technology,0.007365059679693697,-0.0009500801037909401,0.006359300476947549,-0.0029920750444767386,3105.139990234375,3067.969970703125,2999.5133138020833,2921.332482910156,2900.669990234375,2904.325,1
2024-09-04,3088.699951171875,3092.85009765625,3011.25,3063.050048828125,1012802,Information Technology,-0.011726733114430732,-0.012556399475136981,-0.022796177675750373,-0.02303512044772482,3104.989990234375,3073.144970703125,3025.656640625,2943.814978027344,2907.615986328125,2909.376668294271,0
2024-09-05,3087.699951171875,3117.0,3073.300048828125,3109.89990234375,194748,Information Technology,-0.00032376081063512085,0.015295164221540869,0.007808300299471549,0.020606076821295227,3101.839990234375,3075.3499755859375,3050.246630859375,2961.8999755859377,2915.423984375,2916.638330078125,0
2024-09-06,3051.5,3141.949951171875,3035.0,3097.800048828125,470725,Information Technology,-0.011723921282615568,-0.003890753366854738,0.008004475833132796,-0.0124621898999836,3091.15,3080.7349853515625,3059.616634114583,2982.1999755859374,2923.283984375,2923.5349934895835,0
2024-09-09,2993.699951171875,3052.0,2974.0,3051.5,906150,Information Technology,-0.018941520179624804,-0.014946106300708473,-0.02862870273866891,-0.02009884678747942,3069.389990234375,3078.12998046875,3060.68330078125,2995.859973144531,2932.01998046875,2922.3316569010417,0
2024-09-10,3080.39990234375,3114.14990234375,3009.300048828125,3030.0,713019,Information Technology,0.02896080187927197,-0.007045715222021909,0.02036366393962985,0.011869552396813976,3060.399951171875,3082.769970703125,3065.446630859375,3014.734973144531,2949.1459765625,2927.291650390625,1
2024-09-11,3066.60009765625,3117.35009765625,3050.0,3086.0,249403,Information Technology,-0.004479874407540496,0.018481848184818572,0.0010276304650882473,0.013524723527560623,3055.97998046875,3080.4849853515625,3067.423307291667,3033.2374755859373,2966.247978515625,2932.3433186848956,0
2024-09-12,3098.050048828125,3124.89990234375,3074.449951171875,3108.0,440182,Information Technology,0.01025564148253677,0.0071289695398573105,0.0024218661526584917,0.008016377433401667,3058.05,3079.9449951171873,3069.583317057292,3052.197473144531,2981.12998046875,2939.1949869791665,1
2024-09-13,3146.14990234375,3179.0,3103.85009765625,3117.0,391317,Information Technology,0.0155258477937823,0.0028957528957529455,0.017312585793763713,0.009562733806471213,3076.97998046875,3084.064990234375,3079.4833170572915,3063.957470703125,3001.1559765625,2948.8999837239585,1
2024-09-16,3125.75,3176.75,3116.199951171875,3160.0,350121,Information Technology,-0.006484084667597312,0.013795316008982983,-0.0007077697389116233,0.003978882074540335,3103.389990234375,3086.389990234375,3086.549983723958,3071.359973144531,3017.3659765625,2960.581648763021,0
2024-09-17,3177.800048828125,3187.800048828125,3113.35009765625,3125.050048828125,331390,Information Technology,0.01665201914040626,-0.011060111130340222,0.0034784131039977684,-0.0009145284514087137,3122.87001953125,3091.6349853515626,3096.136653645833,3079.8024780273436,3036.361982421875,2978.0999837239583,1
2024-09-18,3004.39990234375,3167.64990234375,2975.0,3156.35009765625,2080405,Information Technology,-0.054566097243380574,0.010015855214818847,-0.006321019567015362,-0.04443769358299954,3110.42998046875,3083.20498046875,3090.466650390625,3078.1749755859373,3048.6759765625,2990.278312174479,0
2024-09-19,2978.25,3092.0,2918.550048828125,3035.0,1625629,Information Technology,-0.008703868723784147,-0.03844633640176942,-0.02388202758384894,-0.018974773503151243,3086.469970703125,3072.2599853515626,3082.1199869791667,3073.80498046875,3059.05197265625,2998.6866455078125,0
2024-09-20,3028.35009765625,3046.0,2972.449951171875,3019.89990234375,662106,Information Technology,0.01682199199404022,-0.004975320479818746,-0.01487710219922378,0.018468041130695,3062.910009765625,3069.9449951171873,3077.013330078125,3075.339990234375,3063.747978515625,3011.4483154296877,1
2024-09-23,3042.39990234375,3072.0,3013.449951171875,3050.0,355464,Information Technology,0.004639425507101613,0.009967250117425941,0.008535784635587573,0.013793335690592823,3046.239990234375,3074.814990234375,3073.006656901042,3076.4724853515627,3066.3359765625,3022.1783121744793,1
2024-09-24,3072.14990234375,3095.0,3030.050048828125,3056.39990234375,251100,Information Technology,0.009778464684107258,0.0020983286372950882,0.007486979166666741,0.005508668776726955,3025.1099609375,3073.989990234375,3069.4599772135416,3078.37998046875,3068.863974609375,3034.4866455078127,1
2024-09-25,3018.5,3087.800048828125,2993.449951171875,3070.39990234375,387861,Information Technology,-0.017463308773709385,0.004580552430087481,-0.002326317018376378,-0.012079040631822302,3027.92998046875,3069.17998046875,3064.77998046875,3074.832482910156,3068.1259765625,3045.218310546875,0
2024-09-26,3053.699951171875,3060.050048828125,3020.10009765625,3039.89990234375,274458,Information Technology,0.011661405059425256,-0.00993355946133212,-0.008986980879973627,0.008902820130312294,3043.019970703125,3064.744970703125,3062.5133138020833,3072.3449829101564,3067.647978515625,3056.3799723307293,1
2024-09-27,3082.60009765625,3159.0,3051.14990234375,3100.0,903986,Information Technology,0.009463977124957612,0.01977041994373341,0.032336056467366925,0.010281051516006334,3053.869970703125,3058.389990234375,3064.5866536458334,3071.227490234375,3071.045986328125,3062.1016438802085,1
2024-09-30,3010.39990234375,3081.800048828125,3002.050048828125,3081.800048828125,282998,Information Technology,-0.023421849421011443,-0.005870951990927464,-0.02443809787017248,-0.01609224557531863,3047.469970703125,3046.85498046875,3065.699983723958,3066.6224853515623,3070.671982421875,3063.191642252604,0
2024-10-01,3015.60009765625,3051.800048828125,3004.050048828125,3034.800048828125,899959,Information Technology,0.0017274101385837959,-0.015250827196875427,-0.009734570551197086,0.000666211411358919,3036.160009765625,3030.6349853515626,3061.3799967447917,3061.1349853515626,3069.935986328125,3063.4133138020834,1
2024-10-03,2921.0,3015.60009765625,2905.60009765625,2959.10009765625,809626,Information Technology,-0.03137023961823515,-0.024943966638298343,-0.011861835832192136,-0.032772407107624635,3016.660009765625,3022.2949951171877,3051.6733235677084,3052.7499877929686,3063.19798828125,3059.5483154296876,0
2024-10-04,2846.60009765625,2959.949951171875,2836.60009765625,2925.0,964389,Information Technology,-0.025470695769856166,-0.01152380674221154,-0.018454086975135287,-0.023747245897898228,2975.2400390625,3009.1300048828125,3034.9099934895835,3040.6949951171873,3052.923994140625,3052.2466552734377,0
2024-10-07,2874.449951171875,2979.0,2848.14990234375,2899.0,2253797,Information Technology,0.009783549694442506,-0.008888888888888835,0.006435936128103448,0.004071707075326891,2933.610009765625,2993.739990234375,3016.796663411458,3031.842492675781,3043.703994140625,3048.139990234375,1
2024-10-08,2901.10009765625,2912.89990234375,2841.14990234375,2888.0,628530,Information Technology,0.00927138998315491,-0.0037944118661606963,-0.022188686692262483,-0.002457735807458672,2911.750048828125,2979.610009765625,3001.820003255208,3027.2125,3035.647998046875,3044.184993489583,1
2024-10-09,2899.14990234375,2957.0,2886.0,2924.0,509427,Information Technology,-0.000672226137276466,0.012465373961218829,0.015139585682558687,0.015785896273636135,2888.460009765625,2962.310009765625,2983.2433268229165,3018.15,3026.599990234375,3039.689990234375,0
2024-10-10,2854.050048828125,2932.949951171875,2841.800048828125,2921.0,311244,Information Technology,-0.01555623373567716,-0.0010259917920656392,-0.008133259664567127,-0.015315298396353039,2875.07001953125,2945.8650146484374,2973.220003255208,3007.522497558594,3017.213994140625,3031.843326822917,0
2024-10-11,2876.35009765625,2913.550048828125,2855.800048828125,2859.0,532435,Information Technology,0.007813475043046747,-0.021225607668606594,-0.006614467572485738,0.004926454979045092,2881.02001953125,2928.130029296875,2966.4266764322915,2996.4375,3008.76,3024.273331705729,1
2024-10-14,2962.60009765625,2973.89990234375,2890.199951171875,2890.199951171875,992489,Information Technology,0.029985918637053022,0.010912889531960568,0.020713511868415857,0.012045627059172448,2898.650048828125,2916.130029296875,2962.0433430989583,2987.260009765625,3005.20400390625,3019.5283365885416,1
2024-10-15,2929.800048828125,3012.89990234375,2890.0,2977.39990234375,923501,Information Technology,-0.011071372357704834,0.03017090604285655,0.01311409303630695,-6.918247015885726e-05,2904.3900390625,2908.0700439453126,2954.536686197917,2977.462512207031,3002.6480078125,3013.7716715494794,0
2024-10-16,2911.35009765625,2952.050048828125,2878.35009765625,2929.0,764382,Information Technology,-0.00629734141046745,-0.016255761379467604,-0.02019644046862945,-0.00403110807742213,2906.830078125,2897.6450439453124,2943.81669921875,2964.1400146484375,2995.886015625,3006.6383382161457,0
2024-10-17,3080.199951171875,3109.0,2947.0,3006.300048828125,5357551,Information Technology,0.05799709682856613,0.02639127648621553,0.05316642623798984,0.02385043515020957,2952.06005859375,2913.5650390625,2947.930029296875,2967.9300170898437,2996.430009765625,3006.3550048828124,1
2024-10-18,3095.75,3108.89990234375,3002.39990234375,3070.0,965115,Information Technology,0.005048389414527676,0.02118882019002255,-3.219609400129109e-05,0.018798745281218165,2995.9400390625,2938.480029296875,2950.733365885417,2973.8050170898437,2996.3380078125,3006.62333984375,1
2024-10-21,2985.5,3136.75,2977.699951171875,3100.0,710843,Information Technology,-0.03561334087054835,0.009771986970684043,0.008958184094397525,-0.008226735936339935,3000.52001953125,2949.5850341796877,2944.2600260416666,2971.6625122070313,2989.91201171875,3004.42333984375,0
2024-10-22,2977.64990234375,3040.0,2965.5,2985.14990234375,659436,Information Technology,-0.002629408024200308,-0.03704841859879038,-0.030844026460508434,-0.0040971056090032265,3010.089990234375,2957.2400146484374,2942.076692708333,2968.425012207031,2983.9880078125,3003.8883382161457,0
2024-10-23,3119.85009765625,3144.75,2977.699951171875,2986.0,1181872,Information Technology,0.04775584772426478,0.00028477553357797447,0.03445723684210522,0.0041139609414517775,3051.789990234375,2979.3100341796876,2949.0266927083335,2970.810021972656,2981.670009765625,3005.2033447265626,1
2024-10-24,3098.75,3132.35009765625,3003.0,3003.0,384862,Information Technology,-0.006763176753941225,0.005693235097119942,-0.003943048682327643,0.00849650711723604,3055.5,3003.780029296875,2960.8766927083334,2974.8225219726564,2985.444013671875,3006.275008138021,0
2024-10-25,3041.050048828125,3119.550048828125,3010.0,3100.949951171875,371508,Information Technology,-0.01862039569887053,0.03261736635760082,-0.004086404274446398,0.002331002331002363,3044.560009765625,3020.2500244140624,2973.840022786458,2974.1900268554687,2987.956015625,3004.375008138021,0
2024-10-28,3012.85009765625,3084.85009765625,2988.89990234375,3057.10009765625,423578,Information Technology,-0.009273096699852656,-0.014140780794947627,-0.011123383381815066,-0.0070099992213454865,3050.030029296875,3025.2750244140625,2983.06669921875,2970.702526855469,2987.336015625,2999.931681315104,0
2024-10-29,3022.5,3040.949951171875,2970.0,3025.0,244250,Information Technology,0.0032029148583452294,-0.010500178806987615,-0.014230884838692393,-0.006323364100928819,3059.000048828125,3034.54501953125,2991.1600260416667,2971.3075317382813,2986.54001953125,2996.4900146484374,1
2024-10-30,3007.0,3059.60009765625,3000.0,3027.0,443712,Information Technology,-0.00512820512820511,0.0006611570247934129,0.006133000142665157,0.010101010101010166,3036.430029296875,3044.110009765625,2998.350032552083,2970.8775268554687,2983.9340234375,2990.7966796875,0
2024-10-31,2879.550048828125,3004.050048828125,2852.300048828125,3004.050048828125,913642,Information Technology,-0.04238442007711174,-0.007581747992030041,-0.018155983479892668,-0.049233317057291615,2992.5900390625,3024.04501953125,3000.0500325520834,2968.805029296875,2978.376025390625,2986.635017903646,0
2024-11-01,2894.14990234375,2919.0,2871.89990234375,2885.0,54169,Information Technology,0.005070185712370723,-0.039629848668655265,-0.028311794892133313,0.006871595968200417,2963.210009765625,3003.885009765625,3001.2366861979167,2971.18251953125,2971.9940234375,2983.831681315104,1
2024-11-04,2870.14990234375,2899.949951171875,2858.050048828125,2899.949951171875,400459,Information Technology,-0.008292590504923147,0.00518195881174166,-0.006526224333033626,-0.004822540473754744,2934.669970703125,2992.35,2995.07333984375,2970.9675170898436,2963.496015625,2978.558341471354,0
2024-11-05,2857.699951171875,2884.75,2825.0,2874.949951171875,439033,Information Technology,-0.004337735517475405,-0.008620838435469347,-0.005241452931190271,-0.011563845371314052,2901.7099609375,2980.3550048828124,2990.266666666667,2968.797509765625,2957.388017578125,2972.401676432292,0
2024-11-06,2896.39990234375,2939.60009765625,2877.0,2900.0,1687168,Information Technology,0.013542342384827766,0.008713212144063398,0.019013813209550312,0.01840707964601762,2879.58994140625,2958.0099853515626,2989.269986979167,2968.660009765625,2952.620009765625,2966.5433430989583,1
2024-11-07,2839.14990234375,2914.0,2796.5,2914.0,451977,Information Technology,-0.019765916976338005,0.004827586206896495,-0.008708700777585676,-0.027980535279805374,2871.509912109375,2932.0499755859373,2973.199983723958,2967.915002441406,2949.346005859375,2960.565006510417,0
2024-11-08,2858.35009765625,2883.949951171875,2839.14990234375,2862.60009765625,815466,Information Technology,0.006762656419321056,-0.01763895070135557,-0.010312302274579577,0.015251171944841824,2864.349951171875,2913.77998046875,2957.373323567708,2967.015002441406,2949.816005859375,2954.0533447265625,1
2024-11-11,2861.5,2888.0,2819.60009765625,2854.5,630602,Information Technology,0.0011020001875672314,-0.0028296294906444697,0.0014043408854855777,-0.006885795171069131,2862.619970703125,2898.644970703125,2949.106656901042,2961.959997558594,2949.2980078125,2946.683341471354,1
2024-11-12,2853.449951171875,2903.75,2844.89990234375,2889.0,612297,Information Technology,-0.0028132269187925996,0.012086179716237488,0.005453601108033279,0.008972834377658723,2861.769970703125,2881.7399658203126,2940.82666015625,2958.1424926757813,2947.392001953125,2941.4516764322916,0
2024-11-13,2845.35009765625,2882.10009765625,2823.14990234375,2854.0,530900,Information Technology,-0.0028386176923476114,-0.012114918656974782,-0.007455842391304368,-0.007645260201275095,2851.560009765625,2865.5749755859374,2922.52666015625,2954.842492675781,2945.240009765625,2935.776676432292,0
2024-11-14,2839.300048828125,2887.550048828125,2828.949951171875,2855.0,330713,Information Technology,-0.0021262932927335054,0.0003503854239663706,0.0018909652639431673,0.0020544600990934914,2851.5900390625,2861.5499755859373,2905.2299967447916,2942.797497558594,2944.650009765625,2933.0533447265625,0
2024-11-18,2758.14990234375,2849.0,2752.0,2840.0,790762,Information Technology,-0.028581039371963657,-0.005253940455341555,-0.01335043485870313,-0.02720088813872401,2831.55,2847.9499755859374,2886.3699869791667,2925.9174926757814,2939.922001953125,2930.1050048828124,0
2024-11-19,2789.25,2848.75,2751.050048828125,2760.449951171875,514635,Information Technology,0.011275709717525784,-0.028010580573283428,-8.775008775008253e-05,-0.0003451857455941676,2817.1,2839.8599853515625,2871.463313802083,2916.1049926757814,2932.987998046875,2927.2650065104167,1
2024-11-21,2786.199951171875,2807.39990234375,2758.050048828125,2797.699951171875,468794,Information Technology,-0.001093501417271714,0.013494176912784317,-0.014515172498902995,0.002544482970413986,2803.65,2832.7099853515624,2855.7099772135416,2906.5324951171874,2927.243994140625,2923.4350016276044,0
2024-11-22,2883.550048828125,2894.5,2822.050048828125,2830.0,1224485,Information Technology,0.034940097395129266,0.011545215495534222,0.03102518368812901,0.023204800082287536,2811.289990234375,2831.425,2847.47998046875,2894.717492675781,2926.1319921875,2922.915006510417,1
2024-11-25,2982.39990234375,3016.25,2898.0,2948.89990234375,920408,Information Technology,0.03428060961029544,0.04201409976810955,0.042062532389013585,0.02691304188719612,2839.9099609375,2845.75,2854.336637369792,2888.8999877929687,2922.219990234375,2927.1933349609376,1
2024-11-26,2999.10009765625,3021.10009765625,2931.050048828125,2990.14990234375,531802,Information Technology,0.005599582839100892,0.013988267274591015,0.001607989276833921,0.011404433688103843,2888.1,2859.825,2861.333317057292,2886.802490234375,2918.353994140625,2931.2850016276043,1
2024-11-27,3017.0,3047.85009765625,2996.0,3005.10009765625,641475,Information Technology,0.005968424447633014,0.0049998146583827285,0.008854390498597597,0.022159277422725276,2933.65,2875.375,2871.123323567708,2887.0099853515626,2919.613994140625,2933.0983317057294,1
2024-11-28,2957.60009765625,3026.85009765625,2938.64990234375,3024.0,569713,Information Technology,-0.019688399848773575,0.006289275474880451,-0.006890102638626661,-0.01914222218165884,2967.930029296875,2885.7900146484376,2877.7833333333333,2883.764990234375,2918.812001953125,2934.025,0
2024-11-29,2974.550048828125,2992.199951171875,2938.0,2960.0,408266,Information Technology,0.005730981407968905,-0.021164021164021163,-0.01144759250258387,-0.00022115677789025234,2986.130029296875,2898.710009765625,2882.993343098958,2882.1424926757813,2913.0,2936.1316650390627,1
2024-12-02,3050.0,3056.85009765625,2953.550048828125,2974.949951171875,296057,Information Technology,0.025365164456251144,0.0050506591796875,0.02160622536573964,0.005292732752935736,2999.650048828125,2919.7800048828126,2897.050016276042,2890.664990234375,2911.05,2935.125,1
2024-12-03,3018.949951171875,3066.10009765625,2997.800048828125,3066.10009765625,279243,Information Technology,-0.010180343878073761,0.030639220148382496,0.0030259907108602935,0.01498197060095774,3003.62001953125,2945.860009765625,2907.7566731770835,2896.904992675781,2910.16599609375,2932.5649983723956,0
2024-12-04,3017.699951171875,3059.0,3006.0,3024.949951171875,446699,Information Technology,-0.0004140512496786375,-0.013421005568549638,-0.00231567705884006,0.0027353229162434545,3003.760009765625,2968.7050048828123,2918.1700032552085,2904.2824951171874,2910.359990234375,2933.638330078125,0
2024-12-05,3051.300048828125,3072.699951171875,3019.64990234375,3019.64990234375,525393,Information Technology,0.011134340126559561,-0.0017521112460295862,0.004478571811662224,0.004540885676563633,3022.5,2995.2150146484373,2931.360009765625,2913.9625,2911.5119921875,2936.0933349609377,1
2024-12-06,3053.949951171875,3097.0,3048.449951171875,3051.300048828125,303227,Information Technology,0.0008684502675402328,0.010481396025350254,0.007908370232784234,0.009537545662419822,3038.37998046875,3012.2550048828125,2945.266666666667,2921.8400024414063,2913.389990234375,2933.896663411458,1
2024-12-09,3104.60009765625,3124.949951171875,3051.550048828125,3054.0,346936,Information Technology,0.016585126571880826,0.0008848527279092799,0.009024847004157177,0.0010169422840806686,3049.3,3024.4750244140623,2962.953336588542,2935.112512207031,2922.3919921875,2934.0916666666667,1
2024-12-10,3181.800048828125,3201.89990234375,3105.0,3105.0,820084,Information Technology,0.024866310875321984,0.016699410609037235,0.024624378749815934,0.017515672466981602,3081.87001953125,3042.74501953125,2991.1966796875,2951.285009765625,2933.897998046875,2938.7833333333333,1
2024-12-11,3184.550048828125,3192.0,3130.85009765625,3173.60009765625,517726,Information Technology,0.0008642906398259598,0.02209342919685997,-0.0030918837707897273,0.00832531325483088,3115.2400390625,3059.5000244140624,3017.550016276042,2967.4375122070314,2946.47400390625,2944.5066650390627,1
2024-12-12,3190.35009765625,3237.949951171875,3174.64990234375,3208.64990234375,695231,Information Technology,0.0018213087372451753,0.011044178097103341,0.01439534811148957,0.013989748254088719,3143.050048828125,3082.7750244140625,3044.493359375,2984.28251953125,2959.780009765625,2950.101668294271,1
2024-12-13,3195.39990234375,3210.949951171875,3137.050048828125,3161.0,621349,Information Technology,0.0015828371598496371,-0.0148504523067301,-0.008338609431016164,-0.011843779526008902,3171.3400390625,3104.860009765625,3065.283349609375,3001.785009765625,2971.740009765625,2956.3816650390627,1
2024-12-16,3197.300048828125,3227.449951171875,3176.89990234375,3207.449951171875,394375,Information Technology,0.0005946506047587174,0.014694701414702527,0.005138666204989706,0.012702970273142933,3189.880029296875,3119.5900146484373,3079.6100260416665,3019.685009765625,2986.066015625,2966.9733317057294,1
2024-12-17,3181.199951171875,3228.449951171875,3154.60009765625,3197.25,405555,Information Technology,-0.005035529168477937,-0.0031800811632768378,0.0003098421401195317,-0.007019360185395951,3189.760009765625,3135.8150146484377,3091.7500162760416,3040.837512207031,2998.980009765625,2976.5416666666665,0
2024-12-18,3176.550048828125,3212.85009765625,3152.0,3192.0,339580,Information Technology,-0.0014616818858044223,-0.0016420361247947435,-0.0048319948432102855,-0.0008242241728775301,3188.160009765625,3151.7000244140627,3102.386686197917,3060.2025146484375,3011.58201171875,2986.7550048828125,0
2024-12-19,3117.10009765625,3147.949951171875,3035.5,3081.25,485378,Information Technology,-0.018715257199806157,-0.034696115288220586,-0.020200178816845216,-0.03696065989847719,3173.510009765625,3158.280029296875,3113.02001953125,3076.747521972656,3022.128017578125,2995.401676432292,0
2024-12-20,2950.60009765625,3197.0,2935.300048828125,3190.0,835981,Information Technology,-0.05341503153048932,0.03529411764705892,0.015581584710349539,-0.033009372812345616,3124.550048828125,3147.9450439453126,3111.4233561197916,3080.1000244140623,3026.338017578125,2997.208349609375,0
2024-12-23,2977.64990234375,3010.0,2940.5,2976.949951171875,345080,Information Technology,0.009167560425754173,-0.06678684916242161,-0.05849233656553021,0.0017715228717252174,3080.62001953125,3135.2500244140624,3106.6000162760415,3079.8625244140626,3031.87201171875,3001.825016276042,1
2024-12-24,2930.64990234375,3010.0,2910.0,2977.64990234375,376812,Information Technology,-0.015784259916857835,0.0002351235940662999,0.0,-0.010372385648699245,3030.510009765625,3110.135009765625,3100.713346354167,3076.4400146484377,3038.77201171875,3004.235009765625,0
2024-12-26,2908.449951171875,2951.39990234375,2875.35009765625,2931.050048828125,284062,Information Technology,-0.007575094914653913,-0.015649876595279277,-0.019468470982142883,-0.011907182935996574,2976.889990234375,3082.525,3093.4300130208335,3071.0125122070312,3043.540009765625,3005.800008138021,0
2024-12-27,2883.949951171875,2945.0,2880.199951171875,2928.89990234375,88411,Information Technology,-0.008423730994624234,-0.0007335754929311822,-0.0021684294082505717,0.0016867001759466316,2930.2599609375,3051.8849853515626,3082.27333984375,3067.3300048828123,3047.450009765625,3006.8166748046874,0
2024-12-30,2935.25,2949.64990234375,2853.0,2885.050048828125,835227,Information Technology,0.017788120354612857,-0.014971441489187054,0.0015789142084041696,-0.009443771832857717,2927.18994140625,3025.8699951171875,3074.360009765625,3065.3650024414064,3049.5180078125,3009.813338216146,1
2024-12-31,2847.199951171875,2915.10009765625,2812.5,2915.10009765625,514316,Information Technology,-0.029997461486457766,0.010415780773137984,-0.01171318828720902,-0.014195583596214534,2901.099951171875,2990.8599853515625,3057.2,3055.225,3044.110009765625,3010.076668294271,0
2025-01-01,2854.89990234375,2863.949951171875,2816.89990234375,2859.449951171875,198476,Information Technology,0.0027043942483582217,-0.019090303804359166,-0.01754661753313369,0.0015644097222222708,2885.949951171875,2958.22998046875,3035.4066569010415,3047.022497558594,3038.342001953125,3013.3016682942707,1
2025-01-02,2898.699951171875,2908.10009765625,2847.300048828125,2860.10009765625,250308,Information Technology,0.015342061132219476,0.00022736767402009583,0.015415823333892353,0.010792057772120778,2883.999951171875,2930.444970703125,3016.3499837239583,3041.0724975585936,3033.61,3016.95,1
2025-01-03,2869.25,2909.0,2832.0,2899.0,517777,Information Technology,-0.010159710100374197,0.013600888435907121,0.0003094468256010785,-0.005373528804743288,2881.0599609375,2905.6599609375,2994.943310546875,3031.9699951171874,3030.07599609375,3019.7183349609377,0
2025-01-06,2897.64990234375,2960.199951171875,2875.0,2960.199951171875,421827,Information Technology,0.009898022948070073,0.021110710994092896,0.017600533231995508,0.015183615819209129,2873.53994140625,2900.36494140625,2975.093310546875,3024.154992675781,3026.999990234375,3020.188330078125,1
2025-01-07,2926.199951171875,2937.949951171875,2892.75,2914.5,555628,Information Technology,0.009852828944253211,-0.015438129830987801,-0.007516384152087996,0.006173913043478363,2889.33994140625,2895.2199462890626,2957.019970703125,3015.2349853515625,3022.04798828125,3018.3149983723956,1
2025-01-08,2924.85009765625,2932.0,2868.050048828125,2919.0,384582,Information Technology,-0.00046129913818238055,0.0015440041173442332,-0.002025205082034076,-0.008538570969449433,2903.32998046875,2894.6399658203127,2939.92998046875,3002.387487792969,3018.283994140625,3015.8399983723957,0
2025-01-09,2871.949951171875,2942.949951171875,2869.300048828125,2924.10009765625,202661,Information Technology,-0.018086447071856804,0.0017472071449982085,0.003734635461076108,0.00043583618790421497,2897.97998046875,2890.9899658203126,2919.6233072916666,2986.7574829101563,3012.453994140625,3011.0049967447917,0
