Date,Close,High,Low,Open,Volume,Sector,return_ratio,pct_change_open,pct_change_high,pct_change_low,ma_5,ma_10,ma_15,ma_20,ma_25,ma_30,up_or_down
2022-01-10,534.576171875,544.8975881293899,531.1821624896143,537.4122315886736,872525,Power,0.0,0.0,0.0,0.0,0.0,0.0,0.0,0.0,0.0,0.0,0
2022-01-11,540.2017211914062,548.4309525255501,535.5989067358248,535.5989067358248,823192,Power,0.010523382096652156,-0.003374178603059219,0.006484455929214317,0.008314933290511028,0.0,0.0,0.0,0.0,0.0,0.0,1
2022-01-12,532.7163696289062,542.526373045205,530.949614409964,541.1315842157568,275515,Power,-0.013856585917555342,0.010329889419772309,-0.010766313340182965,-0.008680548573550273,0.0,0.0,0.0,0.0,0.0,0.0,0
2022-01-13,537.8306884765625,541.0386579365564,528.1136465978218,532.9954083462974,404723,Power,0.009600453710891133,-0.01503548509601571,-0.002742198688513553,-0.005341312499668738,0.0,0.0,0.0,0.0,0.0,0.0,1
2022-01-14,538.2490234375,543.6422526839347,534.9945159459443,535.598947181733,564355,Power,0.0007778190607206081,0.004884730327252784,0.004812215743155823,0.013029145132775755,536.714794921875,0.0,0.0,0.0,0.0,0.0,1
2022-01-17,539.1323852539062,542.1079462237944,533.9716777341577,539.4578700459547,356065,Power,0.0016411768121096237,0.0072048738790972955,-0.002822272280282534,-0.0019118667225552777,537.6260375976562,0.0,0.0,0.0,0.0,0.0,1
2022-01-18,525.83544921875,542.8983451610745,524.1617137816077,539.5043926712794,234265,Power,-0.02466358244996547,8.623958961018197e-05,0.0014580102409231799,-0.018371693409241052,534.752783203125,0.0,0.0,0.0,0.0,0.0,0
2022-01-19,524.1616821289062,527.7880992313736,518.8149913235595,526.393310325631,820170,Power,-0.003183062481486365,-0.02430208636621256,-0.027832551092447644,-0.010200520788658407,533.041845703125,0.0,0.0,0.0,0.0,0.0,0
2022-01-20,533.0883178710938,537.4586678706906,521.325631943343,525.3704971400349,765015,Power,0.017030309628760953,-0.0019430588602339371,0.018322824355835987,0.004839182872064862,532.0933715820313,0.0,0.0,0.0,0.0,0.0,1
2022-01-21,511.9339904785156,533.7856825010193,509.562860780086,532.158428839769,994484,Power,-0.03968259420326192,0.012920275760983202,-0.006833986665845337,-0.022563193602065823,526.8303649902343,531.7725799560546,0.0,0.0,0.0,0.0,0
2022-01-24,499.2414245605469,514.305098118179,493.8481958255809,510.4926981198353,355331,Power,-0.02479336428922163,-0.04071293349082172,-0.03649514219183492,-0.030839502177312572,518.8521728515625,528.2391052246094,0.0,0.0,0.0,0.0,0
2022-01-25,503.0074462890625,505.564559600977,484.9681514960931,493.0114578879421,870237,Power,0.00754348806658145,-0.03424385950333342,-0.016994851011944534,-0.01798132382491091,514.286572265625,524.519677734375,0.0,0.0,0.0,0.0,1
2022-01-27,498.5905456542969,509.8418199781528,492.82540690198095,499.05547528344965,635689,Power,-0.00878098459048926,0.012259385251207178,0.008460364350997285,0.016201590520220188,509.17234497070314,521.1070953369141,0.0,0.0,0.0,0.0,0
2022-01-28,503.9837646484375,515.421023233364,498.6370734183111,502.3565107957903,639383,Power,0.01081692992606409,0.006614566267338917,0.010943008275488886,0.011792546477795707,503.3514343261719,517.7224029541015,0.0,0.0,0.0,0.0,1
2022-01-31,507.4241638183594,510.8646541212225,501.2870592027955,509.981276552986,1073260,Power,0.006826408728308531,0.015177997285467981,-0.008840091705142994,0.005314458001122846,502.4494689941406,514.6399169921875,521.9982096354166,0.0,0.0,0.0,1
2022-02-01,505.8899230957031,513.2358340100603,494.87111347827306,507.23823038430106,832461,Power,-0.003023586246092669,-0.005378719366376461,0.0046415031255522265,-0.01279894544799498,503.7791687011719,511.3156707763672,520.0857930501302,0.0,0.0,0.0,0
2022-02-02,507.9821166992188,511.8875370520723,505.2390204541129,507.0987390265091,244114,Power,0.00413566965460177,-0.00027500166477245624,-0.002627051481291609,0.020950721699974695,504.77410278320315,509.53033752441405,517.9378194173177,0.0,0.0,0.0,1
2022-02-03,501.9845581054688,509.0980049863752,499.6134280632039,507.703215931618,266058,Power,-0.011806633337254291,0.0011920299905878728,-0.005449501821751301,-0.011134516858679389,505.4529052734375,507.3126251220703,515.8890319824219,0.0,0.0,0.0,0
2022-02-04,539.643798828125,548.5240001642243,505.006541393846,505.3785077994803,7770569,Power,0.07502071550723644,-0.004578872181993043,0.07744283967269561,0.010794572418817872,512.584912109375,507.9681732177734,516.0099060058594,0.0,0.0,0.0,1
2022-02-07,487.3392333984375,537.4586720584745,485.71197963355456,536.5288127642557,3768139,Power,-0.09692424066258265,0.06163757358897204,-0.020172915136688507,-0.03820655809138118,508.56792602539065,505.5086975097656,512.6159200032552,518.6406387329101,0.0,0.0,0
2022-02-08,474.32122802734375,497.5212002143654,469.7649231959431,489.1059850168924,3109561,Power,-0.026712409916832103,-0.08838822187952144,-0.07430798667951144,-0.032832330900388174,502.2541870117187,503.0166778564453,508.29517618815106,515.6278915405273,0.0,0.0,0
2022-02-09,476.4133911132813,485.8050041245256,468.5096154161147,478.691557756084,1220257,Power,0.004410856951603481,-0.02129278230044296,-0.023549139382988415,-0.002672204155406477,495.94044189453126,500.3572723388672,505.0003723144531,512.4384750366211,0.0,0.0,1
2022-02-10,479.1108703613281,484.07991818578415,473.7158925981431,481.5717090335075,917329,Power,0.005662055891719087,0.006016716256548316,-0.0035509842922476498,0.011112423332879429,491.36570434570314,498.4093048095703,501.9969848632812,509.75820007324216,0.0,0.0,1
2022-02-11,468.8888244628906,484.4111780237749,464.9136034265641,478.7322660709314,1400187,Power,-0.021335449748256408,-0.00589619969220101,0.000684308159760505,-0.018581367670191362,477.21470947265624,494.8998107910156,497.71701863606773,506.3111068725586,0.0,0.0,0
2022-02-14,454.17095947265625,467.6110328838501,450.8109194565293,455.54334577408446,721629,Power,-0.031388815903415024,-0.04843818129737498,-0.03468158024028967,-0.03033398865099557,470.5810546875,489.5744903564453,493.86614990234375,502.1072036743164,509.02872192382813,0.0,0
2022-02-15,456.4425964355469,458.76149728173897,446.22056539418895,457.1524605046535,1024921,Power,0.005001722183048063,0.003532297739603063,-0.018924993166936854,-0.010182437612367923,467.0053283691406,484.6297576904297,491.0128946940104,497.97271423339845,505.90337890625,0.0,1
2022-02-16,450.0064697265625,462.31077923596666,448.53940010823845,461.080330954362,1399051,Power,-0.014100626802242777,0.0085920361127938,0.007736660498446346,0.005196611034726795,461.72394409179685,478.8321929931641,487.4794962565104,494.18126525878904,502.2955688476562,0.0,0
2022-02-17,453.5557861328125,458.8560809251823,449.6751904649101,452.4199921719103,922823,Power,0.007887256395239461,-0.018782711386812423,-0.00747267523481443,0.002532197520212387,456.61292724609376,473.98931579589845,484.4771789550781,490.6509704589844,499.1291455078125,0.0,1
2022-02-18,453.8397216796875,466.5226194909283,452.37268095274726,455.2121369799403,1604727,Power,0.0006260212206661286,0.006171576977900273,0.01670793716035779,0.005998753200167295,453.6031066894531,465.4089080810547,481.1342427571615,486.68854064941405,495.7695068359375,0.0,1
2022-02-21,452.0887451171875,458.9981058614961,447.9242151379073,453.1771975492977,559721,Power,-0.0038581386310116983,-0.0044703101374738985,-0.016128936336769817,-0.009833630548756855,453.18666381835936,461.8838592529297,477.44521484375,483.69627838134767,492.323095703125,499.7217122395833,0
2022-02-22,446.9303894042969,448.634051463674,433.4902860134234,444.8481101011113,468299,Power,-0.011410051164962076,-0.018379317170476916,-0.022579732389896745,-0.03222404289984637,451.2842224121094,459.144775390625,473.5145792643229,481.08072662353516,488.6350158691406,496.80018615722656,0
2022-02-23,448.96533203125,458.0515971778901,446.5517770554952,448.6340563815063,500223,Power,0.004553153410904676,0.008510649352954536,0.020991598126560485,0.03013098900598532,451.07599487304685,456.39996948242185,469.580126953125,478.37862091064454,485.5602111816406,493.75897318522135,1
2022-02-24,420.2868041992188,443.1444482963777,409.8281527329057,438.2227129684419,725901,Power,-0.06387693166036046,-0.023206761200961656,-0.032544693596435637,-0.08223822232830502,444.4221984863281,450.51756286621094,464.13361002604165,474.46343383789065,481.4052160644531,490.0113210042318,0
2022-02-25,439.9737548828125,441.5354500546704,425.9184405672061,425.9184405672061,445914,Power,0.04684170544231958,-0.028077669269784833,-0.0036308662962899474,0.03926106034200827,441.6490051269531,447.6260559082031,457.4889404296875,471.2629333496094,477.6806335449219,486.7494232177734,1
2022-02-28,449.7698364257813,451.473498451066,432.5911047293681,433.49027733875937,379802,Power,0.022265149760076097,0.017777668328869733,0.02250792862762241,0.015666530318048322,441.1852233886719,447.1859436035156,454.98431396484375,468.38021697998045,475.1940673828125,483.80011698404945,1
2022-03-02,453.8397216796875,457.7676300737498,443.7596585600403,445.51066222036405,443162,Power,0.009048817693620093,0.027729306768767836,0.013941309167155858,0.02581780741344475,442.56708984375,446.9256561279297,453.61888020833334,465.7777069091797,473.3779992675781,480.9570281982422,1
2022-03-03,454.26568603515625,460.6071209787386,452.0414395352107,458.99811310549046,260512,Power,0.0009385788310734,0.030274137139404855,0.0062029088962261,0.018662762185377657,443.6271606445313,447.35157775878906,452.1423665364583,463.0918853759766,471.4283288574219,478.5713694254557,1
2022-03-04,443.6650085449219,455.9220054014325,441.39344947806,449.58054199218753,311250,Power,-0.023335853479837687,-0.02051766847054226,-0.010171609087047395,-0.02355534056368591,448.30280151367185,446.3625,449.77930908203126,460.17590789794923,469.2313073730469,475.8881469726563,0
2022-03-07,440.63623046875,447.92417900796994,424.45135455667946,435.38324848106953,238804,Power,-0.006826722905431071,-0.03157897681293487,-0.017542093381565538,-0.038383204239696544,448.4352966308594,445.0421508789062,447.8958028157552,455.2255294799805,466.69740600585936,472.80641072591146,0
2022-03-08,443.7123107910156,454.31295803220985,435.7618398023399,439.83174404870914,577601,Power,0.006980997270681355,0.010217424724444868,0.014263081395581967,0.02664730627959422,447.2237915039062,444.2045074462891,447.1985595703125,453.0441833496094,464.1489318847656,470.5323547363281,1
2022-03-09,449.4385681152344,452.4199911503202,444.8481084532437,446.07852783774257,254402,Power,0.012905337951995222,0.014202666982448653,-0.004166658353943475,0.020851455591029522,446.34356079101565,444.4553253173828,446.73162434895835,451.80005035400393,461.89087768554685,468.87225952148435,1
2022-03-10,457.4837341308594,459.99191472024376,451.4735459291281,454.3130021928333,474785,Power,0.017900479812765546,0.018459696760131816,0.01673649201634797,0.014893707200242634,446.98717041015624,445.3071655273437,447.2301086425781,450.8535675048828,459.8709423828125,467.35480244954425,1
2022-03-11,455.1174926757813,464.15641634064775,453.8397316585613,460.6070962286152,1160192,Power,-0.005172296364970297,0.013854091794428536,0.009053423521447668,0.005241028518212731,449.2776672363281,448.790234375,447.3342224121094,449.65389862060545,457.996259765625,465.90570068359375,0
2022-03-14,458.8087768554688,460.8437145963511,450.5270299808213,455.1174897396569,380517,Power,0.008110618113105872,-0.01191819781741621,-0.0071370374892446575,-0.007299276477257033,452.91217651367185,450.6737365722656,447.6654927571615,449.1498962402344,454.76285888671873,464.3998677571615,1
2022-03-15,451.7574462890625,462.6893694191922,449.2019531730986,458.0989096918792,258379,Power,-0.01536877872026321,0.006550879760581774,0.004004947370189749,-0.002941170494873746,454.5212036132813,450.87249755859375,447.6434061686198,449.0292205810547,453.33958740234374,462.5443105061849,0
2022-03-16,460.0865173339844,461.8848336553448,454.1236425196554,454.1236425196554,389812,Power,0.01843704207499086,-0.008677748599964175,-0.0017388248294041286,0.010956518135753157,456.6507934570312,451.49717712402344,448.5204813639323,449.21141662597654,452.7701989746094,461.0175303141276,1
2022-03-17,457.34173583984375,467.6110788508835,455.5433905548417,467.6110788508835,681311,Power,-0.005965794238104394,0.029699921053205847,0.012397560556862919,0.0031263468849782594,456.6223937988281,451.8047821044922,449.0789082845052,449.57817993164065,452.00733276367185,459.3295176188151,0
2022-03-21,456.3952331542969,460.8436968305232,454.31295389516816,459.6132774674997,165135,Power,-0.0020695742622499624,-0.01710353271149545,-0.014472244834298209,-0.0027010306486390245,456.87794189453126,453.0778045654297,451.4861368815104,449.7201522827148,451.0987072753906,457.80987345377605,0
2022-03-22,459.4239501953125,460.9383324236949,452.9878618302355,456.3952146229863,216083,Power,0.006636171504428745,-0.0070016751087895734,0.00020535290777012882,-0.0029166944362287728,457.0009765625,454.9565765380859,452.78281656901044,449.9993637084961,450.7201123046875,455.13587849934896,1
2022-03-23,458.43017578125,467.27981940172384,452.9405435315702,461.8848414620185,498893,Power,-0.0021630879575172957,0.012028230496603731,0.013757777411751215,-0.00010445820440774245,458.3355224609375,456.42836303710936,453.36017252604165,450.3164352416992,450.89048095703123,454.1722432454427,0
2022-03-24,467.9423828125,469.26745661495033,454.3129986304743,458.0989402857282,425873,Power,0.020749522029258838,-0.008196634391175794,0.004253633755832542,0.0030300999071601886,459.9066955566406,458.27874450683595,454.30034993489585,451.3670349121094,451.35047241210935,453.95961507161456,1
2022-03-25,459.944580078125,472.4855113116832,458.2882306699192,472.2962026826832,595638,Power,-0.017091426269844057,0.03099169447565142,0.006857613182781108,0.008749985255601889,460.42726440429686,458.5248291015625,454.67894287109374,451.91599731445314,451.74799682617186,453.41065470377606,0
2022-03-28,464.2037353515625,466.0967059858689,454.17098521285067,463.6831510964645,228813,Power,0.009260148848180938,-0.018236546339555182,-0.013521695740633666,-0.008983965071610034,461.98896484375,459.43345336914064,456.0481913248698,454.1118438720703,452.17391479492187,452.91375020345055,1
2022-03-29,464.2983703613281,469.3620726895276,463.0679509774024,468.5102416633912,176995,Power,0.0002038652482923009,0.01041032126250907,0.0070057708233572935,0.01958946311901033,462.96384887695314,459.98241271972654,457.62566731770835,455.3280746459961,452.5922607421875,452.7607350667318,1
2022-03-30,463.2099304199219,466.5699707859332,456.3952531436861,464.2983828094136,291680,Power,-0.0023442682785193014,-0.008989897081062348,-0.0059487164942730875,-0.014409759560410462,463.9197998046875,461.1276611328125,458.9255086263021,456.0000793457031,453.0371081542969,453.06203409830727,0
2022-03-31,465.52880859375,467.5637462468839,461.0803160534147,465.6707756143055,184809,Power,0.00500610634950327,0.0029558423111184506,0.0021299601842714733,0.010265362922724508,463.4370849609375,461.67189025878906,459.99819132486977,456.58453369140625,453.781044921875,453.3649078369141,1
2022-04-01,475.60888671875,477.54917012571696,462.3580918648943,464.3457168698607,606197,Power,0.02165296312262499,-0.002845484006800292,0.021356283413728416,0.002771265150541602,466.5699462890625,463.4986053466797,461.20653483072914,457.6516937255859,454.846787109375,454.21832173665365,1
2022-04-04,481.808349609375,483.8433161930116,475.656194914236,477.028610207697,365401,Power,0.013034791955624403,0.027313471142430767,0.013180100523759064,0.028761480080741197,470.090869140625,466.0399169921875,462.9859252929688,459.5588607788086,457.3076489257812,455.1600738525391,1
2022-04-05,504.666015625,509.8716852093806,479.5841530820754,484.6005140368837,1206501,Power,0.04744140701205524,0.015873060162764352,0.05379503683375453,0.008257977526283655,478.1643981933594,470.5641235351562,466.04307454427084,462.7603500366211,459.89533935546876,456.8542836507161,1
2022-04-06,511.9539489746094,523.4063986032214,492.5509992976365,501.16399287595976,3289661,Power,0.014441101885142249,0.03417965594195671,0.02654533245611157,0.02703768698825626,487.9132019042969,475.9165008544922,470.05617472330727,466.1724319458008,462.38270385742186,458.84979044596355,1
2022-04-07,508.5938720703125,522.4125926339332,503.0569559635899,513.8469118989594,1034820,Power,-0.006563240523931424,0.025306923887763677,-0.001898727206889994,0.02132968297888871,496.5262145996094,479.9816497802734,473.2899983723958,469.1301971435547,464.5728698730469,460.9052398681641,0
2022-04-08,513.515625,515.550591649329,506.9849106202806,510.86547752262624,348421,Power,0.009677177016806482,-0.005802184088866236,-0.013135213586653594,0.007808170844525453,504.10756225585936,485.33875427246096,477.03492431640626,471.9317916870117,466.94286743164065,463.0569163004557,1
2022-04-11,530.1264038085938,533.2971642870416,512.2378659494515,512.9477299383591,1390063,Power,0.03234717309447732,0.004075930959027474,0.034422562838960946,0.010361167007404859,513.7711730957031,491.93102111816404,481.95033569335936,475.68223724365237,470.4013232421875,466.7182362874349,1
2022-04-12,518.7212524414062,540.3011055333567,515.6451752440988,530.0317632283584,1614322,Power,-0.02151402247699663,0.03330560268207505,0.01313328049602247,0.006651810655059265,516.5822204589844,497.37330932617186,485.9034891764323,478.67786102294923,473.52472412109375,469.34315287272136,0
2022-04-13,518.7212524414062,533.6283957822038,516.213101080313,519.1471823763475,966351,Power,0.0,-0.020535714285714213,-0.012349983523661123,0.0011013888299165053,517.9356811523437,502.9244415283203,489.9228942871094,482.0260513305664,476.5250817871094,471.64153340657555,0
2022-04-18,539.9699096679688,546.926554108285,511.8592823085152,519.9990912435427,1645800,Power,0.040963537018300133,0.0016409775418517736,0.02492025992467739,-0.008434150087795578,524.210888671875,510.36855163574216,494.7247294108073,486.0202209472656,480.1463354492187,474.5125396728516,1
2022-04-19,518.2953491210938,541.8628571966761,512.9950543241894,540.6324378083463,816279,Power,-0.04014031181886202,0.0396795819689999,-0.009258458697191552,0.0022189145629083473,525.1668334960938,514.6371978759765,498.6147806803385,489.0679016113281,482.5788000488281,476.64686177571616,0
2022-04-20,521.18212890625,526.8136699598361,516.4023321521803,516.4023321521803,378515,Power,0.005569758227720101,-0.04481807594526077,-0.027773055556339243,0.006641931143916313,523.377978515625,518.574575805664,502.41334025065106,492.30724639892577,485.22138549804686,479.2307657877604,1
2022-04-21,527.8075561523438,533.107850780022,503.5301848468205,525.2993469736567,282523,Power,0.012712307039379533,0.01722884322461682,0.011947641413074361,-0.02492658631442135,525.1952392578125,520.8887298583984,506.6472859700521,495.72642669677737,487.98133666992186,482.1364766438802,1
2022-04-22,512.616455078125,526.671797533135,510.0136203015175,525.1573862745065,189865,Power,-0.02878151496155179,-0.00027024724086954777,-0.012072703933115991,0.012875961858511697,523.9742797851562,520.95498046875,509.94105428059896,498.4357406616211,490.4156970214844,484.43328145345055,0
2022-04-25,508.3099670410156,516.4024055700719,504.571338197509,512.8057726425895,660146,Power,-0.00840099453392118,-0.02351983225360299,-0.019498655540630128,-0.010670856399464412,517.6422912597657,520.9265899658203,512.7931315104166,500.45411987304686,492.3446350097656,486.3956614176432,0
2022-04-26,517.68017578125,524.7315032203809,510.8654696805539,512.0485763727274,556162,Power,0.01843404486986633,-0.001476575167943417,0.01612908375419786,0.012474215252751941,517.5192565917969,521.3430450439453,515.5978841145833,503.3408996582031,494.7581726074219,488.40220947265624,1
2022-04-27,515.597900390625,524.5895113198786,508.4046347547748,514.8880363698944,453048,Power,-0.0040223201274465215,0.005545294193143313,-0.00027059915334004536,-0.004816992088578331,516.4024108886719,519.8901947021484,517.8505208333333,505.9106079101563,497.126279296875,490.41822306315106,0
2022-04-28,518.6738891601562,521.1347275705206,509.7769051801522,515.8344335625642,467619,Power,0.005965867524287516,0.001838064056298938,-0.0065856897151178595,0.0026991697784959356,514.5756774902344,519.8854583740234,518.7843790690105,508.62938385009767,499.49627685546875,492.4137268066406,1
2022-04-29,504.6187133789063,524.0689767666586,501.6372612657167,518.8633070742785,395524,Power,-0.027098290611868414,0.005871793960701144,0.0056305002159753315,-0.01596707075531212,512.9761291503906,518.4752044677734,518.2953633626303,510.6998229980469,501.343818359375,494.17576904296874,0
2022-05-02,507.9787292480469,509.3984573578687,498.08794519584416,500.832775982387,327466,Power,0.0066585241095045156,-0.034750060075669165,-0.027993489519838377,-0.007075463375501689,512.9098815917969,515.2760864257813,518.2543538411459,512.8223190307617,502.94527221679687,495.7721761067708,1
2022-05-04,500.54876708984375,516.402397109332,498.7504795400075,507.9313992244728,709229,Power,-0.014626522195528957,0.014173639550969508,0.013749432591121602,0.0013301553481741557,509.4835998535156,513.5014282226563,517.3898966471354,514.0693130493164,504.56943969726564,497.21241048177086,0
2022-05-05,495.0118408203125,511.4807091100323,490.5633480966405,506.3696650838761,485823,Power,-0.011061711932131124,-0.0030746950138960116,-0.009530722604793929,-0.016415285356553344,505.36638793945315,510.8843994140625,515.04892578125,514.7294876098633,505.8017639160156,498.4996307373047,0
2022-05-06,467.0432434082031,494.39663746425526,460.79643384118543,490.2794489828608,1166138,Power,-0.05650086544548305,-0.031775631935515136,-0.03340120427122861,-0.06067904251499645,495.0402587890625,504.80796813964844,511.6037251790365,512.8483489990234,505.91155883789065,498.75360717773435,0
2022-05-09,460.27581787109375,464.2037552128911,446.9303974357909,461.88485453287393,1208803,Power,-0.014489933496788732,-0.05791512270990473,-0.061070161007207635,-0.030091457717690395,486.1716796875,499.5739044189453,507.707362874349,510.26444244384766,505.7941943359375,498.81512858072915,0
2022-05-10,443.5230102539063,470.21387795579096,439.5951020986992,454.5495580454293,1153281,Power,-0.03639732301095877,-0.015881223243102816,0.012947165281210538,-0.016412612297523443,473.28053588867186,493.0952087402344,501.27756958007814,507.01089935302736,504.91396240234377,498.0011494954427,0
2022-05-11,428.2373046875,467.2798250582948,424.971918702712,432.5438014412903,2411659,Power,-0.03446428981814409,-0.04841222747804241,-0.006239826247263602,-0.033265119029247,458.8182434082031,484.1509216308594,495.27369995117186,502.74698333740236,503.01909912109375,496.9442403157552,0
2022-05-12,415.3651123046875,434.7207208792146,407.2726450234412,428.2373191725592,1043176,Power,-0.030058549878567487,-0.009956176124548355,-0.06967795833046797,-0.04164810167528332,442.88889770507814,474.1276428222656,488.2192321777344,497.00891876220703,500.36136962890623,495.3162862141927,0
2022-05-13,408.5503845214844,425.16121929622665,405.0957188641338,423.0789400286631,425307,Power,-0.01640659646495357,-0.012045608621553794,-0.021989983738649577,-0.005345132274184872,431.19032592773436,463.11529235839845,480.2687540690104,491.50037536621096,496.5167443847656,493.45802001953126,0
2022-05-16,406.8466796875,411.200517498792,400.5998714264669,408.1717532254314,527472,Power,-0.004170121724349496,-0.03523500083039288,-0.03283625402275381,-0.01109823488204964,420.50449829101564,453.3380889892578,473.2174357096354,485.9066467285156,492.31245361328126,491.57924499511716,0
2022-05-17,416.690185546875,419.5296416664448,407.1780191000925,409.5915452479504,443511,Power,0.024194632402888994,0.003478418120067328,0.02025562666680547,0.016420743347225653,415.1379333496094,444.2092346191406,467.1094502766927,479.74266052246094,488.63630615234376,489.9512908935547,1
2022-05-18,411.05859375,422.2271386942607,409.0709975364898,419.6716165848307,444804,Power,-0.01351505745085868,0.02461005715041842,0.006429812723365513,0.004649019219114425,411.7021911621094,435.2602172851563,460.0013448079427,474.3808227539063,484.53802490234375,487.79961446126305,0
2022-05-19,397.3345336914063,409.92280602864713,393.0280369534587,404.1492396848329,499447,Power,-0.03338711382577364,-0.036986959056975466,-0.029141501192142205,-0.03921803471682217,408.09607543945316,425.49248657226565,452.11712036132815,468.1884429931641,479.2263500976562,484.98382059733075,0
2022-05-20,406.6574401855469,408.3611312104569,400.9312151558888,401.1204949023621,237546,Power,0.02346361995653079,-0.007494124657595913,-0.003809680250093428,0.020108433646849555,407.7174865722656,419.45390625,444.64935709635415,462.13093719482424,474.74379760742187,481.7168680826823,1
2022-05-23,406.6574401855469,412.6676281615775,403.8653256284214,407.8878885176111,333652,Power,0.0,0.016871223737635832,0.010545805224790428,0.0073182390435519995,407.679638671875,414.0920684814453,438.1186055501302,456.83298645019534,470.2612451171875,478.2069844563802,0
2022-05-24,407.4619445800781,419.955562796937,405.1903855091331,408.6450512716579,1235154,Power,0.0019783343793344788,0.001856301143921213,0.01766054359007274,0.0032809449007533686,405.8339904785156,410.4859619140625,431.4174865722656,451.79058532714845,464.9609265136719,474.83592020670574,1
2022-05-25,408.7397155761719,414.5132821491135,404.1965684387765,408.4084399175428,718678,Power,0.0031359272027491336,-0.0005790143631466682,-0.012959182184842377,-0.0024527163178065248,405.37021484375,408.5362030029297,425.29688313802086,446.3435623168945,460.578701171875,471.3433898925781,1
2022-05-26,417.3527221679688,418.7251085801112,397.145254384928,409.8281521622529,379813,Power,0.02107210594805009,0.0034762069192220135,0.010160896194111979,-0.0174452595703235,409.3738525390625,408.73496398925784,420.11960856119794,441.4313034057617,456.42552490234374,467.584267171224,1
2022-05-27,409.9228210449219,420.09753881017554,408.6450600137924,418.1099137489121,330812,Power,-0.017802450369681977,0.02020788845999144,0.0032776401556577905,0.02895617032280673,410.0269287109375,408.87220764160156,416.31158040364585,435.99375,451.7101354980469,463.95765279134116,0
2022-05-30,420.6654052734375,429.6570156690653,407.13064808409206,411.7211075892741,548196,Power,0.026206358067921265,-0.015280207308058902,0.022755374587446253,-0.0037059347533754394,412.8285217285156,410.2540802001953,413.67088623046874,431.79608459472655,448.0320935058594,460.6891245524088,1
2022-05-31,431.6446533203125,436.2824548685701,416.4535742672937,422.1324866436659,1454096,Power,0.026099717041714765,0.025287455178951035,0.015420297953677276,0.022899101865885507,417.6650634765625,411.74952697753906,412.8789957682292,427.97938079833983,444.9654809570313,457.0782826741536,1
2022-06-01,453.6030883789063,455.7326803431265,430.1775767724839,435.38324601835546,1718825,Power,0.050871555780164,0.03139004884472407,0.04458172740504951,0.032954459640156086,426.6377380371094,416.0039764404297,414.57004801432294,425.632096862793,442.4023974609375,454.9218739827474,1
2022-06-02,455.164794921875,457.4836955621805,444.99007750138907,449.5805371842638,465967,Power,0.0034428922178417753,0.03260872184620034,0.003842198057281365,0.03443345615557103,434.2001525878906,421.78700256347656,417.2233601888021,423.6397445678711,439.9850732421875,452.72129618326824,1
2022-06-03,440.63623046875,458.7141059108302,439.1691897722093,455.2594402595532,479468,Power,-0.03191935012376934,0.012631558987976854,0.0026895173764338587,-0.013080938257913455,440.34283447265625,425.18488159179685,419.36241658528644,422.31939392089845,436.86356689453123,449.8155853271484,0
2022-06-06,434.5787353515625,440.636235712586,429.8936502786856,440.636235712586,166225,Power,-0.013747156267072125,-0.03212059598067907,-0.03940988507939713,-0.021120651697662973,443.12550048828126,427.9770111083984,421.211220296224,421.0345397949219,434.0619677734375,447.2143280029297,0
2022-06-07,432.2125244140625,436.7556713733625,428.4739246544951,433.4429726858156,259434,Power,-0.005444838288246712,-0.01632471967526139,-0.008806729961615467,-0.003302504289770636,443.23907470703125,430.4520690917969,422.2460428873698,420.46901550292966,431.0313195800781,444.67774658203126,0
2022-06-08,433.53759765625,436.09311962344617,425.0665712090957,432.2125239595128,280457,Power,0.003065790941583435,-0.002838778810228204,-0.0015169848804319486,-0.007952300593663808,439.2259765625,432.9318572998047,423.74464314778646,420.73403015136716,428.3508728027344,441.8729939778646,1
2022-06-09,432.8750915527344,435.1466506733251,424.5933445306754,432.023260493068,207483,Power,-0.001528139905505821,-0.0004378944522730466,-0.002170336810033424,-0.0011133001521954622,434.7680358886719,434.4840942382813,426.114013671875,421.60952911376955,425.86540283203124,439.1155670166016,0
2022-06-10,441.0621643066406,443.71231168002896,427.90602398081984,427.90602398081984,1029595,Power,0.018913245214777774,-0.009530126937029149,0.019684538519255,0.007802005125177258,434.85322265625,437.5980285644531,428.4076619466146,423.23511810302733,424.82615966796874,436.52850952148435,1
2022-06-13,431.4553527832031,441.91400435198864,423.5521943299901,436.6610222107226,758543,Power,-0.021781082806183627,0.02046009576695096,-0.004052867771983548,-0.010174733251768653,434.2285461425781,438.67702331542966,430.06085611979165,424.4655517578125,423.6733410644531,434.08973083496096,0
2022-06-14,446.12591552734375,447.7349234360452,430.65087288948143,431.5500456064346,1105510,Power,0.03400250489304346,-0.011704677872121927,0.01317206295055584,0.016759867271424866,437.0112243652344,440.1251495361328,432.6384541829427,425.9373382568359,423.77745727539065,432.02797037760416,1
2022-06-15,448.9179992675781,461.2696506720752,444.94277804574506,449.62786329480986,1712880,Power,0.006258510530449568,0.04189043164848116,0.030229331078667432,0.0331867553416787,440.0873046875,439.656640625,435.31700642903644,427.83030853271487,424.60468505859376,430.30694478352865,1
2022-06-16,444.6114807128906,455.25944060223605,440.2103297355158,455.25944060223605,1212931,Power,-0.009593107341905882,0.012524974022203095,-0.013029710628224112,-0.010636082983557671,442.43458251953126,438.60130920410154,437.13425699869794,430.19415588378905,425.77453979492185,428.62693277994794,0
2022-06-17,440.6836242675781,453.4611776387644,437.03964956631415,442.43462809903673,846318,Power,-0.00883435677147737,-0.028170338403601503,-0.003949974021610236,-0.00720264826840078,442.35887451171874,438.6060485839844,439.1849772135417,431.8954650878906,427.05986938476565,427.74827880859374,0
2022-06-20,429.3258056640625,444.090984452944,425.06662114137225,440.11573401132233,469991,Power,-0.025773180526942552,-0.005241212916985649,-0.02066371642796927,-0.027395748730860148,441.93296508789064,438.08075561523435,439.76233723958336,433.0288833618164,427.95903442382814,426.71661173502605,0
2022-06-21,438.5540161132813,441.961369332084,426.4863272565012,428.5212650907561,476825,Power,0.021494655870836876,-0.026344136381790784,-0.004795447769522565,0.00333996141902837,440.4185852050781,438.71490478515625,440.22296142578125,434.58348693847654,428.8335876464844,426.5509785970052,1
2022-06-22,435.85650634765625,449.485889694343,429.89366015986855,438.0807527106834,716282,Power,-0.006150917940581091,0.022308082232284754,0.01702528972980244,0.007989313339271664,437.80628662109376,438.94679565429686,439.03985595703125,435.93932647705077,429.8255041503906,426.80495198567706,0
2022-06-23,431.4080200195313,439.547799977048,419.434985867937,439.547799977048,695005,Power,-0.010206309331944774,0.0033488055736003997,-0.022109903659162766,-0.024328514842582694,435.16559448242185,438.8000885009766,437.45607096354166,436.64209136962893,431.1884436035156,427.3397155761719,0
2022-06-24,437.8441162109375,439.68974526018366,429.7516493683602,431.4079986836642,314591,Power,0.014918814423326765,-0.01851858044519583,0.0003229348051407843,0.024596573600256466,434.5976928710937,438.47828369140626,437.2699300130208,438.0381561279297,432.43591064453125,428.31617329915366,1
2022-06-27,444.5168151855469,449.2965832792473,438.45931504492256,438.7432490810303,268302,Power,0.015239896409604103,0.017003046813568234,0.02184912912485326,0.02026208785786099,437.6358947753906,439.7844299316406,437.9324686686198,439.23072662353513,433.9502856445313,429.57184448242185,1
2022-06-28,449.8644714355469,451.37885375942193,436.4243969117016,443.806971024487,480685,Power,0.012030267623886814,0.011541424179318804,0.004634512163384175,-0.00464106489107774,439.8979858398437,440.1582855224609,439.10926513671876,440.1417175292969,435.64638671875,430.6776540120443,1
2022-06-29,435.4779357910156,450.1484594059232,432.59113800709446,445.36869083298166,774595,Power,-0.031979710686249274,0.003518916804955863,-0.0027258573219616222,-0.008783328640040944,439.8222717285156,438.8142791748047,439.2386210123698,439.23545989990237,436.7159155273437,431.49163208007815,0
2022-06-30,427.4800720214844,438.31734005880094,423.6468181815181,436.329715188862,414677,Power,-0.018365715257200543,-0.020295489625042795,-0.02628270540509281,-0.020676151311795232,439.03668212890625,437.10113830566405,438.8789530436198,437.8512237548828,437.1210095214844,432.4964833577474,0
2022-07-01,433.8688659667969,435.95114522963934,425.35049806607,426.8648803586428,220456,Power,0.014945243915350126,-0.021691932730555474,-0.005398360075930753,0.004021462717139768,438.24163208007815,436.41966247558594,438.39939982096354,437.51285552978516,438.0788513183594,433.4035308837891,1
2022-07-04,440.77825927734375,441.91402441880285,430.65085401379207,433.0170674973844,222648,Power,0.015925072879222624,0.014412493090489642,0.01367786105028479,0.012461149033141217,437.4939208984375,437.5649078369141,439.0209269205729,437.82283172607424,438.8833654785156,434.5408915201823,1
2022-07-05,446.69378662109375,449.34393413117664,440.25766870677006,443.6177091362569,482182,Power,0.013420642282694573,0.024480886400480184,0.016813020863380546,0.022307664325844634,436.8597839355469,438.37888488769534,439.0587849934896,438.5468948364258,439.4853308105469,435.84861958821614,1
2022-07-06,452.0414123535156,453.5557947018498,444.0909411303124,447.2143312551434,252938,Power,0.011971569546271654,0.008107480934179234,0.009373355798864669,0.008706883936405507,440.1724792480469,439.99737548828125,439.2670125325521,439.4720855712891,439.42286376953126,437.29200948079426,1
2022-07-07,454.5968933105469,457.24706957025546,451.8047789123961,454.076337931832,210536,Power,0.0056532009837910735,0.015343888147389517,0.008138524326058327,0.017369950763801212,445.59584350585936,442.31626281738284,439.9327067057292,440.5581756591797,439.4001477050781,438.5334818522135,1
2022-07-08,455.1174926757813,458.950746843,448.6340621609136,456.63187503380334,225955,Power,0.0011451890078773008,0.005627990028308938,0.0037259446503303817,-0.007017891132349741,449.84556884765624,444.04360046386716,440.89496459960935,441.26094207763674,439.9793981933594,440.03997090657555,1
2022-07-11,462.7840270996094,466.61728124367664,449.76985343409103,452.94055627413735,290019,Power,0.016845176349417068,-0.008083795638210156,0.016704481806408822,0.00253166526791726,454.24672241210936,445.8703216552734,443.1255126953125,442.827375793457,441.10760986328125,441.4439249674479,1
2022-07-12,450.4324035644531,468.8415564539921,447.0250502909712,463.35192371214816,610344,Power,-0.026689822491426818,0.022986167376253697,0.0047668084739320715,-0.006102683677357779,454.99444580078125,445.92711486816404,443.9174051920573,443.0427001953125,441.8364050292969,442.0701833089193,0
2022-07-13,456.06396484375,463.54119321987264,451.47350518811487,453.1298545258071,489593,Power,0.012502566943967786,-0.022061134665087523,-0.011305233423009486,0.009951242987944697,455.7989562988281,447.9857177734375,445.2645690917969,443.3999984741211,442.7374597167969,442.15221252441404,1
2022-07-14,463.6831665039063,464.7243061642581,456.6791807011294,458.6668057100846,413597,Power,0.016706432096135204,0.012219347564445648,0.002552336149819423,0.011530411980312127,457.6162109375,451.6060272216797,447.41624552408854,444.35358276367185,443.9697827148438,442.43615824381516,1
2022-07-15,470.4505310058594,471.3497036408783,464.0617549022933,466.33334284666927,410106,Power,0.014594803069901907,0.016714828806317694,0.01425661922292143,0.01616577788772755,460.6828186035156,455.2641937255859,449.5900065104167,445.84192810058596,445.14531738281255,443.4299682617188,1
2022-07-18,489.1908874511719,490.2793686164616,473.2426337996733,473.2426337996733,668856,Power,0.03983491400306027,0.014816206173093205,0.04016055346882297,0.019783743866833126,465.9641906738281,460.10545654296874,452.5682779947917,448.8351821899414,447.45473876953133,445.2503733317058,1
2022-07-19,495.2957458496094,498.7977530127726,485.64158423752207,487.2979335122324,554599,Power,0.012479501468732668,0.029699986241114695,0.017374552023980305,0.026199986121912655,474.9368591308594,464.9656524658203,455.59702962239584,451.6722686767578,449.4215319824219,447.35314737955736,1
2022-07-20,484.2218933105469,500.6434193155602,480.0573636981695,500.6434193155602,475779,Power,-0.022358061081398706,0.02738670715703484,0.003700229785799314,-0.01149864575151649,480.5684448242188,468.18370056152344,458.8466267903646,454.09053802490234,450.8336877441407,449.0426239013672,0
2022-07-21,481.5244445800781,487.9605337106149,479.91540785522295,484.4112134802949,271885,Power,-0.00557068725667631,-0.03242268890192679,-0.025333171506147667,-0.0002957060003266898,484.13670043945314,470.87645568847654,462.4495849609375,456.5963592529297,452.3102062988282,450.66426900227873,0
2022-07-22,476.27142333984375,484.6004825804188,472.6747618025284,481.5244052984142,854890,Power,-0.01090914760270445,-0.005959416507186566,-0.006885907564378457,-0.015087338172894982,485.30087890625,472.9918487548828,465.27642211914065,458.517724609375,453.7337182617188,451.8379109700521,0
2022-07-25,477.2652587890625,481.95037303199314,473.8105928860697,476.2714606815036,1153332,Power,0.0020866997273309984,-0.010908989366084643,-0.005468648182755165,0.0024029865254702187,482.91575317382814,474.4399719238281,467.7088887532552,460.15514678955077,455.6512963867188,453.36490783691414,1
2022-07-26,474.8043823242188,483.9853020103201,472.2015475444359,477.217937359773,555617,Power,-0.0051562028023735,0.001987263055642785,0.004222279081402158,-0.0033959674304299137,478.81748046875,476.8771697998047,469.5829284667969,461.4021423339844,457.1013110351563,454.3208567301433,0
2022-07-27,482.8022155761719,484.55321936938793,470.59255950947926,474.1891925297804,489142,Power,0.0168444806949819,-0.006346670133040688,0.0011734186073604214,-0.003407417962359105,478.533544921875,479.5509948730469,471.63364868164064,463.7683563232422,458.979139404297,455.4503306070964,1
2022-07-28,475.9401550292969,485.9729053265697,474.1891513880021,484.3638687082037,394553,Power,-0.014212984790647365,0.021456997204305273,0.002929886543792559,0.007642687513529145,477.41668701171875,480.7766937255859,473.05653279622396,466.1913604736328,460.76042480468755,456.4946197509766,0
2022-07-29,496.6681518554688,498.5611224199488,477.9277548208911,477.9277548208911,783185,Power,0.043551687343750256,-0.013287766291234071,0.025903125370579927,0.007884202795331197,481.49603271484375,483.39845581054686,475.8265767415365,469.3313247680664,463.11338623046885,458.360770670573,1
2022-08-01,498.9397888183594,503.53021978212826,493.35550199517735,498.5611715605941,582879,Power,0.004573752020144761,0.043172668947497383,0.009966876955949111,0.03228050059588594,485.8309387207031,484.37334594726565,478.23696085611977,472.23940124511716,465.2903051757813,460.68123677571623,1
2022-08-02,502.7730712890625,504.3821080716612,495.24850057697296,498.9398168565296,409849,Power,0.007682855840744907,0.000759476103504575,0.0016918315049720967,0.00383698686675249,491.4246765136719,485.12107849121094,481.72633870442706,475.0433654785156,467.40664916992193,462.82187194824223,1
2022-08-03,504.5240173339844,505.8491199658651,495.67440218977765,502.536421155046,239748,Power,0.0034825772200419713,0.007208493243085146,0.0029085327784772463,0.0008599755724822966,495.7690368652344,487.1512908935547,484.95700887044273,477.66749572753906,470.1684924316407,465.11078898111987,1
2022-08-04,503.1515502929688,510.0609390321932,496.857457860402,506.2749979230847,576025,Power,-0.002720320527589526,0.0074394145591394345,0.008326235828209683,0.002386759666018534,501.21131591796876,489.3140014648437,487.58823445638023,480.09522857666013,473.1953515625001,467.50223999023444,0
2022-08-05,511.9065856933594,514.7934122668689,500.1228891339964,500.6907572444902,318171,Power,0.017400394364864402,-0.011030054222513352,0.009278250641296504,0.006572169184410059,504.2590026855469,492.8775177001953,490.3519714355469,482.93468322753904,476.3168603515626,469.97098897298184,1
2022-08-08,519.1471557617188,520.2356368986688,508.5938221952024,511.1020311965873,445171,Power,0.014144319043194686,0.02079382093928528,0.010571667201091817,0.016937703203054877,508.30047607421875,497.0657073974609,492.34905598958335,485.75283966064455,479.4516162109376,472.45866699218755,1
2022-08-10,513.231689453125,534.764231518701,511.76464869034567,534.764231518701,1509501,Power,-0.01139458483580491,0.04629643178430731,0.02792695000027856,0.006234496678424684,510.39219970703124,500.90843811035154,493.54478556315104,488.89280395507814,482.11313232421884,474.5709075927735,0
2022-08-11,527.0503540039062,529.4639379071403,513.7995588533981,515.834525501922,343176,Power,0.026924807713073484,-0.035398227669452775,-0.009911458731089895,0.003976261682513638,514.8974670410156,505.333251953125,496.40001627604164,492.44212341308594,485.1134899902344,477.6233215332032,1
2022-08-12,548.204345703125,552.6528385595639,524.0216557073232,525.2993878675559,1040317,Power,0.040136566721786116,0.018348640693300444,0.0437969406265597,0.019895106326554446,523.9080261230469,512.5596710205078,500.8453430175781,496.6681823730469,488.85778808593756,481.64746398925786,1
2022-08-16,549.8606567382812,552.7001126906929,543.0459508987176,548.2043074327079,524972,Power,0.003021338754678915,0.043603552743767926,8.554037513364143e-05,0.03630440647670441,531.4988403320312,517.8789215087891,505.7512919108073,500.638688659668,492.6475146484375,485.513857014974,1
2022-08-17,550.6178588867188,560.3193338391706,548.2516454836817,550.6651716010031,466031,Power,0.0013770800641186298,0.004488954455355687,0.013785452496807515,0.00958610330552867,537.7929809570312,523.046728515625,510.64146525065104,503.7100372314453,496.1608679199219,489.17517700195316,1
2022-08-18,556.0601196289062,558.3317074804737,546.4059579130627,548.9614798038564,416249,Power,0.009883916139572957,-0.0030938797022397324,-0.0035473099689030674,-0.0033664970927551607,546.3586669921875,528.3754333496094,516.0585144042968,506.74825592041014,500.3859765625,492.82072143554694,1
2022-08-19,555.01904296875,565.1937606759599,550.4758669867039,556.1547791953792,323024,Power,-0.0018722375933937219,0.013103468378314886,0.012290280318221214,0.007448507862516163,551.9524047851562,533.424935913086,520.872969563802,510.2881134033203,504.3441796875,496.2533091227214,0
2022-08-22,552.3214721679688,577.3560193132789,543.7557919598013,554.59305994167,1587273,Power,-0.004860321163670633,-0.0028080658696642002,0.02151874186079694,-0.012207755925229158,552.775830078125,538.341928100586,525.9650573730469,513.8279647827148,507.8897119140625,499.5107950846355,0
2022-08-23,549.7659912109375,562.070300733431,546.8319097400491,552.2742004903829,673814,Power,-0.00462679994496773,-0.004181190892527664,-0.026475377528806354,0.005657167842131772,552.7568969726562,542.1278686523438,529.5049133300781,517.5026931762695,511.0623303222656,502.6657450358073,0
2022-08-24,549.8606567382812,560.0353739010895,543.5665062695506,553.1733553494281,602804,Power,0.00017219240341748154,0.0016280949902183206,-0.0036204133712209874,-0.005971494004530231,552.6054565429688,545.19921875,532.8996378580729,521.1324630737305,513.48912109375,505.56829935709635,1
2022-08-25,541.34228515625,554.6403922214353,539.969869901585,550.8544509776029,385349,Power,-0.015491873218501206,-0.00419200301207634,-0.009633287344108177,-0.006616736547380486,549.6618896484375,548.0102783203125,535.4709187825521,524.459358215332,515.3309826660156,508.5986287434896,0
2022-08-26,545.5068359375,548.9142180310542,543.2826183601297,544.2291037579697,430991,Power,0.007693008463301565,-0.01202740071878372,-0.010324120404297754,0.006135061682513099,547.7594482421875,549.8559265136719,538.2031066894531,527.5945892333984,517.7823803710937,511.58005777994794,1
2022-08-29,547.7784423828125,548.9142364521135,534.7642677257694,534.7642677257694,180340,Power,0.00416421261047728,-0.017391271372376838,3.355908573254851e-08,-0.015679409475813033,546.8508422851562,549.8133361816406,541.178232828776,531.1865036010743,520.4325402832031,514.3832336425781,1
2022-08-30,550.9964599609375,553.1260519611438,545.7907906270998,549.056118812312,322415,Power,0.005874669992719683,0.026725516174299635,0.007672993756280055,0.020619408525972993,547.0969360351562,549.9269165039062,543.7842244466145,533.9029190063477,523.4215417480468,517.0680979410807,1
2022-09-01,551.8955688476562,560.1773154256156,544.4183694557407,545.1755461605211,281377,Power,0.0016317870477471352,-0.007067715883369297,0.012748022696582595,-0.002514555384458217,547.5039184570312,550.0546875,545.967451985677,536.5507080078125,526.4067541503906,519.1582539876302,1
2022-09-02,546.5006103515625,557.4325035131811,543.0932287659587,554.167117823639,435849,Power,-0.009775324899524485,0.01649298418911571,-0.0048998983658397055,-0.0024340484526759187,548.5355834960938,549.0987365722656,548.185380045573,538.7370849609375,529.2746032714844,520.865082804362,0
2022-09-05,541.9574584960938,550.4285134664824,539.6859284423512,546.500634141335,775095,Power,-0.008313168859127473,-0.013834245006113632,-0.012564732057346095,-0.006273877380776227,547.8257080078125,547.792578125,549.1791870117188,540.608757019043,531.6408129882813,522.7896016438802,0
2022-09-06,549.0560913085938,560.224663898649,542.0994475639491,542.0994475639491,1930422,Power,0.01309813658104897,-0.008053397018104258,0.017797316440735456,0.004472080879640128,548.0812377929688,547.4660400390625,549.2359700520833,542.9039840698242,534.5654504394531,525.0406565348308,1
2022-09-07,549.7186889648438,559.6567853068642,547.4471587479969,549.0561376549326,858247,Power,0.0012067941085414091,0.012832866962408929,-0.0010136622472722845,0.009864815778874325,547.82568359375,547.4613098144531,549.2265055338542,544.7945892333985,536.6874719238281,527.4888987223308,1
2022-09-08,542.7620239257812,555.5868885907527,541.2003000240644,552.463498556199,300802,Power,-0.012654954577153599,0.006205851583445776,-0.0072721296747613184,-0.011410888930758145,545.998974609375,546.7514465332031,548.702783203125,545.9753326416015,538.440361328125,529.6721242268881,0
2022-09-09,535.4267578125,548.8194904475502,532.8239231789283,544.5603065017056,328987,Power,-0.01351470034735569,-0.014305365105835244,-0.012180629676787458,-0.015477406137364702,543.7842041015625,546.1598937988281,547.327225748698,547.0850860595704,539.7465087890625,531.6928700764973,0
2022-09-12,530.930908203125,543.2825290609269,528.8486291163639,537.4616217134385,565980,Power,-0.00839675930232342,-0.013035626547717949,-0.010088857052266809,-0.007460802508354125,541.5788940429687,544.7023010253906,545.7213500976562,547.2791137695312,540.8027844238281,533.2971598307291,0
2022-09-13,523.0751342773438,537.9822780408907,521.7500317241435,532.8712342144086,347245,Power,-0.014796226409888646,-0.008540865642454043,-0.0097559754575538,-0.01342273951637396,536.3827026367187,542.2319702148437,543.7715942382813,546.0226531982422,541.5997277832031,534.8683258056641,0
2022-09-14,517.3016357421875,527.4290420925382,516.0239034314843,518.6740512637253,518910,Power,-0.011037608474990246,-0.026642802311544478,-0.01961632637190769,-0.010974849917568696,529.8992919921875,538.8624877929688,541.6073038736979,544.3947021484375,541.8155297851563,535.556108601888,0
2022-09-15,524.0689697265625,529.2273266334937,519.0052382506678,520.3303408984812,793298,Power,0.013081988373506048,0.0031933150130034615,0.0034095288606423857,0.005777513017048319,526.1606811523437,536.0798278808594,539.8878580729166,543.0672576904296,542.01240234375,536.3937479654948,1
2022-09-16,511.6699523925781,528.0915077252481,506.36965758891927,525.4886730367069,520713,Power,-0.023659132767302915,0.009913571692395706,-0.002146183409444724,-0.02434576711467773,521.4093200683594,532.5967620849609,537.9097025553385,540.8477493286133,541.9499328613281,536.6903106689454,0
2022-09-19,510.2501525878906,517.2541662354995,504.9025458233576,512.0484975908604,225478,Power,-0.0027748352195560155,-0.02557652740291838,-0.020521711353455374,-0.002897313738242757,517.2731689453125,529.4260314941406,535.559256998698,538.6093048095703,541.2779248046875,536.8811818440755,0
2022-09-20,516.165771484375,521.4188114832622,511.19672331052766,514.8880393472243,202450,Power,0.011593566148841994,0.0055454547171287505,0.008051448436021902,0.012466123491031267,515.8912963867188,526.1369995117187,533.4517456054688,536.8015197753906,539.9963818359375,537.3149892171224,1
2022-09-21,508.4992065429688,520.1409637011127,506.4642401239854,516.1657140505846,256847,Power,-0.01485291231024266,0.00248146122209425,-0.002450712851180814,-0.009257655557521005,514.130810546875,522.0150512695312,530.6185953776042,534.7381805419922,538.341923828125,537.2014099121094,0
2022-09-22,505.4231872558594,508.6412606193485,496.9994443607088,502.77303977533546,378990,Power,-0.006049211576989011,-0.025946462367968604,-0.022108820270445473,-0.01868798429077545,510.4016540527344,518.2811676025391,527.5204366048177,532.5163070678711,536.5341369628907,536.7439442952474,0
2022-09-23,493.8287658691406,508.0260471111859,492.5036631789957,505.3758994997812,357807,Power,-0.022940026653049728,0.005177007354270291,-0.0012095234024338541,-0.009045847500888216,506.8334167480469,514.1213684082031,524.0089803059896,530.1406311035156,534.0448828125,536.0971801757812,0
2022-09-26,468.1316528320313,490.326716624382,466.14402785009713,490.326716624382,712467,Power,-0.05203648473551814,-0.029778196566743298,-0.03483941539503432,-0.05352170410013457,498.409716796875,507.84144287109376,519.0872599283854,526.2718719482422,530.5693872070312,534.133223470052,0
2022-09-27,477.0286254882813,481.3351223590518,466.7119407536174,468.6995658033735,658739,Power,0.019005278968910577,-0.04410763290627728,-0.018337965198454098,0.0012183206682696568,490.58228759765626,503.2367919921875,514.2854288736979,522.7343811035156,527.5576733398437,531.7606994628907,1
2022-09-28,467.5164489746094,478.9215858587744,464.62965133392674,472.3908427375883,456156,Power,-0.019940473182160412,0.007875571482315769,-0.0050142538704603945,-0.0044616159087944585,482.3857360839844,498.2582733154297,508.80527954101564,518.5603805541992,524.2676916503906,529.0158925374349,0
2022-09-29,457.0577697753906,473.1007080129754,452.4199973369005,470.5451860139907,445651,Power,-0.022370719195351274,-0.003907054406265931,-0.0121541354945639,-0.026278249702688994,472.7126525878906,491.5571533203125,503.09166259765624,513.818490600586,520.555576171875,525.8972229003906,0
2022-09-30,460.8437194824219,465.0082493209392,449.5332366757919,458.7614690053838,484669,Power,0.008283306744553798,-0.025042689541523777,-0.017105150245968814,-0.00638070969033433,466.1156433105469,486.4745300292969,498.1194600423177,509.53564605712893,517.3356335449218,522.7233428955078,1
2022-10-03,457.010498046875,466.90125351153137,454.0763874216133,462.7367233746001,754927,Power,-0.008317833732988666,0.008665187985021694,0.004070904534180908,0.010106373400589952,463.89141235351565,481.1505645751953,493.1914326985677,505.28829803466795,513.7957800292969,519.456391398112,0
2022-10-04,476.0347900390625,477.97507333744886,459.0453674626984,461.6482020204766,1137887,Power,0.0416276914282967,-0.0023523556682193414,0.02371769135900159,0.010943048744068262,463.69264526367186,477.13746643066406,490.05540974934894,501.6372329711914,510.92603393554685,516.9135019938151,1
2022-10-06,475.60888671875,483.6540121657338,474.7570556836045,479.7261037538004,269751,Power,-0.0008946894832572161,0.03915947609933923,0.011881244744902375,0.034226874584858624,465.3111328125,473.8484344482422,487.27589314778646,497.9317428588867,507.91053100585935,514.4415985107422,0
2022-10-07,464.5823364257813,477.880443942224,462.0268144456997,476.1767818784632,340421,Power,-0.023184071199849554,-0.007398642366058805,-0.011937393422327913,-0.026814222317506076,466.8160461425781,469.76434936523435,483.31011759440105,494.0227584838867,504.4180017089844,511.59898783365884,0
2022-10-10,465.0555725097656,467.1378229043735,455.2594435708032,458.0988995598103,380492,Power,0.0010186269405443316,-0.03796464465851879,-0.022479725157259933,-0.014647138787854508,467.6584167480469,466.88703002929685,480.20249226888023,490.50419921875,501.1602001953125,509.05609741210935,1
2022-10-11,454.78619384765625,467.4217785795207,453.9343628410626,467.374436983108,212229,Power,-0.0220820462524266,0.02024789282884254,0.0006078627360588396,-0.002910605696276103,467.21355590820315,465.5524841308594,476.50489501953126,486.69696350097655,497.673349609375,506.0320760091146,0
2022-10-12,457.9569396972656,460.60708710799713,454.69155370507815,457.0577670662457,363771,Power,0.006971948340787737,-0.022073671772586123,-0.014579319543546299,0.0016680624469063154,463.5979858398438,463.6453155517578,472.624306233724,483.44105377197263,494.02938354492187,503.03802591959635,1
2022-10-13,453.8870544433594,459.6606210639189,449.9591458757829,457.152440572655,251988,Power,-0.008887047888381572,0.00020713685059337017,-0.002054823016338747,-0.010407951919786051,459.2536193847656,462.2823760986328,468.98349609375,480.27032470703125,490.1961181640625,499.80104573567706,0
2022-10-14,452.41998291015625,461.4115934491657,450.95294221809377,458.0988948295306,204800,Power,-0.00323223920762028,0.002070325285128183,0.003809272112964779,0.0022086368316318605,456.82114868164064,461.8185974121094,465.4499491373698,476.68787536621096,486.5824365234375,496.4851928710938,0
2022-10-17,456.4898986816406,457.8150013544641,450.1011222062331,451.4735375954679,188182,Power,0.008995879769290838,-0.01446272258859771,-0.0077947588352000885,-0.0018889332613528653,455.10801391601564,461.3832153320312,462.9606913248698,473.9288726806641,483.42496215820313,493.4848358154297,1
2022-10-18,456.6318664550781,459.23470115500265,451.94675244143787,458.8087711957843,279844,Power,0.0003109987183671503,0.01624731681813185,0.003101033815708032,0.004100479079363728,455.4771484375,461.34535217285156,462.1940388997396,471.2479583740234,480.45300048828125,490.6406494140625,1
2022-10-19,455.6380615234375,463.30459896865295,454.3603004684946,458.9507603924677,419315,Power,-0.0021763810295495345,0.00030947358812127845,0.008862348170585177,0.005340337139317031,455.01337280273435,459.30567932128906,460.76800130208335,468.22157287597656,477.755517578125,487.52671508789064,0
2022-10-20,459.4239501953125,460.70171110314885,450.5269943196689,453.3191374558877,238066,Power,0.00830898248319456,-0.012270647360436149,-0.005618092009659126,-0.008436710128224445,456.120751953125,457.6871856689453,460.22850138346354,465.76781005859374,475.44041015625,484.5168904622396,1
2022-10-21,458.47747802734375,461.6008968785564,454.69153679031456,460.4177902419848,108634,Power,-0.002060128052894017,0.015659283272124958,0.0019517743341010974,0.009243713524723196,457.3322509765625,457.0766998291016,460.3231486002604,463.42052459716797,472.81675048828123,481.70740559895836,0
2022-10-24,459.7552185058594,463.6831265875396,454.407582523492,460.9383250897654,50151,Power,0.0027869209279662854,0.0011305706660618142,0.004510887485409398,-0.0006244986850360013,457.9853149414063,456.5466644287109,460.2505818684896,461.7168472290039,470.7401611328125,479.1850209554037,1
2022-10-25,480.1047058105469,480.8145698408237,457.9569538427988,462.0741709952925,854864,Power,0.04426156895145317,0.0024642036552415814,0.03694644525748081,0.007810986118664154,462.6798828125,459.078515625,461.790195719401,462.3154998779297,469.53434326171873,477.4908142089844,1
2022-10-27,479.2055358886719,487.43997024068926,473.3846565840452,480.1047085526012,350944,Power,-0.0018728621298492731,0.03902087303099311,0.013779533349122408,0.03368810673533784,467.39337768554685,461.2033752441406,462.00157877604164,462.4243453979492,468.0559338378906,476.0284942626953,0
2022-10-28,472.958740234375,481.33511246167006,466.75924387057495,479.1108950000822,241889,Power,-0.013035733493170887,-0.0020699933468995013,-0.012524327407956948,-0.013995833243264366,470.1003356933594,463.1105438232422,461.82490234375,462.6964599609375,466.6343151855469,474.55039774576824,0
2022-10-31,477.3598937988281,480.1993498592342,472.4855000053524,475.1356474412885,136507,Power,0.00930557613180416,-0.0082971345470928,-0.002359608873384045,0.012268115114963285,473.87681884765624,465.6045349121094,462.67673950195314,463.71156616210936,465.5117834472656,472.99342854817706,1
2022-11-01,490.7999877929688,492.1724031632584,478.25905636621263,478.25905636621263,653923,Power,0.028155054852188055,0.006573720455925303,0.02493350586070986,0.012219541892385832,480.0857727050781,469.0355438232423,464.39303385416673,465.2093795776367,465.39063232421876,472.2977630615234,1
2022-11-02,479.5841064453125,496.6208416101984,477.8331028875892,494.0180070711186,824430,Power,-0.022852244553004053,0.03295065821574106,0.009038374395535564,-0.0008906333773579522,479.9816528320313,471.3307678222656,466.0462280273438,466.3380599975586,465.84873046875,471.2755615234375,0
2022-11-03,482.5182189941406,484.17456835361264,473.6686040953709,477.5018582020872,248017,Power,0.0061180354173449025,-0.03343228107604934,-0.025061922927421043,-0.008715383607899585,480.644189453125,474.01878356933594,467.6836466471354,466.6622314453125,466.06831420898436,470.1539764404297,1
2022-11-04,483.4173889160156,488.38643696654736,482.0923152127619,482.518216286429,211024,Power,0.0018634942401747345,0.010505421074652244,0.008699070311058987,0.017783976063769025,482.7359191894531,476.4181274414062,469.65233561197914,467.05265655517576,466.7043518066406,469.3179158528646,1
2022-11-07,483.3700866699219,488.2444516303827,480.6725976071887,484.4111974621689,290040,Power,-9.784969920056952e-05,0.003923128934506748,-0.0002907233399981335,-0.00294490818619797,483.9379577636719,478.9073883056641,471.71567586263023,467.99204406738284,467.75684448242185,468.5828125,0
2022-11-09,478.5903015136719,485.7835958012061,476.6026765430527,478.92157715618174,304779,Power,-0.009888458735995309,-0.01133256277878647,-0.005040212584001891,-0.008467137682481307,481.4960205078125,480.7908966064453,473.1890360514323,468.6687805175781,468.4667077636719,468.074863688151,0
2022-11-10,481.7610473632813,483.6540180798364,472.1542267536521,478.2590399838779,362506,Power,0.006625177818232242,-0.0013833938663568857,-0.004383799164435209,-0.009333665143609005,481.93140869140626,480.95653076171874,474.86431477864585,470.01752319335935,469.4567297363281,468.5291768391927,1
2022-11-11,481.7610473632813,499.31833920555374,478.5903156361632,492.219699018472,941207,Power,0.0,0.029190580558738022,0.03238745164964518,0.013631327472726662,481.77997436523435,481.2120819091797,476.60584716796876,471.20772857666014,469.6857800292969,468.686924235026,0
2022-11-14,488.7650146484375,490.7526106002129,479.7733757337159,482.707485836275,293071,Power,0.014538259835429779,-0.019325137131173675,-0.01715484478092566,0.0024719683179967866,482.84949951171876,482.79270935058594,478.5619181315104,472.9516265869141,470.2120251464844,469.39520975748695,1
2022-11-15,492.12506103515625,494.06534441634864,484.2219027182749,490.7526457468903,385563,Power,0.006874564025691532,0.016666739478210735,0.006750313181389078,0.009272142243733184,484.6004943847656,484.26922607421875,480.8050903320312,474.93688049316404,471.31373413085936,470.5641194661458,1
2022-11-16,482.0923461914063,495.6271047961024,478.9216143118602,492.1250972483455,254670,Power,-0.020386514807123834,0.002796625781541051,0.0031610401284039025,-0.01094599062260615,485.3009033203125,483.3984619140625,482.2942321777344,476.21700286865234,471.995205078125,471.27240702311195,0
2022-11-17,483.3700866699219,486.8247235852011,478.2590425997155,481.76104999827305,265900,Power,0.002650406065580313,-0.021059781970116376,-0.017760088432860255,-0.0013834658790597976,485.6227111816406,483.7770599365234,482.511924235026,477.55391387939454,473.1385607910156,472.15105997721355,1
2022-11-18,484.6950988769531,488.1024806172572,479.58411291981423,484.6004734545328,170098,Power,0.0027411961219190317,0.00589384188752895,0.0026246757203416404,0.002770612162178665,486.209521484375,483.9947479248047,482.8778951009115,479.0067657470703,474.2080871582031,472.4397369384766,1
2022-11-21,497.0467529296875,498.7977275374016,480.8145077590132,484.55313605619006,376858,Power,0.02548334835931576,-9.76833514116926e-05,0.02191188806625033,0.002565545450845086,487.865869140625,485.35768432617186,484.4837626139323,480.8879058837891,475.9344750976563,473.1543324788411,1
2022-11-22,501.6845703125,511.1021115136109,495.6270984670023,500.69077220500026,1929291,Power,0.009330746766730291,0.0333041620164829,0.02466808346733429,0.03080728736124838,489.77777099609375,487.1891326904297,486.10540771484375,483.0482604980469,477.90505859375,474.3910736083984,1
2022-11-23,508.451904296875,512.8057134801252,500.73802615236167,504.0034119242378,566216,Power,0.013489220886661046,0.0066161389486947275,0.0033331929728661613,0.010312042463310966,495.0496826171875,490.17529296875,487.2822021484375,485.4830947875977,479.98353881835936,475.8376180013021,1
2022-11-24,509.3037414550781,512.8057487882294,503.1989571899209,510.9600908101879,419836,Power,0.001675354445532351,0.013802840856553367,6.88527901360203e-08,0.0049146078568644835,500.2364135742188,492.9295623779297,489.2635111490885,486.9430465698242,482.09041381835937,477.6548695882162,1
2022-11-25,517.2542724609375,520.2830373026833,509.2091465397701,510.9128087104757,554988,Power,0.015610588257499947,-9.253579792745104e-05,0.014581132391988438,0.0119439622518549,506.7482482910156,496.4788848876953,491.579248046875,488.8454833984375,484.55506225585935,479.63144734700523,1
2022-11-28,518.4373168945312,520.4249128932852,508.3572254621482,517.2542102836355,408754,Power,0.002287162226742412,0.012411905642305765,0.0002726892487932009,-0.001673027838189678,511.0263610839844,499.4461151123047,493.9139099121094,491.1194122314453,486.9155969238281,481.7831227620443,1
2022-11-29,508.7358703613281,519.2892050121898,506.7955869676797,517.7274810932958,295357,Power,-0.01871286309271747,0.0009149675348234521,-0.0021822703966677404,-0.003071931343257339,512.43662109375,501.10719604492186,495.60496215820314,492.68821105957034,488.9259326171875,483.6603190104167,0
2022-11-30,508.9251403808594,512.0012175032101,505.6597546510502,508.2625891391932,208439,Power,0.00037203985517431093,-0.018281610112940716,-0.014034544601805421,-0.002241204039335698,512.5312683105469,503.7904754638672,497.627284749349,493.59446868896487,490.8927294921875,485.4081604003906,1
2022-12-01,513.9415893554688,517.5382224417482,510.1556476290933,510.9601371383936,372795,Power,0.00985694864839104,0.005307390425427494,0.010814437054543546,0.008891142584890321,513.458837890625,506.8476257324219,499.7726542154948,495.31234283447264,492.2462048339844,487.3184844970703,1
2022-12-02,520.282958984375,521.986620898628,511.338661723452,512.8530150319267,344496,Power,0.01233869715984448,0.0037045510127935444,0.008595304199740417,0.002318927762255729,514.0645751953125,510.4064117431641,502.340781656901,497.20057983398436,493.8893017578125,489.4733144124349,1
2022-12-05,518.2007446289062,523.8796568988121,512.5218323590004,520.8035794192798,273850,Power,-0.004002080636147265,0.015502618010070801,0.003626598698880823,0.0023138689172468307,514.0172607421875,512.5218109130859,504.30316365559895,498.9397476196289,495.69898193359376,491.4325408935547,0
2022-12-06,514.2727661132812,518.5793204556588,508.4992288743762,515.8344899702839,334920,Power,-0.007580032557533145,-0.009541196806935659,-0.010117469486273678,-0.007848648058774943,515.1246398925781,513.780630493164,505.77967732747396,500.48488159179686,497.17549682617187,493.2923838297526,0
2022-12-07,514.2727661132812,518.1060778043098,511.2913720711103,514.2727661132812,194240,Power,0.0,-0.0030275677322247896,-0.0009125752467976644,0.005490948733422485,516.1941650390625,514.3627166748047,507.92503865559894,502.26900482177734,498.1144079589844,495.10963541666666,0
2022-12-08,511.528076171875,516.7337461790904,510.3922820710687,513.9416025305337,522584,Power,-0.0053370314787418716,-0.0006439454012904244,-0.002648746432458937,-0.0017584689457982305,515.7114624023437,514.5851501464844,509.80223795572914,503.75735626220705,499.39216674804686,496.1570810953776,0
2022-12-09,500.3594665527344,514.2254412482075,497.85125745231545,512.0012239469884,189220,Power,-0.021833815462727335,-0.0037754845569833995,-0.0048541535160615545,-0.024571344550635255,511.7267639160156,512.8956695556641,510.8465291341146,504.68727722167966,500.10581665039064,496.862212117513,0
2022-12-12,500.5960998535156,504.9499091396709,494.7278794212658,500.3594785277707,119932,Power,0.00047292659897402167,-0.022737729666878703,-0.018037870872397166,-0.006273717268553414,508.2058349609375,511.1115478515625,511.08315226236977,505.2788314819336,500.79296508789065,497.78345743815106,1
2022-12-13,497.7092895507813,503.2462634135,494.4439613650653,501.0219882182799,205913,Power,-0.005766745493181125,0.001324067433395193,-0.0033738905490122706,-0.0005738873186864613,504.8931396484375,510.00888977050784,510.81813354492186,505.5580429077148,501.366533203125,498.46177062988284,0
2022-12-14,494.3966064453125,500.3121399663336,493.21349974110825,498.1352351843743,209026,Power,-0.006655859504769879,-0.0057617292290331745,-0.005830392911940097,-0.002488576502299722,500.91790771484375,508.5560363769531,509.88111368815106,506.17325592041016,501.9987854003906,498.5816579182943,0
2022-12-15,495.8163146972656,501.6372225571314,493.7340931960945,494.0653399524954,223770,Power,0.0028715978901245887,-0.008170261696851422,0.0026485117688468396,0.0010555133938132677,497.7755554199219,506.74350891113284,508.98195190429686,506.79556732177736,502.56099609375,499.1227315266927,1
2022-12-16,486.1148071289063,499.6495925815095,484.1745238968856,493.6393765105237,282437,Power,-0.019566737279072433,-0.0008621601386016309,-0.0039622856643088955,-0.019361776776091744,494.92662353515624,503.3266937255859,506.90598754882814,506.866552734375,502.735146484375,499.24261779785155,0
2022-12-19,487.6292419433594,491.0365659425674,481.2404661181853,486.1148307901391,1478848,Power,0.003115385074150767,-0.01524300142661772,-0.017238134017965923,-0.006059917723645447,492.333251953125,500.26954345703126,504.85211588541665,506.3956771850586,502.68971557617186,499.383012898763,1
2022-12-20,484.3165893554688,490.2794358047224,480.9092361482773,489.80619310606914,303823,Power,-0.006793383790292373,0.007593601515777815,-0.0015419017449171957,-0.0006882837026981337,489.6547119140625,497.27392578125,503.2241638183594,505.527278137207,502.3773767089844,499.41456298828126,0
2022-12-21,481.9029846191406,489.3328999995025,476.6973154702097,485.07371615037727,270336,Power,-0.004983526869356769,-0.009661937767020068,-0.0019306047451619346,-0.00875824451158791,487.15598754882814,494.0369476318359,501.4226867675781,504.1998321533203,502.36980224609374,499.5249857584635,0
2022-12-22,472.15423583984375,485.452372710219,470.4032321164456,484.26923710516274,230108,Power,-0.020229691640116232,-0.0016584676069423265,-0.007930239902707248,-0.013203521709694632,482.42357177734374,490.0995635986328,498.63686319986977,502.3423568725586,501.9211682128906,499.2047587076823,0
2022-12-23,451.8520812988281,472.0595484478705,449.9591106784858,466.8065665301963,171057,Power,-0.0429989884659262,-0.036059838695007396,-0.027588338249493027,-0.04346084389339189,475.57102661132814,485.2488250732422,494.0748046875,499.07224731445314,500.6074475097656,498.2077931722005,0
2022-12-26,463.6358642578125,465.0082507136076,450.5270361068081,450.5270361068081,194406,Power,0.026078850682976773,-0.03487425325739302,-0.014937305595125738,0.0012621711947691239,470.77235107421876,481.55280151367185,490.43714599609376,496.33217468261716,499.2710119628906,497.3701548258463,1
2022-12-27,466.4753112792969,468.7941830598852,461.5535758975557,463.8724765625846,155331,Power,0.0061243040937519755,0.029621841501677793,0.008141645530950647,0.02447475713340652,467.2040954589844,478.4294036865234,487.2506490071615,494.2191467285156,497.8626416015625,496.5151631673177,1
2022-12-28,469.2674255371094,472.2015359025045,462.8786494169733,466.4753110819365,109134,Power,0.005985556341996379,0.005611099280215193,0.007268334304788127,0.0028708986098544553,464.67698364257814,475.91648559570314,484.25029296875,492.23626098632815,496.2952624511719,496.08766581217446,1
2022-12-29,470.2138977050781,476.03480555889,462.878636439466,467.137820400144,174770,Power,0.002016914272038983,0.0014202451929790083,0.00811786782747137,-2.8036521770857803e-08,464.288916015625,473.3562438964844,481.4960144042969,490.0498764038086,494.7316687011719,495.649126180013,1
2022-12-30,466.0020446777344,476.74465864295286,464.72428374188206,470.5925041738648,247252,Power,-0.00895731293332691,0.007395427265473042,0.001491178955348449,0.0039873244455892465,467.11890869140626,471.3449676513672,479.2055196126302,487.33583068847656,492.68157958984375,495.0260243733724,0
2023-01-02,473.810546875,475.3722418428423,465.670767519519,472.106856004631,188637,Power,0.016756368961139634,0.003217968448997466,-0.002878725068503396,0.0020366565956400073,469.1538452148437,469.9630981445313,477.41981608072916,485.11632080078124,490.8965087890625,494.25148417154946,1
2023-01-03,472.7221374511719,478.7796381428856,470.4505494178927,474.18917824525977,266421,Power,-0.0022971405575639148,0.004410701124425875,0.007167848688080847,0.010264294501100224,470.40321044921876,468.80365295410155,475.75400594075523,483.0387893676758,489.4559594726563,493.28606974283855,0
2023-01-04,458.47747802734375,475.6088679017886,457.1997170829585,472.4854779350152,203566,Power,-0.03013326073670386,-0.003592870500649381,-0.0066226087922116594,-0.02816625966603714,468.24522094726564,466.4611022949219,473.35939737955727,480.24902496337893,487.4380529785156,491.62025553385416,0
2023-01-05,458.6668090820313,463.77782422517566,453.1771766891096,459.99188280292935,511661,Power,0.00041295606384461614,-0.0264422838701599,-0.024875574185164284,-0.00879821277999393,465.93580322265626,465.11235961914065,470.882763671875,477.60596160888673,485.2270617675781,489.93235778808594,1
2023-01-06,455.2121276855469,460.7017310055921,452.4199844287068,457.9569293455695,117220,Power,-0.007532006519936685,-0.004423889928143909,-0.0066326871594664105,-0.0016708525922131123,463.77781982421874,465.4483642578125,468.8225850423177,475.34859466552734,482.624228515625,487.8642862955729,0
2023-01-09,460.7490234375,462.0741259390274,455.2594203590869,456.20590564049866,138957,Power,0.012163330929042981,-0.0038235554325449783,0.0029789228932128875,0.0062761063350584845,461.16551513671874,465.15968017578126,467.0305704752604,473.3562408447266,480.32615966796874,485.94134318033855,1
2023-01-10,460.7017211914063,465.5761147245045,458.0988866084039,460.749033902776,143284,Power,-0.00010266380108803208,0.00995850383808361,0.007578846312505272,0.006237029092286184,458.7614318847656,464.5823211669922,465.4562459309896,471.5058624267579,478.1833178710938,484.3402048746745,0
2023-01-11,462.4527282714844,463.6358349090576,456.300573756104,461.6482099810468,141961,Power,0.003800739175772616,0.00195155282400572,-0.004167481436617604,-0.003925599701003368,459.5564819335938,463.9008514404297,464.15956217447916,469.9086685180665,476.1105163574219,482.79112447102864,1
2023-01-12,458.52484130859375,464.629654511356,457.2470803037791,462.4527497508872,169141,Power,-0.00849359669164873,0.0017427550945630088,0.002143534920016066,0.0020743049693841,459.52808837890626,462.73194580078126,463.2509358723958,468.0440948486329,473.9903869628906,480.9438995361328,0
2023-01-13,455.2594299316406,459.6132680945691,453.129838003686,458.38281987219847,188066,Power,-0.0071215582729038385,-0.008800747494487005,-0.01079652658430208,-0.009004414631489266,459.537548828125,461.6576843261719,463.47809244791665,466.5013259887696,472.1863854980469,478.7764485677083,0
2023-01-16,453.4611511230469,458.57216639577086,451.6154930791325,456.2532656620776,298246,Power,-0.003950008918791159,-0.004645798485018782,-0.0022651689389089347,-0.003341966910025529,458.07997436523436,459.62274475097655,462.7997782389323,464.792921447754,470.3009875488281,476.61846211751305,0
2023-01-17,456.7264709472656,458.9507171839554,449.769827084798,453.3664596787872,163214,Power,0.007200881081282917,-0.006327200703103553,0.000825498832953242,-0.004086808408078846,457.28492431640626,458.02317810058594,462.1498555501302,463.41341552734383,468.6616748046875,474.70025227864585,1
2023-01-18,453.8870544433594,458.998098625638,452.7512893129743,457.152440572655,138196,Power,-0.006216886220799078,0.008350818224511336,0.00010323862652028559,0.006628862250499967,455.57178955078126,457.5641357421875,461.12449747721354,462.0126190185548,467.0412927246094,472.68739522298176,0
2023-01-19,431.3606872558594,450.4323607948366,430.0356135765582,449.5805297784601,1145506,Power,-0.049629895735021634,-0.016563207635312827,-0.018661815498690504,-0.050172525783164335,450.1389587402344,454.8335235595703,458.53428344726564,459.97294158935557,464.46306762695315,470.01514892578126,0
2023-01-20,435.38323974609375,440.115666265073,427.2908019524148,429.0417766568858,488458,Power,0.009325264469101757,-0.04568425846131541,-0.022903981657886763,-0.006382754212645558,446.163720703125,452.850634765625,456.49302978515624,459.14949951171883,462.4338049316406,467.8492746988932,1
2023-01-23,464.7243041992188,466.5226205770731,432.5438024827759,433.0643578685304,2251975,Power,0.06739135036579769,0.009375733158175636,0.06000003257347286,0.012293736505346153,448.4163513183594,453.2481628417969,455.8872802734375,459.20392150878916,461.517607421875,466.65354817708334,1
2023-01-24,448.39739990234375,466.8065500906322,447.1196390017238,463.7777856509729,835225,Power,-0.03513245197065484,0.07092116269648407,0.000608608245421971,0.03369794327252751,446.750537109375,452.0177307128906,454.2656311035156,458.3000259399415,460.08083984375,465.0098185221354,0
2023-01-25,440.1156921386719,447.7822293270079,436.56637204077936,443.9016335764239,540495,Power,-0.01846957133443583,-0.0428570593277775,-0.04075418556130084,-0.023602781091223157,443.9962646484375,449.7840270996094,453.04151204427086,456.8424392700196,458.40934814453124,463.20045471191406,0
2023-01-27,416.35888671875,443.04978431111874,414.5605703866547,440.7782253187647,406744,Power,-0.0539785466509487,-0.0070362621387412005,-0.010568630700244053,-0.05040654311337822,440.99590454101565,445.567431640625,450.2209838867187,454.14968872070324,456.1775341796875,460.5518737792969,0
2023-01-30,411.9577331542969,417.6366450415474,407.7932035472011,414.08732511201583,703156,Power,-0.010570576742429671,-0.060554035280318996,-0.057359556802595524,-0.016324193188806735,436.31080322265626,441.2372619628906,447.3373575846354,451.44747314453133,454.5817602539062,458.07997131347656,0
2023-01-31,425.8711242675781,428.1899962049397,411.6738430347589,411.7211557517579,416986,Power,0.03377383161798808,-0.005714179634978778,0.025269217365593954,0.009516194614824336,428.5401672363281,438.47825927734374,445.0121643066406,449.05050201416026,453.07117065429685,456.0213673909505,1
2023-02-01,415.8856506347656,435.0993202757542,410.9166026234748,425.9657136807818,469072,Power,-0.023447172310603892,0.03459758559895931,0.01613611745265442,-0.001839418326172737,422.0378173828125,434.39417724609376,442.02442626953126,446.20867767333993,451.04758422851563,453.74033610026044,0
2023-02-02,419.2457275390625,424.0254673471224,412.1943996198032,415.88568697383823,337596,Power,0.008079328775033146,-0.023663939099327402,-0.025451322060474624,0.00310962610945964,417.86382446289065,430.93004455566404,439.1439595540365,444.24709014892585,449.0467163085938,451.6517608642578,1
2023-02-03,419.5296630859375,421.4226339289649,409.9228418344623,420.6181155437897,212893,Power,0.0006772532866146097,0.011379157105373405,-0.006138389362417063,-0.005510889491550874,418.49797973632815,429.7469421386719,436.5442810058594,442.2902328491211,447.01934692382815,449.8976084391276,1
2023-02-06,421.1386413574219,425.1138622449299,416.6428362297282,418.2991854872996,155197,Power,0.003835195489275245,-0.005513148318617045,0.008758970256417697,0.016393315300979427,420.33416137695315,428.3224822998047,434.2695617675781,440.58655853271483,445.2248107910156,448.8738271077474,1
2023-02-07,422.8423156738281,425.0192203507178,414.0873264852822,421.1386536557788,293974,Power,0.00404540013453758,0.006788127414523393,-0.000222627165607725,-0.006133574184477131,419.7283996582031,424.1342834472656,432.2283060709635,438.69122314453125,443.18608154296874,447.5140421549479,1
2023-02-08,428.2373046875,429.3257570542826,417.6366572997141,422.8423266824868,216545,Power,0.012758867345323832,0.00404539695399353,0.01013256929889228,0.008571454829487735,422.19873046875,422.11827392578124,430.3290283203125,437.06800231933596,441.40668823242186,446.23944193522135,1
2023-02-09,425.3978576660156,429.7516672253141,424.6406520454639,428.23731375309256,475733,Power,-0.00663054570539201,0.012758862417898031,0.000992044302102535,0.016770545935874237,423.4291564941406,420.6464904785156,428.42974853515625,435.2152587890625,440.08350341796876,444.7771230061849,0
2023-02-10,428.9944763183594,430.1775829822269,422.9369759762457,424.5459837084416,159007,Power,0.008454717360536046,-0.008619823462602927,0.0009910741234879783,-0.004012041854711046,425.322119140625,421.91004943847656,428.2720011393229,433.7387405395508,438.89661010742185,443.40314229329425,1
2023-02-13,432.9223937988281,434.38946342363846,424.9719226267962,428.99448536880936,388405,Power,0.00915610269432432,0.010478256375221706,0.009791027259515639,0.004811465457360997,427.6788696289062,424.0065155029297,428.1079447428385,432.6218887329102,438.0050207519531,442.3004872639974,1
2023-02-14,432.5438232421875,434.5314483381319,426.2023595752321,433.0643786529255,417319,Power,-0.0008744536250914203,0.009487052684645114,0.00032686086208078,0.0028953370397517553,429.6191711425781,424.6737854003906,425.96257934570315,431.5760223388672,436.87681274414064,440.9249298095703,0
2023-02-15,477.4071960449219,480.0100307098901,455.92199632293904,467.9423427177647,13087706,Power,0.10371983228532833,0.08053759621913348,0.1046611989665911,0.06973128158494135,439.4531494140625,430.82593994140626,427.8965657552083,432.61005859375,437.54503173828124,441.081098429362,1
2023-02-16,482.2342834472656,484.9791140562842,473.4792940029335,477.028614047933,2642615,Power,0.010111048686181734,0.01941750190289704,0.010352040641828486,0.038509433239887425,450.8204345703125,437.1247955322266,430.7044718424479,434.0274200439453,438.3362939453125,441.87299194335935,1
2023-02-17,479.6314697265625,484.6951434380266,476.1768038418782,481.4771277844671,937022,Power,-0.005397404975226672,0.009325465193346094,-0.0005855316446155001,0.005697207614168587,460.9478332519531,443.1349761962891,434.9226440429687,436.44095916748046,439.18055908203127,442.5718139648437,0
2023-02-20,484.0799865722656,490.18482917281045,478.022456689624,481.7137729882472,1255526,Power,0.009274864404204441,0.0004914983290462693,0.011326058882795031,0.0038759822672056465,471.1793518066406,449.4291107177734,439.7307942708333,438.87579650878905,440.33338134765626,443.53407592773436,1
2023-02-21,490.2321166992188,492.3617088154023,480.4359871878863,485.5470024898384,898392,Power,0.012708912364908898,0.0079574837103209,0.004440936383660388,0.005048989779635749,482.7170104980469,456.1680908203125,444.0215270996094,440.15118713378905,441.8042199707031,444.516845703125,1
2023-02-22,481.4458618164063,490.0864451686781,474.3100883410761,481.5429530148063,1563125,Power,-0.01792264232292906,-0.008246471411623824,-0.0046211222481098435,-0.012750707711690512,483.5247436523438,461.48894653320315,448.3922078450521,441.80361022949216,442.7929956054688,445.20831705729165,0
2023-02-23,487.9019775390625,491.25143096505263,476.203215194384,478.63034677029833,683218,Power,0.013409847782881457,-0.006048486902929362,0.0023771026680274865,0.003991327403406464,484.6582824707031,467.73935852050784,452.9692911783854,444.1929244995117,444.1535925292969,446.05662536621094,1
2023-02-24,482.2225341796875,491.9310609026281,481.1545903145496,488.5330765495988,260551,Power,-0.011640541790836068,0.02068972401378666,0.0013834665809324687,0.010397609596450197,485.17649536132814,473.0621643066406,457.14881591796876,447.4861068725586,446.18806640625,446.84654846191404,0
2023-02-27,488.5816040039063,490.0864137844828,478.3391202322017,482.5137748434007,373184,Power,0.013187002625325794,-0.012321175361781123,-0.003749808184017933,-0.0058514875240144315,486.07681884765634,478.6280853271484,461.6450134277344,451.3173004150391,448.3160009765625,447.95728759765626,1
2023-02-28,491.5912780761719,499.2610085976578,485.66907059013766,488.4360067529976,683583,Power,0.006160023315657792,0.012273705370419608,0.01872036146100875,0.015323752643057409,486.34865112304686,484.5328308105469,466.2282775878906,454.6033081054687,449.39067993164065,449.22829182942706,1
2023-03-01,491.7854309082031,494.6979890530621,488.5330980155695,491.5912781420567,334566,Power,0.00039494767439940404,0.006459948376931868,-0.009139547182770102,0.0058970760109384734,488.41656494140625,485.970654296875,470.4648193359375,458.39829711914064,451.126201171875,450.396923828125,1
2023-03-02,500.5715942382813,502.9016642616415,489.7951537065601,491.7853897544366,818769,Power,0.0178658471314459,0.00039486382491071836,0.016583199022665696,0.0025833575987319612,490.95048828125,487.80438537597655,475.4764017740885,462.46459045410154,453.54443725585935,451.9530751546224,1
2023-03-03,495.863037109375,507.9501655773677,494.0184228284156,503.38714584671743,636927,Power,-0.009406361014294706,0.0235910954940608,0.010038744499162533,0.008622521251783866,493.6785888671875,489.4275421142578,479.93430582682294,466.28125915527346,456.7246032714844,454.1031534830729,0
2023-03-06,505.5715637207031,510.134583444208,496.1542803032884,499.9891604727069,475485,Power,0.019579048819455824,-0.006750242635407355,0.004300457042586636,0.004323436892584409,497.0765808105469,491.5766998291016,484.7775838216146,470.5029052734375,460.46915649414063,456.44276428222656,1
2023-03-08,515.2801513671875,518.9693803547606,502.4163510739887,503.87263035246406,730588,Power,0.01920319168078799,0.007767108143075685,0.017318561017572787,0.01262121686599671,501.81435546875,494.0815032958984,490.2933390299479,475.12479705810546,464.045517578125,458.1279591878255,1
2023-03-09,517.8042602539062,521.4935478932547,512.6587528307964,515.0373537805408,556576,Power,0.0048985175928504265,0.02215782869624583,0.00486380822076371,0.020386282681511103,507.01812133789065,497.71734313964845,492.9864766438802,479.60314483642577,468.1222619628906,460.4415211995443,1
2023-03-10,520.2799682617188,521.2022308910099,512.6102084853328,512.6102084853328,367313,Power,0.00478116577603771,-0.004712561676142424,-0.0005586205302475777,-9.469134233164311e-05,510.9597961425781,500.95514221191405,495.5228556315104,484.3472503662109,472.1636315917969,463.11366373697916,1
2023-03-13,515.8626098632812,525.6682586643876,512.5617459079417,520.3770990707401,893291,Power,-0.008490348788933955,0.015151650234116465,0.008568704254666937,-9.454079647430724e-05,514.9597106933594,504.31914978027345,497.9382649739583,488.690657043457,476.01694946289064,466.4304545084635,0
2023-03-14,512.5131225585938,521.105144555847,510.3287041603624,515.5227419825892,470282,Power,-0.006492983287885945,-0.009328537125902647,-0.008680596618358738,-0.004356629743454077,516.3480224609375,506.71230163574216,499.83380737304685,492.6701934814453,479.6719287109375,469.7823008219401,0
2023-03-15,522.3672485351562,526.2021282955496,511.6393387670751,513.2412693176642,512885,Power,0.019227070572102045,-0.004425551928419202,0.00978110424153833,0.0025682165161944326,517.7654418945312,509.78989868164064,501.9761494954427,497.16136474609374,483.6529260253906,472.99883829752605,1
2023-03-16,529.6972045898438,532.0272747510659,517.9013799460395,518.72658103106,391132,Power,0.01403218918345761,0.010687588939775505,0.011070168937523661,0.012239170651057396,520.1440307617188,513.5810760498047,505.1929056803385,499.77586517333987,487.71132202148436,476.7925567626953,1
2023-03-17,519.7459716796875,533.9689875038393,517.9013870947258,532.0272820947345,723764,Power,-0.018786644188280577,0.02564106323072357,0.0036496488900537027,1.3803180598515041e-08,520.0372314453125,515.4985137939453,507.3158386230469,501.6514495849609,491.48524658203127,480.14256490071614,0
2023-03-20,514.6004638671875,522.1245723226497,512.6587584593264,517.4644911950121,378019,Power,-0.009900043661466018,-0.02737226339669041,-0.0221818410027127,-0.010122831809370236,519.7848022460937,517.3722564697266,509.4743672688802,503.3998992919922,494.90948608398435,483.31159159342445,0
2023-03-21,504.0182495117188,519.1149985414168,501.8823615229937,515.8626061419951,411254,Power,-0.02056394251171889,-0.0030956424648919123,-0.005764091446309405,-0.02102060436598907,518.0858276367187,517.2169250488281,510.50347696940105,504.39681243896484,497.7533203125,486.0742451985677,0
2023-03-22,501.8822937011719,505.5715219525252,498.53284017786206,503.8725298000203,437653,Power,-0.0042378541106720125,-0.023242770844829286,-0.02608954976632416,-0.006673917240221927,513.9888366699219,515.8771392822266,511.1895446777344,504.9793212890625,500.52685913085935,488.7089111328125,0
2023-03-23,500.4745178222656,508.4355210336152,496.5425766236777,499.11530047295946,356863,Power,-0.0028049921198145533,-0.009441334952212777,0.005664874220029592,-0.003992241621383008,508.14429931640626,514.1441650390625,511.76881713867186,505.93075408935545,501.4495520019531,491.1168182373047,0
2023-03-24,488.2418212890625,502.1735635847917,485.9117807137521,499.98914499017445,410113,Power,-0.024442196550649053,0.0017507868750705757,-0.012316128967727047,-0.0214096361730175,501.8434692382813,510.9403503417969,510.94683227539065,505.94774627685547,501.689853515625,493.2116170247396,0
2023-03-27,472.9994812011719,491.2029706312035,470.0869228923668,490.7660750336527,648980,Power,-0.031218833420798675,-0.018446540387797805,-0.02184621762100336,-0.03256734750933654,493.5232727050781,506.65403747558594,509.42259521484374,505.48659362792966,501.42457397460936,494.67845052083334,0
2023-03-28,496.445556640625,499.8921016591599,471.39753806501767,473.0479995812822,1594416,Power,0.049568924219350885,-0.036102893728250374,0.017689492017507025,0.002788027296285689,492.00873413085935,505.0472808837891,508.81419474283854,505.8797912597656,501.91919677734376,496.79588928222654,1
2023-03-29,514.7946166992188,518.920740453998,492.610627762615,495.03775938307336,2390188,Power,0.03696087076044985,0.04648526116008389,0.03806549199653553,0.045000425298512114,494.59119873046876,504.29001770019534,508.781825764974,507.03995819091796,502.9016967773438,499.53758239746094,1
2023-03-31,495.5232238769531,514.8431871383899,491.736904182995,514.8431871383899,753861,Power,-0.03743510945361228,0.04000791329533837,-0.007857757452594094,-0.0017736596215724987,493.60093994140624,500.87261962890625,507.2964233398437,507.22684783935546,503.4647912597656,500.141449991862,0
2023-04-03,505.4744873046875,507.75596747136393,498.047440368661,501.882320425458,336360,Power,0.02008233509193791,-0.025174396858529402,-0.013765783143442678,0.012833155559375253,497.04747314453124,499.4454711914062,506.30939127604165,507.4719924926758,504.1676916503906,500.91612345377604,1
2023-04-05,506.93072509765625,509.64910061386354,499.01825245069904,499.94057430159313,488326,Power,0.0028809323309941792,-0.00386892712661957,0.003728431104271346,0.0019492361637667432,503.83372192382814,498.6784973144531,505.71393229166665,508.02537689208987,505.15601928710936,501.8260986328125,1
2023-04-06,506.154052734375,514.5519526450988,502.9502505408333,506.9307823319658,241931,Power,-0.0015321074948290159,0.013982077850228203,0.009620054318412175,0.007879467476037183,505.7754211425781,498.89207763671874,505.2899943033854,508.05450134277345,505.8589172363281,502.56190083821616,0
2023-04-10,504.8434143066406,509.9889218704596,500.8143518169267,505.6200846312675,8723233,Power,-0.002589406171212061,-0.002585555555866814,-0.008867969018837796,-0.004246739556466594,503.7851806640625,499.1881896972656,504.121738688151,507.5326644897461,506.38900268554687,503.0489440917969,0
2023-04-11,529.2603759765625,533.7748055023474,509.6976702630552,509.6976702630552,1134614,Power,0.04836541584573606,0.008064524641582249,0.04664000061932616,0.017737747358677503,510.53261108398436,502.0667755126953,504.092616780599,508.10547027587893,507.88800048828125,504.64276123046875,1
2023-04-12,519.9401245117188,529.1632246806068,512.6101988603048,529.1632246806068,490381,Power,-0.017609955114524678,0.03819039315503536,-0.00863956255372611,0.005714227800465377,513.4257385253907,505.2366058349609,504.1055603027344,508.0884780883789,508.66274169921877,505.7106994628906,0
2023-04-13,523.2896118164062,526.6875963087206,519.8916273240919,521.3479063922266,328941,Power,0.006442063512280383,-0.014769201493730844,-0.004678383259495211,0.014204610988965971,516.6975158691406,510.2656188964844,504.68483683268227,508.45982818603517,509.7598046875,507.07960205078126,1
2023-04-17,504.7948913574219,525.1342680046025,498.8241233353874,523.726519687782,775065,Power,-0.035343182897873304,0.004562429936691537,-0.0029492403371648157,-0.04052287607927063,516.42568359375,511.1005523681641,504.7366129557292,508.07391662597655,509.72873779296873,507.6200449625651,0
2023-04-18,515.8140869140625,517.3674869662005,507.0278808209568,508.3870984595584,265988,Power,0.021829055216880944,-0.02928899082171388,-0.014790086101053923,0.01644619235877154,518.6198181152344,511.20249938964844,505.6653991699219,507.7462585449219,509.7500952148437,508.42747192382814,1
2023-04-19,517.8528442382812,523.289595554572,515.3285917116036,515.5227740992166,253027,Power,0.003952504159814518,0.014035910158380682,0.01144661915865286,0.01637131054254204,516.3383117675781,513.4354614257812,506.82395426432294,507.15404052734374,509.7520385742188,509.2963857014974,1
2023-04-20,522.3187255859375,525.2312835353015,516.6877920683958,517.4644623369976,128613,Power,0.00862384246286263,0.003766445121990536,0.0037105419202376755,0.002637541131334631,516.8140319824219,515.1198852539062,509.0957478841146,507.2826782226563,509.8335888671875,510.0212900797526,1
2023-04-21,525.0371704101562,525.8624308250195,520.3770889277055,522.3187944834059,279636,Power,0.005204570870342096,0.009380996183747436,0.0012016559361616164,0.007140282615427651,517.1635437011719,516.9305297851563,512.5649271647136,507.8045135498047,510.2005712890625,510.99376118977864,1
2023-04-24,528.1923828125,529.1147046994435,521.68765807781,525.0371116376868,132400,Power,0.006009502907915909,0.005204325754675221,0.006184647702102364,0.002518498946225911,521.8430419921875,519.1343627929688,514.6813822428386,509.0132202148437,510.82774169921873,511.74778849283854,1
2023-04-25,527.4642333984375,528.9205123748309,525.5710588778975,528.9205123748309,95231,Power,-0.0013785685628128208,0.007396430939959675,-0.0003670136605310459,0.0074439192492996575,524.1730712890625,521.3964447021484,515.5260233561198,510.29231719970704,511.03162109375,512.1539245605469,0
2023-04-26,524.260498046875,529.1147619176794,521.2508781494366,525.2313508210359,252945,Power,-0.006073843776896348,-0.006974888414198133,0.0003672565882846257,-0.008219974550509934,525.4546020507812,520.8964569091797,517.4418416341146,511.4816162109375,510.81415283203125,512.3691324869792,0
2023-04-27,526.250732421875,528.0468456010708,522.4158521269981,524.2604960934909,67858,Power,0.00379626995055804,-0.0018484325545825575,-0.002018307545867959,0.0022349583020317976,526.2410034179687,521.5275177001953,518.8269246419271,513.3820617675781,511.07434326171875,512.5681579589843,1
2023-04-28,535.3282470703125,541.5416693141449,523.4838312925538,526.9788776012001,310652,Power,0.01724941000397573,0.005185173263988263,0.025556110836554735,0.002044308497162639,528.29921875,522.7313812255859,520.7200927734375,516.4985000610352,511.90345458984376,513.2170125325521,1
2023-05-02,526.0565185546875,543.1920926324137,524.2604647390588,535.3282093637866,212202,Power,-0.017319707238253046,0.015843769299810573,0.00304763864313351,0.0014835863117059755,527.8720458984375,524.8575439453125,522.046923828125,517.9790481567383,512.7849853515625,513.6684590657552,0
2023-05-03,523.0953979492188,531.2505839425517,517.7557083540026,526.0564866917009,376571,Power,-0.005628902030535232,-0.01731969754238194,-0.02198395162932365,-0.012407489831020801,526.9982788085938,525.5856750488281,523.2637227376302,518.3940872192383,513.6335095214844,513.6927307128906,0
2023-05-04,531.7360229492188,532.9981195778645,523.0468796403907,523.095410423003,81903,Power,0.016518258493336546,-0.005628818090086973,0.003289475227196803,0.010219435925118425,528.4933837890625,526.9739929199219,523.4287658691406,520.2047271728516,514.8839697265626,513.7606913248698,1
2023-05-05,524.6973876953125,537.6097175939692,524.0177789098778,531.7360702281455,113547,Power,-0.01323708560286585,0.01651832463633207,0.008652184401245488,0.0018562375711994594,528.18271484375,527.2118591308594,523.7459167480469,521.1658721923828,516.3421923828125,513.9257385253907,0
2023-05-08,530.1826171875,532.9981136212906,522.3187342955453,525.2312922934758,121222,Power,0.010454081954325956,-0.012233095136613192,-0.008577977335152087,-0.003242341543958971,527.1535888671875,527.7264038085938,524.2054504394531,522.328466796875,518.6295178222656,514.4451436360677,1
2023-05-09,518.0469970703125,531.056447456346,503.4842060066101,530.0855947187658,219551,Power,-0.022889509621353166,0.009242218612095954,-0.0036429137652150834,-0.036059453839689226,525.5516845703125,526.711865234375,525.0889241536458,522.9231140136719,519.4935754394531,514.9127685546875,0
2023-05-10,522.1730346679688,525.5224879087623,518.4352759501842,520.1827987369908,125077,Power,0.007964600935803201,-0.018681503667400956,-0.010420661634163775,0.02969521141915976,525.3672119140625,526.1827453613281,525.5128540039062,523.7895950317383,519.7887121582031,515.5891265869141,1
2023-05-11,522.1730346679688,527.9496193504766,514.5518656434411,523.095356467048,112082,Power,0.0,0.005599104270900268,0.004618511096209588,-0.0074906367041199795,523.4546142578125,525.9739990234375,525.8008666992188,523.4352279663086,520.8547045898438,516.3124104817708,0
2023-05-12,519.5518188476562,525.2312831422081,512.4160163233693,522.1730735952075,230059,Power,-0.005019822254856976,-0.0017631257101372588,-0.0051488553237576395,-0.004150892189266564,522.4255004882813,525.3041076660156,525.61640625,523.4158126831055,521.4177978515625,517.3560770670573,0
2023-05-15,516.4451293945312,519.5518700288019,514.9403194914756,517.9499392975869,97162,Power,-0.005979556495472438,-0.008087614071219607,-0.01081316611499028,0.004926276868194801,519.6780029296875,523.4157958984375,525.043603515625,523.0735885620118,521.7983740234375,518.8042653401693,0
2023-05-16,514.16357421875,520.7168300457291,508.2899271435759,516.4936444374681,247224,Power,-0.004417807518982908,-0.0028116517632836846,0.002242240061348655,-0.012914879833972326,518.901318359375,522.2265014648438,524.108349609375,523.5420227050781,522.1187548828125,519.3948659261067,0
2023-05-17,518.8722534179688,520.765428092765,509.5035008706802,514.5519469180873,136629,Power,0.009157940070673831,-0.0037593831798173882,9.332912675708016e-05,0.0023875620237532313,518.241162109375,521.8041870117188,523.5355509440104,523.6949310302734,522.6799084472656,519.5307871500651,1
2023-05-18,519.5518188476562,524.2604304931467,516.4936093006556,520.3770198969012,114854,Power,0.0013096969922963275,0.011320670369052488,0.00671127961236162,0.013719451226596346,517.7169189453125,520.5857666015625,523.2216389973959,523.7798797607422,522.2915661621093,520.3317403157552,1
2023-05-19,511.7850036621094,519.3091117806474,510.6199686183328,519.3091117806474,80712,Power,-0.01494906745350899,-0.0020521815441914004,-0.009444387606827087,-0.011372145901816455,516.1635559082031,519.2945281982422,522.2572570800781,523.2531936645507,521.965361328125,520.5420908610026,0
2023-05-22,514.6975708007812,517.3188256257351,507.1734625483772,511.78501276759255,67594,Power,0.005690997426323285,-0.014488671279530685,-0.003832565440817781,-0.006749649997592866,515.8140441894532,517.7460235595703,520.8818786621093,522.736213684082,521.6216796875,520.8009857177734,1
2023-05-23,519.7459716796875,522.2216934812135,506.2996854240949,514.8917081569253,162633,Power,0.009808480096480388,0.00607031333827579,0.00947745879834927,-0.0017228368375029612,516.9305236816406,517.9159210205078,520.4611755371094,522.3138931274414,522.2197229003906,521.2540496826172,1
2023-05-24,536.7845458984375,539.3087395186557,517.0276555306957,519.3577259925536,477060,Power,0.032782503659789075,0.008673703159086665,0.03271990851919071,0.021188972490896685,520.5129821777343,519.3770721435546,521.3737854003906,522.7799087524414,523.0585412597657,522.3187540690104,1
2023-05-25,539.3572387695312,544.6483981608263,527.5128232506327,537.9980804597183,418734,Power,0.004792784909237069,0.03589116621215327,0.009900931045427663,0.020279703818115058,524.4740661621094,521.095492553711,521.8818664550781,523.5347457885742,523.9187170410156,522.6553161621093,1
2023-05-26,536.3961791992188,543.3378005148463,532.0273415405826,539.3572684277304,172223,Power,-0.005489978362147818,0.00252638070167599,-0.0024063187377502127,0.008558120468296071,529.3963012695312,522.7799285888672,522.6617858886718,524.0420181274415,524.4818151855469,523.2038513183594,0
2023-05-29,539.1630249023438,541.201851132308,530.0855758318576,539.2116149424104,141289,Power,0.00515821292249985,-0.0002700501019382573,-0.0039311628613256655,-0.003649747968031636,534.2893920898438,525.0517181396484,523.2604797363281,524.233757019043,525.0468493652344,523.7329650878906,1
2023-05-30,549.9880981445312,551.9298036984395,530.085616216971,541.5416671337998,903975,Power,0.02007755120846455,0.004321220327641262,0.01982246096107465,7.618602593240098e-08,540.3378173828125,528.6341705322266,525.3898864746094,525.4303359985352,525.9186779785156,525.2394053141276,1
2023-05-31,535.3282470703125,548.6774728071786,531.3477151150835,548.5318211875887,382258,Power,-0.026654851484379405,0.012907878521675631,-0.005892653140793125,0.002380934059519779,540.0465576171875,530.2797698974609,526.2669006347656,526.0419784545899,526.2332385253907,525.8898773193359,0
2023-06-01,545.1822509765625,549.5025567812826,532.2213928185406,535.9106207478234,311774,Power,0.018407405101781737,-0.02300905791106156,0.0015037686345726886,0.0016442673575209898,541.2115600585937,532.8428131103516,527.8008483886719,526.7142898559571,527.0701086425781,526.8008575439453,1
2023-06-02,547.3668212890625,549.0172829741681,539.3572853305534,545.6192980220733,137857,Power,0.0040070459164560646,0.018116224792675606,-0.0008831147391870076,0.013407752127780004,543.4056884765625,536.4009948730469,529.6551818847656,527.8477615356445,527.9147521972657,527.6357940673828,1
2023-06-05,571.3953247070312,574.6962474737962,547.5609036086291,548.823000223165,1114451,Power,0.04389835569752121,0.005871680515527,0.04677259768675879,0.015209988816685893,549.8521484375,542.0707702636719,533.3185282389323,529.9083969116211,529.3574353027344,529.1810658772787,1
2023-06-06,594.3560180664062,597.0743936986835,568.4827706370055,572.6574252783039,984236,Power,0.04018355132875384,0.04342825472957079,0.03893908533987367,0.03820920538791861,558.725732421875,549.5317749023437,538.6646911621094,533.7238479614258,532.0894152832032,531.3865203857422,1
2023-06-07,667.7039184570312,704.2565448929054,609.6954718880634,611.6371772125477,8361595,Power,0.12340734872887249,0.06806818564397421,0.179512222137451,0.07249595481122073,585.2008666992188,562.6237121582031,548.5868021647135,541.000392150879,537.8737561035156,536.061176554362,1
2023-06-08,648.2383422851562,727.0230012270711,632.656168718586,699.0139252844506,7294249,Power,-0.02915300574670454,0.14285715670540222,0.0323269361133558,0.03765928711823863,605.8120849609375,573.5118225097656,557.1659037272135,547.3036575317383,542.5338488769531,540.1937713623047,0
2023-06-09,660.5682373046875,674.451419831047,635.1804140935589,654.3547559786912,1954838,Power,0.01902061975548408,-0.06388881206849517,-0.07231075400268439,0.0039899166400063635,628.4523681640625,585.9290283203125,567.084785970052,554.3544784545899,547.9686828613281,544.6710215250652,1
2023-06-12,663.238037109375,667.8495873745918,647.5587425051797,661.1506801289765,737341,Power,0.004041671479060316,0.010385687714794756,-0.00978844771074694,0.01948789373375992,646.8209106445313,598.3365295410156,576.9874837239583,561.694123840332,553.2908996582031,548.9346811930338,1
2023-06-13,650.7139892578125,665.616553746489,645.6170128406495,665.0340658584134,580498,Power,-0.0188831869567474,0.005873677281371448,-0.0033436175904235643,-0.0029985382592755405,658.0925048828125,608.4091186523438,585.7186848958333,568.5216445922852,558.5975793457031,553.0899302164713,0
2023-06-14,643.6753540039062,656.0537261962891,641.7336485619638,650.6655054461285,484869,Power,-0.010816787974597508,-0.021605750968167747,-0.014366871581505292,-0.006014965841125042,653.2867919921875,619.2438293457031,592.8447387695312,574.761799621582,563.4576721191406,557.109262084961,0
2023-06-15,636.830810546875,654.6944638353261,634.0638449279667,643.8209615102444,536734,Power,-0.010633533526576033,-0.010519297363383528,-0.0020718765959059082,-0.011951693122503548,651.0052856445312,628.4086853027344,599.3429768880209,580.625749206543,568.0439831542968,560.6124216715494,0
2023-06-16,655.4390869140625,663.0581880719825,636.1959304115701,640.7869463720194,1204655,Power,0.029220125752407844,-0.004712513757097803,0.012775003759249781,0.0033625722404115876,649.9794555664063,639.2159118652344,607.2791707356771,587.8084533691406,573.4794738769531,564.9704783121745,1
2023-06-19,657.6368408203125,670.0423304693454,651.6294399638225,655.8785960588077,512592,Power,0.003353101684242743,0.023551743324725205,0.010533226982191612,0.024259051047792912,648.8592163085938,647.8400634765625,615.1774251302083,594.9554168701172,579.1271423339844,569.2189524332682,1
2023-06-20,644.742919921875,659.297401287373,641.372916156607,656.41580213679,416821,Power,-0.019606445530566785,0.0008190632858129376,-0.016036194570641427,-0.01573981035569083,647.6650024414063,652.8787536621094,621.4944132486979,601.2052642822266,584.3503161621094,573.4421498616537,0
2023-06-21,645.4755249023438,652.1178157181408,640.7868525394108,645.670898671571,204714,Power,0.0011362745643759276,-0.016369050577761612,-0.01088975256873903,-0.0009137642117913458,648.0250366210937,650.6559143066406,628.8375651041666,606.6398132324218,589.4144470214844,577.5522328694661,1
2023-06-22,637.6123046875,657.3926940707584,634.9260789687859,645.6709818436423,345148,Power,-0.012182057896050202,1.2881496047612018e-07,0.008088842576411626,-0.009146213826639715,648.1813354492188,649.593310546875,634.9995686848958,611.5525665283203,594.1368664550781,581.4002085367839,0
2023-06-23,625.890625,647.5758056715043,621.2996088817536,637.8077116410713,450078,Power,-0.018383709977562113,-0.012178447574209272,-0.014933065864278339,-0.021461506368054217,642.2716430664062,646.1255493164062,640.2344889322917,616.0272888183594,598.7010913085937,584.9448354085287,0
2023-06-26,616.8062133789062,629.3093598659615,610.1639223970055,625.8905274879546,331190,Power,-0.014514375608507879,-0.01868460342452405,-0.028207424745588572,-0.017923215024697292,634.105517578125,641.4823669433594,643.2618815104166,619.9094482421875,602.7854370117187,588.2902048746745,0
2023-06-27,613.0455322265625,625.1579921727953,611.3850040056232,620.1762882705531,241524,Power,-0.006097022161535071,-0.00912977424396555,-0.006596704193388203,0.0020012353464307076,627.7660400390625,637.7155212402344,644.5078491210937,623.0623199462891,606.5174194335938,591.5862701416015,0
2023-06-28,604.98681640625,619.297096506209,601.2261244472738,616.2690115225951,401256,Power,-0.013145378926494256,-0.006300267878434962,-0.009375063167978093,-0.016616173919528965,619.6682983398438,633.8466674804688,640.326708984375,626.5452484130859,609.2455102539062,594.4567555745442,0
2023-06-30,600.98193359375,613.4362524126371,597.9049603906118,610.9942291148161,381719,Power,-0.0066197852645614175,-0.008559220582496474,-0.009463703490030895,-0.005523984939468929,612.3422241210938,630.2617797851562,637.1762817382812,629.3352325439453,611.710498046875,597.1710927327474,0
2023-07-03,592.0929565429688,605.524083862209,590.2369951018824,603.5704653430467,351167,Power,-0.014790755851223247,-0.01215030096523928,-0.012898110470826785,-0.012824722651104792,605.5826904296875,623.9271667480468,632.6112630208333,631.5715393066406,613.938369140625,599.8480244954427,0
2023-07-04,577.1965942382812,604.107676432221,574.4614807156557,596.8304357903779,633858,Power,-0.025158823694952148,-0.011166930689423427,-0.002339143013030509,-0.02672742392825378,597.6607666015625,615.8831420898438,626.875166829427,631.8616027832031,615.4597119140625,601.9313252766927,0
2023-07-05,595.5606689453125,605.5241361777965,579.1502838904798,579.1502838904798,1367642,Power,0.03181597897552746,-0.02962340865958757,0.0023447140316790183,0.008162084547397086,594.1637939453125,610.9649169921875,623.1982788085937,631.9218353271484,617.2826147460937,604.4584818522136,1
2023-07-06,625.4998168945312,629.944346944289,597.8072968444723,598.6864490700683,4530043,Power,0.05027052575892643,0.03373246240743066,0.04032904604040777,0.03221445879066609,598.2663940429687,608.9673461914062,621.9865763346354,629.8116302490234,620.8894775390625,607.4156575520833,1
2023-07-07,618.8575439453125,633.460855467148,615.389882720591,629.0652134477152,660897,Power,-0.010619144514216083,0.05074236175686586,0.005582252686156641,0.029411795354336467,601.8415161132813,607.0918701171875,620.7883585611979,628.3425903320312,623.8364892578124,610.0656677246094,0
2023-07-10,604.6937866210938,622.7159301711656,598.1980405330941,621.3483733001613,446632,Power,-0.022886942985170022,-0.01226715447395399,-0.01696225615718361,-0.027936504434380893,604.3616821289063,604.9721862792969,617.4053385416667,625.5488677978516,626.1295678710937,612.3422546386719,0
2023-07-11,609.675537109375,619.2970846876328,603.6681361781657,607.5753733055325,394233,Power,0.008238468128006105,-0.02216630892823679,-0.005490216835456696,0.009144288804752376,610.857470703125,604.2591186523438,614.2079182942708,622.8707427978516,627.6607763671875,614.6926717122395,1
2023-07-12,611.3360595703125,620.1762311854429,607.2335083200741,611.4826048091238,333785,Power,0.0027236166778323856,0.0064308589111075065,0.0014195876575997524,0.005906179120999777,614.012548828125,604.0881713867187,611.9807942708334,620.9018463134765,628.3399780273437,616.7376037597656,1
2023-07-13,597.9049072265625,614.364178562189,593.6558109140556,612.3617315599696,339317,Power,-0.021970162128486792,0.001437697072544264,-0.009371614600811817,-0.02235992780369045,608.4935668945312,603.37998046875,608.8094197591146,618.6133239746093,625.548017578125,618.8234924316406,0
2023-07-14,596.2933349609375,604.1078104860353,594.3885446277516,598.7353585625306,217457,Power,-0.0026953655107138097,-0.022252162888634963,-0.016694280744292245,0.0012342736316650615,603.9807250976562,602.9111206054688,606.0548217773437,616.5864501953125,623.4702172851562,620.5271952311198,0
2023-07-17,595.7560424804688,605.475247753046,590.7254505132897,597.8073182540444,580804,Power,-0.0009010539762346337,-0.0015500008396267528,0.002263564951942243,-0.00616279392927388,602.1931762695312,603.2774291992188,604.045849609375,613.6022979736329,620.8777294921875,622.1401692708333,0
2023-07-18,603.3751220703125,607.5753901749111,594.632666831153,596.5862854490788,305340,Power,0.01278892541000709,-0.00204251899848229,0.0034685850984972344,0.006614267786275718,600.9330932617188,605.8952819824219,603.1504435221354,610.8892120361328,618.483212890625,623.2061625162761,1
2023-07-19,611.0919189453125,622.227569627984,604.840374739716,606.5009625951618,574493,Power,0.012789385231068096,0.016619016205878356,0.02411582116394606,0.017166409580154474,600.8842651367188,607.4484069824218,603.0202026367188,609.2066619873046,616.898330078125,623.7640258789063,1
2023-07-20,600.2981567382812,616.17130821621,596.6351217818361,615.389872682777,302739,Power,-0.017663074690400515,0.014656052728391877,-0.009733193621418779,-0.013565980877865313,601.3629150390625,604.9282409667969,602.7076253255208,606.9477935791016,615.1632421875,621.517167154948,0
2023-07-21,598.9794921875,603.6681650405721,596.3909236189728,596.8304997407598,369097,Power,-0.002196682658408,-0.030158723381501273,-0.020291667282973602,-0.0004092923026958184,601.900146484375,602.9404357910156,602.5741292317708,605.0161529541016,613.649189453125,619.8752054850261,0
2023-07-24,589.8463134765625,602.5937234346228,587.0624306234876,599.2237191884657,202839,Power,-0.015247898851399322,0.004009881279099181,-0.0017798546754194122,-0.015641574386945467,600.7182006835938,601.4556884765625,602.4243530273437,603.2139373779297,611.025478515625,617.5178080240886,0
2023-07-25,597.3677978515625,619.2971815839599,593.9001362824094,597.8073740211096,1163389,Power,0.012751600210346714,-0.0023636333509532426,0.027719270048369937,0.011647322843773011,599.5167358398437,600.2249145507812,603.7690999348958,602.2420166015625,608.614716796875,615.3221333821615,1
2023-07-26,624.13232421875,627.1115807078282,599.2725152091162,599.7609198669884,1301998,Power,0.04480409969108856,0.003267851704033653,0.012618173239351327,0.009045929775897799,602.1248168945312,601.504541015625,605.673876953125,602.7963562011719,607.79029296875,614.4360778808593,1
2023-07-27,617.392333984375,631.9468170586401,614.4130774089574,629.0652175697434,494115,Power,-0.010798976391443449,0.048859965249576254,0.007710328591531201,0.02526490338799836,605.54365234375,603.4532836914062,605.133378092448,603.4166320800781,606.6669653320313,613.5599772135416,0
2023-07-28,656.2205200195312,661.9348905812801,614.950324314542,617.245862095996,2190843,Power,0.06289061897574344,-0.018788760121579817,0.047453476642572046,0.0008744066904469161,616.9918579101562,609.4460021972657,607.6242431640625,606.1785614013672,607.4112939453125,614.2063008626302,1
2023-07-31,661.0557250976562,666.183974165647,649.7735890720189,659.3463087416593,654223,Power,0.007368262543788084,0.06820693216589868,0.0064191866070626435,0.05662776874911479,631.233740234375,615.9759704589844,611.3817057291667,609.6266998291015,608.8178979492187,614.3935221354167,1
2023-08-01,662.0814208984375,664.1327564768873,652.7040742017757,663.2047755928064,387941,Power,0.0015516026287039075,0.00585195791648685,-0.0030790558889213226,0.0045100096080266106,644.17646484375,621.8466003417968,614.8754313151042,613.8709411621094,610.62890625,614.5416748046875,1
2023-08-02,648.7479248046875,662.2767098527638,635.9028585754414,660.8114958929126,523123,Power,-0.020138755858239543,-0.0036086587249836155,-0.0027946921846913053,-0.02574093879662287,649.0995849609375,625.6122009277344,617.3695556640625,616.5303039550781,612.057001953125,614.6751749674479,0
2023-08-03,653.1923828125,662.2278687265409,641.4218428159882,647.5757294064746,265718,Power,0.006850824238321174,-0.020029564510758657,-7.374731059739403e-05,0.008678973786830246,656.2595947265625,630.9016235351562,621.0553873697917,617.9149322509766,613.985224609375,614.9324035644531,1
2023-08-04,650.5549926757812,665.207132150461,646.0128055907472,662.276704255525,273954,Power,-0.004037692732059672,0.022701553164329313,0.004498849360793589,0.007157478071846857,655.1264892578125,636.0591735839844,624.6728312174479,619.4998046875,615.9681469726562,615.3638264973958,0
2023-08-07,644.7918090820312,654.3645881256449,640.3473385944732,654.3645881256449,130880,Power,-0.008858872283871944,-0.011946843485570402,-0.016299500562726443,-0.008769898904857243,651.8737060546875,641.5537231445312,627.9418823242188,621.5047058105469,618.0761010742187,615.9938659667969,0
2023-08-08,642.3009643554688,647.8199609293488,637.8564938186529,645.7686255602498,118313,Power,-0.003863021662928068,-0.013136350470946634,-0.010001499645698297,-0.003889833884977989,647.9176147460937,646.0470397949218,630.5369384765625,623.1359771728515,620.6802758789063,616.843690999349,0
2023-08-09,646.6965942382812,658.760225034808,636.8308440173809,642.3009523264468,914069,Power,0.0068435673099500605,-0.005369838509566072,0.016887815697689268,-0.0016079632506863506,647.5073486328125,648.303466796875,632.9105834960938,624.90400390625,622.725712890625,617.9653930664062,1
2023-08-10,655.9274291992188,659.3462616671223,645.9151341146439,649.6269974415693,242959,Power,0.014273826463877093,0.011405938428998397,0.0008896053678459914,0.014264840000455692,648.0543579101562,652.1569763183594,636.6192016601562,627.8051300048828,623.9428173828124,619.6634134928386,1
2023-08-11,625.060302734375,663.7419276502123,620.7623179127446,663.2535229941047,669259,Power,-0.047058752372236556,0.02097592250045155,0.006666703428295451,-0.03894136376967894,642.955419921875,649.0409545898438,638.3579223632812,629.2434783935547,624.190927734375,620.4660257975261,0
2023-08-14,627.6976318359375,631.8002428166361,613.9246445647079,625.1091229648085,177462,Power,0.004219319464098481,-0.05751104020842912,-0.04812365092959636,-0.011014962008370155,639.5365844726563,645.7051452636719,640.8813435872396,630.8405578613281,625.1110815429688,621.6528483072917,1
2023-08-16,618.1249389648438,626.2324445699422,616.4643511614595,622.0810048713371,117139,Power,-0.015250484286669752,-0.004844143177929472,-0.008812592761712201,0.004136837670936533,634.7013793945313,641.3094970703125,642.2651529947917,631.5780487060547,625.4490576171875,623.0171264648437,0
2023-08-17,614.1200561523438,622.6671380467266,610.5546781428021,619.1994767449479,285207,Power,-0.00647908304623146,-0.004632078626135128,-0.0056932638258052615,-0.009586398641743266,628.1860717773437,637.8467102050781,641.5976684570312,631.7294555664063,625.5604174804688,623.6357727050781,0
2023-08-18,615.341064453125,619.2483018689782,607.0870134881927,614.071224216915,322216,Power,0.0019882241078905682,-0.008282068575043877,-0.005490632103170134,-0.005679531709031238,620.068798828125,634.0615783691406,641.4609171549479,632.4816009521485,626.2578637695312,623.2971476236979,1
2023-08-21,621.2506713867188,626.8673244692244,613.4361975327978,617.3434344597582,404038,Power,0.009603790929906264,0.005328714510301369,0.01230366329185073,0.010458441547158248,619.3068725585938,631.1311462402343,639.1295939127605,633.5951599121094,627.2561572265626,623.3769185384115,1
2023-08-22,646.5989379882812,656.8554357957827,621.6903004557778,621.6903004557778,1352394,Power,0.040801994700434774,0.007041244392310686,0.04783805146001119,0.013455519834299823,623.0871337890625,631.3118591308594,638.1658081054687,636.4327911376953,629.289873046875,624.7737569173177,1
2023-08-23,644.449951171875,650.3596356550415,638.8332975618132,649.7247453665996,203801,Power,-0.0033235235787615336,0.04509390751354658,-0.009889238615908624,0.02757481835162534,628.3521362304688,631.5267578125,636.9903767903646,638.786898803711,630.9328662109375,625.9329040527343,0
2023-08-24,648.7967529296875,659.2486244271936,644.9383442472804,646.2081844210614,535557,Power,0.0067449795750751385,-0.005412385738138958,0.013667805141687639,0.009556556786829873,635.2874755859375,631.7367736816407,636.9936319986979,640.0201202392578,632.4410595703125,627.1815938313802,1
2023-08-25,650.8968505859375,654.4622283644629,638.0518441144897,646.647753995932,182047,Power,0.003236911477696003,0.0006802290430047986,-0.00726038081139635,-0.010677765082843793,642.3986328125,631.2337158203125,636.8405965169271,641.695346069336,634.4650073242187,628.9479919433594,1
2023-08-28,651.23876953125,659.3462747636615,648.6502010491095,654.4622282839307,109403,Power,0.0005253043473858465,0.01208459202047707,0.00746268644319481,0.01661049495018485,648.3962524414062,633.8515625,636.886181640625,641.4462585449219,636.5553784179688,630.7795064290365,1
2023-08-29,650.3108520507812,659.3463389174275,639.8101510976519,659.3463389174275,167642,Power,-0.0014248498766997741,0.007462784592326299,9.729904970612324e-08,-0.013628377725251495,649.1386352539063,636.1128845214844,637.2541178385417,640.9090148925782,638.9739599609375,632.5980000813802,0
2023-08-30,645.3290405273438,650.5061175134175,640.7868537678456,650.3107437438158,259855,Power,-0.007660661832302407,-0.013703867967852945,-0.013407553636416103,0.0015265507565300762,649.314453125,638.8332946777343,637.4559895833333,640.0713958740234,640.8924096679688,633.9964640299479,0
2023-08-31,641.6660766601562,649.4805513480816,637.6611226107682,646.6477804258245,115497,Power,-0.005676118130673702,-0.005632635402736397,-0.00157656651909166,-0.004877957683897649,647.8883178710937,641.5878967285156,637.1206217447917,639.7173034667969,641.593759765625,635.0156026204427,0
2023-09-01,649.7735595703125,657.3926602014545,641.5195090450302,643.7173299743812,411163,Power,0.012635049919352603,-0.004531756761793293,0.012182210594220866,0.0060508415794029435,647.6636596679688,645.0311462402344,636.7103637695312,639.5463623046875,642.8890087890625,636.6647827148438,1
2023-09-04,689.1389770507812,697.0022801732728,647.1361761816337,653.1924059053132,1887518,Power,0.06058328613201902,0.014719311551405712,0.060252604523573616,0.008755255385708427,655.243701171875,651.8199768066406,640.982275390625,641.4755615234375,644.2057470703126,639.6700988769531,1
2023-09-05,685.3294067382812,698.8582518225625,678.8824889643457,698.5652209455128,558047,Power,-0.005528014579589291,0.06946316985622891,0.0026627913596326547,0.04905661891756408,662.247412109375,655.6930236816406,644.824393717448,643.50244140625,645.1766943359376,642.8528686523438,0
2023-09-06,683.9130859375,692.7043700320605,669.1144005304387,683.7665406880396,309069,Power,-0.0020666277951241208,-0.021184393115710853,-0.008805622276696567,-0.014388481943036213,669.9642211914063,659.6393371582031,649.2102701822917,645.5830474853516,646.0499609375,645.7377115885416,0
2023-09-07,703.25390625,707.6983768862127,681.1779790804803,687.47841133695,772434,Power,0.02827964650798842,0.005428564324272633,0.021645607423348867,0.01802917190315778,682.281787109375,665.0850524902344,655.1525268554688,648.4109130859375,648.2302001953125,648.37509765625,1
2023-09-08,708.6263427734375,715.4151795638817,702.5701129829755,709.1635759828157,697714,Power,0.007639398054801072,0.03154304817178799,0.010904084182900009,0.0314046175294338,694.05234375,670.8580017089844,661.3715454101563,651.0458587646484,650.44755859375,651.4162312825521,1
2023-09-11,700.8606567382812,718.4920522765364,680.836066545759,706.1842792256006,887536,Power,-0.010958788244821327,-0.0042011418213155904,0.004300821118347509,-0.03093505692255827,696.3966796875,675.8201904296875,666.678877766927,654.8358764648438,652.45978515625,652.9042358398438,0
2023-09-12,703.44921875,719.420026446448,695.5370279011685,712.0939569307001,867240,Power,0.0036934046544510046,0.008368463981639485,0.0012915580165031582,0.021592512614666992,700.0206420898437,681.1340270996094,670.468896484375,658.6234558105468,654.8060815429687,654.3173522949219,1
2023-09-13,708.91943359375,717.1246565352462,695.2441017710665,703.4493247125628,438896,Power,0.007776275384128395,-0.01213973540148805,-0.00319058384090265,-0.0004211510219460646,705.0219116210938,687.49306640625,674.7668619791667,663.1631805419922,657.4708203125,655.8786193847657,1
2023-09-14,709.5542602539062,722.8388421537142,705.89122558083,712.9730926154441,349181,Power,0.0008954849170068613,0.013538669479529197,0.007968190141551812,0.015314223856974785,706.281982421875,694.281884765625,678.8173624674479,667.9348907470703,659.985126953125,657.9054972330729,1
2023-09-15,707.3565063476562,728.211361877484,702.3259144063193,712.8266147955653,513668,Power,-0.0030973725750917946,-0.00020544649075249222,0.007432527709444026,-0.00505079401090025,706.0280151367188,700.0401794433594,682.5813395182291,672.5356628417969,662.0422900390626,659.7109680175781,0
2023-09-18,706.0865478515625,715.4639524942646,700.8606421724446,703.3514938548307,233574,Power,-0.001795358471573305,-0.01329232206551667,-0.017505095430472073,-0.0020863137808510013,707.073193359375,701.7349365234375,686.2378580729167,676.777456665039,665.28333984375,661.5620198567708,0
2023-09-20,703.0097045898438,713.0220004767765,698.3210316106371,707.063427640531,244979,Power,-0.00435760073758773,0.005277494706603214,-0.0034131027971080474,-0.003623559961842826,706.9852905273438,703.5029663085937,689.7511149088542,679.5979949951172,668.2958227539062,663.502616373698,0
2023-09-21,701.34912109375,705.2075299930689,695.0975173363944,702.1305566584914,126316,Power,-0.0023621060779844827,-0.006976560785360686,-0.010959648479966,-0.004616092210208644,705.4712280273437,705.2465698242188,693.4857869466146,682.4429534912109,671.6247900390625,665.470888264974,0
2023-09-22,694.5602416992188,703.5957277353825,689.6761951931843,701.3002497254296,159996,Power,-0.0096797432125445,-0.0011825534798162174,-0.00228557153622877,-0.0077993691647533225,702.4724243164062,704.3772033691406,697.0120646158854,684.7311279296875,674.8423974609375,667.0663431803385,0
2023-09-25,701.39794921875,709.6520002369836,693.7300195885063,694.5114551527809,379048,Power,0.009844657250756228,-0.009680296813392886,0.008607602722509267,0.005877866198044535,701.280712890625,703.6543640136719,700.453690592448,687.2561828613282,678.2846728515625,668.5820271809896,1
2023-09-26,705.5493774414062,715.3662994273654,701.3491091849926,701.3979377282639,557907,Power,0.00591879150385366,0.009915578100821998,0.008052255455453627,0.010982787801233851,701.1732788085938,704.1232360839844,701.5477172851563,689.971713256836,681.65662109375,671.2649963378906,1
2023-09-27,717.954833984375,721.5202117697316,704.0353014887595,706.0377486255907,578304,Power,0.01758269079331587,0.006615090589451311,0.008602463307668007,0.00383003595297704,704.1623046875,705.5737976074219,703.7227457682292,693.3539123535156,684.5108569335938,674.2735697428385,1
2023-09-28,717.7594604492188,730.4091527858338,712.1916355251043,719.8596242883953,239837,Power,-0.00027212510579810445,0.019576680835707405,0.012319739448877653,0.01158512083001706,707.4443725585937,706.4578002929687,705.979170735677,696.9754333496094,687.4432373046875,677.5947204589844,0
2023-09-29,721.3736572265625,725.0855205869283,714.9755683315005,719.4200386558745,130774,Power,0.005035387168678795,-0.0006106546577818728,-0.007288561730915966,0.003908965884362958,712.8070556640625,707.6397399902344,707.1871541341146,700.9608123779296,690.3463134765625,681.1698404947916,1
2023-10-03,730.5557250976562,743.2542464457604,716.929222957864,720.934117381305,331825,Power,0.012728587714715855,0.0021045823636762773,0.02505735577801249,0.0027324774620238745,718.6386108398438,709.9596618652344,708.6491129557292,704.9999206542968,693.5326684570313,685.0103291829427,1
2023-10-04,715.8546752929688,731.6301694159764,712.8265902954723,730.5557030284024,131948,Power,-0.020123105328785584,0.013345998497125589,-0.01563943574539972,-0.005722507230860652,720.6996704101563,710.936474609375,709.6487141927083,706.3357055664062,696.1173046875,688.1637959798177,0
2023-10-05,715.6593017578125,723.0341994745187,713.0707334665252,716.4895657502689,78751,Power,-0.0002729234604443853,-0.019254024326720853,-0.011749064350803695,0.00034250008961045353,720.2405639648438,712.2014343261719,710.4627197265625,707.8522003173828,698.7312426757812,690.4658081054688,0
2023-10-06,713.11962890625,719.4200609156035,708.2355823284115,716.0012283111165,97952,Power,-0.003548717728288464,-0.0006815695056786586,-0.00499857207521015,-0.006780745459301185,719.31259765625,713.3784851074219,710.7427327473958,709.3125274658203,701.4428662109375,692.7547973632812,0
2023-10-09,706.8192138671875,708.1867707897001,691.9228714471283,699.3954867385177,359663,Power,-0.008835004371883226,-0.023192336711164607,-0.015614368761981523,-0.023032888050686706,716.401708984375,714.6043823242187,710.5603963216146,709.4907928466797,704.0489916992187,694.6888793945312,0
2023-10-10,708.3333129882812,714.242997539964,705.4028849838392,707.2099584053609,320685,Power,0.002142130676965781,0.0111731800033259,0.00855173663228781,0.01948195975733258,711.9572265625,715.2979187011719,710.6255167643229,709.4761413574219,706.3913818359375,696.603428141276,1
2023-10-11,730.8487548828125,743.1565286308677,711.1171944320472,712.0940037650582,449315,Power,0.031786507117029794,0.006906075489533592,0.040481364452279234,0.008100774138936062,714.9560424804688,717.8278564453125,712.2763305664063,710.9755462646484,708.0597729492188,699.2570943196614,1
2023-10-12,723.8157348632812,737.0026612069443,720.9829638749059,734.5606378099696,119811,Power,-0.009623085450366498,0.0315500958105579,-0.008280715013377904,0.013873619594781728,716.5873291015625,718.4139465332031,713.663399251302,711.9938720703125,709.5992260742188,701.7072570800781,0
2023-10-13,713.02197265625,723.2784704817027,710.1892017899079,722.5458634941704,409942,Power,-0.014912306664720432,-0.016356409120451,-0.018621629808997286,-0.0149708975465761,716.5677978515625,717.9401977539062,714.4415893554688,712.1989990234375,710.7635815429687,703.9636881510417,0
2023-10-16,717.3687744140625,722.8388826511065,711.1659995816503,711.1659995816503,312995,Power,0.006096308282925955,-0.015749676923604516,-0.0006077712092045218,0.0013754050178187427,718.6777099609375,717.5397094726562,715.962158203125,712.5897247314454,711.3281762695312,706.4871114095052,1
2023-10-17,717.2222290039062,725.9646841686855,713.1196180172252,717.9060074383045,529992,Power,-0.00020428183576282066,0.009477404516834431,0.004324340586265629,0.002747063887649448,720.4554931640625,716.2063598632812,717.0171101888021,713.0830108642579,711.67201171875,708.735400390625,0
2023-10-18,713.3638305664062,725.1832590455208,708.3821269095648,720.8852742131684,579564,Power,-0.005379641457653461,0.004149939886273879,-0.0010763955054639007,-0.006643333022912201,716.9585083007812,715.957275390625,717.5380737304688,713.446875,712.172138671875,709.5428955078125,0
2023-10-19,709.35888671875,714.9755398860182,695.3905264180066,713.0707499314384,138192,Power,-0.0056141672398449805,-0.010840177433585896,-0.014076054614026723,-0.01833981970753018,714.067138671875,715.3272338867188,716.965010579427,713.7643341064453,712.408525390625,710.3438781738281,0
2023-10-20,718.3455810546875,722.9365370560546,703.6445534351212,708.1867405152748,118716,Power,0.012668755554056554,-0.006849263437931241,0.01113464269184039,0.011869628221183204,715.1318603515625,715.8498291015625,717.0040852864583,714.6141571044922,712.7855712890625,711.4916280110677,1
2023-10-23,706.1354370117188,723.2784275791669,693.5834022647185,718.3455527463265,177541,Power,-0.016997590526055206,0.01434482128775838,0.00047291913686442477,-0.014298627227746108,712.8851928710938,715.7814514160157,715.988203938802,715.1929168701172,712.648818359375,711.5876790364583,0
2023-10-25,690.2623291015625,708.1867562568699,682.7897139635201,699.6885032578456,154306,Power,-0.022478843403369364,-0.02597224889491223,-0.02086564557553472,-0.015562206745366791,707.493212890625,713.9743530273438,713.3019775390625,714.6361358642578,711.9650512695313,710.9755452473959,0
2023-10-26,707.8937377929688,712.9731582646118,675.9032320358132,689.6273912840248,343497,Power,0.02554305507929877,-0.014379415878601476,0.0067586720105308196,-0.010085802095247787,706.3991943359375,711.6788513183594,712.7712483723958,714.7533538818359,712.0373388671875,711.2099812825521,1
2023-10-27,703.25390625,719.9084938097153,699.1512950397608,716.9292372043229,936763,Power,-0.006554418121333505,0.03958927134472501,0.009727344521614611,0.034395549395324965,705.1781982421875,709.6226684570313,711.9442220052083,714.0183074951171,712.0471069335938,711.2034708658854,0
2023-10-30,706.0377197265625,719.908423113477,698.2232456629156,703.2538371892706,181946,Power,0.003958475668349726,-0.019074964871539812,-9.820170043806087e-08,-0.0013273942041293063,702.7166259765625,708.9242431640625,711.4720947265625,713.4322204589844,712.2346508789062,711.1074137369792,1
2023-10-31,710.042724609375,716.4896423284547,701.3490977393735,708.1379344951938,921823,Power,0.005672508381511898,0.006944999156270226,-0.004748910660381966,0.0044768662399519155,703.4980834960937,708.1916381835938,711.6869954427083,712.865673828125,712.8539501953124,711.1236958821614,1
2023-11-01,702.1793823242188,713.0708305009884,698.7605495752414,710.0427453426361,171225,Power,-0.011074463567642634,0.0026898867503830637,-0.004771613747765802,-0.0036908127100693244,705.881494140625,706.687353515625,711.2767333984375,711.4468566894532,712.8852075195313,710.9511250813802,0
2023-11-02,712.4847412109375,717.9548495501022,703.6445691771721,706.9657447100495,157346,Power,0.014676248186906271,-0.004333542808189206,0.006849276173142904,0.0069895468553564655,706.7996948242187,706.5994445800782,710.0524658203125,711.2783599853516,713.1626220703125,711.1643981933594,1
2023-11-03,728.2113647460938,751.0687272057268,715.0244386239311,715.0244386239311,716268,Power,0.022072926794793224,0.011398987821095607,0.04612250711360888,0.016172752473690544,711.7911865234375,708.4846923828125,710.3455078125,711.9059631347657,713.5728833007812,712.004453531901,1
2023-11-06,731.288330078125,741.837858937308,727.7229521692773,732.5093417428385,118080,Power,0.004225373951838973,0.024453574135951506,-0.01229031103819378,0.017759551785089256,716.84130859375,709.7789672851562,711.5632649739583,712.8143981933594,714.1140380859375,713.0024271647136,1
2023-11-07,736.17236328125,749.2127437741551,721.2271330825563,728.6997481819031,243292,Power,0.006678669687786742,-0.005200743995798507,0.00994137027114217,-0.008926225382004938,722.067236328125,712.7826599121094,712.8168375651042,714.2820556640625,714.705986328125,714.3894978841146,1
2023-11-08,735.195556640625,747.99173485158,731.2883193707506,736.8560847845541,239390,Power,-0.0013268721964394548,0.011193000440854917,-0.0016297225757591072,0.01395009398106306,728.6704711914062,717.2759826660156,714.015059407552,715.6251678466797,714.8915795898438,715.5160847981771,0
2023-11-09,742.4727172851562,781.4474317937528,720.6410535073014,736.318830683722,673118,Power,0.009898265269424611,-0.0007291167324610104,0.044727361792054054,-0.014559600613627821,734.66806640625,720.7338806152344,715.9556518554688,716.2063659667969,715.9563012695312,716.7468627929687,1
2023-11-10,759.6157836914062,770.018767070013,742.472732606899,742.472732606899,766244,Power,0.023089153321260714,0.008357659300201048,-0.014624994924490431,0.030294803485514166,740.9489501953125,726.370068359375,719.3061116536459,717.9963684082031,717.714560546875,718.1355611165365,1
2023-11-13,801.3743896484375,818.0289766236904,760.3483982252009,760.9832885111158,1434916,Power,0.05497332579649994,0.024930957180372637,0.062349401867645815,0.024075854685650988,754.966162109375,735.9037353515625,724.8413655598958,722.4139892578125,721.2447509765625,720.9227254231771,1
2023-11-15,807.1863403320312,834.6835459451044,793.2668078221217,815.6357646157544,927000,Power,0.00725247868994594,0.07181823428943845,0.02035938798910708,0.04329385012680853,769.1689575195312,745.6180969238281,731.5780924479167,726.9048675537109,725.2594360351562,723.7831481933594,1
2023-11-16,808.7493286132812,813.5845469115364,787.3083510497096,807.186397851777,628621,Power,0.0019363413417119446,-0.01035924015416112,-0.025277842286537067,-0.00751128966150838,783.8797119140625,756.2750915527344,739.477225748698,731.4812225341797,729.2760766601563,726.3896016438802,1
2023-11-17,814.6589965820312,828.5785297970119,800.9836657041553,805.9165409897327,431348,Power,0.00730716893315142,-0.0015731891238800477,0.018429532545074068,0.01736970608302646,798.3169677734375,766.4925170898438,746.5949096679688,736.5459808349609,732.628486328125,729.6830790201823,1
2023-11-20,806.5514526367188,821.4966230343291,800.9836276910224,813.7309771589928,120836,Power,-0.00995207071833537,0.009696334262681017,-0.008547055599446685,-4.7458062479854846e-08,807.7041015625,774.3265258789063,753.4814127604167,741.4056091308594,735.9379150390625,732.7128173828125,0
2023-11-21,802.00927734375,819.9825926142335,793.2179934957393,806.9910406294483,95980,Power,-0.005631600164031414,-0.00828275771567144,-0.00184301478258464,-0.00969512225570579,807.8310791015625,781.3986206054688,759.8795166015625,745.5887939453125,739.4974072265625,735.6758056640625,0
2023-11-22,778.2728271484375,804.5978502950345,774.6097921916673,799.0300252368019,264443,Power,-0.02959622895376912,-0.009865060442848184,-0.018762279172476082,-0.023459126566285904,802.0483764648437,785.6086669921875,764.4281901041667,749.1956634521484,741.9335693359375,738.0575927734375,0
2023-11-23,768.8954467773438,787.2106207339307,766.0138474842327,778.5658228545975,218305,Power,-0.012048962836659904,-0.025611305878198487,-0.021609838448770624,-0.011097128895199537,794.0776000976563,788.9786560058594,768.875927734375,753.1273193359375,744.000498046875,740.0763305664062,0
2023-11-24,797.076416015625,808.3097233491786,766.9418719295851,768.8954905962901,870841,Power,0.03665123698728556,-0.012420699669106083,0.026802360206442444,0.0012114982625970327,790.561083984375,794.4390258789062,774.5153727213542,757.5864532470703,747.3490014648437,742.2839192708333,1
2023-11-28,824.4758911132812,844.9400582041324,798.9811918176645,798.9811918176645,962879,Power,0.034374966498970094,0.03912846620812216,0.04531720180623133,0.04177542139858681,794.1459716796875,800.9250366210938,780.9330078125,763.6475524902344,751.953681640625,745.6392578125,1
2023-11-29,919.568359375,980.716601730639,834.3417423421332,840.0560532752486,6224415,Power,0.11533686950302013,0.051409046768847944,0.1606936991661767,0.044257049961369255,817.6577880859375,812.74443359375,793.485009765625,774.3240844726563,760.0025927734375,752.5241373697917,1
2023-11-30,941.6441650390624,949.556296519827,898.7133843874583,909.4094581445718,1442015,Power,0.024006704274891044,0.08255806811810351,-0.031772996557644095,0.07715260879148089,850.3320556640625,826.1902160644531,807.1831298828125,785.9041564941406,769.4229418945313,759.9999837239583,1
2023-12-01,930.362060546875,956.735912521067,923.0848190967208,942.6210057442704,635463,Power,-0.011981282220040468,0.03651990564014884,0.007561021950519109,0.027118139256236296,882.6253784179687,838.3514892578125,820.1942301432292,797.3132904052734,779.0269311523438,767.1046447753906,0
2023-12-04,944.8676147460938,962.157151111325,922.1567987427046,957.2731046589832,763217,Power,0.015591300219929716,0.015543997879767124,0.005666389773090641,-0.0010053467837596308,912.1836181640625,851.3723510742187,833.6872233072917,808.9324340820312,788.5058862304687,774.8214375813802,1
2023-12-05,943.793212890625,954.0008825977404,935.8321927812226,944.867679335706,353161,Power,-0.0011370924759205314,-0.012959128657120789,-0.008477064795666456,0.014829792565823396,936.0470825195313,865.0965270996094,845.9657185872396,819.7115264892578,798.1274584960937,782.6359151204427,0
2023-12-06,920.4962768554688,937.1020359810134,908.4815336473994,927.9688923098486,1049903,Power,-0.024684364876711773,-0.017884818578764672,-0.01771365931099722,-0.029226029350987726,936.232666015625,876.9452270507812,853.907177734375,829.171923828125,806.70580078125,789.3742716471354,0
2023-12-07,980.5699462890624,1022.7192894689258,914.8795239234606,919.3728822660164,2765383,Power,0.06526226226445253,-0.009263252373078457,0.09136385388201962,0.007042509989580559,944.017822265625,897.1749389648437,865.4660847981771,841.3918029785157,817.5268896484375,798.5220886230469,1
2023-12-08,944.2327270507812,989.5078139394152,932.8528749379484,984.7214245552012,847021,Power,-0.03705724346926831,0.07107947553131821,-0.03247369622485219,0.0196455932661046,946.7919555664063,914.7086669921875,874.4983113606771,851.8436614990235,827.2090234375,806.9877685546875,0
2023-12-11,923.7197875976562,950.7773589531944,918.4449932487948,950.4354995278676,558601,Power,-0.021724452950487305,-0.03481789282976211,-0.03914113101545669,-0.015444966806916871,942.5623901367187,927.3730041503907,881.7690307617188,860.9060150146485,835.6584252929688,814.1819702148438,0
2023-12-12,904.7696533203124,932.8529219119011,898.6645949308366,927.9688752003204,441862,Power,-0.02051502472045985,-0.02363824198349862,-0.018852402060802187,-0.021536835045492975,934.7576782226563,935.4023803710937,888.3169108072917,868.1637084960937,842.7207568359376,820.8991617838542,0
2023-12-13,890.8989868164062,922.1080585613612,882.1565309050438,904.8185205393928,550782,Power,-0.015330605367900763,-0.0249473395925377,-0.01151828235529151,-0.018369549795230644,928.8382202148438,932.5354431152343,894.2428914388021,872.6399383544922,849.1051831054688,827.0612040201823,0
2023-12-14,891.5338745117188,904.2323956179324,883.4263691140012,897.1993566197799,522897,Power,0.0007126371280106181,-0.00842065424906513,-0.019385648761510388,0.001439470393825193,911.031005859375,927.5244140625,901.7936279296875,876.8573150634766,855.3196435546874,833.110909016927,1
2023-12-15,876.6863403320312,912.24222243962,867.4066520499653,893.7805029568898,710740,Power,-0.0166539203996251,-0.0038105841669021645,0.008858150692791611,-0.018133618855074807,897.521728515625,922.1568420410156,908.9796875,880.2541656494141,860.9792749023437,838.9278076171875,0
2023-12-18,909.262939453125,917.2239593271177,873.3163680935336,879.763345432515,651854,Power,0.03715878487254165,-0.015682997646515928,0.005460980389808023,0.0068130859148956,894.6303588867188,918.5963745117188,916.4587890625,884.9843627929688,867.6508837890625,845.4870808919271,1
2023-12-19,902.0834350585938,928.9456921935276,898.9576332134956,914.2935519381092,274129,Power,-0.00789596065451581,0.039249426206337645,0.012779575530287302,0.029360797594962573,894.093115234375,914.4253967285156,921.6326253255208,889.7609619140625,873.34958984375,851.2828165690104,0
2023-12-20,865.1600341796875,907.6024114271162,861.5458277402818,904.5254381944454,311758,Power,-0.04093124809071336,-0.010683782821127252,-0.022975811121975664,-0.041616872799086435,888.9453247070312,908.8917724609375,918.0054036458333,892.9184997558593,875.901015625,855.7452067057292,0
2023-12-21,887.2359008789062,890.8501073171833,848.8473062046407,859.592208814826,303393,Power,0.02551651235271213,-0.04967602621471012,-0.0184577562807392,-0.014739229332637493,888.0857299804687,899.5583679199219,914.3781860351562,898.3666534423828,879.102998046875,860.7806579589844,1
2023-12-22,892.3152465820312,899.5436588532378,876.1978940165102,890.8500327124384,203752,Power,0.005724910024598184,0.036363549572778764,0.00975871413680962,0.032220857169423356,891.2115112304688,894.3666198730468,911.8417317708333,904.5376434326172,882.445634765625,866.0179809570312,1
2023-12-26,891.3873291015625,903.5486170057438,884.1589759373421,893.780523848925,346052,Power,-0.0010398987174354835,0.0032895448491638835,0.004452210977298865,0.009085940488099187,887.6363891601562,891.1333740234375,908.2763793945312,909.2531890869141,885.5147680664063,870.9818013509115,0
2023-12-27,877.8585815429688,902.5230178207928,873.2675656385998,892.8037527893514,310145,Power,-0.015177181811894869,-0.0010928533722879274,-0.0011350791375783764,-0.012318384583717923,882.7914184570312,888.4422668457031,903.8807373046875,911.9223236083984,888.3670532226563,874.9232279459635,0
2023-12-28,897.8831176757812,906.0394514573889,878.249215035362,882.0099666004252,444611,Power,0.022810662849153118,-0.012089763461683112,0.003896225987772395,0.005704608292785185,889.33603515625,889.1406799316406,902.373193359375,910.8380615234375,892.2020068359375,878.140185546875,1
2023-12-29,912.193359375,918.151931997133,879.2260448343646,899.6413834644493,859362,Power,0.015937755613739002,0.019990042665823493,0.013368601687554493,0.0011122467088835464,894.3275268554687,891.2066284179688,897.8147542317708,909.3655212402343,897.558828125,881.6404195149739,1
2024-01-01,920.593994140625,927.6758620074306,914.293561838628,922.8894722909462,329025,Power,0.009209269810274368,0.025841506686775872,0.010372934672784995,0.03988452936567599,899.9832763671875,895.5973937988281,896.238838704427,908.8771179199218,903.6267700195312,885.368575032552,1
2024-01-02,915.9541015625,932.8528906951296,908.5303150374988,922.5475644024916,362520,Power,-0.005040107373779135,-0.0003704754455653436,0.005580643950890529,-0.006303497084174325,904.896630859375,896.2665100097656,895.7211263020833,907.4314422607422,908.3818774414062,888.7450785319011,0
2024-01-03,922.4010009765624,930.8015966456064,917.8588735481464,917.8588735481464,250137,Power,0.007038452476018975,-0.005082329665443197,-0.002198946982942429,0.010267746002798672,913.8051147460938,898.2982666015625,896.8965494791667,906.3618316650391,912.2988818359376,892.6067301432291,1
2024-01-04,991.0706787109376,1047.0906674707308,960.2035290905976,981.6933334039172,7975873,Power,0.07444666437013114,0.06954714030165365,0.12493432676115224,0.0461341680761449,932.442626953125,910.8893310546875,903.5746622721355,909.8905517578125,915.158974609375,898.9087768554688,1
2024-01-05,1014.1234741210938,1020.7658257547912,991.4615436757064,1006.1136847152488,1137345,Power,0.023260495850952134,0.02487574324932673,-0.02514093815727325,0.0325535302028237,952.8286499023437,923.5780883789063,911.7473022460938,911.568228149414,918.0581469726562,906.7704650878907,1
2024-01-08,991.21728515625,1015.8817211751664,988.5310594512196,1014.0746477305756,341438,Power,-0.022587179519432565,0.007912587947335181,-0.004784745390563394,-0.0029557215236230006,966.9533081054688,933.4682922363281,919.3826985677083,913.9174560546875,920.4923559570312,914.1811930338541,0
2024-01-09,997.3712158203124,1001.8645747865226,987.7496671758804,994.8803637995436,219963,Power,0.006208457778348997,-0.01892788067819995,-0.01379801023728322,-0.0007904579910447129,983.2367309570312,944.0666809082031,925.2565836588542,917.6000274658203,922.5925,920.8576863606771,1
2024-01-10,998.152587890625,1013.7327682146548,990.973063178272,997.3711523522284,374547,Power,0.0007834315427581728,0.002503606105132228,0.011846105478538593,0.00326337341282823,998.3870483398438,956.0960815429687,931.6611938476562,922.269174194336,924.766875,926.6469095865885,1
2024-01-11,996.6385498046876,1005.136802919494,987.7984372714658,999.764351591936,159305,Power,-0.0015168403151034626,0.0023995071785096744,-0.008479518039354317,-0.0032035440969752083,999.5006225585937,965.9716247558594,940.4264282226562,927.55615234375,927.8125659179688,929.2159159342448,0
2024-01-12,990.0450439453124,999.568934522714,983.6469550198202,997.3222850796787,117332,Power,-0.0066157443545279415,-0.00244264211698364,-0.005539413521231884,-0.004202762522193204,994.6849365234375,973.7567932128907,947.28037109375,932.4817108154297,928.1915698242187,930.8292785644531,0
2024-01-15,987.8960571289062,998.2990999735788,964.306148415054,993.4150534962127,389747,Power,-0.002170594994185815,-0.00391772212645769,-0.0012703821670303483,-0.019662345830548933,994.0206909179688,980.4869995117188,953.6524251302084,938.0421966552734,929.9381030273438,932.7470784505208,0
2024-01-16,985.3076171875,1013.4397149409548,971.6322860943208,990.3870378031947,335717,Power,-0.0026201541373988,-0.003048087184063908,0.015166411517126166,0.007597315117515269,991.6079711914062,987.4223510742188,959.9137776692709,941.8444305419922,932.4016162109375,934.0950785319011,0
2024-01-17,978.665283203125,1010.9487597398116,969.6786255200572,983.6469868956262,312608,Power,-0.006741380933738328,-0.006805471649264261,-0.002457921437673538,-0.002010699523084747,987.7105102539062,993.048779296875,966.6342244466146,945.6735229492188,935.35744140625,935.257480875651,0
2024-01-18,973.9766235351562,988.2869050143344,952.633362110432,978.714184870928,175007,Power,-0.0047908715558224735,-0.005014809266346787,-0.022416422699118588,-0.01757826042672994,983.178125,991.3393737792969,971.7071248372396,951.1143524169922,938.680546875,937.0401590983073,0
2024-01-19,966.0155639648438,987.456539908501,954.8799141568348,980.5211581439664,274883,Power,-0.008173768628467637,0.001846272692243467,-0.000840206524664322,0.0023582546399865123,978.3722290039062,986.5285827636719,975.2952718098958,955.053335571289,941.659814453125,936.5550130208334,0
2024-01-23,961.2780151367188,981.6445249587716,952.9263074861068,963.622381321319,359714,Power,-0.004904215837559178,-0.01723448462309085,-0.005885843796495482,-0.002045918698010407,973.0486206054687,983.5346557617188,978.0075398763021,958.5014739990235,945.0434814453125,937.1231892903646,0
2024-01-24,976.858154296875,987.4565712531376,948.481855307648,957.2731392394388,428519,Power,0.016207734822626163,-0.006588931727772973,0.0059207239958987135,-0.004664004072029049,971.3587280273438,981.483349609375,982.0678100585938,962.775015258789,947.7472900390625,938.8944681803385,1
2024-01-25,977.5907592773438,983.5981604662428,968.408787405992,976.858152284537,194979,Power,0.000749960449473841,0.020459169115158327,-0.003907423272294652,0.021009291834982458,971.1438232421875,979.4271667480468,985.7471272786458,967.7616241455078,950.7675830078125,941.3218383789062,1
2024-01-29,980.5699462890624,1009.7276786882172,975.8324452525852,977.5906899867572,530860,Power,0.003047478695401118,0.0007498915789432292,0.026565236976031414,0.007665830735053891,972.4624877929688,977.8203063964844,985.0470784505209,971.8959655761719,955.3839794921874,944.3108703613282,1
2024-01-30,984.5750122070312,1009.8255700854291,976.8093658247816,980.7166032880808,394555,Power,0.00408442654511898,0.0031975686075385035,9.694831515272284e-05,0.0010011150755941944,976.1743774414062,977.2733032226563,983.0771809895833,975.5150482177735,959.2775439453125,947.4122416178385,1
2024-01-31,1015.8817138671876,1044.599932318625,987.944990583724,994.0500489603298,2126883,Power,0.03179717266029236,0.013595615315928677,0.03443600881512032,0.0113999979407855,987.0951171875,980.0718688964844,984.7214762369791,980.2794342041016,964.2202026367188,952.0520874023438,1
2024-02-01,1027.310302734375,1059.8381004247449,1020.81461622008,1024.5753082124131,993246,Power,0.011249920843325212,0.03070797017112925,0.014587563750168675,0.033270704289856345,997.185546875,984.2721374511718,986.7174153645833,985.8472442626953,969.6571215820312,955.9869995117188,1
2024-02-02,1039.6181640625,1072.780791411976,1032.389751544962,1040.3018828625125,512473,Power,0.011980665720343175,0.015349359411693797,0.012211951034827084,0.011339115977534675,1009.5910278320313,990.3674255371094,989.481787109375,991.7081024169922,976.1275048828124,960.5714904785157,1
2024-02-05,1095.0521240234375,1103.1595697479906,1044.2580399334872,1045.7232538976202,914432,Power,0.0533214615492279,0.005211344057352019,0.02831778736085555,0.011495937818797985,1032.4874633789063,1002.4749755859375,996.0426920572917,996.9071746826172,984.0142651367188,968.234560139974,1
2024-02-06,1137.836181640625,1142.8667729077151,1096.0288190984134,1098.9103585651108,831483,Power,0.03907033891682743,0.05086154914242513,0.035994070349038676,0.049576615343295494,1063.139697265625,1019.6570373535156,1005.8954345703125,1003.0928100585937,993.0399780273438,976.5879028320312,1
2024-02-07,1123.6239013671875,1181.3533131030458,1090.6076959263985,1147.751045869698,894803,Power,-0.012490620796523744,0.0444446509434675,0.03367543891175706,-0.004946150208417155,1084.688134765625,1035.8916259765624,1014.9439575195313,1009.7131408691406,1001.1611743164062,984.2981913248698,0
2024-02-08,1176.3714599609375,1186.3348668903525,1115.8092847882724,1130.6567381025795,469436,Power,0.04694414076593478,-0.014893741834201779,0.004216819584838438,0.023107840661684254,1114.5003662109375,1055.8429565429688,1027.6815470377603,1018.6631530761719,1011.5778686523438,993.7976623535156,1
2024-02-09,1146.23681640625,1164.0635859915428,1089.3865632875484,1113.5625932730825,1223641,Power,-0.025616605451893704,-0.015118775003440721,-0.018773182446527592,-0.023680320517979747,1135.8240966796875,1072.7075622558593,1038.8529825846354,1026.067364501953,1020.5313012695312,1002.743603515625,0
2024-02-12,1104.282958984375,1166.9453019997495,1091.7309828119592,1145.504265440876,364493,Power,-0.03660138709678795,0.028684217987161142,0.002475565804897162,0.002152054746605181,1137.670263671875,1085.0788635253907,1047.5400716145834,1031.4495849609375,1025.0597924804688,1009.6235982259115,0
2024-02-13,1093.3914794921875,1121.1328877996757,1083.232638799942,1106.6760622869313,454176,Power,-0.009862942648507955,-0.03389616636564918,-0.039258407503390935,-0.007784283991032481,1128.7813232421875,1095.9605102539062,1056.0317993164062,1036.6169067382812,1028.2305126953124,1015.6635355631511,0
2024-02-14,1104.5760498046875,1135.9803747065723,1032.4385846256162,1091.096033211587,809686,Power,0.010229245903484285,-0.014078220001567998,0.013243289059190921,-0.046891177716541055,1124.9717529296875,1104.8299438476563,1065.5850016276042,1042.4509063720702,1032.76486328125,1021.7962707519531,1
2024-02-15,1180.4251708984375,1208.2642364203332,1107.701764976481,1107.701764976481,2399731,Power,0.06866808410988257,0.015219312745566427,0.06363125923934376,0.07289845756603208,1125.7824951171874,1120.1414306640625,1079.1561360677083,1052.2067840576171,1040.087021484375,1030.611973063151,1
2024-02-16,1157.7825927734375,1202.6731832900043,1146.7326494358072,1194.7803322101686,1637423,Power,-0.019181714083380985,0.07861192424437147,-0.004627343061061939,0.03523591429878681,1128.091650390625,1131.9578735351563,1091.168924967448,1061.162649536133,1046.4722216796874,1038.458026123047,0
2024-02-19,1164.639404296875,1185.1608643151374,1154.4280527788144,1161.3342971494333,379899,Power,0.005922365361369142,-0.02799345968381073,-0.014561161933419609,0.00671072141077822,1140.162939453125,1138.9166015625,1103.4402221679688,1070.6957885742188,1053.192255859375,1044.2436503092447,1
2024-02-20,1134.9920654296875,1217.4723392009637,1115.851876528598,1187.9235246854228,1537362,Power,-0.025456238864841052,0.022895412286758843,0.027263366399208566,-0.03341583406376858,1148.483056640625,1138.6321899414063,1113.4680257161458,1079.144613647461,1058.99013671875,1048.2726033528645,0
2024-02-21,1109.6361083984375,1144.4633605620943,1104.9991067496082,1140.7142082757705,697562,Power,-0.022340206423954734,-0.03974104008265511,-0.059967669316237426,-0.009725995006391597,1149.495068359375,1137.2334106445312,1119.7183186848958,1086.562518310547,1063.8597387695313,1052.2198974609375,0
2024-02-22,1104.25927734375,1130.9470301881177,1096.3170471882645,1112.3494021195452,519833,Power,-0.004845580469121535,-0.024865830503768116,-0.011810190557204225,-0.007857073827762906,1134.2618896484375,1130.0221923828126,1124.848250325521,1092.9325744628907,1068.6178051757813,1055.782832845052,0
2024-02-23,1110.8201904296875,1137.5572002780327,1099.9181413335405,1112.8920398210068,1239321,Power,0.005941460688217548,0.0004878302630699771,0.005844809627216119,0.003284719647944634,1124.8694091796874,1126.4805297851562,1129.5950520833333,1099.594046020508,1073.9040014648438,1059.538419596354,1
2024-02-26,1101.1513671875,1135.5839542666697,1087.6349078260594,1114.1746437895615,920294,Power,-0.008704219931803148,0.001152496309310358,-0.0017346345404702923,-0.011167406960475135,1112.1718017578125,1126.1673706054687,1130.0016682942708,1105.6231170654296,1078.9909912109374,1063.0221801757812,0
2024-02-27,1135.7320556640625,1151.3697440388726,1099.5729046540905,1104.4073004170752,1206377,Power,0.03140411891317596,-0.00876643839179947,0.013901032779559674,0.010976106726743984,1112.3197998046876,1130.4014282226562,1129.8613932291667,1113.1809692382812,1085.7796508789063,1067.8784138997396,1
2024-02-28,1102.7298583984375,1180.967789359732,1070.4678792442016,1143.3287333895607,1672445,Power,-0.02905808381566599,0.03524191931526244,0.025706811798817064,-0.026469391239724027,1110.9385498046875,1130.2168090820312,1128.46845703125,1117.5233764648438,1091.437724609375,1071.7062072753906,0
2024-02-29,1063.41357421875,1112.6452525763195,1050.2424042274372,1109.5374186505326,6486191,Power,-0.0356535953753796,-0.02955520468627515,-0.05785300615222866,-0.018894051291893588,1102.7694091796875,1118.5156494140624,1120.9379313151042,1119.3285400390625,1094.89994140625,1074.3097391764322,0
2024-03-01,1101.2994384765625,1123.7447349830277,1072.9838818271644,1073.0331398879428,980882,Power,0.035626650981623875,-0.032900448555387984,0.009975760361181862,0.021653551130851545,1100.8652587890624,1112.867333984375,1117.9421061197916,1122.4126037597657,1099.8482885742187,1078.3975443522136,1
2024-03-04,1130.3548583984375,1154.1814260778326,1122.75803760111,1145.055317248474,1273651,Power,0.026382851844606092,0.06712017987445629,0.02708505779585657,0.04638854004888304,1106.70595703125,1109.4388793945313,1119.6802327473958,1124.1777404785157,1105.8396850585937,1083.6101521809896,1
2024-03-05,1129.3682861328125,1145.9927001477934,1114.1252655858532,1130.3548925225275,930614,Power,-0.0008727987129836245,-0.012838178649107634,-0.007094834265238825,-0.007688897987051191,1105.433203125,1108.8765014648438,1122.0786865234375,1123.754345703125,1111.631416015625,1089.055242919922,0
2024-03-06,1146.1900634765625,1158.2759927019447,1124.3367061370643,1126.6552072483312,1017060,Power,0.014894855425196418,-0.0032730298233504262,0.010718473645222382,0.009165433068104356,1114.125244140625,1112.5318969726563,1124.8529541015625,1124.8826538085937,1116.84375,1095.2189778645834,1
2024-03-07,1129.2696533203125,1157.683965612339,1124.7312879996648,1146.1899770470268,523306,Power,-0.014762307487580117,0.017338729429393185,-0.0005111278256096918,0.00035094634947574477,1127.2964599609375,1115.0329345703126,1121.4425862630208,1122.5275634765626,1120.9221240234374,1100.2993611653646,0
2024-03-11,1143.624755859375,1270.2556547097824,1121.870038025936,1154.32941049355,9547108,Power,0.012711846543343563,0.007101295256038753,0.0972387045525851,-0.0025439409432784776,1135.7615234375,1118.3133911132813,1120.49873046875,1122.3969604492188,1125.0823876953125,1105.833827718099,1
2024-03-12,1182.64501953125,1195.470902471243,1128.6776987194175,1146.4366135594084,3778555,Power,0.03411981375180462,-0.006837560285990585,-0.058873780219955485,0.006068136649286293,1146.2195556640625,1126.4627563476563,1121.6991048177083,1126.3150634765625,1128.586103515625,1112.5696634928386,1
2024-03-13,1120.7354736328125,1189.6992839554614,1109.9321819030956,1189.3539958081617,1519388,Power,-0.05234837578141227,0.03743546022619171,-0.00482790380246878,-0.016608387706774308,1144.4929931640625,1124.9630981445312,1120.7486653645833,1127.6822631835937,1127.9020751953126,1117.1083455403646,0
2024-03-14,1128.62841796875,1136.323996573345,1089.31217440794,1117.2331855541054,853841,Power,0.007042647013173253,-0.060638641235699176,-0.04486452005304775,-0.01857771837897393,1140.9806640625,1127.5529541015626,1122.0148193359375,1128.8848815917968,1128.102255859375,1120.8665690104167,1
2024-03-15,1140.467529296875,1169.1284911139314,1100.509973271462,1112.1519760406577,787157,Power,0.010489822105872904,-0.004548029524317765,0.028868962232171835,0.010279696790874704,1143.2202392578124,1135.258349609375,1124.4287027994792,1126.8869995117188,1126.6660986328125,1124.6384765625,1
2024-03-18,1174.4068603515625,1232.7646508220864,1160.2490831266696,1174.012193719212,5326912,Power,0.029759138408449015,0.055622090335874175,0.054430424193600224,0.05428311537933861,1149.37666015625,1142.569091796875,1128.667814127604,1127.718212890625,1127.792900390625,1129.1314331054687,1
2024-03-19,1247.070556640625,1263.9908813973063,1149.3965177898165,1176.2321651383195,3474052,Power,0.061872676959082495,0.0018909270542366574,0.02533024495340319,-0.00935365129322685,1162.261767578125,1154.2406616210938,1138.3957600911458,1131.8397705078125,1133.504404296875,1134.1987141927084,1
2024-03-20,1203.6597900390625,1243.1240454501794,1172.0390072167652,1231.2847688268444,2356398,Power,-0.03481019287192777,0.046804198456901425,-0.016508691838076572,0.01969945886950142,1178.846630859375,1161.6698120117187,1142.9242757161458,1135.2731567382812,1137.91513671875,1136.3928344726562,0
2024-03-21,1227.7822265625,1239.1775781021477,1200.7493088661915,1218.4588447103124,944303,Power,0.020040909169736887,-0.010416700052866212,-0.0031746368051328577,0.02449602911903459,1198.677392578125,1169.8290283203125,1151.2611002604167,1141.1804626464843,1142.8433837890625,1139.8647786458334,1
2024-03-22,1266.457275390625,1279.3324160998618,1209.5793947712843,1227.7822339001884,1177615,Power,0.031499925631279124,0.007651788347510902,0.03240442589286752,0.007353813023161848,1223.875341796875,1183.5477905273438,1164.7973470052084,1149.2903625488282,1146.28466796875,1142.8676391601562,1
2024-03-26,1386.181884765625,1424.5608948437132,1257.627032616427,1262.56006423481,4289126,Power,0.09453505594025846,0.02832573185567755,0.1135189548206641,0.039722599486103016,1266.2303466796875,1207.8035034179688,1183.7895100911458,1163.058447265625,1155.4206396484376,1150.8658081054687,1
2024-03-27,1401.0303955078125,1494.412590188114,1346.7670462571862,1373.306660724216,8682246,Power,0.010711805503574423,0.08771590328775791,0.049033843058049253,0.07087953051971874,1297.022314453125,1229.642041015625,1201.8345458984375,1178.0523986816406,1164.876279296875,1160.7573893229167,1
2024-03-28,1339.7620849609375,1429.5926439947912,1313.2717277565923,1400.981058987304,2886474,Power,-0.04373089316500367,0.020151652252595964,-0.04337486623099418,-0.024870907402791742,1324.2427734375,1251.5447021484374,1215.8607991536458,1188.2539001464843,1173.067080078125,1168.9697428385416,0
2024-04-01,1403.447509765625,1443.405066282678,1367.4857570744148,1380.2622609223968,3177319,Power,0.04753487616911056,-0.014788778143713044,0.009661788864057108,0.04128165418624685,1359.375830078125,1279.026611328125,1233.0112955729167,1203.2897827148438,1184.8195361328126,1178.9321248372396,1
2024-04-02,1445.822265625,1465.1104684511392,1389.4870656389653,1404.9274795113954,2261177,Power,0.03019333146734615,0.017869950724085815,0.015037637511111868,0.016088875844396222,1395.248828125,1309.5620849609375,1254.1148030598958,1222.4102172851562,1198.4820556640625,1187.7786946614583,1
2024-04-03,1460.966796875,1477.9363786830686,1430.579271755974,1440.494714192975,1586556,Power,0.010474683929046602,0.025316064494623536,0.008754227417055116,0.029573651409350976,1410.205810546875,1338.2180786132812,1275.2709391276042,1240.3935852050781,1212.487919921875,1197.884834798177,1
2024-04-04,1455.787109375,1493.5248038556567,1437.5348911294536,1465.1104916019633,1127131,Power,-0.0035453834481928848,0.017088419114942077,0.010547426396309678,0.004862099927494201,1421.1571533203125,1359.0897338867187,1293.4804117838542,1256.6651977539063,1226.673349609375,1207.5897583007813,0
2024-04-05,1470.4874267578125,1490.7622359838838,1447.8448585746853,1461.6573478558066,1295625,Power,0.01009784829673599,-0.002356916946503418,-0.0018496966803907,0.007171977187371947,1447.3022216796876,1385.7724975585938,1316.797208658854,1273.7211547851562,1240.063564453125,1218.7729370117188,1
2024-04-08,1547.3935546875,1570.0855026623851,1470.0435861990811,1484.7440461481433,1647829,Power,0.05229975212998128,0.015794877182538025,0.053209871275112564,0.015332255726797417,1476.0914306640625,1417.7336303710938,1344.7148844401042,1293.7813293457032,1257.8501123046874,1233.364851888021,1
2024-04-09,1575.16650390625,1611.1282591904633,1531.1637618997352,1551.9318748968765,2122571,Power,0.01794821306746286,0.04525212875784068,0.026140459521779125,0.04157711803544917,1501.9602783203125,1448.6045532226562,1373.6948160807292,1316.076171875,1278.3202294921875,1249.0617594401042,1
2024-04-10,1549.61328125,1578.5207749231986,1543.0029464713691,1578.0768502416886,797678,Power,-0.016222553357299496,0.01684672875640847,-0.020238912750279003,0.007732147838285464,1519.6895751953125,1464.9476928710938,1398.7085774739583,1336.3755981445313,1296.252783203125,1263.6881958007812,0
2024-04-12,1559.82470703125,1593.3693243867608,1538.9579577362665,1549.7119915049564,703440,Power,0.006589660726844748,-0.017974320282556633,0.009406622769525974,-0.0026215042196471305,1540.4970947265624,1480.8271240234376,1419.5588541666666,1355.2345825195312,1313.4315771484376,1278.9773071289062,1
2024-04-15,1504.8214111328125,1535.1595579233938,1314.505012544828,1314.505012544828,1124183,Power,-0.035262485361655105,-0.15177463957784443,-0.0365325010168438,-0.14584735344011468,1547.3638916015625,1497.333056640625,1439.6362955729167,1374.4388793945313,1328.4497021484376,1291.2802856445312,0
2024-04-16,1486.8157958984375,1554.9902718091,1477.64030850608,1505.3640437825238,766057,Power,-0.011965283787941705,0.14519460132616802,0.012917689098409513,0.12410397404679996,1535.24833984375,1505.6698852539062,1456.9052001953125,1392.3482482910156,1342.0747314453124,1304.0831502278645,0
2024-04-18,1491.1075439453125,1570.1840702177103,1460.177457695389,1501.7135626414108,1381297,Power,0.0028865364887260547,-0.002424982286637123,0.009770992580508953,-0.01181806608155278,1518.4365478515624,1510.1984130859375,1471.881884765625,1409.8802490234375,1356.5482470703125,1318.3396158854166,1
2024-04-19,1481.044189453125,1511.3329571046777,1457.217621320763,1491.7488445748097,603619,Power,-0.006748912600603507,-0.00663556507345775,-0.03748039113966606,-0.002027038808897541,1504.7227294921875,1512.20615234375,1478.2060384114584,1425.2121154785157,1370.0450244140625,1330.9977742513022,0
2024-04-22,1456.822998046875,1510.691683839605,1450.3607983353263,1498.6551338354757,455740,Power,-0.016354131482865242,0.004629659534031383,-0.0004243097208050939,-0.004705421403854548,1484.1223876953125,1512.3097412109375,1481.9255452473958,1435.6997375488281,1381.0121435546876,1341.8800455729167,0
2024-04-23,1484.398681640625,1535.1101533759436,1468.3169494244105,1471.0301169775212,793375,Power,0.018928643789067,-0.01843320470084031,0.01616376776118611,0.01238047188650837,1480.037841796875,1513.7008666992188,1491.5679850260417,1449.7366821289063,1395.558671875,1353.7143920898438,1
2024-04-24,1494.8072509765625,1513.8488016315453,1475.963093852018,1496.1885239482524,371208,Power,0.0070119769470782245,0.017102577765316873,-0.013850049586110358,0.005207420939058682,1481.6361328125,1508.442236328125,1497.6586344401042,1463.0879333496093,1410.2058251953124,1365.3349650065104,1
2024-04-25,1489.578369140625,1512.1223009643277,1480.8961847732774,1502.0095855120117,306326,Power,-0.0034980308213794498,0.003890593645510698,-0.0011404710069835566,0.003342286092252511,1481.3302978515626,1499.8834228515625,1500.5757080078124,1474.2439880371094,1424.1702587890625,1377.3452555338542,0
2024-04-26,1469.84619140625,1499.5922765712291,1465.6037359184468,1497.6190638671987,227797,Power,-0.01324682080725903,-0.002923098285898207,-0.008286382910368872,-0.010326482715040441,1479.0906982421875,1491.9067138671876,1501.1676676432292,1478.4272033691407,1435.98783203125,1388.2193033854167,0
2024-04-29,1514.3421630859375,1536.1461400881078,1474.2365894840432,1484.5465780240463,694049,Power,0.03027253595637558,-0.008728845778309124,0.024375868086262686,0.005890305376566429,1490.59453125,1487.3584594726562,1505.071337890625,1484.092791748047,1446.6786962890626,1399.2758748372396,1
2024-04-30,1480.994873046875,1553.9051115754878,1477.6897656267854,1514.3422182186366,1052082,Power,-0.0220209744217299,0.020070532400706886,0.011560730469538205,0.0023423486890599143,1489.91376953125,1484.9758056640626,1505.771834309896,1491.1544311523437,1457.772099609375,1411.284521484375,0
2024-05-02,1485.878662109375,1494.955393091439,1459.6842132181382,1487.3091932587654,424948,Power,0.0032976407625588955,-0.017851331511889668,-0.03793649821016443,-0.012184934096102218,1488.1280517578125,1484.8820922851562,1501.6708414713542,1495.2759887695313,1468.09595703125,1423.1928629557292,1
2024-05-03,1464.37060546875,1502.6016049377845,1456.5763905221854,1492.8341771153985,462210,Power,-0.014474975103345167,0.0037147513655364506,0.00511467558275025,-0.002129106191469332,1483.0864990234375,1482.2083984375,1494.2844482421874,1496.2034057617188,1476.012490234375,1433.9896321614583,0
2024-05-06,1421.3050537109375,1476.3083565619988,1405.9140190630003,1464.3704440661463,654757,Power,-0.02940891574645277,-0.01906690876025663,-0.017498482824310768,-0.03478181562521587,1473.378271484375,1476.2344848632813,1485.73056640625,1494.2203186035156,1477.4174169921876,1442.219571940104,0
2024-05-07,1354.610595703125,1428.2114095180598,1344.0539553309998,1426.6328633552212,957140,Power,-0.04692480184579484,-0.025770515147887307,-0.032579201242175726,-0.0439998910980548,1441.4319580078125,1466.0132446289062,1472.0496256510417,1489.1614929199218,1475.560625,1445.8042399088542,0
2024-05-08,1313.074462890625,1351.650748486641,1307.3028396210184,1351.650748486641,814820,Power,-0.030662784525866016,-0.0525588024744037,-0.053605972141934854,-0.027343482428077603,1407.8478759765626,1448.8808227539062,1459.266495768229,1481.2908447265625,1474.4931201171876,1449.451395670573,0
2024-05-09,1303.5537109375,1359.8396544448362,1285.8441741645618,1318.1061553926206,819692,Power,-0.007250732705718632,-0.024817500476049914,0.006058448136372352,-0.016414456395334898,1371.3828857421875,1429.75546875,1447.0490234375,1469.0988525390626,1470.4973681640624,1451.9771118164062,0
2024-05-10,1309.1773681640625,1328.416193755528,1281.8977964300905,1304.4417295104545,515224,Power,0.0043140970558996905,-0.010366711229032988,-0.023108210285378905,-0.003069094851275711,1340.34423828125,1411.7153686523438,1434.9203450520833,1455.7993957519532,1465.031572265625,1453.4011149088542,1
2024-05-13,1297.535400390625,1318.3527708517097,1278.641864189946,1311.7918143596528,399623,Power,-0.00889258251520475,0.005634659397132813,-0.00757550453775202,-0.0025399312247916805,1315.5903076171876,1394.4842895507813,1422.68642578125,1443.1955017089845,1458.49431640625,1450.4462320963542,0
2024-05-14,1341.58740234375,1358.556983888479,1298.373994769236,1298.373994769236,629983,Power,0.03395052030169121,-0.010228619696766916,0.03049579287552584,0.01543210114725202,1312.9856689453125,1377.2088134765625,1415.004052734375,1432.2836364746095,1453.926328125,1448.4647989908854,1
2024-05-15,1347.507080078125,1372.172240275518,1338.9729105627564,1349.7269444958904,971912,Power,0.0044124428449709985,0.039551739278158804,0.010021851529605552,0.03126904571185296,1319.8721923828125,1363.8600341796875,1405.8779459635416,1424.417919921875,1449.0071142578124,1448.7229654947917,1
2024-05-16,1320.7698974609375,1361.516788657956,1313.5183647388506,1360.6288188391532,574950,Power,-0.019841960767758904,0.00807709617691188,-0.007765389289191904,-0.019010500976608724,1323.3154296875,1347.3491577148438,1394.2754557291667,1416.115625,1439.94216796875,1445.9670450846354,0
2024-05-17,1360.1849365234375,1378.2891398640736,1313.6664207079557,1329.7974112499314,950802,Power,0.029842472287013644,-0.022659675557604397,0.01231887211809557,0.0001127170910431019,1333.516943359375,1336.9305908203125,1385.6492268880208,1409.5694946289063,1431.3429052734375,1443.1124674479167,1
2024-05-21,1398.119873046875,1418.6413338668306,1349.6775240132922,1373.356077066157,946369,Power,0.02788954318255965,0.03275586600464431,0.02927701658212034,0.027412669409582424,1353.633837890625,1334.6120727539062,1380.8674723307292,1405.4232788085938,1425.2831689453126,1441.0175699869792,1
2024-05-22,1363.292724609375,1439.45868788465,1351.8479944163666,1412.8696944971089,871185,Power,-0.024909987411596113,0.028771575042186637,0.014674148793534014,0.0016081399923002504,1357.97490234375,1335.4802856445312,1370.797509765625,1400.7467651367188,1417.4218896484374,1437.934423828125,0
2024-05-23,1407.3446044921875,1430.529854124252,1341.7846595577862,1341.7846595577862,1656923,Power,0.03231285481658741,-0.05031252012566123,-0.006202910743843049,-0.007444131958730393,1369.9424072265624,1344.9072998046875,1365.8874918619792,1396.894061279297,1413.5228173828125,1435.8296630859375,1
2024-05-24,1381.8409423828125,1444.3918141595814,1362.2568288257116,1408.8246041681898,1172065,Power,-0.01812183173045767,0.04996326655910499,0.00969008790369874,0.015257417889001923,1382.1566162109375,1352.7360229492188,1358.9516438802084,1391.2457458496094,1409.3238232421875,1430.3112426757812,0
2024-05-27,1379.5223388671875,1440.5932964610538,1366.4498046351189,1405.9140589206097,1111590,Power,-0.0016779091171136296,-0.0020659386831893833,-0.0026298388437888676,0.003077962775214438,1386.0240966796875,1359.7705200195312,1353.2950927734375,1385.7429443359374,1404.8604150390624,1423.7897705078126,0
2024-05-28,1414.9908447265625,1438.4721251214787,1382.2355605591165,1383.0248938499217,1290287,Power,0.025710715122235994,-0.016280628908612815,-0.0014724289949050728,0.011552386242400514,1389.398291015625,1371.516064453125,1352.8741455078125,1383.000177001953,1402.21828125,1419.3023559570313,1
2024-05-29,1436.6961669921875,1454.0111571908906,1404.927489628382,1426.583451564736,1794041,Power,0.015339549613707426,0.03149513642777646,0.010802456160281526,0.01641683206304334,1404.0789794921875,1381.0269409179687,1358.3465169270833,1379.1178771972657,1401.4132080078125,1415.1980712890625,1
2024-05-30,1421.1571044921875,1456.9215855808434,1392.298868027548,1429.4446221280768,1218851,Power,-0.010815830693369222,0.0020056103694479077,0.002001654784806295,-0.008988806677969197,1406.8414794921875,1388.391943359375,1365.5520263671874,1376.1259887695312,1398.883544921875,1412.4092610677083,0
2024-05-31,1481.685546875,1542.065810673487,1434.6243491057112,1448.3382022192443,23992516,Power,0.04259095788318268,0.01321742710328988,0.058441185809391616,0.03039970946620474,1426.810400390625,1404.4835083007813,1377.4274820963542,1375.9163330078125,1398.3586767578124,1412.2382527669272,1
2024-06-03,1494.955322265625,1524.3068621682169,1479.2189986264425,1499.641702586207,785567,Power,0.008955864770775479,0.03542232075930318,-0.01151633632128457,0.031084548055057004,1449.8969970703124,1417.960546875,1389.8126790364583,1377.4455688476562,1398.5737548828124,1412.3665120442708,1
2024-06-04,1380.1142578125,1509.6063402368618,1277.7538498008616,1494.95526014106,889317,Power,-0.07681906124062743,-0.0031250414262719017,-0.009644069902332242,-0.1361969721945535,1442.9216796875,1416.1599853515625,1395.3179361979167,1375.3860290527343,1394.9844775390625,1409.0021809895834,0
2024-06-05,1420.121337890625,1494.7087608811894,1382.2850048953244,1386.5273403382616,568094,Power,0.028988237641669468,-0.07252920719016531,-0.009868519334209291,0.08180852290975604,1439.6067138671874,1421.8428466796875,1400.5535319010417,1378.6615661621095,1391.21564453125,1407.7787923177084,1
2024-06-06,1442.369140625,1458.352236148664,1421.7984218094657,1434.32839502334,178746,Power,0.01566612805594536,0.03447537837473624,-0.02432348406862339,0.02858557878744672,1443.84912109375,1425.3453002929687,1406.8776692708334,1385.1263000488282,1389.670615234375,1406.3778076171875,1
2024-06-07,1477.9364013671875,1484.8426462333894,1431.812551725054,1445.3783898550932,452171,Power,0.024658916875312187,0.0077039504133733505,0.01816461718102036,0.0070432838874892045,1443.0992919921875,1434.9548461914062,1417.3554361979166,1393.8454345703126,1389.3529248046875,1405.8154459635416,1
2024-06-10,1510.9876708984375,1529.239888927573,1484.8426018296757,1492.735452869302,201588,Power,0.022363120294401906,0.0327644742349833,0.029900301427094877,0.03703700602479776,1446.30576171875,1448.1013793945312,1427.4089518229166,1403.9359497070313,1391.217607421875,1406.5290893554688,1
2024-06-11,1559.92333984375,1563.771128853551,1526.576116107957,1553.9050649491123,900866,Power,0.03238654417094966,0.04097820009716502,0.022580656034413504,0.028106355668173766,1482.267578125,1462.59462890625,1438.195849609375,1417.0553466796875,1396.7623388671875,1409.5316609700521,1
2024-06-12,1587.4495849609375,1592.3826166109093,1549.021316581794,1573.6370963410163,483154,Power,0.017645896060472177,0.012698350650237611,0.01829646757728165,0.014702968451426823,1515.7332275390625,1477.669970703125,1453.1396402994792,1429.348455810547,1406.0758984375,1411.968575032552,1
2024-06-13,1576.3997802734375,1611.226914510601,1553.9051058057275,1590.4095432119573,402726,Power,-0.006960727945115708,0.010658395706316215,0.011834026384813567,0.003152822476782058,1542.53935546875,1493.19423828125,1464.4099853515625,1440.7930908203125,1416.6089111328124,1415.1487386067708,0
2024-06-14,1581.641845703125,1587.329070236701,1558.794063463586,1582.5320441254682,410344,Power,0.003325340116945519,-0.004953126142955511,-0.014832078621997757,0.003146239522344274,1563.2804443359375,1503.1898681640625,1477.7300455729167,1453.836688232422,1427.7324365234374,1418.3408447265624,1
2024-06-18,1586.933349609375,1591.4337232249115,1570.662990976482,1588.614862281575,249173,Power,0.0033455765732459675,0.0038437251104561643,0.0025858866098877886,0.007614172898839255,1578.469580078125,1512.3876708984376,1491.5574462890625,1465.1741088867188,1438.84267578125,1422.42626953125,1
2024-06-19,1572.5423583984375,1592.4228933542815,1538.0233535191974,1587.4774806420012,193683,Power,-0.009068428245256666,-0.0007159580755402573,0.0006215591104639095,-0.020780802530396714,1580.9933837890626,1531.6304809570313,1502.060880533854,1473.8952331542969,1449.8429541015626,1427.4675130208334,0
2024-06-20,1578.674560546875,1596.1813933109063,1570.514629888565,1574.6193464278429,154930,Power,0.0038995465627285064,-0.008099727001455337,0.0023602398410058623,0.02112534656578746,1579.23837890625,1547.4858032226562,1511.5261067708334,1484.664324951172,1459.3264404296874,1434.9363118489584,1
2024-06-21,1487.0360107421875,1592.422797598817,1460.8748273623928,1577.9327150756292,928189,Power,-0.0580477776071483,0.0021042346871342765,-0.00235474221654286,-0.0698113856691367,1561.365625,1551.952490234375,1515.9180338541667,1488.6488952636719,1464.90759765625,1440.7350301106771,0
2024-06-24,1474.7220458984375,1497.4709439907676,1457.3635992764189,1487.48123462818,410511,Power,-0.008280878710935857,-0.057322774021523526,-0.05962728852615362,-0.0024035105679200974,1539.9816650390626,1551.6310546875,1515.4538004557292,1493.292950439453,1471.06568359375,1446.4406412760416,0
2024-06-25,1496.33349609375,1508.7959119469144,1475.5133810748528,1478.8761651198672,212220,Power,0.014654592202930194,-0.005784993657727444,0.007562729682063507,0.012453845977383526,1521.8616943359375,1550.1656372070313,1515.5456787109374,1499.1335083007812,1476.5116259765625,1452.679178873698,1
2024-06-26,1494.701416015625,1506.768294879968,1470.9634361695057,1496.3334262775677,159463,Power,-0.00109071947021544,0.011804410382315833,-0.001343864369522385,-0.00308363513588239,1506.293505859375,1543.6434448242187,1523.1848225911458,1503.1190368652344,1480.3748876953125,1459.2513793945313,0
2024-06-27,1502.6141357421875,1509.7849841059776,1476.5024534627532,1499.894158776612,234960,Power,0.005293846410914016,0.0023796384124774583,0.0020020923165562365,0.0037655710244379748,1491.0814208984375,1535.1598999023438,1528.6843424479166,1506.4149353027344,1485.947744140625,1464.6189371744792,1
2024-06-28,1482.041259765625,1514.7798667572906,1473.8318266229894,1503.4054178720742,249494,Power,-0.013691389883272231,0.002341004580167283,0.0033083403954177193,-0.001808752050157847,1490.082470703125,1525.7240478515625,1531.329150390625,1509.4591430664063,1488.9356103515624,1469.103409830729,0
2024-07-01,1440.5491943359375,1482.1401627810965,1434.1696603487417,1473.8318454287946,312165,Power,-0.027996565653137906,-0.019671056184657143,-0.02154748996371758,-0.02691091721443295,1483.247900390625,1511.6147827148438,1528.836669921875,1507.402325439453,1491.2839404296874,1473.096053059896,0
2024-07-02,1457.858154296875,1465.8698194211734,1439.1150885520165,1449.0554163246893,203868,Power,0.01201552854216592,-0.016810892762937235,-0.010977601018107075,0.0034482867264618022,1475.55283203125,1498.7072631835938,1525.2947021484374,1505.5474670410156,1494.417373046875,1476.351826985677,1
2024-07-03,1480.5576171875,1488.5691612834305,1460.2319235340678,1460.2319235340678,211602,Power,0.015570419401723656,0.007712960514461242,0.015485237202864655,0.014673485915082995,1472.724072265625,1489.5087890625,1520.0036539713542,1510.5696350097655,1497.0400439453124,1479.0997517903645,1
2024-07-04,1497.3720703125,1501.3777821271271,1486.591046559192,1488.5692116244738,162576,Power,0.011356838078980802,0.019406018752023968,0.008604652828259063,0.01805132636829998,1471.6756591796875,1481.3785400390625,1513.998486328125,1514.4321716308593,1499.467080078125,1483.5690633138022,1
2024-07-05,1493.02001953125,1505.3835506635062,1473.930679168003,1497.372006637326,113593,Power,-0.0029064591677215867,0.005913594708334413,0.0026680616857828188,-0.00851637538144201,1473.8714111328125,1481.9769409179687,1508.439835611979,1516.9647155761718,1502.3415966796874,1486.424910481771,0
2024-07-08,1457.21533203125,1507.16399953188,1441.3405092137273,1501.4272725931985,233580,Power,-0.023981384731359023,0.002708255488881095,0.001182721086323335,-0.022111060184100473,1477.204638671875,1480.22626953125,1500.1447347005208,1515.928662109375,1501.3627880859376,1488.9373901367187,0
2024-07-09,1502.0701904296875,1532.8801350195035,1484.7117439400276,1527.7368334822356,355912,Power,0.03078121497384556,0.017523033828735768,0.0170625993558835,0.030090901108413393,1486.0470458984375,1480.7999389648437,1494.4871907552083,1515.4827880859375,1501.6473828125,1493.0223185221355,1
2024-07-10,1528.3797607421875,1533.0284002811425,1483.6237768084654,1520.8627577538805,767922,Power,0.017515539872989372,-0.004499515608775817,9.672332379540016e-05,-0.0007327800403026385,1495.611474609375,1484.1677734375,1491.543017578125,1513.9056091308594,1507.5780029296875,1496.8019490559896,1
2024-07-11,1513.3951416015625,1531.891057191315,1498.5589037829648,1528.3797659458685,146226,Power,-0.009804251224413196,0.004942594690851454,-0.0007418930331746232,0.010066653829603256,1498.8160888671875,1485.2458740234374,1487.191056315104,1510.2028869628907,1511.308955078125,1499.3585815429688,0
2024-07-12,1493.5640869140625,1518.2416471508843,1483.772145954297,1505.4824586722573,140951,Power,-0.013103685972266077,-0.014981425286954564,-0.008910170195429279,-0.009867318389247148,1498.92490234375,1486.3981567382812,1487.6262613932292,1506.061102294922,1513.3567529296874,1501.772147623698,0
2024-07-15,1502.861328125,1508.3507841920205,1479.321237509355,1493.5640493895746,165401,Power,0.006224869285754719,-0.007916670974163265,-0.00651468294090396,-0.0029997250299367284,1508.0541015625,1492.6293701171876,1489.5022135416666,1502.1220764160157,1514.35375,1502.478006998698,1
2024-07-16,1528.676513671875,1531.7920269720762,1490.5968372350026,1501.427242368108,374305,Power,0.017177356994795057,0.005264717627440962,0.015540975630952136,0.007622144156215649,1513.3753662109375,1499.7112060546874,1491.6584147135416,1499.2092346191407,1515.0613037109374,1503.6020467122396,1
2024-07-18,1525.8575439453125,1668.5821988134326,1503.405419203567,1534.215363619636,3254915,Power,-0.0018440590284148906,0.02183796878483002,0.08930074672849164,0.008592921740209647,1512.8709228515625,1504.2411987304688,1493.735489908854,1496.8749938964843,1513.698671875,1508.46015625,0
2024-07-19,1509.83447265625,1572.146671658768,1491.289175334072,1525.8575612475668,476631,Power,-0.010501027014378161,-0.0054476070115416775,-0.05779489150923589,-0.00805919927833798,1512.1587890625,1505.4874389648437,1494.216845703125,1493.4329895019532,1510.5940673828125,1511.450594075521,0
2024-07-22,1492.7232666015625,1531.149218468442,1486.6898874752512,1503.6031741445406,231364,Power,-0.011333166889866964,-0.014584839154206941,-0.026077371742338484,-0.0030841019534595393,1511.990625,1505.457763671875,1494.9289794921874,1493.717352294922,1507.2470068359376,1513.1290649414063,0
2024-07-23,1476.7001953125,1591.6315352929494,1440.153644667962,1591.6315352929494,577864,Power,-0.010734120414389814,0.058544942350558404,0.03950125572020058,-0.031301916559289156,1506.7583984375,1507.40625,1497.3390462239583,1493.816259765625,1503.0493408203124,1513.0878580729166,0
2024-07-24,1502.861328125,1533.0283438088404,1475.7605647237017,1488.519632144158,314215,Power,0.01771594051083869,-0.06478377743992925,-0.036819571731671386,0.02472438978130631,1501.595361328125,1507.4853637695312,1500.3392578125,1494.1426513671875,1499.6864599609376,1512.8169799804687,1
2024-07-25,1518.192138671875,1526.6983447820878,1485.7503050376863,1491.3386453234298,159592,Power,0.010201081270753143,0.0018938367478640306,-0.004129081534804291,0.006769214839302151,1500.0622802734374,1506.4666015625,1502.8482259114583,1495.3171875,1497.512451171875,1511.4259399414063,1
2024-07-26,1539.8531494140625,1556.8159393557094,1520.1703824500344,1523.4839055946647,270472,Power,0.014267634636243587,0.021554635073688155,0.019727272697030562,0.023166798146122547,1506.066015625,1509.11240234375,1505.6802978515625,1497.1791381835938,1495.9595947265625,1509.8393920898438,1
2024-07-29,1574.817138671875,1590.1479177184692,1533.12740708042,1551.8704725229854,424061,Power,0.02270605432155448,0.01863266610436587,0.02141035270781866,0.008523402889551779,1522.4847900390625,1517.2377075195313,1511.133439127604,1501.8179321289062,1499.47083984375,1509.7866373697916,1
2024-07-30,1583.81787109375,1621.9469294005055,1568.635357979612,1594.401005652603,785634,Power,0.005715414317541523,0.027405981286874326,0.019997518047038865,0.023160469726916544,1543.9083251953125,1525.3333618164063,1519.5736083984375,1508.9813659667968,1503.8346728515626,1509.8591715494792,1
2024-07-31,1846.072998046875,1887.1694245334093,1650.7787052129247,1681.4402629490546,15274443,Power,0.16558414432589852,0.05459056848802324,0.16352106861531768,0.052366119898707764,1612.5506591796875,1557.0730102539062,1542.50712890625,1528.392108154297,1517.8242529296874,1518.497159830729,1
2024-08-01,1807.3505859375,1875.300508602907,1780.348584116684,1844.6389496542308,3746881,Power,-0.020975558469433664,0.09705886691385901,-0.006289268878673537,0.07849015649074942,1670.3823486328124,1585.222314453125,1561.1051839192708,1544.731756591797,1530.3302197265625,1526.324100748698,0
2024-08-02,1831.137939453125,1855.4199641472287,1766.5014194996934,1799.6851870692155,1829423,Power,0.013161449527672175,-0.024369951959130942,-0.010601257966110889,-0.007777782812044554,1728.639306640625,1617.3526611328125,1582.288037109375,1561.4200500488282,1543.471171875,1534.7395467122396,1
2024-08-05,1743.75244140625,1808.9823837582524,1724.0202938952502,1790.239318743796,1097432,Power,-0.0477219635747228,-0.005248622588710727,-0.025028069809693743,-0.024048169526223573,1762.4263671875,1642.4555786132812,1598.9672607421876,1573.9566711425782,1553.939619140625,1543.2967610677083,0
2024-08-06,1748.7474365234375,1804.037054026254,1730.9439507690126,1760.5669246042455,868056,Power,0.0028645093182833037,-0.01657454052588425,-0.002733763344739737,0.004015994996276362,1795.4122802734375,1669.660302734375,1615.35966796875,1588.5332763671875,1566.267548828125,1552.4309407552084,1
2024-08-07,1751.714599609375,1808.9823794322065,1746.0273752678502,1785.2939019916817,734738,Power,0.0016967362032771494,0.014044894881229508,0.002741254895466394,0.008713987816957536,1776.5406005859375,1694.5456298828126,1630.2288736979167,1601.0154968261718,1578.021806640625,1560.9436442057292,1
2024-08-08,1728.32275390625,1803.641409089097,1713.0908595296542,1755.6214062731733,824083,Power,-0.013353685416757521,-0.01662051031788414,-0.002952472287091057,-0.018863688052510263,1760.7350341796875,1715.55869140625,1643.7265543619792,1611.012646484375,1587.932412109375,1568.7310221354167,0
2024-08-09,1771.9412841796875,1829.8026099539047,1735.8892756461796,1759.5777530313503,1710447,Power,0.025237491188988548,0.0022535307122824033,0.014504657485115091,0.013308351970767518,1748.895703125,1738.7675048828125,1661.200341796875,1623.9399536132812,1598.9151806640625,1577.70859375,1
2024-08-12,1732.2791748046875,1770.6061230106743,1725.3060946424882,1760.665795245431,538222,Power,-0.022383421916466806,0.0006183541546862514,-0.03235129659407454,-0.006096691276436306,1746.6010498046876,1754.5137084960938,1677.1707356770833,1635.8757080078126,1608.485546875,1586.0498575846354,0
2024-08-13,1693.507080078125,1755.5226279026574,1684.555955515801,1741.1314286218449,407712,Power,-0.02238212829114794,-0.011094874834473023,-0.008518831439693342,-0.02361907794403939,1735.552978515625,1765.4826293945312,1691.6245279947916,1645.4079956054688,1617.937216796875,1594.481787109375,0
2024-08-14,1660.27392578125,1703.8924416026648,1655.7241702494732,1699.8372273403772,307264,Power,-0.019623864988708495,-0.023716877774214384,-0.029410151415522168,-0.017115362165277426,1717.26484375,1746.9027221679687,1702.118701171875,1651.9878662109375,1624.2653662109376,1601.2289794921876,0
2024-08-16,1669.670166015625,1714.079994995992,1656.7132092430968,1675.5057769897348,940549,Power,0.005659451785917424,-0.014313988398002242,0.005978988546803343,0.0005973452652288103,1705.534326171875,1733.1346801757813,1712.217236328125,1659.1784973144531,1629.916982421875,1607.5327311197916,1
2024-08-19,1654.5372314453125,1710.8159283279963,1638.9096798660903,1676.544316766387,483283,Power,-0.009063427542952751,0.0006198365836243003,-0.0019042674073115329,-0.010746295301852782,1682.053515625,1715.474609375,1719.862841796875,1666.4136352539062,1635.562666015625,1612.7715698242187,0
2024-08-20,1777.7274169921875,1793.5033553964076,1653.004137204629,1660.5706425187122,1930032,Power,0.07445597669582993,-0.009527737553925109,0.048332158766620115,0.008599898769095171,1691.1431640625,1718.8721069335938,1733.3901936848958,1680.6638427734374,1646.92919921875,1622.26181640625,1
2024-08-21,1704.2880859375,1798.8443518045606,1700.2328717057362,1785.2939694175998,956087,Power,-0.04131079396803283,0.07510871486304871,0.0029779684504533943,0.028571455713943372,1693.299365234375,1714.426171875,1741.421541341146,1692.0432373046874,1654.98626953125,1630.4975748697916,0
2024-08-22,1680.006103515625,1721.0035242317342,1670.2635444464106,1712.2501683853186,479020,Power,-0.01424758092380718,-0.04091415883520266,-0.04327268643045079,-0.017626601483865745,1697.24580078125,1707.255322265625,1730.3504150390625,1700.9004760742187,1661.039453125,1636.4287719726562,0
2024-08-23,1653.7459716796875,1691.3311073996804,1647.712592461632,1686.2373082795798,395370,Power,-0.015630974066692338,-0.015192207649346812,-0.0172413457696432,-0.013501433387419604,1694.0609619140625,1699.7976440429688,1720.110107421875,1707.6781677246095,1666.154990234375,1640.607645670573,0
2024-08-26,1609.880126953125,1667.5930656653748,1602.3631242328786,1658.6913233219657,675850,Power,-0.026525140788103307,-0.016335770073619416,-0.014035123950863482,-0.027522681101200264,1685.129541015625,1683.5915283203126,1705.3595865885416,1711.1795166015625,1670.15681640625,1643.8238118489583,0
2024-08-27,1670.4119873046875,1687.275892541,1615.171752791224,1615.3201393165289,831236,Power,0.037600228326394536,-0.026147833171620283,0.011803135477642224,0.00799358669994188,1663.666455078125,1677.4048095703124,1700.4702229817708,1715.9592590332031,1677.264365234375,1649.7187418619792,1
2024-08-28,1655.279052734375,1681.4402363519844,1647.7619292053027,1676.3959397904505,380258,Power,-0.00905940252184756,0.037810338017431055,-0.0034586259513418316,0.02017752994860067,1653.8646484375,1673.5820068359376,1694.2389973958334,1719.5323181152344,1684.40751953125,1654.7993326822916,0
2024-08-29,1641.2340087890625,1671.5494113133625,1633.074078230876,1659.4826532072086,325729,Power,-0.008485000714599344,-0.01008907632248024,-0.005882353011892216,-0.008913818625188474,1646.1102294921875,1671.6780151367188,1686.873624674479,1709.2903686523437,1689.9424267578124,1658.551249186198,0
2024-08-30,1724.46533203125,1750.6760181791296,1639.9482810305838,1646.7234719816647,1450689,Power,0.05071264840752199,-0.007688649954179838,0.04733728260153325,0.00420936373391867,1660.2541015625,1677.1575317382812,1686.6164632161458,1705.1461059570313,1698.1933544921876,1665.1715087890625,1
2024-09-02,1746.8681640625,1755.6215204535763,1690.3420723691054,1724.4654202314423,751347,Power,0.012991175650287845,0.047210080849957814,0.002824910047942719,0.03072889061285089,1687.651708984375,1686.390625,1684.944921875,1700.9326171875,1706.473955078125,1673.0726318359375,1
2024-09-03,1694.14990234375,1748.6978252833394,1687.9681368414758,1746.8680468421878,623308,Power,-0.030178729456119324,0.012991055864569834,-0.003943728810323566,-0.00140441131202651,1692.3992919921875,1678.0328735351563,1682.402970377604,1698.452490234375,1711.247265625,1679.7868530273438,0
2024-09-04,1714.722900390625,1721.9926326186037,1661.757484216933,1690.3419926164238,826409,Power,0.012143552361224774,-0.03235851404343115,-0.015271473595164231,-0.01552793092030047,1704.2880615234376,1679.0763549804688,1683.8173583984376,1696.7512634277343,1716.483466796875,1687.7209431966146,1
2024-09-05,1655.1307373046875,1730.8944352964254,1644.1519453197586,1721.3497646914109,525716,Power,-0.03475323218250714,0.01834408197301607,0.005169477795201161,-0.010594529625645555,1707.0674072265624,1676.588818359375,1683.4744791666667,1691.9220703125,1708.8457763671875,1692.7965901692708,0
2024-09-06,1676.346435546875,1686.385646976987,1644.844182359372,1659.13637605777,546682,Power,0.012818140442933501,-0.03614221229744907,-0.02571432862213585,0.00042102984555891787,1697.4436279296874,1678.8488647460938,1683.9195638020833,1689.3232543945312,1703.6056103515625,1698.0684000651042,1
2024-09-09,1652.212890625,1693.2598162828658,1641.6792581004834,1669.6208400242117,633571,Power,-0.014396513996226545,0.0063192297617835624,0.004076273608116576,-0.001924148373950496,1678.5125732421875,1683.0821411132813,1683.7646077473958,1683.3368347167968,1696.4486083984375,1701.8137247721354,0
2024-09-10,1669.91748046875,1695.3863558464082,1657.3066780972883,1657.6528328383938,600504,Power,0.010715683156940381,-0.007168098827542435,0.0012558849758868007,0.009519167596042433,1673.6660888671875,1683.0326904296876,1676.5772786458333,1680.21875,1693.4952099609375,1704.9837361653647,1
2024-09-11,1681.737060546875,1695.2874428039972,1666.851320294887,1671.549462274653,427830,Power,0.007077942602772946,0.008383317158433101,-5.834247873337528e-05,0.005759128544969627,1667.0689208984375,1685.6784912109374,1675.073876953125,1679.6302490234375,1690.814794921875,1708.2477091471353,1
2024-09-12,1707.008056640625,1722.9817636138444,1688.512261663811,1690.342040192916,457946,Power,0.015026722480345533,0.011242609532289949,0.016336062021459208,0.01299512506315903,1677.444384765625,1692.2558959960938,1676.8740071614584,1681.9669555664063,1689.026533203125,1703.6122111002603,1
2024-09-13,1743.75244140625,1756.610513861316,1699.3921155837943,1706.1673065375958,663591,Power,0.02152560711279694,0.009362168110587543,0.01951776330872912,0.006443455678114329,1690.9255859375,1694.1846069335938,1682.8744384765625,1685.6710693359375,1689.643720703125,1701.4922729492187,1
2024-09-16,1761.358154296875,1777.3812424108776,1725.9984551225907,1750.5771309605502,621144,Power,0.010096452037897663,0.026028997421757794,0.011824322116747554,0.015656386360046293,1712.754638671875,1695.6336059570312,1692.9729736328125,1691.0121154785156,1689.2203955078126,1699.166280110677,1
2024-09-17,1760.6163330078125,1879.2567292796607,1740.785180806423,1788.261140282962,3895585,Power,-0.00042116436526706824,0.021526620367612326,0.05731774615253449,0.008567056152308128,1730.8944091796875,1702.2802490234376,1698.9865966796874,1690.156561279297,1690.3538818359375,1699.728409830729,0
2024-09-18,1911.797607421875,1948.3936602860435,1783.5630358732872,1819.911818109995,6172266,Power,0.08586838119114026,0.0176991363923642,0.03678950828228977,0.024573885128690742,1776.9065185546874,1721.9877197265625,1716.0878336588542,1700.5320373535155,1699.0855029296874,1705.1634155273437,1
2024-09-19,1822.2362060546875,1910.9074805279515,1800.130235279954,1910.9074805279515,1228563,Power,-0.04684669602027802,0.05000003929446262,-0.019239530759194046,0.00928882191066216,1799.9521484375,1738.6982666015624,1728.154646809896,1707.6435424804688,1705.563994140625,1707.5141357421876,0
2024-09-20,1881.284423828125,1899.0384064685552,1820.0106903018468,1836.0832809815936,1489978,Power,0.032404261081653285,-0.03915636958294044,-0.006211223819228118,0.011043898175956857,1827.458544921875,1759.1920654296875,1738.6092529296875,1719.0204650878907,1714.028564453125,1712.6128580729167,1
2024-09-23,1841.671630859375,1900.1263829652305,1829.8026407571665,1888.4057793868208,550984,Power,-0.021056248840961578,0.028496800198112515,0.0005729091591668567,0.00538016095592031,1843.521240234375,1778.137939453125,1744.9294840494792,1730.610040283203,1721.5139404296874,1714.9372029622396,0
2024-09-24,1894.3897705078125,1908.929235039233,1844.638872201124,1845.6279547063257,1057400,Power,0.02862515703944335,-0.022652877441619257,0.0046327718792396055,0.008108104728616228,1870.275927734375,1800.5851684570312,1758.27880859375,1741.8089294433594,1726.1804345703124,1720.340889485677,1
2024-09-25,1866.2998046875,1908.8797341275167,1846.6665410912528,1888.2080063425533,564052,Power,-0.014827975877837796,0.023070766525641995,-2.5931245018262494e-05,0.0010992226829251717,1861.1763671875,1819.0414428710938,1768.383935546875,1752.3599670410156,1732.6609033203124,1726.1006469726562,0
2024-09-26,1868.7725830078125,1896.0712370780009,1832.423799511404,1869.3660083867608,748505,Power,0.0013249630708322968,-0.00997877240881384,-0.006709954964957632,-0.007712676470237212,1870.483642578125,1835.2178955078125,1782.6267252604166,1763.7368957519532,1740.2115625,1733.0506022135417,1
2024-09-27,1886.9716796875,1935.931264420662,1874.360877559261,1913.82517351166,925681,Power,0.009738529366904558,0.02378301783890202,0.021022431311224832,0.022886123864489738,1871.62109375,1849.5398193359374,1796.668408203125,1771.8622131347656,1749.5405908203124,1740.2939860026042,1
2024-09-30,1857.4969482421875,1928.1668450759528,1847.3588525449125,1879.2567633973144,750958,Power,-0.0156201239067848,-0.01806247017376006,-0.004010689577366167,-0.014405990509954503,1874.7861572265624,1859.1536987304687,1810.3540120442708,1777.39365234375,1759.445263671875,1747.0593098958334,0
2024-10-01,1841.3748779296875,1867.2889123785328,1830.89062737238,1859.475136328354,479862,Power,-0.008679459919305299,-0.010526303512245594,-0.03157295897545731,-0.00891447005536894,1864.1831787109375,1867.2295532226562,1821.7845052083333,1784.754901123047,1766.283779296875,1749.1808919270834,0
2024-10-03,1837.56689453125,1844.6388585385848,1810.020971112928,1822.3845023363765,295260,Power,-0.0020680109433875993,-0.019946829762518492,-0.012129913956965832,-0.011398636241534144,1858.4365966796875,1859.8064819335937,1832.1731608072917,1790.8971008300782,1773.57529296875,1753.6235188802084,0
2024-10-04,1870.0582275390625,1879.2567430500883,1771.4467509487938,1837.6163941016057,545903,Power,0.017681714393369408,0.008358220642077141,0.0187667544523753,-0.021311476927483364,1858.6937255859375,1864.5886840820312,1843.0431722005208,1801.6434753417968,1782.72826171875,1759.9585896809897,1
2024-10-07,1779.804443359375,1879.256736304646,1753.7421438218298,1870.157225666004,499299,Power,-0.048262552925134705,0.017708174387673248,-3.5894203165298677e-09,-0.009994433712151585,1837.2602783203124,1854.4406860351562,1845.446638997396,1806.8163757324219,1784.941826171875,1764.160538736979,0
2024-10-08,1796.8167724609375,1802.058837340398,1734.553955787875,1775.0074547412316,508863,Power,0.009558538391696514,-0.05087795272982332,-0.041078952903502275,-0.010941282389518747,1825.1242431640626,1849.9552001953125,1847.810546875,1814.0465698242188,1786.9397705078125,1770.3917602539063,1
2024-10-09,1914.0230712890625,1963.0320379317664,1865.4591434873048,1880.245878932417,4857383,Power,0.06522996703086092,0.059289004060282924,0.08932738335499835,0.07546907795091884,1839.6538818359375,1851.9185302734375,1858.0376627604167,1826.2518493652344,1795.734697265625,1778.5121297200521,1
2024-10-10,1863.6292724609373,1928.5131836363128,1846.567598656118,1923.7655391521005,569426,Power,-0.026328731133938632,0.023145728283363365,-0.01758445793468677,-0.01012702148805622,1844.866357421875,1851.6514770507813,1854.8264404296874,1835.3464599609374,1801.6909521484374,1785.457137044271,0
2024-10-11,1865.8052978515625,1880.048110347971,1826.9838087756063,1868.376888267033,302649,Power,0.0011676278231838033,-0.028791788686203357,-0.02513079697850873,-0.01060550932159976,1844.015771484375,1851.3547485351562,1857.731046549479,1843.2863220214845,1810.1179345703124,1792.9428466796876,1
2024-10-14,1919.0673828125,1956.405248397436,1869.365985576923,1869.365985576923,1521615,Power,0.028546432482675188,0.0005293885383090835,0.040614459613659726,0.02319789403591921,1871.868359375,1854.5643188476563,1860.249910481771,1852.052069091797,1819.8267724609375,1799.429581705729,1
2024-10-15,1931.8759765625,1940.0359075501483,1906.95114474982,1924.7546305410528,393681,Power,0.006674384581133452,0.029629642023809355,-0.008367050160336897,0.020105832385356903,1898.8802001953125,1862.0022216796874,1866.263533528646,1860.5779602050782,1831.0132958984375,1805.5965087890625,1
2024-10-16,1927.078857421875,1953.042272948447,1914.913215160561,1931.875883381168,433097,Power,-0.00248314032516761,0.0036998237214855845,0.006704187972851994,0.004175288094119267,1901.491357421875,1870.5726196289063,1868.4428059895833,1868.9010864257812,1841.2997509765626,1813.3608072916666,0
2024-10-17,1918.622314453125,1932.865006105471,1901.016597358403,1928.710907829805,1086885,Power,-0.00438827032748601,-0.0016382913512144048,-0.010331198214422188,-0.007257048357146023,1912.4899658203126,1878.6781616210938,1871.9309733072917,1869.2423217773437,1850.7751611328124,1820.1574544270834,0
2024-10-18,1952.102783203125,1971.241506243668,1884.251744968152,1910.907471180515,739060,Power,0.017450265483617722,-0.009230744004721014,0.019854723437474853,-0.008818887964232913,1929.749462890625,1886.8826171875,1877.4863199869792,1875.7356506347655,1860.5789501953125,1830.056522623698,1
2024-10-21,1945.5748291015625,1969.658964437855,1928.7109237552213,1957.196548770344,424087,Power,-0.0033440626988150424,0.024223610137037443,-0.0008028147747500824,0.023595137383205955,1935.0509521484375,1903.4596557617188,1881.3931966145833,1878.9501708984376,1868.651845703125,1839.0308024088542,0
2024-10-22,1931.233154296875,2014.76112618152,1897.060304377101,1957.394339083568,2101262,Power,-0.007371433157012164,0.00010105797159121188,0.02289846240287452,-0.016410245303374094,1934.9223876953124,1916.9012939453125,1886.308943684896,1883.4282470703124,1875.446845703125,1848.3314778645833,0
2024-10-23,1935.634521484375,2001.1117370228835,1886.279278827874,1923.765531061374,1287350,Power,0.002279044960318277,-0.017180395054140485,-0.006774693526326647,-0.005683016783573969,1936.6335205078126,1919.0624389648438,1892.592919921875,1885.4904846191407,1882.4475732421874,1857.1887125651042,1
2024-10-24,1933.3594970703125,1983.110394668,1923.7654452016257,1930.9857956817443,1068959,Power,-0.0011753377968883871,0.0037531936734445104,-0.008995670767322883,0.01987307330070731,1939.58095703125,1926.0354614257812,1898.979093424479,1888.8434692382812,1883.310048828125,1865.5761271158854,0
2024-10-25,1902.7969970703125,1976.1373692148552,1886.6254013054247,1933.3595502968128,355939,Power,-0.015807975726352175,0.0012292967770022312,-0.0035162063957171474,-0.019305910701763573,1929.7197998046875,1929.7346313476562,1901.1616780598958,1890.5446899414062,1886.53248046875,1872.1024251302083,0
2024-10-28,1809.0814208984373,1917.1880672582824,1795.0858791749397,1907.8906674772493,549193,Power,-0.04925148416576586,-0.013173381441467291,-0.029830568904222532,-0.04852024258082477,1902.4211181640626,1918.73603515625,1903.1134765625,1886.6501770019531,1883.6443603515625,1874.2800577799478,0
2024-10-29,1822.6812744140625,1843.7981615849912,1808.0428051582192,1817.142315838808,296729,Power,0.007517546395933383,-0.047564754723830927,-0.03827997207297673,0.007217997831521439,1880.7107421875,1907.8165649414063,1904.8377766927083,1884.9093933105469,1882.88474609375,1876.3241617838542,1
2024-10-30,1808.1912841796875,1869.366015622783,1797.8552991110555,1826.8354660609948,352735,Power,-0.007949821199009777,0.005334282371665777,0.013866948438549631,-0.005634549147895962,1855.2220947265625,1895.9278076171875,1897.78232421875,1883.2502136230469,1879.436806640625,1877.9099934895833,0
2024-10-31,1801.861083984375,1823.8681700931447,1782.3267041799609,1810.0210147887503,259920,Power,-0.003500846536921731,-0.00920414103219691,-0.024338650189101974,-0.008637288517475583,1828.922412109375,1884.2516845703126,1893.664444986979,1881.4649230957032,1876.8592578125,1874.2454427083333,0
2024-11-01,1805.5206298828125,1822.8790763273664,1793.2066008581198,1793.651639695114,53939,Power,0.0020309811510803577,-0.009043748641529903,-0.000542305514179664,0.006104322317924682,1809.467138671875,1869.5934692382812,1889.6454671223958,1878.2380432128907,1874.3291796875,1873.6882568359374,1
2024-11-04,1778.0736083984375,1813.9278499599543,1770.4577212445536,1808.487896067862,217523,Power,-0.015201721337383178,0.008271537261979045,-0.004910488294948556,-0.012686145368124402,1803.265576171875,1852.8433471679687,1880.2458821614584,1878.1515014648437,1869.9732568359375,1870.2478963216147,0
2024-11-05,1691.232177734375,1776.2437696526713,1666.7028836302466,1775.4030736817365,1112364,Power,-0.04884017751227021,-0.01829419066506377,-0.020774850724142646,-0.05860339751088317,1776.9757568359375,1828.8432495117188,1864.2029622395833,1872.8722717285157,1863.322666015625,1865.2332478841147,0
2024-11-06,1769.0235595703125,1775.3535910013377,1691.380583061348,1691.380583061348,773246,Power,0.045996867171809175,-0.047325867497878704,-0.0005011579303147995,0.01480629791516952,1769.1422119140625,1812.1821533203124,1853.6659423828125,1865.622296142578,1860.42861328125,1861.054374186198,1
2024-11-07,1736.87841796875,1778.3703816368106,1730.8944203917788,1777.8263379524994,222251,Power,-0.01817112125367648,0.051109582170257184,0.0016992618545195182,0.023361884206398953,1756.1456787109375,1792.5340454101563,1841.5496826171875,1859.2847534179687,1856.40107421875,1856.7403279622397,0
2024-11-08,1675.6046142578125,1742.763339159553,1669.5712352447931,1738.3124679755474,439856,Power,-0.03527811911129408,-0.02222594475817008,-0.020022287170845088,-0.035428611025914325,1730.1624755859375,1769.8148071289063,1823.1164713541666,1849.7747192382812,1848.6229296875,1850.301395670573,0
2024-11-11,1661.9058837890625,1701.518686522882,1657.7517855512017,1671.5494382404495,327203,Power,-0.008175395527194596,-0.03840680600585622,-0.023666238386998217,-0.007079332372337155,1706.9289306640626,1755.0972534179687,1804.2052083333333,1836.9166442871094,1843.9069873046874,1842.7992024739583,0
2024-11-12,1640.591064453125,1690.83650282932,1622.0952703364053,1672.9835157357577,262961,Power,-0.01282552733211384,0.0008579330425415588,-0.0062780290208811484,-0.021508959016407037,1696.8007080078125,1736.888232421875,1784.8290690104166,1822.3523986816406,1837.657958984375,1835.5690063476563,0
2024-11-13,1627.1396484375,1673.5276433127824,1616.160856485276,1639.4042959757312,289890,Power,-0.00819912792839017,-0.02007145883039907,-0.010236861747173198,-0.0036584866250787274,1668.42392578125,1718.7830688476563,1764.262744140625,1807.3554382324219,1826.1826220703124,1828.42783203125,0
2024-11-14,1541.9796142578125,1620.4139046379394,1528.824768740428,1582.5319966725465,989846,Power,-0.05233726205459033,-0.03469083217775504,-0.031737592675615045,-0.05403922969325037,1629.4441650390625,1692.794921875,1738.170751953125,1788.5233032226563,1813.3166357421876,1818.5749226888022,0
2024-11-18,1565.8165283203125,1579.564799628029,1512.3071876213253,1561.2667728320876,622083,Power,0.015458644097557261,-0.013437468490477,-0.02520905608930668,-0.010804103555119182,1607.4865478515626,1668.82451171875,1715.7053873697917,1769.2089904785157,1801.3170849609376,1808.4335327148438,1
2024-11-19,1565.1241455078125,1597.7638674522575,1552.859498569045,1572.641148232345,451519,Power,-0.00044218642476756553,0.007285350331016627,0.011521570896309008,0.02681486359362184,1588.1302001953125,1647.5295654296874,1699.4415690104167,1750.186456298828,1787.15935546875,1801.2775227864583,0
2024-11-21,1565.07470703125,1574.6193775312704,1531.0997464939742,1564.7285522955212,457053,Power,-3.1587575148206426e-05,-0.005031405890477569,-0.014485550958097781,-0.014012698570039506,1573.0269287109375,1634.913818359375,1682.2677978515626,1731.8785339355468,1772.4873046875,1793.5527872721354,0
2024-11-22,1500.8338623046875,1558.200649317417,1470.3206902566465,1553.354120749853,1109742,Power,-0.04104650368314966,-0.007269268224818548,-0.01042710921009693,-0.03969634008267853,1547.765771484375,1608.0948486328125,1661.7773030598958,1710.1385009765625,1755.4375048828124,1779.7798136393228,0
2024-11-25,1596.7747802734375,1655.724071949197,1483.623720384585,1523.1870195948406,2466643,Power,0.0639250755053078,-0.01942062067627559,0.06258720446208321,0.009047706541908562,1558.7248046875,1594.0844848632812,1648.1048828125,1693.3092651367188,1742.563603515625,1770.8846638997395,1
2024-11-26,1538.2210693359375,1599.7420738236733,1528.1324760415812,1594.4010041288211,543858,Power,-0.036669987314975616,0.046753276923882314,-0.033811188152636396,0.030000029687755614,1553.205712890625,1580.3461303710938,1630.284912109375,1675.08046875,1726.0083349609374,1759.9651896158855,0
2024-11-27,1516.0162353515625,1549.743925198813,1505.6308688722336,1543.4632753326462,475277,Power,-0.014435398413806033,-0.031947878020816556,-0.03125388113682326,-0.014724906068114607,1543.384130859375,1565.7571655273437,1612.8144205729166,1660.4272094726562,1708.8259912109374,1746.5301513671875,0
2024-11-28,1491.6353759765625,1536.0452068116872,1486.3438084586369,1522.8903605445894,370066,Power,-0.01608218883575885,-0.013329060118792202,-0.008839343174304348,-0.012809952832624427,1528.6962646484376,1550.8615966796874,1599.507967122396,1643.8749145507813,1691.242080078125,1731.8554646809896,0
2024-11-29,1494.2069091796875,1539.9519755616338,1485.799707790573,1493.5145997132756,748693,Power,0.0017239690373000993,-0.019289478476184563,0.0025433943822890104,-0.00036606649482273657,1527.3708740234374,1537.5683227539062,1581.186857096354,1628.1756958007813,1673.5849755859374,1717.4263997395833,1
2024-12-02,1568.981689453125,1602.115954711144,1490.3496271243932,1494.2069524598612,3316136,Power,0.05004312308694159,0.0004635728011754825,0.04036747907468885,0.00306226963833911,1521.812255859375,1540.2685302734376,1569.993741861979,1616.5317260742188,1659.00986328125,1705.7717122395834,1
2024-12-03,1670.6593017578125,1701.0735900010125,1581.5924910686692,1586.884058534191,2584341,Power,0.06480484315921342,0.06202427710683489,0.06176683716236386,0.06122245564641604,1548.29990234375,1550.7528076171875,1569.6640543619792,1609.7886596679687,1649.72435546875,1696.390262858073,1
2024-12-04,1649.5423583984375,1696.2765070624016,1634.2115794716344,1696.2765070624016,574426,Power,-0.012639886143845369,0.06893537554927409,-0.0028200325763730882,0.03326968779891648,1575.005126953125,1559.19462890625,1568.8398193359376,1603.3620971679688,1643.34279296875,1686.5225138346354,0
2024-12-05,1646.08056640625,1677.7807091302086,1637.1788238209076,1657.009976431076,510452,Power,-0.002098637827978256,-0.023148661475791532,-0.010903763540428879,0.0018157039067319136,1605.8941650390625,1567.29521484375,1569.2057861328126,1601.1045166015624,1636.2787646484376,1677.0174275716147,0
2024-12-06,1630.65087890625,1685.3965708360615,1617.4466517505668,1655.3284388520278,1072709,Power,-0.009373591921862268,-0.0010148023264591188,0.0045392473905609965,-0.012052545380650037,1633.182958984375,1580.2769165039062,1569.4398681640625,1594.1858825683594,1629.1771484375,1666.8513061523438,0
2024-12-09,1627.9803466796875,1660.6695726860337,1611.0670595151607,1636.931591897192,836072,Power,-0.0016377093718268343,-0.011113714066070202,-0.014671323401211023,-0.003944236570956772,1644.9826904296874,1583.3974731445312,1575.173250325521,1588.7409790039062,1622.2219189453126,1656.672001139323,0
2024-12-10,1606.8634033203125,1636.8820330098267,1598.357317978592,1635.6456798863903,1358165,Power,-0.012971252019376989,-0.0007855624616001089,-0.014324065465794011,-0.00788902079618814,1632.2235107421875,1590.2617065429688,1577.9097086588542,1585.3039184570312,1614.2756298828126,1646.807548014323,0
2024-12-11,1649.8885498046875,1666.653571188261,1594.4505462506002,1606.5173048629445,666243,Power,0.026775858106837802,-0.01780848712018679,0.018187955868567807,-0.0024442417750072387,1632.2927490234374,1603.6489379882812,1583.5606689453125,1584.7030517578125,1609.1482275390624,1641.5011189778645,1
2024-12-12,1669.670166015625,1695.0401566211087,1607.7536248505396,1646.1794563323274,1028013,Power,0.01198966815866398,0.02468828150765967,0.017032085085690207,0.008343362314511493,1637.0106689453125,1621.4524169921874,1590.5336995442708,1586.1570068359374,1608.2857470703125,1636.4007486979167,1
2024-12-13,1650.9764404296875,1670.5603219842262,1634.5576952788442,1657.0593218775068,507777,Power,-0.011196058938123588,0.006609161293641419,-0.01444203816721401,0.016671752446396404,1641.07578125,1637.1293701171876,1600.5432047526042,1587.3488464355469,1603.5638623046875,1631.16025390625,0
2024-12-16,1623.5294189453125,1651.76777257388,1619.1280501218212,1646.822360081144,435840,Power,-0.016624720263864967,-0.00617778836352334,-0.011249249226765512,-0.009439645478155456,1640.185595703125,1642.5841430664063,1602.3268473307292,1591.426336669922,1599.02990234375,1625.2158650716146,0
2024-12-17,1606.4183349609375,1630.7002374163008,1593.2141079928851,1623.578891851259,409424,Power,-0.010539435740863135,-0.014114132035916604,-0.01275453820287975,-0.016004875048015066,1640.09658203125,1636.1600463867187,1606.8733317057292,1593.4564270019532,1596.262451171875,1618.579121907552,0
2024-12-18,1592.7196044921875,1612.995795824263,1572.0971376936222,1607.2095665857532,328753,Power,-0.008527498828057811,-0.010082248141844774,-0.010856956530581496,-0.013254320428950916,1628.66279296875,1630.4777709960938,1611.9868896484375,1594.836199951172,1593.495,1612.400655110677,0
2024-12-19,1614.1826171875,1618.336715333748,1555.38171168855,1562.7503279143689,642274,Power,0.013475700703863502,-0.02766237807172245,0.003311180055962648,-0.010632565637512026,1617.565283203125,1627.2879760742187,1620.1567057291666,1597.2915954589844,1592.438662109375,1609.8323364257812,1
2024-12-20,1463.05078125,1621.155714983662,1428.6801644796576,1613.2924366900395,2952028,Power,-0.09362747085012435,0.032341768146114225,0.0017419116943981905,-0.08146009835189782,1579.9801513671875,1610.5279663085937,1618.0796305338542,1595.40244140625,1585.875107421875,1599.6332438151042,0
2024-12-23,1534.4130859375,1540.990508597327,1462.7541083353185,1463.0507606376696,1534398,Power,0.04877636894225201,-0.09312736651801201,-0.04944941787232493,0.023849945357133917,1562.156884765625,1601.171240234375,1615.775056966146,1592.284356689453,1585.5724462890626,1592.8843994140625,1
2024-12-24,1485.7008056640625,1533.077881770825,1474.870400536274,1529.121551753352,460805,Power,-0.031746522966907054,0.04515960272416342,-0.0051347667505782235,0.0082832050389825,1538.01337890625,1589.05498046875,1603.444490559896,1589.6583435058594,1582.3678173828125,1586.5542724609375,0
2024-12-26,1452.220458984375,1501.872354868464,1443.1209477884247,1496.4819032476482,321207,Power,-0.02253505318974558,-0.021345359018894006,-0.020354821678280288,-0.021526944154757532,1509.9135498046876,1569.2881713867187,1590.289697265625,1586.4685546875,1577.851669921875,1579.5647583007812,0
2024-12-27,1435.603759765625,1468.4907531984109,1424.5755863775014,1458.9955852570686,530465,Power,-0.011442270432115431,-0.025049630008373125,-0.022226656987089144,-0.012850871189517443,1474.1977783203124,1545.8815307617188,1576.25791015625,1583.666973876953,1572.67283203125,1572.7318481445313,0
2024-12-30,1393.9140625,1443.021913689144,1384.7155466450977,1435.6037946892595,1033835,Power,-0.0290398356663758,-0.01603280421420017,-0.017343547757311395,-0.027980291192383988,1460.3704345703125,1520.17529296875,1560.4754557291667,1578.6523315429688,1568.3960400390624,1564.9576619466145,0
2024-12-31,1469.7271728515625,1481.6456659225548,1394.60640116876,1394.60640116876,2012848,Power,0.054388654502552924,-0.02855759623383669,0.02676588059197771,0.007142878223347582,1447.433251953125,1504.795068359375,1549.925244140625,1573.6896057128906,1563.3141357421875,1562.549247233073,1
2025-01-01,1477.9365234375,1505.03740804491,1456.572365616643,1467.7984278275055,535228,Power,0.005585628909622553,0.05248221046268431,0.015787676271296736,0.04443258283910945,1445.8803955078124,1491.9468872070313,1541.3301188151042,1564.053466796875,1560.90275390625,1559.6199137369792,1
2025-01-02,1521.7034912109375,1528.4293007931035,1466.759907695373,1483.6238133353306,482031,Power,0.029613563965278367,0.010781715804974779,0.01554239955974257,0.006994188767557086,1459.777001953125,1484.8452758789062,1532.7844482421874,1557.6615234375,1561.130244140625,1558.17255859375,1
2025-01-03,1496.9268798828125,1523.4343395063888,1491.5364284860473,1504.8890424015392,300817,Power,-0.01628215448753967,0.014333302603442455,-0.0032680355474229428,0.016892008474382214,1472.0416259765625,1473.1197021484375,1521.2682291666667,1550.203839111328,1561.341904296875,1555.9009643554687,0
2025-01-06,1455.2864990234375,1500.190868263535,1443.8626686946536,1498.5094763238346,348138,Power,-0.02781724439515365,-0.004239226878497204,-0.01525728457084985,-0.031962853123060464,1484.31611328125,1472.3432739257812,1508.2222330729167,1541.4356201171875,1559.785087890625,1554.3827189127603,0
2025-01-07,1437.6314697265625,1478.282737911865,1431.499206282837,1469.7766522281884,316996,Power,-0.012131651952191125,-0.019174269198573235,-0.014603561996766823,-0.008562768939094578,1477.89697265625,1462.6651123046875,1495.8290364583333,1531.9181762695312,1554.5310791015625,1549.0779418945312,0
2025-01-08,1418.789306640625,1458.0064508851865,1414.3384355072917,1450.5389506484908,587136,Power,-0.013106393037932929,-0.013088860508522315,-0.013716108905742708,-0.011987970863152952,1466.067529296875,1455.9739624023437,1483.3204345703125,1522.514471435547,1544.456279296875,1545.0968831380208,0
2025-01-09,1399.35400390625,1442.0823206680354,1395.595442018243,1422.2017860738383,730612,Power,-0.013698512276212105,-0.01953561092722378,-0.010921851688298845,-0.013252127650993262,1441.5976318359376,1450.6873168945312,1470.42939453125,1509.987744140625,1534.4487451171874,1541.2081420898437,0
