Date,Close,High,Low,Open,Volume,Sector,return_ratio,pct_change_open,pct_change_high,pct_change_low,ma_5,ma_10,ma_15,ma_20,ma_25,ma_30,up_or_down
2022-01-10,51.81136322021485,52.3450001008875,51.56880066525356,52.3450001008875,10993079,Textiles,0.0,0.0,0.0,0.0,0.0,0.0,0.0,0.0,0.0,0.0,0
2022-01-11,54.38252258300781,54.38252258300781,51.811361792019504,52.83012375453226,31681809,Textiles,0.04962539495177376,0.009267812641317263,0.038924873019262174,0.004703641031725159,0.0,0.0,0.0,0.0,0.0,0.0,1
2022-01-12,57.09922409057617,57.09922409057617,55.49831344482436,56.226001111405424,20605740,Textiles,0.049955415426374605,0.06427918610699512,0.049955415426374605,0.0711610643936551,0.0,0.0,0.0,0.0,0.0,0.0,1
2022-01-13,59.91294860839844,59.91294860839844,59.91294860839844,59.91294860839844,3366828,Textiles,0.049277806531291324,0.06557371010055912,0.049277806531291324,0.0795453931760115,0.0,0.0,0.0,0.0,0.0,0.0,1
2022-01-14,62.872215270996094,62.872215270996094,61.61088706306707,61.61088706306707,11430176,Textiles,0.0493927728701844,0.02834009165141671,0.0493927728701844,0.02834009165141671,57.21565475463867,0.0,0.0,0.0,0.0,0.0,1
2022-01-17,65.97701263427734,65.97701263427734,65.00676244847915,65.6859346175693,8665096,Textiles,0.049382662117101184,0.06614167964065953,0.049382662117101184,0.055118105699986764,60.04878463745117,0.0,0.0,0.0,0.0,0.0,1
2022-01-18,62.67816162109375,68.25710028725588,62.67816162109375,67.91751419675641,37319500,Textiles,-0.05000000578185815,0.03397347685131691,0.034558819230229076,-0.035820901390542614,61.70791244506836,0.0,0.0,0.0,0.0,0.0,0
2022-01-19,59.5733642578125,60.05848936186241,59.5733642578125,59.71889956830098,8525318,Textiles,-0.04953555246324204,-0.1207142918202826,-0.12011367155783226,-0.04953555246324204,62.20274047851562,0.0,0.0,0.0,0.0,0.0,0
2022-01-20,62.532623291015625,62.532623291015625,57.92393847869775,58.215012802467925,19282151,Textiles,0.049674197018595434,-0.02518276084630533,0.0411954072678411,-0.027687302868722008,62.72667541503906,0.0,0.0,0.0,0.0,0.0,1
2022-01-21,62.43560028076172,65.49188995934902,60.64063885124909,65.49188995934902,15689021,Textiles,-0.0015515582930589744,0.12500000956063695,0.04732356508636304,0.04690116804730815,62.63935241699219,59.92750358581543,0.0,0.0,0.0,0.0,0
2022-01-24,59.33080291748047,62.09601458655358,59.33080291748047,61.12576435863868,5021114,Textiles,-0.04972799731754851,-0.06666666061126658,-0.05185184570033441,-0.021599969238147998,61.31011047363281,60.67944755554199,0.0,0.0,0.0,0.0,0
2022-01-25,60.49509811401367,62.09601241456088,56.37153478960924,56.37153478960924,13854361,Textiles,0.019623789655308643,-0.07777783425554075,-3.4977972629413046e-08,-0.04987743267164424,60.873497772216794,61.29070510864258,0.0,0.0,0.0,0.0,1
2022-01-27,59.23377227783203,59.86443637030235,57.72988525103052,59.86443637030235,6649147,Textiles,-0.020850050260344255,0.06196215153143103,-0.03593750963202347,0.024096389542894947,60.805579376220706,61.504159927368164,0.0,0.0,0.0,0.0,0
2022-01-28,58.60311508178711,61.90196362669683,58.312037053262266,59.23377550743222,6712809,Textiles,-0.010646919346734562,-0.010534816680960013,0.03403568762914566,0.010084063041184699,60.019677734375,61.37317657470703,0.0,0.0,0.0,0.0,0
2022-01-31,59.08823394775391,61.12575772476177,58.11798382513864,60.30104660102299,5071425,Textiles,0.008278038894174333,0.0180179481123377,-0.012539277535944082,-0.0033278416932404076,59.35020446777344,60.99477844238281,59.7350705464681,0.0,0.0,0.0,1
2022-02-01,58.50608444213867,60.495096548063714,57.72988504729117,60.44658477986274,4695620,Textiles,-0.009852206889953474,0.0024135265811005002,-0.010317437364749105,-0.00667777428437899,59.18526077270508,60.24768562316895,60.18138529459635,0.0,0.0,0.0,0
2022-02-02,58.9912109375,59.62187504282858,58.50608584146593,59.57336327346733,3527266,Textiles,0.00829189818438647,-0.01444616779550989,-0.014434583215209185,0.013445389567966703,58.884483337402344,59.87899055480957,60.48863118489583,0.0,0.0,0.0,1
2022-02-03,59.23377227783203,59.86443637030235,58.2635221055458,59.86443637030235,3723408,Textiles,0.004111821684573025,0.004885960450123905,0.004068327728699028,-0.004145957338137496,58.884483337402344,59.845031356811525,60.630934397379555,0.0,0.0,0.0,1
2022-02-04,60.44658660888672,61.95047367588613,58.70013699233221,59.28228563078012,5620962,Textiles,0.020475048007512653,-0.00972448376397006,0.03484601930736009,0.007493794933912001,59.253177642822266,59.63642768859863,60.666510264078774,0.0,0.0,0.0,1
2022-02-07,59.76741027832031,61.513863582890345,59.37931242269089,61.513863582890345,4953362,Textiles,-0.011235974910559388,0.0376432509031257,-0.007047728081629345,0.01157025290157998,59.38901290893555,59.36960868835449,60.45952326456706,59.64855613708496,0.0,0.0,0
2022-02-08,58.65162658691406,60.49509978568592,56.808149686931344,60.155513688894246,5626456,Textiles,-0.01866876423472852,-0.022082012328256906,-0.016561531626632875,-0.04330064850628035,59.418121337890625,59.30169105529785,59.97116419474284,59.990569305419925,0.0,0.0,0
2022-02-09,58.02096176147461,59.67038785711674,57.72988743899913,59.18526275258734,3851797,Textiles,-0.01075272523780546,-0.01612904415254013,-0.01363270630994684,0.01622544929112224,59.22407150268555,59.054277420043945,59.660684204101564,60.172491264343265,0.0,0.0,0
2022-02-10,57.05070877075195,58.16649793725056,55.158720215094206,58.020958932503554,5826228,Textiles,-0.016722456182498124,-0.019672191453317334,-0.02520328715588882,-0.04453788735725095,58.78745880126953,58.83597106933594,59.49250717163086,60.17006549835205,0.0,0.0,0
2022-02-11,55.11021041870117,56.08046061516144,54.52806178130932,55.207237659073655,5708215,Textiles,-0.034013571327366376,-0.048494911583642275,-0.035863209855603095,-0.01143352186790414,57.720183563232425,58.486680603027345,58.99767964680989,59.929928588867185,0.0,0.0,0
2022-02-14,52.39350891113281,54.33400924117477,52.39350891113281,52.39350891113281,6864670,Textiles,-0.04929579268393558,-0.05096666428624308,-0.031141887117712375,-0.039145951652148625,56.24540328979492,57.81720809936523,58.328206888834636,59.40599327087402,58.967925567626956,0.0,0
2022-02-15,55.01318740844727,55.01318740844727,49.77383481670531,50.016397368152425,8280093,Textiles,0.050000058246868484,-0.04537034438774323,0.012500056166623086,-0.04999997421189828,55.51771545410156,57.467918395996094,58.040365854899086,58.85780200958252,59.09599853515625,0.0,1
2022-02-16,55.595333099365234,57.19624733439314,55.49830956442259,57.19624733439314,5122796,Textiles,0.010581929867029993,0.14354992250626264,0.03968248394221674,0.11500971883717526,55.032589721679685,57.128330612182616,57.713714853922525,58.50366058349609,59.144510955810546,0.0,1
2022-02-17,53.07268905639648,56.27451411950547,52.87863826746634,56.27451411950547,4596713,Textiles,-0.04537510438978842,-0.016115274302854754,-0.016115274302854754,-0.04720272234445855,54.236985778808595,56.51222229003906,57.30297597249349,58.17862682342529,58.98344955444336,0.0,0
2022-02-18,51.42325973510742,53.16970932549157,50.74408386628839,51.37474796616551,4520161,Textiles,-0.03107868379415124,-0.08706900859125566,-0.055172485139907024,-0.040367045580506966,53.499595642089844,55.609889602661134,56.824318949381514,57.623158645629886,58.64386199951172,0.0,0
2022-02-21,51.2777214050293,53.363760808008486,48.85209591375619,49.96788512022613,7880435,Textiles,-0.0028302042855280485,-0.02738432598960705,0.0036496622791180044,-0.03728489724078232,53.27643814086914,54.760920715332034,56.30361811319987,57.06526470184326,58.18008224487305,58.019344329833984,0
2022-02-22,49.43424987792969,50.21044932041862,48.755073977797785,48.755073977797785,7758023,Textiles,-0.035950730192133795,-0.02427181257542199,-0.0590908781510886,-0.0019860342559239186,52.160650634765624,53.8391830444336,55.698829142252606,56.570437049865724,57.51837173461914,57.94010721842448,0
2022-02-23,51.18069839477539,51.56879995787413,49.191686211618695,49.434248763252704,5011167,Textiles,0.03532871483148403,0.013930340578791833,0.027053146423509977,0.008955216312865,51.277723693847655,53.15515670776367,55.17812830607097,56.104717063903806,57.05847320556641,57.8333797454834,1
2022-02-24,48.65804672241211,49.48275787314699,48.65804672241211,48.65804672241211,5335129,Textiles,-0.04928912170961697,-0.015701706008680927,-0.040451631343587646,-0.010848164198131172,50.39479522705078,52.31589050292969,54.473079935709634,55.575930786132815,56.62186050415039,57.5520071665446,0
2022-02-25,48.75507354736328,50.45301143209733,46.23242445624276,46.23242445624276,9408695,Textiles,0.001994055073864631,-0.0498503830210697,0.019607911940511924,-0.0498503830210697,49.861157989501955,51.680376815795896,53.69364573160807,55.083528709411624,56.0707585144043,57.180077997843426,1
2022-02-28,49.240196228027344,49.579782307736366,46.32944571208484,48.31845782440342,6511618,Textiles,0.009950198930431142,0.04512057052372431,-0.01730777013253615,0.0020985543584006727,49.453652954101564,51.36504554748535,52.99183146158854,54.59112682342529,55.54294235229492,56.7256773630778,1
2022-03-02,48.75507354736328,49.240198657287294,47.54226077255325,48.3184602081895,4423481,Textiles,-0.009852167899930708,4.9334895724229e-08,-0.006849236415386262,0.026178061097589467,49.31781768798828,50.739234161376956,52.332061258951825,54.103576278686525,55.11991317749023,56.15161272684733,0
2022-03-03,50.11342239379883,50.88962178386941,49.48275830743549,49.676809080255794,5200564,Textiles,0.027860666544087476,0.028112420516166692,0.03349749130912594,0.04081626543099759,49.10436248779297,50.191043090820315,51.804891967773436,53.65968685150146,54.70464614868164,55.7327880859375,1
2022-03-04,49.57978820800781,50.307475923592335,48.70656517003305,49.91937802934059,4357376,Textiles,-0.010648528084903797,0.004882941428321574,-0.011439382724231506,-0.015686133189665052,49.28871078491211,49.841753005981445,51.30683059692383,53.176987648010254,54.31848678588867,55.39966888427735,0
2022-03-07,47.25118255615234,48.51250699785445,47.10564355467456,47.10564355467456,7542675,Textiles,-0.04696683338149832,-0.05636557556891508,-0.03567996391757178,-0.03286870280771659,48.98793258666992,49.42454528808594,50.78289540608724,52.51721744537353,53.86440948486328,54.89028752644857,0
2022-03-08,48.51251220703125,48.75507476806641,47.20267585792579,47.25118762989063,3934743,Textiles,0.026694139334607625,0.0030897375395613214,0.005000107914907126,0.0020598870098995636,48.8423957824707,49.14802436828613,50.52416229248047,51.95447254180908,53.44138061523437,54.42618459065755,1
2022-03-09,50.938133239746094,50.938133239746094,49.48275800432478,50.21044562203544,4630516,Textiles,0.049999905640081055,0.06262822461361384,0.04477602551251847,0.0483040866848683,49.27900772094726,49.29841270446777,50.25249201456706,51.56879787445068,53.138662567138674,54.14642893473307,1
2022-03-10,53.46078109741211,53.46078109741211,53.46078109741211,53.46078109741211,3681794,Textiles,0.04952375945527665,0.06473424872274447,0.04952375945527665,0.08039210532160812,49.94847946166992,49.526420974731444,50.110188547770186,51.34078884124756,52.91744537353516,53.91195170084635,1
2022-03-11,53.80037307739258,55.3042601121294,50.79259530670824,53.460783294574135,8401751,Textiles,0.006352170189239947,4.109857698608721e-08,0.034482829784290736,-0.04990921823312133,50.792596435546876,50.04065361022949,50.15870081583659,51.17827205657959,52.70010940551758,53.73083839416504,1
2022-03-14,53.94590759277344,55.30425930172103,52.8786338937508,55.30425930172103,4640510,Textiles,0.0027050837579045695,0.03448277210958861,-1.4653633639838404e-08,0.04106973810741765,52.1315414428711,50.559737014770505,50.32687733968099,51.1200569152832,52.44008224487305,53.57559814453125,1
2022-03-15,52.78160858154297,54.916155907749726,52.296483516275885,54.916155907749726,4745850,Textiles,-0.02158271244631793,-0.007017604048432324,-0.007017604048432324,-0.01100917959878911,52.98536071777344,50.91387825012207,50.427136484781904,51.13946189880371,52.160650177001955,53.365377298990886,0
2022-03-16,52.58755874633789,53.8488831981239,52.39350797655298,53.36375812426693,3514883,Textiles,-0.0036764668682897073,-0.028268507833843493,-0.019434585177787622,0.0018552769470034924,53.3152458190918,51.29712677001953,50.63735707600912,51.018180465698244,51.9180874633789,53.16809310913086,0
2022-03-17,53.024173736572266,54.33400999708924,50.21044673838158,52.68458395336403,35676564,Textiles,0.0083026289990078,-0.012727255252925063,0.00900904104511202,-0.041666636239519605,53.22792434692383,51.588201904296874,50.76025543212891,50.88962249755859,51.71821594238281,52.96919186909994,1
2022-03-21,51.2777214050293,52.19945983195524,50.93813531673537,51.811361974078,4960335,Textiles,-0.03293690798878757,-0.01657452548280547,-0.03928571009664761,0.014492772433301937,52.72339401245117,51.757995223999025,50.93490041097005,50.79987411499023,51.487296447753906,52.70399017333985,0
2022-03-22,51.22921371459961,51.423264509595015,49.87086555205393,51.423264509595015,2944445,Textiles,-0.0009459798349177317,-0.007490586035494573,-0.01486979606415495,-0.020952273930820442,52.18005523681641,52.15579833984375,51.09984308878581,50.79017181396485,51.332056579589846,52.39674441019694,0
2022-03-23,51.08367156982422,51.6658201758282,50.8896208007527,51.42325763979144,2783034,Textiles,-0.002840998996904598,-1.335932995338851e-07,0.004716846908619177,0.020427863792246148,51.840467834472655,52.41291427612305,51.2227414449056,50.78046932220459,51.2796630859375,52.10728645324707,0
2022-03-24,50.59855270385742,51.08367783543338,49.967888552324254,50.93813881547619,2452206,Textiles,-0.009496554399064827,-0.009433840767409163,-0.011267455706958418,-0.01811238193417264,51.442666625976564,52.37895622253418,51.34564005533854,50.838684463500975,51.1030776977539,51.83885065714518,0
2022-03-25,50.64705657958984,51.42325592883967,50.55002934767708,50.598544814238686,2800983,Textiles,0.0009586020378151705,-0.006666792488584705,0.006647487177807498,0.011650298065791542,50.96724319458008,52.09758377075195,51.38121566772461,50.8120023727417,50.90514663696289,51.59305381774902,1
2022-03-28,49.91937255859375,50.93813450852205,49.531271005663584,50.695571963243374,3074861,Textiles,-0.014367745534285103,0.0019175877361869986,-0.009433891564333163,-0.0201534668754908,50.69557342529297,51.70948371887207,51.40385462443034,50.87506866455078,50.77901397705078,51.355342610677084,0
2022-03-29,49.240196228027344,50.45300894300339,49.046145453389045,50.45300894300339,3865767,Textiles,-0.013605466089727236,-0.004784698364106665,-0.009523818848087062,-0.009794328762915638,50.297769927978514,51.23891258239746,51.53645553588867,50.89932479858398,50.69169143676758,51.159675470987956,0
2022-03-30,51.66582489013672,51.66582489013672,49.531273638001565,49.57978540939332,4544749,Textiles,0.04926114938446813,-0.017307660175363337,0.024038525601187466,0.009891260161791093,50.41420059204101,51.12733421325684,51.74667638142903,51.020606231689456,50.707215576171876,51.135419336954754,1
2022-03-31,51.76284408569336,53.31524654832945,50.93813293766305,53.31524654832945,5606057,Textiles,0.0018778214760519774,0.07534242248310363,0.03192481029191141,0.028403454955418406,50.6470588684082,51.04486274719238,51.801657104492186,51.17099475860596,50.80035934448242,51.02707455952962,1
2022-04-01,52.10243606567383,52.39351038311565,51.2292094121376,52.19945960441752,3862306,Textiles,0.006560535572934789,-0.020928102487540512,-0.01728841607021847,0.0057143137702113656,50.938134765625,50.952688980102536,51.71110076904297,51.27044544219971,50.83722885131836,50.910644658406575,1
2022-04-04,52.442020416259766,53.072684500846265,51.90838356841538,53.072684500846265,4197122,Textiles,0.006517629044406004,0.016728619473195483,0.012962943554732487,0.013257556852260599,51.442664337158206,51.069118881225585,51.62054392496745,51.413557052612305,50.98858779907226,50.889622370402016,1
2022-04-05,52.24797439575195,52.83012676551738,51.908388289297015,52.83012676551738,3572526,Textiles,-0.00370020107859248,-0.004570293317742724,-0.004570293317742724,9.094641972851036e-08,52.044219970703125,51.17099494934082,51.50734837849935,51.66339664459228,51.12830383300781,50.91711285909017,0
2022-04-06,54.81913757324219,54.81913757324219,51.42326179436878,52.10243769038564,8011124,Textiles,0.04921077242181626,-0.013774130778855254,0.037649177268737066,-0.009345820799222637,52.67488250732422,51.54454154968262,51.64318364461263,51.97872791290283,51.351461486816405,51.035160064697266,1
2022-04-07,54.04293441772461,55.64384495405113,53.41227033597711,55.59533318650377,6654283,Textiles,-0.014159346350177793,0.06703900337397584,0.015044150953799296,0.03867915943492606,53.13090057373047,51.88897972106933,51.74020868937175,52.13396797180176,51.56297592163086,51.18878288269043,0
2022-04-08,54.86764526367188,55.20723503703077,54.33400842120572,54.33400842120572,3749200,Textiles,0.015260289894191814,-0.022687601512643596,-0.00784650876266546,0.01725704748048784,53.68394241333008,52.31103858947754,51.86310679117839,52.20431118011474,51.75314483642578,51.31168111165365,1
2022-04-11,54.52806091308594,55.69236187054183,54.382521905449934,55.64384640052268,3513160,Textiles,-0.006189154809797981,0.024107147942461493,0.008787377835272059,0.0008928751191725759,54.10115051269531,52.77190742492676,52.079796091715494,52.240695571899415,51.95107574462891,51.507348251342776,0
2022-04-12,53.36376190185547,54.285500347675146,52.636074239557445,54.285500347675146,3184653,Textiles,-0.02135229076064671,-0.024411433441717922,-0.02526130111229552,-0.03211413529017437,54.32430801391602,53.18426399230957,52.22209930419922,52.211588287353514,52.19557891845703,51.66097119649251,0
2022-04-13,53.26673889160156,53.84888754675784,52.878637320690125,53.751864004635415,2329693,Textiles,-0.0018181441262020703,-0.00983018190164997,-0.008042899082093657,0.004608304943653829,54.01382827758789,53.34435539245605,52.367637125651044,52.23584480285645,52.38574798583984,51.79518928527832,0
2022-04-18,53.41227340698242,54.81913695400888,53.16971085408858,54.3340118482212,4246419,Textiles,0.002732183693036294,0.010830281970046318,0.01801800281219479,0.005504558138160753,53.88769607543945,53.50929832458496,52.55521850585937,52.27708053588867,52.484713592529296,51.95042928059896,1
2022-04-19,52.005409240722656,53.84888610124976,51.423260601193455,53.46078454075643,3445947,Textiles,-0.02633971700736204,-0.016071467534995998,-0.017699126740596482,-0.03284671337949974,53.31524887084961,53.499595642089844,52.645775349934894,52.22614231109619,52.42649871826172,52.013495508829756,0
2022-04-20,51.32624053955078,52.87863948429332,51.22921329224747,52.87863948429332,2855252,Textiles,-0.013059578053277843,-0.010889197782335214,-0.018017951478738525,-0.0037735317962602766,52.67488479614258,53.388017654418945,52.739566548665366,52.22856826782227,52.32753341674805,52.07171058654785,0
2022-04-21,53.84888458251953,53.84888458251953,51.61730992564825,51.90838423720352,3582349,Textiles,0.04914920743172013,-0.018348718056144353,0.018348526128672438,0.007575689893709603,52.77190933227539,53.548108673095705,53.04681243896484,52.35955181121826,52.32365249633789,52.291633987426756,1
2022-04-22,52.63607406616211,53.75186329182776,52.39351151286183,53.75186329182776,3913832,Textiles,-0.02252248167738513,0.03551409048295873,-0.0018017325975080434,0.015037621842975746,52.6457763671875,53.32980232238769,53.11149571736654,52.437171936035156,52.317831115722655,52.42908604939779,0
2022-04-25,51.42325973510742,52.442021687730616,51.32623619722359,52.34499814984677,3493962,Textiles,-0.023041504378351063,-0.026173327877824226,-0.02436830137377377,-0.02037037191859603,52.2479736328125,53.06783485412598,53.08885676066081,52.478407287597655,52.27125915527344,52.4452569325765,0
2022-04-26,51.08367156982422,51.956894478830186,50.74408179864643,51.90838271186495,4176244,Textiles,-0.006603785272121909,-0.008341110964068199,-0.009250734302143293,-0.011342238233487456,52.06362609863281,52.68943748474121,53.020939127604166,52.500238037109376,52.19363906860352,52.36601994832357,0
2022-04-27,51.66582489013672,53.36376279732431,50.11342599833529,50.93813721562776,5571894,Textiles,0.011396074370198184,-0.018691499244406606,0.027077606015643463,-0.012428164585056356,52.13154296875,52.40321388244629,52.96919275919596,52.58756065368652,52.209163208007816,52.294868342081706,1
2022-04-28,51.08367156982422,52.39350778393845,50.55003102957491,52.39350778393845,3671475,Textiles,-0.011267667196844355,0.02857133471822726,-0.018181907768964667,0.008712336515450447,51.57850036621094,52.175204849243165,52.89157257080078,52.67973442077637,52.203341522216796,52.19946047465007,0
2022-04-29,50.59855270385742,51.762850058670914,50.45301368390022,51.42326394705215,3376470,Textiles,-0.009496554399064827,-0.018518398136032732,-0.01203694411659284,-0.0019192341468184937,51.17099609375,51.90838623046875,52.61020024617513,52.6263708114624,52.183936767578125,52.12669194539388,0
2022-05-02,50.210445404052734,50.74408224781504,49.62829679289579,49.62829679289579,4110424,Textiles,-0.007670324131130779,-0.034905741417047054,-0.019681447402937646,-0.01634623644429789,50.92843322753906,51.58820343017578,52.354700978597,52.54875087738037,52.16841247558594,52.047454833984375,0
2022-05-04,48.46399688720703,50.21044645856723,48.22143434392893,50.21044645856723,7593117,Textiles,-0.03478257368146631,0.011730196345460353,-0.010516217174679099,-0.028347989753463643,50.40449829101563,51.23406219482422,51.927791086832684,52.36682891845703,52.08109008789062,51.89544893900553,0
2022-05-05,49.240196228027344,50.84111049228,48.70655937368002,49.38573523430874,4231657,Textiles,0.016015999312372076,-0.016425092434480315,0.012560414778091777,0.01006036084059736,49.91937255859375,51.025457763671874,51.57526677449544,52.20673770904541,52.05392303466797,51.82753143310547,1
2022-05-06,48.65804672241211,48.949121028482615,48.02738264158384,48.221433412701046,3706765,Textiles,-0.011822647962639099,-0.023575670506548296,-0.037213771404239426,-0.01394425598584148,49.43424758911133,50.506373977661134,51.26155242919922,52.02724132537842,52.03063705444336,51.741825866699216,0
2022-05-09,47.29969787597656,48.80358496563724,46.57201021634616,48.65804965443766,4936678,Textiles,-0.027916222247570954,0.009054401971004378,-0.0029732109543026963,-0.030302971871250195,48.77447662353516,49.97273635864258,50.86374969482422,51.651269340515135,51.855991973876954,51.61569341023763,0
2022-05-10,48.90060806274414,49.628295660694434,47.34820563305719,47.39671739934511,7385067,Textiles,0.03384609751557588,-0.02592237592855351,0.01689856791540767,0.016666564597604516,48.512509155273435,49.72047119140625,50.56297200520833,51.39415302276611,51.74150253295898,51.559095255533855,1
2022-05-11,46.81456756591797,50.74407975089801,46.47498150965455,49.9678804071456,7128356,Textiles,-0.04265878440917514,0.0542477021380392,0.022482821046931,-0.018442602242839445,48.182623291015624,49.29356079101562,50.216915893554685,50.99149913787842,51.52998779296875,51.43134562174479,0
2022-05-12,44.48596954345703,46.76605970107032,44.48596954345703,46.76605970107032,6312315,Textiles,-0.049740885017940606,-0.064077577035215,-0.07839377656183222,-0.042797477300433706,47.23177795410156,48.575575256347655,49.76089782714844,50.48939456939697,51.211745758056644,51.2502321879069,0
2022-05-13,44.8255615234375,46.47498766046392,43.32167440190582,43.61274873168438,7117577,Textiles,0.007633687283104651,-0.0674273391759318,-0.00622400181813354,-0.026172187624546428,46.46528091430664,47.949764251708984,49.15934295654297,50.06248455047607,50.91484924316406,51.1030776977539,1
2022-05-16,45.40770721435547,46.08688307357662,44.72853135513431,46.038371305320254,3231028,Textiles,0.01298691351838599,0.055617282656474254,-0.008350827109900538,0.03247466707257751,46.086882781982425,47.43067970275879,48.677451833089194,49.66953296661377,50.538392028808595,50.894473775227866,1
2022-05-17,47.6392822265625,47.6392822265625,45.89283264760537,45.89283264760537,3972745,Textiles,0.04914529160594849,-0.0031612468814262717,0.033684186246822234,0.026030393960999376,45.834617614746094,47.173563385009764,48.42518666585286,49.380883407592776,50.28224594116211,50.75702171325683,1
2022-05-18,48.12441253662109,49.28871361598684,47.54226384754377,48.07590076273316,5959403,Textiles,0.010183409308129443,0.04756882478557811,0.034623346791414544,0.03594093248947594,46.09658660888672,47.13960494995117,48.22790273030599,49.1868335723877,50.01251663208008,50.624420928955075,1
2022-05-19,46.42647171020508,47.05713583591301,45.89283482756577,46.08688561249212,3557314,Textiles,-0.035282317994509205,-0.04137239487320976,-0.04527563444768057,-0.03469395200168235,46.48468704223633,46.858232498168945,47.87861251831055,48.94184513092041,49.68845306396484,50.423902638753255,0
2022-05-20,47.10564804077149,48.12441004450592,46.86308548268182,47.68780040091323,2738737,Textiles,0.014629074869308312,0.03473688376085837,0.02268039033047975,0.02114165879622809,46.940704345703125,46.702992630004886,47.61341094970703,48.604683303833006,49.43812850952148,50.2524917602539,1
2022-05-23,46.42647171020508,48.02738605933389,46.32944816834734,48.02738605933389,2924354,Textiles,-0.014418150663771057,0.007121017441898081,-0.0020161075238595005,-0.011387157052040076,47.144457244873045,46.61567001342773,47.335272216796874,48.294203186035155,49.16451782226562,49.972736231486,0
2022-05-24,45.84432220458984,47.15415850137952,45.6987831932973,47.15415850137952,2582004,Textiles,-0.012539171816652983,-0.018181867255394057,-0.018181867255394057,-0.01361261573326733,46.785465240478516,46.310041427612305,47.04419733683268,48.015256309509276,48.861799774169924,49.699449157714845,0
2022-05-25,44.243408203125,46.32944764018302,44.14638466237334,46.32944764018302,3696062,Textiles,-0.03492066027981444,-0.017489674026785473,-0.017489674026785473,-0.03397023777104968,46.009264373779295,46.052925491333006,46.76282475789388,47.67324314117432,48.551319732666016,49.34530792236328,0
2022-05-26,43.32167053222656,44.971092820708535,42.060342380501886,44.534483215646006,6109320,Textiles,-0.02083333333333337,-0.0387434885578084,-0.02931946933674079,-0.04725284522900974,45.38830413818359,45.93649559020996,46.368256378173825,47.25603542327881,48.23113693237305,48.971761576334636,0
2022-05-27,44.43745422363281,44.82555574746961,43.418692350074274,44.049356401006456,3161479,Textiles,0.02575578636969289,-0.010893284924638258,-0.0032362360821240888,0.032295266578763915,44.85466537475586,45.89768486022949,46.086883544921875,46.92372455596924,47.85467971801758,48.674217987060544,1
2022-05-30,46.62052154541016,46.62052154541016,44.72853290803955,45.60175957181392,4665368,Textiles,0.04912674139231732,0.0352423576107459,0.04004335848177143,0.030167664825194507,44.89347534179687,46.01896629333496,46.041605122884114,46.724822998046875,47.6140576171875,48.452677408854164,1
2022-05-31,46.28093338012695,47.83333215590718,45.60175752776912,46.62051945570055,11577098,Textiles,-0.007284091941194615,0.022340363473963842,0.02601452258134196,0.019522764619284372,44.980797576904294,45.883131408691405,45.86696014404297,46.528347396850585,47.40836456298828,48.21496607462565,0
2022-06-01,45.795806884765625,46.96010778122443,45.35919358594226,46.96010778122443,3912135,Textiles,-0.01048221070601052,0.007284095704822802,-0.01825556228942149,-0.005319179675896235,45.29127731323242,45.65027084350586,45.79904276529948,46.394937896728514,47.196849975585934,48.00797932942708,0
2022-06-02,45.40770721435547,46.28093384781277,45.11663290360659,45.74729699457138,4795114,Textiles,-0.0084745678002075,-0.025826405516427675,-0.014462784808241147,-0.005347552792711929,45.7084846496582,45.5483943939209,45.86049194335938,46.20331344604492,46.94652526855469,47.81069488525391,0
2022-06-03,44.72853088378906,46.52349590004484,44.63150734829875,46.52349590004484,3711579,Textiles,-0.014957291883517243,0.01696709874608704,0.005241079469781251,-0.010752698596642518,45.766699981689456,45.310682678222655,45.85402323404948,46.00683765411377,46.69231964111328,47.506683095296225,0
2022-06-06,44.19489669799805,45.0196116041802,43.66125981823952,44.87407259096839,2719665,Textiles,-0.01193051001781098,-0.03545355475049039,-0.032325264186847,-0.02173907151482768,45.28157501220703,45.08752517700195,45.77316919962565,45.85159759521484,46.43617340087891,47.225310516357425,0
2022-06-07,43.75828170776367,44.09787149203526,43.27315661698487,43.46720739353853,3714153,Textiles,-0.009879307858053021,-0.03135140441237805,-0.020474190676033066,-0.008888960210271413,44.777044677734374,44.87892112731934,45.51443583170573,45.59448127746582,46.178086853027345,46.969811248779294,0
2022-06-08,43.37018585205078,44.43745962040288,43.32167408098221,44.43745962040288,4234234,Textiles,-0.008869083532684341,0.0223214760055781,0.007700782756123736,0.001121190774844072,44.2919204711914,44.791598892211915,45.197487386067706,45.42226219177246,45.97433441162109,46.712695058186846,0
2022-06-09,41.5752182006836,43.27315599396349,41.23563212251188,43.17613245768891,8812968,Textiles,-0.041387133029366585,-0.028384321999695317,-0.026200949297849108,-0.04815238567583624,43.52542266845703,44.616953659057614,44.874070485432945,45.276724624633786,45.66773529052735,46.37634150187174,0
2022-06-10,41.72076034545898,42.69101058605106,40.26538498457088,41.13861168158812,4856492,Textiles,0.0035006946703886044,-0.04719090525529335,-0.01345280681616201,-0.023529338293114543,42.923868560791014,44.34528427124023,44.51507797241211,45.12148456573486,45.39024383544922,46.06424446105957,1
2022-06-13,39.92579650878906,40.99307022954743,39.7802575008626,40.94455846064218,6664280,Textiles,-0.0430232771839999,-0.004717058087616244,-0.03977278432144726,-0.01204825146696542,42.07004852294922,43.675811767578125,44.08169962565104,44.84738903045654,45.095287780761716,45.70848592122396,0
2022-06-14,39.87728118896485,41.18712116160749,38.81000746418408,39.87728118896485,4428806,Textiles,-0.001215137181133752,-0.02606640080642808,0.004733749655086772,-0.024390240225505733,41.29384841918945,43.03544654846191,43.68389689127604,44.45928897857666,44.734354705810546,45.364047114054365,0
2022-06-15,39.14959335327149,40.65348409595806,39.00405804673488,39.87728098958665,4903964,Textiles,-0.01824818076852064,-4.999794245286182e-09,-0.012956406046336078,0.005000014048692991,40.449729919433594,42.3708251953125,43.34430923461914,44.01054801940918,44.427755737304686,45.053566996256514,0
2022-06-16,37.30612182617188,40.36240780884401,37.20909458311523,39.97430994025007,8458490,Textiles,-0.04708788442487266,0.0024331887294111176,-0.0071599345932318315,-0.046019915708999215,39.59591064453126,41.56066665649414,42.9432726542155,43.55453052520752,44.14056182861328,44.65576451619466,0
2022-06-17,35.462642669677734,36.28735752784412,35.462642669677734,35.80223244699705,11405068,Textiles,-0.04941492350997645,-0.1043689684572181,-0.10096152589060814,-0.046936157221896035,38.344287109375,40.634077835083005,42.34495188395182,42.97238025665283,43.76604507446289,44.21591771443685,0
2022-06-20,33.71619415283203,34.88049512281226,33.71619415283203,34.4923935657486,5367625,Textiles,-0.049247557016922516,-0.036585396823720084,-0.03877004281594054,-0.049247557016922516,37.1023666381836,39.58620758056641,41.48466339111328,42.33686637878418,43.298384552001956,43.7631342569987,0
2022-06-21,35.36561965942383,35.36561965942383,32.16379481850549,32.74594344368675,14523014,Textiles,0.04892086868153389,-0.05063290602702908,0.013908189516905312,-0.046043136639019155,36.20003433227539,38.74694137573242,40.75697580973307,41.81293125152588,42.8074380493164,43.31196797688802,1
2022-06-22,36.91801834106445,37.11206911589953,35.414131313211314,35.89925639969366,17726342,Textiles,0.04389570143519195,0.09629629274324225,0.049382690683615005,0.10105575268860201,35.753719329833984,38.10172462463379,40.165123240152994,41.44666175842285,42.35918228149414,42.982083002726235,1
2022-06-23,37.20909118652344,38.37339208844505,35.70520421792951,37.64570448739536,9134300,Textiles,0.007884303073093735,0.04864858670767913,0.03398686741519197,0.008219117451840896,35.7343132019043,37.66511192321777,39.61854883829753,41.1410327911377,41.990487060546876,42.73952039082845,1
2022-06-24,36.141822814941406,38.130835142367104,35.9962837929203,37.64571000391152,5928586,Textiles,-0.028683000243998946,1.46537731948726e-07,-0.006320967026289703,0.008152301082334112,35.87014923095703,37.107218170166014,39.046101633707686,40.726251220703126,41.55193405151367,42.45006243387858,0
2022-06-27,36.869510650634766,37.50017481330112,36.38438551049484,37.06356144693296,5191981,Textiles,0.02013423172979878,-0.01546387508478586,-0.016539378870442212,0.0107817162406878,36.50081253051758,36.80158958435059,38.557742563883465,40.23870067596435,41.16965560913086,42.16545588175456,1
2022-06-28,37.35462951660156,38.03380533896369,36.28735586804,36.8695044579444,3841308,Textiles,0.013157724564441642,-0.005235789044892636,0.014230081014803497,-0.0026667934910388214,36.898614501953126,36.549324417114256,38.13083241780599,39.792385482788085,40.83006790161133,41.82263412475586,1
2022-06-29,37.83975601196289,39.00405693718849,36.86950585781,37.16058016381374,5060201,Textiles,0.012987051448220654,0.007894755032614054,0.025510242521823656,0.016042777872463443,37.08296203613281,36.4183406829834,37.76213709513346,39.39458293914795,40.573921813964844,41.47981224060059,1
2022-06-30,37.54868316650391,38.61595689710198,36.820995522584106,38.03380826245044,3753713,Textiles,-0.007692249531602524,0.023498774636651953,-0.009950248014238494,-0.0013157305501455552,37.15088043212891,36.4425968170166,37.49370142618815,39.00163173675537,40.34300231933594,41.183885955810545,0
2022-07-01,36.96653366088867,37.64570958745532,36.52992400207751,37.50017426825528,2633568,Textiles,-0.015503859430536782,-0.014030517020879096,-0.025125553983603943,-0.007905042120006534,37.31582260131836,36.59298591613769,37.17675298055013,38.61353187561035,40.044165496826174,40.84591547648112,0
2022-07-04,37.16058349609375,37.40314605638315,36.86950916398866,37.35463428456746,2563547,Textiles,0.005249338144203364,-0.0038810481958485576,-0.006443324716955301,0.009296081806571488,37.374037170410155,36.93742485046387,36.99240544637044,38.26181621551514,39.665767974853516,40.53705253601074,1
2022-07-05,37.83975601196289,39.00405693718849,36.96652939274104,37.01504486141717,6445144,Textiles,0.018276691374895515,-0.009090958314925568,0.04280150333857091,0.0026314488842487105,37.47106246948242,37.184838485717776,36.856570434570315,37.9658899307251,39.32812088012695,40.270233662923175,1
2022-07-06,37.64570617675781,38.56744458635949,37.354631863518,38.56744458635949,2470698,Textiles,-0.005128199958364665,0.04193969589269564,-0.011194024035297345,0.010498753254698956,37.43225250244141,37.25760726928711,36.7563112894694,37.67966594696045,39.00211685180664,40.05031026204427,0
2022-07-07,37.50017166137695,38.179343839518936,37.01504656201224,37.83975775044794,3202867,Textiles,-0.0038658994653343326,-0.01886790384263426,-0.010062910597344099,-0.00909084856588871,37.422550201416016,37.28671531677246,36.769247945149736,37.47591361999512,38.6858154296875,39.85626029968262,0
2022-07-08,37.64570617675781,38.03380772855137,37.54868263941478,37.93678048999763,2283528,Textiles,0.0038809026447939043,0.002564042301474334,-0.00381190707675072,0.01441673392220455,37.55838470458984,37.4371036529541,36.91478551228841,37.27216091156006,38.40250244140625,39.62986869812012,1
2022-07-11,37.54868316650391,38.03380826245044,37.30612061853064,37.985296493097934,2526820,Textiles,-0.0025772663102227034,0.0012788645339341098,1.4037486728568638e-08,-0.006459934246255572,37.63600463867188,37.50502090454102,37.170284779866535,37.153305244445804,38.136653900146484,39.32747408548991,0
2022-07-12,36.57843780517578,36.86951216094096,36.48141055244656,36.86951216094096,3687720,Textiles,-0.025839664124191142,-0.029374111437032502,-0.03061213574710475,-0.022106561937035862,37.383740997314455,37.42740173339844,37.251139322916664,36.988363075256345,37.84946014404297,39.00405756632487,0
2022-07-13,36.04479598999024,36.772483631501125,35.947768750395674,36.578432853522735,2681367,Textiles,-0.014588972280003443,-0.007894851066854836,-0.0026316738072444945,-0.014627773267804733,37.063558959960936,37.24790573120118,37.19292449951172,36.833123207092285,37.556444549560545,38.679023869832356,0
2022-07-14,35.026031494140625,36.04479718705824,34.68644539730866,36.04479718705824,5150597,Textiles,-0.028263844138070038,-0.014588806158028156,-0.01978888485572694,-0.03508766738333746,36.56873092651367,36.99564056396484,37.0473871866862,36.719118690490724,37.29447708129883,38.33296801249186,0
2022-07-15,35.1230583190918,35.60818342377204,34.68644498463741,35.46264441188364,3099717,Textiles,0.0027701346916051417,-0.016150812894117905,-0.012113086973977172,-1.1897190455023576e-08,36.06420135498047,36.811293029785155,36.979469553629556,36.70213947296143,37.03056900024414,38.01278559366862,1
2022-07-18,36.869510650634766,36.869510650634766,34.44388494993511,34.49239672370688,5343388,Textiles,0.04972381151084582,-0.027359710598784948,0.03542239748239062,-0.006992934410249618,35.92836685180664,36.78218574523926,36.979469553629556,36.859805297851565,36.90831756591797,37.76860605875651,1
2022-07-19,38.71298599243164,38.71298599243164,37.160583390273615,37.45165772154983,5396037,Textiles,0.0499999948267591,0.08579458892194136,0.0499999948267591,0.07887317137097871,36.35527648925781,36.86950874328613,37.07002665201823,37.027173614501955,36.86174575805664,37.60042953491211,1
2022-07-20,40.6049690246582,40.6049690246582,39.48918352541061,39.78025784255299,8958388,Textiles,0.04887205116640825,0.06217615621492967,0.04887205116640825,0.0626631748667994,37.267311096191406,37.165435028076175,37.254374186197914,37.21152114868164,36.91996078491211,37.50825564066569,1
2022-07-21,39.82876968383789,42.4484459452741,39.14959380847135,41.91480907934709,17487685,Textiles,-0.01911587077800625,0.053658557097404413,0.04540027895345533,-0.008599562883358614,38.22785873413086,37.398294830322264,37.40637995402018,37.342505073547365,37.02086669921875,37.45004069010417,0
2022-07-22,38.66446685791016,40.70199438630597,38.470419789576766,40.21686931305133,7529890,Textiles,-0.02923270879743467,-0.04050930455346835,-0.041142885683488006,-0.01734817536593758,38.93614044189454,37.5001708984375,37.51957550048828,37.4686372756958,37.14893966674805,37.3481642405192,0
2022-07-25,37.50017166137695,37.88826952014226,36.869507551718506,37.88826952014226,6213186,Textiles,-0.030112795834271622,-0.057901070687105594,-0.06912990158316112,-0.04161410888196271,39.06227264404297,37.4953197479248,37.542214711507164,37.50017032623291,37.30029876708984,37.2673100789388,0
2022-07-26,38.03380584716797,39.10107950999036,37.59719254830044,37.74273154832646,5097371,Textiles,0.014230179813833344,-0.0038412409344382725,0.032010171095392614,0.019736770163289563,38.92643661499024,37.64085655212402,37.5551513671875,37.53412914276123,37.40702621459961,37.2058609008789,1
2022-07-27,37.35462951660156,38.27636786829227,37.160578752896605,38.03380533896369,4262372,Textiles,-0.017857175095638667,0.007712048881902689,-0.02109178703077441,-0.01161293612130554,38.27636871337891,37.77183990478515,37.535746256510414,37.50987281799316,37.42449066162109,37.14602877298991,0
2022-07-28,36.7724838256836,37.64570677938139,36.3843822676774,37.40314423093021,7846599,Textiles,-0.01558429834404429,-0.016581593727288624,-0.016476513421570194,-0.020887631766464354,37.66511154174805,37.946485137939455,37.48723373413086,37.47106285095215,37.4070263671875,37.1282408396403,0
2022-07-29,38.5189323425293,38.56744411060239,37.20909239729188,37.83975648587404,8814503,Textiles,0.04749335196187898,0.011673143098562822,0.024484527189853056,0.02266659699063034,37.63600463867188,38.2860725402832,37.545448811848956,37.54868278503418,37.50211074829102,37.23011716206869,1
2022-08-01,38.421905517578125,39.44067116410137,38.082319436210845,39.00405784433579,10034196,Textiles,-0.0025189385855339808,0.030769261395653835,0.022641558797486416,0.023468109073859544,37.82035140991211,38.44131202697754,37.60366363525391,37.6117488861084,37.56420654296875,37.38697420756022,0
2022-08-02,39.24662399291992,39.92579991924061,38.42190904624086,39.24662399291992,11542522,Textiles,0.021464798901358106,0.006218997765622403,0.012300215509030377,0.008917251235152301,38.0629150390625,38.49467582702637,37.781542714436846,37.68209228515625,37.63988632202148,37.516341018676755,1
2022-08-03,38.95554733276367,39.24662165492957,38.03380889489597,39.24662165492957,6745057,Textiles,-0.007416603787596121,-5.9571757082821364e-08,-0.017011012069509945,-0.010101011661805104,38.38309860229492,38.32973365783691,37.97559280395508,37.74758434295654,37.68451797485351,37.5842586517334,0
2022-08-04,39.82876968383789,40.31389478035531,37.83975752835863,38.95554673083299,15628784,Textiles,0.02241586656747585,-0.007416559994789185,0.02719401264163812,-0.005102075552663843,38.99435577392578,38.32973365783691,38.29577534993489,37.86401424407959,37.77572143554688,37.67158126831055,1
2022-08-05,39.05257415771485,40.604973140642656,38.85852335954608,40.50794959216385,13208956,Textiles,-0.01948831290257036,0.03985062440677134,0.007220298655667978,0.026923159600691138,39.10108413696289,38.36854438781738,38.55774307250977,37.93435764312745,37.85916305541993,37.76860631306966,0
2022-08-08,38.56744384765625,39.63471754283041,38.42190484321858,39.39215500290804,6774038,Textiles,-0.012422492512257688,-0.02754507696611863,-0.02389499420308916,-0.011236106742595675,39.130191802978516,38.47527160644531,38.67093861897787,37.985295677185064,37.91543746948243,37.825204086303714,0
2022-08-10,36.91801834106445,37.3061198907346,33.95875605376428,34.929006226728966,18504476,Textiles,-0.042767301693810156,-0.11330044715374399,-0.05875146327407177,-0.1161615700123737,38.66447067260742,38.36369285583496,38.55127410888672,38.002274703979495,37.878567962646486,37.81065038045247,0
2022-08-11,36.23884582519531,37.1605843148457,35.947771486677034,36.4328966179445,9279904,Textiles,-0.018396776056467945,0.04305563065417828,-0.0039011180019566938,0.058571504496916615,38.12113037109375,38.25211448669434,38.26019922892253,38.01197719573975,37.822293548583986,37.75728670756022,0
2022-08-12,36.48140335083008,37.50016894671551,35.89925475421884,35.94776652040136,7253768,Textiles,0.00669330162458226,-0.013315715811193507,0.009138301728321974,-0.0013496450670433813,37.451657104492185,38.22300643920899,38.037041473388676,38.084745788574224,37.781542816162116,37.721710713704425,1
2022-08-16,36.141822814941406,36.86951052262479,35.9962837929203,36.48140893137589,11139472,Textiles,-0.00930831888847683,0.014844939272421032,-0.016817482208862256,0.00270281484576107,36.8695068359375,37.9852954864502,37.86886520385743,38.135684013366706,37.721387481689455,37.69422035217285,0
2022-08-17,36.91801834106445,37.74273320881085,36.33586971776991,36.481405022988206,12716702,Textiles,0.02147638015098008,-1.0713368248094213e-07,0.02368414100996019,0.009433916200993986,36.53962173461914,37.83490676879883,37.83005498250326,38.138109397888186,37.696160888671876,37.686134847005206,1
2022-08-18,37.31962203979492,37.71143060564779,37.074742620277725,37.4665511861306,7529834,Textiles,0.010878257197346919,0.02700406309794312,-0.0008293676822469509,0.0203345319169963,36.61994247436523,37.64220657348633,37.78244272867839,38.06844120025635,37.725808258056645,37.66879704793294,1
2022-08-19,37.61347961425781,38.88685182412021,37.02576677670055,37.61347961425781,20419832,Textiles,0.007874076917219197,0.003921589350385668,0.031168831295845356,-0.0013210029285648517,36.89486923217773,37.50799980163574,37.79969940185548,37.91886672973634,37.78855560302735,37.66772282918294,1
2022-08-22,36.82986068725586,37.66245289873096,36.7319104207591,37.61347776548258,7061753,Textiles,-0.02083346010627829,-4.915193307919452e-08,-0.03148619309495737,-0.007936536674950534,36.96456069946289,37.20810890197754,37.803524525960285,37.76892127990723,37.860708770751955,37.645379130045576,0
2022-08-23,36.14420318603516,37.31962139000106,35.80136976274231,36.584983144240695,10109231,Textiles,-0.018616890979931244,-0.027343778941539942,-0.009102739793707237,-0.025333304131409773,36.96503677368164,36.91727180480957,37.645209248860674,37.642908096313484,37.90155456542969,37.59532903035482,0
2022-08-24,35.801368713378906,36.43805666900145,35.75239357907638,36.14420212662306,8195894,Textiles,-0.009485185519007788,-0.012048140513822414,-0.02362201673449471,-0.0013679974813951556,36.74170684814453,36.64066429138184,37.470506795247395,37.55796794891358,37.85882888793946,37.53708521525065,0
2022-08-25,35.99727249145508,36.58498156811886,35.89932222419884,36.14420162890261,7408188,Textiles,0.005471963366667776,-1.3770409146296458e-08,0.004032182628510128,0.004109617018997147,36.477236938476565,36.5485897064209,37.253883361816406,37.456141281127934,37.750200347900396,37.51771303812663,1
2022-08-26,36.24215316772461,36.63396172362263,36.09522402512202,36.43805744567362,6662500,Textiles,0.0068027564123827045,0.008130095659272474,0.0013388049796492218,0.005456977702802623,36.202971649169925,36.548920440673825,37.07299041748047,37.40051746368409,37.575687713623054,37.524291610717775,1
2022-08-29,35.3605842590332,35.850343064485536,34.772875187115666,35.164683726102794,7479702,Textiles,-0.024324407675548554,-0.03494625698610121,-0.021390497294530908,-0.036635008473309694,35.90911636352539,36.43683853149414,36.77511138916016,37.32992248535156,37.396960296630866,37.53544336954753,0
2022-08-30,35.94829559326172,37.12371742545549,35.5564870703428,35.605462201566915,11468638,Textiles,0.016620521027685742,0.01253469187714984,0.03551916807823785,0.022535147841829417,35.8699348449707,36.41748580932617,36.56815948486328,37.20139064788818,37.288313446044924,37.562951278686526,1
2022-09-01,36.09522247314453,36.73191041496248,35.70341767065616,35.94829707342257,8224752,Textiles,0.004087172352904345,0.009628715670501053,-0.010554088805350914,0.004132314871901688,35.92870559692383,36.33520622253418,36.4033447265625,37.08505649566651,37.23211547851563,37.53714167277018,1
2022-09-02,38.93582534790039,39.47455929093606,36.24215189615885,36.48703130086263,52520012,Textiles,0.07869747518163428,0.014986362951761478,0.07466665482382262,0.01508915002121669,36.51641616821289,36.496826553344725,36.537865193684894,37.069516563415526,37.268196258544926,37.544569651285805,1
2022-09-05,40.11124801635742,41.0417905196064,39.18070551310845,39.42558492256538,44686003,Textiles,0.0301887184348697,0.08053693372508697,0.03970231097754651,0.08108110206505259,37.290235137939455,36.746603393554686,36.79602533976237,37.12730159759521,37.37846099853516,37.52811228434245,1
2022-09-06,39.376609802246094,40.84588625951973,38.98480125234782,40.503052844217926,15707677,Textiles,-0.018315017618293572,0.027329155008575468,-0.004773287364085221,-0.00500001871316702,38.093440246582034,37.00127830505371,36.9890391031901,37.10469360351563,37.482626037597655,37.51304028828939,0
2022-09-07,38.690948486328125,39.32763647503232,38.54401933922303,39.32763647503232,10852565,Textiles,-0.017412908814685712,-0.02902043887176775,-0.03717020056416476,-0.011306506611938882,38.641970825195315,37.25595283508301,37.15898081461589,37.08661231994629,37.48950668334961,37.513923009236656,0
2022-09-08,39.42558670043945,40.01329581501318,38.88685272265297,38.93582785944021,12928071,Textiles,0.018987340524125873,-0.009962678938025049,0.0174345422567197,0.008894593488361746,39.3080436706543,37.61837463378906,37.32615203857422,37.12951946258545,37.52965393066406,37.57810351053874,1
2022-09-09,38.88684844970703,39.81739089266888,38.690944187520905,39.76841202470008,8754279,Textiles,-0.01366468569829593,0.02138349718068233,-0.004895995652294927,-0.005037911824063324,39.298248291015625,37.907332229614255,37.430633799235025,37.22796096801758,37.51526290893555,37.60653826395671,0
2022-09-12,38.88684844970703,39.37660723689084,38.837873318301256,38.98479871251859,6472425,Textiles,0.0,-0.019704415446480272,-0.011070129054066125,0.0037975069842761666,39.053368377685544,38.1718017578125,37.51552505493164,37.360361099243164,37.512514953613284,37.65761222839355,0
2022-09-13,39.03377532958984,39.71943840505681,38.886849929780375,39.13172933269264,9102638,Textiles,0.0037783180108521552,0.00376892083649194,0.008706467931670403,0.001261052866559531,38.9848014831543,38.53912086486817,37.662452697753906,37.48797969818115,37.48071517944336,37.732988611857095,1
2022-09-14,38.592994689941406,39.18070375159002,38.34811529149397,38.49504068862458,8321063,Textiles,-0.011292288176754761,-0.016270393742505607,-0.013563501275441037,-0.013853902778425686,38.96521072387695,38.80359077453613,37.825705464680986,37.61053829193115,37.462332000732424,37.73545735677083,0
2022-09-15,38.641971588134766,39.52353522089237,38.44606731311199,38.88685099777242,7180094,Textiles,0.0012690618747481786,0.010178202234336853,0.0087500079497278,0.0025542851551754175,38.80848770141601,39.058265686035156,38.015078989664715,37.69673595428467,37.46531311035156,37.74279289245605,1
2022-09-16,37.31962203979492,38.78889855689808,37.02576748368697,38.73992342030733,9901113,Textiles,-0.034220550711907216,-0.0037783357020476638,-0.01858732170309385,-0.0369426557431175,38.495042419433595,38.89664535522461,38.1032356262207,37.69673595428467,37.48137725830078,37.67855949401856,0
2022-09-19,37.12371826171875,37.76040245510045,36.82985999462849,37.41757279224593,5621658,Textiles,-0.005249350539168751,-0.034134053743849924,-0.026515218014993902,-0.005291112173293699,38.142416381835936,38.597892379760744,38.16200663248698,37.672247886657715,37.51677215576172,37.61749852498372,0
2022-09-20,37.31962203979492,37.76040574223856,37.221671766613404,37.61348033246628,4357976,Textiles,0.0052770516330036266,0.005235709470202465,8.705251808294179e-08,0.010638426864562067,37.79958572387695,38.39219360351562,38.292609151204424,37.69673595428467,37.55030090332031,37.533860270182295,1
2022-09-21,36.87884140014648,37.66245478097238,36.68293712079917,37.31962135797376,5413913,Textiles,-0.011810962050430973,-0.007812597289458378,-0.0025940124143478682,-0.014473682138518629,37.45675506591797,38.21098289489746,38.354645538330075,37.73346786499023,37.57978164672851,37.46140251159668,0
2022-09-22,37.12371826171875,37.36859765991858,36.68293459764645,36.87883886351893,4215004,Textiles,0.006640036733130739,-0.011811011966782803,-0.007802388951085204,-6.878273428601034e-08,37.15310440063477,37.98079605102539,38.42321192423503,37.79958534240723,37.588009643554685,37.413278325398764,1
2022-09-23,36.87884140014648,37.80938018806036,36.633961985103184,37.80938018806036,5866403,Textiles,-0.006596237474002842,0.02523239215814721,0.011795533034266503,-0.0013350243943244244,37.06494827270508,37.779995346069335,38.28607966105143,37.84366378784179,37.57037841796875,37.41197242736816,0
2022-09-26,35.899322509765625,36.53600672512214,35.1646842898105,36.53600672512214,7272261,Textiles,-0.026560457248447134,-0.03367877115690798,-0.03367877115690798,-0.040106983129210794,36.82006912231445,37.4812427520752,38.00528462727865,37.82652225494384,37.50181213378906,37.40065498352051,0
2022-09-27,35.850345611572266,36.48703359852082,35.31161163461149,36.34010445182087,3976397,Textiles,-0.0013642847488287702,-0.005361896136464428,-0.0013404072034958192,0.0041782642946566195,36.526213836669925,37.162899780273435,37.77020034790039,37.851010322570794,37.46263153076171,37.37961972554525,0
2022-09-28,35.11570739746094,35.80137052202496,34.77287770346064,35.80137052202496,4614530,Textiles,-0.020491802842597773,-0.01482477659111181,-0.01879196549767348,-0.015256565934328448,36.173587036132815,36.81517105102539,37.53185094197591,37.80938091278075,37.42149169921875,37.345415878295896,0
2022-09-29,35.3605842590332,35.850343064485536,35.06672972307443,35.65444253155513,3560393,Textiles,0.006973428124360526,-0.00410397670054119,0.0013678957466292108,0.008450609757401528,35.820960235595706,36.48703231811523,37.260850779215495,37.77264900207519,37.40386032104492,37.293501408894855,1
2022-09-30,35.70341873168945,35.94829814173319,34.91980536686215,35.017755636254336,4812244,Textiles,0.009695384842762333,-0.017857154679597254,0.002732333051080005,-0.004189850532757333,35.5858757019043,36.32541198730469,37.048622131347656,37.61102867126464,37.392106170654294,37.23962796529134,1
2022-10-03,35.3605842590332,35.94829706751389,35.262633992568,35.65444253155513,3717347,Textiles,-0.009602286975167407,0.018181830438088298,-2.988234082401675e-08,0.009817598411679063,35.478128051757814,36.149098587036136,36.8135378519694,37.37349548339843,37.35684341430664,37.16453145345052,0
2022-10-04,35.94829559326172,36.242150117169416,35.605462201566915,35.75239133180226,3790742,Textiles,0.016620521027685742,0.002747169589327969,0.008174324616925466,0.009722138427639138,35.497718048095706,36.011965942382815,36.60783920288086,37.20207977294921,37.38035186767578,37.13514595031738,1
2022-10-06,36.5849838256836,36.87884211871191,36.144203859267954,36.43805841573285,3836729,Textiles,0.01771122168421324,0.019178216012663674,0.017567721547537607,0.01513087106273625,35.79157333374023,35.98258018493652,36.47397181193034,37.09678153991699,37.40581939697265,37.14983863830567,1
2022-10-07,37.417572021484375,37.907330807795525,36.340100449662046,36.78088410465468,7714995,Textiles,0.022757648322814683,0.009408451048912525,0.02788831291863625,0.005419861816761573,36.20297088623047,36.01196556091308,36.39234517415365,36.99638080596924,37.45871337890625,37.20371208190918,1
2022-10-10,36.5849838256836,37.17269667517681,36.487033552383096,37.17269667517681,5172415,Textiles,-0.022251261929093658,0.010652614260366455,-0.019379737822839305,0.004043277286054359,36.3792839050293,35.9825798034668,36.34336929321289,36.881287574768066,37.36467971801758,37.2233024597168,0
2022-10-11,36.04624938964844,36.927816784362506,35.89932398157167,36.6339622316456,4856379,Textiles,-0.014725561684052368,-0.014492745797777151,-0.006587627821411979,-0.016107354136303598,36.51641693115234,35.99727249145508,36.27153803507487,36.739257621765134,37.20207977294922,37.21677233378092,0
2022-10-12,35.801368713378906,36.34010266383317,35.458539036697985,36.24215239522811,4973461,Textiles,-0.006793513345104252,-0.010695262334441957,-0.015915214375148423,-0.012278363378094626,36.48703155517578,35.99237480163574,36.17032114664713,36.57763729095459,37.059070129394534,37.23146514892578,0
2022-10-13,35.311607360839844,35.948295270729915,35.26263223005514,35.85034127259754,3087786,Textiles,-0.013679961692527165,-0.010810923102960057,-0.010781680963526719,-0.005524954269551019,36.232356262207034,36.01196479797363,36.06583887736003,36.41356792449951,36.923896484375,37.21024220784505,0
2022-10-14,35.45853805541992,36.19317625931717,35.31160892001522,36.19317625931717,2887595,Textiles,0.004160974409310514,0.009562949041762137,0.006812033414742791,0.0013889119122063587,35.84054946899414,36.02176017761231,35.95482686360677,36.25439624786377,36.76521453857422,37.1890193939209,1
2022-10-17,35.11570739746094,35.556491101578054,35.06673226068424,35.50751596480136,3779833,Textiles,-0.009668493873694284,-0.018944463166293835,-0.017591303763377586,-0.006934735256205693,35.54669418334961,35.962989044189456,35.837284596761066,36.14420051574707,36.61436889648437,37.06168212890625,0
2022-10-18,34.87082290649414,35.40956054239095,34.82184777683885,35.311606546517496,5397993,Textiles,-0.006973645388801186,-0.005517407032304522,-0.0041323132467530055,-0.006983384765507417,35.31160888671875,35.91401290893555,35.76871795654297,36.03155574798584,36.453727874755856,36.887001291910806,0
2022-10-19,34.33209228515625,34.82185110159661,34.283117150824864,34.82185110159661,5938026,Textiles,-0.015449323429575834,-0.013869531658824763,-0.016597479092991252,-0.015471052239000138,35.01775360107422,35.752392578125,35.667501068115236,35.882179260253906,36.26566055297852,36.718850708007814,0
2022-10-20,34.47902297973633,34.77287753554089,33.59745557575923,34.28311869701215,6259128,Textiles,0.00427968949167723,-0.015471101838114398,-0.0014064032929447245,-0.019999977599736485,34.851236724853514,35.54179649353027,35.62505544026693,35.7621883392334,36.10110168457031,36.57845319112142,1
2022-10-21,34.38106918334961,35.01775717201156,34.28311890966166,34.72390261438428,3864444,Textiles,-0.0028409678674563565,0.012857170937909501,0.007042259767555237,0.020408192291714533,34.63574295043945,35.238146209716795,35.55975443522136,35.62505588531494,35.93066558837891,36.410302607218426,0
2022-10-24,35.11570739746094,35.26263654435445,34.91980685035415,35.06673226068424,1987879,Textiles,0.02136752089336147,0.00987301600592394,0.006993005609697178,0.01857147076875365,34.63574295043945,35.09121856689453,35.52057367960612,35.53689918518067,35.842509002685546,36.284597905476886,1
2022-10-25,34.625946044921875,35.213658853301865,34.52799577847345,34.96877945061766,3295584,Textiles,-0.013947073513161712,-0.002793325860488083,-0.001388940131886618,-0.011220310397470623,34.586767578125,34.949188232421875,35.471597798665364,35.473230361938484,35.742598114013674,36.142567825317386,0
2022-10-27,35.11570739746094,35.60546623835475,34.968781987130846,35.164686270801056,4542565,Textiles,0.014144345743035247,0.005602335090364008,0.011126574113900833,0.01276605255298957,34.743490600585936,34.88062210083008,35.41609191894531,35.436498451232914,35.65444152832031,36.01196556091308,1
2022-10-28,34.57696914672852,35.21365705583321,34.52799401600422,35.16468192510892,4270926,Textiles,-0.01534180259092166,-1.2358114331867398e-07,-0.011004186264508942,-0.012605185141674191,34.76307983398438,34.80715827941894,35.28222427368164,35.409561538696295,35.56236663818359,35.87809804280599,0
2022-10-31,34.52799606323242,34.87082573519243,34.430045795976184,34.87082573519243,3011372,Textiles,-0.0014163498046425582,-0.008356571816640401,-0.009735748834527436,-0.002836777021643311,34.79246520996094,34.714104080200194,35.089585876464845,35.367932128906254,35.45853775024414,35.74096552530924,0
2022-11-01,34.47902297973633,34.77287753554089,34.381068970092535,34.52799811627652,3683857,Textiles,-0.0014183586967053685,-0.00983135935808721,-0.002808886729421145,-0.0014225024902341232,34.66512832641602,34.65043563842774,34.949188486735025,35.3067123413086,35.36254501342774,35.646278889973956,0
2022-11-02,34.52799606323242,34.72390033430808,34.430045795976184,34.4790209296043,3548363,Textiles,0.001420373295521582,-0.0014184774485703766,-0.001408488589497825,0.0014245288861218786,34.645538330078125,34.616152954101565,34.84797159830729,35.26508293151856,35.30769195556641,35.55975481669108,1
2022-11-03,34.47902297973633,34.87082780862128,34.381068970092535,34.47902297973633,2953524,Textiles,-0.0014183586967053685,5.9460273815759024e-08,0.004231306762738196,-0.0014225024902341232,34.518201446533205,34.63084602355957,34.75981521606445,35.19161930084229,35.25283905029298,35.4650681813558,0
2022-11-04,34.6749267578125,34.82185216529478,34.52799761376688,34.52799761376688,3159887,Textiles,0.005681825096706117,0.0014204182658925646,-0.0014044875445827776,0.004273533315737099,34.53779296875,34.65043640136719,34.717369842529294,35.09611644744873,35.23520782470703,35.39160435994466,1
2022-11-07,36.5849838256836,36.92781725536216,34.919806760194696,35.26263645330984,13049536,Textiles,0.055084674906797026,0.02127661290297489,0.06047826175559634,0.011347578009319514,34.94919052124024,34.87082786560059,34.792466227213545,35.05448703765869,35.284183807373054,35.37364654541015,1
2022-11-09,38.00528335571289,38.39709190294669,36.87884032140136,37.025765724191615,19586648,Textiles,0.03882192586982103,0.04999992763491412,0.039787746928670265,0.056100927896307384,35.654442596435544,35.159785461425784,34.98510462443034,35.125502014160155,35.37625839233399,35.4111946105957,1
2022-11-10,37.02576446533203,38.44606573006092,36.780885065777504,38.29913659570296,8501087,Textiles,-0.02577322950635541,0.03439147973324319,0.0012754566735944106,-0.0026561370902711268,36.153996276855466,35.399767303466795,35.12876739501953,35.17447776794434,35.44286560058594,35.44874267578125,0
2022-11-11,36.48703384399414,37.95631037462478,36.14420414813903,37.95631037462478,6754328,Textiles,-0.01455015525317016,-0.008951278058749956,-0.012738763931655184,-0.017310103237044405,36.555598449707034,35.536899948120116,35.272430165608725,35.208761024475095,35.46441513061524,35.46996561686198,0
2022-11-14,34.723899841308594,35.06672950840122,30.365045752154444,30.365045752154444,36306805,Textiles,-0.04832220701260881,-0.20000006711783502,-0.07612912945709693,-0.15989170413874343,36.56539306640625,35.55159301757813,35.28875528971354,35.179375648498535,35.38997177124023,35.456905364990234,0
2022-11-15,34.919803619384766,35.60546294394445,34.479019956051346,34.67492422159543,10506533,Textiles,0.00564175622471752,0.14193551706192298,0.0153630932537967,0.13548387963831776,36.232357025146484,35.59077377319336,35.32467091878255,35.152438926696775,35.29006103515625,35.442212677001955,1
2022-11-16,34.38106918334961,35.21366145595088,34.28311890966166,35.21366145595088,7725498,Textiles,-0.015427762478483542,0.015536796300189781,-0.01100397117741203,-0.005681746367483531,35.50751419067383,35.58097839355469,35.2756950378418,35.11570701599121,35.20190444946289,35.39813435872396,0
2022-11-17,34.28311538696289,34.57696991439568,34.136186254964976,34.57696991439568,5304477,Textiles,-0.0028490619609397028,-0.01808081054995203,-0.01808081054995203,-0.0042858601950382935,34.958984375,35.55649032592773,35.25283966064453,35.086321640014646,35.13137908935547,35.36221872965495,0
2022-11-18,34.038238525390625,34.52799735309409,33.84233424699658,34.28311793924236,5024993,Textiles,-0.007142783227494731,-0.008498488325634934,-0.0014163346708181423,-0.008608226055880963,34.469225311279295,35.51241188049316,35.181008402506514,35.071628952026366,35.06085388183594,35.29855016072591,0
2022-11-21,33.49950408935547,34.08721317967828,33.40155008325949,34.08721317967828,5801780,Textiles,-0.015827330066839118,-0.005714321547744539,-0.012765993026129241,-0.01302463832784262,34.22434616088867,35.39486961364746,35.10917739868164,35.02265300750732,34.98836975097656,35.19570083618164,0
2022-11-22,33.3036003112793,33.6464299963289,33.20565004028322,33.6464299963289,4012152,Textiles,-0.005847960541553787,-0.012931041943087362,-0.012931041943087362,-0.005864998555095591,33.90110549926758,35.06673126220703,35.0275510152181,34.96877956390381,34.902172241210934,35.05856844584147,0
2022-11-23,33.352577209472656,33.597456636468145,33.303602071386265,33.450531222208966,3298831,Textiles,0.0014706187239694746,-0.005822275175740965,-0.0014555291561718642,0.0029498603696724857,33.69540710449219,34.60146064758301,34.95245463053386,34.8806230545044,34.831647033691404,34.95082155863444,1
2022-11-24,33.54847717285156,33.79335656827384,33.40154804097298,33.499502041079715,3561179,Textiles,0.005873607971838224,0.0014639773146034596,0.0058307964774053644,0.002941002278875837,33.54847946166992,34.253731918334964,34.88715337117513,34.826749610900876,34.778753204345705,34.867562484741214,1
2022-11-25,34.18516540527344,34.52799506734525,33.499502344566736,33.64642774121334,5214416,Textiles,0.01897815597237007,0.004385906989108346,0.02173913969117547,0.002932627657664,33.57786483764649,34.02354507446289,34.86756286621094,34.780222511291505,34.77287612915039,34.81368904113769,1
2022-11-28,34.43004608154297,35.06673029711561,34.18516667480814,34.28311694287678,6059313,Textiles,0.007163360872074476,0.018922936085828956,0.015602852952208313,0.02046789600600163,33.763973236083984,33.99415969848633,34.85123748779297,34.77287635803223,34.770917053222654,34.78430366516113,1
2022-11-29,34.43004608154297,34.72390062231213,34.38106721094543,34.43004608154297,3718095,Textiles,0.0,0.004285757882254604,-0.0097764938988818,0.005730571332321688,33.989262390136716,33.94518394470215,34.70757497151693,34.76797885894776,34.77287612915039,34.750020599365236,0
2022-11-30,34.625946044921875,34.77287518115766,34.33209150901345,34.576970911697664,4553183,Textiles,0.005689796723331142,0.004267343407171831,0.0014103991189877707,-0.0014244962680037832,34.243936157226564,33.969671630859374,34.482285817464195,34.775325012207034,34.75328567504883,34.73369522094727,1
2022-12-01,35.3605842590332,35.9972722007465,34.38106664812854,34.772875187115666,15159262,Textiles,0.02121640844580086,0.0056657442873842,0.03521126778300765,0.0014265119589997877,34.60635757446289,34.07741851806641,34.371273803710935,34.81695442199707,34.78267120361328,34.750020599365236,1
2022-12-02,36.780887603759766,37.123721028730415,35.85034507392995,35.85034507392995,28741276,Textiles,0.04016628612022255,0.030985930298151443,0.03129261633220515,0.04273510303908479,35.125502014160155,34.35168342590332,34.39086405436198,34.93204765319824,34.849278411865235,34.831647109985354,1
2022-12-05,36.92781829833984,37.90733600526364,36.633963733575406,37.0747437124403,14125112,Textiles,0.003994756629120966,0.034153050297993426,0.021108201301447638,0.02185805068345892,35.625056457519534,34.69451484680176,34.5377919514974,35.04469223022461,34.943312377929686,34.913273620605466,1
2022-12-06,36.14420318603516,36.87884143179552,35.948298906519724,36.87884143179552,6038813,Textiles,-0.02122018436003581,-0.0052839820597072595,-0.027131808294977633,-0.018716643168679603,35.96788787841797,34.97857513427734,34.61941858927409,35.02265319824219,35.007960662841796,34.97204475402832,0
2022-12-07,35.556488037109375,36.38908023680918,35.36058377032335,36.34010136769035,5614279,Textiles,-0.01626028787799816,-0.014608378224178376,-0.013280276059976504,-0.01634889978312104,36.153996276855466,35.19896621704102,34.69777984619141,34.900213432312015,35.05105926513672,34.986737442016604,0
2022-12-08,36.14420318603516,36.38908260128861,35.45854007601282,35.55649034748886,4809602,Textiles,0.016529055071817123,-0.021563259063943963,6.49777189831724e-08,0.002770211779469456,36.31072006225586,35.45853881835937,34.821852366129555,34.85613536834717,35.115707550048825,35.037346013387044,1
2022-12-09,35.50751495361328,36.58498287827002,35.26263554014009,36.34010346479682,4409788,Textiles,-0.017615223916953693,0.022038539508534516,0.005383490403643165,-0.005524890067463706,36.05604553222656,35.59077377319336,34.919804128011066,34.807159423828125,35.15684722900391,35.050406265258786,0
2022-12-12,35.850345611572266,36.34010445182087,35.507515918023614,35.75239533814791,5575973,Textiles,0.00965515774356085,-0.01617243955340486,-0.006693413722891117,0.006944471793799201,35.84055099487305,35.73280372619629,35.07652689615885,34.86348171234131,35.2038639831543,35.092852147420246,1
2022-12-13,35.556488037109375,36.14420083746743,35.45853777199791,35.89932143812568,4098135,Textiles,-0.008196784980729288,0.0041095456287092436,-0.005390837954612038,-0.0013793740496739204,35.72300796508789,35.84544792175293,35.22671941121419,34.895315933227536,35.16272415161133,35.12713521321614,0
2022-12-14,35.45853805541992,35.8993217250709,35.40956292247273,35.703417456719,4674220,Textiles,-0.002754770988271593,-0.00545703856114188,-0.006775059531616168,-0.001381186382814037,35.70341796875,35.928707122802734,35.36711680094401,34.94918937683106,35.06085433959961,35.159785715738934,0
2022-12-15,35.556488037109375,35.948296570681414,35.36058377032335,35.6054631696651,5124882,Textiles,0.0027623807145225054,-0.0027435549320354857,0.001364227602559831,-0.001383218207369974,35.58587493896484,35.94829750061035,35.50098419189453,35.01285800933838,35.0020832824707,35.19406878153483,1
2022-12-16,35.26263427734375,35.850343354007535,35.06673000626809,35.507513682047524,4775416,Textiles,-0.00826442025036156,-0.002750967938566995,-0.0027248361123671794,-0.008310206810043796,35.53689880371094,35.79647216796875,35.57281545003255,35.07407779693604,34.953107299804685,35.22018915812175,0
2022-12-19,34.28311538696289,35.45853723325708,34.185165123339644,35.45853723325708,12250034,Textiles,-0.027777813837640664,-0.0013793263372084974,-0.01092893635303649,-0.02513963756446258,35.223452758789065,35.53200187683105,35.56302007039388,35.113258361816406,34.93547592163086,35.20712877909342,0
2022-12-20,33.89130783081055,34.77287517494136,33.69540729794872,34.2831163696605,8308828,Textiles,-0.011428586688517206,-0.03314916393376033,-0.01933700913281411,-0.01432661868456342,34.8904167175293,35.3067123413086,35.527104187011716,35.142643737792966,34.89433609008789,35.117339579264325,0
2022-12-21,33.352577209472656,34.332094917454604,33.303602071386265,34.08721549045912,7718138,Textiles,-0.015895834531594266,-0.005714208623540995,-0.01267597963266498,-0.01162785251704923,34.469224548339845,35.08632125854492,35.442212931315105,35.142643737792966,34.853196411132814,34.96224937438965,0
2022-12-22,32.32408142089844,33.793357849121094,31.883297745119,33.35257417334166,10882212,Textiles,-0.03083707091403154,-0.021551813679914322,-0.015691936936234385,-0.04264716841207883,33.82274322509765,34.70430908203125,35.23977940877278,35.081423950195315,34.77483505249023,34.80552660624186,0
2022-12-23,30.46299934387207,31.83432368270133,30.3650472050382,31.44251512736584,15696770,Textiles,-0.057575714303922165,-0.057268714434117296,-0.057970982793907666,-0.04761899324900376,32.86281623840332,34.199857521057126,34.818586858113605,34.895315647125244,34.63182548522949,34.604725456237794,0
2022-12-26,32.813838958740234,33.20564748570862,29.87528621616648,30.07119047965067,13698710,Textiles,0.07717032680634772,-0.043613707178330796,0.0430768945078126,-0.016129103490754915,32.568960952758786,33.896206855773926,34.544321568806964,34.81450529098511,34.60439888000488,34.54105676015218,1
2022-12-27,34.038238525390625,34.430047082178724,32.91179172704734,33.30360028383543,8534068,Textiles,0.03731351178354769,0.10749191344360476,0.03687323359669703,0.10163937807691048,32.5983470916748,33.74438190460205,34.403923924763994,34.79491491317749,34.63378440856933,34.511671257019046,1
2022-12-28,33.64643096923828,34.23414382189885,33.20565100044715,34.23414382189885,5133907,Textiles,-0.011510805879689556,0.02794122948067801,-0.005689892314474254,0.008928692665441051,32.65711784362793,33.563171195983884,34.27658678690592,34.74593915939331,34.64553855895996,34.487183316548666,0
2022-12-29,33.15666961669922,33.59745328868234,32.9117902141045,33.59745328868234,3104013,Textiles,-0.014556116010843279,-0.018598114693005208,-0.018598114693005208,-0.00884972218550062,32.823635482788085,33.32318935394287,34.07741788228353,34.63574342727661,34.62986625671387,34.449635124206544,0
2022-12-30,33.54847717285156,33.940285700152415,33.40154804097298,33.40154804097298,3106344,Textiles,0.011816854970108759,-0.005830955281820316,0.010204119000458922,0.014880923331195728,33.440731048583984,33.151773643493655,33.94681536356608,34.4741229057312,34.60439872741699,34.43330974578858,1
2023-01-02,33.69540786743164,33.94028727421076,33.548478728738885,33.74438300147482,3501501,Textiles,0.004379653175405007,0.010264044052128662,4.637728623357873e-08,0.004398918504785021,33.617044830322264,33.09300289154053,33.803152847290036,34.31250238418579,34.57501319885254,34.439839871724445,1
2023-01-03,33.69540786743164,33.89130840360436,33.59745386278207,33.793358135518005,3504197,Textiles,0.0,0.001451356631444245,-0.0014430894532708738,0.0014598317389942217,33.54847869873047,33.07341289520264,33.67908083597819,34.19006261825562,34.545627670288084,34.452900123596194,0
2023-01-04,33.3036003112793,33.891309410382426,32.96077062622969,33.891309410382426,3466977,Textiles,-0.01162792145724545,0.002898536288451048,2.9706084259117915e-08,-0.018950341866758924,33.47991256713867,33.0685152053833,33.535418319702146,34.07741823196411,34.492733840942385,34.45126756032308,0
2023-01-05,33.352577209472656,33.695410649204455,33.20565179521348,33.54848149838175,2393512,Textiles,0.0014706187239694746,-0.010115510966231867,-0.005780206329766613,0.007429473411307841,33.51909408569336,33.17136478424072,33.38849093119303,33.93783693313598,34.41241355895996,34.44473756154378,1
2023-01-06,33.00974655151367,33.303601108095954,32.91179254161064,33.303601108095954,2798924,Textiles,-0.010278985513047956,-0.007299298786372921,-0.011627979406084177,-0.008849675814681657,33.41134796142578,33.42603950500488,33.238298416137695,33.812948513031,34.26156791687012,34.40555693308512,0
2023-01-09,32.862815856933594,33.69540808735467,32.51998617983054,33.401549808051215,4208302,Textiles,-0.004451130648664092,0.002941084348126344,0.01176470310183575,-0.011904740870152697,33.24482955932617,33.43093719482422,33.14361178080241,33.663572025299075,34.09896781921387,34.353315925598146,0
2023-01-10,33.00974655151367,33.69540967458127,32.81384226827102,33.05872168818348,4101879,Textiles,0.00447103179531938,-0.010263838709217543,4.710513068495459e-08,0.009036168921336518,33.107697296142575,33.328087997436526,33.08484102884928,33.53623495101929,33.97358955383301,34.3059726079305,1
2023-01-11,33.05872344970703,33.401553161226694,32.960773171148155,33.107698588986466,3017162,Textiles,0.00148371021622129,0.0014815122394913338,-0.008720965739622777,0.004477711012197183,33.058721923828124,33.2693172454834,33.06525077819824,33.416244220733645,33.87367897033691,34.25373185475667,1
2023-01-12,32.96076965332031,33.254624194198115,32.91179078270467,33.20564906014569,2165548,Textiles,-0.0029630241632209176,0.0029585406214795995,-0.004398866313771843,-0.0014860812939412327,32.980360412597655,33.24972724914551,33.1076966603597,33.28645830154419,33.74634162902832,34.17373803456624,0
2023-01-13,33.05872344970703,33.20565260410895,32.86281915602567,33.05872344970703,2341747,Textiles,0.0029718297666283533,-0.004424717317602522,-0.001472624973994141,-0.0014879660302390407,32.99015579223633,33.200751876831056,33.28074493408203,33.17626276016235,33.64838996887207,34.04966589609782,1
2023-01-16,32.96076965332031,33.40154959635541,32.86281564865224,33.20564906014569,3024015,Textiles,-0.0029630241632209176,0.004444382453611118,0.0058995073694838585,-1.0672771011410731e-07,33.00974655151367,33.127288055419925,33.290540313720705,33.11014547348022,33.532806930541994,33.91743094126384,0
2023-01-17,32.862815856933594,33.10769526531099,32.81384072257076,32.91179099129643,2511102,Textiles,-0.0029718297666283533,-0.008849640864329822,-0.008797625696877365,-0.0014902839307832094,32.980360412597655,33.04402885437012,33.212178802490236,33.058720874786374,33.42506004333496,33.808051363627115,0
2023-01-18,32.71589279174805,33.00974735548735,32.66691391732191,33.00974735548735,2349419,Textiles,-0.004470799636439149,0.002976330404408145,-0.0029584635547332816,-0.004477586348122675,32.91179428100586,32.98525810241699,33.150142923990884,33.02688665390015,33.31535423278809,33.713364855448404,0
2023-01-19,32.71589279174805,33.10769763121261,32.61793877945928,32.71589279174805,2401766,Textiles,0.0,-0.0089020543106475,0.002967313704961727,-0.001499227566662098,32.86281890869141,32.92158966064453,33.120757802327475,33.046477222442626,33.20173042297363,33.5990878423055,0
2023-01-20,32.17715072631836,33.0097429039579,32.07920046380218,32.86281377362062,3077446,Textiles,-0.016467289120276618,0.004490813770780866,-0.0029586692601167863,-0.016516626611500107,32.68650436401367,32.838330078125,33.029336039225264,33.13218479156494,33.078311080932615,33.48807570139567,0
2023-01-23,32.17715072631836,32.422030119171815,32.03022533254409,32.37305498791372,2622277,Textiles,0.0,-0.014903129996130748,-0.017804221817056876,-0.0015266942613907375,32.529780578613284,32.76976356506348,32.92811889648438,33.10035037994385,32.99407249450684,33.36563587188721,0
2023-01-24,32.226131439208984,32.519985980144824,32.12817743452156,32.27510657327109,2265973,Textiles,0.0015222203266918033,-0.0030256154286086856,0.003021274750931946,0.003058114670144052,32.40244369506836,32.69140205383301,32.83016713460287,33.009745025634764,32.92746543884277,33.25462398529053,1
2023-01-25,31.88329696655273,32.32408063156856,31.78534670168837,32.2261303667042,2278518,Textiles,-0.010638399874430271,-0.0015174607233505721,-0.006024152307318675,-0.010670718360289655,32.235924530029294,32.57385940551758,32.735480244954424,32.92158832550049,32.86869422912598,33.13544928232829,0
2023-01-27,31.393539428710938,32.0792025199617,31.0996848857644,32.03022738556448,4028723,Textiles,-0.015360943956190476,-0.006079010384136052,-0.0075757177566161404,-0.021571632436765187,31.971453857421874,32.41713638305664,32.60487772623698,32.833431816101076,32.83147254943847,32.996684328715006,0
2023-01-30,31.14866065979004,31.834323765120686,30.65890183263433,30.85480611080928,3719175,Textiles,-0.007800291823640171,-0.03669725040056826,-0.00763356740831167,-0.014173232132388414,31.76575584411621,32.22613010406494,32.4808053334554,32.713440990448,32.8588990020752,32.85955187479655,0
2023-01-31,33.744384765625,33.89131017543578,31.39354084301852,31.442515979622108,20524519,Textiles,0.08333340987549409,0.019047595590203192,0.06461536376559796,0.02396168702957957,32.07920265197754,32.30449161529541,32.539576594034834,32.715889835357665,32.89612083435058,32.84159418741862,1
2023-02-01,32.275108337402344,34.28311883621056,31.834324633624096,34.28311883621056,7928425,Textiles,-0.043541360686456754,0.09034273397298898,0.011560741049744472,0.014040588565962908,32.088998031616214,32.245720863342285,32.490600713094075,32.6448748588562,32.82559562683105,32.78772087097168,0
2023-02-02,32.42203140258789,33.49950301573226,31.73637206470701,32.42203140258789,5470052,Textiles,0.004552209822183073,-0.05428582628418721,-0.02285719173398637,-0.00307694823258875,32.19674491882324,32.21633472442627,32.448154576619466,32.600796413421634,32.77661964416504,32.75670267740885,1
2023-02-03,32.03022384643555,32.81383711989663,31.834319593929568,32.764861990910845,4029668,Textiles,-0.012084608496217508,0.010574000871999223,-0.02046794233077487,0.003086286265577387,32.32408180236816,32.14776782989502,32.386118189493814,32.53467874526977,32.73156181335449,32.74690742492676,0
2023-02-06,31.736371994018555,32.42203133037222,31.638417991280072,32.177151928370726,4026006,Textiles,-0.009174205395061419,-0.017937205494811814,-0.011940261301743416,-0.006153786389920257,32.441624069213866,32.103689956665036,32.29796142578125,32.47101001739502,32.65907760620117,32.78935317993164,0
2023-02-07,31.442514419555664,31.88329810024468,31.344564151208427,31.78534783189744,3920532,Textiles,-0.009259331045094688,-0.012176469109058452,-0.01661627011083877,-0.009287880328044062,31.98125,32.03022632598877,32.19674441019694,32.399994945526124,32.56896186828613,32.74364236195882,0
2023-02-08,31.442514419555664,31.63841869281336,31.24661201457958,31.540468424466123,4065050,Textiles,0.0,-0.0077041600653988684,-0.007680491731482442,-0.003125011920928955,31.814731216430665,31.951864624023436,32.10205764770508,32.32163333892822,32.478846130371096,32.657118225097655,0
2023-02-09,31.393539428710938,31.54046856846583,31.14866002016161,31.442514563108155,2376623,Textiles,-0.001557604146768421,-0.0031056565184677254,-0.0030959235130730844,-0.0031348036827885117,31.609032821655273,31.90288887023926,32.01390075683594,32.23837413787842,32.40244369506836,32.58202184041341,0
2023-02-10,31.393539428710938,31.883298245809588,31.19763702284045,31.246612157237667,3830359,Textiles,0.0,-0.006230494239806816,0.010869517572307696,0.0015723630694590707,31.481695938110352,31.90288887023926,31.925743865966798,32.16001262664795,32.32408218383789,32.523250834147134,0
2023-02-13,31.1976375579834,31.638419379964084,31.09968541922714,31.491493974252176,3259539,Textiles,-0.0062401970052595734,0.007837067768570405,-0.0076804747099114,-0.0031397122654385212,31.37394905090332,31.907786560058593,31.8604429880778,32.066958332061766,32.25159782409668,32.44488951365153,0
2023-02-14,30.903779983520508,31.344563657263407,30.854804850118665,31.295588523861568,2889881,Textiles,-0.009419225219112537,-0.0062209004930278144,-0.009287939424899583,-0.007874052930357922,31.26620216369629,31.623726081848144,31.77555160522461,31.964108848571776,32.17323638916016,32.35183525085449,0
2023-02-15,31.09968376159668,31.295588028667392,30.756852228363712,30.85480436189907,2569334,Textiles,0.006339152627304445,-0.0140845461853647,-0.0015624919565491169,-0.003174631057651145,31.19763603210449,31.506183624267578,31.700455093383788,31.87595224380493,32.096833877563476,32.26531111399333,1
2023-02-16,31.14866065979004,31.393540073367888,31.050710388984225,31.29558980256208,2856529,Textiles,0.0015748358912202054,0.014285795997699191,0.0031298994801045588,0.009554233913102506,31.148660278320314,31.37884654998779,31.65147933959961,31.79759063720703,32.0204313659668,32.19347979227702,1
2023-02-17,31.05070877075196,31.442513570119303,30.903779635637243,31.09968390360248,2310776,Textiles,-0.0031446581317868816,-0.0062598564269130685,0.0015599864378774697,-0.004731961089016079,31.080094146728516,31.280895042419438,31.628623962402347,31.714331436157227,31.94402893066406,32.11675084431966,0
2023-02-20,31.295589447021484,31.83432340345969,30.85480576027631,31.197637309046826,5061329,Textiles,0.007886476217901617,0.003149659197436483,0.01246114858045999,-0.0015847212198102367,31.099684524536134,31.236816787719725,31.638419214884443,31.670253372192384,31.87350357055664,32.05961227416992,1
2023-02-21,30.903779983520508,31.344563657263407,30.70787758163156,31.246611522178146,3546372,Textiles,-0.012519638403496125,0.0015698051953798586,-0.015384644428882543,-0.004761922009371755,31.099684524536134,31.18294334411621,31.44904556274414,31.60658483505249,31.79122398376465,31.994311078389487,0
2023-02-22,30.5119743347168,30.90378101991598,30.46299919967252,30.80583074982741,2931630,Textiles,-0.012678243535665823,-0.01410651430277099,-0.01406249077725752,-0.007974448292887515,30.982142639160156,31.089889335632325,31.331503295898436,31.520876979827882,31.697190322875976,31.911052004496256,0
2023-02-23,30.46299934387207,30.8058308956498,30.414022340314308,30.51197447914818,2552697,Textiles,-0.0016051072378167053,-0.009538982183782796,-0.003169519101984708,-0.0016077490938166683,30.845010375976564,30.99683532714844,31.200901158650716,31.44986209869385,31.607074584960937,31.82452786763509,0
2023-02-24,30.120166778564453,30.658900721600123,30.07119164493633,30.511973452434177,2644282,Textiles,-0.011254064691321397,-3.364954315188129e-08,-0.004769557248671008,-0.011272126111499192,30.658901977539063,30.86949806213379,31.07356402079264,31.386193466186523,31.503245544433593,31.72984110514323,0
2023-02-27,29.238601684570312,30.16914231386494,28.99372227660621,30.12016717958476,4814309,Textiles,-0.029268267353071975,-0.0128410662607652,-0.015974428182616962,-0.03583061759082484,30.247504425048827,30.67359447479248,30.90704600016276,31.29069051742554,31.38570358276367,31.602503712972005,0
2023-02-28,29.67938232421875,30.071190856091924,28.74884173172382,29.28757566062712,6149985,Textiles,0.015075298210346588,-0.02764232728170135,-0.0032467432038331134,-0.008445985049666094,30.002624893188475,30.551154708862306,30.789503860473634,31.087440395355223,31.285792846679687,31.493124135335286,1
2023-03-01,30.5119743347168,30.952758023241906,29.728360964318423,29.87528823773292,4086242,Textiles,0.028052875272227107,0.02006695890148036,0.029316004523026518,0.03407160684020605,30.002624893188475,30.492383766174317,30.727467854817707,30.999283695220946,31.2172265625,31.414762751261392,1
2023-03-02,30.31607246398925,30.756854292051088,30.2670954597946,30.51197487592285,2122385,Textiles,-0.006420491462745148,0.021311481018140732,-0.006329120366066143,0.018121903731012745,29.973239517211915,30.40912494659424,30.655636723836263,30.893985748291016,31.15453758239746,31.3347687403361,0
2023-03-03,29.67938232421875,30.6588999173386,29.581432059532,30.462997519683555,4557140,Textiles,-0.02100173564787422,-0.0016051847328290014,-0.003184798217085616,-0.022653756161485794,29.885082626342772,30.27199230194092,30.541359583536785,30.776443672180175,31.085971298217775,31.23355172475179,0
2023-03-06,29.67938232421875,29.97323872312363,29.483479926563707,29.82631145781196,4313221,Textiles,0.0,-0.020900309021139485,-0.022364181234931002,-0.0033112708259412926,29.97323875427246,30.110371589660645,30.440142567952474,30.673594188690185,31.027200164794923,31.150292778015135,0
2023-03-08,30.70787811279297,30.952757520601075,29.43450407122184,29.63040834478097,5973242,Textiles,0.0346535442462681,-0.006568130736114841,0.03267977833579172,-0.0016611287223846638,30.178937911987305,30.09078140258789,30.427082443237303,30.636862373352052,30.90573989868164,31.10131702423096,1
2023-03-09,30.071191787719727,31.19763668104934,29.924262649574544,30.90378027304057,5082124,Textiles,-0.02073364765662522,0.042975173120889165,0.007911384318029846,0.016638927469871723,30.09078140258789,30.046703147888184,30.35851631164551,30.568296241760255,30.817583236694336,31.02948570251465,0
2023-03-10,30.071191787719727,30.316071193586232,29.630408109847373,29.77733537971096,3847943,Textiles,0.0,-0.03645006802977713,-0.02825744451337253,-0.009819942538545678,30.041805267333984,30.00752239227295,30.286685053507487,30.502178859710693,30.72354965209961,30.969082196553547,0
2023-03-13,29.385528564453125,30.16914191219257,29.28757642891529,30.07119164493633,4545387,Textiles,-0.022801331856311946,0.009868454026467077,-0.004846580563010017,-0.011570265237694999,29.983034515380858,29.934058570861815,30.175673039754233,30.401778316497804,30.61776184082031,30.902148501078287,0
2023-03-14,29.04269790649414,29.434504592266485,28.74884335923529,29.38552945715056,5365735,Textiles,-0.01166664935793249,-0.02280129753026361,-0.024350620314765647,-0.018394593727738884,29.855697631835938,29.914468193054198,30.025480270385742,30.29403133392334,30.510014877319335,30.831949742635093,0
2023-03-15,28.944744110107425,29.58143203983665,28.895768977796656,29.28757564112742,3035589,Textiles,-0.0033727512747639965,-0.0033334031352395543,0.0049916738740956035,0.005110661904739411,29.503070831298828,29.841004371643066,29.894877878824868,30.196079540252686,30.410104064941407,30.671961720784505,0
2023-03-16,27.965227127075195,28.94474474088913,27.91625199369713,28.895769607511067,5176165,Textiles,-0.03384092736512345,-0.01337789233282105,-0.02152320746643044,-0.03389828403086215,29.08187789916992,29.586329650878906,29.725094731648763,30.03935670852661,30.27101257324219,30.5282990137736,0
2023-03-17,28.06317901611328,28.60191481995738,27.91625174898546,28.06317901611328,3590873,Textiles,0.0035026316286648207,-0.028813580766555047,-0.011844288971995964,-8.765921433173673e-09,28.68027534484863,29.361040306091308,29.565106709798176,29.885082626342772,30.13779815673828,30.383003934224448,1
2023-03-20,27.4754695892334,28.35703697700994,27.37751931795304,27.965228418761846,4105468,Textiles,-0.02094236816657269,-0.0034903599943254537,-0.008561589127472402,-0.019298164949812735,28.298263549804688,29.140649032592773,29.388793563842775,29.706320667266844,29.981075363159178,30.23117879231771,0
2023-03-21,26.59390449523925,27.720349447521407,26.34902507655698,27.62239917467385,8440194,Textiles,-0.032085533283827794,-0.01225912547376129,-0.02245254079277459,-0.037567108599266597,27.80850486755371,28.832101249694823,29.21248041788737,29.471236419677734,29.796926040649414,30.059763209025064,0
2023-03-22,27.279565811157227,28.699865224636262,26.1531209333548,26.54492760368413,31323256,Textiles,0.02578264940526953,-0.03900716821070416,0.03533562154291081,-0.007434967427940253,27.475469207763673,28.48927001953125,29.052492650349937,29.29002571105957,29.651957473754884,29.920998255411785,1
2023-03-23,27.08366203308105,27.72034811744929,26.98570989665172,27.32854144001358,6518596,Textiles,-0.00718133783478514,0.029520285307566452,-0.03412967620301377,0.031835166648698676,27.299156188964844,28.190517044067384,28.82393849690755,29.118610095977782,29.49131660461426,29.77570317586263,0
2023-03-24,26.5449275970459,27.37751793896351,26.446975462417665,27.132638536533715,5494765,Textiles,-0.01989149160763859,-0.007168436116866128,-0.012367455741653433,-0.019963693239765323,26.99550590515137,27.837890625,28.572528839111328,28.922706508636473,29.30716728210449,29.614082781473794,0
2023-03-27,24.73282051086425,26.740830933740583,24.53691623475268,26.54492852591064,15612110,Textiles,-0.06826566316885763,-0.021660628760145628,-0.02325583373344442,-0.07222221801427775,26.446976089477534,27.372619819641113,28.242758051554357,28.653339195251466,29.054451751708985,29.39205881754557,0
2023-03-28,25.22257804870605,26.34902290829293,24.58589198618144,24.92872351778132,19537992,Textiles,0.019801928276909075,-0.060885641735736074,-0.01465205125519431,0.0019960027152634563,26.172710800170897,26.990607833862306,27.94563776652018,28.452538013458252,28.811531295776366,29.192890167236328,1
2023-03-29,25.712337493896484,26.006192032228377,25.026674413413275,25.36950595365488,11340718,Textiles,0.019417501424504824,0.01768170903572952,-0.013011141902975587,0.017928266644935187,25.85926513671875,26.66736717224121,27.61260172526041,28.25418577194214,28.603873596191406,29.01984208424886,1
2023-03-31,27.377517700195312,27.62239710048944,25.81028916465663,25.85926429740283,16795270,Textiles,0.06476191465260994,0.01930500123426304,0.062146932786552034,0.03131118175347214,25.918036270141602,26.60859622955322,27.433023452758786,28.097462940216065,28.478495330810546,28.89576988220215,1
2023-04-03,27.573421478271484,28.503963993233576,27.27956693053696,27.867277894287664,11386319,Textiles,0.0071556442852660496,0.07765161351038552,0.03191493082722041,0.05692604823243452,26.12373504638672,26.559620475769044,27.266505432128902,27.960330390930174,28.362912216186523,28.776595242818196,1
2023-04-05,28.210107803344727,28.40601208225918,27.328542284793016,27.818301113797485,8441448,Textiles,0.02309058110815032,-0.001757501420697416,-0.0034364311924350854,0.0017953127474774622,26.819192504882814,26.633084297180176,27.18814404805501,27.886866664886476,28.286509857177734,28.681908543904623,1
2023-04-06,28.99372100830078,29.336552538109977,27.671371889483325,28.35703494910172,12476455,Textiles,0.02777774584977455,0.019366165931572032,0.032758574246751104,0.01254474538442829,27.57342109680176,26.873065948486328,27.184878921508787,27.852583599090575,28.276714630126953,28.605179595947266,1
2023-04-10,29.18962478637696,29.630408469601026,28.797818105889792,29.48348119795354,8567959,Textiles,0.006756765646606544,0.03972369646099061,0.010016716555543148,0.04070800034437694,28.268878555297853,27.0640718460083,27.201204299926754,27.776670932769775,28.25712432861328,28.548041089375815,1
2023-04-11,31.34456443786621,31.540468712915526,29.09167461620723,29.189624885450257,38124762,Textiles,0.07382553449248097,-0.00996681194226412,0.06446283875141656,0.010204124119296942,29.062287902832033,27.490162086486816,27.42649345397949,27.840339565277098,28.29042793273926,28.575794092814128,1
2023-04-12,31.736371994018555,32.71588960202452,31.39353858927858,31.93227252636924,22919956,Textiles,0.01250001597339212,0.09395967408563966,0.037267071070115954,0.07912449191869353,29.894878005981447,28.009306526184083,27.67137298583984,27.92359857559204,28.34723991394043,28.61823984781901,1
2023-04-13,30.80583000183105,31.638418487057624,30.658900863702502,31.638418487057624,9551475,Textiles,-0.0293209946103129,-0.009202415489500626,-0.032934183605394574,-0.023400921291076404,30.41402244567871,28.616607475280762,27.893397013346352,27.994613647460938,28.39229782104492,28.641095288594563,0
2023-04-17,30.36504554748535,30.80582921403566,29.77733461484545,30.80582921403566,9184979,Textiles,-0.014308475191854964,-0.026315767754401254,-0.026315767754401254,-0.02875400696118069,30.688287353515626,29.130854225158693,28.14480641682942,28.0607310295105,28.419724349975585,28.678643417358398,0
2023-04-18,30.75685310363769,31.099684646626912,30.36504642662785,30.511973696971346,7930003,Textiles,0.012903242827007277,-0.009538958195951741,0.00953895545383876,0.019736884425155976,31.001733016967773,29.63530578613281,28.376625569661453,28.151336479187012,28.421683349609374,28.7145591100057,1
2023-04-19,30.41402053833008,30.95275633585628,30.26709327292531,30.854804202825925,4835001,Textiles,-0.01114654233813872,0.011235933448926927,-0.004724430888612519,-0.00322585226204819,30.815624237060547,29.93895606994629,28.59864947001139,28.273776149749757,28.43539649963379,28.711293983459473,0
2023-04-20,30.41402053833008,30.707876937421155,30.316070273581264,30.51197267136044,3619353,Textiles,0.0,-0.011111123221261177,-0.007911392309558285,0.0016181600332187962,30.551153945922852,30.223015975952148,28.85658899943034,28.391318225860594,28.449109649658205,28.714558919270832,0
2023-04-21,29.97323989868164,30.462998714450027,29.77733562506164,30.462998714450027,3508107,Textiles,-0.0144926790949238,-0.001605073439134963,-0.007974443282749877,-0.01777059637538514,30.38463592529297,30.39932918548584,29.2059502919515,28.516206741333008,28.472618103027344,28.72435417175293,0
2023-04-24,30.071191787719727,30.46299846344981,29.77733537971096,30.16914205544105,3879088,Textiles,0.003267978015362827,-0.009646347090235263,-8.239511073426797e-09,-8.239510851382192e-09,30.325865173339842,30.507076263427734,29.52919120788574,28.69007110595703,28.513757858276367,28.73741448720296,1
2023-04-25,29.97323989868164,30.267094440830025,29.87528776187164,30.120167169755835,3308770,Textiles,-0.0032573331223302304,-0.0016233436666914791,-0.006430884433613282,0.003289494540449134,30.169142532348634,30.585437774658203,29.813251368204753,28.824754810333253,28.554897689819335,28.712926546732586,0
2023-04-26,29.77733612060547,30.169142806084164,29.679383982165383,29.87528825904556,3460095,Textiles,-0.006535956030725543,-0.008130064794466318,-0.003236241752155977,-0.0065573855310702145,30.04180564880371,30.428714942932128,29.973239262898762,28.959438514709472,28.62738204956055,28.703131357828777,0
2023-04-27,30.46299934387207,30.707878756815926,29.679384101482736,29.77733624031661,6451331,Textiles,0.023026345287889383,-0.0032786970247656866,0.01785718454762053,4.020209942723341e-09,30.05160140991211,30.30137767791748,30.165877787272134,29.15534210205078,28.723374862670898,28.71619160970052,1
2023-04-28,30.46299934387207,30.8058308956498,30.3650472050382,30.707878756815926,3710111,Textiles,0.0,0.0312500254888286,0.0031898047927565454,0.023102335992248868,30.149553298950195,30.267094612121582,30.316070556640625,29.44185104370117,28.842876052856447,28.75210730234782,0
2023-05-02,31.78534698486328,32.03022638576891,30.56094998033513,30.65890024607214,14230323,Textiles,0.04340832056831645,-0.0015949818980223185,0.03974557590303496,0.006451588037196476,30.492384338378905,30.409124755859374,30.502178955078126,29.769989490509033,29.050533752441407,28.843528938293456,1
2023-05-03,31.491493225097656,31.785347766094244,31.24661194989169,31.34456408631776,7006514,Textiles,-0.009244944216137196,0.022364267300601037,-0.007645235370033698,0.02243588533726082,30.79603500366211,30.48258876800537,30.65563685099284,30.05894727706909,29.219010848999023,28.9284205754598,0
2023-05-04,32.079200744628906,32.32408013962607,31.39353769132423,31.540466822947742,7783321,Textiles,0.018662421477774416,0.006249974831058269,0.01694907910073251,0.004702133519888685,31.256407928466796,30.649106788635255,30.70461260477702,30.294031429290772,29.41883239746094,29.065553029378254,1
2023-05-05,31.442514419555664,32.079202373502376,31.344564151208427,32.079202373502376,6272738,Textiles,-0.01984732506715725,0.017080772887060336,-0.00757570718380618,-0.00155998793756007,31.452310943603514,30.751956176757812,30.685022099812826,30.48748607635498,29.61473587036133,29.178197542826336,0
2023-05-08,31.736371994018555,32.12817679528305,31.44251372236625,31.638417991280072,4977589,Textiles,0.009345867526425522,-0.013740503179916819,0.0015266720540760836,0.003124930073530763,31.706985473632812,30.928269386291504,30.747058232625324,30.663799285888672,29.8948779296875,29.32022762298584,1
2023-05-09,31.24661064147949,32.07920096381497,30.952756112787693,31.73637130310171,5274678,Textiles,-0.01543217834197852,0.003096024328670177,-0.001524388756329098,-0.015576286740400569,31.599238204956055,31.045811271667482,30.8058292388916,30.776443767547608,30.13583923339844,29.475317827860515,0
2023-05-10,31.393539428710938,31.589443702863047,31.00173274868834,31.34456429431372,4527678,Textiles,0.004702231192921902,-0.0123456776153138,-0.015267127803599734,0.0015823029045356485,31.57964744567871,31.18784122467041,30.848274993896485,30.886639499664305,30.363087310791016,29.612450281778973,1
2023-05-11,31.442514419555664,31.736372697723823,31.393539285382044,31.63841869281336,2898954,Textiles,0.001560034062292992,0.009374971549786393,0.004651205517983259,0.012638214124024438,31.452310180664064,31.35435905456543,30.916841252644858,30.89153699874878,30.52568717956543,29.757745361328126,1
2023-05-12,31.09968376159668,31.4914922957381,31.05070862896978,31.442513426548096,2543504,Textiles,-0.010903411011740194,-0.006192005617201235,-0.007716080357327182,-0.010920420704902734,31.383744049072266,31.418027496337892,30.962552134195963,30.859702587127686,30.66673767089844,29.90957056681315,0
2023-05-15,32.128177642822266,32.32408191690403,31.344564283058453,31.344564283058453,8135268,Textiles,0.033070879083845206,-0.003115181733752248,0.02643855722513999,0.009463734229063991,31.462105178833006,31.58454532623291,31.106214650472005,30.925819969177248,30.823460464477538,30.15608247121175,1
2023-05-16,34.47902297973633,35.017756954805265,32.275108206356975,32.32408334289717,52133306,Textiles,0.07317082727346236,0.0312500454941127,0.08333338112512845,0.02968756926704108,32.108587646484374,31.853912925720216,31.400070063273112,31.131518840789795,31.042872543334962,30.46463063557943,1
2023-05-17,34.43004608154297,36.09522305808927,33.98926240210763,35.06673029711561,37435106,Textiles,-0.0014204839337281783,0.08484840622158307,0.03076913534680714,0.053110718786468114,32.71588897705078,32.14776821136475,31.697190475463866,31.31517848968506,31.252489395141602,30.75522092183431,0
2023-05-18,33.45052719116211,34.57697017765816,33.3035980580455,34.527995045473645,13520039,Textiles,-0.028449537594605556,-0.015363144698046782,-0.042062432416270945,-0.02017296921452494,33.11749153137207,32.28490085601807,31.942069880167644,31.46700382232666,31.336727905273438,30.957654571533205,0
2023-05-19,33.00974655151367,33.89131022126052,32.519987711688735,33.450530254668806,14667039,Textiles,-0.013177090965696192,-0.031205541746221033,-0.01982996060310338,-0.023529299896996037,33.49950408935547,32.441624069213866,32.11185302734375,31.59679012298584,31.387662887573242,31.138865407307943,0
2023-05-22,33.64643096923828,33.94028926385028,32.71589215817839,33.10769699005534,14261710,Textiles,0.01928777055985642,-0.010248963529228883,0.0014451799670771592,0.006024124247108631,33.80315475463867,32.63262996673584,32.32408180236816,31.780449676513673,31.501286926269533,31.320076179504394,1
2023-05-23,33.94028854370117,34.52799764732823,33.69540912776267,33.94028854370117,11848654,Textiles,0.008733692281702954,0.025147975526534472,0.01731595093103433,0.02994009653927221,33.69540786743164,32.90199775695801,32.46774457295736,31.973904514312743,31.644296646118164,31.48496176401774,1
2023-05-24,34.038238525390625,34.23414280378468,33.74438397608121,34.038238525390625,10004047,Textiles,0.0028859501758016215,0.0028859501758016215,-0.00851062510328593,0.0014534575951530293,33.61704635620117,33.16646766662598,32.63752759297689,32.17715444564819,31.775552062988282,31.646582221984865,1
2023-05-25,31.88329696655273,32.568960030292565,31.44251330153691,31.54046730296437,24379202,Textiles,-0.063309432338293,-0.0733813302519476,-0.048640995132731124,-0.06821492655417627,33.3036003112793,33.21054592132568,32.624467341105145,32.282452487945555,31.834323120117187,31.664539972941082,0
2023-05-26,31.63841819763184,32.27510614161357,31.44251392744029,32.03022673801493,11344445,Textiles,-0.007680471978095071,0.015527970158023985,-0.009022513718757952,1.9906277071157774e-08,33.02933464050293,33.264419364929196,32.63752759297689,32.34122343063355,31.883299026489258,31.661274846394857,0
2023-05-29,31.736371994018555,32.030226529107715,31.638417991280072,31.736371994018555,6191235,Textiles,0.003096039624194802,-0.009174294843427244,-0.007587259711289485,0.006230547095943617,32.64732284545899,33.22523880004883,32.63752759297689,32.40489206314087,31.953824310302736,31.692292912801108,1
2023-05-30,31.540468215942383,32.030227027567065,31.49149308209256,31.83432275560456,6279819,Textiles,-0.00617284729688361,0.0030863881228915258,1.5562155120107946e-08,-0.00464387660685206,32.167358779907225,32.931383323669436,32.65711809794108,32.39264812469482,32.01259536743164,31.731473668416342,0
2023-05-31,31.98125267028809,32.12817807540522,31.29558957005157,31.54046898181009,5740875,Textiles,0.01397520326356183,-0.009230721697785604,0.00305808159754406,-0.006220839117735966,31.755961608886718,32.68650398254395,32.696298980712896,32.417136096954344,32.0929158782959,31.77228698730469,1
2023-06-01,31.89211082458496,32.535893388236026,31.743543583161387,32.23876268361077,5143932,Textiles,-0.002787315638387855,0.022139610612746496,0.012690271819145504,0.014313646723514317,31.757724380493165,32.53066234588623,32.72627207438151,32.40778160095215,32.177506866455076,31.821556663513185,0
2023-06-02,31.991153717041016,32.3378093606132,31.94163256173698,32.139720961175094,4270739,Textiles,0.003105560901905058,-0.0030721316263799814,-0.0060881693107111,0.00624029192130493,31.828271484375,32.428803062438966,32.78570340474447,32.435213565826416,32.23863304138184,31.874127769470213,1
2023-06-05,33.67490005493164,34.17011917338652,32.18924269956701,32.28828501196917,30526979,Textiles,0.052631622878724915,0.004622443703650836,0.056661531779732544,0.007751956239288926,32.215977096557616,32.4316499710083,32.888818232218426,32.53213996887207,32.36710906982422,31.997516441345216,1
2023-06-06,33.03111267089844,33.82346625856592,32.83302805220349,33.773941325670265,11050973,Textiles,-0.01911772219020802,0.046012239830959256,-0.010144913837192182,0.020000015491049128,32.51410598754883,32.340732383728025,32.7922908782959,32.62136507034302,32.416939697265626,32.0961804707845,0
2023-06-07,33.27872467041016,33.476813081898044,32.98159394228942,33.17968235377731,7921996,Textiles,0.007496326326599467,-0.017595191694174006,-0.01024889566367515,0.004524891516241469,32.77360038757324,32.26478099822998,32.71553611755371,32.71562433242798,32.48842895507813,32.20636329650879,1
2023-06-08,33.27872467041016,33.97203222150666,33.08064003714446,33.3777707652652,10140449,Textiles,0.0,0.005970172028043397,0.014792899742191779,0.003003071805090629,33.05092315673828,32.404323768615725,32.70408261617025,32.8074348449707,32.53640991210938,32.323076248168945,0
2023-06-09,33.08063888549805,33.72442147764373,32.98159279409113,33.47681191645953,6584702,Textiles,-0.005952325002653858,0.002967278788354566,-0.007288664459295213,-0.0029941150758304724,33.268820190429686,32.548545837402344,32.708808771769206,32.90648260116577,32.60193489074707,32.41033089955648,0
2023-06-12,33.130157470703125,33.52633047091576,33.03111138698364,33.2787209289497,5373726,Textiles,0.0014969053462503545,-0.005917259624487525,-0.005873814821680146,0.0015014008935729795,33.159871673583986,32.6879243850708,32.67439053853353,32.956581592559814,32.65768630981445,32.49923617045085,1
2023-06-13,33.17967987060547,33.476810576488894,33.0311126285528,33.27872217982597,4487388,Textiles,0.0014947831125202704,3.758787081586945e-08,-0.0014770448698471217,3.7587871037914056e-08,33.18958511352539,32.85184555053711,32.623683293660484,32.89161443710327,32.735009078979495,32.54571393330892,1
2023-06-14,32.932071685791016,33.37776965222057,32.83302937246092,33.32824849555553,4208329,Textiles,-0.0074626453835624496,0.0014882276868064537,-0.002958493433597331,-0.005996869022227513,33.12025451660156,32.9469274520874,32.54993883768717,32.816715717315674,32.7965503692627,32.59373321533203,0
2023-06-15,32.783504486083984,33.08063898295808,32.68446217260734,33.03111404799768,3891904,Textiles,-0.004511322613546143,-0.008915393426614293,-0.008902052844106834,-0.00452493122605957,33.021210479736325,33.0360668182373,32.60995267232259,32.783364582061765,32.850189971923825,32.61721000671387,0
2023-06-16,33.22920227050781,33.52633298752646,32.78350430586881,32.88255039702307,7445281,Textiles,0.0135951842675337,-0.004497688172392156,0.013472956335516484,0.003030251277760909,33.05092315673828,33.159871673583986,32.71600494384766,32.794337368011476,32.935370712280275,32.67676626841227,1
2023-06-19,33.03111267089844,33.57585670697532,32.93207036155096,33.47681061940592,7575389,Textiles,-0.005961310716904755,0.01807220593317016,0.0014771588490543053,0.00453173200448731,33.031114196777345,33.095492935180665,32.80232098897298,32.763571453094485,32.97148811340332,32.71992429097494,0
2023-06-20,33.17967987060547,33.67489897315182,32.981591473942544,33.0311126285528,7361706,Textiles,0.004497795795959547,-0.013313633605070985,0.00294980607764872,0.001503735169028353,33.031114196777345,33.11034965515137,32.91160176595052,32.725541019439696,32.919514389038085,32.7843599319458,1
2023-06-21,33.08063888549805,33.47681191645953,32.98159279409113,33.37776960327468,4446684,Textiles,-0.0029849891708920717,0.010494862181003928,-0.005882335589194154,4.002683096082649e-08,33.06082763671875,33.09054107666016,32.98489418029785,32.67766103744507,32.865538101196286,32.84059658050537,0
2023-06-22,33.82346725463867,35.06151504905119,33.13015973412326,33.13015973412326,35475256,Textiles,0.022455079290087943,-0.007418406684883028,0.04733733715582722,0.0045045410923498785,33.268820190429686,33.14501533508301,33.113651275634766,32.774669551849364,32.88045570373535,32.91996167500814,1
2023-06-23,33.130157470703125,34.615814722499486,33.03111138698364,33.97202840209902,13558234,Textiles,-0.020497892150322494,0.025410945034130217,-0.012711952861368503,-0.002989673093474532,33.24901123046875,33.149967193603516,33.18958485921224,32.84925651550293,32.88527214050293,32.98764413197835,0
2023-06-26,33.57585906982422,33.972032113316104,32.28828628836458,33.17968224811015,11994420,Textiles,0.013453048012682212,-0.023323486740636223,-0.018597933180088844,-0.02248864986455701,33.3579605102539,33.19453735351563,33.18298212687174,32.941230869293214,32.882449264526365,33.03590017954509,1
2023-06-27,33.476810455322266,34.21963910645319,33.37776814646024,33.674898851268225,6022145,Textiles,-0.002949994944164258,0.014925296735964988,0.007288554076222864,0.03374232526203369,33.41738662719727,33.224250411987306,33.2126953125,33.03804798126221,32.86391014099121,33.00249309539795,0
2023-06-28,33.08063888549805,33.77394263423616,32.98159279409113,33.47681191645953,3954490,Textiles,-0.011834208947502423,-0.005882331991065026,-0.013024581318070605,-0.011869438083178974,33.41738662719727,33.23910713195801,33.19948959350586,33.09301729202271,32.825606155395505,32.957512855529785,0
2023-06-30,32.88254928588867,33.47681069984528,32.83302813109594,33.17967999286698,6334905,Textiles,-0.005988082645411508,-0.008875753292578614,-0.008797668001297443,-0.00450447205272031,33.22920303344726,33.24901161193848,33.17307790120443,33.14253921508789,32.86557624816894,32.93858025868734,0
2023-07-03,33.03111267089844,33.22920106781531,32.93207036155096,33.080637603794095,4249773,Textiles,0.004518000831326141,-0.0029850314739073847,-0.007396452256161701,0.003016542673418998,33.20939407348633,33.22920265197754,33.169776153564456,33.19453716278076,32.92128402709961,32.93929246266683,1
2023-07-04,32.932071685791016,33.22920240400337,32.83302937246092,33.17968124733832,3966054,Textiles,-0.0029984150426358713,0.002994006485923073,4.02112603214988e-08,-0.003007432815571587,33.08063659667969,33.2192985534668,33.15657043457031,33.15739574432373,32.96911201477051,32.91548048655192,0
2023-07-05,33.03111267089844,33.278722222489044,32.93207036155096,32.93207036155096,4320929,Textiles,0.003007432573704616,-0.00746272647833901,0.001490249988056025,0.003016504750948057,32.99149703979492,33.20444183349609,33.14666595458984,33.15739574432373,33.02873779296875,32.88517462412516,1
2023-07-06,33.52633285522461,33.67490010225868,32.932071423532385,33.17968098310782,7590211,Textiles,0.014992537165194442,0.00751882948258098,0.011904840489996626,3.2247636116977674e-08,33.08063583374023,33.24901123046875,33.186283365885416,33.169776153564456,33.09054100036621,32.8681111017863,1
2023-07-07,33.3282470703125,34.02155079041897,33.03111258658469,33.4768105339545,9140593,Textiles,-0.0059083642033709305,0.008955165994451564,0.010294037609841045,0.003007438001046303,33.169775390625,33.199489212036134,33.222599538167316,33.17225227355957,33.14798645019531,32.916276105244954,0
2023-07-10,33.130157470703125,33.575855401886386,32.98159023423478,33.4768093181669,5583650,Textiles,-0.005943594908891181,-3.631730682851497e-08,-0.013100384261675146,-0.001499263829521258,33.18958435058594,33.199489212036134,33.21599655151367,33.17472820281982,33.1935466003418,32.96600074768067,0
2023-07-11,32.932071685791016,33.17968124733832,32.78350443757381,33.13016009067327,5351412,Textiles,-0.0059790173073362984,-0.01035490641294512,-0.011799376361556702,-0.006005950448543129,33.18958435058594,33.135110473632814,33.20939381917318,33.16482391357422,33.163833465576175,33.005857404073076,0
2023-07-12,32.932071685791016,33.22920240400337,32.83302937246092,33.08063893400823,5309515,Textiles,0.0,-0.001494745468464731,0.0014925145391206929,0.0015106662858881403,33.169776153564456,33.08063659667969,33.19288660685221,33.1524435043335,33.15987182617187,33.05224418640137,0
2023-07-13,32.3873291015625,33.080636580208164,32.28828301705781,33.03111164884492,5378628,Textiles,-0.016541400414342933,-0.001497168336503707,-0.004470941613010315,-0.016591413153610013,32.94197540283203,33.01130561828613,33.14666595458984,33.12520637512207,33.12421600341797,33.065780067443846,0
2023-07-14,32.63494110107422,32.83302950676677,32.23876428968912,32.387331538514054,4133824,Textiles,0.007645335579702817,-0.019490113356611105,-0.007484954917389208,-0.0015336438714478318,32.803314208984375,32.98654479980469,33.067430877685545,33.11777820587158,33.09846466064453,33.09054107666016,1
2023-07-17,32.932071685791016,33.22920240400337,32.53589487602651,32.73398328090876,5885127,Textiles,0.009104676604028361,0.010703312867331283,0.012066291267911922,0.009216562510506066,32.76369705200195,32.976640701293945,33.05422515869141,33.102921676635745,33.09252197265625,33.12190500895182,1
2023-07-18,32.535892486572266,32.98159042026951,32.4368501805159,32.98159042026951,4466636,Textiles,-0.01203019363612301,0.007564222698957623,-0.007451637891375373,-0.0030441669389457138,32.684461212158205,32.93702278137207,32.984894053141275,33.07816066741943,33.068751373291015,33.08393809000651,0
2023-07-19,32.585418701171875,32.83302825428649,32.48637261299287,32.63493985615041,3250791,Textiles,0.001522202429825814,-0.010510425958902836,-0.0045043966676550085,0.0015267337056887875,32.61513061523438,32.89245338439942,32.92546793619792,33.048447608947754,33.044980926513674,33.06908162434896,1
2023-07-20,32.48637390136719,32.78350462124422,32.4368527444247,32.63494115041675,3617461,Textiles,-0.003039543567415537,3.96589161510974e-08,-0.0015083480164764795,-0.0015243274205493096,32.63493957519531,32.78845748901367,32.885850270589195,33.01873435974121,33.02715301513672,33.042669932047524,0
2023-07-21,32.932071685791016,33.67490037043292,32.288285314479204,32.38733140603137,11056859,Textiles,0.013719530095203103,-0.00758725879860267,0.02719037392393564,-0.0045802048403426054,32.694365692138675,32.748839950561525,32.88915176391602,32.97416458129883,33.033095703125,33.03111483256022,1
2023-07-24,32.73398208618164,33.37776843399649,32.6349397764664,33.17968003634408,5779529,Textiles,-0.0060150968180615605,0.024464770511013922,-0.008823543148395285,0.010736230140773406,32.654747772216794,32.709222412109376,32.86934305826823,32.954355812072755,33.01328689575195,33.01955960591634,0
2023-07-25,32.6844596862793,32.932069229357175,32.48637129617264,32.73398083925051,4372179,Textiles,-0.0015128742898423697,-0.013432896176375442,-0.013353175648056714,-0.0045524361715200135,32.684461212158205,32.684461212158205,32.85283559163411,32.90978584289551,32.99942077636719,33.004703013102215,0
2023-07-26,32.585418701171875,32.981591719222095,32.5358937679714,32.83302825428649,4212859,Textiles,-0.003030216379835027,0.0030258285884132707,0.0015037770484453983,0.0015244076153433372,32.684461212158205,32.64979591369629,32.82312266031901,32.86521625518799,32.97565032958985,32.984894307454425,0
2023-07-27,32.783504486083984,33.32824854487177,32.585419859130695,32.585419859130695,5713899,Textiles,0.006078970067215472,-0.007541442514473751,0.010510615394212053,0.0015221985759017453,32.74388732910156,32.689413452148436,32.77360076904297,32.85035953521729,32.96376495361328,32.979942067464194,1
2023-07-28,31.84259033203125,31.991153798320813,31.297848176747912,31.79306539837942,14669192,Textiles,-0.02870084113344673,-0.024316226833248966,-0.04011896228962486,-0.03951373614177922,32.52599105834961,32.61017837524414,32.674556986490884,32.79836158752441,32.88452987670898,32.9485782623291,0
2023-07-31,31.89211082458496,32.23876268361077,31.743543583161387,31.941631978985523,5988660,Textiles,0.0015551653316312475,0.0046729240714762366,0.007739917317485245,0.01424044886078124,32.35761680603027,32.50618228912354,32.59202054341634,32.74141149520874,32.83500801086426,32.904008547465004,1
2023-08-01,31.991153717041016,32.3378093606132,31.94163256173698,31.94163256173698,5578660,Textiles,0.003105560901905058,1.8244260546751434e-08,0.003072285309906775,0.00624029192130493,32.21895561218262,32.45170841217041,32.52929267883301,32.69436559677124,32.77161979675293,32.869343249003094,1
2023-08-02,31.74354362487793,32.139720417046846,31.694022470412293,32.04067432989367,5082750,Textiles,-0.0077399550623642455,0.003100710897142145,-0.006125614179902428,-0.007751954783341342,32.05058059692383,32.36752090454102,32.45005747477214,32.62998714447021,32.70228912353516,32.821472040812175,0
2023-08-03,31.59497833251953,31.89211092721189,31.44641297972883,31.793064839870148,5113165,Textiles,-0.004680173521709907,-0.007727973745936589,-0.007704158176299103,-0.007812498111106514,31.81287536621094,32.27838134765625,32.39723409016927,32.53341941833496,32.642862701416014,32.771950022379556,0
2023-08-04,31.59497833251953,31.941632081771804,31.347368781498044,31.743543685310232,4998299,Textiles,0.0,-0.0015576087052108223,0.0015527713004930277,-0.0031496183140071743,31.763352966308595,32.1446720123291,32.327903238932294,32.446755981445314,32.59135986328125,32.697667058308916,0
2023-08-07,31.59497833251953,31.99115323633172,31.495934134288746,31.793064839870148,5523462,Textiles,0.0,0.0015600386349692297,0.001550363939861965,0.0047393244972568915,31.703926467895506,32.03077163696289,32.23876368204753,32.36999702453613,32.533914489746095,32.646494420369464,0
2023-08-08,31.644502639770508,31.793066109382465,31.54545843758484,31.644502639770508,3913686,Textiles,0.0015674740058297942,-0.004672786371741511,-0.006191934547838951,0.0015724030627235486,31.634596252441405,31.92677593231201,32.179337692260745,32.305618572235105,32.48241172790527,32.58211587270101,1
2023-08-09,31.74354362487793,31.941632020962388,31.495934074327835,31.694022470412293,4552928,Textiles,0.003129800655578885,0.001564879410667297,0.004672902923825939,-0.0015699363936965138,31.634596252441405,31.842588424682617,32.12321268717448,32.246192169189456,32.43090896606445,32.524340311686196,1
2023-08-10,33.08063888549805,33.62537916445888,31.743544988170125,31.79306614476255,28059707,Textiles,0.04212180204015459,0.003124995397561836,0.05271324716255865,0.007861678693444896,31.93172836303711,31.872301864624024,32.1628303527832,32.28085765838623,32.41308120727539,32.524340311686196,1
2023-08-11,32.585418701171875,33.47681082545132,32.48637261299287,33.13015896237964,10674326,Textiles,-0.014970091298426191,0.042056114107678066,-0.004418339441792596,0.023400903241889592,32.12981643676758,31.946584701538086,32.1397201538086,32.278381538391116,32.38336807250977,32.51443595886231,0
2023-08-14,32.0901985168457,32.68445991306729,31.9416312786794,32.58541760643763,4706027,Textiles,-0.015197600769461972,-0.01644246128008564,-0.023668649815998144,-0.016768302845101224,32.228860473632814,31.96639347076416,32.0968012491862,32.236287879943845,32.34176971435547,32.483072153727214,0
2023-08-16,32.48637390136719,32.882550713351286,31.941633618555617,32.090200867605176,5977519,Textiles,0.012345681947511622,-0.015197495542749073,0.006060702878703417,7.32547500437164e-08,32.397234725952146,32.01591548919678,32.083595530192056,32.233811950683595,32.32394180297852,32.46821556091309,1
2023-08-17,32.33781051635742,32.833029643540705,32.238764423987504,32.58542007994907,4708324,Textiles,-0.004573098415379451,0.015432100733399068,-0.0015059984318818165,0.009302304602832656,32.51608810424805,32.07534217834473,32.0670883178711,32.22143154144287,32.30017135620117,32.44510548909505,0
2023-08-18,32.0901985168457,32.68445991306729,31.99115243199423,32.387329214956495,6305426,Textiles,-0.0076570428101948584,-0.006079125710411359,-0.004525008264128938,-0.007680567057000376,32.31800003051758,32.124864196777345,32.020867919921876,32.201622772216794,32.2882861328125,32.39723434448242,0
2023-08-21,35.358646392822266,35.80434436238069,32.23876438413538,32.23876438413538,125299267,Textiles,0.10185190578552494,-0.004587128189394107,0.09545467349350512,0.007740013513658717,32.87264556884766,32.501231002807614,32.255271657307944,32.32295150756836,32.39723434448242,32.464914321899414,1
2023-08-22,37.33952331542969,37.83474244752233,35.75481982579995,36.05195432763324,152507432,Textiles,0.056022419540628476,0.11827965545026675,0.05670814872607921,0.10906297151372257,33.92251052856445,33.07568550109863,32.618432490030926,32.553228569030765,32.57353240966797,32.60522651672363,1
2023-08-23,36.20051574707031,37.290000042812935,35.80434273080002,37.290000042812935,47865001,Textiles,-0.0305040736256188,0.03434059923433197,-0.014397941401741221,0.0013850693484502852,34.66533889770508,33.531286811828615,32.899056625366214,32.72903137207031,32.72011734008789,32.71417465209961,0
2023-08-24,36.59669494628906,37.83474278765052,36.34908537801677,36.646216104299086,48744678,Textiles,0.010944020852819314,-0.01726425148229327,0.014608279544439773,0.015214429470538526,35.51711578369141,34.016601943969725,33.22260004679362,32.929595184326175,32.88056838989258,32.83632876078288,1
2023-08-25,36.299560546875,37.14143148252348,36.15099330965619,36.69573354908884,31020270,Textiles,-0.008119159389943564,0.0013512294052084872,-0.018324726271255143,-0.005449712593879497,36.358988189697264,34.33849411010742,33.53623886108399,33.10539798736572,33.033095855712894,32.966736475626625,0
2023-08-28,36.39860534667969,37.48808590018944,36.1014746301063,36.64621490686118,29046840,Textiles,0.0027285399137761956,-0.0013494386796061297,0.00933336179649058,-0.001369773691298759,36.56697998046875,34.7198127746582,33.856480662028,33.33319873809815,33.171757202148434,33.09219195048014,1
2023-08-29,36.59669494628906,37.14143524084367,36.54717378827904,36.943346830581405,18022866,Textiles,0.00544223048445569,0.008108120428682808,-0.009246955426551073,0.012345732764086348,36.41841430664063,35.170462417602536,34.189928436279295,33.56842794418335,33.32626571655273,33.21434605916341,1
2023-08-30,36.59669494628906,37.09191408283365,36.49764885204685,36.943346830581405,12778064,Textiles,0.0,0.0,-0.00133331298828121,-0.0013550961975634657,36.497650146484375,35.58149452209473,34.5200745900472,33.79870500564575,33.48275512695312,33.34970614115397,0
2023-08-31,36.20051574707031,36.89382324832072,35.75481779782206,36.79478093880864,13810677,Textiles,-0.010825545853258012,-0.004021451885614757,-0.005340539559930746,-0.02035284676106297,36.41841430664063,35.96776504516602,34.817206064860024,34.02155361175537,33.627359008789064,33.47020937601725,0
2023-09-01,39.22135162353516,39.568007264134685,36.2500369921091,36.39860423496918,92952744,Textiles,0.0834473159877378,-0.010767198328978322,0.07248324462918565,0.013850418622947336,37.00277252197266,36.68088035583496,35.2265869140625,34.402872276306155,33.884872894287106,33.69470863342285,1
2023-09-04,39.66704940795898,40.40987806270811,39.02326684077622,39.815616650197576,47536903,Textiles,0.011363651836933775,0.09387756720477691,0.02127655287145358,0.07650281430804595,37.65646133422852,37.111720657348634,35.69869562784831,34.80647583007813,34.19785125732422,33.91920789082845,1
2023-09-05,42.24219131469727,43.33167183819745,39.7165708478362,39.86513809114166,98579573,Textiles,0.06491891746860312,0.0012437692822682145,0.07230394932039386,0.017766426626679266,38.785560607910156,37.60198745727539,36.37549514770508,35.33883647918701,34.61185447692871,34.23614819844564,1
2023-09-06,41.15270614624024,42.9354941372479,40.756533136139566,42.39075388697082,40857598,Textiles,-0.02579139799686403,0.06335399591630586,-0.009142912888957966,0.026184594140509,39.69676284790039,38.09720649719238,36.953250630696616,35.8142466545105,34.97831657409668,34.518423080444336,0
2023-09-07,40.65748977661133,41.54888572100688,40.45940136916541,41.30127615625502,21288058,Textiles,-0.012033628307920097,-0.025700834045573773,-0.032295154489396904,-0.007290408288203487,40.588157653808594,38.50328598022461,37.507895914713544,36.25994396209717,35.33487442016602,34.78749211629232,0
2023-09-08,40.16226959228516,41.30127507151772,40.06322728027451,40.90509826703108,21669460,Textiles,-0.012180294136384329,-0.009592388567488452,-0.005959501565260261,-0.009791892007399605,40.7763412475586,38.88955688476563,38.046033986409505,36.61402549743652,35.677566070556644,35.03345095316569,0
2023-09-11,39.46895980834961,40.75653245992404,39.1223079579853,40.36035567817471,22887755,Textiles,-0.01726271425827819,-0.01331722968369986,-0.013189486538863537,-0.02348585938188963,40.736723327636724,39.196592330932624,38.320054880777995,36.95820255279541,35.992525329589846,35.287663269042966,0
2023-09-12,37.14143371582031,40.16226956906263,36.79478184576146,39.617529296875,27317861,Textiles,-0.05897105228592603,-0.018404852207519196,-0.014580801039581814,-0.05949357882268702,39.716571807861335,39.25106620788575,38.3068489074707,37.21076431274414,36.21438354492187,35.46264069875081,0
2023-09-13,38.72613143920898,38.92421983142879,37.04238955089525,37.28999909661454,22049920,Textiles,0.042666573819245546,-0.05875000893718163,-0.030826189628175737,0.006729424464907208,39.23125686645508,39.464009857177736,38.475223286946616,37.52275218963623,36.49764869689941,35.687139956156415,1
2023-09-14,38.874698638916016,39.221350491286415,38.2309123094032,38.775656332016425,16478160,Textiles,0.003836355302885286,0.03984063479199085,0.007633567510008543,0.03208547755470659,38.874698638916016,39.731428146362305,38.62709019978841,37.84959659576416,36.782894897460935,35.924845123291014,1
2023-09-15,38.62709045410156,39.22135187287588,38.37948089990861,39.02326725209908,9431443,Textiles,-0.0063693917505146525,0.0063857312423674095,3.522544345102574e-08,0.003886085409185114,38.5676628112793,39.67200202941895,38.78225886027018,38.17644119262695,37.00475296020508,36.15924886067708,0
2023-09-18,38.329959869384766,39.122309689735005,38.18139262509698,38.7261328904489,8494630,Textiles,-0.007692284902220625,-0.007614287131075592,-0.0025252108459159484,-0.005161306775571695,38.33986282348633,39.538293075561526,38.91101582845052,38.32500686645508,37.23453460693359,36.38374824523926,0
2023-09-20,37.78522109985352,38.32996138677032,37.636653849684336,38.32996138677032,8043830,Textiles,-0.014211827285693035,-0.010230081707339522,-0.020253106456354808,-0.014267126942210662,38.46862030029297,39.092596054077156,38.99025090535482,38.34729175567627,37.46233551025391,36.59008967081706,0
2023-09-21,37.58713150024414,38.82517928498063,37.48808541053202,37.73569496747932,11867478,Textiles,-0.005242515296811412,-0.015503966030503635,0.012919864260057201,-0.003947440166856331,38.2408203125,38.73603858947754,39.05628000895182,38.41662254333496,37.66636581420899,36.78817729949951,0
2023-09-22,37.43856430053711,37.98330457084244,36.99286634184293,37.63665270198141,7252871,Textiles,-0.003952608080935005,-0.0026246307530114477,-0.02168373024007808,-0.013210038956803283,37.95359344482422,38.41414604187012,39.138816579182944,38.458716011047365,37.87039596557617,36.97801132202149,0
2023-09-25,37.48808670043945,38.13187308194293,37.29000207064343,37.438565542990446,8552321,Textiles,0.001322764396219922,-0.005263144960299226,0.0039114161545210635,0.00803224400225555,37.725792694091794,38.14672775268555,39.0232655843099,38.51814231872559,38.08631149291992,37.124926249186196,1
2023-09-26,37.290000915527344,37.8842623429515,37.14143366956029,37.58713162923942,6593804,Textiles,-0.005283966250264394,0.003968263316028509,-0.006493537268922656,-0.003984134964693409,37.517800903320314,37.92883186340332,38.86479568481445,38.56271209716797,38.163565673828124,37.28174565633138,0
2023-09-27,37.68617248535156,37.83473972557984,37.09191108088216,37.28999947511258,6167758,Textiles,0.010624069726403729,-0.0079051563992103,-0.0013072081732344865,-0.0013333515641512639,37.49799118041992,37.98330574035644,38.56106109619141,38.61718597412109,38.177431640625,37.468278121948245,1
2023-09-28,37.43856430053711,38.57756977517535,37.24047589909281,37.933783415036864,11547042,Textiles,-0.006570266187437723,0.017264251782946438,0.019633544593760988,0.004005315819038957,37.46827774047851,37.85454902648926,38.3134516398112,38.6592794418335,38.22695358276367,37.6333511352539,0
2023-09-29,37.290000915527344,37.68617394106944,37.19095482547531,37.63665278515443,6637805,Textiles,-0.00396819129647108,-0.00783287621568085,-0.023106583418832205,-0.0013297647901084897,37.43856506347656,37.69607925415039,38.0889523824056,38.71375370025635,38.2546858215332,37.79842414855957,0
2023-10-03,36.89382553100586,37.43856582347024,36.745258279323686,37.29000235001022,7590950,Textiles,-0.010624172024531142,-0.00921044804709481,-0.006570264150093541,-0.011984003859086934,37.31971282958985,37.52275276184082,37.871056111653644,38.597377395629884,38.278456420898436,37.95854504903158,0
2023-10-04,36.44812774658203,36.89382572575913,36.20051817795278,36.84430456767771,6890069,Textiles,-0.01208055217936832,-0.011952205798999804,-0.014550239458414715,-0.014824772688492138,37.15133819580078,37.33456954956055,37.66966730753581,38.436431312561034,38.280437316894535,37.9948610941569,0
2023-10-05,37.14143371582031,37.339522117949095,36.547172287656,36.59669344363269,10885840,Textiles,0.019021716946854506,-0.006720472185604565,0.012080514379368967,0.009575943305539125,37.04239044189453,37.27019081115723,37.66966730753581,38.181393432617185,38.302226867675785,37.988258107503256,1
2023-10-06,38.13187026977539,38.329958663184826,36.94334368754062,37.38904162815639,10279675,Textiles,0.026666621475444074,0.021650813501610466,0.026525153217202835,0.010840001430655999,37.181051635742186,37.32466468811035,37.63004989624024,38.030351638793945,38.36363388061523,38.052636591593426,1
2023-10-09,36.349082946777344,37.240475066002766,36.25003685915991,37.09191160190949,12538190,Textiles,-0.04675320959567897,-0.007946981610332249,-0.02842381351766199,-0.01876675902009728,36.99286804199219,37.21571655273438,37.46167551676432,37.814931297302245,38.36957656860351,38.044382858276364,0
2023-10-10,36.54717254638672,36.89382441889964,36.39860529918287,36.39860529918287,5950903,Textiles,0.005449645040548123,-0.01869157648620423,-0.009308437835144234,0.004098435557463809,36.92353744506836,37.121625137329104,37.32301432291667,37.63417644500733,38.26260940551758,38.052636591593426,1
2023-10-11,36.74525833129883,37.24047746664368,36.646216015518725,36.74525833129883,6017176,Textiles,0.005420003001892715,0.0095237998617419,0.009395964045583183,0.006802752861011729,36.98296356201172,37.06715087890625,37.217367553710936,37.49799137115478,38.14573776245117,38.06419169108073,1
2023-10-12,36.74525833129883,37.24047746664368,36.646216015518725,36.9433467410812,6386037,Textiles,0.0,0.005390856365640184,0.0,0.0,36.90372848510742,36.973059463500974,37.14803670247396,37.47818260192871,37.92586044311523,38.069143803914386,0
2023-10-13,36.74525833129883,36.9433467410812,36.54717369973862,36.59669485762867,5075620,Textiles,0.0,-0.009383337299732286,-0.007978703437103385,-0.0027026614627322365,36.62640609741211,36.90372886657715,37.09191182454427,37.3791389465332,37.74956253051758,38.07409591674805,0
2023-10-16,36.79478073120117,37.53760938301636,36.695734644026,36.79478073120117,7880153,Textiles,0.0013477221865156874,0.00541267112626187,0.016085782538871607,0.004064909246003889,36.715545654296875,36.85420684814453,37.04899291992187,37.27514305114746,37.595054168701175,38.09390474955241,1
2023-10-17,35.754817962646484,37.24047528150806,35.65577565267782,36.64621386525221,30285572,Textiles,-0.02826386644758072,-0.004037715757414073,-0.007915637313939738,-0.028340051001471966,36.55707473754883,36.7403060913086,36.933441670735675,37.13152942657471,37.418756103515626,37.978353627522786,0
2023-10-18,35.25959777832031,36.05195134673168,34.8139036188662,35.50720732389341,19357066,Textiles,-0.01385044624876941,-0.031081151945107188,-0.03191484334697925,-0.02361109857803334,36.259942626953126,36.62145309448242,36.798081461588545,36.97801132202149,37.25038162231445,37.831438573201496,0
2023-10-19,34.51676940917969,35.11103459009504,34.36820594761724,34.66533664896399,11290587,Textiles,-0.02106740904450588,-0.023709853248946366,-0.02609891341490278,-0.012802289456773974,35.8142448425293,36.35898666381836,36.586787923177084,36.814588737487796,37.145395050048826,37.57392450968425,0
2023-10-20,35.16055679321289,36.15099501274001,34.51677043923147,34.51677043923147,18629410,Textiles,0.018651437983706165,-0.004285728168082148,0.0296191905133536,0.00432273048644638,35.49730453491211,36.06185531616211,36.43492075602214,36.69326000213623,37.00277206420898,37.374186197916664,1
2023-10-23,33.3282470703125,35.309123477981075,33.17967982844859,35.160556236117166,12141285,Textiles,-0.05211264809248084,0.018651391445184906,-0.023287644903335347,-0.03873741934045938,34.80399780273437,35.759771728515624,36.17080383300781,36.487744140625,36.78091400146484,37.12987810770671,0
2023-10-25,33.476810455322266,34.318685193537114,32.58541834089831,33.32824699202922,9188545,Textiles,0.004457581723285475,-0.052112635300285315,-0.028050491965953328,-0.01791040451935766,34.34839630126953,35.45273551940918,35.94300282796224,36.28718032836914,36.57490280151367,36.907029469807945,1
2023-10-26,33.377769470214844,33.62537903041196,32.090200512834286,33.47681178300487,9369773,Textiles,-0.0029584952616558136,0.004457623919169151,-0.020202002472277547,-0.015197528627167167,33.97203063964844,35.11598663330078,35.738312276204425,36.09156875610351,36.376815185546874,36.703989791870114,0
2023-10-27,34.36820602416992,34.51676948606328,33.62537738003753,33.77394084193089,7030536,Textiles,0.029673539295036244,0.008875667756296446,0.026509454505928787,0.0478394289430899,33.942317962646484,34.87828140258789,35.5534304300944,35.92567043304443,36.24013458251953,36.611548868815106,1
2023-10-30,34.51676940917969,34.81390388874829,33.72441961284774,34.269159861687086,8065132,Textiles,0.004322698278323989,0.014662754994269944,0.008608407076015068,0.0029454608550805172,33.813560485839844,34.655432510375974,35.31242370605469,35.779580688476564,36.11732009887695,36.47123680114746,1
2023-10-31,34.5662956237793,35.259599359904946,34.36820722279111,34.714859090853935,5955095,Textiles,0.0014348450172871896,0.013005840556515658,0.012802226161734875,0.019089657207862265,34.061170196533205,34.43258399963379,35.19357121785482,35.64339542388916,36.00242935180664,36.32762336730957,1
2023-11-01,34.17012023925781,35.01199125560284,34.021552987798266,34.6158182154143,5098893,Textiles,-0.011461320265077624,-0.002852982210886368,-0.007022431020123121,-0.010086480005944698,34.199832153320315,34.27411422729492,35.03510106404622,35.507210159301756,35.86971069335937,36.17905769348145,0
2023-11-02,34.51676940917969,34.81390388874829,34.36820594761724,34.61581549510984,3161737,Textiles,0.010144803925027146,-7.858558881412847e-08,-0.005657700683414979,0.010189216228409625,34.42763214111328,34.19983139038086,34.88653513590495,35.41064224243164,35.75878143310547,36.05195134480794,1
2023-11-03,34.61581802368164,35.11103715484097,34.5167719305165,34.863427589261306,4844938,Textiles,0.002869579517358112,0.007153149235685108,0.008534902234526909,0.004322773877859509,34.47715454101562,34.20973625183105,34.744572448730466,35.28436145782471,35.63596725463867,35.94630457560221,1
2023-11-06,34.764381408691406,35.01199097364853,34.6653390939974,34.96246981630153,3666370,Textiles,0.004291777386515205,0.00284086315915566,-0.0028209414821797063,0.0043042021362824645,34.526676940917966,34.170118713378905,34.61251398722331,35.11598701477051,35.528999938964844,35.85221290588379,1
2023-11-07,36.44812774658203,37.1909564524698,34.91294917672508,34.91294917672508,31345257,Textiles,0.04843308782332234,-0.0014163942031738541,0.06223483493016002,0.007142872079118012,34.90304336547852,34.48210678100586,34.589403788248696,35.12093925476074,35.49532501220703,35.81919835408529,1
2023-11-08,36.349082946777344,37.04239044721173,36.15099454976439,36.79478089550101,10562858,Textiles,-0.002717418038405972,0.05390068049680741,-0.00399468095013733,0.03546092215734853,35.338835906982425,34.76933403015137,34.62902145385742,35.11103477478027,35.47353530883789,35.78123156229655,0
2023-11-09,35.60625457763672,36.44812554892634,35.457687334128224,36.44812554892634,7280441,Textiles,-0.020435959009702742,-0.00942131840815108,-0.01604283338928303,-0.01917809521621272,35.556732940673825,34.99218254089355,34.65213190714518,35.054084587097165,35.43986038208008,35.725106684366864,0
2023-11-10,35.85386276245117,35.952905068860815,35.2100764361231,35.55673206500045,5305827,Textiles,0.00695406432806811,-0.02445649729584365,-0.01358699446424938,-0.006983278285236483,35.804341888427736,35.14074821472168,34.74127146402995,35.009514808654785,35.38835754394531,35.66402969360352,1
2023-11-13,36.05195236206055,36.34908306947197,35.65577556669736,36.34908306947197,5465323,Textiles,0.00552491654586329,0.022284134633718367,0.011019359905753312,0.012658283528092396,36.06185607910156,35.29426651000976,34.800697835286456,34.97484951019287,35.30516082763672,35.6178092956543,1
2023-11-15,37.98330307006836,39.36991804716936,37.43856282128649,38.87469895223641,42201145,Textiles,0.05357132087082972,0.06948224465352726,0.0831062222924257,0.04999995726510753,36.36889114379883,35.63596725463867,35.11103490193685,35.03427562713623,35.370529632568356,35.64091936747233,1
2023-11-16,37.43856430053711,38.23091412809232,37.19095474328723,38.131871816481166,13682999,Textiles,-0.014341532344524177,-0.01910824149835655,-0.028930817628636807,-0.006613717497149119,36.586787414550784,35.962811660766604,35.375151824951175,35.11846294403076,35.40618530273437,35.6590773264567,0
2023-11-17,37.09191131591797,37.58713041552109,36.94334407474828,37.48808432866733,8668836,Textiles,-0.009259248881351101,-0.01688318608937478,-0.016839349182555363,-0.00665781962974854,36.88391876220703,36.22032585144043,35.62276128133138,35.21007862091064,35.420051422119144,35.6805367787679,0
2023-11-20,36.74525833129883,37.389044718536,36.54717369973862,37.29000240275589,7873910,Textiles,-0.00934578381972928,-0.005283863645173303,-0.005270040431266665,-0.010723728047143721,37.062197875976565,36.43326988220215,35.78123143513997,35.3215030670166,35.420051422119144,35.66733093261719,0
2023-11-21,36.94334411621094,37.83474000778575,36.74525572050299,36.7947806530964,12064843,Textiles,0.00539078493138212,-0.013280282052834824,0.011920478113440325,0.005419899836626385,37.24047622680664,36.651166152954104,35.94300308227539,35.4106424331665,35.42797485351562,35.62771339416504,1
2023-11-22,36.84430313110352,37.78522021085239,36.646214728279226,36.992866599555214,11275392,Textiles,-0.00268088846520953,0.00538353383123491,-0.0013088446470933546,-0.00269534094352486,37.01267623901367,36.69078369140625,36.094870249430336,35.58644523620605,35.42995574951172,35.64422073364258,0
2023-11-23,36.74525833129883,37.04239283508347,36.646216015518725,36.74525833129883,5713706,Textiles,-0.002688198483555615,-0.006693405810820896,-0.019659204620847248,3.512612445355501e-08,36.87401504516602,36.7304012298584,36.26654612223307,35.749867630004886,35.46957336425781,35.65082359313965,0
2023-11-24,36.59669494628906,37.09191408283365,36.49764885204685,36.89382567257138,4268264,Textiles,-0.0040430627448664325,0.004043170412167285,0.0013368803676008234,-0.004054092881212057,36.77497177124023,36.82944526672363,36.405207824707034,35.910813903808595,35.523057250976564,35.64587148030599,0
2023-11-28,36.250038146972656,36.79478220266625,36.15099583405858,36.69573611153012,6294535,Textiles,-0.009472352621600844,-0.005369179190016449,-0.008010691481271204,-0.00949795476945725,36.675927734375,36.86906280517578,36.514155832926434,36.00490550994873,35.592388000488285,35.62936414082845,0
2023-11-29,36.15099334716797,36.59669128106509,36.10147219411758,36.25003565326875,5807413,Textiles,-0.002732267464191862,-0.012145837786350366,-0.005383668817770637,-0.0013699108087734668,36.51745758056641,36.878966903686525,36.60659662882487,36.08661670684815,35.63200546264648,35.60955530802409,0
2023-11-30,35.95290756225586,36.54717277659241,35.85386524897747,36.299563215174366,6406129,Textiles,-0.005479400884225716,0.0013662762260249206,-0.0013530869250548694,-0.0068586384457876015,36.339178466796874,36.675927352905276,36.57358194986979,36.155947303771974,35.73699188232422,35.58149286905925,0
2023-12-01,35.95290756225586,36.49764784173115,35.903386405616665,36.15099596703471,6754465,Textiles,0.0,-0.00409281090405933,-0.0013550961975635767,0.0013811943648280867,36.18070831298828,36.527361679077146,36.54717025756836,36.245086669921875,35.83603576660156,35.58809585571289,0
2023-12-04,36.10147476196289,36.596693884134616,36.05195360539013,36.596693884134616,4874943,Textiles,0.004132272179927954,0.012328786667629599,0.002713765085162967,0.004137971780573402,36.08166427612305,36.42831802368164,36.58018493652344,36.32432193756104,35.94498397827149,35.61615842183431,1
2023-12-05,36.05195236206055,36.89382332942991,35.85386396437895,36.15099467179038,9849972,Textiles,-0.0013717555925034652,-0.012178674220008068,0.008119024254923168,-0.005494560521723368,36.042047119140626,36.358987426757814,36.59339090983073,36.39612865447998,36.01233383178711,35.66733118693034,0
2023-12-06,35.90338516235352,36.25003702504608,35.85386400742914,36.25003702504608,8830929,Textiles,-0.004120919672116585,0.0027396854264978288,-0.01744970421296188,1.2007126404256496e-09,35.99252548217773,36.25499153137207,36.58348642985026,36.45307884216309,36.067798461914066,35.69209213256836,0
2023-12-07,35.804344177246094,36.10147489600797,35.705298085510755,35.90338649075936,8180155,Textiles,-0.002758541699050654,-0.009562763592412704,-0.004098261442752937,-0.004143651626714484,35.96281280517578,36.15099563598633,36.43822250366211,36.420889663696286,36.117320404052734,35.77462870279948,0
2023-12-08,36.299560546875,37.190952635522486,35.85386261344036,35.90338376643937,20029208,Textiles,0.013831181132026416,-7.587919292895151e-08,0.030178205811613124,0.004160853875909698,36.03214340209961,36.10642585754395,36.36228892008464,36.41841354370117,36.202498016357424,35.868720372517906,1
2023-12-11,37.48808670043945,37.88426351647576,36.4481272811218,36.64621568913996,24142426,Textiles,0.03274216369726202,0.02068974689218428,0.01864192315125246,0.016574634484672446,36.30946578979492,36.19556503295898,36.38870061238607,36.51250514984131,36.32135070800781,36.005730946858726,1
2023-12-12,36.84430313110352,37.98330483545465,36.74525704058036,37.7356952764798,14072429,Textiles,-0.017173017510343724,0.029729661490332626,0.002614312904243743,0.008152126916338487,36.467935943603514,36.25499153137207,36.395303599039714,36.56202716827393,36.410490112304686,36.08826751708985,0
2023-12-13,36.69573593139648,37.091912737552136,36.54717246275464,37.04239158133819,7239245,Textiles,-0.0040322977253334225,-0.018372622792874438,-0.023467997367898064,-0.005390752270611809,36.62640609741211,36.30946578979492,36.37879638671875,36.59421634674072,36.48774429321289,36.16089973449707,0
2023-12-14,36.74525833129883,37.24047746664368,36.646216015518725,37.04239283508347,8828346,Textiles,0.0013495409928536706,3.384622937474546e-08,0.0040053132374902045,0.0027100195744287348,36.814588928222655,36.38870086669922,36.37219340006511,36.53231410980224,36.499629516601566,36.23353182474772,1
2023-12-15,36.64621353149414,37.28999987509293,36.59669237696082,36.89382308238261,11090419,Textiles,-0.002695444373031486,-0.004010803334501212,0.001329800577707596,-0.001351398423699024,36.88391952514648,36.458031463623044,36.36559041341146,36.492696571350095,36.51151473999023,36.31606826782227,0
2023-12-18,36.94334411621094,37.73569392082083,36.54717110301694,36.69573456613148,14299145,Textiles,0.008108084194331289,-0.005369151248131865,0.01195210638832922,-0.0013531625599872976,36.77497100830078,36.542218399047854,36.38870035807292,36.48526821136475,36.5649983215332,36.39695409138997,1
2023-12-19,36.74525833129883,37.29000240275589,36.69573717340878,37.09191399297352,7324022,Textiles,-0.00536188018845829,0.01079633454749529,-0.011810873784383391,0.004065049794772513,36.75516204833984,36.61154899597168,36.421715037027994,36.48526821136475,36.60065414428711,36.467935434977214,0
2023-12-20,35.06151580810547,37.78522101477908,34.764381308436114,36.84430391501104,25038023,Textiles,-0.045822035268131,-0.006675581044682244,0.013280197911346825,-0.05263161374428538,36.42831802368164,36.52736206054688,36.349083201090494,36.391176795959474,36.56103668212891,36.477839914957684,0
2023-12-21,35.70529556274414,35.85386280073906,34.516768993450235,34.96246692921317,10788509,Textiles,0.01836143531734713,-0.051075384410537716,-0.0511141171646079,-0.007122586557460009,36.2203254699707,36.51745719909668,36.33257573445638,36.3342264175415,36.46991638183594,36.45307884216309,1
2023-12-22,35.804344177246094,36.29956330125657,35.556734615240856,36.1509960527646,7525883,Textiles,0.0027740595040839366,0.033994429682487226,0.01243103157376746,0.030129286492254215,36.0519515991211,36.46793556213379,36.322671508789064,36.287180709838864,36.4045475769043,36.43492088317871,1
2023-12-26,35.70529556274414,36.10147234524938,35.55673210297103,36.05195119199168,7552200,Textiles,-0.002766385386410719,-0.0027397546841685383,-0.005457116780254401,-7.065524576521653e-08,35.804341888427736,36.289656448364255,36.29625956217448,36.24261074066162,36.349082946777344,36.43822224934896,0
2023-12-27,35.754817962646484,36.05195244899635,35.50720840950289,36.05195244899635,7051280,Textiles,0.0013869763328333562,3.486648103567802e-08,-0.0013716863339935381,-0.0013928077902302105,35.60625381469727,36.180707931518555,36.276450602213544,36.21784973144531,36.30946533203125,36.43492075602214,1
2023-12-28,35.556732177734375,35.85386287612716,35.50720724615073,35.75481679118169,5274318,Textiles,-0.005540114485243719,-0.008241874229558799,-0.005494558807860317,-3.2763830537518857e-08,35.70529708862305,36.06680755615234,36.25334040323893,36.188136672973634,36.25400085449219,36.418413416544595,0
2023-12-29,35.95290756225586,36.10147481039552,35.35864612614138,35.606255687559425,8058888,Textiles,0.011142063970928318,-0.004154995521020388,0.0069061438407305165,-0.0041839708479312065,35.75481948852539,35.987572479248044,36.26324462890625,36.188136672973634,36.21834503173828,36.35073356628418,1
2024-01-01,36.20051574707031,36.596692541562525,35.705296643066006,36.34908298956037,8865901,Textiles,0.006887014197271668,0.02086226949890957,0.013717382288892077,0.009803840217409876,35.83405380249023,35.943002700805664,36.2566416422526,36.200517082214354,36.19655532836914,36.30946528116862,1
2024-01-02,37.04239273071289,37.88426374713821,35.75481995986642,36.497648660790695,24691067,Textiles,0.023255938935364817,0.004087191725661743,0.03518272051807436,0.001387001970477364,36.10147323608398,35.95290756225586,36.2269287109375,36.24756298065186,36.21438323974609,36.30781466166179,1
2024-01-03,37.5376091003418,38.280437746563166,37.04239000286088,37.0919111569646,33179315,Textiles,0.013368908785914124,0.01628221318301848,0.010457481820664416,0.036011090097495035,36.458031463623044,36.032142639160156,36.27314910888672,36.321845817565915,36.26588607788086,36.33422635396322,1
2024-01-04,37.93378448486328,38.72613433476472,37.48808651359932,37.93378448486328,28478030,Textiles,0.01055409212298164,0.022696952021050265,0.011642933426004864,0.012032066794394725,36.933441925048825,36.31936950683594,36.35568567911784,36.42336578369141,36.33719772338867,36.367241032918294,1
2024-01-05,40.50892639160156,41.2022301518165,37.58713276561673,38.2804403040538,145424351,Textiles,0.06788518313446534,0.009138445422677055,0.06393862593274569,0.0026420727550733325,37.84464569091797,36.79973258972168,36.60659688313802,36.65859489440918,36.5194384765625,36.48939514160156,1
2024-01-08,47.7391242980957,48.58099529741027,41.59840640628536,41.59840640628536,454668901,Textiles,0.178484066366003,0.08667523351031581,0.1790865474612775,0.10671933040707993,40.152367401123044,37.99321060180664,37.346124267578126,37.23057308197021,36.99088714599609,36.855857340494794,1
2024-01-09,49.17525863647461,52.39418281888859,47.98673202886199,50.90852550392829,365928788,Textiles,0.030082963596301138,0.22380951343934652,0.07849134210063391,0.15357140271631575,42.57894058227539,39.340206909179685,38.1615852355957,37.81493167877197,37.51383850097656,37.27514279683431,1
2024-01-10,46.40203094482422,48.53147471397098,46.05537906529899,48.53147471397098,86723708,Textiles,-0.05639477592078013,-0.04669258766439599,-0.07372398799061075,-0.0402476451699475,44.35182495117188,40.40492820739746,38.8053700764974,38.29281806945801,37.927841644287106,37.613542556762695,0
2024-01-11,45.51063537597656,47.39246566135317,45.21350467599308,46.996292654115805,47743437,Textiles,-0.01921027055707103,-0.03163270988370015,-0.023469491898417738,-0.018279610468785346,45.86719512939453,41.40031852722168,39.5019780476888,38.73356304168701,38.31213165283203,37.92553062438965,0
2024-01-12,47.04581451416016,48.53147181460732,45.51063605934247,45.51063605934247,85339437,Textiles,0.033732316094931214,-0.03161220834391132,0.024033485858132364,0.00657173969323277,47.17457275390625,42.50960922241211,40.25801264444987,39.24859085083008,38.7617904663086,38.295294189453124,1
2024-01-15,46.05537796020508,47.54103531376008,45.56015884235341,47.392468067115765,24257975,Textiles,-0.021052596584484218,0.04134927943699873,-0.020408128247805135,0.0010881584460029625,46.837823486328126,43.49509544372559,40.94141489664714,39.719049072265626,39.1520231628418,38.6320432027181,0
2024-01-16,45.11445999145508,46.30298660651812,43.579281512017054,46.10489820763728,23248114,Textiles,-0.020430143241100263,-0.02716823816086289,-0.026041685862983832,-0.0434782797222143,46.02566375732422,44.3023021697998,41.56869252522787,40.12760486602783,39.45707809448242,38.93247604370117,0
2024-01-17,43.87641143798828,44.866849636490144,43.5792807340821,44.37163053723921,16677569,Textiles,-0.027442388841654952,-0.03759400275849534,-0.031016076397668235,-1.7851027656057283e-08,45.52053985595703,44.93618240356445,42.11013209025065,40.48416252136231,39.73836242675781,39.193291346232094,0
2024-01-18,45.31254959106445,45.80776871227828,42.44027717673548,43.876413383899965,35030329,Textiles,0.03273144056245125,-0.011160670620919189,0.020971364903295653,-0.026136355124737887,45.48092269897461,45.67405891418457,42.760519917805986,40.996714210510255,40.08303497314453,39.50693016052246,1
2024-01-19,45.213504791259766,46.05537573972953,44.81732800479056,45.75824503898854,15514016,Textiles,-0.0021858138793456883,0.04288936834064683,0.005405350105709861,0.05600931441037127,45.11446075439453,46.14451675415039,43.37789306640625,41.47212467193604,40.421764831542966,39.82056884765625,0
2024-01-23,42.53932189941406,45.0649385807106,42.24219119188893,44.7182867183016,21171097,Textiles,-0.05914566685754141,-0.02272723352481809,-0.021505354002888444,-0.05745850829452337,44.41124954223633,45.62453651428223,43.800480143229166,41.80887355804443,40.657489166259765,40.028560892740884,0
2024-01-24,45.41159057617188,46.25346532455197,42.09362407234629,42.58884317907978,57397809,Textiles,0.06752032116424922,-0.04761907701509305,0.026373646148717844,-0.0035170315589870826,44.47067565917969,45.24816970825195,44.35842666625977,42.29418830871582,40.9962190246582,40.29267768859863,1
2024-01-25,44.96589660644531,46.05537713490702,44.718287051956565,45.560158025929525,20007100,Textiles,-0.009814542148198435,0.06976744670795121,-0.004282667001380358,0.062352981893392556,44.68857269287109,45.104556274414065,44.85364583333333,42.75474224090576,41.325044555664064,40.56339747111003,0
2024-01-29,44.66876220703125,45.65920042694965,44.371631496700125,45.26302740591547,14697439,Textiles,-0.006607994543390783,-0.006521720575353274,-0.008602181386917596,-0.007751986449160531,44.55981521606445,45.02036895751953,45.30264434814453,43.210343742370604,41.70933441162109,40.82916501363118,0
2024-01-30,47.7391242980957,48.28386457872407,44.86685186827765,45.0649402734758,77346052,Textiles,0.06873622503426224,-0.004376356240232138,0.05748379575708151,0.01116074290877389,45.06493911743164,45.08969993591309,45.78465754191081,43.7996545791626,42.190687561035155,41.195627212524414,1
2024-01-31,47.14485931396485,48.38290712975407,46.30298831051701,48.03625525262192,39992599,Textiles,-0.012448175220393765,0.06593407116740302,0.0020512556708982554,0.032008852469873394,45.986046600341794,45.198648071289064,45.74503987630208,44.34687175750732,42.644308166503905,41.5455820719401,0
2024-02-01,46.005855560302734,47.73912242592496,45.75824600807099,47.441991718891245,25313541,Textiles,-0.024159659615841322,-0.012371146139628308,-0.013306035995369059,-0.011764733169981723,46.10489959716797,45.28778762817383,45.533746337890626,44.795044898986816,43.05633056640625,41.847665786743164,0
2024-02-02,46.55059814453125,47.88768828207469,46.1049001726094,46.40203089448326,30683019,Textiles,0.011840722829607797,-0.021920682221144516,0.0031120357601934767,0.0075757747462013025,46.42183990478516,45.555206298828125,45.5436508178711,45.24569435119629,43.48816177368164,42.17451044718425,1
2024-02-05,45.560157775878906,47.34294580276891,45.16398097958249,46.74868438654622,22571261,Textiles,-0.021276641077246805,0.007470653447286368,-0.011375418167965501,-0.020408225362255505,46.600119018554686,45.57996711730957,45.54695231119792,45.62701301574707,43.88829879760742,42.52446517944336,0
2024-02-06,44.37163162231445,48.68004015808963,43.67832411076445,45.75824664541446,68377522,Textiles,-0.026086963074427705,-0.021186430252073563,0.028242736750921038,-0.032894727980017247,45.92662048339844,45.495779800415036,45.368673451741536,45.82014827728271,44.225047760009765,42.8133430480957,0
2024-02-07,45.213504791259766,45.65919895326032,44.42115121832135,44.61923961155596,26745195,Textiles,0.018973229925625112,-0.024891841741332077,-0.06205502696832321,0.017006767605669992,45.54034957885742,45.76319808959961,45.312548573811846,45.69386730194092,44.58556732177735,43.12698173522949,1
2024-02-08,44.47067642211914,45.6591992323478,44.173541941340105,45.56015692423604,13659998,Textiles,-0.016429347217608803,0.021087703888983178,6.11240413839198e-09,-0.005574130120227894,45.233313751220706,45.66910667419434,45.269629669189456,45.458638191223145,44.882698669433594,43.41916109720866,0
2024-02-09,43.87641143798828,44.76780732792872,42.8364520852057,44.6687612411454,17377966,Textiles,-0.01336307499553302,-0.01956524611126742,-0.01952272311835823,-0.030269020716291672,44.69847640991211,45.56015815734863,45.269629669189456,45.332357215881345,45.136250762939454,43.68988087972005,0
2024-02-12,42.24219131469727,44.52019844997526,41.796493363002845,44.024979343253,21947732,Textiles,-0.037245984111547004,-0.014412351719738203,-0.005530958354509119,-0.024277424286546445,44.03488311767578,45.317501068115234,45.06493911743164,45.168935012817386,45.30858703613281,43.912729517618814,0
2024-02-13,42.04410171508789,42.440274722213154,40.40987719830842,42.19266517592668,17780607,Textiles,-0.004689377928660199,-0.0416198756855779,-0.04671865355899518,-0.03317541863265061,43.56937713623047,44.747998809814455,44.85364557902018,44.91884937286377,45.36999404907227,44.11576932271321,0
2024-02-14,42.68788528442383,43.03454092440801,40.80605495479425,41.10318566176503,12298306,Textiles,0.015312101890023522,-0.02582153816590982,0.014002411767702894,0.009803983183161336,43.06425323486328,44.30230140686035,44.8635498046875,44.750474739074704,45.16794448852539,44.33201497395833,1
2024-02-15,43.08406448364258,43.826893181636414,42.78693376008947,43.034543326087416,13050525,Textiles,0.00928083451731232,0.04698802862180518,0.01841200673245713,0.0485437469387735,42.786930847167966,44.010122299194336,44.70838139851888,44.64895496368408,44.92429672241211,44.53340403238932,1
2024-02-16,44.71828842163086,45.80776898346221,42.98502148712148,43.28215220596439,37866855,Textiles,0.03793105310685663,0.005753723886431361,0.045197723544223134,0.004629631282828228,42.95530624389649,43.826891326904295,44.691874186197914,44.691048812866214,44.85694702148437,44.772760009765626,1
2024-02-19,44.4211540222168,45.26302880204815,44.2725905515798,45.064940396310064,11899496,Textiles,-0.006644583455710618,0.04118991546127426,-0.01189187322374785,0.029953900682452517,43.39109878540039,43.71299095153809,44.675366973876955,44.64647903442383,44.813367767333986,44.989005661010744,0
2024-02-20,43.8268928527832,44.81733110934327,43.72785053841604,44.47067923083609,9848287,Textiles,-0.013377886786470672,-0.013186773581589595,-0.009846837573642575,-0.01230422720642721,43.747657012939456,43.658517074584964,44.41455154418945,44.5771484375,44.68461090087891,45.09960454305013,0
2024-02-21,43.03454208374024,44.37163219024036,42.88597483714154,44.024980319139445,9180869,Textiles,-0.018079099782512764,-0.01002230951731442,-0.00994478939443122,-0.01925262026165442,43.81698837280273,43.440620803833006,44.14053039550781,44.601909446716306,44.563777465820316,44.94278513590495,0
2024-02-22,43.77737045288086,44.02498000999193,42.4402765775479,43.33167249443654,11142795,Textiles,0.01726121234647171,-0.015748055301264885,-0.007812473040481938,-0.010392634451849792,43.95564956665039,43.37129020690918,43.991964721679686,44.52019844055176,44.510293884277345,44.762855529785156,1
2024-02-23,43.48023986816406,44.12402245161739,43.38119377809446,43.97545898384601,8514109,Textiles,-0.0067873100106962125,0.014857180725994956,0.002249687373009346,0.022170383334503052,43.70803985595703,43.331673049926756,43.78727416992187,44.445915603637694,44.494447021484376,44.665462493896484,0
2024-02-26,43.77737045288086,44.61924143576968,43.57928205154761,43.72784929710305,10378204,Textiles,0.006833692399529578,-0.005630633368350235,0.01122334176797457,0.004566224582624789,43.57928314208984,43.48519096374512,43.668421681722,44.40134601593017,44.433039855957034,44.60768699645996,1
2024-02-27,43.18310546875,44.074501390177225,43.03454200066015,44.02498023414727,8071886,Textiles,-0.013574707159958121,0.00679500459822302,-0.01220863528970162,-0.012499977632561943,43.4505256652832,43.599091339111325,43.589186604817705,44.17354507446289,44.35182388305664,44.47893002827962,0
2024-02-28,41.74697113037109,43.43071302718721,41.44983665143004,43.28214956593853,10236517,Textiles,-0.03325685642081,-0.016872935870907546,-0.014606821238674184,-0.036824031941731894,43.19301147460938,43.50499992370605,43.35808436075846,43.9036506652832,44.32012985229492,44.33531646728515,0
2024-02-29,41.89553451538086,42.24219014744065,40.707007936445,41.59840381520235,11574257,Textiles,0.0035586626044277203,-0.038901620359013456,-0.02736595365133776,-0.0179211493939484,42.816644287109376,43.38614692687988,43.18640823364258,43.69813461303711,44.17948760986328,44.22801895141602,1
2024-03-01,41.79649353027344,42.3412337942036,41.69744744159944,42.09362423985153,6587701,Textiles,-0.0023639986039816208,0.011904793915871181,0.0023446617331452924,0.024330933550822165,42.47989501953125,43.09396743774414,43.04774703979492,43.46042938232422,44.052711486816406,44.158688354492185,0
2024-03-04,41.40031814575195,42.29171408314741,41.25175467500077,42.24219292623035,7413651,Textiles,-0.009478675148539284,0.0035294819360829344,-0.0011695386888553871,-0.010688730220786202,42.00448455810547,42.791883850097655,42.99162216186524,43.25243740081787,43.92197372436524,44.028280639648436,0
2024-03-05,40.60796737670898,41.598405605409205,40.50892506512776,41.44983835981537,8509320,Textiles,-0.019138760389556975,-0.01875742028352345,-0.016393482571435358,-0.018007224558696744,41.48945693969726,42.469991302490236,42.89587987263997,43.064254188537596,43.63672744750976,43.87476272583008,0
2024-03-06,39.71657180786133,41.103186851489546,38.924221973597504,40.60796773279691,14344028,Textiles,-0.021951248152324854,-0.020310588902914373,-0.011904753240236321,-0.03911985047696209,41.083377075195315,42.13819427490235,42.697792307535806,42.78940753936767,43.33959594726562,43.78067105611165,0
2024-03-07,40.16226959228516,40.70700986478776,39.7165716317932,39.7165716317932,7723884,Textiles,0.011221960107232087,-0.02195126106455636,-0.00963859537542,0.020356210555297682,40.736724090576175,41.77668418884277,42.50300598144531,42.57398719787598,43.10585250854492,43.6056936899821,1
2024-03-11,38.72613143920898,40.40987710574456,38.577567978710505,40.40987710574456,10879904,Textiles,-0.03575839133732761,0.01745632730787805,-0.007299302012851117,-0.028678297402964237,40.12265167236328,41.301273345947266,42.103528849283855,42.316473197937015,42.79287384033203,43.397701517740884,0
2024-03-12,37.834739685058594,39.12230857884455,37.63665129104032,38.82517787692807,10963061,Textiles,-0.02301783630388332,-0.03921564088575791,-0.03186271820452957,-0.024390254154679658,39.40953598022461,40.70701026916504,41.66443456013997,42.096100616455075,42.48385711669922,43.169900767008464,0
2024-03-13,35.210079193115234,38.47852467744006,34.66533890876478,37.83474207892483,23923525,Textiles,-0.06937170742527587,-0.02551014192756107,-0.016455672601913274,-0.07894731014453682,38.32995834350586,39.909707641601564,41.08998031616211,41.75439949035645,42.11739501953125,42.75226593017578,0
2024-03-14,37.834739685058594,38.131870386975066,34.566294407533675,35.25959811926482,17654474,Textiles,0.07454287386143021,-0.06806294474766483,-0.009009032788313776,-0.002857162351471043,37.953591918945314,39.51848449707031,40.743326822916664,41.511742210388185,41.8222444152832,42.44192860921224,1
2024-03-15,37.389041900634766,38.72613195400448,36.69573440776008,37.93378215281421,12270484,Textiles,-0.011780120284528905,0.07584272584457774,0.015584380230989181,0.06160452072531952,37.398946380615236,39.0678352355957,40.31743825276693,41.22699108123779,41.538979034423825,42.154701487223306,0
2024-03-18,37.14143371582031,37.9833047020901,36.64621459960937,37.38904327392578,8642698,Textiles,-0.006622480069762071,-0.014360257479572702,-0.019181550401073943,-0.0013494704207427377,37.0820068359375,38.60232925415039,39.89485117594401,40.848148345947266,41.26957992553711,41.84106267293294,0
2024-03-19,36.39860534667969,37.73569546037093,36.20051694289008,37.14143402722417,7979446,Textiles,-0.01999999178341405,-0.006622508227544954,-0.006518896753750614,-0.012162174499847023,36.79477996826172,38.10215797424316,39.402933502197264,40.44702091217041,41.03583648681641,41.53567759195963,0
2024-03-20,36.00242614746094,37.04238925371615,35.655774297523735,36.448124081824346,8142105,Textiles,-0.010884460968911491,-0.018666752201641934,-0.018372689258711716,-0.015047924487535225,36.95324935913086,37.64160385131836,38.92422154744466,40.0557975769043,40.79416946411133,41.256704076131186,0
2024-03-21,36.64621353149414,37.24047494233771,36.44812513513898,36.54717122242752,7852289,Textiles,0.01788177778342881,0.0027174825343774245,0.005347540820458407,0.02222223057066741,36.71554412841797,37.33456802368164,38.584171040852866,39.736381149291994,40.55250259399414,40.97112770080567,1
2024-03-22,38.28043746948242,39.41943911851109,36.74525525582602,36.89382249528369,41484498,Textiles,0.0445946192117177,0.009485037042851863,0.05851064411899243,0.008152137307073204,36.8938232421875,37.14638481140137,38.3431645711263,39.46153450012207,40.360357513427736,40.76478640238444,1
2024-03-26,37.04239273071289,38.23091562961402,36.893825479239176,38.23091562961402,13130883,Textiles,-0.03234144697945296,0.036241653585807,-0.03015069507518575,0.0040432491862905096,36.87401504516602,36.978010940551755,38.026224517822264,39.13964214324951,40.05332168579102,40.53698577880859,0
2024-03-27,36.49764633178711,37.53760946929624,36.34908286801574,37.33952107271251,17716530,Textiles,-0.014706026224761581,-0.02331606612662518,-0.0181346993369087,-0.014765143059777608,36.8938232421875,36.84430160522461,37.69937973022461,38.77565593719483,39.73638137817383,40.34550094604492,0
2024-03-28,36.20051574707031,37.73569421383928,36.051952282802176,36.74525600583066,15197221,Textiles,-0.008141088935316176,-0.01591517646208196,0.005276967482574113,-0.00817436264602478,36.933441162109375,36.94334526062012,37.40554962158203,38.42652645111084,39.43132629394531,40.150714747111,0
2024-04-01,38.775657653808594,39.02326720771996,36.74525628915784,36.84430237765555,14685684,Textiles,0.07113550328206819,0.002695487325198531,0.034120824346951295,0.019230692443981345,37.35932998657226,37.03743705749512,37.342822011311846,38.277960777282715,39.26097091674805,40.02030715942383,1
2024-04-02,39.270877838134766,39.468962464116245,38.08235119113562,38.82517987323233,14963009,Textiles,0.012771419346321089,0.053763468643610146,0.011421269624192654,0.03638823176128758,37.55741806030274,37.225620651245116,37.28339589436849,38.14672794342041,39.08071121215821,39.893200937906904,1
2024-04-03,40.756534576416016,41.499363247104846,39.072788833876935,39.27087723503836,29239201,Textiles,0.03783100404337225,0.011479595542410292,0.05144297331946768,0.026007786067890004,38.30024642944336,37.58713073730469,37.418756103515626,38.09472999572754,38.97176300048828,39.76114247639974,1
2024-04-04,40.40987777709961,41.35079482210935,39.81561636878919,41.301273667787136,17561184,Textiles,-0.008505551389960453,0.051702344732376115,-0.0035800169778715807,0.019011377408213237,39.08269271850586,37.98825798034668,37.59043197631836,38.04520797729492,38.83706329345703,39.62743326822917,0
2024-04-05,40.707008361816406,40.85557560256905,39.76609509778929,40.409877658533006,13045535,Textiles,0.007352919658796475,-0.021582772880667234,-0.011976050803152116,-0.0012437650227794528,39.98399124145508,38.458716201782224,37.95689392089844,38.050160026550294,38.738019409179685,39.523437118530275,1
2024-04-08,40.40987777709961,41.647925526264565,40.16226822726662,41.05366411795414,11509762,Textiles,-0.007299248868298247,0.01593141322676561,0.019393923889440723,0.009962585677650848,40.31083526611328,38.835082626342775,38.128569793701175,38.084825325012204,38.68453567504883,39.435948308308916,0
2024-04-09,39.815616607666016,40.60796641624097,39.4689609688869,40.60796641624097,8537361,Textiles,-0.01470583931759284,-0.0108564658304946,-0.02497024994360797,-0.01726265196120147,40.41978302001953,38.98860054016113,38.29034144083659,38.06749267578125,38.601338958740236,39.30388984680176,0
2024-04-10,39.96417999267578,40.360356785292566,39.320397427450885,40.01370492541931,8268805,Textiles,0.003731284296653703,-0.014634111069004141,-0.006097562936551615,-0.00376406010670316,40.261312103271486,39.28077926635742,38.47852452596029,38.12939510345459,38.528046417236325,39.18668785095215,1
2024-04-12,39.56800842285156,40.508925506001525,39.41944117564081,40.112748698920896,10772798,Textiles,-0.00991316648801066,0.0024752462609045622,0.003681055682914547,0.002518889804526303,40.09293823242187,39.58781547546387,38.68981806437174,38.216058540344235,38.45475402832031,39.0463757832845,0
2024-04-15,38.37948226928711,38.87470139534243,37.141434454148815,37.38904401717648,12930807,Textiles,-0.030037553087409075,-0.06790122268080045,-0.04034232185242692,-0.05778891464599678,39.62743301391602,39.805712127685545,38.848288472493486,38.37452869415283,38.365614624023436,38.88625500996908,0
2024-04-16,38.62709045410156,39.22135187287588,37.88426179152269,38.03282903532725,9798024,Textiles,0.00645157699306953,0.017218547172669352,0.00891712257820676,0.019999963606437854,39.27087554931641,39.790855407714844,38.98034693400065,38.41414623260498,38.32203536987305,38.78225898742676,1
2024-04-18,38.329959869384766,39.32039808937806,38.13187146974172,39.02326737902447,8404791,Textiles,-0.007692284902220625,0.026041668969122522,0.0025253136817724453,0.006535950986233496,38.97374420166015,39.696763610839845,38.98364842732747,38.46119213104248,38.24874298095703,38.66340649922689,0
2024-04-19,38.23091506958008,38.47852463292767,37.33952290846199,37.58713247180959,11531372,Textiles,-0.0025840047874351457,-0.03680201591696597,-0.02141060358892477,-0.020779167943762555,38.62709121704101,39.44420166015625,39.06288324991862,38.51566619873047,38.228934326171874,38.54455388387044,0
2024-04-22,38.72613143920898,39.2708754623689,38.08234888727191,38.32995843299121,10785391,Textiles,0.012953296271554171,0.01976277285155348,0.020592027293145687,0.01989382619137814,38.4587158203125,39.27582702636719,39.211448923746744,38.632042503356935,38.26458999633789,38.455414326985675,1
2024-04-23,39.56800842285156,39.86513913905101,38.72613365236074,38.924222055901055,12213712,Textiles,0.021739248211873008,0.015503894269771834,0.015132427522568603,0.01690506977378159,38.69642105102539,39.1619270324707,39.4359484354655,38.81032161712646,38.43890716552735,38.420749028523765,1
2024-04-24,39.51848602294922,40.16226859141905,39.41943993518483,39.76609557502729,8606250,Textiles,-0.0012515767630534302,0.02162852523853087,0.007453365491379316,0.017902801478913766,38.87470016479492,39.072787857055665,39.485470326741535,38.95393524169922,38.50625701904297,38.414146169026694,0
2024-04-25,39.71657180786133,40.26131586100087,39.41944109229015,39.61752949541162,9738919,Textiles,0.005012484152279395,-0.003735998655824191,0.002466177162187888,2.9353672159615485e-08,39.15202255249024,39.062883377075195,39.51518325805664,39.02574195861816,38.59935821533203,38.39928957621257,1
2024-04-26,39.41944122314453,39.86513918709183,39.2213528193655,39.76609687431334,7529746,Textiles,-0.007481274722154763,0.0037500414789601866,-0.009840132281736858,-0.00502514159094436,39.38972778320313,39.00840950012207,39.42604370117188,39.14459438323975,38.690478515625,38.42239990234375,0
2024-04-29,39.36991882324219,40.01370517063429,39.32039766841709,39.766095618286855,6435812,Textiles,-0.0012562938074643926,-3.1585359994146245e-08,0.003726714281498511,0.0025252787558791567,39.51848526000977,38.98860054016113,39.356713104248044,39.2882080078125,38.8093310546875,38.4735725402832,0
2024-04-30,38.9737434387207,39.76609705748661,38.72613387741188,39.51848749617778,6941541,Textiles,-0.010062895641217318,-0.006226613859350416,-0.0061880826104900866,-0.015113371843706647,39.39963226318359,39.048026657104494,39.241162109375,39.42686939239502,38.92818374633789,38.59902801513672,0
2024-05-02,39.32039642333984,39.56800596784674,38.67661009633319,39.02326572557593,8176676,Textiles,0.008894526263923952,-0.01253139484778465,-0.004981406381257658,-0.0012788206856759743,39.36001434326172,39.11735725402832,39.16853001912435,39.45410633087158,39.03515106201172,38.64854990641276,1
2024-05-03,39.12231063842773,39.66705091698928,38.726133829534575,39.56800860387702,8144307,Textiles,-0.005037736211492727,0.013959438508603927,0.0025031574556229064,0.0012804569241728903,39.241162109375,39.19659233093262,39.12230962117513,39.44667797088623,39.06882598876953,38.70632553100586,0
2024-05-06,38.72613143920898,39.51848500808819,38.32995843299121,39.41943892286738,6689428,Textiles,-0.010126682007110421,-0.003754792981800037,-0.0037453227670489753,-0.010230181982204933,39.102500152587886,39.24611396789551,39.039773050944014,39.34515781402588,39.136175537109374,38.75914878845215,0
2024-05-07,38.18139266967773,38.82517902471385,37.88426195897721,38.726132935665696,6468384,Textiles,-0.014066439101627415,-0.017587921242569804,-0.017543840135380906,-0.011627888268993858,38.864794921874996,39.191640090942386,38.94733200073242,39.233733558654784,39.203525390625,38.81857503255208,0
2024-05-08,38.28043746948242,38.726131631411725,37.785218375586,38.2309125375153,4919951,Textiles,0.002594059380221392,-0.012787757532441657,-0.0025511123397287117,-0.0026143727835707953,38.726133728027335,39.06288299560547,38.94072901407878,39.11240501403809,39.28672225952148,38.89450874328613,1
2024-05-09,37.290000915527344,38.62709101634271,37.14143366956029,38.32996030263063,5507209,Textiles,-0.025873177513832335,0.0025907769012349924,-0.0025574621294909283,-0.017038004111196825,38.320054626464845,38.84003448486328,38.85158971150716,38.95641117095947,39.22729598999023,38.915968322753905,0
2024-05-10,37.88426208496094,38.03282932991625,36.44812590387357,37.389042972739226,7412202,Textiles,0.015936206887732896,-0.02454782949062506,-0.015384582964713456,-0.018666693694566083,38.072444915771484,38.65680351257324,38.821876525878906,38.85984344482422,39.17183135986328,38.90276247660319,1
2024-05-13,37.68617248535156,37.88426087958198,36.89382268665174,37.88426087958198,7660453,Textiles,-0.005228809767104048,0.01324500087375391,-0.003906321274326108,0.012228249648654987,37.864453125,38.483476638793945,38.785560353597006,38.74594306945801,39.049016876220705,38.92422180175781,0
2024-05-14,38.42900085449219,38.62708924730221,37.48808382231097,37.48808382231097,7409954,Textiles,0.01971089978504348,-0.010457563327691433,0.01960783582610648,0.016107334301095122,37.91397476196289,38.38938484191895,38.765751647949216,38.68899269104004,38.96978179931641,38.98860028584798,1
2024-05-15,38.18139266967773,38.97374249095313,37.9337831143903,38.726132935665696,9725955,Textiles,-0.0064432636630862294,0.03302513724688971,0.008974355831772307,0.011889092389781641,37.89416580200195,38.31014976501465,38.67331059773763,38.67908821105957,38.86875717163086,39.054629516601565,0
2024-05-16,37.98330307006836,38.52804709707208,37.83473960852159,38.28043754960561,5490718,Textiles,-0.0051881187604422285,-0.01150890502804669,-0.011435786388348634,-0.002610957772654632,38.03282623291015,38.1764404296875,38.57096506754557,38.64689884185791,38.77169418334961,39.02821769714355,0
2024-05-17,39.815616607666016,39.96418007152399,37.78521904249835,38.082349748436215,24175992,Textiles,0.0482399736067598,-0.005174648302091689,0.03727500049077359,-0.001308864988516678,38.419097137451175,38.24577102661133,38.57756805419922,38.72118167877197,38.77169418334961,39.04637565612793,1
2024-05-21,37.78522109985352,37.93378457180058,36.44812718299725,36.84430399796698,26334969,Textiles,-0.05099495325714898,-0.03250969960224348,-0.0508053836232748,-0.03538663777487239,38.438906860351565,38.15167999267578,38.46862004597982,38.698896980285646,38.68453582763672,38.94733187357585,0
2024-05-22,37.73569488525391,38.62709079961064,37.24047577243839,38.42900239884003,13131669,Textiles,-0.0013107297815918573,0.04301067543467485,0.018276748171482282,0.0217390755213005,38.300245666503905,38.1071102142334,38.35967178344727,38.64937515258789,38.61124328613281,38.858192443847656,0
2024-05-23,37.58713150024414,37.93378336868155,37.53761034449908,37.73569496747932,7088953,Textiles,-0.003936945787311519,-0.01804125499187148,-0.017948735371395852,0.007978807088189876,38.181393432617185,38.03777961730957,38.26723098754883,38.55033130645752,38.57954925537109,38.75419654846191,0
2024-05-24,37.48808670043945,37.83474235902676,37.438565542990446,37.63665395100861,7145725,Textiles,-0.002635072053956633,-0.002624597653655525,-0.002610891950644678,-0.0026385483945210453,38.082350158691405,38.05758819580078,38.145077006022134,38.44881134033203,38.533989105224606,38.65680351257324,0
2024-05-27,37.290000915527344,37.78522003112148,37.042391357730274,37.63665278515443,6903515,Textiles,-0.005283966250264394,-3.09765628703218e-08,-0.0013089114612000463,-0.010581980893612175,37.57722702026367,37.99816207885742,38.02292302449544,38.32748279571533,38.49239074707031,38.57261632283529,0
2024-05-28,37.29999923706055,37.75,37.09999847412109,37.75,5755272,Textiles,0.00026812339200121826,0.003011617836809366,-0.0009321113147541249,0.0015551673172091718,37.48018264770508,37.95954475402832,37.92784754435221,38.22151069641113,38.45515411376953,38.48381029764811,1
2024-05-29,37.150001525878906,37.59999847412109,36.95000076293945,37.29999923706055,4853352,Textiles,-0.004021386441011132,-0.011920550011641162,-0.003973550354408273,-0.004043065157705139,37.36304397583008,37.83164482116699,37.85908813476563,38.11051483154297,38.39210891723633,38.40321006774902,0
2024-05-30,36.84999847412109,37.400001525878906,36.79999923706055,37.150001525878906,4895504,Textiles,-0.008075451936356837,-0.004021386441011132,-0.00531906798825621,-0.00405958113076299,37.21561737060547,37.69850540161133,37.76372553507487,38.004327583312985,38.28338851928711,38.352227274576826,0
2024-05-31,36.5,37.20000076293945,36.400001525878906,37.20000076293945,5751289,Textiles,-0.00949792370729352,0.0013458744281804602,-0.005347613764161596,-0.010869503246587309,37.01800003051758,37.55017509460449,37.71105880737305,37.86330776214599,38.16264907836914,38.281324259440105,0
2024-06-03,36.900001525878906,38.29999923706055,36.79999923706055,38.150001525878906,7997503,Textiles,0.010958945914490537,0.025537654393972264,0.029569850848416346,0.010988947648731706,36.94000015258789,37.25861358642578,37.64544143676758,37.75219230651855,38.04998626708984,38.233658981323245,1
2024-06-04,35.099998474121094,37.150001525878906,33.5,37.150001525878906,12469579,Textiles,-0.04878056849118084,-0.026212318741891893,-0.03002605049842555,-0.0896738941705516,36.5,36.99009132385254,37.47302983601888,37.57088565826416,37.87720855712891,38.129295094807944,0
2024-06-05,36.59999847412109,36.79999923706055,34.599998474121094,35.849998474121094,6830753,Textiles,0.042735044592834726,-0.03499335123451397,-0.009421326364537186,0.03283577534689841,36.38999938964844,36.87652168273926,37.35109634399414,37.49181594848633,37.76641174316406,38.05842399597168,1
2024-06-06,36.70000076293945,37.150001525878906,36.09999847412109,36.400001525878906,9985433,Textiles,0.002732303087090937,0.01534178731290159,0.009510931958549573,0.04335260306794275,36.35999984741211,36.78780860900879,37.25233688354492,37.41279411315918,37.675462036132814,37.96282374064128,1
2024-06-07,37.04999923706055,37.25,36.59999847412109,37.0,6481284,Textiles,0.009536742965807532,0.01648347387278326,0.0026917488563609204,0.013850416097896279,36.46999969482422,36.7439998626709,37.19011662801107,37.40079402923584,37.58464614868164,37.88054084777832,1
2024-06-10,37.060001373291016,37.43999862670898,36.93000030517578,37.25,6063373,Textiles,0.0002699631966649463,0.006756756756756799,0.0051006342740664845,0.00901644384734146,36.50199966430664,36.72099990844727,37.0064089457194,37.359580993652344,37.50215377807617,37.79198849995931,1
2024-06-11,37.84000015258789,38.54999923706055,36.900001525878906,37.25,15579253,Textiles,0.02104691717197338,0.0,0.02964745328702323,-0.0008123146235845535,37.05,36.775,37.01006088256836,37.36727237701416,37.46670852661133,37.739340464274086,1
2024-06-12,40.47999954223633,40.959999084472656,38.09999847412109,38.25,77605955,Textiles,0.06976742544933323,0.02684563758389258,0.06251620998983642,0.032520241155019836,37.82600021362305,37.10799980163574,37.193014526367186,37.469822311401366,37.558652801513674,37.776343154907224,1
2024-06-13,40.02999877929688,41.77999877929688,39.61000061035156,41.25,52337969,Textiles,-0.011116619763543278,0.07843137254901955,0.020019524246890796,0.039632603588058535,38.491999816894534,37.42599983215332,37.355872344970706,37.562252616882326,37.62863525390625,37.81155166625977,0
2024-06-14,39.38999938964844,40.18999862670898,39.20000076293945,40.0,13962076,Textiles,-0.015987994233450875,-0.030303030303030276,-0.038056491121196356,-0.010350917472719323,38.95999984741211,37.714999771118165,37.4826665242513,37.63258743286133,37.71263519287109,37.81387176513672,0
2024-06-18,39.02999877929688,39.79999923706055,38.900001525878906,39.54999923706055,12931527,Textiles,-0.00913939111271378,-0.011250019073486328,-0.00970389158931817,-0.007653041612799449,39.353999328613284,37.92799949645996,37.59866638183594,37.59330654144287,37.758464660644535,37.81079470316569,0
2024-06-19,38.58000183105469,39.18000030517578,38.25,39.0,11485600,Textiles,-0.011529514791604134,-0.01390642851252366,-0.015577862908787266,-0.01670955013835873,39.50199966430664,38.27599983215332,37.683999888102214,37.63304557800293,37.794217834472654,37.80592371622721,0
2024-06-20,39.27999877929688,40.15999984741211,38.20000076293945,38.70000076293945,14261917,Textiles,0.018144036159136068,-0.007692288129757641,0.025012749734636186,-0.0013071695963541297,39.26199951171875,38.5439998626709,37.82599970499675,37.71026077270508,37.82825775146485,37.84254391988119,1
2024-06-21,38.61000061035156,39.709999084472656,38.43999862670898,39.5,10490306,Textiles,-0.017056980391212506,0.020671814503596897,-0.01120519832293898,0.006282666465346365,38.97799987792969,38.73499984741211,37.94333318074544,37.76140422821045,37.8454020690918,37.853529357910155,0
2024-06-24,38.540000915527344,38.91999816894531,38.29999923706055,38.59000015258789,6828138,Textiles,-0.0018129938802811107,-0.023037970820559694,-0.019894256704635627,-0.0036420237942245137,38.80800018310547,38.88400001525879,38.079333241780596,37.81399993896484,37.86766998291016,37.895196024576826,0
2024-06-25,38.27999877929688,39.0,38.15999984741211,39.0,5663109,Textiles,-0.006746292943799803,0.010624510126741038,0.0020555456017088414,-0.003655336617160221,38.65800018310547,39.00599975585938,38.17133305867513,37.86349983215332,37.80624526977539,37.90838724772136,0
2024-06-26,38.68999862670898,39.20000076293945,38.209999084472656,38.400001525878906,10827065,Textiles,0.010710550169448663,-0.01538457625951517,0.005128224690755134,0.001310252548754498,38.67999954223633,39.090999603271484,38.410666402180986,37.932999801635745,37.84243637084961,37.94184811909994,1
2024-06-27,38.13999938964844,38.880001068115234,37.900001525878906,38.77999877929688,7769670,Textiles,-0.014215540361401269,0.00989576141453763,-0.008163257362146625,-0.008112995708490445,38.45199966430664,38.8569995880127,38.51333312988281,37.98249969482422,37.85860855102539,37.93221473693848,0
2024-06-28,38.08000183105469,38.7400016784668,38.0,38.5,6728587,Textiles,-0.0015730875604060834,-0.007220185356126452,-0.003600807248003046,0.002638482060556502,38.34599990844727,38.66199989318848,38.605333201090495,38.0439998626709,37.87832336425781,37.92883504231771,0
2024-07-01,38.90999984741211,39.09000015258789,38.119998931884766,38.29999923706055,11733271,Textiles,0.021796165347884644,-0.005194825011414328,0.009034549792382496,0.0031578666285465573,38.41999969482422,38.613999938964845,38.7293332417806,38.164499855041505,37.935199890136715,37.95972493489583,1
2024-07-02,38.65999984741211,40.18999862670898,38.5099983215332,39.20000076293945,16758594,Textiles,-0.00642508355128224,0.023498734825248446,0.028140150161863442,0.01023083422287896,38.49599990844727,38.577000045776366,38.83599980672201,38.25249977111817,37.98999984741211,37.9212043762207,0
2024-07-03,38.380001068115234,38.95000076293945,38.290000915527344,38.77999877929688,8490423,Textiles,-0.007242596492550657,-0.010714336108882172,-0.030853394031854053,-0.005712734759659721,38.434000396728514,38.55699996948242,38.87199986775716,38.41649990081787,38.0331999206543,37.94103037516276,0
2024-07-04,38.290000915527344,38.70000076293945,38.25,38.68000030517578,5596531,Textiles,-0.0023449752496922383,-0.002578609522145836,-0.006418485111760797,-0.0010446830653149108,38.4640007019043,38.45800018310547,38.725999959309895,38.501000022888185,38.078799896240234,37.95950724283854,0
2024-07-05,38.18999862670898,38.380001068115234,38.0,38.2599983215332,7534895,Textiles,-0.0026117076632874436,-0.010858375913362583,-0.008268725801438781,-0.006535947712418277,38.486000061035156,38.41599998474121,38.6033332824707,38.57549991607666,38.13239990234375,37.9796028137207,0
2024-07-08,37.95000076293945,38.45000076293945,37.900001525878906,38.38999938964844,7402639,Textiles,-0.0062843119245801216,0.003397832561902403,0.0018238585950007824,-0.002631538792660315,38.294000244140626,38.35699996948242,38.50733337402344,38.620499992370604,38.190399932861325,37.99499994913737,0
2024-07-09,38.040000915527344,38.54999923706055,37.95000076293945,38.0,6278215,Textiles,0.002371545475060577,-0.01015887980851593,0.0026007404977084203,0.001319241030278251,38.17000045776367,38.33300018310547,38.4413335164388,38.66949996948242,38.23599990844727,38.01999994913737,1
2024-07-10,37.77999877929688,38.20000076293945,37.400001525878906,38.20000076293945,8232539,Textiles,-0.006834966613377014,0.00526317797209086,-0.009079078626404224,-0.014492733228022914,38.05,38.24200019836426,38.38799997965495,38.66649990081787,38.3431999206543,38.03599993387858,0
2024-07-11,37.810001373291016,38.36000061035156,37.77999877929688,38.0,5326272,Textiles,0.0007941396231747611,-0.005235621961910741,0.004188477597292017,0.01016035395493331,37.954000091552736,38.20900039672851,38.29000015258789,38.532999992370605,38.39160003662109,38.05799992879232,1
2024-07-12,37.709999084472656,38.040000915527344,37.650001525878906,37.84999847412109,4897374,Textiles,-0.0026448634008514604,-0.0039474085757609245,-0.00834201485225905,-0.003440901472162361,37.85800018310547,38.172000122070315,38.23000005086263,38.4170000076294,38.43199996948242,38.086666615804035,0
2024-07-15,37.66999816894531,37.970001220703125,37.40999984741211,37.880001068115234,7203094,Textiles,-0.001060750901577534,0.0007926709432937162,-0.0018401601771688147,-0.00637454631447576,37.80199966430664,38.047999954223634,38.17199986775716,38.33099994659424,38.45679992675781,38.12566655476888,0
2024-07-16,37.97999954223633,38.56999969482422,37.650001525878906,37.68000030517578,9700301,Textiles,0.008229397089447588,-0.00527985103748585,0.015801908212579763,0.006415441845648573,37.789999389648436,37.97999992370605,38.151999918619794,38.27849998474121,38.493599853515626,38.16166648864746,1
2024-07-18,37.560001373291016,38.15999984741211,37.25,38.04999923706055,6910802,Textiles,-0.011058403739006017,0.009819504482168062,-0.010630019462176121,-0.010624210084134056,37.74599990844727,37.897999954223636,38.076666768391924,38.22749996185303,38.48239990234375,38.243666585286455,0
2024-07-19,36.97999954223633,37.86000061035156,36.880001068115234,37.810001373291016,6855079,Textiles,-0.015442007716941375,-0.006307434128297595,-0.007861615258389243,-0.009932857231805814,37.57999954223633,37.76699981689453,37.99933344523112,38.1125,38.34239990234375,38.25633328755696,0
2024-07-22,37.2400016784668,37.5,36.470001220703125,36.79999923706055,5859430,Textiles,0.007030885328527692,-0.026712565446874947,-0.009508732291280797,-0.011117132200046953,37.486000061035156,37.672000122070315,37.94333343505859,38.04400005340576,38.230800018310546,38.27433331807455,1
2024-07-23,36.970001220703125,37.59000015258789,36.20000076293945,37.5,9069938,Textiles,-0.00725028049393972,0.01902176025684521,0.0024000040690104196,-0.007403357519231379,37.34600067138672,37.57400016784668,37.814000193278,37.965500068664554,38.134000091552736,38.2716667175293,0
2024-07-24,37.45000076293945,37.790000915527344,36.900001525878906,36.970001220703125,7023960,Textiles,0.012983487324515597,-0.014133300781249969,0.005320584254524974,0.019337037242719957,37.24000091552735,37.51500015258789,37.733333587646484,37.92400016784668,38.07080017089844,38.28466669718424,1
2024-07-25,37.36000061035156,38.47999954223633,37.09999847412109,37.400001525878906,13873757,Textiles,-0.002403208297847459,0.011631060075134148,0.018258761841561055,0.005419971272952795,37.20000076293945,37.47300033569336,37.6653335571289,37.85750026702881,38.02200012207031,38.268666712443036,0
2024-07-26,37.75,38.43999862670898,37.04999923706055,37.5,13083447,Textiles,0.01043895565516606,0.002673755883456419,-0.0010395248441581462,-0.001347688385901602,37.354000854492185,37.46700019836426,37.62933349609375,37.83800029754639,37.96080017089844,38.177666727701826,1
2024-07-29,38.18999862670898,39.11000061035156,38.09999847412109,38.25,18759498,Textiles,0.011655592760502653,0.020000000000000018,0.017429812892268304,0.028340060963084834,37.544000244140626,37.51500015258789,37.62933349609375,37.8435001373291,37.94400009155274,38.116333389282225,1
2024-07-30,40.77999877929688,41.25,37.970001220703125,38.310001373291016,113718567,Textiles,0.06781880716739619,0.0015686633540135109,0.054717447104360994,-0.0034120015386945868,38.305999755859375,37.82600021362305,37.81800003051758,37.93700008392334,38.03360000610351,38.162666702270506,1
2024-07-31,39.380001068115234,41.45000076293945,39.25,41.09000015258789,42405480,Textiles,-0.034330499094874845,0.07256587521907631,0.0048485033439866765,0.03371079110208086,38.69199981689453,37.966000366210935,37.90733337402344,37.9730001449585,38.07760009765625,38.17433344523112,0
2024-08-01,38.41999816894531,39.68000030517578,38.310001373291016,39.63999938964844,16680980,Textiles,-0.024377929739245352,-0.035288409772569196,-0.04270206092122042,-0.023949009597681092,38.90399932861328,38.05200004577637,37.95,37.975,38.066800079345704,38.168999989827476,0
2024-08-02,38.209999084472656,38.400001525878906,37.70000076293945,38.0,11198818,Textiles,-0.005465879606480484,-0.041372336400103626,-0.032258033504347416,-0.015922750939310615,38.99599914550781,38.175,37.97666651407878,37.97099990844727,38.06960006713867,38.13333333333333,0
2024-08-05,36.630001068115234,37.61000061035156,36.400001525878906,37.09999847412109,17105158,Textiles,-0.04135038090067589,-0.023684250681024088,-0.020572939691029357,-0.03448273768573751,38.683999633789064,38.113999938964845,37.904666646321616,37.89300003051758,38.0116000366211,38.06733334859212,0
2024-08-06,37.709999084472656,39.75,37.0,37.0,58679431,Textiles,0.029483974470792873,-0.002695376771803426,0.05689974355010885,0.01648347387278326,38.06999969482422,38.1879997253418,37.90733337402344,37.88099994659424,37.96360000610352,38.0396666208903,1
2024-08-07,38.84000015258789,39.25,38.130001068115234,39.18000030517578,19614446,Textiles,0.029965555437537095,0.05891892716691305,-0.012578616352201255,0.030540569408519902,37.96199951171875,38.32699966430664,37.964666748046874,37.920999908447264,37.97080001831055,38.05833333333333,1
2024-08-08,38.0099983215332,38.7400016784668,37.790000915527344,37.880001068115234,12607945,Textiles,-0.02136976899572396,-0.03318017424539976,-0.012993587809763119,-0.00891686711417905,37.87999954223633,38.39199943542481,37.994666544596356,37.93249988555908,37.95599990844727,38.03566665649414,0
2024-08-09,37.880001068115234,38.59999847412109,37.59999847412109,38.59000015258789,8067085,Textiles,-0.003420080482990251,0.018743375513531557,-0.0036139183861607638,-0.005027849611090818,37.81399993896484,38.404999542236325,38.054666646321614,37.93599987030029,37.93959991455078,38.02700004577637,0
2024-08-12,37.459999084472656,37.79999923706055,36.93000030517578,37.70000076293945,8757033,Textiles,-0.011087697249198558,-0.023062953773757666,-0.02072536965505034,-0.01781910096103978,37.97999954223633,38.33199958801269,38.06933314005534,37.92349987030029,37.91039993286133,38.00633328755696,0
2024-08-13,37.09000015258789,37.790000915527344,37.0,37.54999923706055,8330345,Textiles,-0.00987717407708455,-0.003978820234570524,-0.00026450586600546,0.001895469651929771,37.85599975585937,37.962999725341795,38.07733306884766,37.894499969482425,37.87599990844726,37.94566663106283,0
2024-08-14,36.83000183105469,37.20000076293945,36.59999847412109,37.09999847412109,7966373,Textiles,-0.007009930451970181,-0.011984041866379691,-0.015612599584390763,-0.010810852050781472,37.454000091552736,37.707999801635744,38.035999806722,37.83700008392334,37.82759994506836,37.884666697184244,0
2024-08-16,37.09000015258789,37.34999847412109,36.95000076293945,37.22999954223633,4735354,Textiles,0.007059416470459601,0.0035040720609711418,0.004032196454443859,0.009562904464759603,37.27000045776367,37.575,38.01799977620443,37.813500022888185,37.8,37.84166666666667,1
2024-08-19,37.18000030517578,37.43999862670898,37.09000015258789,37.09000015258789,5295904,Textiles,0.002426534166018568,-0.003760391925055284,0.002409642738011142,0.0037888873276792356,37.130000305175784,37.47200012207031,37.97999979654948,37.823500061035155,37.77479995727539,37.804666646321614,1
2024-08-20,37.27000045776367,37.88999938964844,37.16999816894531,37.45000076293945,5517356,Textiles,0.0024206603509726587,0.009706136664074494,0.012019251587750857,0.002156862119932823,37.092000579833986,37.53600006103515,37.91866658528646,37.825,37.75720001220703,37.774000040690105,1
2024-08-21,37.91999816894531,38.34000015258789,37.2400016784668,37.290000915527344,12429670,Textiles,0.017440238883770665,-0.0042723589893873815,0.01187650488752423,0.0018833336822698943,37.258000183105466,37.55699996948242,37.72799987792969,37.87249984741211,37.767200012207034,37.772999954223636,1
2024-08-22,38.02999877929688,38.4900016784668,38.0,38.34000015258789,6947269,Textiles,0.002900860117700521,0.028157661873999373,0.0039124028503370045,0.020408117273868376,37.497999572753905,37.47599983215332,37.6379997253418,37.90149974822998,37.769199981689454,37.77266654968262,1
2024-08-23,37.7400016784668,38.31999969482422,37.63999938964844,38.31999969482422,5822225,Textiles,-0.007625482780397985,-0.0005216603464808234,-0.004416782962565757,-0.009473700272409569,37.62799987792969,37.44900016784668,37.59266662597656,37.92049980163574,37.77639999389648,37.77133331298828,0
2024-08-26,37.40999984741211,37.9900016784668,37.31999969482422,37.9900016784668,5098106,Textiles,-0.008744086284526498,-0.008611639326343568,-0.008611639326343568,-0.008501586078989765,37.67399978637695,37.40200004577637,37.53933334350586,37.90349979400635,37.79360000610352,37.757999928792316,0
2024-08-27,37.56999969482422,37.900001525878906,37.400001525878906,37.4900016784668,4867560,Textiles,0.004276927240436157,-0.013161357670679052,-0.002369048397249829,0.002143671803560565,37.73399963378906,37.41300010681152,37.60199991861979,37.87249984741211,37.80679992675781,37.753333282470706,1
2024-08-28,37.47999954223633,38.25,37.400001525878906,37.61000061035156,6865438,Textiles,-0.0023955324279730794,0.0032008249269748212,0.009234787863586336,0.0,37.645999908447266,37.452000045776366,37.586666615804035,37.70749988555908,37.82719985961914,37.746999994913736,0
2024-08-29,37.04999923706055,37.650001525878906,36.90999984741211,37.56999969482422,6747546,Textiles,-0.011472793768079192,-0.001063571254405482,-0.015686234617544925,-0.013101648622333317,37.45,37.47399978637695,37.467333221435545,37.59099979400635,37.811199798583985,37.71599998474121,0
2024-08-30,36.97999954223633,37.29999923706055,36.91999816894531,37.220001220703125,4855011,Textiles,-0.0018893305334861665,-0.009315903033379924,-0.009296209153611401,0.00027088381399442696,37.29799957275391,37.462999725341795,37.39866663614909,37.518999862670896,37.79599975585938,37.69666659037272,0
2024-09-02,36.86000061035156,37.150001525878906,36.79999923706055,36.97999954223633,4413356,Textiles,-0.003244968452411956,-0.006448191042328633,-0.004021386441011132,-0.0032502420865692105,37.1879997253418,37.430999755859375,37.330666605631514,37.451499938964844,37.76039978027344,37.692666625976564,0
2024-09-03,36.90999984741211,37.18000030517578,36.84999847412109,36.880001068115234,3409315,Textiles,0.0013564632727245396,-0.0027041231843953906,0.0008075041201809352,0.0013586749482914495,37.055999755859375,37.39499969482422,37.293999989827476,37.46549987792969,37.709199829101564,37.68166656494141,1
2024-09-04,36.90999984741211,37.63999938964844,36.68999862670898,36.709999084472656,6601936,Textiles,0.0,-0.004609598121447789,0.012372218415733105,-0.004341922768992035,36.94199981689453,37.2939998626709,37.28199996948242,37.42549991607666,37.55439987182617,37.67966651916504,0
2024-09-05,37.38999938964844,38.040000915527344,37.0099983215332,37.04999923706055,11366570,Textiles,0.013004593449489787,0.009261785918477594,0.010627033272187392,0.008721714548969084,37.00999984741211,37.22999992370605,37.31933314005534,37.35299987792969,37.4747998046875,37.67766647338867,1
2024-09-06,36.86000061035156,37.58000183105469,36.79999923706055,37.400001525878906,6139499,Textiles,-0.014174880661902534,0.009446755628222947,-0.012092509816026054,-0.005674117643784782,36.986000061035156,37.14199981689453,37.30399983723958,37.29549999237061,37.41239990234375,37.660999806722,0
2024-09-09,36.380001068115234,36.93999862670898,36.27000045776367,36.84999847412109,4596158,Textiles,-0.013022233702880803,-0.01470596335075669,-0.017030419722248058,-0.01440214104034887,36.89000015258789,37.03899993896484,37.25066655476888,37.220499992370605,37.339199981689454,37.61533317565918,0
2024-09-10,36.90999984741211,37.04999923706055,36.4900016784668,36.5,4579394,Textiles,0.014568410218145589,-0.00949792370729352,0.002977818474309224,0.006065652548290279,36.89000015258789,36.97299995422363,37.22666651407878,37.19300003051758,37.35039993286133,37.572666549682616,1
2024-09-11,36.5,37.31999969482422,36.45000076293945,37.0,5129130,Textiles,-0.011108096697563519,0.013698630136986356,0.007287461898071834,-0.0010962157765793679,36.80800018310547,36.875,37.13199996948242,37.163500022888186,37.301999969482424,37.429999923706056,0
2024-09-12,36.5099983215332,36.90999984741211,36.470001220703125,36.79999923706055,3759542,Textiles,0.00027392661734793045,-0.005405426025390625,-0.01098606245350453,0.0005487093921821007,36.63199996948242,36.82099990844726,37.03066660563151,37.14749984741211,37.20879989624024,37.334333165486655,1
2024-09-13,36.650001525878906,37.09000015258789,36.56999969482422,36.59000015258789,4026588,Textiles,0.0038346538149012233,-0.0057064969789774045,0.004876735462473913,0.0027419377782835763,36.59000015258789,36.78800010681152,36.95799992879232,37.12549991607666,37.15440002441406,37.27533327738444,1
2024-09-16,36.630001068115234,36.90999984741211,36.59999847412109,36.88999938964844,3771198,Textiles,-0.0005457150595082894,0.008198940579652536,-0.004853068332037247,0.0008203111716491573,36.64000015258789,36.76500015258789,36.90600001017253,37.09799995422363,37.10440002441406,37.22266667683919,0
2024-09-17,36.47999954223633,36.77999877929688,36.400001525878906,36.70000076293945,3487277,Textiles,-0.004095045632130145,-0.0051504101342516595,-0.0035221096898579995,-0.005464397720770231,36.55400009155274,36.72200012207031,36.833333333333336,37.05849990844727,37.06520004272461,37.21766662597656,0
2024-09-18,36.15999984741211,36.56999969482422,36.09999847412109,36.47999954223633,3948785,Textiles,-0.008771921569070362,-0.005994583545766208,-0.005709600093594114,-0.008241841735762812,36.486000061035156,36.64700012207031,36.74533335367838,36.970499992370605,37.028000030517575,37.16599998474121,0
2024-09-19,35.79999923706055,36.45000076293945,35.52000045776367,36.27999877929688,5581953,Textiles,-0.009955769133592196,-0.005482477123057161,-0.003281348998801059,-0.016066427725009325,36.344000244140624,36.488000106811526,36.662000020345054,36.859000015258786,36.98679992675781,37.0646666208903,0
2024-09-20,36.09000015258789,36.25,35.79999923706055,35.79999923706055,3579911,Textiles,0.008100584405240197,-0.013230417816613715,-0.005486989266206055,0.0078828484146507,36.23199996948242,36.41100006103515,36.60266672770182,36.77649993896485,36.94679992675781,37.00066668192546,1
2024-09-23,36.38999938964844,36.63999938964844,36.119998931884766,36.34000015258789,5395829,Textiles,0.00831253077839178,0.015083824777524901,0.010758603852370596,0.008938539152060887,36.183999633789064,36.41199989318848,36.57133331298828,36.72549991607666,36.91519989013672,36.9509999593099,1
2024-09-24,36.150001525878906,36.68999862670898,36.09999847412109,36.38999938964844,4129321,Textiles,-0.006595159873451384,0.0013758733310569315,0.0013646080211089373,-0.0005537225458227546,36.11800003051758,36.33600006103516,36.5206667582194,36.654500007629395,36.870399932861325,36.90733337402344,0
2024-09-25,35.91999816894531,36.150001525878906,35.810001373291016,36.09999847412109,3318314,Textiles,-0.006362471569162698,-0.007969247606248842,-0.01471782831948576,-0.00803316102736018,36.06999969482422,36.27799987792969,36.45466664632161,36.576499938964844,36.79039993286133,36.86833330790202,0
2024-09-26,35.70000076293945,36.02999877929688,35.61000061035156,36.0,3045484,Textiles,-0.006124649699900564,-0.0027700409514634927,-0.003319577911943261,-0.005585053204958057,36.05,36.197000122070314,36.342000071207686,36.50900001525879,36.697200012207034,36.830666605631514,0
2024-09-27,35.66999816894531,36.29999923706055,35.599998474121094,35.7599983215332,4289366,Textiles,-0.0008404087773937752,-0.006666713290744308,0.007493768162956771,-0.0002808799791921279,35.965999603271484,36.09899978637695,36.26266657511393,36.44349994659424,36.61439987182617,36.783333206176756,0
2024-09-30,36.65999984741211,37.34999847412109,35.47999954223633,35.75,27210703,Textiles,0.02775446395533332,-0.000279595134297983,0.028925599425041915,-0.00337075665809361,36.01999969482422,36.10199966430664,36.28133316040039,36.43349990844727,36.58439987182617,36.76599985758464,1
2024-10-01,36.970001220703125,37.38999938964844,36.65999984741211,36.65999984741211,13756115,Textiles,0.008456120419566782,0.025454541186352708,0.0010709750244051186,0.03325818264938474,36.183999633789064,36.15099983215332,36.285333251953126,36.436499977111815,36.56039993286133,36.75599988301595,1
2024-10-03,35.91999816894531,36.79999923706055,35.849998474121094,36.04999923706055,7119542,Textiles,-0.02840148815493715,-0.016639405698050558,-0.015779624557876737,-0.02209496390241239,36.183999633789064,36.12699966430664,36.246666463216144,36.386999893188474,36.497999877929686,36.68933321634928,0
2024-10-04,35.59000015258789,36.36000061035156,35.209999084472656,35.93000030517578,6371474,Textiles,-0.00918702764975976,-0.003328680566556108,-0.011956484669322198,-0.017852145519906548,36.16199951171875,36.10599975585937,36.185333251953125,36.29699993133545,36.43959991455078,36.60799992879232,0
2024-10-07,34.13999938964844,35.81999969482422,34.0,35.58000183105469,9021687,Textiles,-0.04074180266149896,-0.009741120822386318,-0.0148515100787322,-0.034365212040185944,35.85599975585937,35.91099967956543,36.01799977620443,36.160999870300294,36.325999908447265,36.48799985249837,0
2024-10-08,34.97999954223633,35.099998474121094,33.86000061035156,34.0,5712367,Textiles,0.024604574329388784,-0.04440701938569436,-0.020100536762627685,-0.004117629107306953,35.51999969482422,35.76999969482422,35.907999674479164,36.09099979400635,36.250799865722655,36.406999842325845,1
2024-10-09,35.2599983215332,35.720001220703125,35.119998931884766,35.209999084472656,4086107,Textiles,0.008004539249887532,0.035588208366842844,0.01766389668190871,0.03721199937450681,35.177999114990236,35.68099937438965,35.826666259765624,36.008499717712404,36.1847998046875,36.32999979654948,1
2024-10-10,35.08000183105469,35.470001220703125,35.0,35.29999923706055,3205589,Textiles,-0.005104835480624237,0.002556096419428222,-0.006998879939990044,-0.0034168261826403867,35.00999984741211,35.59699974060059,35.75466639200847,35.937499809265134,36.111599884033204,36.249999872843425,0
2024-10-11,35.29999923706055,35.56999969482422,34.959999084472656,35.11000061035156,3648992,Textiles,0.0062713054310934435,-0.005382397473524869,0.0028192407860061497,-0.0011428833007812722,34.95199966430664,35.556999588012694,35.72133305867513,35.876999855041504,36.02799987792969,36.19166653951009,1
2024-10-14,35.0099983215332,35.52000045776367,35.0,35.45000076293945,3052445,Textiles,-0.008215323563601662,0.009683854932421854,-0.001405657506030944,0.0011441909775424808,35.125999450683594,35.49099960327148,35.649332936604814,35.79499969482422,35.953999786376954,36.12599983215332,0
2024-10-15,34.68000030517578,35.09000015258789,34.61000061035156,35.02000045776367,2976038,Textiles,-0.00942582211306342,-0.012129768573244104,-0.012105864291502177,-0.011142839704241125,35.065999603271486,35.29299964904785,35.535332997639976,35.697499656677245,35.88599975585937,36.05333315531413,0
2024-10-16,36.02000045776367,36.59999847412109,34.5,34.68000030517578,10397354,Textiles,0.03863898906563468,-0.009708742094334144,0.04303215488649226,-0.0031782897547439903,35.21800003051758,35.19799957275391,35.526666259765626,35.674499702453616,35.850399780273435,36.02366650899251,1
2024-10-17,35.65999984741211,36.400001525878906,35.41999816894531,36.400001525878906,8212471,Textiles,-0.009994464346931187,0.04959634387449596,-0.005464397720770231,0.026666613592617683,35.33399963378906,35.17199974060058,35.50933303833008,35.64949970245361,35.81679977416992,35.98199984232585,0
2024-10-18,35.130001068115234,35.4900016784668,34.79999923706055,35.290000915527344,4503465,Textiles,-0.01486255697040717,-0.030494520984082896,-0.024999994760031452,-0.01750420564471833,35.3,35.12599983215332,35.47133305867513,35.61599979400635,35.7615998840332,35.9066665649414,0
2024-10-21,33.959999084472656,35.25,33.79999923706055,35.0,5479263,Textiles,-0.03330492308764821,-0.008217651119406644,-0.006762515275180014,-0.028735632813895018,35.09000015258789,35.10799980163574,35.35733311971028,35.50949974060059,35.65399978637695,35.80999984741211,0
2024-10-22,33.099998474121094,34.15999984741211,33.0,34.0,4867897,Textiles,-0.025323929138289514,-0.02857142857142858,-0.030921990144337275,-0.023668617015333404,34.773999786376955,34.91999969482422,35.119999694824216,35.34499969482422,35.512799682617185,35.700666427612305,0
2024-10-23,33.150001525878906,33.77000045776367,32.220001220703125,33.0,7126515,Textiles,0.0015106662858883624,-0.02941176470588236,-0.011416844010260774,-0.023636326645359862,34.2,34.70900001525879,34.865333048502606,35.19499969482422,35.37959976196289,35.57533315022786,1
2024-10-24,33.06999969482422,33.560001373291016,33.0,33.38999938964844,3192877,Textiles,-0.002413328125859482,0.011818163322679931,-0.0062185099681980605,0.024208527304327987,33.68199996948242,34.50799980163574,34.675333150227864,35.052499771118164,35.25599975585938,35.46099980672201,0
2024-10-25,31.940000534057617,33.150001525878906,31.799999237060547,32.779998779296875,6962439,Textiles,-0.03416991748395626,-0.018268961410663476,-0.012216919863966669,-0.03636365948301368,33.0439998626709,34.17199993133545,34.431999842325844,34.864499759674075,35.101599807739255,35.30866654713949,0
2024-10-28,32.81999969482422,33.060001373291016,31.770000457763672,32.13999938964844,5101016,Textiles,0.02755163262531135,-0.01952408216844248,-0.002714936604682583,-0.000943357862157268,32.81599998474121,33.95300006866455,34.3439998626709,34.72199983596802,34.97079978942871,35.180999819437666,1
2024-10-29,33.099998474121094,33.400001525878906,32.70000076293945,32.900001525878906,3476008,Textiles,0.008531346188312972,0.02364661327514672,0.010284335706730374,0.02927290814528516,32.81599998474121,33.79499988555908,34.21866645812988,34.54399976730347,34.839199752807616,35.06333306630452,1
2024-10-30,33.720001220703125,33.849998474121094,32.91999816894531,33.099998474121094,3819565,Textiles,0.01873120166657327,0.006078934315090212,0.01347296190670888,0.006727749262171123,32.929999923706056,33.564999961853026,34.11599998474121,34.38149976730347,34.74199974060058,34.97133312225342,1
2024-10-31,34.630001068115234,34.79999923706055,33.5,33.7599983215332,5627478,Textiles,0.026986945862071732,0.019939573348564554,0.028065016418412636,0.017618525617107306,33.24200019836426,33.46200008392334,34.08599993387858,34.31699991226196,34.69039985656738,34.92033316294352,1
2024-11-01,35.130001068115234,35.470001220703125,35.0,35.34000015258789,1590869,Textiles,0.014438347807628649,0.04680100443153501,0.019252930986534356,0.04477611940298498,33.880000305175784,33.46200008392334,34.07466672261556,34.29399995803833,34.66759986877442,34.897999890645345,1
2024-11-04,34.119998931884766,35.400001525878906,33.849998474121094,35.400001525878906,5115354,Textiles,-0.028750415756382375,0.0016978317213340866,-0.0019734900596327654,-0.032857186453683074,34.14000015258789,33.47800006866455,34.01533342997233,34.29299993515015,34.605599899291995,34.832333183288576,0
2024-11-05,34.04999923706055,34.540000915527344,33.849998474121094,34.119998931884766,4209329,Textiles,-0.00205157376950571,-0.036158263808503066,-0.024293801505145818,0.0,34.33000030517578,33.5730001449585,33.97333335876465,34.246499919891356,34.501199874877926,34.75433317820231,0
2024-11-06,34.25,34.66999816894531,33.84000015258789,34.310001373291016,7059141,Textiles,0.005873737662871026,0.005568653204988561,0.0037636725527570025,-0.0002953714027741361,34.43600006103516,33.682999992370604,33.85533332824707,34.196000003814696,34.392399826049804,34.690999794006345,1
2024-11-07,34.029998779296875,34.70000076293945,34.0,34.540000915527344,4582107,Textiles,-0.0064233933052006975,0.006703571350346049,0.0008653762785892916,0.004728127857288822,34.315999603271486,33.77899990081787,33.74666659037272,34.14349985122681,34.316799850463866,34.6279998143514,0
2024-11-08,33.380001068115234,34.18000030517578,33.15999984741211,34.099998474121094,3816049,Textiles,-0.019100726843901183,-0.012738923848969796,-0.014985603640650269,-0.024705886840820312,33.965999603271484,33.922999954223634,33.62999992370605,34.04749994277954,34.22839988708496,34.55066649119059,0
2024-11-11,32.84000015258789,33.45000076293945,32.720001220703125,33.380001068115234,4522121,Textiles,-0.016177378617376892,-0.02111429437606205,-0.021357505433543977,-0.013268957440701667,33.70999984741211,33.925,33.55533332824707,33.939000034332274,34.17639991760254,34.45633322397868,0
2024-11-12,32.70000076293945,33.15999984741211,32.599998474121094,32.900001525878906,2827263,Textiles,-0.004263075182641463,-0.014379854010694637,-0.008669683375572501,-0.003667565467757372,33.44000015258789,33.885000228881836,33.5286668141683,33.84000005722046,34.085199966430665,34.32433325449626,0
2024-11-13,31.71999931335449,32.7400016784668,31.600000381469727,32.70000076293945,4987387,Textiles,-0.02996946259082811,-0.006079050263329999,-0.012665807324425904,-0.030674789553907456,32.93400001525879,33.685000038146974,33.43333333333333,33.625,33.943600006103516,34.14933319091797,0
2024-11-14,31.780000686645508,32.36000061035156,31.64999961853028,31.790000915527344,3788739,Textiles,0.0018915944069948232,-0.027828740861787882,-0.011606629463466467,0.0015822543182586468,32.48400039672852,33.4,33.347333399454754,33.43100004196167,33.81159996032715,34.011333274841306,1
2024-11-18,31.61000061035156,32.349998474121094,31.31999969482422,31.950000762939453,4934890,Textiles,-0.005349278559499404,0.005033024309664569,-0.00030908949449370837,-0.01042653799947768,32.130000305175784,33.047999954223634,33.32533340454101,33.255000019073485,33.664000015258786,33.87866662343343,0
2024-11-19,31.8700008392334,32.13999938964844,31.6299991607666,31.6299991607666,3213034,Textiles,0.008225252257562321,-0.010015699359357755,-0.00649147123270033,0.00989781190814032,31.936000442504884,32.8230001449585,33.26200014750163,33.15050010681152,33.538400115966795,33.80300000508626,1
2024-11-21,31.26000022888184,31.8700008392334,31.200000762939453,31.8700008392334,3599511,Textiles,-0.019140275942528984,0.007587786431701549,-0.008400701790367782,-0.013594638293905281,31.64800033569336,32.544000244140626,33.13933359781901,33.05850019454956,33.40160011291504,33.679000027974446,0
2024-11-22,31.440000534057617,31.56999969482422,31.06999969482422,31.26000022888184,4354038,Textiles,0.005758167109975565,-0.019140275942528984,-0.009413276953537553,-0.004166700799240197,31.592000579833986,32.263000297546384,32.98733355204264,32.9730001449585,33.218400115966794,33.551666768391925,1
2024-11-25,31.920000076293945,32.38999938964844,31.8799991607666,32.0,4285231,Textiles,0.015267160753269282,0.023672417328853834,0.02597401655846876,0.02607014721269274,31.620000457763673,32.05200042724609,32.80666681925456,32.91550016403198,33.06880012512207,33.44633337656657,1
2024-11-26,31.96999931335449,32.15999984741211,31.82999992370605,31.920000076293945,2741239,Textiles,0.0015663921347441878,-0.002499997615814209,-0.007100943086458811,-0.0015683575400492478,31.69200019836426,31.91100025177002,32.59600003560384,32.91700010299682,32.94240005493164,33.3353333791097,1
2024-11-27,32.650001525878906,32.75,32.02000045776367,32.040000915527344,4478799,Textiles,0.021270010232385728,0.00375942477902802,0.018345775975971312,0.005969228228496215,31.84800033569336,31.89200038909912,32.49800020853679,32.90850019454956,32.89000015258789,33.256666819254555,1
2024-11-28,33.06999969482422,33.33000183105469,32.459999084472656,32.70000076293945,4940849,Textiles,0.012863649289952317,0.020599245585297687,0.01770997957418885,0.013741368532750986,32.21000022888184,31.929000282287596,32.43266690572103,32.90700025558472,32.88880020141602,33.20300013224284,1
2024-11-29,33.95000076293945,34.119998931884766,33.0,33.29999923706055,8437208,Textiles,0.026610253288056773,0.018348576762148072,0.02370228195109214,0.01663588819340589,32.7120002746582,32.152000427246094,32.41266695658366,32.91850023269653,32.92080017089844,33.13400014241537,1
2024-12-02,33.959999084472656,34.27000045776367,33.619998931884766,34.22999954223633,5417462,Textiles,0.00029450136402120464,0.02792793773222546,0.004396293393160944,0.018787846420750487,33.12000007629395,32.37000026702881,32.40800031026205,32.8850001335144,32.95640014648438,33.07733345031738,1
2024-12-03,34.33000183105469,34.619998931884766,33.869998931884766,33.900001525878906,4996422,Textiles,0.010895251959862629,-0.009640608260898076,0.010212969636590907,0.007436050206500955,33.592000579833986,32.642000389099124,32.47133369445801,32.845000171661376,33.052000198364254,33.05066680908203,1
2024-12-04,34.709999084472656,34.93000030517578,34.27000045776367,34.45000076293945,5770997,Textiles,0.011068955233035416,0.016224165554703074,0.008954401584498894,0.011809906657609837,34.00400009155273,32.92600021362305,32.596000289916994,32.87450017929077,33.12760017395019,33.07566680908203,1
2024-12-05,34.349998474121094,35.099998474121094,34.0,34.97999954223633,3955812,Textiles,-0.010371668678971768,0.015384579609851068,0.00486682414715367,-0.007878624282378843,34.25999984741211,33.23500003814697,32.7060001373291,32.8895001411438,33.1776001739502,33.1173334757487,0
2024-12-06,34.459999084472656,34.68000030517578,34.20000076293945,34.349998474121094,3401707,Textiles,0.0032023468773785257,-0.018010322365914933,-0.011965760319191276,0.005882375380572125,34.36199951171875,33.53699989318848,32.88866678873698,32.90000009536743,33.207200088500976,33.16100006103515,1
2024-12-09,37.9900016784668,39.27000045776367,34.40999984741211,34.47999954223633,218173550,Textiles,0.10243768681888121,0.0037846018599732023,0.13235294441167755,0.006140323970408312,35.168000030517575,34.14400005340576,33.3026668548584,33.09800024032593,33.34160011291504,33.32500012715658,1
2024-12-10,37.560001373291016,40.20000076293945,37.0,38.790000915527344,141049346,Textiles,-0.011318775629839184,0.12500004148815247,0.02368220764794815,0.07526882197247886,35.81399993896484,34.70300025939942,33.699333572387694,33.30700025558472,33.43880012512207,33.51233348846436,0
2024-12-11,36.68000030517578,37.68999862670898,36.45000076293945,37.560001373291016,32027101,Textiles,-0.023429207559640952,-0.03170919085345958,-0.06243786290035236,-0.01486484424487966,36.20800018310547,35.106000137329104,34.02000020345052,33.499000263214114,33.541200180053714,33.64100017547607,0
2024-12-12,36.08000183105469,37.09000015258789,36.0,36.68000030517578,24588164,Textiles,-0.016357646377566426,-0.023429207559640952,-0.015919302095593557,-0.01234569968505983,36.55400085449219,35.407000350952146,34.34133364359538,33.668000316619874,33.62240028381348,33.7403336207072,0
2024-12-13,36.56999969482422,36.900001525878906,35.189998626708984,36.09999847412109,21359885,Textiles,0.01358087136646935,-0.01581248163110982,-0.005122637528372387,-0.022500038146972656,36.9760009765625,35.669000244140626,34.68333358764649,33.91050033569336,33.71520027160645,33.835333569844565,1
2024-12-16,36.790000915527344,37.34000015258789,36.40999984741211,36.59999847412109,19500983,Textiles,0.0060158934246385964,0.013850416097896279,0.011924081531552222,0.03466897608166297,36.73600082397461,35.95200042724609,35.00800031026204,34.16100034713745,33.82560035705566,33.907333564758304,1
2024-12-17,36.02000045776367,37.20000076293945,35.79999923706055,37.20000076293945,11854304,Textiles,-0.02092961235667412,0.01639350584242827,-0.0037493141155955367,-0.016753655943640977,36.42800064086914,36.12100028991699,35.27800038655599,34.38150033950806,33.9312003326416,33.93700021107991,0
2024-12-18,35.13999938964844,35.84000015258789,35.02000045776367,35.79999923706055,11215007,Textiles,-0.024430901080834455,-0.03763444884855105,-0.03655915544245003,-0.021787675863674694,36.12000045776367,36.16400032043457,35.444000244140625,34.54500026702881,34.023200302124025,33.9710002263387,0
2024-12-19,34.869998931884766,35.13999938964844,34.15999984741211,34.15999984741211,11479993,Textiles,-0.007683564668564236,-0.04581003979326048,-0.01953127120421927,-0.024557412881498264,35.87799987792969,36.216000366210935,35.564000193278,34.72550020217896,34.11000022888184,33.99833354949951,0
2024-12-20,34.27000045776367,35.470001220703125,34.060001373291016,34.869998931884766,14205622,Textiles,-0.017206724763402903,0.020784516617216697,0.009391059669508595,-0.002927355812873955,35.418000030517575,36.19700050354004,35.585333506266274,34.86700019836426,34.2120002746582,33.999000231424965,0
2024-12-23,33.560001373291016,34.84000015258789,33.43000030517578,34.349998474121094,10236689,Textiles,-0.02071780201309603,-0.014912545847203584,-0.017761518083836858,-0.01849680101919393,34.77200012207031,35.75400047302246,35.5586669921875,34.94900026321411,34.28320030212402,33.983333651224775,0
2024-12-24,33.439998626708984,34.06999969482422,33.349998474121094,33.54999923706055,8501681,Textiles,-0.0035757670343106174,-0.023289644034868218,-0.022101046337293928,-0.0023931148765888866,34.25599975585938,35.34200019836426,35.49933344523112,35.02250022888184,34.35640022277832,33.98533356984456,0
2024-12-26,33.34000015258789,33.689998626708984,33.20000076293945,33.5099983215332,5544561,Textiles,-0.002990385114466587,-0.001192277688136456,-0.011153538935104956,-0.004497682699986849,33.895999908447266,35.008000183105466,35.40800018310547,35.057000160217285,34.4152001953125,34.00200023651123,0
2024-12-27,33.16999816894531,33.619998931884766,33.11000061035156,33.29999923706055,5085856,Textiles,-0.005099039678000183,-0.006266759026893554,-0.0020777589099907345,-0.002710847907219205,33.555999755859375,34.71699981689453,35.32933349609375,35.06200008392334,34.49160011291504,34.017666816711426,0
2024-12-30,32.869998931884766,33.439998626708984,32.68000030517578,33.25,5797218,Textiles,-0.009044294652431284,-0.0015014786248073175,-0.005353965225890378,-0.01298702196463708,33.27599945068359,34.34699974060059,35.22333348592122,35.00799999237061,34.54880004882813,34.0560001373291,0
2024-12-31,33.439998626708984,33.54999923706055,32.45000076293945,32.75,6588604,Textiles,0.017341031741601398,-0.015037593984962405,0.0032894920714412468,-0.007037929623271766,33.25199890136719,34.01199951171875,34.91999994913737,34.98199996948242,34.60959999084473,34.11133340199788,1
2025-01-01,33.86000061035156,34.040000915527344,33.400001525878906,33.529998779296875,5252775,Textiles,0.0125598684476953,0.0238167566197518,0.014605117425025904,0.02927583175974635,33.3359992980957,33.79599952697754,34.673333231608076,34.958499908447266,34.68520004272461,34.186333401997885,1
2025-01-02,34.029998779296875,34.279998779296875,33.63999938964844,34.18000030517578,6186333,Textiles,0.005020619193176978,0.0193856710272311,0.007050465843555731,0.007185564455246318,33.4739990234375,33.68499946594238,34.496666463216144,34.924499893188475,34.74039993286133,34.25833333333333,1
2025-01-03,34.09000015258789,34.869998931884766,33.970001220703125,34.34000015258789,7193494,Textiles,0.0017631905801747116,0.004681095552473646,0.01721120693108702,0.00980980490612704,33.657999420166014,33.6069995880127,34.363999684651695,34.911499977111816,34.78119995117188,34.35266666412353,1
2025-01-06,32.58000183105469,34.25,32.439998626708984,34.18000030517578,6716452,Textiles,-0.04429446508578483,-0.004659284994209645,-0.017780296841874765,-0.04503981569072413,33.6,33.4379997253418,34.097999827067056,34.81750011444092,34.726399993896486,34.39066670735677,0
2025-01-07,32.95000076293945,33.09000015258789,32.16999816894531,32.45000076293945,6974467,Textiles,0.01135662710528429,-0.05061438053803524,-0.03386860868356523,-0.008323072416574373,33.502000427246095,33.37699966430664,33.84199981689453,34.56550006866455,34.68600006103516,34.42500006357829,1
2025-01-08,32.529998779296875,33.09000015258789,32.279998779296875,33.0099983215332,4849190,Textiles,-0.012746645642417564,0.017257243310555337,0.0,0.0034193539512772375,33.236000061035156,33.28599967956543,33.60933303833008,34.31399993896484,34.613999938964845,34.44366671244303,0
2025-01-09,32.18000030517578,32.7599983215332,32.06999969482422,32.630001068115234,3272589,Textiles,-0.010759252605439529,-0.011511580513171027,-0.009972856740191882,-0.00650554809213133,32.86600036621094,33.16999969482422,33.411999766031904,34.08899993896485,34.51279998779297,34.42800000508626,0
